scenario,expected_profile,expected_signal,n,polynomial_degree,nuisance_model,repetition,seed,raw_r,raw_p,partial_r,partial_p,legacy_partial_reject,crossfit_residual_r,crossfit_residual_p,delta_mse,delta_mse_ci_low,delta_mse_ci_high,relative_mse_improvement,crossfit_residual_reject,positive_delta_mse,delta_ci_positive,joint_increment_decision,profile_pass
null_metric,no-increment,False,100,4,polynomial_ridge,0,21265452,-0.12309630963096307,0.22241434781550112,-0.04981986405488482,0.62433902023031,False,-0.0706766917293233,0.758,-0.003340077019523772,-0.006526873408182384,-0.0005992602777670127,-0.13293207271018503,False,False,False,False,True
null_metric,no-increment,False,100,4,polynomial_ridge,1,21265453,-0.018313831383138312,0.8564845598891963,0.024295217808359523,0.8113385974964664,False,-0.08872180451127819,0.734,-0.0008951185370884018,-0.0022760277745017573,0.0004455027070815088,-0.04425877054241219,False,False,False,False,True
null_metric,no-increment,False,100,4,polynomial_ridge,2,21265454,0.09362136213621361,0.3541965594353118,0.18961753702497386,0.06013511577354506,False,0.019548872180451125,0.936,-6.852410907819476e-05,-0.00161079651933601,0.0016262235410401634,-0.002729335477305059,False,False,False,False,True
null_metric,no-increment,False,100,4,polynomial_ridge,3,21265455,-0.15967596759675967,0.11253888688350741,-0.11285017659409594,0.26607724389433995,False,-0.5203007518796992,0.022,-0.0009047696759543061,-0.0035681049752331394,0.001719740824980826,-0.03426997485966799,True,False,False,False,False
null_metric,no-increment,False,100,4,polynomial_ridge,4,21265456,-0.06136213621362136,0.544197026940863,-0.002742326511610321,0.9785081359391724,False,-0.03157894736842105,0.896,-0.0021980454486031573,-0.003134138787530925,-0.0012299346002675742,-0.10874866990604361,False,False,False,False,True
null_metric,no-increment,False,100,4,polynomial_ridge,5,21265457,0.10834683468346833,0.2832671332355324,-0.020215232476439957,0.8425719035926997,False,0.15488721804511277,0.504,-0.002689911121767915,-0.005179983334772979,-0.0008870755473363277,-0.11678276230041515,False,False,False,False,False
null_metric,no-increment,False,100,4,polynomial_ridge,6,21265458,0.09612961296129613,0.3413932741640396,0.05808283656520713,0.5679591800582895,False,0.11879699248120301,0.612,-0.0012874423574403236,-0.0027266132995487974,-0.0001555081159621134,-0.06079009561233898,False,False,False,False,True
null_metric,no-increment,False,100,4,polynomial_ridge,7,21265459,-0.045616561656165615,0.6522308644484713,-0.062122445566755016,0.5412983464110203,False,-0.12330827067669171,0.608,-0.0017589141565738584,-0.0043998069872276105,0.00024115593270339328,-0.09536630420477614,False,False,False,False,True
null_metric,no-increment,False,100,4,polynomial_ridge,8,21265460,0.17046504650465044,0.08995153638738179,0.0730243597505576,0.47256291971014114,False,0.3639097744360902,0.1,-0.000382919770858782,-0.002670033285093928,0.0018136496003889088,-0.015875755081490812,False,False,False,False,False
null_metric,no-increment,False,100,4,polynomial_ridge,9,21265461,0.14678667866786677,0.14502849130600223,0.0863656755432593,0.39532301436638373,False,0.21954887218045113,0.378,-0.0025155073120897327,-0.005441784837398689,-0.0005693605463329222,-0.11620550432690561,False,False,False,False,False
null_metric,no-increment,False,100,4,polynomial_ridge,10,21265462,0.024962496249624957,0.8052758812538446,0.12457890428040272,0.21922384789557064,False,0.16541353383458643,0.486,0.00068498615348353,-0.0011438328321103075,0.002676765427298717,0.02420118781025007,False,True,False,False,False
null_metric,no-increment,False,100,4,polynomial_ridge,11,21265463,-0.20907290729072908,0.03683633171560866,-0.0716356996696101,0.48104679522696103,False,-0.051127819548872175,0.818,-9.725076239644817e-05,-0.0026072655670378664,0.0021103950279154475,-0.004956386243411439,False,False,False,False,False
null_metric,no-increment,False,100,4,polynomial_ridge,12,21265464,0.086000600060006,0.39489639666795207,-0.0904092890078827,0.3734869156354935,False,-0.29624060150375936,0.218,-0.0015090203596176202,-0.0029125828831659314,-0.00017972170381320217,-0.056779750344788195,False,False,False,False,False
null_metric,no-increment,False,100,4,polynomial_ridge,13,21265465,-0.03042304230423042,0.7638148225331994,0.05837419377830638,0.5660157467436863,False,0.13984962406015036,0.518,-0.0012558751269586416,-0.0028794228003655217,0.0005982282638000937,-0.050739176485763086,False,False,False,False,True
null_metric,no-increment,False,100,4,polynomial_ridge,14,21265466,-0.1836423642364236,0.06741119995434598,-0.03539406123617356,0.727988227592336,False,-0.1744360902255639,0.476,-0.0006874276149543869,-0.002766286910591855,0.0009646670821970353,-0.025479600495194425,False,False,False,False,False
null_metric,no-increment,False,100,4,polynomial_ridge,15,21265467,0.11066306630663066,0.27304021645247545,-0.05344726589699002,0.5992944017929251,False,-0.03609022556390977,0.876,-0.0004792790174915351,-0.0016605344948266761,0.0006470271048323239,-0.022692221399635698,False,False,False,False,True
null_metric,no-increment,False,100,4,polynomial_ridge,16,21265468,-0.17057305730573055,0.08974509928331086,-0.03335165513206084,0.743122269095421,False,-0.11729323308270674,0.62,-0.0016809915187958914,-0.0025078859046578647,-0.0008576676567263607,-0.08399378827590004,False,False,False,False,False
null_metric,no-increment,False,100,4,polynomial_ridge,17,21265469,0.25110111011101105,0.01173702667032586,0.2325256811135958,0.020554995813663865,True,0.24661654135338343,0.288,0.0010776646138714562,-0.0026513972232515876,0.004820848272190797,0.04144437226076258,False,True,False,False,False
null_metric,no-increment,False,100,4,polynomial_ridge,18,21265470,-0.06390639063906389,0.5275989655082209,-0.07031934830844667,0.4891636788093552,False,-0.15789473684210525,0.478,-0.001082383957327182,-0.0027770542371434812,0.000781906392747311,-0.04595564487785213,False,False,False,False,False
null_metric,no-increment,False,100,4,polynomial_ridge,19,21265471,0.07774377437743775,0.441995379030029,0.1749394307765355,0.08329114614143339,False,0.4300751879699248,0.048,0.0008692636395595671,-0.0020068426784734337,0.003371551493940794,0.036729034463858105,True,True,False,False,False
null_metric,no-increment,False,100,4,polynomial_ridge,20,21265472,-0.15608760876087607,0.12095599381763468,-0.10047702902354107,0.32239710209409445,False,-0.1744360902255639,0.47,-0.0012693925933884957,-0.0038680835227524876,0.000796502877141408,-0.04901878352786924,False,False,False,False,False
null_metric,no-increment,False,100,4,polynomial_ridge,21,21265473,0.07044704470447044,0.48612858035570217,-0.08981306776741411,0.37665956629713193,False,-0.17744360902255638,0.424,-0.0009549448284440661,-0.002073918788519529,3.106699917930092e-05,-0.04321544477535531,False,False,False,False,False
null_metric,no-increment,False,100,4,polynomial_ridge,22,21265474,-0.14816681668166815,0.14124426134508203,0.05619055145398593,0.58065712125555,False,0.15939849624060148,0.54,-0.00099206966321695,-0.0018848651666062044,-0.00017697173369042514,-0.064666135401513,False,False,False,False,False
null_metric,no-increment,False,100,4,polynomial_ridge,23,21265475,0.11206720672067207,0.2669630380295626,-0.02849355128551559,0.7795055118522725,False,0.13082706766917293,0.588,-0.0002599534411060825,-0.0027473207067440926,0.002151144804266249,-0.01602292108600933,False,False,False,False,True
null_metric,no-increment,False,100,4,polynomial_ridge,24,21265476,-0.20434443444344433,0.04141756619573801,-0.10786870308656124,0.2878936684677633,False,-0.30977443609022554,0.174,-0.001332149146513497,-0.003543995468647908,0.001046322190255384,-0.07435216643986943,False,False,False,False,False
null_metric,no-increment,False,100,4,polynomial_ridge,25,21265477,0.050633063306330627,0.6168737889683762,0.015377925104175667,0.8799172639380518,False,-0.2992481203007519,0.2,-3.0331300858537497e-05,-0.0019314101089885358,0.001993685961714107,-0.0016201126042206272,False,False,False,False,False
null_metric,no-increment,False,100,4,polynomial_ridge,26,21265478,0.16991299129912987,0.09101254308684315,0.0666472332701521,0.5121851508152018,False,0.2827067669172932,0.224,-1.926711255154437e-05,-0.0030287630570674535,0.002872709978066352,-0.0007298812536136546,False,False,False,False,False
null_metric,no-increment,False,100,4,polynomial_ridge,27,21265479,0.1373297329732973,0.17304122382278017,0.14969277078213736,0.13917919615196792,False,0.29323308270676685,0.24,-0.0004491726031987629,-0.0026375076404983083,0.0014385883092635525,-0.02103739363471533,False,False,False,False,False
null_metric,no-increment,False,100,4,polynomial_ridge,28,21265480,0.06079807980798079,0.5479110930301291,-0.08490503731378783,0.40339368819441124,False,-0.2781954887218045,0.276,-0.0029060985538389393,-0.005871074658956806,-0.0003512639838417951,-0.1334438434039573,False,False,False,False,False
null_metric,no-increment,False,100,4,polynomial_ridge,29,21265481,0.026126612661266126,0.7963873014414006,-0.05613278898757068,0.5810467786763006,False,0.5413533834586466,0.01,-0.0017952710356374628,-0.0033399121435088103,-0.0005079157419766496,-0.09776578527075723,True,False,False,False,False
null_metric,no-increment,False,100,4,polynomial_ridge,30,21265482,0.023150315031503152,0.8191617827266063,-0.013660867056936202,0.8932413468216324,False,0.037593984962406006,0.884,-0.001231365507945257,-0.0031429786113039244,0.000604182841654322,-0.059612683750712214,False,False,False,False,True
null_metric,no-increment,False,100,4,polynomial_ridge,31,21265483,-0.040684068406840676,0.6877633977284969,-0.027151791361714916,0.7896423723481724,False,0.037593984962406006,0.86,-0.0011939806480425336,-0.0033281669518164156,0.0011790225082038103,-0.039281751234966474,False,False,False,False,True
null_metric,no-increment,False,100,4,polynomial_ridge,32,21265484,-0.1624122412241224,0.10643169576008342,-0.17530968904215663,0.08263023209311963,False,-0.08421052631578946,0.756,-0.00040471995428652957,-0.002331678867150689,0.0016159031798977156,-0.021449772109433766,False,False,False,False,False
null_metric,no-increment,False,100,4,polynomial_ridge,33,21265485,-0.0311071107110711,0.758664860631639,0.10755619885518965,0.289300773076069,False,0.06466165413533834,0.776,9.913195940606384e-05,-0.0015309874729165127,0.001875548601916441,0.005172230333981296,False,True,False,False,True
null_metric,no-increment,False,100,4,polynomial_ridge,34,21265486,0.07159915991599158,0.47900792363173894,-0.0114760954161606,0.9102373046735523,False,0.12330827067669171,0.568,-0.0005425077440976873,-0.002905021308936755,0.0016571615227800702,-0.032427565770954764,False,False,False,False,True
null_metric,no-increment,False,100,4,polynomial_ridge,35,21265487,-0.09576957695769577,0.34321291617986033,-0.36188632099354934,0.00023272210511021685,True,-0.5398496240601504,0.016,0.004441036732266292,-0.00021039554246704464,0.009412913071302414,0.18099182480866718,True,True,False,False,False
null_metric,no-increment,False,100,4,polynomial_ridge,36,21265488,-0.043444344434443435,0.6677892195839665,0.054433096880985944,0.5925661930307732,False,-0.306766917293233,0.188,-0.0012552235931764695,-0.003166900004940048,0.0007231584486222909,-0.06439174302516465,False,False,False,False,False
null_metric,no-increment,False,100,4,polynomial_ridge,37,21265489,0.09086108610861086,0.36862661902258476,-0.04513615707334038,0.657316156281963,False,-0.14285714285714285,0.526,0.0002638646010455839,-0.0017400906873912552,0.0022644127710475686,0.012461414402671237,False,True,False,False,True
null_metric,no-increment,False,100,4,polynomial_ridge,38,21265490,-0.17137713771377136,0.08822007020140823,-0.1635723742905095,0.10571201600362427,False,0.13533834586466165,0.554,-0.000450270757768656,-0.001916105953648655,0.0013417301004063247,-0.016380257645285987,False,False,False,False,False
null_metric,no-increment,False,100,4,polynomial_ridge,39,21265491,0.011353135313531352,0.910738106034403,0.0434052165973531,0.6696760362357935,False,-0.6345864661654135,0.002,-0.001327469196446926,-0.002935252548255063,-1.465094981892026e-05,-0.07053899665964466,True,False,False,False,False
null_metric,no-increment,False,100,4,polynomial_ridge,40,21265492,0.11501950195019502,0.25448602093728057,0.05383975752455677,0.5966115990567293,False,-0.007518796992481202,0.98,-0.0005972312156740447,-0.0030732998902874066,0.0015361797336726304,-0.024878271945422976,False,False,False,False,True
null_metric,no-increment,False,100,4,polynomial_ridge,41,21265493,0.05418541854185418,0.5923488538595146,0.13701946046616315,0.17624742522485579,False,0.3969924812030075,0.102,-0.00011319731481062786,-0.002244825087188655,0.0017388661562887746,-0.007301989734911888,False,False,False,False,False
null_metric,no-increment,False,100,4,polynomial_ridge,42,21265494,-0.02316231623162316,0.8190696340941213,-0.04442230579285926,0.66240251879032,False,-0.2120300751879699,0.368,-0.0010735966102884947,-0.002458398684690794,6.953973113732768e-05,-0.06877128861837786,False,False,False,False,False
null_metric,no-increment,False,100,4,polynomial_ridge,43,21265495,-0.028466846684668465,0.7785980703782652,-0.09353166233394417,0.3571393119770977,False,-0.22255639097744356,0.33,-0.001425839020498202,-0.0040603818125974,0.0007535855501956858,-0.06338154542361614,False,False,False,False,False
null_metric,no-increment,False,100,4,polynomial_ridge,44,21265496,0.04408040804080408,0.6632185110000923,-0.09308484308505008,0.3594510955720492,False,-0.1533834586466165,0.51,-0.001438480590861671,-0.005352858303787357,0.002070026472846639,-0.06473424548300082,False,False,False,False,False
null_metric,no-increment,False,100,4,polynomial_ridge,45,21265497,0.05137713771377138,0.6117005974654801,0.1028253075614928,0.31115911492345355,False,-0.13834586466165413,0.544,-0.0010807106025414494,-0.002225533189668687,3.5886900938845434e-06,-0.08337151130788648,False,False,False,False,True
null_metric,no-increment,False,100,4,polynomial_ridge,46,21265498,-0.13695769576957692,0.17421941362907706,-0.10813877039578972,0.286681310092866,False,-0.12481203007518797,0.604,0.001349058603313795,-0.001207854953140601,0.0037145262200855805,0.061690762935008386,False,True,False,False,True
null_metric,no-increment,False,100,4,polynomial_ridge,47,21265499,-0.14927092709270925,0.1382710571991482,-0.07951489370285843,0.43400589688711405,False,0.27368421052631575,0.252,-0.0026407685539669434,-0.004927298854715038,-0.0006109920848596661,-0.10018747296083826,False,False,False,False,False
null_metric,no-increment,False,100,4,polynomial_ridge,48,21265500,-0.14755475547554753,0.14291315938885318,-0.06770477206603162,0.5054986259839681,False,0.05864661654135337,0.826,-0.003474488133396257,-0.005339667975408578,-0.0019704647988507493,-0.17525137199119442,False,False,False,False,True
null_metric,no-increment,False,100,4,polynomial_ridge,49,21265501,0.17176117611761174,0.08749899350400257,0.00768644259752757,0.9398097838935247,False,-0.14887218045112782,0.524,0.0002913137785621328,-0.0021979619074534674,0.0023641389783077642,0.011858226445460751,False,True,False,False,False
null_metric,no-increment,False,100,4,polynomial_ridge,50,21265502,0.12595259525952593,0.21178579513829715,-0.0395394934452005,0.6975953196178344,False,-0.10526315789473684,0.65,-0.0037651266298093233,-0.005690335429765295,-0.0021146896163329407,-0.16164115557614708,False,False,False,False,True
null_metric,no-increment,False,100,4,polynomial_ridge,51,21265503,-0.18949894989498947,0.05898401932025992,-0.21932954202340868,0.029167277276414917,True,-0.025563909774436087,0.91,0.00026258246343080494,-0.0020902253953727465,0.0028712537502278432,0.011627452529808168,False,True,False,False,False
null_metric,no-increment,False,100,4,polynomial_ridge,52,21265504,-0.1525232523252325,0.12978884772949154,-0.08398573150037895,0.4085226959176585,False,0.04360902255639097,0.852,-0.0007640663820054246,-0.0028430296409212913,0.0015703595245174912,-0.03942320585227937,False,False,False,False,False
null_metric,no-increment,False,100,4,polynomial_ridge,53,21265505,-0.09047704770477047,0.3706624323309128,-0.009855548165913325,0.9228706096844496,False,0.35037593984962395,0.142,-0.0013726815116092868,-0.003076922120528984,0.000445555809494108,-0.053992693797167146,False,False,False,False,False
null_metric,no-increment,False,100,4,polynomial_ridge,54,21265506,-0.00192019201920192,0.9848726009121714,0.009439940429765937,0.9261137799305271,False,-0.03609022556390977,0.91,-0.001840906260231541,-0.0038080508311170175,-0.00042953847085467505,-0.0671454805300596,False,False,False,False,True
null_metric,no-increment,False,100,4,polynomial_ridge,55,21265507,0.14399039903990396,0.15292935041668795,0.1879923368139559,0.06240670696826432,False,-0.0781954887218045,0.74,-0.003018163949547431,-0.005312624024642939,-0.0008615252679841656,-0.1158114315821643,False,False,False,False,True
null_metric,no-increment,False,100,4,polynomial_ridge,56,21265508,-0.057497749774977486,0.5698862661319147,-0.06872751217210199,0.49907543185209724,False,-0.03308270676691729,0.898,-0.0026384609882454217,-0.0055301575974460605,0.0004258018601391578,-0.10302702671572767,False,False,False,False,True
null_metric,no-increment,False,100,4,polynomial_ridge,57,21265509,-0.189042904290429,0.05960770935608525,0.04219051703639671,0.6784028059199664,False,0.34285714285714286,0.152,-0.0040314794432350885,-0.008600910847802797,-0.0005814978819277033,-0.1427329390824508,False,False,False,False,False
null_metric,no-increment,False,100,4,polynomial_ridge,58,21265510,0.10558655865586558,0.295784270363433,0.09435164018184142,0.3529209001803494,False,-0.12932330827067667,0.562,-0.001702905556199917,-0.003617935761149062,-0.00021165451995804692,-0.06957919404712355,False,False,False,False,True
null_metric,no-increment,False,100,4,polynomial_ridge,59,21265511,-0.013813381338133812,0.8915022110012436,-0.05630704036985789,0.5798716701845624,False,-0.2526315789473684,0.26,-0.0017040229163819143,-0.005182912932975084,0.0013500257226276755,-0.08757993921546367,False,False,False,False,False
null_metric,no-increment,False,100,4,polynomial_ridge,60,21265512,0.0596099609960996,0.5557744663950045,0.014551003138501118,0.8863300970248105,False,0.07669172932330826,0.744,-0.001017441269499552,-0.002532911731487394,0.00038075860123986646,-0.03878294216676745,False,False,False,False,True
null_metric,no-increment,False,100,4,polynomial_ridge,61,21265513,-0.11345934593459345,0.2610288853012305,0.05205359941627261,0.6088637113962518,False,-0.09924812030075188,0.676,8.093221341312976e-05,-0.0015436507786774456,0.001509370669143638,0.004003645790800946,False,True,False,False,True
null_metric,no-increment,False,100,4,polynomial_ridge,62,21265514,-0.04142814281428142,0.6823571890120519,0.10933755504145679,0.28134086226805455,False,0.019548872180451125,0.952,-0.0012686924227025137,-0.0028229619862255545,0.00011655972671433243,-0.05384085408673716,False,False,False,False,True
null_metric,no-increment,False,100,4,polynomial_ridge,63,21265515,0.010465046504650462,0.9176950620392064,0.07650737813649296,0.4516452076831954,False,0.1609022556390977,0.504,-0.0025734842071150933,-0.0038626129524361925,-0.001499969571083336,-0.11463394592669224,False,False,False,False,False
null_metric,no-increment,False,100,4,polynomial_ridge,64,21265516,-0.03864386438643864,0.7026669933808878,-0.1546242880333372,0.12647298066602625,False,0.03909774436090225,0.878,-0.0006658234146128053,-0.0026640280731526095,0.0015708567727298513,-0.025234190405495138,False,False,False,False,True
null_metric,no-increment,False,100,4,polynomial_ridge,65,21265517,0.07419141914191418,0.4631935545908973,0.026227209008237093,0.7966480635217178,False,0.13233082706766916,0.516,-0.0005126331134596707,-0.0036215941788866252,0.0029490414155731834,-0.020869910886055013,False,False,False,False,True
null_metric,no-increment,False,100,4,polynomial_ridge,66,21265518,-0.06396639663966396,0.5272105924294058,-0.06573248752051991,0.5180052450033309,False,0.06466165413533834,0.76,-0.0005839897571411345,-0.001436723421721827,0.00031280513707201735,-0.031119175425821557,False,False,False,False,True
null_metric,no-increment,False,100,4,polynomial_ridge,67,21265519,-0.18513051305130512,0.06518256844831193,-0.14602664979709487,0.1492354151266761,False,-0.03609022556390977,0.882,-0.0019299148815772812,-0.004335319832228702,-0.00010053564802604255,-0.06639832534556162,False,False,False,False,False
null_metric,no-increment,False,100,4,polynomial_ridge,68,21265520,0.030891089108910887,0.7602900378654465,0.025982142153358694,0.7985077023826507,False,0.12180451127819547,0.618,-0.0010518078029617128,-0.0023283480029140024,0.00028008848645404036,-0.04279833795184457,False,False,False,False,True
null_metric,no-increment,False,100,4,polynomial_ridge,69,21265521,0.05408940894089408,0.5930058655150359,0.13546145105704893,0.1812625014609267,False,-0.21654135338345865,0.364,-0.0008492342382568525,-0.002265451396845824,0.0002655811267111451,-0.04424087798164922,False,False,False,False,False
null_metric,no-increment,False,100,4,polynomial_ridge,70,21265522,-0.04939693969396938,0.6255094014795894,-0.047450757926524804,0.6409322197423197,False,0.19097744360902258,0.448,-0.0019975997534764367,-0.004212080001063262,0.00010014335317658351,-0.06835720291767182,False,False,False,False,False
null_metric,no-increment,False,100,4,polynomial_ridge,71,21265523,-0.007764776477647763,0.9388839346156682,-0.10631843538767834,0.29491875871998113,False,0.3278195488721804,0.164,-0.0034649368542294494,-0.005926229220083729,-0.0011759200853321795,-0.14425544949115374,False,False,False,False,False
null_metric,no-increment,False,100,4,polynomial_ridge,72,21265524,-0.08704470447044703,0.38916125919432193,-0.06650640137239501,0.5130790056073846,False,0.12030075187969923,0.602,-0.00028153549586977175,-0.0012213811957957933,0.0006326006581494336,-0.017525366421327418,False,False,False,False,True
null_metric,no-increment,False,100,4,polynomial_ridge,73,21265525,-0.06707470747074708,0.5072912161777973,-0.06574986533515936,0.5178943652876842,False,0.11428571428571428,0.65,-0.0006630531715704872,-0.001512194370360176,0.00023146845484457566,-0.04095773964619078,False,False,False,False,True
null_metric,no-increment,False,100,4,polynomial_ridge,74,21265526,0.12114011401140114,0.22990713828727,-0.12666747461379818,0.21153407596413226,False,-0.09924812030075188,0.698,-0.0038865999679677105,-0.009298447515290133,-0.00026020080887510316,-0.166697107268812,False,False,False,False,True
null_metric,no-increment,False,100,4,polynomial_ridge,75,21265527,0.1373057305730573,0.17311705863634885,0.021686916774942885,0.8312749671548435,False,-0.06165413533834586,0.798,-0.003769621278445996,-0.006820857332026404,-0.001178978048942139,-0.17263473708146532,False,False,False,False,True
null_metric,no-increment,False,100,4,polynomial_ridge,76,21265528,0.10369036903690369,0.30459110426814434,0.10504808026501969,0.30075900840835373,False,-0.19548872180451127,0.412,-0.0011802584508719474,-0.0026887347348427577,8.687481344633204e-05,-0.038772572177130336,False,False,False,False,False
null_metric,no-increment,False,100,4,polynomial_ridge,77,21265529,-0.07685568556855685,0.4472430495516104,-0.05204606069354159,0.6089156560457917,False,-0.393984962406015,0.092,-0.0020819219675275447,-0.003433342757369738,-0.0009015579288695498,-0.11024937630701528,False,False,False,False,False
null_metric,no-increment,False,100,4,polynomial_ridge,78,21265530,0.044440444044404434,0.6606367641955035,0.09630127599833291,0.3430161423204883,False,-0.15037593984962402,0.506,0.0001761250343728163,-0.0019412569353656304,0.002581489565555722,0.0059064359665426305,False,True,False,False,False
null_metric,no-increment,False,100,4,polynomial_ridge,79,21265531,-0.04196819681968196,0.6784433361950373,0.15214222518012427,0.13275221096598072,False,0.47518796992481205,0.03,-0.003011941880747781,-0.005176140115940749,-0.0009807478219441817,-0.14103781590551945,True,False,False,False,False
null_metric,no-increment,False,100,4,polynomial_ridge,80,21265532,0.2508730873087308,0.011816102947139778,0.1764188733229276,0.08067534550315678,False,0.3954887218045112,0.114,-0.00015691593630194275,-0.0019255514094617368,0.0014705035283455643,-0.008949519660984543,False,False,False,False,False
null_metric,no-increment,False,100,4,polynomial_ridge,81,21265533,0.0757155715571557,0.45403077228119604,0.002304411184075853,0.9819394865528512,False,0.16691729323308271,0.486,-0.0010974897414020995,-0.002340357621685354,0.00020789520773367644,-0.05304393255156445,False,False,False,False,False
null_metric,no-increment,False,100,4,polynomial_ridge,82,21265534,0.19587158715871586,0.05081338427563565,0.14023814496559897,0.1662106487737954,False,0.015037593984962403,0.948,-0.0019189231419520884,-0.004405682047268853,-0.00012662245335161033,-0.09655055293683856,False,False,False,False,False
null_metric,no-increment,False,100,4,polynomial_ridge,83,21265535,0.07643564356435643,0.44973715529330105,0.11515218713214365,0.2563842322350677,False,0.44360902255639095,0.048,-0.002448812744188022,-0.0039862492935206165,-0.0008988975641929442,-0.11077301501807912,True,False,False,False,False
null_metric,no-increment,False,100,4,polynomial_ridge,84,21265536,0.1354095409540954,0.17918557633382595,-0.06428024535482928,0.5273138416084182,False,-0.3293233082706767,0.202,-0.0005756133905464624,-0.0026523747597950393,0.0009209645802491805,-0.03363367952306954,False,False,False,False,False
null_metric,no-increment,False,100,4,polynomial_ridge,85,21265537,-0.07159915991599158,0.47900792363173894,-0.02121185689657637,0.8349179868926351,False,0.003007518796992481,0.99,0.0015271823721746125,-0.0019616956691415506,0.005315264515941937,0.04412645241148118,False,True,False,False,True
null_metric,no-increment,False,100,4,polynomial_ridge,86,21265538,-0.0399039903990399,0.6934481152247758,0.02735347228835252,0.7881164078443463,False,0.09924812030075188,0.71,-0.0009426544232619127,-0.0025173900679165057,0.00038331186613246957,-0.044456293932003364,False,False,False,False,True
null_metric,no-increment,False,100,4,polynomial_ridge,87,21265539,-0.060942094209420934,0.5469616492421223,-0.038805356776130326,0.7029447026570568,False,0.003007518796992481,0.992,-0.0015596540528716625,-0.0027160626038700226,-0.0003236232006181629,-0.05857729784697893,False,False,False,False,True
null_metric,no-increment,False,100,4,polynomial_ridge,88,21265540,0.09646564656465645,0.3397004379475075,0.024465883271736585,0.8100381689885658,False,0.1744360902255639,0.396,-0.0018042719725552998,-0.004545287471357526,0.0008056874816019908,-0.06670235668671425,False,False,False,False,False
null_metric,no-increment,False,100,4,polynomial_ridge,89,21265541,-0.1670927092709271,0.09658836085491018,-0.07768602491131421,0.44468524826163525,False,-0.20751879699248119,0.384,-0.0019373773465482698,-0.004027350358204916,-0.0002289512633299922,-0.09267312646826316,False,False,False,False,False
null_metric,no-increment,False,100,4,polynomial_ridge,90,21265542,-0.0016081608160816079,0.987330580098831,0.0720400894669038,0.47856782474096615,False,-0.4631578947368421,0.046,-0.001473060849810623,-0.0029231483433537985,-0.0003428733509641968,-0.07804332789494782,True,False,False,False,False
null_metric,no-increment,False,100,4,polynomial_ridge,91,21265543,0.0628142814281428,0.5346923595861779,-0.020332229940001584,0.8416726083397699,False,-0.24360902255639094,0.29,-0.0014092086269264278,-0.003090773612581986,4.058041117834267e-05,-0.10095912235878368,False,False,False,False,False
null_metric,no-increment,False,100,4,polynomial_ridge,92,21265544,0.026762676267626757,0.7915415413154242,-0.12421228867370732,0.2205937945710548,False,-0.22255639097744356,0.346,-0.0008175260201787951,-0.0019701627119161737,0.00030881210130957347,-0.049975779290191605,False,False,False,False,False
null_metric,no-increment,False,100,4,polynomial_ridge,93,21265545,0.06148214821482148,0.543408393168513,-0.022269774806505716,0.8268101706691459,False,0.193984962406015,0.368,-0.0018506357370989303,-0.0035064772569201284,-0.000419003249514297,-0.07605776453427929,False,False,False,False,False
null_metric,no-increment,False,100,4,polynomial_ridge,94,21265546,0.032979297929792976,0.7446246418351243,0.08553249941262199,0.399914846653647,False,0.0706766917293233,0.792,-0.0013328052924548618,-0.002823629732082033,0.00020851487584095407,-0.06656340755531395,False,False,False,False,True
null_metric,no-increment,False,100,4,polynomial_ridge,95,21265547,-0.03884788478847885,0.7011714461370809,0.07692021124561957,0.449200535311796,False,0.13834586466165413,0.564,-0.00404490356900369,-0.007582632492200248,-0.0011873550500031342,-0.1314049082415432,False,False,False,False,True
null_metric,no-increment,False,100,4,polynomial_ridge,96,21265548,0.07827182718271827,0.4388916658643533,-0.006093526844215502,0.9522668502219247,False,-0.5984962406015037,0.002,-0.0017553592161455162,-0.0027915797654210995,-0.0007973294407420453,-0.06215631626146294,True,False,False,False,False
null_metric,no-increment,False,100,4,polynomial_ridge,97,21265549,0.08523252325232522,0.39914729296127666,-0.05202301445602791,0.6090744653735011,False,-0.41503759398496237,0.074,-0.001636632941191627,-0.002838848883386592,-0.0004341881330983719,-0.06956093212297736,False,False,False,False,False
null_metric,no-increment,False,100,4,polynomial_ridge,98,21265550,-0.004932493249324933,0.9611543233770946,-0.009025743793818618,0.9293471417573129,False,0.030075187969924807,0.91,-0.00015283797417200984,-0.0023562790247965543,0.0016239715134515166,-0.0063501130258320606,False,False,False,False,True
null_metric,no-increment,False,100,4,polynomial_ridge,99,21265551,0.07277527752775277,0.47179715376340714,0.08720244111233609,0.39074312072406536,False,0.05864661654135337,0.806,-0.0012102108486675665,-0.0034261533024627926,0.000436690936112263,-0.0557975689811994,False,False,False,False,True
null_metric,no-increment,False,200,4,polynomial_ridge,0,22266152,-0.04936773419335484,0.4875489494596614,-0.05493038077022895,0.4409506458071056,False,-0.0878048780487805,0.584,-0.000636341739671583,-0.0013050495292689511,4.7392062210639156e-05,-0.029457098261730194,False,False,False,False,True
null_metric,no-increment,False,200,4,polynomial_ridge,1,22266153,0.03974349358733969,0.5763284579636986,0.019137739830197748,0.7884723327037284,False,-0.23433395872420262,0.16,-0.0006240422749379526,-0.0017566697019786267,0.0003653677164555138,-0.022474652836535155,False,False,False,False,False
null_metric,no-increment,False,200,4,polynomial_ridge,2,22266154,0.22984024600615016,0.0010603631629186856,0.13194763982811608,0.0632037410167498,False,0.10956848030018763,0.494,-0.0005561159012714943,-0.0018489393926895623,0.0006263629106102471,-0.028416533973978975,False,False,False,False,False
null_metric,no-increment,False,200,4,polynomial_ridge,3,22266155,-0.038262956573914354,0.5906286879000309,-0.0011478285438427202,0.9871624997085147,False,-0.16622889305816138,0.32,-0.000267777044583771,-0.0014307294445478921,0.0006523673138611112,-0.013162739065206163,False,False,False,False,False
null_metric,no-increment,False,200,4,polynomial_ridge,4,22266156,0.0002100052501312533,0.9976452010478571,0.05102431765675676,0.4741651450772177,False,0.1711069418386492,0.294,-0.0007263900289948867,-0.0013149801130267187,-0.00010061645145636624,-0.03888681103820469,False,False,False,False,False
null_metric,no-increment,False,200,4,polynomial_ridge,5,22266157,0.0735753393834846,0.30048472458523157,-0.012208110412224785,0.8641152055187671,False,-0.10000000000000002,0.528,-0.0014732959003049342,-0.002278681639390709,-0.0006930213783540085,-0.07061375992675165,False,False,False,False,True
null_metric,no-increment,False,200,4,polynomial_ridge,6,22266158,0.14243456086402162,0.04422279997607732,0.1692689576128382,0.016845500865933758,True,0.17429643527204505,0.262,0.00014667771240253064,-0.0011587595490112994,0.0013168790568097281,0.007538172329659344,False,True,False,False,False
null_metric,no-increment,False,200,4,polynomial_ridge,7,22266159,-0.005733143328583216,0.9357828551959348,0.043508363529140545,0.5417402156055672,False,-0.28874296435272045,0.076,-0.0006870393606702371,-0.0027438049047962243,0.0008345355892995448,-0.03536107222895047,False,False,False,False,False
null_metric,no-increment,False,200,4,polynomial_ridge,8,22266160,-0.0445931148278707,0.530658584253985,-0.10469163587481727,0.1411287710564761,False,-0.1127579737335835,0.478,0.00022556509183338513,-0.0005715562537924022,0.0010211724268198049,0.009856640022723247,False,True,False,False,True
null_metric,no-increment,False,200,4,polynomial_ridge,9,22266161,-0.011337283432085803,0.8734060952178565,-0.09781101175612437,0.16931761920063473,False,-0.2590994371482177,0.098,-0.0005573046343141409,-0.0013103298412014072,0.0001536098835102892,-0.0317877972109858,False,False,False,False,False
null_metric,no-increment,False,200,4,polynomial_ridge,10,22266162,0.005697142428560716,0.9361852454736255,-0.06100929142786743,0.39198783425904143,False,-0.15084427767354597,0.368,-0.0009388424388312687,-0.0023795300956135604,0.0004308018557124156,-0.036768420495801896,False,False,False,False,False
null_metric,no-increment,False,200,4,polynomial_ridge,11,22266163,0.007015675391884799,0.9214590852943735,0.09668206396118541,0.17431744021400428,False,0.01782363977485929,0.91,-0.0007146008505063486,-0.0016405367220814857,0.00011170552835352502,-0.03189203727996367,False,False,False,False,True
null_metric,no-increment,False,200,4,polynomial_ridge,12,22266164,-0.017863946598664967,0.8017593181885669,0.09741267216482093,0.17106943206030295,False,0.36547842401500946,0.02,-0.0006810222033921086,-0.0013891388007651628,1.7463614368088218e-05,-0.03281995349776537,True,False,False,False,False
null_metric,no-increment,False,200,4,polynomial_ridge,13,22266165,0.056608415210380264,0.42592473926204716,0.02310624298744578,0.745980781108187,False,0.09249530956848032,0.534,-0.0005153045838442727,-0.001034068985236966,2.664273765109482e-05,-0.023229543277372706,False,False,False,False,True
null_metric,no-increment,False,200,4,polynomial_ridge,14,22266166,-0.0004350108752718819,0.9951222252960138,-0.03528121806120102,0.6207966889519365,False,0.07110694183864917,0.618,-0.00033157359777523723,-0.0009189442363373787,0.0002172151777586535,-0.017578027890535884,False,False,False,False,True
null_metric,no-increment,False,200,4,polynomial_ridge,15,22266167,0.04355658891472287,0.5402645996142259,0.05569101203283178,0.43464026102086784,False,0.050281425891181994,0.754,-0.00028543624270655626,-0.0010611302734110945,0.0004864471562135669,-0.013944615712559158,False,False,False,False,True
null_metric,no-increment,False,200,4,polynomial_ridge,16,22266168,-0.10657166429160732,0.1331010503493294,0.036529066713748885,0.6084895820545559,False,0.03470919324577862,0.836,8.48378116194079e-05,-0.0011336100261000771,0.001496864971998001,0.004364871765967723,False,True,False,False,True
null_metric,no-increment,False,200,4,polynomial_ridge,17,22266169,-0.029703742593564845,0.6762882514942331,0.03968825649743849,0.5778252727720695,False,0.09549718574108819,0.526,-0.0003470629144392383,-0.001225852774730332,0.0005055905995230934,-0.019308580536924958,False,False,False,False,True
null_metric,no-increment,False,200,4,polynomial_ridge,18,22266170,-0.016507912697817446,0.8165305337182169,0.0015796363776495505,0.9823337671596675,False,-0.15703564727954974,0.324,-0.0003671084779780197,-0.0013101024074195417,0.000553139926673121,-0.01984572017574301,False,False,False,False,False
null_metric,no-increment,False,200,4,polynomial_ridge,19,22266171,0.06632265806645167,0.35077206425087876,0.009874186863200221,0.8899097337292958,False,0.005440900562851784,0.972,-0.0009107323264837819,-0.0013944950000505595,-0.000489437698175937,-0.05392976188704687,False,False,False,False,True
null_metric,no-increment,False,200,4,polynomial_ridge,20,22266172,0.007536188404710118,0.9156527548183833,-0.01019487540762498,0.8863579930252268,False,-0.1711069418386492,0.272,-0.0008100943044701547,-0.0016273772832060716,-4.5373357292758585e-05,-0.04276091151647705,False,False,False,False,False
null_metric,no-increment,False,200,4,polynomial_ridge,21,22266173,0.07968799219980502,0.2619988101356951,-0.0007684992029886658,0.9914047774241107,False,-0.17992495309568482,0.268,-0.0003288739273519768,-0.001061949172084609,0.0004439631071626881,-0.013191126825562465,False,False,False,False,False
null_metric,no-increment,False,200,4,polynomial_ridge,22,22266174,0.025946148653716347,0.7153387891333197,0.057012612275073454,0.42379993781102115,False,-0.027954971857410884,0.858,-0.001035289840909493,-0.001915132574564398,-0.0002040222793611236,-0.049161130295908524,False,False,False,False,True
null_metric,no-increment,False,200,4,polynomial_ridge,23,22266175,0.06719267981699543,0.34447476975330177,0.08841015375232761,0.21432697358774694,False,-0.018949343339587248,0.912,-0.000548927207842255,-0.0012264576319389131,0.00017426992970686535,-0.02617032288052796,False,False,False,False,True
null_metric,no-increment,False,200,4,polynomial_ridge,24,22266176,0.013918847971199282,0.844909252389664,-0.0046362527403899685,0.948181380683825,False,0.05497185741088181,0.732,-0.0016156826075723399,-0.0026183672413956464,-0.0008538591368591653,-0.07567953777037897,False,False,False,False,True
null_metric,no-increment,False,200,4,polynomial_ridge,25,22266177,-0.08388359708992726,0.2376265541745362,0.024433722046174878,0.731929603997349,False,0.226641651031895,0.16,-2.8812374809433078e-05,-0.0013121915804730946,0.0011888185738937282,-0.001346799987806738,False,False,False,False,False
null_metric,no-increment,False,200,4,polynomial_ridge,26,22266178,0.04055201380034501,0.5685881745737779,-0.04033549507605321,0.571633130614196,False,0.06998123827392122,0.686,-0.0018741248359252852,-0.0025344085161253,-0.0011696291610638016,-0.08817661710174776,False,False,False,False,True
null_metric,no-increment,False,200,4,polynomial_ridge,27,22266179,-0.05454136353408836,0.44304120268991704,-0.06391557149014625,0.36978426753054805,False,0.09418386491557224,0.562,-0.0003822851024061595,-0.0007742217092445935,2.767454251311077e-05,-0.017234349171410996,False,False,False,False,True
null_metric,no-increment,False,200,4,polynomial_ridge,28,22266180,0.13633990849771246,0.05422303331074383,0.07627507140841204,0.28427077169910286,False,0.0975609756097561,0.58,-0.0004099895365676995,-0.0009977406418318429,0.00018964254813230234,-0.021997461325469307,False,False,False,False,True
null_metric,no-increment,False,200,4,polynomial_ridge,29,22266181,0.018946973674341862,0.7900119837449443,-0.0049709384168571515,0.9444464572599768,False,-0.15159474671669798,0.354,-0.0007418740068043106,-0.001471704632799199,7.214994621763054e-05,-0.03774549558183385,False,False,False,False,False
null_metric,no-increment,False,200,4,polynomial_ridge,30,22266182,-0.08453611340283508,0.23398380512983047,-0.06791570921333544,0.3405219175535822,False,0.03433395872420263,0.832,-0.0018207045523385458,-0.0027106848702540395,-0.0010186088205219163,-0.08005833126054372,False,False,False,False,True
null_metric,no-increment,False,200,4,polynomial_ridge,31,22266183,0.04451511287782195,0.531378463317002,0.11094175528660248,0.11876308870547697,False,0.1307692307692308,0.414,-2.1771778326247493e-05,-0.0004538134849780264,0.0004511190648136022,-0.0012665486983485937,False,False,False,False,True
null_metric,no-increment,False,200,4,polynomial_ridge,32,22266184,0.05374634365859147,0.44972692762816346,0.037549533120627594,0.5985059994703263,False,-0.08461538461538462,0.598,-0.001757394509149631,-0.0027443191066788813,-0.0009728717605585806,-0.09268430557264995,False,False,False,False,True
null_metric,no-increment,False,200,4,polynomial_ridge,33,22266185,0.019096977424435613,0.7883885912615481,0.011257248661779155,0.8746083839055261,False,0.021763602251407135,0.854,-0.0006498174494969158,-0.0016250934699465467,0.00043581468068102015,-0.03206403491459251,False,False,False,False,True
null_metric,no-increment,False,200,4,polynomial_ridge,34,22266186,0.06272556813920348,0.37756996489298456,0.036857383388219415,0.6052695142367444,False,-0.09774859287054409,0.542,-0.0007191468441713408,-0.0015933715193002056,3.078101552510641e-05,-0.03098761241945919,False,False,False,False,True
null_metric,no-increment,False,200,4,polynomial_ridge,35,22266187,-0.00334958373959349,0.9624546639158298,0.07307114793957716,0.305045472638804,False,0.20000000000000004,0.228,-0.0005536272086951455,-0.0013358286749332547,0.00013838486425191756,-0.02664661637870916,False,False,False,False,False
null_metric,no-increment,False,200,4,polynomial_ridge,36,22266188,0.08680267006675169,0.22163620943547535,0.05435186337563498,0.44578485300691917,False,-0.06378986866791746,0.664,-0.0008527788492841311,-0.0015312558882170145,-0.00025173010188220436,-0.04038091114915478,False,False,False,False,True
null_metric,no-increment,False,200,4,polynomial_ridge,37,22266189,0.0050746268656716425,0.9431457150736555,0.02385808601612355,0.7380119951292067,False,-0.2675422138836773,0.088,-0.00029485266781356656,-0.0010260512683252922,0.00039864914524782375,-0.017415100002765454,False,False,False,False,False
null_metric,no-increment,False,200,4,polynomial_ridge,38,22266190,0.06312607815195381,0.37452574150054346,0.051389859990458184,0.47100008890561645,False,0.1028142589118199,0.55,-0.0007496814839897566,-0.001267396354255214,-0.0003133060023770679,-0.03860403406125365,False,False,False,False,True
null_metric,no-increment,False,200,4,polynomial_ridge,39,22266191,-0.16380409510237756,0.020465818655871562,0.004761806271564396,0.9467801297293418,False,-0.10187617260787994,0.534,-0.0003790359272493847,-0.0009684905909231047,0.00014999347968487048,-0.01747324006465013,False,False,False,False,False
null_metric,no-increment,False,200,4,polynomial_ridge,40,22266192,0.03303682592064802,0.642354331180309,-0.01583724505865084,0.824299601306029,False,0.27786116322701687,0.098,-0.00040662864481709124,-0.0011789672687406334,0.00023439714297482172,-0.014062988216787364,False,False,False,False,False
null_metric,no-increment,False,200,4,polynomial_ridge,41,22266193,0.04792169804245106,0.5004038280539091,0.06428920935211581,0.3669870959323381,False,0.20844277673545966,0.216,-0.00011738354490242742,-0.001031146254456841,0.000781054643583095,-0.00568412895930977,False,False,False,False,False
null_metric,no-increment,False,200,4,polynomial_ridge,42,22266194,-0.026049651241281037,0.7142526154843009,0.0020481563783176877,0.9770952293527931,False,0.10018761726078801,0.53,-0.0008777348328302542,-0.0015203863479056872,-0.00012141624898605298,-0.04544013594652559,False,False,False,False,True
null_metric,no-increment,False,200,4,polynomial_ridge,43,22266195,-0.13041476036900923,0.06567261257849051,-0.05952336368621552,0.4036436803035708,False,0.09718574108818012,0.576,-0.0008920093759345847,-0.0020588842686182947,0.0001335378733942777,-0.0406927398369026,False,False,False,False,True
null_metric,no-increment,False,200,4,polynomial_ridge,44,22266196,-0.06089702242556065,0.3916598059003609,0.024004690061243197,0.7364613577199232,False,0.16735459662288932,0.302,-0.0010975261337247758,-0.0018338822737039356,-0.0004980771428246975,-0.05360602157344809,False,False,False,False,False
null_metric,no-increment,False,200,4,polynomial_ridge,45,22266197,-0.0808280207005175,0.25521294587664806,-0.05162494963440791,0.46897068844143647,False,-0.07166979362101314,0.654,-0.0007734103683446694,-0.0013538348944691744,-0.00017875643523574298,-0.03618302317595585,False,False,False,False,True
null_metric,no-increment,False,200,4,polynomial_ridge,46,22266198,0.028962724068101707,0.6839251141465201,0.08647808190297303,0.2245511295017839,False,0.075234521575985,0.65,-0.0005841585403271836,-0.0011694443827409248,-5.643836596141188e-05,-0.03353410742984756,False,False,False,False,True
null_metric,no-increment,False,200,4,polynomial_ridge,47,22266199,-0.025391134778369465,0.7211729108923136,-0.08765716550872042,0.21827129630013475,False,-0.1984990619136961,0.216,-0.00045880589029910837,-0.0013786057775072328,0.0003876664438436072,-0.02098930240368268,False,False,False,False,False
null_metric,no-increment,False,200,4,polynomial_ridge,48,22266200,-0.024686117152928826,0.7286070651191466,0.025844815176466945,0.7170906739184006,False,-0.13789868667917451,0.362,-0.0003600800224906227,-0.001084900418560539,0.00035058730210977976,-0.01933802609418966,False,False,False,False,True
null_metric,no-increment,False,200,4,polynomial_ridge,49,22266201,0.05435985899647492,0.4445625799987917,0.041586044621979325,0.5597586146809062,False,-0.009193245778611633,0.956,-0.00015704650676724718,-0.00110790556251498,0.0007654426233829446,-0.007708027006020313,False,False,False,False,True
null_metric,no-increment,False,200,4,polynomial_ridge,50,22266202,0.08280057001425037,0.24376007799222996,0.10149363022518335,0.15374992344390925,False,0.1480300187617261,0.338,-0.0006246575868663062,-0.0017368880595743442,0.00039935640163312445,-0.025435327676339894,False,False,False,False,True
null_metric,no-increment,False,200,4,polynomial_ridge,51,22266203,-0.1275946898672467,0.0717789738074235,-0.02898107616224748,0.6844940537793873,False,0.07711069418386493,0.642,-0.001514203621701165,-0.0023456097853161435,-0.0006286569363330824,-0.06934907170073487,False,False,False,False,True
null_metric,no-increment,False,200,4,polynomial_ridge,52,22266204,0.0850011250281257,0.23141190579811344,0.0964532707241715,0.1753439055505035,False,0.11200750469043153,0.49,-0.00025160415414498746,-0.0010863998077734946,0.0004019297309671974,-0.013074818666928185,False,False,False,False,True
null_metric,no-increment,False,200,4,polynomial_ridge,53,22266205,0.016618915472886825,0.8153188756750972,0.020990910743181514,0.7685437555185536,False,-0.3521575984990619,0.02,-0.0015148410194085297,-0.002101028468218917,-0.0008979200422247519,-0.0793100647194678,True,False,False,False,False
null_metric,no-increment,False,200,4,polynomial_ridge,54,22266206,0.006510162754068852,0.9271020686944229,-0.05296729163604821,0.4574754383671529,False,0.2200750469043152,0.154,-0.00045246108885117764,-0.0014276306207464797,0.00044644169988487136,-0.020743803412796996,False,False,False,False,False
null_metric,no-increment,False,200,4,polynomial_ridge,55,22266207,-0.05552088802220056,0.4348819520131072,-0.017837194356723807,0.8025414557152847,False,0.05909943714821765,0.714,-0.00046336670472846286,-0.001685315221106763,0.0005504754750464408,-0.02110881455523852,False,False,False,False,True
null_metric,no-increment,False,200,4,polynomial_ridge,56,22266208,0.01299182479561989,0.8551211342843946,0.052895534893856296,0.45808593377758733,False,0.04090056285178237,0.816,-0.001830648712459932,-0.0027010303737306095,-0.0008490474380589847,-0.07944782462412667,False,False,False,False,True
null_metric,no-increment,False,200,4,polynomial_ridge,57,22266209,-0.016975924398109955,0.811424905942526,-0.0488972451906831,0.4928104995300129,False,-0.054221388367729835,0.708,-0.0007078441924846246,-0.0017152882596878165,0.000201133284735,-0.032079224192797726,False,False,False,False,True
null_metric,no-increment,False,200,4,polynomial_ridge,58,22266210,0.05559288982224557,0.43428560710274416,0.003227877748231058,0.9639095683120278,False,0.3035647279549719,0.074,-0.0007261971382450522,-0.0014202671303433462,-1.3346318452304498e-05,-0.03630525970944147,False,False,False,False,False
null_metric,no-increment,False,200,4,polynomial_ridge,59,22266211,-0.039696992424810625,0.5767751280997842,-0.030954013702039953,0.6642787626107102,False,-0.0827392120075047,0.598,-0.000530920608191765,-0.0010669222211960598,3.851353278271655e-05,-0.024461531193945844,False,False,False,False,True
null_metric,no-increment,False,200,4,polynomial_ridge,60,22266212,0.10011700292507314,0.15838030148597923,0.03742470069959528,0.5997233134431681,False,-0.10544090056285181,0.544,-0.0014008137044276454,-0.0021802693553422126,-0.0006371799404465789,-0.055071513644933186,False,False,False,False,True
null_metric,no-increment,False,200,4,polynomial_ridge,61,22266213,0.06449411235280883,0.3642415569348065,0.010832164770529227,0.8793065723320892,False,-0.26979362101313326,0.1,-0.0005426895016851438,-0.0013122689099644637,0.00026192962414578675,-0.02681143718816346,False,False,False,False,False
null_metric,no-increment,False,200,4,polynomial_ridge,62,22266214,-0.0454766369159229,0.5225390147673464,0.0055810895697538145,0.9376406528839689,False,-0.14953095684803003,0.356,-0.001041119758732622,-0.0020127437985698014,-0.0001733728150361828,-0.047978084197590976,False,False,False,False,True
null_metric,no-increment,False,200,4,polynomial_ridge,63,22266215,0.049142728568214215,0.48953749790094053,-0.016479029924624074,0.8173019328149607,False,-0.175797373358349,0.264,-0.00016866168601628248,-0.0006906466069761285,0.00037146752884508274,-0.00971044159072792,False,False,False,False,False
null_metric,no-increment,False,200,4,polynomial_ridge,64,22266216,0.10880822020550515,0.12510530362094263,0.0006329335061306012,0.9929209582387636,False,-0.39136960600375237,0.016,-0.00021220866790466059,-0.0007559877786307578,0.0003325345065807022,-0.01007402892928813,True,False,False,False,False
null_metric,no-increment,False,200,4,polynomial_ridge,65,22266217,-0.02330758268956724,0.7432160576105412,0.04065429926417627,0.5685946809441321,False,0.0326454033771107,0.842,-0.00018643695274266417,-0.001029878121986471,0.0006301737866623267,-0.009353172510622383,False,False,False,False,True
null_metric,no-increment,False,200,4,polynomial_ridge,66,22266218,-0.06979674491862298,0.32605734712930284,0.06416294209775504,0.3679309050868174,False,0.0013133208255159477,0.986,-0.0008514772501059011,-0.0014760433032681899,-0.00028188798432738884,-0.045953253701160934,False,False,False,False,True
null_metric,no-increment,False,200,4,polynomial_ridge,67,22266219,-0.05220580514512863,0.46284226819057606,-0.11476560179850562,0.10650425354112165,False,-0.20037523452157602,0.234,-0.0007184148175033017,-0.001715907123235559,0.00018895848889285608,-0.032914740113026114,False,False,False,False,False
null_metric,no-increment,False,200,4,polynomial_ridge,68,22266220,0.0504732618315458,0.47784172115901974,0.020785886809224528,0.7707413462144891,False,-0.06735459662288931,0.694,-0.0008241981211458797,-0.0014364660796334875,-0.0002060758484248138,-0.031471117125068386,False,False,False,False,True
null_metric,no-increment,False,200,4,polynomial_ridge,69,22266221,0.0021045526138153458,0.9764049304169313,0.07267639785301028,0.30767256364418094,False,-0.04784240150093809,0.782,-0.00043777337969573213,-0.0011777045675943614,0.00032304910755157876,-0.02322522435471261,False,False,False,False,True
null_metric,no-increment,False,200,4,polynomial_ridge,70,22266222,0.002728568214205355,0.9694118289635367,-0.05897532601368873,0.407994024614821,False,-0.09362101313320827,0.538,-0.00027229586096772646,-0.0014395554132130735,0.0008849097841449362,-0.012314452527224412,False,False,False,False,True
null_metric,no-increment,False,200,4,polynomial_ridge,71,22266223,0.008994224855621393,0.8994130675444837,0.036746872629842636,0.6063525368283543,False,0.20637898686679176,0.214,-0.0006440497557608157,-0.0013449631991984362,6.026807145667482e-05,-0.036135722021838075,False,False,False,False,False
null_metric,no-increment,False,200,4,polynomial_ridge,72,22266224,-0.0006165154128853223,0.9930870589501828,-0.10302582315581646,0.14760066984077802,False,-0.0729831144465291,0.65,-0.00011372737335676661,-0.0015800108257727529,0.001250778112807021,-0.005847763547873899,False,False,False,False,True
null_metric,no-increment,False,200,4,polynomial_ridge,73,22266225,0.00038250956273906857,0.9957109162294269,0.03783312983688956,0.595744625400712,False,-0.0033771106941838653,0.986,-0.0007171665299950843,-0.0015342020922776217,3.2926775206696256e-05,-0.0327836305795127,False,False,False,False,True
null_metric,no-increment,False,200,4,polynomial_ridge,74,22266226,-0.013578339458486464,0.8486573087066722,-0.008598280073334488,0.9040619001925178,False,-0.22589118198874303,0.164,-0.0005381301811538154,-0.0009313247834871138,-0.0001416326267886542,-0.029738250070580917,False,False,False,False,False
null_metric,no-increment,False,200,4,polynomial_ridge,75,22266227,-0.09691442286057153,0.17218961234325533,-0.13473944080534214,0.05777236164192048,False,-0.3080675422138837,0.046,1.838754527416775e-06,-0.0011708116466015014,0.001123500274093093,8.492766195620695e-05,True,True,False,False,False
null_metric,no-increment,False,200,4,polynomial_ridge,76,22266228,-0.06827120678016951,0.336768348529848,-0.04094092065764458,0.5658695150190324,False,-0.18273921200750473,0.248,-0.0005615887501929893,-0.001335321558261572,0.00019763243312290136,-0.026204090648017462,False,False,False,False,False
null_metric,no-increment,False,200,4,polynomial_ridge,77,22266229,-0.04282457061426537,0.5471002012798768,-0.14056699905787967,0.04767060993372166,True,-0.06547842401500939,0.696,0.00013140988416155894,-0.0014845191180302465,0.0015341872423890596,0.0055098979078336,False,True,False,False,True
null_metric,no-increment,False,200,4,polynomial_ridge,78,22266230,-0.048343208580214514,0.49663838700410207,-0.0656731425253324,0.35674099117225694,False,-0.2810506566604128,0.066,0.00010082417597115367,-0.0008518323727013043,0.0009520326042352172,0.004391767072791273,False,True,False,False,False
null_metric,no-increment,False,200,4,polynomial_ridge,79,22266231,-0.099111977799445,0.16262123893926198,-0.141981857711531,0.04545397977982439,True,0.08198874296435274,0.668,-0.0006418216720595685,-0.001798575707340735,0.0003539237779905675,-0.033300846730869825,False,False,False,False,True
null_metric,no-increment,False,200,4,polynomial_ridge,80,22266232,-0.05738393459836497,0.4196031038753906,-0.09961930824723929,0.16153272877435676,False,-0.11575984990619138,0.504,0.00027925089996127736,-0.0005927903887393528,0.0011861401117176898,0.015556639303624479,False,True,False,False,True
null_metric,no-increment,False,200,4,polynomial_ridge,81,22266233,0.08952673816845422,0.2074182459910301,0.1839168084532943,0.009313106043145206,True,0.06941838649155724,0.674,-0.0002351109818417678,-0.0016208710299233633,0.0011001088455187553,-0.011300726331479787,False,False,False,False,True
null_metric,no-increment,False,200,4,polynomial_ridge,82,22266234,0.08979824495612393,0.20603798828833264,0.078244320009724,0.2719846381637711,False,0.13133208255159476,0.388,-0.00045066346247470135,-0.001001569350772103,9.2946977916715e-05,-0.019773134057479994,False,False,False,False,True
null_metric,no-increment,False,200,4,polynomial_ridge,83,22266235,-0.023714092852321313,0.7388982551665794,0.12141057351778263,0.0875913541138119,False,0.14165103189493433,0.384,8.970589665113424e-05,-0.0005188195890279332,0.0007863066703043131,0.004938289877292731,False,True,False,False,True
null_metric,no-increment,False,200,4,polynomial_ridge,84,22266236,0.023012075301882554,0.7463598767452785,0.03763527235421402,0.5976705510530169,False,-0.25853658536585367,0.124,-0.0027137297130508456,-0.0039093026119185114,-0.0016030932522061018,-0.11981134988803133,False,False,False,False,False
null_metric,no-increment,False,200,4,polynomial_ridge,85,22266237,0.030039750993774844,0.6728361846458198,-0.03931443524024544,0.5814158379172135,False,-0.00150093808630394,0.998,-0.0018583328591357633,-0.0026520549841175965,-0.0010839701843678808,-0.06875445915855026,False,False,False,False,True
null_metric,no-increment,False,200,4,polynomial_ridge,86,22266238,-0.03275931898297458,0.6451527331001965,-0.09709008202861005,0.17249795734996679,False,-0.04033771106941839,0.79,-0.0005163923555859956,-0.0015240073947355949,0.0004387171239085034,-0.024714985225992255,False,False,False,False,True
null_metric,no-increment,False,200,4,polynomial_ridge,87,22266239,0.026069151728793222,0.7140480382983195,-0.184958749839671,0.008914081091698464,True,-0.3125703564727955,0.05,-0.00011607188514234368,-0.0011673408804548106,0.0009700479583859213,-0.0056502023657566975,True,False,False,False,False
null_metric,no-increment,False,200,4,polynomial_ridge,88,22266240,-0.063697592439811,0.37020790358657407,-0.13567720474899386,0.0560367087297234,False,-0.08799249530956849,0.584,-0.0004990453851962291,-0.0015441745118011307,0.0005483139107475422,-0.019403382913910555,False,False,False,False,True
null_metric,no-increment,False,200,4,polynomial_ridge,89,22266241,0.03068026700667517,0.6662746506171446,-0.08892843637719337,0.21164189519140555,False,-0.05478424015009382,0.728,-0.0011067725025242121,-0.0019031242274836543,-0.0003614121131542728,-0.054039482774796,False,False,False,False,True
null_metric,no-increment,False,200,4,polynomial_ridge,90,22266242,-0.10158103952598815,0.15235191197519798,-0.10217688266231573,0.15098431894287964,False,-0.250656660412758,0.122,-0.0005379344231847376,-0.0016681535040001991,0.0004963002492796786,-0.02123896761844951,False,False,False,False,False
null_metric,no-increment,False,200,4,polynomial_ridge,91,22266243,0.07624090602265057,0.283265045027642,0.13403412306219126,0.05910681227720795,False,-0.04634146341463415,0.786,-0.0004868590427407997,-0.0012962153143910645,0.0004027870137876768,-0.0253151790149201,False,False,False,False,True
null_metric,no-increment,False,200,4,polynomial_ridge,92,22266244,-0.10067201680042004,0.1560741947102291,0.011799368975441914,0.8686230445605562,False,0.06941838649155724,0.678,-0.0010408170536496675,-0.0017852459630455994,-0.00027011344745895795,-0.03984988625664912,False,False,False,False,True
null_metric,no-increment,False,200,4,polynomial_ridge,93,22266245,-0.014877371934298361,0.8343775122204757,-0.05203262474492127,0.4654628607641869,False,-0.0375234521575985,0.842,-0.001503745811631211,-0.002852028770652311,-0.0003440913286471476,-0.060197615876853086,False,False,False,False,True
null_metric,no-increment,False,200,4,polynomial_ridge,94,22266246,-0.04388959723993101,0.5371690532916483,-0.05420106572643928,0.44704985342738285,False,-0.06472795497185742,0.722,-0.000545410028361823,-0.0010351675371614696,4.53282515749921e-05,-0.02751458464349796,False,False,False,False,True
null_metric,no-increment,False,200,4,polynomial_ridge,95,22266247,0.06662866571664293,0.3485489450868956,-0.04140334889658958,0.5614859620767488,False,-0.05553470919324579,0.758,-0.0016717197021887328,-0.0031702766080322843,-0.0001486849134712648,-0.06506233222232356,False,False,False,False,True
null_metric,no-increment,False,200,4,polynomial_ridge,96,22266248,-0.03819545488637216,0.591284518864321,-0.07790103493444775,0.2741000151756703,False,0.14409005628517826,0.38,0.00030062909096304977,-0.0009660655071705361,0.0013887331581910862,0.012473170777892078,False,True,False,False,True
null_metric,no-increment,False,200,4,polynomial_ridge,97,22266249,0.09278481962049051,0.1912903285631506,0.04085253442769949,0.5667092179908473,False,-0.24934333958724203,0.118,-0.0008825763417799025,-0.0014287624430060352,-0.0003884328525982434,-0.0475577093334815,False,False,False,False,False
null_metric,no-increment,False,200,4,polynomial_ridge,98,22266250,-0.010651766294157356,0.8810022874475347,-0.046202006855019385,0.5169850627415544,False,-0.014446529080675424,0.934,-0.0006636067367369186,-0.0013511744753566775,6.55573942522041e-05,-0.025531144484994668,False,False,False,False,True
null_metric,no-increment,False,200,4,polynomial_ridge,99,22266251,0.02364209105227631,0.7396624412434671,0.023731698707861307,0.7393496491143374,False,-0.06960600375234523,0.668,-0.000863065742303392,-0.0016787216300055373,-1.2813759112237284e-05,-0.039714493143730996,False,False,False,False,True
null_metric,no-increment,False,400,4,polynomial_ridge,0,24267552,0.06195526222038887,0.21630414970009063,0.06775825759781663,0.1767669941773814,False,0.13490389123300514,0.258,-0.00015540254110740087,-0.0006468487173290581,0.0003654867283584758,-0.007932633747137603,False,False,False,False,True
null_metric,no-increment,False,400,4,polynomial_ridge,1,24267553,-0.00015656347852174073,0.9975094311094732,-0.005245061658158042,0.9168185604762196,False,-0.09880450070323488,0.406,-0.00014928198045914554,-0.0005819611972486333,0.00027969816322059236,-0.006217061827763555,False,False,False,False,True
null_metric,no-increment,False,400,4,polynomial_ridge,2,24267554,0.02048337802111263,0.6829592165008395,0.01901951572675969,0.7048684217514953,False,0.09507735583684952,0.416,0.00013722513043566004,-0.0004136445992417908,0.0006693502317870672,0.0074412755370808934,False,True,False,False,True
null_metric,no-increment,False,400,4,polynomial_ridge,3,24267555,-0.04778561116006975,0.3404553225096787,-0.05598736904921603,0.26454480059379665,False,0.0025082044069385844,0.982,-0.00032477427354700786,-0.0006933975092588017,5.9959142868839365e-05,-0.015468227589416515,False,False,False,False,True
null_metric,no-increment,False,400,4,polynomial_ridge,4,24267556,-0.02412577578609866,0.6304628322514937,0.03199962913081198,0.523896916914025,False,0.17969995311767464,0.124,-0.00032496132088166013,-0.0006637460005630096,-4.295790657816856e-05,-0.016227749077265565,False,False,False,False,False
null_metric,no-increment,False,400,4,polynomial_ridge,5,24267557,-0.017922862017887613,0.7208192078165501,-0.07625902599029936,0.12833289859108266,False,0.005086732301922176,0.958,4.8397479219738915e-06,-0.00037729426834334377,0.00037886689020311126,0.00024535854655937837,False,True,False,False,True
null_metric,no-increment,False,400,4,polynomial_ridge,6,24267558,-0.09613541334633341,0.05471369308812386,-0.05189495512496512,0.3011148387229542,False,-0.017205813408345056,0.88,-0.0005774550667558241,-0.0010142287999928955,-0.00010061458748767068,-0.03189625818547592,False,False,False,False,True
null_metric,no-increment,False,400,4,polynomial_ridge,7,24267559,-0.04416571353570959,0.3783287088623748,-0.06497160886022689,0.19528438352206468,False,-0.01919831223628692,0.844,-0.0002801376723343407,-0.0012435524627627107,0.0006103743317882539,-0.011379964291250978,False,False,False,False,True
null_metric,no-increment,False,400,4,polynomial_ridge,8,24267560,-0.021523447021543882,0.6677984162879158,-0.01378019588360384,0.7837706032468968,False,-0.15091420534458508,0.178,-0.0005572015484494389,-0.000986320541288873,-0.0002542522430776891,-0.027018789529180205,False,False,False,False,False
null_metric,no-increment,False,400,4,polynomial_ridge,9,24267561,0.011855886599291243,0.8131347262026666,-0.01781830680188223,0.7227155119229953,False,-0.19805438349742147,0.094,-0.0002108222234870477,-0.0004825003149872104,9.847602889464926e-05,-0.010867971566194377,False,False,False,False,False
null_metric,no-increment,False,400,4,polynomial_ridge,10,24267562,0.0199034368964806,0.6914690085055943,0.045232056067161894,0.36751587137519276,False,-0.15194561650257854,0.178,-0.0002542512264323282,-0.0008352814017840913,0.00035569877047289316,-0.012015433436381999,False,False,False,False,False
null_metric,no-increment,False,400,4,polynomial_ridge,11,24267563,0.03341758385989912,0.5051259223972961,-0.02435599777224367,0.6276364242862649,False,0.022128457571495546,0.822,-0.0004902993646329901,-0.0011419183462977617,0.00010824012422046241,-0.01943576557095806,False,False,False,False,True
null_metric,no-increment,False,400,4,polynomial_ridge,12,24267564,-0.01865149157182232,0.7099711867859814,-0.006560688413385475,0.8960601737869143,False,0.09760900140646976,0.414,-0.00022393576699174245,-0.000515872483593607,5.168612404974051e-05,-0.010997439754448252,False,False,False,False,True
null_metric,no-increment,False,400,4,polynomial_ridge,13,24267565,0.0025653910336939606,0.9592081159985413,0.01140021129058885,0.8204144238367181,False,-0.05450070323488045,0.63,-0.0003164115223910739,-0.000577301786401566,-5.480263602379555e-05,-0.014458397480058498,False,False,False,False,True
null_metric,no-increment,False,400,4,polynomial_ridge,14,24267566,-0.033984962406015035,0.4979188444568814,-0.04236781966646847,0.3986579846505852,False,0.05780590717299578,0.63,-0.0004143742099053972,-0.0007287762777726298,-0.00014492815290314637,-0.02050735090715248,False,False,False,False,True
null_metric,no-increment,False,400,4,polynomial_ridge,15,24267567,-0.011729510809442557,0.8150904758697101,0.059423224676677114,0.23629401883580634,False,0.041443975621190815,0.736,-0.00039749442755690825,-0.0009128811668891237,7.078222924327653e-05,-0.019055687278564194,False,False,False,False,True
null_metric,no-increment,False,400,4,polynomial_ridge,16,24267568,-0.020285376783604897,0.6858601522289206,-0.08501866636377063,0.08988770152094219,False,-0.11343178621659634,0.274,-0.00022286862862646445,-0.000868922979537612,0.0004339697768027687,-0.011289216493445456,False,False,False,False,True
null_metric,no-increment,False,400,4,polynomial_ridge,17,24267569,-0.0680884255526597,0.17411981148489367,-0.017263016298104953,0.7310175713403447,False,0.08077824660103143,0.504,-0.00031688015574846476,-0.0007614497819166628,0.00010184725102095774,-0.014725036388379846,False,False,False,False,True
null_metric,no-increment,False,400,4,polynomial_ridge,18,24267570,0.02334314589466184,0.6415982805886348,0.03523126221503537,0.4828326522364056,False,0.16448663853727147,0.152,-0.0004912048630075147,-0.0009044037653264503,-7.251457739173451e-05,-0.023552995106898397,False,False,False,False,False
null_metric,no-increment,False,400,4,polynomial_ridge,19,24267571,0.016264226651416573,0.7457199996252067,0.04027378688521847,0.422396852244254,False,0.04772620721987811,0.666,-0.00029102903909798694,-0.0006949515997202757,8.625304666504214e-05,-0.013257390289506185,False,False,False,False,True
null_metric,no-increment,False,400,4,polynomial_ridge,20,24267572,-0.04755835973974837,0.34275925544149555,0.02195368238011658,0.6619653300883516,False,-0.06819034224097517,0.552,-0.0008373211330171548,-0.0013052499702241255,-0.00039305252741339325,-0.03457385736970577,False,False,False,False,True
null_metric,no-increment,False,400,4,polynomial_ridge,21,24267573,-0.06755104719404495,0.1775511569375525,-0.014619050986045315,0.7709635851855705,False,-0.030004688232536336,0.808,-0.00016392019130002586,-0.0008136836834826972,0.0005211157844861115,-0.00706809689796543,False,False,False,False,True
null_metric,no-increment,False,400,4,polynomial_ridge,22,24267574,0.012804080025500158,0.7984986146137637,0.04241893927294529,0.39808866098808915,False,0.11265822784810128,0.32,-0.00014264512815111846,-0.0004313034929768627,0.00013402810126515223,-0.007246627837416569,False,False,False,False,True
null_metric,no-increment,False,400,4,polynomial_ridge,23,24267575,0.012133575834848968,0.8088413919608286,0.012539581855824634,0.8028178650694165,False,0.012541022034692923,0.91,-0.00021769838239564868,-0.0005864396352339242,0.00011679186018644204,-0.010510905032577452,False,False,False,False,True
null_metric,no-increment,False,400,4,polynomial_ridge,24,24267576,0.024394652466577915,0.6266562400144334,0.04911844756292612,0.3277515350014413,False,0.08832630098452883,0.414,-0.0002915845978678708,-0.0007176147749598728,0.00019320314023305583,-0.014402733691016936,False,False,False,False,True
null_metric,no-increment,False,400,4,polynomial_ridge,25,24267577,0.003914836967731048,0.9377866823168136,0.005017308373646498,0.9204182724731672,False,0.01237693389592124,0.908,-0.0002861854419617879,-0.0007529383742921085,0.00015975653736651068,-0.0176872371854039,False,False,False,False,True
null_metric,no-increment,False,400,4,polynomial_ridge,26,24267578,-0.05198263739148369,0.29968903974553357,0.03192760597234918,0.5248320147793748,False,0.045546179090482884,0.678,-0.0006450918225344437,-0.0009291952174381989,-0.0003525177533040786,-0.034464508072965805,False,False,False,False,True
null_metric,no-increment,False,400,4,polynomial_ridge,27,24267579,0.06035025218907618,0.22846371762708398,0.12654761287780517,0.011405113015719491,True,0.2870839193624004,0.01,0.00013663407654130114,-0.0006047606483845567,0.0010334025259039787,0.005855711515407813,True,True,False,False,False
null_metric,no-increment,False,400,4,polynomial_ridge,28,24267580,0.056171413571334816,0.26237402950195576,0.016518023470499403,0.7422051656997504,False,-0.03255977496483826,0.774,-0.00023087597876543867,-0.0006030165857980511,0.00012417654489379736,-0.011058161271898903,False,False,False,False,True
null_metric,no-increment,False,400,4,polynomial_ridge,29,24267581,-0.0001640635253970337,0.9973901228343234,-0.07054193010892572,0.15960368247707915,False,-0.13466947960618847,0.236,-0.00023176714792488146,-0.0006925556435789551,0.00021079348676252381,-0.011302888928665721,False,False,False,False,True
null_metric,no-increment,False,400,4,polynomial_ridge,30,24267582,-0.044126525790786186,0.3787523623401172,0.058441215215670715,0.2441422325833347,False,0.20032817627754337,0.056,-0.00021001564566242026,-0.0006439990695205534,0.0002337620388616494,-0.011510929448601935,False,False,False,False,False
null_metric,no-increment,False,400,4,polynomial_ridge,31,24267583,-0.02767442296514353,0.5810428880119345,-0.02040825857665724,0.6844354822115054,False,-0.04151429910923582,0.706,-0.0003551322194301765,-0.0008654779941324053,9.645976998740934e-05,-0.015653677988779934,False,False,False,False,True
null_metric,no-increment,False,400,4,polynomial_ridge,32,24267584,0.009585622410140063,0.8484340273268072,-0.0732837966355475,0.14395632255309695,False,-0.05417252695733708,0.63,-0.0003364712624444842,-0.0009012983994222582,0.00023336534792284152,-0.01955986879249408,False,False,False,False,True
null_metric,no-increment,False,400,4,polynomial_ridge,33,24267585,-0.011114319464496652,0.824627160119664,0.0493285819827746,0.3256838595459217,False,0.06061884669479607,0.558,-0.00016277054533072807,-0.0006202889846077991,0.000247499742076209,-0.006827676951957677,False,False,False,False,True
null_metric,no-increment,False,400,4,polynomial_ridge,34,24267586,-0.03433371458571616,0.49351605428672946,-0.00637088630106317,0.8990509001262972,False,0.0010079699953117675,0.988,-0.00022337388362869692,-0.0004756101634958789,3.812554784320737e-05,-0.010622586349680187,False,False,False,False,True
null_metric,no-increment,False,400,4,polynomial_ridge,35,24267587,0.04421183882399264,0.37783042715256376,0.03722591806204754,0.4583834948047498,False,0.10229723394280357,0.418,-0.0003643974709884104,-0.0007528719748891205,1.4822328083929922e-05,-0.018206612643466822,False,False,False,False,True
null_metric,no-increment,False,400,4,polynomial_ridge,36,24267588,-0.08153394708716928,0.10346389924808237,0.00807150574591589,0.8723100071631382,False,0.024519456165025787,0.838,-0.0008693300312774127,-0.0013177246250612186,-0.0004009344125698653,-0.0350789265082309,False,False,False,False,True
null_metric,no-increment,False,400,4,polynomial_ridge,37,24267589,-0.04943112144450902,0.3240686002845166,-0.026703159437706125,0.5948530356578877,False,-0.1560712611345523,0.152,8.716081621669078e-05,-0.0005449827874335063,0.0006974371972768294,0.004085908195294157,False,True,False,False,False
null_metric,no-increment,False,400,4,polynomial_ridge,38,24267590,-0.008091238070237938,0.8718406069959002,0.04158515089637372,0.4074354819344738,False,0.057337083919362396,0.62,-0.0004975799463672534,-0.001011867120230588,-7.413424979007578e-06,-0.020713663269351385,False,False,False,False,True
null_metric,no-increment,False,400,4,polynomial_ridge,39,24267591,0.041136444602778766,0.4119302643801088,0.0010093963952043689,0.9839640590156528,False,-0.11809657759024848,0.302,-0.0004901635474768677,-0.0008014447223069582,-0.00016853966142998613,-0.020882999663247512,False,False,False,False,True
null_metric,no-increment,False,400,4,polynomial_ridge,40,24267592,-0.00195788723679523,0.968862294279038,0.0032731317703614893,0.9480340228758104,False,0.1401781528363807,0.232,-0.0003925564466696965,-0.0006274705075270518,-0.00017616033268958532,-0.023371389591054902,False,False,False,False,True
null_metric,no-increment,False,400,4,polynomial_ridge,41,24267593,-0.0284204901280633,0.5708871326376941,-0.016802966995700122,0.7379195959827837,False,-0.03595874355368027,0.766,0.000302253875548851,-0.00027417761111572206,0.0009060544760286363,0.016681134095492565,False,True,False,False,True
null_metric,no-increment,False,400,4,polynomial_ridge,42,24267594,-0.04402808767554797,0.3798178461056802,-0.06734682994546781,0.17941578618905604,False,-0.12444913267698078,0.274,-0.0005049743565493266,-0.0009402917771089068,-7.744542194820493e-05,-0.02563430139456494,False,False,False,False,True
null_metric,no-increment,False,400,4,polynomial_ridge,43,24267595,-0.04335402096263102,0.38716309304000585,-0.008286946169009499,0.8689320798012746,False,-0.09859353023909985,0.37,-0.00027179503860741763,-0.0008996113658908188,0.0002580984357539712,-0.011181942826711066,False,False,False,False,True
null_metric,no-increment,False,400,4,polynomial_ridge,44,24267596,0.028475052969081052,0.5701477185512488,0.06519154564315148,0.193773306684305,False,0.0022503516174402255,0.976,-7.873558113136864e-05,-0.00047787698938284585,0.00035909213250650434,-0.0033640438947907182,False,False,False,False,True
null_metric,no-increment,False,400,4,polynomial_ridge,45,24267597,0.02138657116606979,0.6697860831035867,0.00018647020171625828,0.9970374187052193,False,-0.0689170182841069,0.562,-0.00022322604488702116,-0.0006937705340898638,0.0002437190626488511,-0.010042061817926372,False,False,False,False,True
null_metric,no-increment,False,400,4,polynomial_ridge,46,24267598,0.002344702154388465,0.9627145899247813,-0.06401564217793308,0.20195241275402673,False,-0.008743553680262542,0.94,-0.00041634090529481596,-0.0009961658837705591,0.00019771759694519093,-0.01667468676532698,False,False,False,False,True
null_metric,no-increment,False,400,4,polynomial_ridge,47,24267599,-0.005194532465827911,0.917513594474465,0.033203292882477954,0.5083963335232519,False,0.030450070323488048,0.778,-0.00043039374221983534,-0.0007387411701877092,-9.476785208704625e-05,-0.018537202207850212,False,False,False,False,True
null_metric,no-increment,False,400,4,polynomial_ridge,48,24267600,-0.015011531322070762,0.7647051120230495,0.029132285323912214,0.5617700282401566,False,0.17557430848570094,0.108,-0.0003526529600260883,-0.0007490330043178969,0.00010673752663848668,-0.015100676631462143,False,False,False,False,False
null_metric,no-increment,False,400,4,polynomial_ridge,49,24267601,0.004652841580259876,0.9260893735298962,-0.059793659668009064,0.233380182256895,False,0.005274261603375528,0.96,-2.230591353393624e-05,-0.0005158206734828899,0.0004761125130067356,-0.0012041612988569234,False,False,False,False,True
null_metric,no-increment,False,400,4,polynomial_ridge,50,24267602,-0.008493240582753643,0.8655321457769782,0.0430297629567213,0.39132368738518847,False,0.09953117674636662,0.386,-0.0002040637937018551,-0.00046068774864406394,4.5611980135142265e-05,-0.0098951689401402,False,False,False,False,True
null_metric,no-increment,False,400,4,polynomial_ridge,51,24267603,-0.012386139913374459,0.80494148466733,0.030011539970782306,0.5500174920036425,False,0.1456868260665729,0.194,-0.00020771581279087348,-0.0006010589565911764,0.00012954228529725009,-0.009836708154045285,False,False,False,False,True
null_metric,no-increment,False,400,4,polynomial_ridge,52,24267604,0.04298483115519472,0.39122245011356993,0.028311483395138306,0.5728492552288261,False,-0.13248945147679325,0.254,-0.0001711116627340116,-0.0006543476029584261,0.00033325383156713795,-0.007889267811568377,False,False,False,False,True
null_metric,no-increment,False,400,4,polynomial_ridge,53,24267605,-0.08215888849305307,0.10083678021455869,0.035931076922670245,0.4741753249646269,False,-0.2272386310360994,0.056,-0.0002923744327200904,-0.0006140308168352931,1.0463061601650435e-07,-0.016034705598944016,False,False,False,False,False
null_metric,no-increment,False,400,4,polynomial_ridge,54,24267606,-0.007576922355764722,0.8799233564143818,0.046170151613480384,0.3576536350983996,False,0.10813408345053915,0.31,-0.0004010920851953599,-0.0010844541281873805,0.0002075090465495099,-0.018775479125248556,False,False,False,False,True
null_metric,no-increment,False,400,4,polynomial_ridge,55,24267607,-0.023296833105206905,0.642259786293646,0.010535195248953988,0.8338347347427625,False,0.08607594936708861,0.458,-0.00010124537825143692,-0.000557260540083566,0.0003301389992518831,-0.004379115691415934,False,False,False,False,True
null_metric,no-increment,False,400,4,polynomial_ridge,56,24267608,0.012169576059850373,0.8082852115722601,-0.0010245313757693446,0.9837236476541528,False,-0.0012892639474917957,0.988,-0.0004292357112097647,-0.0008448902527910836,-7.454924989816804e-05,-0.022237650321064645,False,False,False,False,True
null_metric,no-increment,False,400,4,polynomial_ridge,57,24267609,0.008358802242514014,0.8676409024670002,-0.03997906147614194,0.425802987945345,False,-0.01819034224097515,0.854,-0.00024529522575994847,-0.0005709345637973566,3.956555898681307e-05,-0.013703015236738975,False,False,False,False,True
null_metric,no-increment,False,400,4,polynomial_ridge,58,24267610,0.057917799486246785,0.24780337455071108,0.013694987502649207,0.7850748366971859,False,0.059118612283169246,0.602,-9.601340811758383e-05,-0.0006361921173294202,0.00040106107749455887,-0.0050302275287340045,False,False,False,False,True
null_metric,no-increment,False,400,4,polynomial_ridge,59,24267611,0.01313820711379446,0.7933575791029729,0.07737238255358528,0.12283633491165716,False,0.20672761368963902,0.074,-0.0002076472753054226,-0.0008270836480688082,0.00043762789668940795,-0.00844500580607494,False,False,False,False,False
null_metric,no-increment,False,400,4,polynomial_ridge,60,24267612,0.1102715016968856,0.027436040964867077,0.00463312801222895,0.9264940083881332,False,-0.0024847632442569156,0.982,-0.0005854836496782985,-0.0008776122032847989,-0.00031002916562119414,-0.028161000761264827,False,False,False,False,True
null_metric,no-increment,False,400,4,polynomial_ridge,61,24267613,0.024413027581422383,0.6263964560740297,0.05099829179922777,0.3095553736859902,False,0.061251758087201125,0.56,0.00016908424632862407,-0.00024164045962739864,0.0005614538638798807,0.008762852436482754,False,True,False,False,True
null_metric,no-increment,False,400,4,polynomial_ridge,62,24267614,0.10855867849174057,0.029946441502842886,0.0840515014105138,0.09361525257634176,False,0.01994842944210033,0.84,-4.675494496342303e-05,-0.0005606084639063536,0.00038232881045116893,-0.0024894912899520185,False,False,False,False,True
null_metric,no-increment,False,400,4,polynomial_ridge,63,24267615,-0.017790673691710574,0.722793348934621,-0.021885162992605886,0.6629553745657907,False,-0.054524144397562126,0.628,-0.00017456623735792598,-0.0005407292000427958,0.000251767666477668,-0.008598851113064375,False,False,False,False,True
null_metric,no-increment,False,400,4,polynomial_ridge,64,24267616,-0.013808711304445652,0.7830680449208333,0.014831016887434859,0.7677371152915627,False,0.09669479606188468,0.372,-0.0003167883752298352,-0.0006533667344703902,1.9815563166663124e-05,-0.016365286133818886,False,False,False,False,True
null_metric,no-increment,False,400,4,polynomial_ridge,65,24267617,-0.029325558284739275,0.558681218988592,0.003787634228555255,0.9398798793432315,False,0.09629629629629631,0.392,-0.0001516743465894317,-0.0005219268609526469,0.00019993787229078994,-0.008084087436716514,False,False,False,False,True
null_metric,no-increment,False,400,4,polynomial_ridge,66,24267618,0.028727617047606544,0.5667310088073628,-0.0961822293662807,0.05490040496010314,False,-0.2459446788560713,0.026,-0.0001462223303094895,-0.0007505975755410666,0.0004540308184164707,-0.00741875367590442,True,False,False,False,False
null_metric,no-increment,False,400,4,polynomial_ridge,67,24267619,0.01626591416196351,0.7456945252621626,0.01751087116329328,0.7273079870295643,False,0.1263244256915143,0.252,-0.00046972562715723656,-0.0009982633308409394,6.086827399027941e-05,-0.02053235243602788,False,False,False,False,True
null_metric,no-increment,False,400,4,polynomial_ridge,68,24267620,0.029168619803873773,0.5607886395356002,0.027883772428024783,0.5786631699725872,False,0.003984997655883732,0.984,-9.385848331506033e-05,-0.0002279118708118413,6.71667595380343e-05,-0.004606072991450371,False,False,False,False,True
null_metric,no-increment,False,400,4,polynomial_ridge,69,24267621,0.021300133125832035,0.6710424972902661,-0.00038784423349936674,0.9938380968508983,False,0.1325128926394749,0.258,-0.0003451680122347964,-0.0007556812211582565,1.441690987157149e-05,-0.01472482101436938,False,False,False,False,True
null_metric,no-increment,False,400,4,polynomial_ridge,70,24267622,0.1425582659891624,0.004278714123713111,0.09309694625975189,0.06319567568337359,False,0.12501172058134086,0.28,0.00013772078472665608,-0.0006816392783223642,0.000816336846650513,0.0064989695485196996,False,True,False,False,True
null_metric,no-increment,False,400,4,polynomial_ridge,71,24267623,-0.012873080456752855,0.7974362204015388,-0.005504820847999027,0.9127150622275542,False,0.015705578996718237,0.888,-0.0005544739904387759,-0.0007701648776014309,-0.00034670271499928656,-0.032174430975495674,False,False,False,False,True
null_metric,no-increment,False,400,4,polynomial_ridge,72,24267624,0.03299701873136707,0.5105032360915218,0.05011087878363343,0.3180606987828598,False,0.07030004688232537,0.52,-0.0003176341831368813,-0.0006309146773247843,-7.385281916806216e-06,-0.018306116069772876,False,False,False,False,True
null_metric,no-increment,False,400,4,polynomial_ridge,73,24267625,0.02349220932630829,0.6394710682915579,-0.0017706926526253098,0.9718735202973829,False,0.015072667604313177,0.896,-0.00019670652815989217,-0.0006242682823517546,0.00024691621455553303,-0.008931126709229194,False,False,False,False,True
null_metric,no-increment,False,400,4,polynomial_ridge,74,24267626,0.07953180957380983,0.11224679746649298,-0.01517366295351217,0.7625299704338415,False,-0.029910923581809662,0.788,-0.0003070688747719985,-0.0007289334372917398,8.160347479076722e-05,-0.013840014842114803,False,False,False,False,True
null_metric,no-increment,False,400,4,polynomial_ridge,75,24267627,-0.022262576641104006,0.6571053846090626,0.06282428074687674,0.2104918292224342,False,-0.06722925457102674,0.57,-0.000158715885300649,-0.000628600746910169,0.0002998958206727342,-0.008381471589617936,False,False,False,False,True
null_metric,no-increment,False,400,4,polynomial_ridge,76,24267628,0.04074269214182589,0.4164237865087897,0.004021715981935457,0.936172037056638,False,0.06263478668541961,0.588,-0.00016938137891450017,-0.0004926081435949328,0.00015529121706377453,-0.009234172305979595,False,False,False,False,True
null_metric,no-increment,False,400,4,polynomial_ridge,77,24267629,0.013242270264189148,0.7917582288048578,0.008727289986504202,0.8620353268802579,False,0.09360056258790436,0.434,-0.0002601955641469596,-0.0007008083423243521,0.00017849943300863834,-0.014123241600280565,False,False,False,False,True
null_metric,no-increment,False,400,4,polynomial_ridge,78,24267630,0.07287645547784674,0.14569614147341825,0.12424104540885572,0.01300777381842404,True,0.2096108766994843,0.066,0.0001362598979272045,-0.0008687237682532784,0.0010187140358286786,0.007552155007621338,False,True,False,False,False
null_metric,no-increment,False,400,4,polynomial_ridge,79,24267631,0.02944105900661879,0.5571326906537213,-0.07210151850380059,0.1505533181437937,False,-0.00618846694796062,0.96,-0.0002031618195257462,-0.0006936615902405685,0.0003383028360835948,-0.009342732295726231,False,False,False,False,True
null_metric,no-increment,False,400,4,polynomial_ridge,80,24267632,-0.05811805073781711,0.24616939860271517,-0.04375230938190024,0.3834117610069773,False,-0.12475386779184248,0.296,-0.00046710385867380563,-0.0009190060530111194,7.066639774816969e-06,-0.024362406977888173,False,False,False,False,True
null_metric,no-increment,False,400,4,polynomial_ridge,81,24267633,-0.05175201095006843,0.3018411940618047,-0.1265871330167429,0.011379246975568299,True,-0.18241912798874826,0.102,0.0002883652239484072,-0.0004746613014290364,0.001046402640041813,0.011770333298049577,False,True,False,False,False
null_metric,no-increment,False,400,4,polynomial_ridge,82,24267634,-0.04588809930062063,0.3599963081977899,-0.08007966602057646,0.11023507298496744,False,-0.018823253633380214,0.882,-0.0002753325414737301,-0.0008023774724675863,0.00028613072891443315,-0.012860898712971733,False,False,False,False,True
null_metric,no-increment,False,400,4,polynomial_ridge,83,24267635,0.04640541503384396,0.35460057369889453,0.06592441951602238,0.18879984015398665,False,0.023816221284575712,0.836,-2.1254475122113592e-05,-0.0003731943133112774,0.00034748100397319294,-0.0011833104787450958,False,False,False,False,True
null_metric,no-increment,False,400,4,polynomial_ridge,84,24267636,-0.0014218213863836648,0.9773850360434911,0.014945651561723228,0.7659938521602075,False,-0.23012189404594469,0.044,-0.000574228378727358,-0.0008831838638577865,-0.00030332005345162473,-0.027819917354198614,True,False,False,False,False
null_metric,no-increment,False,400,4,polynomial_ridge,85,24267637,-0.03638760242251514,0.46801355889238194,0.044641806271020275,0.37380684588643387,False,-0.10459446788560713,0.362,2.729103680445405e-05,-0.00039328037018492625,0.0004435809497726336,0.0013948878008000565,False,True,False,False,True
null_metric,no-increment,False,400,4,polynomial_ridge,86,24267638,0.11166388539928374,0.02553067052655128,0.14726845212971693,0.003192698998370832,True,0.2273792780121894,0.044,1.3574746970557161e-05,-0.0006122540080446985,0.0006534323531669243,0.000556335062003167,True,True,False,False,False
null_metric,no-increment,False,400,4,polynomial_ridge,87,24267639,0.030233813961337258,0.5465607205498252,0.007790970552476977,0.8767120365984866,False,0.16666666666666669,0.132,-0.0003948484700080912,-0.0006210728709960148,-0.00018419902055806118,-0.021224069481708106,False,False,False,False,False
null_metric,no-increment,False,400,4,polynomial_ridge,88,24267640,-0.07007856299101868,0.16184136140595243,-0.04501786464576818,0.36979112147398774,False,0.18802156586966715,0.094,-0.00041900191326655484,-0.0007801269633021302,-5.197912633111835e-05,-0.02024429815542708,False,False,False,False,False
null_metric,no-increment,False,400,4,polynomial_ridge,89,24267641,0.0018575741098381864,0.9704569008132914,-0.019462038683589353,0.6983335556698228,False,-0.024847632442569153,0.814,-0.0005714065144280002,-0.0011824575871707376,-4.370492556870832e-05,-0.02398875910171072,False,False,False,False,True
null_metric,no-increment,False,400,4,polynomial_ridge,90,24267642,0.021984324902030637,0.6611228138064964,0.001486703004323555,0.9763831017637247,False,-0.01258790436005626,0.91,-0.00034164612867791655,-0.0010663944146476236,0.00032200784225938693,-0.014595328215809838,False,False,False,False,True
null_metric,no-increment,False,400,4,polynomial_ridge,91,24267643,0.022053700335627098,0.6601202475190618,0.0017225441643397331,0.9726380296506199,False,-0.08213783403656823,0.464,-0.00031872188102982646,-0.0006927095555521872,6.310663825058424e-05,-0.016144246583079173,False,False,False,False,True
null_metric,no-increment,False,400,4,polynomial_ridge,92,24267644,-0.014372902330639566,0.7744390993751252,-0.07336338851272316,0.14352026876671659,False,-0.06547116736990155,0.54,2.661174230988994e-05,-0.0002949922562648738,0.00034642213822779183,0.0015184910091125008,False,True,False,False,True
null_metric,no-increment,False,400,4,polynomial_ridge,93,24267645,-0.0013533834586466162,0.9784733145394149,0.03356834292885303,0.5037430821218568,False,-0.0006329113924050633,0.994,-0.0005467056747045611,-0.0011127108290169836,6.296508976940036e-06,-0.024640325764701775,False,False,False,False,True
null_metric,no-increment,False,400,4,polynomial_ridge,94,24267646,-0.008262051637822735,0.8691590831177023,0.004572029601895463,0.9274606705059392,False,0.06136896390060948,0.59,-0.0005048408928221698,-0.0007575000156639256,-0.00024719164240469694,-0.02391875230876277,False,False,False,False,True
null_metric,no-increment,False,400,4,polynomial_ridge,95,24267647,-0.07570359814748842,0.13066024954464817,-0.013465824641879289,0.7885854689187001,False,-0.2781997187060478,0.008,-0.00010235461438294624,-0.0006393039978172991,0.00036557913714508754,-0.005398708150974711,True,False,False,False,False
null_metric,no-increment,False,400,4,polynomial_ridge,96,24267648,-0.0707541297133107,0.15782493368238062,-0.012713356205519107,0.8001425706106554,False,0.043858415377402725,0.696,-0.0002880004449173322,-0.0005160236487952605,-5.842654856612501e-05,-0.01171426431319464,False,False,False,False,True
null_metric,no-increment,False,400,4,polynomial_ridge,97,24267649,-0.0064059775373596075,0.8983706326704981,-0.09576200032792304,0.055974058501936486,False,-0.1425925925925926,0.2,6.209231787293948e-05,-0.0005851845341855317,0.0008087422691770975,0.0030088107087164104,False,True,False,False,True
null_metric,no-increment,False,400,4,polynomial_ridge,98,24267650,0.05522884518028237,0.2704784711252473,0.00218906722293905,0.9652316615513648,False,0.037318330989217066,0.728,-0.00015825381761301605,-0.0005667238745000836,0.00022364301874821615,-0.007643144768631688,False,False,False,False,True
null_metric,no-increment,False,400,4,polynomial_ridge,99,24267651,0.05809930062062888,0.24632207258482172,-0.0010792029498777503,0.9828552303166308,False,-0.06533052039381153,0.582,-0.00028994586375723913,-0.000555635357422863,-6.63095980508684e-06,-0.016694868777941813,False,False,False,False,True
null_metric,no-increment,False,800,4,polynomial_ridge,0,28270352,0.03047664918226435,0.38931409389728877,-0.008950142995140261,0.8005781125306951,False,-0.046768428454236496,0.57,-0.00021530070170424492,-0.0003523212412286951,-5.995718723817967e-05,-0.011141170298927921,False,False,False,False,True
null_metric,no-increment,False,800,4,polynomial_ridge,1,28270353,-0.022594746241791003,0.5233707523167466,-0.014579847590537112,0.6807065236303137,False,0.015900035157623345,0.852,-0.0003084522171337388,-0.0005283041404000256,-8.694714645673759e-05,-0.014214586577874687,False,False,False,False,True
null_metric,no-increment,False,800,4,polynomial_ridge,2,28270354,0.017929082701691725,0.6126047863818819,-0.028198320183055275,0.42604325098525525,False,-0.05286534630258995,0.498,-2.971132187012948e-05,-0.00028589028608414695,0.0002220531651984926,-0.0013809414422579337,False,False,False,False,True
null_metric,no-increment,False,800,4,polynomial_ridge,3,28270355,0.04046216478463248,0.2529881431953447,0.061846516056895444,0.08061552185294477,False,0.006407476854564632,0.95,2.2836498900939695e-05,-0.00025677830756023085,0.0002994377686113134,0.0011797615977672724,False,True,False,False,True
null_metric,no-increment,False,800,4,polynomial_ridge,4,28270356,0.028441380377156843,0.4217733995595554,0.060171211348919985,0.08918505110803872,False,0.03219559357787414,0.692,6.770985589843806e-05,-0.00021109392888837952,0.00032525540642591163,0.003179801589548624,False,True,False,False,True
null_metric,no-increment,False,800,4,polynomial_ridge,5,28270357,-0.042434081928253015,0.23057444384452566,-0.004776279917052278,0.8927711620289807,False,0.019371850462908707,0.812,-0.00016671198935418532,-0.00044351034382050347,0.00010258672077872751,-0.008434909790336263,False,False,False,False,True
null_metric,no-increment,False,800,4,polynomial_ridge,6,28270358,0.04724986289041077,0.1818488584686329,-0.002978775407308775,0.9330022221133918,False,-0.06828196413922419,0.438,-0.00014726865750651005,-0.00031496403618330054,1.1920138701754767e-05,-0.007723782065234108,False,False,False,False,True
null_metric,no-increment,False,800,4,polynomial_ridge,7,28270359,0.00037931309267670734,0.9914533682125577,0.0022578304209452398,0.9491921233265774,False,-0.08066623696238134,0.304,-0.0001197150239779371,-0.0002580919380471003,3.162475911576739e-05,-0.006540344528732252,False,False,False,False,True
null_metric,no-increment,False,800,4,polynomial_ridge,8,28270360,0.013857490402328755,0.6955348888891797,0.0010088031538928312,0.9772866670492945,False,0.03366928395640455,0.656,-0.00021126526442131685,-0.00037272538561292757,-6.27522543435635e-05,-0.00927169710702829,False,False,False,False,True
null_metric,no-increment,False,800,4,polynomial_ridge,9,28270361,-0.024263498849216955,0.4931526153211137,0.014728660574145883,0.6776297373624053,False,0.039681237548341734,0.656,-0.00026811691370971086,-0.000445903239064215,-0.00010368100946554536,-0.011298451491116903,False,False,False,False,True
null_metric,no-increment,False,800,4,polynomial_ridge,10,28270362,-0.007529472702301099,0.8316111516189121,-0.04066004795401942,0.25097012205230856,False,-0.0654048986288527,0.448,-0.00023150143803624124,-0.0004607243803743206,-8.52246307877337e-06,-0.010357774878763392,False,False,False,False,True
null_metric,no-increment,False,800,4,polynomial_ridge,11,28270363,-0.027002596879057626,0.4456461304187697,-0.047734260464153716,0.17767745894499223,False,0.03003046994023204,0.706,3.816975487768923e-05,-0.00025197802049702967,0.0003219954475464387,0.0017164628632121166,False,True,False,False,True
null_metric,no-increment,False,800,4,polynomial_ridge,12,28270364,-0.025569625890040457,0.47016815894454245,-0.037908677667943834,0.2845040552811478,False,-0.04266084612680183,0.59,-0.00022173967959517038,-0.00041058549863010106,-1.8622451037506347e-05,-0.009276004129193683,False,False,False,False,True
null_metric,no-increment,False,800,4,polynomial_ridge,13,28270365,-0.032441253814459094,0.35946568988283334,-0.012922245469676205,0.7153270271552199,False,0.11104242353216923,0.202,-0.0002631230845112284,-0.00044223480598936087,-8.192713490437817e-05,-0.013340238168053915,False,False,False,False,True
null_metric,no-increment,False,800,4,polynomial_ridge,14,28270366,-0.05544158662747912,0.1171431690966335,-0.035043758633014226,0.32250633195886863,False,-0.03997128794093519,0.638,-0.00033029161074662333,-0.0005544843786298125,-8.688170785322487e-05,-0.015415376068722602,False,False,False,False,True
null_metric,no-increment,False,800,4,polynomial_ridge,15,28270367,0.05264253537896153,0.1368407957055118,0.0271366375422192,0.4436761097667959,False,-0.01459041368803469,0.846,-0.00012230050865587316,-0.0003857250802016998,0.0001545329515730913,-0.0064590178864385875,False,False,False,False,True
null_metric,no-increment,False,800,4,polynomial_ridge,16,28270368,0.001352158362747442,0.9695401558599382,-0.017294343989332793,0.6254625334129214,False,-0.009050158209305052,0.9,-0.00021449430758700705,-0.00034758942800020774,-8.492944427443773e-05,-0.010294666870460541,False,False,False,False,True
null_metric,no-increment,False,800,4,polynomial_ridge,17,28270369,0.04634843179442468,0.1903360515993565,0.0378200104127627,0.28563284910618686,False,0.048576116254541196,0.518,-0.00013953279250381728,-0.00037615613577303696,8.721772021739722e-05,-0.006636887366856599,False,False,False,False,True
null_metric,no-increment,False,800,4,polynomial_ridge,18,28270370,0.03825055195398743,0.2798782938414031,0.049998588262875523,0.15796172826864743,False,0.014649009726942459,0.852,-2.812757962960058e-05,-0.0002747074733914608,0.00022101185453527012,-0.0013611511672800385,False,False,False,False,True
null_metric,no-increment,False,800,4,polynomial_ridge,19,28270371,-0.05470649172889333,0.12208725111378194,0.008517924763901492,0.8100201147348126,False,-0.06584436892066095,0.42,-0.00010372049192691399,-0.0003316581218732877,9.16403715402034e-05,-0.0045887908585220735,False,False,False,False,True
null_metric,no-increment,False,800,4,polynomial_ridge,20,28270372,-0.0006053446958510873,0.9863608571266617,-0.023304896358845546,0.5106615660312502,False,-0.05719559357787413,0.456,-0.00025195874542405933,-0.00043697097352394073,-4.339069899326312e-05,-0.011579972419881126,False,False,False,False,True
null_metric,no-increment,False,800,4,polynomial_ridge,21,28270373,-0.016506869541983663,0.6410820079287886,-0.05449676468532092,0.12376284341722046,False,-0.12001347708894879,0.146,-0.0002440940124132096,-0.0004660363584193594,-4.077866533691603e-05,-0.010543570265510963,False,False,False,False,True
null_metric,no-increment,False,800,4,polynomial_ridge,22,28270374,0.032904309225483167,0.35264511437720847,-0.032867620382839406,0.35348452117835283,False,-0.15166412750498068,0.068,7.064325491409548e-05,-0.00024596565176639233,0.0003759174493557016,0.003172399949895646,False,True,False,False,False
null_metric,no-increment,False,800,4,polynomial_ridge,23,28270375,0.02325193476864808,0.5113580917908644,0.03511940881620784,0.3214622109525467,False,0.14088831594984177,0.082,1.97077329075028e-05,-0.0003076778844506123,0.00038772941793300874,0.0009294646308075046,False,True,False,False,True
null_metric,no-increment,False,800,4,polynomial_ridge,24,28270376,-0.021209681577627468,0.5491530445080853,-0.061437440525549974,0.08264384052835275,False,-0.053662252431735606,0.476,3.682678499384445e-05,-0.00023871700600351873,0.0002842099968656153,0.001760082189565062,False,True,False,False,True
null_metric,no-increment,False,800,4,polynomial_ridge,25,28270377,0.04222040190687799,0.23293283626273026,0.015542480434614427,0.6608995251577646,False,-0.044957810851986406,0.578,-0.0002216385955812368,-0.0005120379185347301,8.249536643945066e-05,-0.011671833573909414,False,False,False,False,True
null_metric,no-increment,False,800,4,polynomial_ridge,26,28270378,-0.020452602269691048,0.5635052803221479,0.017453759564883996,0.622278736994197,False,-0.05482245400210946,0.552,-0.00018937876085550406,-0.0003868334148743524,-4.499917187022172e-06,-0.00908407189232414,False,False,False,False,True
null_metric,no-increment,False,800,4,polynomial_ridge,27,28270379,-0.03933313177051839,0.26648251069924506,-0.05730482798801169,0.10553201110044699,False,-0.12556545177545997,0.118,0.00010676633521577994,-0.00027066867510144453,0.0004843544229931279,0.005287340867920982,False,True,False,False,True
null_metric,no-increment,False,800,4,polynomial_ridge,28,28270380,-0.06239208186262792,0.0777869241822503,-0.011158747348726994,0.7528104721650768,False,-0.1104623227469823,0.162,-0.00018360980103448998,-0.00040474988443617863,2.1920078362867244e-05,-0.008321339113276748,False,False,False,False,True
null_metric,no-increment,False,800,4,polynomial_ridge,29,28270381,-0.003209958140559595,0.9277710216347673,-0.03772471783049644,0.28684935212059803,False,-0.05258701511777804,0.504,-0.0001613328131008368,-0.00037731230542031787,4.2194786523454516e-05,-0.007549297799993715,False,False,False,False,True
null_metric,no-increment,False,800,4,polynomial_ridge,30,28270382,-0.06318645029132859,0.07407119951202991,-0.04745086047274063,0.18026847253311623,False,0.03997714754482597,0.56,-0.0003194951048244195,-0.0005936059681094262,-8.063134101056411e-05,-0.01601438519544159,False,False,False,False,True
null_metric,no-increment,False,800,4,polynomial_ridge,31,28270383,0.047739308967670264,0.1773596423564079,0.025789183222764276,0.46664295455799065,False,0.06850169928512831,0.378,-0.00014017469898708682,-0.00032118310850855094,4.888187910588681e-05,-0.00648552514975149,False,False,False,False,True
null_metric,no-increment,False,800,4,polynomial_ridge,32,28270384,0.026160017437527248,0.45997590313244147,0.022074945550707294,0.5332303612015603,False,-0.02995429508965194,0.706,-0.0002983962210171831,-0.00048593074744299555,-0.00012834073159868334,-0.015675359971570563,False,False,False,False,True
null_metric,no-increment,False,800,4,polynomial_ridge,33,28270385,0.014930882704504225,0.6732642194978092,0.028336690383534185,0.42377558880051114,False,0.007846009609750381,0.934,-8.832095048604688e-05,-0.00027056046372309696,9.225456730045968e-05,-0.004580110267738647,False,False,False,False,True
null_metric,no-increment,False,800,4,polynomial_ridge,34,28270386,0.04878410747516793,0.16805321939446521,0.08597926979411928,0.015055605483924447,True,-0.037378413219266375,0.622,7.52032147670334e-05,-0.0002722369009037699,0.0003959663718471076,0.00353444768787071,False,True,False,False,True
null_metric,no-increment,False,800,4,polynomial_ridge,35,28270387,-0.05895327961449941,0.09565512953800016,-0.022636575881017702,0.5228626907282957,False,0.030089065979139813,0.678,-0.00020454931886583483,-0.00041954009470118405,1.1169361662365372e-05,-0.01101822988360124,False,False,False,False,True
null_metric,no-increment,False,800,4,polynomial_ridge,36,28270388,0.019645765071507927,0.5789966869951032,-0.00018866489696679845,0.9957516327834985,False,0.054163248564397054,0.516,-3.490585627892104e-05,-0.00034434590587156577,0.00023405859295928284,-0.001574185108747238,False,False,False,False,True
null_metric,no-increment,False,800,4,polynomial_ridge,37,28270389,-0.0218619482217941,0.5369338608934099,0.0031522385543048316,0.9291107179689657,False,-0.05066799484354857,0.51,-0.0001675614799940793,-0.0003192305729351086,-4.1156258707351444e-05,-0.008249242384119048,False,False,False,False,True
null_metric,no-increment,False,800,4,polynomial_ridge,38,28270390,0.03338520060187594,0.345648952312761,0.00220237803395313,0.950438343081556,False,0.09748330012891128,0.208,2.5336739604375075e-05,-0.0002009807603160298,0.00028188027546144817,0.0013017216926483545,False,True,False,False,True
null_metric,no-increment,False,800,4,polynomial_ridge,39,28270391,0.000554532116456432,0.9875056278660885,-0.0014926303108349873,0.966398624105366,False,0.019571076995195124,0.766,-4.065885252774182e-05,-0.00020218897993606123,9.333033215061389e-05,-0.0021164944014971255,False,False,False,False,True
null_metric,no-increment,False,800,4,polynomial_ridge,40,28270392,0.010612868145106478,0.7643935509363791,-0.005292361276261788,0.8812665466533337,False,0.0425143560295324,0.592,-0.00018318287303700082,-0.0003544613806212801,-6.182735090812217e-06,-0.007658038779073959,False,False,False,False,True
null_metric,no-increment,False,800,4,polynomial_ridge,41,28270393,-0.024126623635349433,0.4955955642775176,-0.02063725446258972,0.5602342980017279,False,0.010145904136880346,0.888,-0.0003168422419171646,-0.0005128710064290176,-0.00011430796645657071,-0.015382120419515982,False,False,False,False,True
null_metric,no-increment,False,800,4,polynomial_ridge,42,28270394,-0.042753840240375374,0.22707698797858555,-0.011542928334548072,0.7445913895678695,False,-0.03805812727059651,0.654,-8.391768297045729e-05,-0.00029072533715771156,0.00014303269942636169,-0.004059498718582449,False,False,False,False,True
null_metric,no-increment,False,800,4,polynomial_ridge,43,28270395,0.009392264675413556,0.7908216322590281,-0.0320446908221477,0.3656729367044613,False,0.03512246572131724,0.678,-0.00013088765180569936,-0.00032395156486920556,8.829852064039186e-05,-0.00659626684880093,False,False,False,False,True
null_metric,no-increment,False,800,4,polynomial_ridge,44,28270396,-0.019788312169237765,0.5762452889346531,-0.01401354342851274,0.6924633487680011,False,-0.040240829719910935,0.608,-0.00021491699895097652,-0.0004220915467683186,5.980255335384066e-06,-0.01072671248778023,False,False,False,False,True
null_metric,no-increment,False,800,4,polynomial_ridge,45,28270397,-0.007383597474371054,0.8348261150425773,0.023312048467202598,0.5105318023354658,False,-0.014051330130083207,0.866,-2.9654246938119744e-06,-0.0002181519992454644,0.0001998697018946758,-0.00014537979573424863,False,False,False,False,True
null_metric,no-increment,False,800,4,polynomial_ridge,46,28270398,0.04645286945760853,0.1893380904074736,0.01957370557866858,0.5806273474015625,False,0.002223719676549865,0.978,-0.0002156494320985393,-0.0003771150111129274,-4.2256592875102165e-05,-0.010489188239655393,False,False,False,False,True
null_metric,no-increment,False,800,4,polynomial_ridge,47,28270399,0.004254405085007945,0.9043681780409041,0.07684425412329182,0.029860456502213233,True,0.03512246572131724,0.638,-3.897787319465801e-06,-0.0002524477017146781,0.00023322008330094846,-0.00021842628271872948,False,False,False,False,True
null_metric,no-increment,False,800,4,polynomial_ridge,48,28270400,-0.011584518100809533,0.7435481636755336,-0.029655677398533906,0.4025158083198419,False,-0.08101781319582796,0.33,-3.2233193715286435e-05,-0.0002930739878719653,0.0002295270337879216,-0.0014936764283672293,False,False,False,False,True
null_metric,no-increment,False,800,4,polynomial_ridge,49,28270401,0.031276595744680856,0.3769831288412582,0.023581722844921656,0.5056515710318551,False,0.020227352630962144,0.798,-9.339926069477922e-05,-0.00036770052749046824,0.00019488375978434102,-0.004254244352353163,False,False,False,False,True
null_metric,no-increment,False,800,4,polynomial_ridge,50,28270402,-0.035430406922510815,0.3168893984779274,-0.04057524882716449,0.2519606847992184,False,0.04328489394116958,0.614,-0.00024996178358309765,-0.0004935373678136484,9.679388014209916e-06,-0.01105851008896685,False,False,False,False,True
null_metric,no-increment,False,800,4,polynomial_ridge,51,28270403,-0.049817843465380415,0.15921034988708313,-0.05817742876323592,0.10032194393848616,False,0.06715106058830422,0.362,-0.00015552363272327424,-0.000426909191023378,0.00011812496975706634,-0.0075319718015254816,False,False,False,False,True
null_metric,no-increment,False,800,4,polynomial_ridge,52,28270404,-0.0399857031026611,0.2586237922794996,0.007490018188147226,0.8325839246168837,False,-0.026470760576585022,0.714,-0.0001677307757392034,-0.0003630728534520784,4.915575232358063e-05,-0.008696833867008648,False,False,False,False,True
null_metric,no-increment,False,800,4,polynomial_ridge,53,28270405,-0.059996015618774406,0.08992035344555954,-0.010595619807985741,0.7649083663534295,False,-0.08079221844603304,0.318,-0.00018509801537104284,-0.00038630377719069863,1.8422298325853615e-05,-0.008575987693801947,False,False,False,False,True
null_metric,no-increment,False,800,4,polynomial_ridge,54,28270406,-0.0018965185883102944,0.9572874638496722,0.05760009927373586,0.10374555499510846,False,0.0001025430680885972,1.0,0.00012508286774798316,-0.0002163562312085414,0.0004546520760459142,0.005501446960130402,False,True,False,False,True
null_metric,no-increment,False,800,4,polynomial_ridge,55,28270407,-0.014280280125437698,0.6867302477033426,-0.019929516874940892,0.573766305863169,False,0.10708426110394936,0.19,-0.0001492420678397867,-0.00037244463022716216,0.00010332289358004862,-0.007341679025560821,False,False,False,False,True
null_metric,no-increment,False,800,4,polynomial_ridge,56,28270408,-0.005494485147633043,0.8766907035383052,-0.056679776031866635,0.1093940384380549,False,-0.10778741357084262,0.21,-8.429413117569395e-05,-0.00035060923650695073,0.00020335579411735036,-0.004339161471606447,False,False,False,False,True
null_metric,no-increment,False,800,4,polynomial_ridge,57,28270409,0.0023021051595393124,0.9481647324332867,0.005255169782710798,0.8820948228499063,False,0.038693894292745806,0.622,-0.00016906235889548038,-0.00030849507071475365,-5.585633577218193e-05,-0.0070765989604608635,False,False,False,False,True
null_metric,no-increment,False,800,4,polynomial_ridge,58,28270410,-0.03818694247959763,0.2806793566917162,-0.011057560411950555,0.7549799476128787,False,-0.09227997187390131,0.234,-0.00024833796474241915,-0.0003626048698472538,-0.00014578007085871075,-0.012586597510657008,False,False,False,False,True
null_metric,no-increment,False,800,4,polynomial_ridge,59,28270411,-0.012141440846001323,0.7316831127286889,0.0443611054266591,0.21035473231473673,False,0.035444743935309976,0.656,2.4960721707094347e-05,-0.00026139711446020387,0.00031754458979344754,0.0011078872072287644,False,True,False,False,True
null_metric,no-increment,False,800,4,polynomial_ridge,60,28270412,-0.004382256847276324,0.9015086878066023,-0.014945673611932482,0.6731524951157078,False,-0.0839358959334349,0.322,-6.886166317808182e-05,-0.00023797389285034118,0.00010844419487048602,-0.0033808128446829572,False,False,False,False,True
null_metric,no-increment,False,800,4,polynomial_ridge,61,28270413,0.02339220842532567,0.5088127866221738,0.011888601536204751,0.7372208340968008,False,-0.14768838626508848,0.072,-5.365791500617362e-05,-0.0002748229319220808,0.0001683982162041029,-0.002448591223722866,False,False,False,False,True
null_metric,no-increment,False,800,4,polynomial_ridge,62,28270414,0.014237412870957611,0.6876210569970774,0.004746396356241404,0.8934380481127655,False,-0.12127036212352045,0.122,-8.807543285197297e-05,-0.0003030296563278842,0.00010891844963271588,-0.00495941395186534,False,False,False,False,True
null_metric,no-increment,False,800,4,polynomial_ridge,63,28270415,0.009912038925060823,0.7795363473727718,0.0017957397089750611,0.9595805079905487,False,0.0033985702566506504,0.976,-0.00012518718319750807,-0.00033081264351122374,8.239766395208426e-05,-0.005980483545348684,False,False,False,False,True
null_metric,no-increment,False,800,4,polynomial_ridge,64,28270416,-0.01723936287400449,0.6263458043106864,0.007852717749405776,0.8246054743100829,False,0.01753486464315012,0.852,-0.0001364150328135444,-0.0004140916501810014,0.00015184246873107046,-0.0065068843495582705,False,False,False,False,True
null_metric,no-increment,False,800,4,polynomial_ridge,65,28270417,-0.016758448060075096,0.6360044632799107,0.011198675213380931,0.7519549426645961,False,0.03600433610687918,0.652,-0.00014501620956994601,-0.0005240947196597048,0.00017717726866788009,-0.006396206422862683,False,False,False,False,True
null_metric,no-increment,False,800,4,polynomial_ridge,66,28270418,0.022628566607135324,0.5227490455666224,-0.015822320865157512,0.6551849941094959,False,0.05886558068674557,0.502,-4.7693915853373736e-05,-0.00021913108538050883,0.00011572481784874755,-0.0025870064075971563,False,False,False,False,True
null_metric,no-increment,False,800,4,polynomial_ridge,67,28270419,-0.06997107807980951,0.04788228260887582,-0.04130062649302822,0.24357496453231642,False,-0.08602777452244229,0.25,-6.876121728545057e-05,-0.00034092584993210956,0.00016866734515835977,-0.003052980263466865,False,False,False,False,True
null_metric,no-increment,False,800,4,polynomial_ridge,68,28270420,0.015470414797523122,0.6621756325859459,-0.00015184447971179426,0.9965807514188518,False,0.06332766904957225,0.38,-0.0002568341807314134,-0.0004513011018960186,-5.7603360954005045e-05,-0.01232746255424015,False,False,False,False,True
null_metric,no-increment,False,800,4,polynomial_ridge,69,28270421,-0.023910623297848904,0.4994638186573495,-0.009259661868333468,0.7938342737200129,False,-0.06851341849290987,0.382,-7.749463567939194e-05,-0.00021096163553238802,5.540125403056419e-05,-0.0035625607385359973,False,False,False,False,True
null_metric,no-increment,False,800,4,polynomial_ridge,70,28270422,-0.001972667144792414,0.955574216271614,-0.011617401315770272,0.743001451844158,False,0.06356205320520333,0.448,-0.00012145168754383595,-0.00030342469821113675,7.645060398378783e-05,-0.005866600437981556,False,False,False,False,True
null_metric,no-increment,False,800,4,polynomial_ridge,71,28270423,0.006610018140653345,0.8519199666238466,-0.028412720423398534,0.4225325862937821,False,-0.05151763740771124,0.516,-0.00014806491442939315,-0.00030920538774876,1.2487130021272712e-05,-0.007633474827890274,False,False,False,False,True
null_metric,no-increment,False,800,4,polynomial_ridge,72,28270424,-0.029142584597788436,0.41041545101111204,-0.05035085581602658,0.15504928295096346,False,-0.00038087425290050394,0.996,-0.00011170514629708916,-0.00038554429855433656,0.00017096909958402696,-0.0061435727283067985,False,False,False,False,True
null_metric,no-increment,False,800,4,polynomial_ridge,73,28270425,0.0041569518077372,0.9065486194767195,0.02207086638499314,0.5333060401752708,False,0.08429333177077229,0.272,-8.473726111221658e-06,-0.00019355360954110933,0.00017502246388085923,-0.00045414517392237334,False,False,False,False,True
null_metric,no-increment,False,800,4,polynomial_ridge,74,28270426,0.007933207708137045,0.8227279915412482,0.016325143150099666,0.6449676787306462,False,0.07819348412047344,0.31,-0.00020053957570743616,-0.0003502780595037919,-7.619842870739447e-05,-0.009823894151980334,False,False,False,False,True
null_metric,no-increment,False,800,4,polynomial_ridge,75,28270427,-0.027925449883515446,0.43024656543677564,-0.015226812226337443,0.6673694318276875,False,-0.029201335989687095,0.684,8.850348982264444e-06,-0.0003163219670046172,0.0003496782464463902,0.00044932342830233843,False,True,False,False,True
null_metric,no-increment,False,800,4,polynomial_ridge,76,28270428,0.022939793655927587,0.517045703973054,-0.025076452894432288,0.4790524823800475,False,0.03208133130200398,0.676,-7.034806389732279e-06,-0.0002884770119402217,0.0003298319462445195,-0.00032707068355643595,False,False,False,False,True
null_metric,no-increment,False,800,4,polynomial_ridge,77,28270429,0.03734206615947838,0.29146668213151616,-0.009480212191953915,0.7890382312353721,False,-0.1035626391655924,0.204,-0.00024155914022624958,-0.0004434726119894252,-3.207341205585135e-05,-0.011107104570523206,False,False,False,False,True
null_metric,no-increment,False,800,4,polynomial_ridge,78,28270430,-0.056035376617775974,0.11326518731653176,-0.10997295076768823,0.00185107927074548,True,-0.2355970936364702,0.004,0.00010747866316429197,-0.00018956934283889342,0.0004351271765972117,0.005722821373496977,True,True,False,False,False
null_metric,no-increment,False,800,4,polynomial_ridge,79,28270431,-0.004477741371470893,0.8993739421981709,-0.01627137291713459,0.6460571404621565,False,0.10097562404781436,0.202,-9.876050348395574e-05,-0.00024896637594729303,6.741867866666297e-05,-0.00479552569862171,False,False,False,False,True
null_metric,no-increment,False,800,4,polynomial_ridge,80,28270432,-0.012595613430645988,0.7220541572090642,-0.01381817418284817,0.6965367303898509,False,-0.08296027188562054,0.296,-0.00020545724139882024,-0.00042394273292847726,3.5636682038832375e-06,-0.008525142399911567,False,False,False,False,True
null_metric,no-increment,False,800,4,polynomial_ridge,81,28270433,0.009155709618296278,0.7959723776567726,-0.007330772856503202,0.8360924060660301,False,-0.05714285714285714,0.496,-0.00015663538067639884,-0.00026621800056722626,-3.5153810413077724e-05,-0.007476150080586322,False,False,False,False,True
null_metric,no-increment,False,800,4,polynomial_ridge,82,28270434,-0.00547953199926875,0.8770236190220553,-0.023604975850168557,0.5052319180074036,False,-0.055918199929684755,0.484,-0.0003686134854235662,-0.0005731230250001744,-0.00016250074576126865,-0.017667390641352657,False,False,False,False,True
null_metric,no-increment,False,800,4,polynomial_ridge,83,28270435,-0.010866345103664226,0.7589384138783355,-0.06135709954110288,0.08304700532695562,False,-0.0423121996953006,0.574,-5.959751866359275e-05,-0.000262063123907966,0.00013866740643048313,-0.003089687350747541,False,False,False,False,True
null_metric,no-increment,False,800,4,polynomial_ridge,84,28270436,-0.05283791068423545,0.1353879468130797,0.0025618007662250118,0.942363072040204,False,0.07159264033751318,0.394,-0.0001773769789472357,-0.00031911566934858537,-5.8786004968090923e-05,-0.008328869717126607,False,False,False,False,True
null_metric,no-increment,False,800,4,polynomial_ridge,85,28270437,0.032710012046893826,0.3554970018509361,0.0273852379446333,0.43951035459049614,False,-0.0010312902847767489,0.992,-0.0002751071602920749,-0.00045239691575028006,-7.987080818729966e-05,-0.013599172147712542,False,False,False,False,True
null_metric,no-increment,False,800,4,polynomial_ridge,86,28270438,-0.02292955145242415,0.5172328826555388,-0.0018492821024901002,0.9583764224848453,False,0.025123051681706317,0.726,-7.529973082397515e-05,-0.00026399031030435163,0.0001031220050238958,-0.003611445311369269,False,False,False,False,True
null_metric,no-increment,False,800,4,polynomial_ridge,87,28270439,0.025516141431470987,0.47109760177905424,0.016139149100783984,0.6487394045895,False,-0.06290284776749093,0.4,-0.00026998305262791386,-0.0004109795553907286,-0.00013319560896830185,-0.013946615227155757,False,False,False,False,True
null_metric,no-increment,False,800,4,polynomial_ridge,88,28270440,-0.05440424125662697,0.12416674734008691,0.019670065694041068,0.5787654707892891,False,0.18942341497714751,0.02,-0.00014225474299409124,-0.00031233055853676516,1.3601973784638929e-05,-0.007607156348291127,True,False,False,False,False
null_metric,no-increment,False,800,4,polynomial_ridge,89,28270441,-0.0046649369764640266,0.8951909359849425,-0.014290983138738928,0.6866940724238085,False,-0.07338860893003632,0.358,-0.0001497954612030561,-0.0003737296306606915,7.49078596338364e-05,-0.007633023672490484,False,False,False,False,True
null_metric,no-increment,False,800,4,polynomial_ridge,90,28270442,0.0070892688894826405,0.8413212031090903,-0.015753325106315632,0.6565920796718147,False,0.07220789874604477,0.364,-5.079232388284852e-05,-0.0003376358778363927,0.0001955600590053738,-0.0022713976864382327,False,False,False,False,True
null_metric,no-increment,False,800,4,polynomial_ridge,91,28270443,-0.022470292922332692,0.5256617860275083,-0.026573969717432346,0.45318729639402655,False,-0.04419020274229462,0.552,-0.00012569036643994558,-0.00037602623236380307,8.68829500180812e-05,-0.006124583981416144,False,False,False,False,True
null_metric,no-increment,False,800,4,polynomial_ridge,92,28270444,0.0072003862506035176,0.8388678318684308,-0.04259081135355004,0.22914747938604446,False,-0.10202742294620883,0.216,-0.00015255591901620208,-0.0003862262890515071,8.075820027728898e-05,-0.007345912676956089,False,False,False,False,True
null_metric,no-increment,False,800,4,polynomial_ridge,93,28270445,-0.00047102417347527116,0.989387056227144,-0.07551657307802694,0.03281804963859788,True,-0.14251142622758703,0.074,-6.059552982904878e-05,-0.00027630450587481676,0.0001564280999814578,-0.0033897226212575805,False,False,False,False,True
null_metric,no-increment,False,800,4,polynomial_ridge,94,28270446,0.011859838843498196,0.7376747490482658,0.016761563882762363,0.6361534690942703,False,0.06532286417438182,0.428,-2.7441173299190547e-05,-0.00025345408140381713,0.0001977743757052577,-0.0014802543615182525,False,False,False,False,True
null_metric,no-increment,False,800,4,polynomial_ridge,95,28270447,-0.026812330956767126,0.4488596139822683,-0.07314912430799815,0.038714467819933734,True,-0.17045001757881165,0.026,0.00010545801085715817,-0.00014779190828114732,0.0003168746566329673,0.004845345339360729,True,True,False,False,False
null_metric,no-increment,False,800,4,polynomial_ridge,96,28270448,-0.0038098653279145752,0.9143200097478151,-0.03710976337428651,0.29478374523737605,False,0.07630669166764326,0.342,-0.00011381319465393613,-0.00029612816680457373,7.604098709804654e-05,-0.00485597460892809,False,False,False,False,True
null_metric,no-increment,False,800,4,polynomial_ridge,97,28270449,-0.01883187317480184,0.5948228831223935,0.0010911496559604628,0.9754331877739985,False,-0.0916236962381343,0.218,-0.00019201067216980533,-0.00029986699739991123,-0.00010666411447694498,-0.009875229979053534,False,False,False,False,True
null_metric,no-increment,False,800,4,polynomial_ridge,98,28270450,0.024914077990746863,0.4816296379469731,0.003260727268146689,0.9266777160262138,False,0.004775577170983241,0.962,-0.00024745015378358284,-0.0004210605890339461,-6.479963724151853e-05,-0.010662462825154118,False,False,False,False,True
null_metric,no-increment,False,800,4,polynomial_ridge,99,28270451,0.05413883459192905,0.1260154087969868,0.03871548200393728,0.27437136842401055,False,0.15242294620883626,0.058,-0.000270851257463723,-0.00043328926621673665,-0.00011197797350829824,-0.012847469053712505,False,False,False,False,False
linear_proxy,proxy-washout,False,100,4,polynomial_ridge,0,31265471,0.9124032403240323,8.384376022215916e-40,0.05345289183357437,0.5992559087771878,False,-0.10977443609022557,0.64,-0.0011142882991866006,-0.0020553028913933963,-0.0002526618767674501,-0.0832004681625765,False,False,False,False,True
linear_proxy,proxy-washout,False,100,4,polynomial_ridge,1,31265472,0.8985298529852985,8.0109978791194e-37,-0.1230280742112584,0.2250601499971133,False,-0.0781954887218045,0.744,0.00043983655562727063,-0.00024320156106557472,0.0012177867798670839,0.037123499816273386,False,True,False,False,True
linear_proxy,proxy-washout,False,100,4,polynomial_ridge,2,31265473,0.8833963396339632,4.999091302228383e-34,-0.07594059307756527,0.45501357022906813,False,-0.025563909774436087,0.876,-0.0008064743304557771,-0.0015475076995646116,-0.0001684992351646856,-0.055929272859528145,False,False,False,False,True
linear_proxy,proxy-washout,False,100,4,polynomial_ridge,3,31265474,0.8764836483648365,7.07240785842582e-33,-0.0016444403841591084,0.987111387346887,False,0.04360902255639097,0.844,-0.001347671338722583,-0.0036422857153333016,0.0010331160390125843,-0.07693005878382063,False,False,False,False,True
linear_proxy,proxy-washout,False,100,4,polynomial_ridge,4,31265475,0.9046504650465045,4.419154857553589e-38,0.11540740985800489,0.25532463567533015,False,0.26315789473684204,0.25,-0.0005239757073825981,-0.0022837374868102363,0.0010685208355405704,-0.03495284603197658,False,False,False,False,False
linear_proxy,proxy-washout,False,100,4,polynomial_ridge,5,31265476,0.8776357635763576,4.598810278140975e-33,0.1894898681126848,0.06031108466731638,False,0.1894736842105263,0.458,-0.000959654597984614,-0.002870336017492347,0.0008608614321943783,-0.04718483925299254,False,False,False,False,False
linear_proxy,proxy-washout,False,100,4,polynomial_ridge,6,31265477,0.8811521152115211,1.2030387563868857e-33,-0.08707119480064379,0.3914593692939832,False,-0.44360902255639095,0.038,-0.0013905296126265829,-0.0031569526077516894,0.0002912018157284433,-0.0912096329897664,True,False,False,False,False
linear_proxy,proxy-washout,False,100,4,polynomial_ridge,7,31265478,0.8914971497149714,1.7950632779700193e-35,0.0816033233274912,0.42199128284097,False,0.393984962406015,0.084,-0.0011083231270952124,-0.002146811374599676,-0.0003019283647308914,-0.07151051215144441,False,False,False,False,False
linear_proxy,proxy-washout,False,100,4,polynomial_ridge,8,31265479,0.9115031503150315,1.3533798621412816e-39,0.028157781265654484,0.782038832684305,False,0.05714285714285714,0.796,-0.0006548743938465593,-0.0015308556535474159,0.00013701601779192194,-0.05714652392800875,False,False,False,False,True
linear_proxy,proxy-washout,False,100,4,polynomial_ridge,9,31265480,0.8925292529252924,1.1529361346745481e-35,0.12038201351341415,0.2352687624655403,False,0.18496240601503755,0.468,-0.0011389393699939195,-0.002634397700864748,0.0003306993195857622,-0.07355614527557656,False,False,False,False,False
linear_proxy,proxy-washout,False,100,4,polynomial_ridge,10,31265481,0.9031143114311431,9.311094735216799e-38,0.07412657527573858,0.4658872191923801,False,-0.27368421052631575,0.236,-0.0007988291789623927,-0.0018313426401906556,0.0002256206935639279,-0.05582796467671308,False,False,False,False,False
linear_proxy,proxy-washout,False,100,4,polynomial_ridge,11,31265482,0.8940054005400538,6.072637532605964e-36,0.1679133633200258,0.09664994369109586,False,0.4661654135338345,0.046,-0.0006816517759198129,-0.0024848386038849864,0.0008950870962010893,-0.037554026648805486,True,False,False,False,False
linear_proxy,proxy-washout,False,100,4,polynomial_ridge,12,31265483,0.9045784578457846,4.5775506169766463e-38,-0.08502111857066001,0.4027487565963054,False,0.0,1.0,-0.0003122679000738867,-0.001897809496961805,0.0010523974855276297,-0.022267487344085624,False,False,False,False,True
linear_proxy,proxy-washout,False,100,4,polynomial_ridge,13,31265484,0.8639423942394239,5.900394108488536e-31,-0.07804537471898924,0.4425753170121328,False,-0.19849624060150375,0.376,-8.874995456760806e-05,-0.001269580951097133,0.0011451049608722432,-0.005013596424556594,False,False,False,False,False
linear_proxy,proxy-washout,False,100,4,polynomial_ridge,14,31265485,0.867122712271227,2.005737839701173e-31,-0.02125080427418924,0.8346191846597002,False,0.09924812030075188,0.694,-0.005435425861379607,-0.01033204668064608,-0.002248629743848856,-0.2779588632221521,False,False,False,False,True
linear_proxy,proxy-washout,False,100,4,polynomial_ridge,15,31265486,0.8480168016801679,8.947621916951058e-29,-0.025640809293826092,0.8010997099549858,False,-0.10827067669172932,0.65,-0.0009309342723624811,-0.004467907746686455,0.0019158291199618655,-0.04373092128380344,False,False,False,False,True
linear_proxy,proxy-washout,False,100,4,polynomial_ridge,16,31265487,0.902094209420942,1.5169057546694584e-37,-0.10315807151140673,0.30958746259040315,False,-0.32631578947368417,0.152,-0.0013118475942323071,-0.0028356624104873564,-5.8639213670955473e-05,-0.1026823910760073,False,False,False,False,False
linear_proxy,proxy-washout,False,100,4,polynomial_ridge,17,31265488,0.9037263726372637,6.929375628245611e-38,0.08111137540512833,0.4248040129329522,False,0.3699248120300751,0.094,-0.0008917764710015229,-0.002851898033520099,0.0007640827453118924,-0.05639331545347856,False,False,False,False,False
linear_proxy,proxy-washout,False,100,4,polynomial_ridge,18,31265489,0.872319231923192,3.235589958081678e-32,-0.16415909970476147,0.10444978047669189,False,-0.1789473684210526,0.418,0.0009927412397905313,-0.0007359376961553714,0.0026315634708770114,0.06295547057312059,False,True,False,False,False
linear_proxy,proxy-washout,False,100,4,polynomial_ridge,19,31265490,0.9011221122112211,2.403179689336273e-37,-0.005408418125720244,0.9576283097831177,False,0.29172932330827067,0.232,-0.0008040026469113247,-0.0018666566439335484,0.00024281280728981447,-0.05954150978873278,False,False,False,False,False
linear_proxy,proxy-washout,False,100,4,polynomial_ridge,20,31265491,0.8380558055805579,1.5581311664528205e-27,0.10913084973187484,0.2822569363275093,False,-0.024060150375939848,0.92,-0.00032080429395817123,-0.0017010107552746909,0.0010399780470199506,-0.01246811173954004,False,False,False,False,True
linear_proxy,proxy-washout,False,100,4,polynomial_ridge,21,31265492,0.8956255625562555,2.9717778113941128e-36,-0.04406687092889631,0.6649408245371644,False,0.13533834586466165,0.58,-0.0005321624077599535,-0.003402211459562614,0.0015089746898687016,-0.03997169762651413,False,False,False,False,True
linear_proxy,proxy-washout,False,100,4,polynomial_ridge,22,31265493,0.843984398439844,2.913976180426009e-28,-0.10490822188565617,0.3014065880772781,False,-0.31879699248120297,0.168,-0.0007497643568490087,-0.002623816783539615,0.0008458811223877318,-0.03840614697932695,False,False,False,False,False
linear_proxy,proxy-washout,False,100,4,polynomial_ridge,23,31265494,0.8851725172517251,2.4629161854423864e-34,-0.06773155208006741,0.5053298928037263,False,-0.06616541353383458,0.772,-0.0005461856088911747,-0.0019611394741650685,0.0008101684783233283,-0.032909942196762874,False,False,False,False,True
linear_proxy,proxy-washout,False,100,4,polynomial_ridge,24,31265495,0.8537413741374137,1.5763502580911103e-29,0.15378919031243593,0.12855971531651303,False,0.060150375939849614,0.806,0.0002814808042370699,-0.0021811669916581805,0.0026698538777599258,0.012503898486720007,False,True,False,False,True
linear_proxy,proxy-washout,False,100,4,polynomial_ridge,25,31265496,0.8539933993399339,1.457874103968964e-29,0.06930540437540929,0.49546501864940523,False,-0.10676691729323308,0.636,-0.0015102371121870906,-0.003170632185543713,6.19730335975446e-06,-0.07130935941733477,False,False,False,False,True
linear_proxy,proxy-washout,False,100,4,polynomial_ridge,26,31265497,0.8746714671467146,1.3798486064416912e-32,0.0153931535708062,0.8797992375699787,False,0.2300751879699248,0.354,-0.0007144391266279831,-0.0015298559242279226,7.481923301828684e-05,-0.040455811341818235,False,False,False,False,False
linear_proxy,proxy-washout,False,100,4,polynomial_ridge,27,31265498,0.886072607260726,1.7128164552301873e-34,-0.06602312363990512,0.5161524223231853,False,-0.11729323308270674,0.618,-0.00023633306610241003,-0.0011538958323643123,0.0007916061350527356,-0.013724529767543464,False,False,False,False,True
linear_proxy,proxy-washout,False,100,4,polynomial_ridge,28,31265499,0.8783558355835581,3.50638716983338e-33,-0.07303041925250067,0.47252607842453964,False,-0.20601503759398496,0.374,-0.0008304324005237347,-0.0020222130293303052,0.00033333501067989065,-0.05123957306424194,False,False,False,False,False
linear_proxy,proxy-washout,False,100,4,polynomial_ridge,29,31265500,0.8683468346834683,1.3142312581580478e-31,-0.03843803811663564,0.7056266825659663,False,0.18496240601503755,0.432,-0.0008019322309113473,-0.0016229241563674407,-6.510325497274285e-05,-0.041036887521198114,False,False,False,False,False
linear_proxy,proxy-washout,False,100,4,polynomial_ridge,30,31265501,0.9165676567656764,8.536955085158978e-41,0.00012620242312519152,0.999010822528339,False,-0.5323308270676691,0.02,-0.0020243986416247223,-0.004026054509812342,-0.0005622408061069516,-0.15670624735728525,True,False,False,False,False
linear_proxy,proxy-washout,False,100,4,polynomial_ridge,31,31265502,0.8777437743774376,4.415958910000497e-33,-0.31805804112692193,0.0013357501990201193,True,-0.3789473684210526,0.098,0.00036059180572179,-0.0029290986404814563,0.0030576532456238694,0.024357203152916482,False,True,False,False,False
linear_proxy,proxy-washout,False,100,4,polynomial_ridge,32,31265503,0.8884608460846084,6.43666082280998e-35,-0.08934100393455674,0.37918311479280337,False,-0.19999999999999998,0.394,0.00018047518962375532,-0.0013920186932259776,0.0014267369753766482,0.012495237210766685,False,True,False,False,False
linear_proxy,proxy-washout,False,100,4,polynomial_ridge,33,31265504,0.902094209420942,1.5169057546694584e-37,0.0005158540230854767,0.995956740414255,False,0.12180451127819547,0.636,-0.0008477691919039129,-0.0015077938810589258,-0.00031680444797136883,-0.06382850355620516,False,False,False,False,True
linear_proxy,proxy-washout,False,100,4,polynomial_ridge,34,31265505,0.8456645664566455,1.7889998598633036e-28,0.048247837971541085,0.6353291974857295,False,0.1609022556390977,0.524,-0.0005930612342555826,-0.004325059531473776,0.002899142083525529,-0.029013535795618647,False,False,False,False,False
linear_proxy,proxy-washout,False,100,4,polynomial_ridge,35,31265506,0.8345154515451544,4.1074630082701984e-27,-0.23353848677027483,0.01999531475007539,True,-0.5954887218045113,0.01,0.0008716728822838714,-0.0030396965318803914,0.004413813643147402,0.04261528509187164,True,True,False,False,False
linear_proxy,proxy-washout,False,100,4,polynomial_ridge,36,31265507,0.9033663366336633,8.246550290990368e-38,0.2822602905908219,0.0046463169077555514,True,0.31127819548872177,0.186,3.178162843544066e-05,-0.0016325392439290472,0.0015768076485348586,0.0019042311111672954,False,True,False,False,False
linear_proxy,proxy-washout,False,100,4,polynomial_ridge,37,31265508,0.9254845484548454,4.175012910118603e-43,0.10007173510339558,0.32436273932316345,False,0.11879699248120301,0.626,-4.540376434533644e-05,-0.0008040701747778584,0.0007297333891205162,-0.004286911716895703,False,False,False,False,True
linear_proxy,proxy-washout,False,100,4,polynomial_ridge,38,31265509,0.8836123612361235,4.5895198726955186e-34,0.20532188614400962,0.041474271439793334,True,-0.04210526315789473,0.87,-0.00022971179665896846,-0.0028298305355552718,0.0020143082856010075,-0.01192929811980893,False,False,False,False,True
linear_proxy,proxy-washout,False,100,4,polynomial_ridge,39,31265510,0.8648424842484248,4.359793232076038e-31,-0.09785975619292218,0.3352256490093892,False,-0.3759398496240601,0.106,-0.0009834903745681335,-0.001968490547175428,-6.756243371345171e-05,-0.055495724290189105,False,False,False,False,False
linear_proxy,proxy-washout,False,100,4,polynomial_ridge,40,31265511,0.8856165616561655,2.0596673061548533e-34,-0.012989587162864791,0.8984586523187877,False,0.013533834586466165,0.954,6.310121080520606e-05,-0.0005897146896874714,0.0006974369294602705,0.0036048312027026574,False,True,False,False,True
linear_proxy,proxy-washout,False,100,4,polynomial_ridge,41,31265512,0.8736393639363936,2.0097513063652517e-32,-0.04441081474309685,0.6624845215819217,False,0.12932330827067667,0.6,-0.0007862923367782312,-0.002311094537879759,0.0008058723079670811,-0.04825653048354231,False,False,False,False,True
linear_proxy,proxy-washout,False,100,4,polynomial_ridge,42,31265513,0.8925652565256526,1.13517465612932e-35,0.0024933211137394998,0.9804592107273247,False,0.4872180451127819,0.022,-0.0005181996984800277,-0.002205313921638723,0.0008782341477038195,-0.03633910766608794,True,False,False,False,False
linear_proxy,proxy-washout,False,100,4,polynomial_ridge,43,31265514,0.8804320432043203,1.5886291148708984e-33,0.026202423500908713,0.796836091721658,False,0.22406015037593985,0.31,-0.0009615675269938756,-0.0019298051316766053,-4.084951579772279e-05,-0.05217775285396654,False,False,False,False,False
linear_proxy,proxy-washout,False,100,4,polynomial_ridge,44,31265515,0.8745874587458745,1.422911998406763e-32,0.04802350741098664,0.6369040550967794,False,0.1533834586466165,0.51,-0.0015194343172979657,-0.002894852399187827,-0.0003027724496566875,-0.08216466917226146,False,False,False,False,False
linear_proxy,proxy-washout,False,100,4,polynomial_ridge,45,31265516,0.854137413741374,1.394123643775234e-29,-0.209774853487676,0.03716264289219078,True,0.045112781954887216,0.856,4.824751894572446e-05,-0.0016376214251258233,0.0016061647659410983,0.002645293853426318,False,True,False,False,True
linear_proxy,proxy-washout,False,100,4,polynomial_ridge,46,31265517,0.9236003600360033,1.3554761770728762e-42,0.08548289640982759,0.4001892126459352,False,-0.1969924812030075,0.406,-0.001039162694148629,-0.002268808592065441,-9.61394740566969e-05,-0.09322443051247127,False,False,False,False,False
linear_proxy,proxy-washout,False,100,4,polynomial_ridge,47,31265518,0.8845004500450043,3.223823497269004e-34,0.05712995979246958,0.5743369847572757,False,-0.4992481203007519,0.014,-0.0009395751169639643,-0.0016242444787599062,-0.000310156992618548,-0.05965007285148678,True,False,False,False,False
linear_proxy,proxy-washout,False,100,4,polynomial_ridge,48,31265519,0.9214761476147614,4.9335535900573384e-42,0.1008205134895657,0.320737237037996,False,0.3684210526315789,0.126,0.0002829145426548243,-0.0005325474611838698,0.001077086029094853,0.02256455694936717,False,True,False,False,False
linear_proxy,proxy-washout,False,100,4,polynomial_ridge,49,31265520,0.8369756975697569,2.099428167622405e-27,-0.06226046852754878,0.5403984035862086,False,-0.024060150375939848,0.916,-0.0012490386201461263,-0.0026686080351892294,-6.332815362755233e-05,-0.058076476109197035,False,False,False,False,True
linear_proxy,proxy-washout,False,100,4,polynomial_ridge,50,31265521,0.8883048304830481,6.866288849109873e-35,0.19228453351459204,0.056553946063269515,False,-0.030075187969924807,0.9,0.0004566159372173806,-0.0019549647997315176,0.0024619816191809446,0.024638273816561897,False,True,False,False,True
linear_proxy,proxy-washout,False,100,4,polynomial_ridge,51,31265522,0.9316651665166517,6.973113389606411e-45,0.10945883271530824,0.280804310992901,False,0.11278195488721804,0.638,-0.0002632891453529622,-0.0009164920174054101,0.00034986582451219163,-0.02517328653659012,False,False,False,False,True
linear_proxy,proxy-washout,False,100,4,polynomial_ridge,52,31265523,0.9134953495349534,4.657275648505591e-40,-0.07391205502971111,0.4671824310421363,False,0.10375939849624059,0.648,-0.0009244313568166681,-0.002416195079684732,0.0002552627675143293,-0.08158655018463233,False,False,False,False,True
linear_proxy,proxy-washout,False,100,4,polynomial_ridge,53,31265524,0.8828682868286829,6.1564471598840236e-34,-0.004078400948942787,0.9680418090743439,False,0.11578947368421053,0.61,-0.0017593091067225237,-0.0036851858195427406,-9.559418499802163e-05,-0.11136309056860365,False,False,False,False,True
linear_proxy,proxy-washout,False,100,4,polynomial_ridge,54,31265525,0.8418961896189618,5.301034858040246e-28,-0.016270155737072176,0.873006655678433,False,-0.30526315789473685,0.216,-0.0026781004221553203,-0.004581972523233102,-0.0010450682515130536,-0.13173687558942312,False,False,False,False,False
linear_proxy,proxy-washout,False,100,4,polynomial_ridge,55,31265526,0.9070627062706269,1.3361214413813742e-38,0.12608657681039087,0.2136533084483501,False,0.20300751879699244,0.396,-0.0013992602882428717,-0.002480837784532074,-0.00034716535436280063,-0.10058923607675167,False,False,False,False,False
linear_proxy,proxy-washout,False,100,4,polynomial_ridge,56,31265527,0.8968856885688569,1.6907423390039237e-36,0.017681408545792688,0.8620957083613014,False,-0.12030075187969923,0.606,-0.0014988353111256882,-0.0035070221012583527,-0.000213674591605274,-0.09553045550698015,False,False,False,False,True
linear_proxy,proxy-washout,False,100,4,polynomial_ridge,57,31265528,0.904074407440744,5.852637529952376e-38,0.20640518630725874,0.040388736568449844,True,0.28872180451127816,0.22,-0.0005435161484654647,-0.003220605079709657,0.0016699800256768519,-0.036061371582531365,False,False,False,False,False
linear_proxy,proxy-washout,False,100,4,polynomial_ridge,58,31265529,0.9132673267326732,5.2689284809803784e-40,-0.03396189837035879,0.7385898744943608,False,0.4526315789473684,0.054,-0.0011534643119090991,-0.0023300962111224297,-0.00022528765884276698,-0.10012359246069963,False,False,False,False,False
linear_proxy,proxy-washout,False,100,4,polynomial_ridge,59,31265530,0.8653345334533452,3.691692488510483e-31,0.054404215366077785,0.5927628210863121,False,0.1263157894736842,0.598,-0.0029208703295276472,-0.00529381779405545,-0.0009886018035267727,-0.14758638910707966,False,False,False,False,True
linear_proxy,proxy-washout,False,100,4,polynomial_ridge,60,31265531,0.9010981098109809,2.430490952175195e-37,-0.03742132288764926,0.7130689442761451,False,0.29172932330827067,0.226,-0.0016582610680735028,-0.0035751546322214268,-9.428875878570978e-05,-0.12599926373151224,False,False,False,False,False
linear_proxy,proxy-washout,False,100,4,polynomial_ridge,61,31265532,0.8957095709570956,2.862758288742778e-36,-0.04609109421986702,0.6505363901907096,False,-0.4330827067669173,0.066,-0.0015852611027616006,-0.0025193201590528926,-0.0008346683510341955,-0.12152851053979785,False,False,False,False,False
linear_proxy,proxy-washout,False,100,4,polynomial_ridge,62,31265533,0.8896369636963696,3.942466649508225e-35,0.11248666795374067,0.2676302643184853,False,0.018045112781954885,0.934,-0.0004126896766872036,-0.0018853247157119687,0.0011479418135366547,-0.02644638936001982,False,False,False,False,True
linear_proxy,proxy-washout,False,100,4,polynomial_ridge,63,31265534,0.8538253825382538,1.535850322912607e-29,-0.04213965063559518,0.6787691834548739,False,-0.14285714285714285,0.576,-0.001454811609433889,-0.0026117343786555853,-0.00042717322339329343,-0.07633062319571914,False,False,False,False,True
linear_proxy,proxy-washout,False,100,4,polynomial_ridge,64,31265535,0.8972097209720971,1.4607676355802164e-36,0.0014730966390078166,0.9884542287218462,False,0.362406015037594,0.136,-0.0011567759804898027,-0.002145966765740887,-0.0002321271555840536,-0.08319968362412371,False,False,False,False,False
linear_proxy,proxy-washout,False,100,4,polynomial_ridge,65,31265536,0.8963936393639363,2.1090905483211284e-36,0.22374270232053672,0.025997949772791355,True,0.21804511278195485,0.354,0.0005044343161698869,-0.0015497027988692705,0.002614358465392087,0.029082112802451748,False,True,False,False,False
linear_proxy,proxy-washout,False,100,4,polynomial_ridge,66,31265537,0.8656585658565855,3.3074769448569225e-31,0.03595584371889064,0.7238434324842272,False,0.3293233082706767,0.172,-0.0005925628848090295,-0.0012631044052191286,1.76949399080093e-05,-0.031104637801067835,False,False,False,False,False
linear_proxy,proxy-washout,False,100,4,polynomial_ridge,67,31265538,0.894161416141614,5.671659453114181e-36,0.03633782856895584,0.721029710267089,False,0.35187969924812035,0.112,-0.0010614760348054506,-0.002298457136995903,0.0002084632234647303,-0.07330400603916645,False,False,False,False,False
linear_proxy,proxy-washout,False,100,4,polynomial_ridge,68,31265539,0.8920132013201318,1.439415673820245e-35,0.04417453717025339,0.6641715348850844,False,-0.2150375939849624,0.332,-0.0008993822252984542,-0.002341873800167244,0.00046209223663246877,-0.05675888322578725,False,False,False,False,False
linear_proxy,proxy-washout,False,100,4,polynomial_ridge,69,31265540,0.881008100810081,1.2720102736869169e-33,-0.14370985005248402,0.1558661290198084,False,-0.10075187969924812,0.666,-0.0018359175357452254,-0.0032043069113886716,-0.0005281919790006597,-0.12239194467570547,False,False,False,False,True
linear_proxy,proxy-washout,False,100,4,polynomial_ridge,70,31265541,0.9028982898289828,1.0329555564219236e-37,0.24569561790049307,0.014234431064048947,True,0.26917293233082706,0.24,0.00013004184608838773,-0.0018957779913125188,0.0019641878105672067,0.007588525968618734,False,True,False,False,False
linear_proxy,proxy-washout,False,100,4,polynomial_ridge,71,31265542,0.9142754275427543,3.0455899230446256e-40,0.1125900429195933,0.26718799196761733,False,0.17293233082706763,0.454,0.0003323781320610196,-0.0004849227020439963,0.0011575575243629455,0.026189174099780232,False,True,False,False,False
linear_proxy,proxy-washout,False,100,4,polynomial_ridge,72,31265543,0.8768796879687968,6.102732697693178e-33,0.10460226638687156,0.3028264239056583,False,0.2556390977443609,0.256,-0.0011659925864097968,-0.004018264858119175,0.0008921519894705318,-0.06474986503590964,False,False,False,False,False
linear_proxy,proxy-washout,False,100,4,polynomial_ridge,73,31265544,0.8639663966396639,5.853138728562742e-31,0.16948482278530083,0.0935244903971518,False,0.3714285714285714,0.132,-0.0023113367804848996,-0.005553036121851742,0.0006973848371590839,-0.10501845606281467,False,False,False,False,False
linear_proxy,proxy-washout,False,100,4,polynomial_ridge,74,31265545,0.8848724872487248,2.7780282772667926e-34,-0.023240962042518232,0.8193829990701332,False,-0.14736842105263157,0.526,-0.001107181655390475,-0.002049722159516974,-0.0002824572763916445,-0.07786588335880168,False,False,False,False,True
linear_proxy,proxy-washout,False,100,4,polynomial_ridge,75,31265546,0.9042304230423042,5.424790142485841e-38,0.2262392221749943,0.02433847832771374,True,0.019548872180451125,0.944,-0.00014556870920046788,-0.0017276772669619336,0.0014606147657666298,-0.008577838136411789,False,False,False,False,True
linear_proxy,proxy-washout,False,100,4,polynomial_ridge,76,31265547,0.9257485748574855,3.5311728784838256e-43,0.10529078571240616,0.2996373883920316,False,0.048120300751879695,0.832,-0.00016844273753018404,-0.0008025636081956575,0.0005249327741592419,-0.01437254482701752,False,False,False,False,True
linear_proxy,proxy-washout,False,100,4,polynomial_ridge,77,31265548,0.9056705670567056,2.675220624836246e-38,0.18738308270135046,0.06327608326902918,False,0.04360902255639097,0.852,-0.0015445699229595239,-0.004248300400853774,0.00028908327156396455,-0.10688681931446267,False,False,False,False,True
linear_proxy,proxy-washout,False,100,4,polynomial_ridge,78,31265549,0.8490489048904889,6.577625683588564e-29,-0.05412890418548957,0.5946386416402655,False,0.02857142857142857,0.91,-0.001559939054718934,-0.0033716665163140438,6.745790448171897e-05,-0.0770078058778698,False,False,False,False,True
linear_proxy,proxy-washout,False,100,4,polynomial_ridge,79,31265550,0.8968376837683768,1.7276920439143258e-36,0.05874390771521865,0.5635541858891919,False,0.1263157894736842,0.592,-0.00095595729005769,-0.00174280294523992,-0.00022797286812532947,-0.060884743049309145,False,False,False,False,True
linear_proxy,proxy-washout,False,100,4,polynomial_ridge,80,31265551,0.8713471347134712,4.579082543133066e-32,0.22472121125791522,0.025336389978093107,True,0.13082706766917293,0.612,-0.004377140466931363,-0.00883177033500866,-0.00042202031666038585,-0.21079478379946406,False,False,False,False,True
linear_proxy,proxy-washout,False,100,4,polynomial_ridge,81,31265552,0.8679867986798678,1.4888907010840194e-31,-0.12063078581205938,0.2342954722056827,False,-0.22105263157894736,0.33,-0.0009953034177803792,-0.0021309205866493442,0.00032766906245236565,-0.05645880583483149,False,False,False,False,False
linear_proxy,proxy-washout,False,100,4,polynomial_ridge,82,31265553,0.8682028202820281,1.3815523263988153e-31,-0.1566079798940058,0.12162029393504098,False,-0.26315789473684204,0.294,-7.806347403515462e-05,-0.001591122939652298,0.0013752917955741422,-0.004983931958365416,False,False,False,False,False
linear_proxy,proxy-washout,False,100,4,polynomial_ridge,83,31265554,0.8862166216621661,1.6156581743148408e-34,-0.014001600530508924,0.8905948311383755,False,-0.20601503759398496,0.39,-0.0007339641032747379,-0.002088035314525899,0.0006490676821517672,-0.05036176047958948,False,False,False,False,False
linear_proxy,proxy-washout,False,100,4,polynomial_ridge,84,31265555,0.8546534653465345,1.1872602081352445e-29,-0.05547483369951551,0.5854937285727733,False,0.1263157894736842,0.616,0.0013422058861323055,-0.0002376741094936007,0.0032745065238123767,0.06701636587489655,False,True,False,False,True
linear_proxy,proxy-washout,False,100,4,polynomial_ridge,85,31265556,0.8694749474947494,8.868168740532532e-32,-0.05116745479191857,0.6149828258923656,False,-0.019548872180451125,0.95,-0.0025637913793446036,-0.004497883032087892,-0.0010505406158252608,-0.15400422663296953,False,False,False,False,True
linear_proxy,proxy-washout,False,100,4,polynomial_ridge,86,31265557,0.8649384938493848,4.220778172166721e-31,-0.07090213681293477,0.4855611585033464,False,-0.1413533834586466,0.602,-0.00024592808941774694,-0.0010553490785470006,0.0007234902712407209,-0.013160173514832695,False,False,False,False,True
linear_proxy,proxy-washout,False,100,4,polynomial_ridge,87,31265558,0.8781158115811581,3.8388794984423316e-33,0.01601108543989389,0.8750122781499017,False,-0.25864661654135335,0.244,-0.0014562040221180808,-0.003025511100309095,-0.00027643674873999575,-0.08582675829517453,False,False,False,False,False
linear_proxy,proxy-washout,False,100,4,polynomial_ridge,88,31265559,0.8683708370837083,1.3033269710637184e-31,0.1387812422619261,0.17069996944293012,False,-0.3684210526315789,0.142,-0.0035773118134537936,-0.005904549402259519,-0.001630635318171566,-0.1758592950410037,False,False,False,False,False
linear_proxy,proxy-washout,False,100,4,polynomial_ridge,89,31265560,0.8755835583558355,9.869718982701291e-33,0.04040930305939566,0.6912764525517486,False,0.1609022556390977,0.5,-0.001861925792598789,-0.0030003052735206796,-0.0006693220752652573,-0.09864605313508668,False,False,False,False,False
linear_proxy,proxy-washout,False,100,4,polynomial_ridge,90,31265561,0.882004200420042,8.63747776521851e-34,0.06805780200912116,0.5032766329184138,False,0.13533834586466165,0.556,-0.0026544590581977327,-0.004963850105588792,-0.000658355291814297,-0.14859941190089407,False,False,False,False,True
linear_proxy,proxy-washout,False,100,4,polynomial_ridge,91,31265562,0.8248424842484247,5.186621574256595e-26,-0.124409473191194,0.2198562183379188,False,-0.16992481203007515,0.468,-0.00042887946695517945,-0.002418151645263754,0.0012567182559228727,-0.019164175064302968,False,False,False,False,False
linear_proxy,proxy-washout,False,100,4,polynomial_ridge,92,31265563,0.915235523552355,1.7956267822969025e-40,0.09858643311366053,0.33163181707077155,False,0.26315789473684204,0.248,-0.002188800187008167,-0.0035620399869729907,-0.001082213147647338,-0.16726171733821898,False,False,False,False,False
linear_proxy,proxy-washout,False,100,4,polynomial_ridge,93,31265564,0.8859765976597658,1.780735553911581e-34,-0.09316582237362647,0.3590314342090287,False,-0.6270676691729322,0.006,-0.00030364896370264904,-0.0020898756603596525,0.0012000605252757267,-0.020261825667419034,True,False,False,False,False
linear_proxy,proxy-washout,False,100,4,polynomial_ridge,94,31265565,0.9056105610561055,2.755817532836129e-38,0.014941683835670821,0.8832994038383135,False,0.03157894736842105,0.88,-0.0009692934740485968,-0.002191724391575529,-4.1641830003320044e-05,-0.07029834634113201,False,False,False,False,True
linear_proxy,proxy-washout,False,100,4,polynomial_ridge,95,31265566,0.9034023402340232,8.104530332611161e-38,0.06964745361701478,0.4933345337463888,False,0.4781954887218045,0.034,-0.0007383347745601471,-0.001380068738286383,-0.00012448809310712587,-0.048112136295115855,True,False,False,False,False
linear_proxy,proxy-washout,False,100,4,polynomial_ridge,96,31265567,0.8605340534053404,1.820230613585319e-30,0.1735103549443071,0.08588168224222986,False,0.06466165413533834,0.756,0.0006643292818586805,-0.0011081336280783058,0.0026113489153298274,0.0280925113502406,False,True,False,False,True
linear_proxy,proxy-washout,False,100,4,polynomial_ridge,97,31265568,0.8800720072007199,1.8243278562079692e-33,0.10506694340445236,0.30067173719844165,False,0.060150375939849614,0.822,-0.00036019395865282897,-0.0014493039816012025,0.0006120719286131038,-0.020764464586638616,False,False,False,False,True
linear_proxy,proxy-washout,False,100,4,polynomial_ridge,98,31265569,0.9072067206720671,1.2427510981752963e-38,0.11430507390502026,0.25992268325713397,False,0.31879699248120297,0.208,-0.00162640468999725,-0.003624672742497146,3.2389018848994764e-05,-0.10979354538053933,False,False,False,False,False
linear_proxy,proxy-washout,False,100,4,polynomial_ridge,99,31265570,0.8959015901590157,2.628038507859508e-36,0.14052735155299909,0.16532997794484386,False,0.33082706766917286,0.176,-0.0006787564208115028,-0.0014567071320722954,0.00015052341671381348,-0.04048837466726547,False,False,False,False,False
linear_proxy,proxy-washout,False,200,4,polynomial_ridge,0,32266171,0.8650836270906774,3.0960474175138635e-61,0.014350469870896913,0.8405630203558577,False,0.2487804878048781,0.122,-0.0009215620197983096,-0.0020117672260433015,6.10727327873097e-05,-0.05003292458003572,False,False,False,False,False
linear_proxy,proxy-washout,False,200,4,polynomial_ridge,1,32266172,0.908166204155104,8.178778272944075e-77,-0.07116642890349938,0.3178582606582087,False,0.18161350844277677,0.246,0.00015103859773693377,-0.00042806556633335276,0.000753388084928584,0.012250936380431001,False,True,False,False,False
linear_proxy,proxy-washout,False,200,4,polynomial_ridge,2,32266173,0.864035100877522,6.309599890499341e-61,-0.006334211546717956,0.9292463928676449,False,-0.06960600375234523,0.686,-0.0004938209329824229,-0.0012475517272791743,0.0002899440400963344,-0.026694955906751194,False,False,False,False,True
linear_proxy,proxy-washout,False,200,4,polynomial_ridge,3,32266174,0.8500292507312683,4.9902904325175306e-57,-0.0742175846505531,0.29749982461891594,False,-0.2849906191369606,0.082,-0.000579954403342426,-0.0016603486777119181,0.00039255662020736123,-0.029721459087204704,False,False,False,False,False
linear_proxy,proxy-washout,False,200,4,polynomial_ridge,4,32266175,0.8799399984999626,6.436744569649137e-66,-0.09970657936064962,0.16116391904014218,False,0.07673545966228894,0.63,-0.0004207387207162336,-0.0008835717233220518,2.9326952067129036e-05,-0.02593649598821553,False,False,False,False,True
linear_proxy,proxy-washout,False,200,4,polynomial_ridge,5,32266176,0.8700622515562891,9.690879564190904e-63,-0.06783522654696741,0.34109576017497356,False,-0.12889305816135085,0.408,-0.000722802281312239,-0.0016391229869957208,0.00010639178745778429,-0.044671885986408214,False,False,False,False,True
linear_proxy,proxy-washout,False,200,4,polynomial_ridge,6,32266177,0.9017025425635641,4.946525843164466e-74,0.07961079710281345,0.2636743121328541,False,-0.0009380863039399625,0.996,-0.00010823324430048187,-0.0005273991861017393,0.00034212044364133733,-0.007415764541235918,False,False,False,False,True
linear_proxy,proxy-washout,False,200,4,polynomial_ridge,7,32266178,0.8975324383109579,2.444960603964475e-72,-0.017460112128638326,0.8066328051571344,False,0.09737335834896811,0.566,-0.0006964927590808398,-0.0013161787800453132,-0.00021989546470399732,-0.04967301498351361,False,False,False,False,True
linear_proxy,proxy-washout,False,200,4,polynomial_ridge,8,32266179,0.8663046576164406,1.3410729460553288e-61,-0.03882768459418428,0.5861065513648664,False,-0.1851782363977486,0.248,-0.0011619249511309084,-0.0018272030704272893,-0.0005151053492942516,-0.0649305271907929,False,False,False,False,False
linear_proxy,proxy-washout,False,200,4,polynomial_ridge,9,32266180,0.9191074776869423,5.000972828209779e-82,0.04656352891765837,0.5137074183777802,False,0.31482176360225145,0.034,0.00024953633868166243,-0.00034334681407082384,0.0008504609119005276,0.02007520767498994,True,True,False,False,False
linear_proxy,proxy-washout,False,200,4,polynomial_ridge,10,32266181,0.8706007650191256,6.605689203931555e-63,0.06973282044611699,0.3277294820145569,False,0.23452157598499065,0.158,-0.0009832672527473156,-0.001695523906725181,-0.00028835020280115216,-0.050437514016804456,False,False,False,False,False
linear_proxy,proxy-washout,False,200,4,polynomial_ridge,11,32266182,0.9070261756543915,2.618123683481605e-76,0.036927833691756985,0.6045795396180255,False,0.04934333958724203,0.764,-0.000641438371748921,-0.0009882647867073147,-0.00021240678860199466,-0.04899411813292856,False,False,False,False,True
linear_proxy,proxy-washout,False,200,4,polynomial_ridge,12,32266183,0.887638190954774,1.3534769676328644e-68,0.15172156291538888,0.03241844461745939,True,0.3786116322701689,0.014,-0.00011253926433415704,-0.0010598817147669081,0.0007829877104417365,-0.006436902923180514,True,False,False,False,False
linear_proxy,proxy-washout,False,200,4,polynomial_ridge,13,32266184,0.8994659866496664,4.093293597032447e-73,0.1683845539496794,0.017435500161031927,True,0.1984990619136961,0.222,-1.3978796038031926e-05,-0.0012434075323636846,0.0012052625801311368,-0.000863941759795174,False,False,False,False,False
linear_proxy,proxy-washout,False,200,4,polynomial_ridge,14,32266185,0.8923318082952075,2.519793840654426e-70,-0.10299826608709871,0.14770959407812853,False,-0.05103189493433397,0.756,-0.0004956030279316317,-0.0013783391562144885,0.0002603049003035616,-0.0334554982974434,False,False,False,False,True
linear_proxy,proxy-washout,False,200,4,polynomial_ridge,15,32266186,0.8938843471086779,6.4772537404702626e-71,-0.05749478450006407,0.41988437817728297,False,-0.30300187617260793,0.056,-0.0008403919596117766,-0.0015212751475044504,-0.00031259627852073,-0.05986302327488765,False,False,False,False,False
linear_proxy,proxy-washout,False,200,4,polynomial_ridge,16,32266187,0.8867216680417012,2.8860050127477324e-68,-0.10117624285925989,0.15504753976799696,False,0.030956848030018764,0.854,-0.0004573250631441511,-0.001075751475866541,0.00012837939022044724,-0.03172650549170017,False,False,False,False,True
linear_proxy,proxy-washout,False,200,4,polynomial_ridge,17,32266188,0.8676036900922524,5.456662716131872e-62,0.14331561608383087,0.043443992862906636,True,0.301500938086304,0.04,-0.00016283556392556256,-0.0012890637587571877,0.0009011419090578059,-0.008078664948931736,True,False,False,False,False
linear_proxy,proxy-washout,False,200,4,polynomial_ridge,18,32266189,0.9152988824720619,3.9221171712046424e-80,0.12971706386050688,0.06783825861979037,False,-0.05215759849906192,0.738,-0.0003056944694693007,-0.0010603747389558165,0.0004330639357759495,-0.023466020015593263,False,False,False,False,True
linear_proxy,proxy-washout,False,200,4,polynomial_ridge,19,32266190,0.9136113402835072,2.5386647538924546e-79,-0.04228947856978597,0.5531317890170898,False,-0.22589118198874303,0.168,-0.0006702832237831993,-0.0013380766483383126,-7.911244100738988e-05,-0.056362527596442946,False,False,False,False,False
linear_proxy,proxy-washout,False,200,4,polynomial_ridge,20,32266191,0.8877146928673217,1.270202651636419e-68,-0.02660855522230618,0.7091028195200919,False,0.23170731707317077,0.182,0.0001451932204969454,-0.0004260304734446639,0.0007037868689823167,0.009481798957202806,False,True,False,False,False
linear_proxy,proxy-washout,False,200,4,polynomial_ridge,21,32266192,0.8841911047776196,2.2580257111629743e-67,-0.060215488759089435,0.39818913140467044,False,0.002063789868667918,0.992,-0.0007607892793886507,-0.0014001761742189385,-0.00024136642676993094,-0.05206240605810464,False,False,False,False,True
linear_proxy,proxy-washout,False,200,4,polynomial_ridge,22,32266193,0.8934358358958976,9.610905266679235e-71,0.06935303644232568,0.3303772408592208,False,0.1681050656660413,0.278,-0.0007534137060641582,-0.0012218488159977652,-0.0002971313668961465,-0.04929197451817195,False,False,False,False,False
linear_proxy,proxy-washout,False,200,4,polynomial_ridge,23,32266194,0.8907447686192157,9.88967441317567e-70,0.03067755437033866,0.6670973003286917,False,-0.06866791744840527,0.666,-0.0006786990995989658,-0.001332946133837704,-5.968672469007012e-05,-0.043055218751354395,False,False,False,False,True
linear_proxy,proxy-washout,False,200,4,polynomial_ridge,24,32266195,0.9086957173929349,4.739586328048752e-77,0.06510610818944793,0.36091727155372916,False,0.056285178236397754,0.718,-0.00018878174632901146,-0.00046841355585993874,0.0001314649509886196,-0.013860906316335199,False,False,False,False,True
linear_proxy,proxy-washout,False,200,4,polynomial_ridge,25,32266196,0.88019200480012,5.296205512258599e-66,0.10031311683187816,0.15861809637159843,False,-0.017636022514071297,0.902,-0.0010063342614645282,-0.0019039138109412789,-0.00021407207058978122,-0.05542564865358095,False,False,False,False,True
linear_proxy,proxy-washout,False,200,4,polynomial_ridge,26,32266197,0.8712562814070354,4.133323636702411e-63,-0.07031941205888044,0.32366684493943537,False,-0.033208255159474676,0.856,-0.0006116079637218975,-0.0013801341049512487,7.721766796204148e-05,-0.03604293588204469,False,False,False,False,True
linear_proxy,proxy-washout,False,200,4,polynomial_ridge,27,32266198,0.8925043126078154,2.1690019337693832e-70,0.00667252526946984,0.925478050606203,False,-0.09512195121951221,0.542,-0.0006673442576000874,-0.0011823307378478875,-0.0002566152265445506,-0.044010576700956754,False,False,False,False,True
linear_proxy,proxy-washout,False,200,4,polynomial_ridge,28,32266199,0.9246666166654167,5.749924026990056e-85,0.027095641588408517,0.7040249097979245,False,0.2103189493433396,0.174,-0.00039041404927675494,-0.0007697046791860833,-4.454136772977207e-05,-0.03756919498864535,False,False,False,False,False
linear_proxy,proxy-washout,False,200,4,polynomial_ridge,29,32266200,0.9003375084377111,1.8073134407391824e-73,0.15128773593791303,0.03292272185715888,True,0.17204502814258915,0.27,-0.0005332962081964418,-0.0013823838238690334,0.0002478074601141248,-0.03318807201872471,False,False,False,False,False
linear_proxy,proxy-washout,False,200,4,polynomial_ridge,30,32266201,0.882212555313883,1.0911097849995125e-66,-0.07362293990731753,0.3013980820877205,False,-0.2382739212007505,0.124,-0.0004335295565432336,-0.0012065678839828999,0.0001632862096809138,-0.02758358169422536,False,False,False,False,False
linear_proxy,proxy-washout,False,200,4,polynomial_ridge,31,32266202,0.9095492387309684,1.953198548603242e-77,0.04213434324705649,0.554589983430762,False,0.03696060037523453,0.852,-0.000499647586441946,-0.0013802337352072246,0.00022911563641389216,-0.038671933822947036,False,False,False,False,True
linear_proxy,proxy-washout,False,200,4,polynomial_ridge,32,32266203,0.8947783694592367,2.934172743101691e-71,0.06573125374884806,0.3563147082329079,False,-0.04390243902439025,0.816,-0.000945572642750676,-0.0016261839637211073,-0.0003016884245423588,-0.06435436906887397,False,False,False,False,True
linear_proxy,proxy-washout,False,200,4,polynomial_ridge,33,32266204,0.8862161554038852,4.369808390923667e-68,0.006381803879023408,0.9287161836492164,False,0.01557223264540338,0.924,-6.642695661073818e-05,-0.000732523121501407,0.000592932184294804,-0.004319013007011013,False,False,False,False,True
linear_proxy,proxy-washout,False,200,4,polynomial_ridge,34,32266205,0.9209090227255682,5.891072089315749e-83,0.0388152358227004,0.5862267456852256,False,0.011632270168855536,0.932,-0.0005852580388325899,-0.001149015213668699,-5.4959255969115844e-05,-0.05302463868370754,False,False,False,False,True
linear_proxy,proxy-washout,False,200,4,polynomial_ridge,35,32266206,0.8683792094802372,3.175462189804719e-62,-0.0307901911175499,0.6659483888617187,False,0.014258911819887431,0.916,-0.0006929577568118572,-0.0013134837424996248,-6.161105148405472e-05,-0.03981851909063822,False,False,False,False,True
linear_proxy,proxy-washout,False,200,4,polynomial_ridge,36,32266207,0.9148758718967974,6.286546319993118e-80,0.050379185230783365,0.479779222707134,False,0.08686679174484055,0.576,-0.00019218506238151932,-0.0005621488057460178,0.0002206261105560286,-0.01551083460875625,False,False,False,False,True
linear_proxy,proxy-washout,False,200,4,polynomial_ridge,37,32266208,0.8923843096077403,2.4074770696576024e-70,-0.015606097299620952,0.8268233384554384,False,0.2043151969981239,0.192,0.00023671172979462113,-0.0004544315976245975,0.0008261381039905622,0.016266571893342702,False,True,False,False,False
linear_proxy,proxy-washout,False,200,4,polynomial_ridge,38,32266209,0.8662266556663917,1.4150485749076899e-61,-0.05013044326002207,0.48195339883665084,False,0.1812382739212008,0.264,-0.0004740293332810286,-0.0012690894555515218,0.0001440515790076815,-0.026630971917646344,False,False,False,False,False
linear_proxy,proxy-washout,False,200,4,polynomial_ridge,39,32266210,0.8928358208955225,1.6249232992669676e-70,0.1186617742167568,0.09506029535749226,False,0.01106941838649156,0.946,-0.0002277734576601534,-0.000966412202129797,0.0005789575953998529,-0.014328239991750558,False,False,False,False,True
linear_proxy,proxy-washout,False,200,4,polynomial_ridge,40,32266211,0.8911647791194781,6.90120109987038e-70,-0.07461878793306997,0.2948886704201973,False,-0.2774859287054409,0.078,-0.00024566211050228506,-0.0008204711314241154,0.00026345247102345083,-0.016936053368283622,False,False,False,False,False
linear_proxy,proxy-washout,False,200,4,polynomial_ridge,41,32266212,0.8962199054976375,8.06097654108989e-72,0.07775587891651006,0.27499783647031634,False,0.2056285178236398,0.196,-0.00012641829279668587,-0.0008075561525237195,0.000456235166036051,-0.007903918589178622,False,False,False,False,False
linear_proxy,proxy-washout,False,200,4,polynomial_ridge,42,32266213,0.9040696017400436,4.9962130342146585e-75,0.11974288471924012,0.09206448750654866,False,-0.02476547842401501,0.882,0.0003235200059575477,-0.0001298171363211356,0.000832035526098198,0.02271585332637998,False,True,False,False,True
linear_proxy,proxy-washout,False,200,4,polynomial_ridge,43,32266214,0.8716957923948101,3.0140515406795624e-63,0.007920388218758878,0.9115935863429454,False,0.05984990619136961,0.73,-0.000625962698252814,-0.001262082973374873,-1.859227513316663e-05,-0.0348858517624555,False,False,False,False,True
linear_proxy,proxy-washout,False,200,4,polynomial_ridge,44,32266215,0.8643291082277058,5.170881324249381e-61,0.0007726100134026082,0.9913588021477991,False,-0.037335834896810506,0.81,-0.0008527793541957956,-0.00143845504993518,-0.0003445715293180616,-0.04476290656274888,False,False,False,False,True
linear_proxy,proxy-washout,False,200,4,polynomial_ridge,45,32266216,0.8481137028425711,1.585778624683045e-56,-0.011146252652637252,0.8758347376858527,False,-0.10375234521575986,0.5,-0.0006796014049999348,-0.0014540482082980894,6.768372423538127e-05,-0.03390324567576338,False,False,False,False,True
linear_proxy,proxy-washout,False,200,4,polynomial_ridge,46,32266217,0.9173179329483239,3.986314927803045e-81,0.14014987629357842,0.04834106439357812,True,0.44690431519699814,0.004,-0.000440321207775771,-0.0009522672934449565,9.294522650327111e-05,-0.03621273071537173,True,False,False,False,False
linear_proxy,proxy-washout,False,200,4,polynomial_ridge,47,32266218,0.8592874821870548,1.4736801333148885e-59,-0.004950531382690669,0.9446741556119655,False,-0.11200750469043153,0.53,-0.0009329277103372127,-0.001987678414652784,-0.00021993313435090143,-0.04697489547172744,False,False,False,False,True
linear_proxy,proxy-washout,False,200,4,polynomial_ridge,48,32266219,0.881249531238281,2.3250364757628087e-66,0.08838006448736778,0.21448360301576178,False,0.05853658536585367,0.718,-0.0003676694745230885,-0.0009362964379763064,0.0002031175281414864,-0.020614504824335127,False,False,False,False,True
linear_proxy,proxy-washout,False,200,4,polynomial_ridge,49,32266220,0.8971904297607441,3.3415833803502447e-72,0.10538198289428301,0.13851101915829203,False,0.1461538461538462,0.356,-0.0008337533656327268,-0.0019037430260635797,0.00011156492723203308,-0.054052027240411894,False,False,False,False,True
linear_proxy,proxy-washout,False,200,4,polynomial_ridge,50,32266221,0.8795079876996927,8.983110950772235e-66,0.07352716459977898,0.30202908914392235,False,0.06041275797373359,0.708,-0.000673321548800853,-0.0015407458736394174,5.2646529933121965e-05,-0.03800734744985248,False,False,False,False,True
linear_proxy,proxy-washout,False,200,4,polynomial_ridge,51,32266222,0.9195169879246983,3.089053693134473e-82,-0.024485990450563794,0.7313781362662515,False,0.075234521575985,0.676,-0.0004328919798747225,-0.0007402276460055506,-0.00014522300318410051,-0.040855174188086936,False,False,False,False,True
linear_proxy,proxy-washout,False,200,4,polynomial_ridge,52,32266223,0.8938498462461564,6.677297822682034e-71,0.08151164989885226,0.2524058973206927,False,0.2844277673545967,0.076,-0.00011991254974809754,-0.0008191343819406023,0.0005704141232176932,-0.007680382274965505,False,False,False,False,False
linear_proxy,proxy-washout,False,200,4,polynomial_ridge,53,32266224,0.8830855771394286,5.464142074166665e-67,0.0013888893460790406,0.9844667453595801,False,0.09474671669793623,0.578,-0.00013896705578513371,-0.0006738505189681354,0.0004634365276209695,-0.008731713672505213,False,False,False,False,True
linear_proxy,proxy-washout,False,200,4,polynomial_ridge,54,32266225,0.8892402310057752,3.5458526062046357e-69,-0.11590657109586132,0.10304605509153476,False,-0.0009380863039399625,0.992,4.476936651040195e-05,-0.0009926043955725606,0.0008746736812772451,0.0031361826055589393,False,True,False,False,True
linear_proxy,proxy-washout,False,200,4,polynomial_ridge,55,32266226,0.8931988299707493,1.1830794126814127e-70,0.037475813892003204,0.5992247443203171,False,-0.10769230769230771,0.504,-0.000940913409855193,-0.0013781399391164717,-0.0005323583800321935,-0.06620203784384686,False,False,False,False,True
linear_proxy,proxy-washout,False,200,4,polynomial_ridge,56,32266227,0.8872931823295583,1.8012480299464469e-68,0.12665943555797932,0.0746381133264189,False,-0.10000000000000002,0.546,-0.00011377769519436282,-0.0007194516611355853,0.0005558705533805634,-0.006881325293115783,False,False,False,False,True
linear_proxy,proxy-washout,False,200,4,polynomial_ridge,57,32266228,0.8738498462461562,6.303579519299137e-64,-0.09859168569918376,0.16592316332278828,False,-0.011444652908067544,0.954,-0.00021262516437873732,-0.000849090103177785,0.00047484395357207023,-0.013278447603600477,False,False,False,False,True
linear_proxy,proxy-washout,False,200,4,polynomial_ridge,58,32266229,0.9016845421135529,5.032392703655941e-74,-0.10864926992704227,0.1266226181827459,False,0.028142589118198877,0.844,-0.0003590718566283471,-0.0008739641726606036,0.00015305832448889137,-0.030292952315348644,False,False,False,False,True
linear_proxy,proxy-washout,False,200,4,polynomial_ridge,59,32266230,0.8595394884872123,1.2503579745173335e-59,0.024172581795700462,0.7346868672362673,False,-0.2606003752345216,0.106,-0.0014735587616656297,-0.00245487031959592,-0.00046834524300521936,-0.07676482275763158,False,False,False,False,False
linear_proxy,proxy-washout,False,200,4,polynomial_ridge,60,32266231,0.9177889447236183,2.318905886143057e-81,0.2035991849961052,0.003922854863039867,True,0.2212007504690432,0.138,2.339345426733211e-05,-0.000987087742810415,0.0009365027285580895,0.0017130483226219326,False,True,False,False,False
linear_proxy,proxy-washout,False,200,4,polynomial_ridge,61,32266232,0.8951443786094653,2.117371765205566e-71,0.11152414460699032,0.11682818167904276,False,0.25253283302063795,0.104,-9.081691579627613e-05,-0.0011735099791103803,0.0009805328302114487,-0.005666536235740189,False,False,False,False,False
linear_proxy,proxy-washout,False,200,4,polynomial_ridge,62,32266233,0.8981594539863498,1.3749109726196394e-72,0.009364447301231371,0.8955597693298089,False,-0.13545966228893058,0.386,-0.0003864805048861032,-0.0008368340590671637,7.671748576845121e-05,-0.027315241282820178,False,False,False,False,True
linear_proxy,proxy-washout,False,200,4,polynomial_ridge,63,32266234,0.8786844671116779,1.6898288533323038e-65,-0.0969518222592784,0.17311291612303448,False,-0.31669793621013137,0.056,-0.0016281591263364766,-0.002618898335795966,-0.0006566198354835658,-0.10111829728123424,False,False,False,False,False
linear_proxy,proxy-washout,False,200,4,polynomial_ridge,64,32266235,0.8500847521188031,4.824730391808287e-57,0.07564605880161426,0.288272526079379,False,-0.12195121951219516,0.464,-0.0008218681974483805,-0.0016922246478184597,2.121117874063568e-05,-0.039242135583408846,False,False,False,False,True
linear_proxy,proxy-washout,False,200,4,polynomial_ridge,65,32266236,0.8743463586589666,4.3770023349562016e-64,0.09879664453083667,0.1650404567053987,False,0.008630393996247657,0.958,-0.0009838183529037904,-0.0023496385421691852,0.00015146798260364831,-0.05457046048192223,False,False,False,False,True
linear_proxy,proxy-washout,False,200,4,polynomial_ridge,66,32266237,0.8903847596189906,1.3446501144546084e-69,-0.0656627484844568,0.356817271704957,False,0.040150093808630404,0.804,9.122216269720831e-05,-0.0006998981137602063,0.0008241332275431034,0.006396923419886527,False,True,False,False,True
linear_proxy,proxy-washout,False,200,4,polynomial_ridge,67,32266238,0.9061441536038403,6.374998491184051e-76,0.126386501442446,0.07527104324634189,False,0.02964352720450282,0.834,-0.0005870001924729862,-0.0013865411790090429,0.00019629956711377525,-0.04261940507835836,False,False,False,False,True
linear_proxy,proxy-washout,False,200,4,polynomial_ridge,68,32266239,0.8920498012450313,3.217802446763308e-70,-0.10386705947504163,0.14430477178298928,False,0.05046904315196998,0.758,-0.00018418178097983663,-0.0008503907840819852,0.0005330850511389593,-0.013004544296691286,False,False,False,False,True
linear_proxy,proxy-washout,False,200,4,polynomial_ridge,69,32266240,0.8873051826295658,1.783458506538065e-68,-0.0581329933975181,0.414734276917665,False,-0.25121951219512195,0.096,-0.0006232628089873158,-0.0016765631846356675,0.0002183625085442414,-0.04387353818090046,False,False,False,False,False
linear_proxy,proxy-washout,False,200,4,polynomial_ridge,70,32266241,0.8796849921248032,7.837589237591118e-66,0.07995879898116227,0.26158598542899025,False,0.07748592870544091,0.62,-0.0006612124605076784,-0.0014492480001562433,4.181966855653096e-07,-0.03792836877756195,False,False,False,False,True
linear_proxy,proxy-washout,False,200,4,polynomial_ridge,71,32266242,0.9120843021075529,1.331555797047575e-78,0.12073993887925275,0.08936877677114574,False,0.3110694183864916,0.038,-0.0007690073494798673,-0.001663767218328938,5.7580747945174255e-05,-0.059587296571667586,True,False,False,False,False
linear_proxy,proxy-washout,False,200,4,polynomial_ridge,72,32266243,0.8910792769819247,7.42653306696431e-70,0.13413461001240493,0.058915155639215094,False,-0.02082551594746717,0.9,-0.00021953492338962557,-0.0010218103938083173,0.0005442724781218001,-0.013482258743170654,False,False,False,False,True
linear_proxy,proxy-washout,False,200,4,polynomial_ridge,73,32266244,0.8922808070201756,2.633857323092013e-70,-0.04313031042353475,0.5452609977566256,False,-0.23395872420262667,0.186,-0.00041865732717357405,-0.0009165463927563878,8.077817399073404e-05,-0.029019729515890432,False,False,False,False,False
linear_proxy,proxy-washout,False,200,4,polynomial_ridge,74,32266245,0.8829595739893498,6.039746354714809e-67,0.024384363367675688,0.7324504982886317,False,0.000375234521575985,0.998,-0.0008528430472520068,-0.0014561846917515815,-0.00025141103657243453,-0.04987266095436569,False,False,False,False,True
linear_proxy,proxy-washout,False,200,4,polynomial_ridge,75,32266246,0.8584894622365561,2.474527042598437e-59,-0.1235983880335917,0.08198884702584712,False,-0.1420262664165103,0.378,-0.00045950873140321313,-0.0011734961000114965,0.00019026403952413274,-0.024962348571058696,False,False,False,False,True
linear_proxy,proxy-washout,False,200,4,polynomial_ridge,76,32266247,0.894359858996475,4.2546048581578066e-71,-0.08181477942250219,0.250640187180974,False,-0.19174484052532834,0.254,0.0003349752496051347,-0.0004995322529752604,0.0011070955641116194,0.025152664617469664,False,True,False,False,False
linear_proxy,proxy-washout,False,200,4,polynomial_ridge,77,32266248,0.873950348758719,5.855668016578425e-64,0.015999525846972878,0.8225288481774765,False,-0.057035647279549725,0.736,0.00016959167426353408,-0.0003404531836928168,0.0008131546132984306,0.00916792988126059,False,True,False,False,True
linear_proxy,proxy-washout,False,200,4,polynomial_ridge,78,32266249,0.8744243606090154,4.13265736745931e-64,0.0906238651130573,0.20302710708541924,False,0.2086303939962477,0.196,-0.0002352263183940627,-0.0011699050585866572,0.0007406611151757303,-0.012351579077171371,False,False,False,False,False
linear_proxy,proxy-washout,False,200,4,polynomial_ridge,79,32266250,0.883315082877072,4.55162998349294e-67,-0.06271856608225347,0.3788336244039128,False,-0.04484052532833021,0.74,-0.0006472569445884428,-0.0013066369868081312,-8.534545221871848e-05,-0.04461692094655973,False,False,False,False,True
linear_proxy,proxy-washout,False,200,4,polynomial_ridge,80,32266251,0.8791989799744995,1.139279031246071e-65,0.03878405478184827,0.5865278520017023,False,0.07823639774859288,0.62,-0.0003489446022796848,-0.0009545292376410047,0.00017386114823510684,-0.02005887829977623,False,False,False,False,True
linear_proxy,proxy-washout,False,200,4,polynomial_ridge,81,32266252,0.9242886072151806,9.259658071539144e-85,0.06428169212485374,0.36704324295116786,False,-0.226641651031895,0.152,-0.0005074122528275996,-0.0008538099237484599,-0.00016253727509636578,-0.04855612727468018,False,False,False,False,False
linear_proxy,proxy-washout,False,200,4,polynomial_ridge,82,32266253,0.8563339083477088,9.877723807927334e-59,-0.050372307982705436,0.4798392631442682,False,0.30938086303939966,0.056,-0.0007948205212000084,-0.001420152432325506,-0.00027930167010926905,-0.039202064565271026,False,False,False,False,False
linear_proxy,proxy-washout,False,200,4,polynomial_ridge,83,32266254,0.8823880597014926,9.499069147473027e-67,-0.02273597609551625,0.7499152328066677,False,-0.02589118198874297,0.872,-0.0020105124098005883,-0.0032682444662338723,-0.0009800958049312066,-0.12701551505613898,False,False,False,False,True
linear_proxy,proxy-washout,False,200,4,polynomial_ridge,84,32266255,0.9054001350033751,1.3413326527906733e-75,0.17175081357857477,0.015281741622027225,True,0.35984990619136964,0.028,-0.0006186005489305976,-0.0016517735444768855,0.0004207622024807338,-0.0426574392149272,True,False,False,False,False
linear_proxy,proxy-washout,False,200,4,polynomial_ridge,85,32266256,0.8734943373584342,8.177108838269717e-64,-0.03796953532211358,0.5944185052045011,False,0.13001876172607885,0.438,-0.0005412388251119435,-0.0013609575209458985,0.00014136892978914412,-0.03305202855692685,False,False,False,False,True
linear_proxy,proxy-washout,False,200,4,polynomial_ridge,86,32266257,0.9219095477386936,1.756893917545761e-83,-0.04223976472306537,0.5535988711661023,False,-0.15853658536585366,0.284,-0.0004906681395790511,-0.0008489989454259937,-0.00018494728199670214,-0.04770917267151908,False,False,False,False,False
linear_proxy,proxy-washout,False,200,4,polynomial_ridge,87,32266258,0.8763894097352435,9.59832302455343e-65,-0.04850195042080391,0.496318010491069,False,-0.23433395872420262,0.146,0.00032556526145402845,-0.000246428038850934,0.0009145934810183138,0.019815618598089602,False,True,False,False,False
linear_proxy,proxy-washout,False,200,4,polynomial_ridge,88,32266259,0.9054811370284258,1.2373572385827099e-75,-0.0298968281779603,0.6750820023952497,False,0.175797373358349,0.306,-0.0006718359794655477,-0.0011450721032700316,-0.0002567579372429858,-0.0566538552525135,False,False,False,False,False
linear_proxy,proxy-washout,False,200,4,polynomial_ridge,89,32266260,0.8802130053251332,5.210720352730913e-66,-0.04531706572542891,0.5250532659489983,False,-0.010318949343339589,0.956,-0.0011897076513015734,-0.002157019330014456,-0.00037868947907372056,-0.07485897382401062,False,False,False,False,True
linear_proxy,proxy-washout,False,200,4,polynomial_ridge,90,32266261,0.9213950348758719,3.2796348404874266e-83,0.19099467454201882,0.006886985547976775,True,0.46866791744840525,0.006,-9.47160811102972e-05,-0.0007776996559748518,0.0007030202327545524,-0.0073407222496049635,True,False,False,False,False
linear_proxy,proxy-washout,False,200,4,polynomial_ridge,91,32266262,0.8254646366159155,4.547577431283195e-51,-0.04973056186622404,0.4854597542126989,False,-0.29774859287054417,0.082,-0.00027899022803072604,-0.0008173300254763901,0.0002939262964688342,-0.011870601149507982,False,False,False,False,False
linear_proxy,proxy-washout,False,200,4,polynomial_ridge,92,32266263,0.8575174379359485,4.632388329517758e-59,-0.14095716261033345,0.04705052641132172,True,-0.23752345215759854,0.156,-1.788184293619044e-05,-0.0009050533059910778,0.0007263491984150141,-0.0009709322981706162,False,False,False,False,False
linear_proxy,proxy-washout,False,200,4,polynomial_ridge,93,32266264,0.8859716492912323,5.337017641121352e-68,0.07170654154056488,0.3141899517445884,False,0.07617260787992497,0.63,-0.00012364289851847857,-0.000729421829998293,0.0004844582661132224,-0.007886296156746617,False,False,False,False,True
linear_proxy,proxy-washout,False,200,4,polynomial_ridge,94,32266265,0.8854526363159081,8.146469859848928e-68,-0.04158104797910457,0.5598058227887237,False,-0.20506566604127585,0.214,0.00020911893120697037,-0.00040690778166483017,0.0007980911824226152,0.013520933864066543,False,True,False,False,False
linear_proxy,proxy-washout,False,200,4,polynomial_ridge,95,32266266,0.8479921998049952,1.70552393470373e-56,-0.1136602692813427,0.1099408689310488,False,-0.2206378986866792,0.178,-0.00032898539173834007,-0.0011912493935964785,0.00042891978522765166,-0.016833992302811483,False,False,False,False,False
linear_proxy,proxy-washout,False,200,4,polynomial_ridge,96,32266267,0.8659371484287107,1.7266018821299173e-61,0.007235299877448311,0.9192132425625386,False,0.22382739212007505,0.156,-0.0009985093496553306,-0.0016915524853038939,-0.0003974263668743709,-0.05326029075000643,False,False,False,False,False
linear_proxy,proxy-washout,False,200,4,polynomial_ridge,97,32266268,0.9162709067726695,1.3140663924794462e-80,0.11641562791024819,0.10153200829195483,False,0.18161350844277677,0.25,0.0003261990584607164,-0.0004834011246371708,0.0012059207816859296,0.025305718317262412,False,True,False,False,False
linear_proxy,proxy-washout,False,200,4,polynomial_ridge,98,32266269,0.8639990999774996,6.465052707502259e-61,-0.07971383530222355,0.2630548036498835,False,0.08836772983114449,0.618,-0.00031014236519658067,-0.0007469566431755639,8.095496816824727e-05,-0.017130837916710377,False,False,False,False,True
linear_proxy,proxy-washout,False,200,4,polynomial_ridge,99,32266270,0.8967914197854948,4.804445963670623e-72,0.0951952418125935,0.18106802714091919,False,-0.012195121951219513,0.942,-3.382919867069879e-05,-0.0007977087968327111,0.000596174640766758,-0.0021940356869032764,False,False,False,False,True
linear_proxy,proxy-washout,False,400,4,polynomial_ridge,0,34267571,0.8665372283576771,3.519990245819949e-122,-0.0688147339620124,0.1700984846883922,False,-0.11359587435536803,0.308,-0.0004104789120564743,-0.0007911120193200206,1.0211609944485552e-05,-0.02382402190693428,False,False,False,False,True
linear_proxy,proxy-washout,False,400,4,polynomial_ridge,1,34267572,0.8716239476496727,2.635562279512912e-125,-0.08714281497825543,0.08211855907133075,False,0.04985935302390999,0.708,-0.00033448764608209197,-0.0007434441732882466,0.00011117369086321817,-0.02046950504273292,False,False,False,False,True
linear_proxy,proxy-washout,False,400,4,polynomial_ridge,2,34267573,0.8850936568353551,2.8454241732129407e-134,0.02039819377985577,0.6845827652574026,False,0.043248945147679324,0.74,-1.2685939882201708e-06,-0.0004490694441664199,0.00041937472098861275,-8.339963380063634e-05,False,False,False,False,True
linear_proxy,proxy-washout,False,400,4,polynomial_ridge,3,34267574,0.8910333189582434,1.368164629797366e-138,-0.03772158096066981,0.4524170846234098,False,0.09814814814814816,0.372,-0.0002845150713945595,-0.0005709530084368453,3.501567291632917e-05,-0.01995124145501426,False,False,False,False,True
linear_proxy,proxy-washout,False,400,4,polynomial_ridge,4,34267575,0.9036873980462378,1.0912782116960363e-148,-0.004073402176214631,0.9353535135497878,False,0.06488513830285983,0.57,-0.0003881839653419282,-0.0006300986861686102,-0.0001731237084247167,-0.02988700135023466,False,False,False,False,True
linear_proxy,proxy-washout,False,400,4,polynomial_ridge,5,34267576,0.8977934862092888,8.055012103378807e-144,0.07252211043517454,0.14818063542190169,False,0.04254571026722926,0.712,-0.00019961217945691813,-0.0005627481004357889,0.00013914772561111414,-0.013675130702143084,False,False,False,False,True
linear_proxy,proxy-washout,False,400,4,polynomial_ridge,6,34267577,0.8970969193557459,2.895239996860156e-143,-0.03997030200828044,0.42590446469390686,False,0.022386310360993908,0.866,-0.0003035067431741076,-0.0005753967418325817,-4.594647539565455e-05,-0.02220587875008674,False,False,False,False,True
linear_proxy,proxy-washout,False,400,4,polynomial_ridge,7,34267578,0.8827116419477621,1.3161455844132235e-132,-0.009791295173595395,0.8454148407981568,False,0.03551336146272856,0.74,-0.00028859598150917515,-0.0005024908812243895,-0.00011883203188992545,-0.018036163313346953,False,False,False,False,True
linear_proxy,proxy-washout,False,400,4,polynomial_ridge,8,34267579,0.876583916149476,1.7450830764429298e-128,-0.07562358282414931,0.13155433491800372,False,-0.176488513830286,0.136,4.405295600405992e-05,-0.0005253031795999163,0.0006120879126414436,0.0027949617973237664,False,True,False,False,False
linear_proxy,proxy-washout,False,400,4,polynomial_ridge,9,34267580,0.8845332158325989,7.066798125158047e-134,0.07339003270193319,0.14337452104291626,False,0.12470698546647915,0.268,-0.0001371848369606521,-0.0005254518021388248,0.00022768819485836927,-0.008173732884897637,False,False,False,False,True
linear_proxy,proxy-washout,False,400,4,polynomial_ridge,10,34267581,0.8605814411340069,1.1128581075907054e-118,0.016209952609355423,0.7468475428910305,False,-0.09364744491326771,0.436,-0.0003408474586320265,-0.0006442649805882203,-1.5396449881819125e-05,-0.017904836148269567,False,False,False,False,True
linear_proxy,proxy-washout,False,400,4,polynomial_ridge,11,34267582,0.9016811355070968,5.364871953969089e-147,0.10188915254557533,0.041936930107648575,True,0.029512423816221284,0.808,5.368261485470642e-05,-0.00025339343198198044,0.00034655505586442346,0.0037464379133531323,False,True,False,False,True
linear_proxy,proxy-washout,False,400,4,polynomial_ridge,12,34267583,0.8944743404646279,3.2991395054596596e-141,0.025189127145859854,0.6159113097893776,False,-0.056282231598687296,0.662,-7.518222650725742e-06,-0.0003152480677024715,0.0003408060163216133,-0.0004933007722272799,False,False,False,False,True
linear_proxy,proxy-washout,False,400,4,polynomial_ridge,13,34267584,0.8686670541690885,1.7936481208245015e-123,0.03022932411649508,0.5471252430450594,False,-0.16443975621190812,0.156,-0.00033729954466470494,-0.0005618549521519382,-0.0001097245399996067,-0.018328885603810234,False,False,False,False,False
linear_proxy,proxy-washout,False,400,4,polynomial_ridge,14,34267585,0.8790270564191026,4.217351108374433e-130,0.014070614365067688,0.7793299072374132,False,-0.03717768401312706,0.778,-0.00015450602510719974,-0.00040879880315325347,5.5139476904812504e-05,-0.009122474397663768,False,False,False,False,True
linear_proxy,proxy-washout,False,400,4,polynomial_ridge,15,34267586,0.8832278326739541,5.77492358088172e-133,-0.023528310287097082,0.6393784454028303,False,0.016408813877168308,0.854,-0.00019317154740605344,-0.0004121492860848368,7.3685727324089465e-06,-0.01208233311087211,False,False,False,False,True
linear_proxy,proxy-washout,False,400,4,polynomial_ridge,16,34267587,0.8977023606397538,9.527532783152409e-144,-0.045847405506432556,0.3610277898029969,False,-0.1083216127519925,0.374,-0.00011960433131934581,-0.0004987171573125652,0.00025055779313872044,-0.008722486947494204,False,False,False,False,True
linear_proxy,proxy-washout,False,400,4,polynomial_ridge,17,34267588,0.8907331295820599,2.2925815746798175e-138,0.03431681154247587,0.4942729261948891,False,0.012048757618377873,0.932,-9.297287923140315e-05,-0.00027696299589390354,8.509426795283792e-05,-0.005906048409930228,False,False,False,False,True
linear_proxy,proxy-washout,False,400,4,polynomial_ridge,18,34267589,0.8943108394427465,4.413902595154647e-141,0.025367574984080356,0.6134124216910105,False,0.05820440693858416,0.604,-0.00028058413484599067,-0.0006971199450488624,7.637215481305149e-05,-0.019590464652038977,False,False,False,False,True
linear_proxy,proxy-washout,False,400,4,polynomial_ridge,19,34267590,0.8896321227007667,1.503142915687319e-137,-0.05698277136728022,0.25613162172632864,False,0.0018284106891701829,0.992,-0.00020757247337332453,-0.00043737574843564727,6.356835122534271e-06,-0.014014269685871127,False,False,False,False,True
linear_proxy,proxy-washout,False,400,4,polynomial_ridge,20,34267591,0.9186434290214314,1.325477940729699e-162,0.0894375319439563,0.07434472124795746,False,0.03621659634317862,0.758,-2.0792343139378403e-05,-0.00034095380067070667,0.0002662393183359155,-0.001742979388780247,False,False,False,False,True
linear_proxy,proxy-washout,False,400,4,polynomial_ridge,21,34267592,0.8858279114244463,8.578630590451097e-135,-0.05743546704584399,0.2523673352756108,False,-0.13849038912330053,0.242,-0.00039167100175776723,-0.0007573862373622432,-2.015348565565924e-05,-0.02662875092664227,False,False,False,False,True
linear_proxy,proxy-washout,False,400,4,polynomial_ridge,22,34267593,0.8733273957962236,2.2089800594432577e-126,-0.014185238049109391,0.7775791972051006,False,0.15222691045475858,0.186,-9.699756034926843e-05,-0.0005005662139989357,0.000259394211754573,-0.005728024439974467,False,False,False,False,False
linear_proxy,proxy-washout,False,400,4,polynomial_ridge,23,34267594,0.8662895393096206,4.959516682087007e-122,-0.06347433366210728,0.20580068016455164,False,-0.2109001406469761,0.062,-0.00027613083657748727,-0.0008767814989208329,0.00026662871281262125,-0.015577108623300862,False,False,False,False,False
linear_proxy,proxy-washout,False,400,4,polynomial_ridge,24,34267595,0.8764987906174414,1.9839368922466969e-128,-0.004143413105938922,0.9342449008187415,False,-0.21350210970464134,0.06,3.536855279176465e-05,-0.00033295594228731346,0.0004286843128447002,0.002078223573522429,False,True,False,False,False
linear_proxy,proxy-washout,False,400,4,polynomial_ridge,25,34267596,0.8478276114225713,1.055502211081349e-111,-0.04957713199765965,0.3232491165279507,False,-0.04756211908110643,0.708,-0.00034542162807218654,-0.0007381607756003088,-1.413632865567211e-05,-0.017701256314755505,False,False,False,False,True
linear_proxy,proxy-washout,False,400,4,polynomial_ridge,26,34267597,0.8893182457390357,2.559948893286182e-137,-0.04383483592136004,0.3825143422732515,False,-0.2811064228785748,0.014,-0.00042224919609690735,-0.0006900026660290569,-0.00014001735926667255,-0.028278269138690814,True,False,False,False,False
linear_proxy,proxy-washout,False,400,4,polynomial_ridge,27,34267598,0.9061841636510228,7.586377786485467e-151,0.05416607578527961,0.28042524818142484,False,0.0020862634786685424,0.988,-7.050171406399082e-05,-0.00032658469812728183,0.00018327268281281676,-0.005181232828715017,False,False,False,False,True
linear_proxy,proxy-washout,False,400,4,polynomial_ridge,28,34267599,0.8830557065981662,7.603784004796125e-133,-0.014769408283635679,0.7686744891141659,False,-0.16661978434130337,0.14,-0.00021835099131821759,-0.0005552207747789757,9.560541806383835e-05,-0.013415740572398988,False,False,False,False,False
linear_proxy,proxy-washout,False,400,4,polynomial_ridge,29,34267600,0.9005709410683816,4.467252713440887e-146,0.1335034186414519,0.007577772784434992,True,0.05518049695264885,0.62,0.0001131395094619396,-0.00041591008292181364,0.0006240844768523265,0.0074736809327520925,False,True,False,False,True
linear_proxy,proxy-washout,False,400,4,polynomial_ridge,30,34267601,0.8934869592934955,1.899847873318919e-140,0.06286006814140022,0.2102315789568596,False,0.08877168307548056,0.432,-1.834552826392513e-05,-0.00026370237647642755,0.00021131195800122105,-0.0012423437065140783,False,False,False,False,True
linear_proxy,proxy-washout,False,400,4,polynomial_ridge,31,34267602,0.8746858417865111,2.9808515964636178e-127,-0.10101099921542286,0.04374530141448338,True,-0.21493202062822317,0.032,-0.00023658923775822516,-0.0008466022625808984,0.00028455900614635034,-0.014885020743474822,True,False,False,False,False
linear_proxy,proxy-washout,False,400,4,polynomial_ridge,32,34267603,0.8757167232295201,6.418622173259753e-128,0.08425935157433374,0.09280392855332568,False,-0.01891701828410689,0.862,-7.598926123587174e-05,-0.0003838260685019227,0.0002510208953059841,-0.004182419338920954,False,False,False,False,True
linear_proxy,proxy-washout,False,400,4,polynomial_ridge,33,34267604,0.8938694616841354,9.662069696068447e-141,0.018331249113714705,0.7150753554810416,False,-0.03455227379278012,0.764,-1.7149441079661668e-05,-0.0004667444787532673,0.0004178798838467964,-0.0011637772410911119,False,False,False,False,True
linear_proxy,proxy-washout,False,400,4,polynomial_ridge,34,34267605,0.8958708491928074,2.691830486392227e-142,0.07027909176726983,0.161168490262185,False,0.09345991561181435,0.402,-0.00016505315829606557,-0.0004760672071920502,0.00014956283642648615,-0.011063707216332692,False,False,False,False,True
linear_proxy,proxy-washout,False,400,4,polynomial_ridge,35,34267606,0.9051965949787185,5.504610745442561e-150,0.10626930156000407,0.033830999937681114,True,0.08682606657290202,0.462,7.38723217801919e-06,-0.0002729530359211139,0.00030289824422316666,0.0005257991341225179,False,True,False,False,True
linear_proxy,proxy-washout,False,400,4,polynomial_ridge,36,34267607,0.8794337464609152,2.2516951574969993e-130,-0.03464681121115463,0.49012787063534463,False,-0.15077355836849507,0.214,-0.00014407517837583192,-0.00035985965091730814,0.0001304025083999731,-0.008945573699287607,False,False,False,False,False
linear_proxy,proxy-washout,False,400,4,polynomial_ridge,37,34267608,0.8743359645997786,5.004297728435095e-127,0.07832009954762098,0.11830339868322116,False,0.2537037037037037,0.028,-8.592549122153972e-05,-0.000620131274701576,0.0005185385647917983,-0.004657863976889568,True,False,False,False,False
linear_proxy,proxy-washout,False,400,4,polynomial_ridge,38,34267609,0.8814028837680234,1.0444097402965507e-131,-0.08428585850953481,0.092700866686311,False,-0.06697140178152837,0.516,-0.00014318100294275458,-0.0005001741395024454,0.00020480587016997561,-0.009219474925252127,False,False,False,False,True
linear_proxy,proxy-washout,False,400,4,polynomial_ridge,39,34267610,0.8908996306226914,1.7221068615458493e-138,-0.000394229909647979,0.9937366460211285,False,-0.06910454758556024,0.558,-0.00028950717949382046,-0.0006490678278603792,-2.8337370988393124e-06,-0.019253975293141285,False,False,False,False,True
linear_proxy,proxy-washout,False,400,4,polynomial_ridge,40,34267611,0.8802079387996173,6.776031314031365e-131,0.013390345653585812,0.7897427008584051,False,0.05691514299109237,0.618,-0.00010220986453453318,-0.00032093536674331454,8.948207831006271e-05,-0.006297120732484428,False,False,False,False,True
linear_proxy,proxy-washout,False,400,4,polynomial_ridge,41,34267612,0.8931085819286371,3.699139195354978e-140,-0.07924475628864805,0.11400777176832777,False,0.16026722925457104,0.144,-0.00023568240257950714,-0.0005162338885319963,9.762958744888048e-05,-0.016949504420891902,False,False,False,False,False
linear_proxy,proxy-washout,False,400,4,polynomial_ridge,42,34267613,0.8868582303639396,1.572760655626609e-135,0.03319906822441697,0.5084503158887561,False,0.08157524613220817,0.49,-0.00026547266662904287,-0.0005211745798388256,-4.0273095948036834e-05,-0.016350178192035495,False,False,False,False,True
linear_proxy,proxy-washout,False,400,4,polynomial_ridge,43,34267614,0.8984120525753285,2.566209152689248e-144,0.04669006562196384,0.3522599256705409,False,0.08028598218471637,0.458,-1.0770497057140463e-05,-0.0003660960148365327,0.00030709134029870377,-0.0007576922591725464,False,False,False,False,True
linear_proxy,proxy-washout,False,400,4,polynomial_ridge,44,34267615,0.8765394783717397,1.8659682883531792e-128,0.03099267104494279,0.5370473165967246,False,0.047327707454289734,0.656,-0.0003502623364790222,-0.0007087518081084619,-4.214852419064752e-05,-0.02059119750292389,False,False,False,False,True
linear_proxy,proxy-washout,False,400,4,polynomial_ridge,45,34267616,0.9033813961337257,1.98764696023902e-148,0.1684161251391115,0.0007309140595350013,True,0.049296765119549925,0.646,0.00032395935158932056,-0.00035966645245720286,0.0009933711782775093,0.021396588826476774,False,True,False,False,True
linear_proxy,proxy-washout,False,400,4,polynomial_ridge,46,34267617,0.8782149888436801,1.466536197856999e-129,-0.07369015882175517,0.14174058999951428,False,0.0014767932489451478,0.992,3.807503810122209e-05,-0.0002594357085067458,0.00032719962183976606,0.002331808378007782,False,True,False,False,True
linear_proxy,proxy-washout,False,400,4,polynomial_ridge,47,34267618,0.8949760936005848,1.346274795922766e-141,-0.0541976867497877,0.28014423478856654,False,-0.11980778246601032,0.26,-0.0001973989353787394,-0.000597668952012664,0.00020913499917488818,-0.013984978213540944,False,False,False,False,True
linear_proxy,proxy-washout,False,400,4,polynomial_ridge,48,34267619,0.8815480096750604,8.310834177189905e-132,0.03905640880044135,0.4365687618183792,False,-0.13288795124238162,0.24,-0.0004203282952024816,-0.0009180638937748279,4.9175712313220604e-05,-0.024593482681339488,False,False,False,False,True
linear_proxy,proxy-washout,False,400,4,polynomial_ridge,49,34267620,0.8842575891099318,1.1034974389287664e-133,0.013166427221995215,0.7931784928643936,False,-0.13541959681200189,0.222,-0.0004851392913185447,-0.0009125729447263112,-7.70599899701217e-05,-0.03077259660557623,False,False,False,False,True
linear_proxy,proxy-washout,False,400,4,polynomial_ridge,50,34267621,0.9069692310576941,1.545212838624972e-151,-0.06156943916946242,0.219764484029705,False,-0.1495546179090483,0.186,-5.0883831634524965e-05,-0.0002217343543425627,0.0001212200443162926,-0.004195500123255815,False,False,False,False,True
linear_proxy,proxy-washout,False,400,4,polynomial_ridge,51,34267622,0.8998059362871017,1.8967805305993006e-145,-0.06254895276835824,0.21250181625080417,False,-0.06779184247538678,0.564,-4.791590248438664e-05,-0.0002662481850079151,0.00012987577221540696,-0.003603070310487652,False,False,False,False,True
linear_proxy,proxy-washout,False,400,4,polynomial_ridge,52,34267623,0.8735233345208406,1.6570968821469967e-126,-0.09048175569070822,0.07101115516330404,False,0.0628691983122363,0.578,-0.00023700372562425118,-0.0006822678204864365,0.00014230782046627624,-0.014601379090099434,False,False,False,False,True
linear_proxy,proxy-washout,False,400,4,polynomial_ridge,53,34267624,0.8610736317101981,5.799721848298315e-119,-0.10161342798390413,0.0424978134412741,True,0.060829817158931085,0.58,-9.434404805279753e-05,-0.0006019032839693363,0.0003528876303618978,-0.005531341057434106,False,False,False,False,True
linear_proxy,proxy-washout,False,400,4,polynomial_ridge,54,34267625,0.8768254176588604,1.2120951497893567e-128,-0.050958536922455146,0.3099331675620251,False,-0.02226910454758556,0.87,-2.0516775355718803e-05,-0.00046797442791436216,0.0004474302658556475,-0.0012600718273101479,False,False,False,False,True
linear_proxy,proxy-washout,False,400,4,polynomial_ridge,55,34267626,0.8626972043575273,6.637460455167202e-120,-0.12915802463488274,0.00980415011880394,True,-0.19545241443975625,0.084,-0.00010043844768584109,-0.0005258246438483364,0.00037494235082037743,-0.0058747164772719445,False,False,False,False,False
linear_proxy,proxy-washout,False,400,4,polynomial_ridge,56,34267627,0.881167944799655,1.5108781531395635e-131,0.02237405423690661,0.6559042623744891,False,0.07862165963431787,0.516,-0.00029056630142478695,-0.0005595079562260194,-6.758191483542671e-05,-0.01780680822572423,False,False,False,False,True
linear_proxy,proxy-washout,False,400,4,polynomial_ridge,57,34267628,0.8814058837867736,1.0394917335519791e-131,-0.05822721954700456,0.24587640924239124,False,0.02855133614627286,0.802,-0.00024727993908080226,-0.0007659669787207059,0.00029578528633245657,-0.015806246208892306,False,False,False,False,True
linear_proxy,proxy-washout,False,400,4,polynomial_ridge,58,34267629,0.857885549284683,3.7817259025808696e-117,-0.004176648572142675,0.9337186664528555,False,0.17691045475855605,0.108,-0.0003572855845132526,-0.0006912244106005111,5.60644686951672e-06,-0.018761112552458558,False,False,False,False,False
linear_proxy,proxy-washout,False,400,4,polynomial_ridge,59,34267630,0.8842755892224325,1.0718807145868884e-133,-0.005272735332315958,0.9163812836410239,False,-0.15419596812001876,0.19,-0.00035331968188249616,-0.0009297137989128064,0.00011974139054180742,-0.022339062477387157,False,False,False,False,False
linear_proxy,proxy-washout,False,400,4,polynomial_ridge,60,34267631,0.9162205388783679,3.5525969806447854e-160,0.08847456327738958,0.0775307536490839,False,0.22719174871073605,0.044,5.3805550416341497e-05,-0.0003740446292352712,0.0004914238990041475,0.004343892113487777,True,True,False,False,False
linear_proxy,proxy-washout,False,400,4,polynomial_ridge,61,34267632,0.8816486978043612,7.091287013561949e-132,-0.045621727465769576,0.36339892161838117,False,-0.11922175339896861,0.296,-0.00011498052639830753,-0.00038590087681607504,0.00014992721998940647,-0.0072257971852588525,False,False,False,False,True
linear_proxy,proxy-washout,False,400,4,polynomial_ridge,62,34267633,0.8918652616578853,3.2462319076606573e-139,0.04452952976155823,0.3750109779217709,False,0.0236052508204407,0.83,-0.00040748714059874944,-0.0006524307955605265,-0.00019129597518550466,-0.026755834674540135,False,False,False,False,True
linear_proxy,proxy-washout,False,400,4,polynomial_ridge,63,34267634,0.8672262951643447,1.351240846957877e-122,-0.022079859413719476,0.6601437241091624,False,-0.07709798406000938,0.514,-0.00035403763354368775,-0.0007594538875349146,-1.9700764195630327e-05,-0.019444802486776158,False,False,False,False,True
linear_proxy,proxy-washout,False,400,4,polynomial_ridge,64,34267635,0.8892683704273151,2.7855424802596495e-137,-0.02311980961159282,0.6452072482377647,False,0.09831223628691985,0.366,-0.00011283506640540931,-0.0002830359680888777,6.896132679107337e-05,-0.007316839970897424,False,False,False,False,True
linear_proxy,proxy-washout,False,400,4,polynomial_ridge,65,34267636,0.868396864980406,2.6241690423210165e-123,-0.03334645844832251,0.5065687460386009,False,-0.008813877168307548,0.948,-0.00035788265314721374,-0.0007254703957121941,5.333305558646366e-05,-0.021135481410194067,False,False,False,False,True
linear_proxy,proxy-washout,False,400,4,polynomial_ridge,66,34267637,0.8890656816605103,3.92452419593555e-137,0.10888970000905228,0.02965138571093976,True,0.1783872480075012,0.092,-0.0001094797593244809,-0.0006087274151795783,0.0002926597819999931,-0.00664700092081979,False,False,False,False,False
linear_proxy,proxy-washout,False,400,4,polynomial_ridge,67,34267638,0.9023816398852491,1.390239977388605e-147,0.0664103484865909,0.18555430751642027,False,0.1372245663384904,0.256,-9.478830336537812e-05,-0.00039806071119082655,0.00022611822723982058,-0.006734824188714296,False,False,False,False,True
linear_proxy,proxy-washout,False,400,4,polynomial_ridge,68,34267639,0.885642097763111,1.1628753341327078e-134,0.009419701126048157,0.8512120016464154,False,-0.030168776371308017,0.794,-0.0004311700314692628,-0.0007298830135578009,-0.00016368979330746734,-0.026633210600679445,False,False,False,False,True
linear_proxy,proxy-washout,False,400,4,polynomial_ridge,69,34267640,0.8852884705529408,2.0717308002333494e-134,-0.09086626579588937,0.06981482997746004,False,-0.02855133614627286,0.804,-1.217181827577185e-05,-0.00037653771096724106,0.0004042217049321567,-0.0008357928760761326,False,False,False,False,True
linear_proxy,proxy-washout,False,400,4,polynomial_ridge,70,34267641,0.878016237601485,1.9868872415204377e-129,-0.028122044569327664,0.5754209065047208,False,0.08410689170182842,0.436,-9.145928532387076e-05,-0.00045576038264707433,0.0002358690461998351,-0.005642117189909297,False,False,False,False,True
linear_proxy,proxy-washout,False,400,4,polynomial_ridge,71,34267642,0.8790718691991825,3.936027490398696e-130,-0.004837309354088114,0.9232643667507475,False,-0.07013595874355369,0.548,-0.00023977186867341765,-0.0004295623597098939,-4.5902082807729324e-05,-0.014507281715364627,False,False,False,False,True
linear_proxy,proxy-washout,False,400,4,polynomial_ridge,72,34267643,0.9174383589897436,2.1846944187365952e-161,0.12883559132561198,0.009990451886966446,True,0.19249882794186593,0.09,4.949303689029058e-05,-0.0002838649982220318,0.0003860861898424613,0.003921383516054813,False,True,False,False,False
linear_proxy,proxy-washout,False,400,4,polynomial_ridge,73,34267644,0.8836857105356907,2.771949677567836e-133,0.02342687993726431,0.640823681206613,False,0.04301453352086264,0.688,-0.0002431542099855695,-0.0005900841066362697,4.137282875411986e-05,-0.01464214912854541,False,False,False,False,True
linear_proxy,proxy-washout,False,400,4,polynomial_ridge,74,34267645,0.8559441621510134,4.580816889459682e-116,-0.03385334285218719,0.5001258497445064,False,0.13785747773089546,0.242,-0.00038699293354455683,-0.0008773904975135144,6.686647265472408e-05,-0.020135101978462057,False,False,False,False,True
linear_proxy,proxy-washout,False,400,4,polynomial_ridge,75,34267646,0.9013134457090356,1.0854973229152187e-146,0.01970778247550646,0.6947141454710571,False,0.1823956868260666,0.106,-0.00018188746707074356,-0.0005162736653756589,9.040751693103283e-05,-0.013553429816593902,False,False,False,False,False
linear_proxy,proxy-washout,False,400,4,polynomial_ridge,76,34267647,0.8831918324489527,6.117188043977309e-133,-0.03415666792742824,0.49629116711123133,False,-0.09882794186591655,0.34,-6.216432124308072e-05,-0.00044077067276426324,0.0002768790477947214,-0.004040325060991004,False,False,False,False,True
linear_proxy,proxy-washout,False,400,4,polynomial_ridge,77,34267648,0.8605156282226762,1.2139562715381168e-118,0.06096440470989425,0.22433827408553933,False,0.010407876230661042,0.93,0.00014460002767644267,-0.00043133616503311103,0.0006727091120386139,0.007244288906181473,False,True,False,False,True
linear_proxy,proxy-washout,False,400,4,polynomial_ridge,78,34267649,0.8843845274032962,8.988658253931444e-134,0.03691273278235703,0.46217592767651494,False,0.06420534458509143,0.586,-0.00018430465228519433,-0.0004197339090528893,5.893434642187721e-05,-0.011391876617467479,False,False,False,False,True
linear_proxy,proxy-washout,False,400,4,polynomial_ridge,79,34267650,0.8866144788404927,2.3529241189639453e-135,-0.039529714243870404,0.4310267002195849,False,-0.030848570089076422,0.798,-0.00019264693592859448,-0.00048009266268602096,0.00011169553080913603,-0.012904359034280393,False,False,False,False,True
linear_proxy,proxy-washout,False,400,4,polynomial_ridge,80,34267651,0.899180807380046,6.12940078390446e-145,0.060752973790633547,0.22595246828175067,False,0.05201593999062354,0.612,-6.798503853702557e-05,-0.00044464013347146755,0.0003154234822579,-0.004656278895475128,False,False,False,False,True
linear_proxy,proxy-washout,False,400,4,polynomial_ridge,81,34267652,0.9044177151107193,2.5876165378183032e-149,0.0014008307743420046,0.9777468547896346,False,0.030637599624941402,0.802,-0.000166421027971592,-0.0002957198241830873,-4.694672084748482e-05,-0.013055659982169517,False,False,False,False,True
linear_proxy,proxy-washout,False,400,4,polynomial_ridge,82,34267653,0.8691140569628559,9.539623455469086e-124,-0.007995211808667708,0.8735067925572202,False,-0.007876230661040788,0.93,-0.00023772791040924807,-0.0005133588212160749,1.276388560034141e-05,-0.013254831950271098,False,False,False,False,True
linear_proxy,proxy-washout,False,400,4,polynomial_ridge,83,34267654,0.8827502671891698,1.2376338463191563e-132,0.04010686530930339,0.4243240046688916,False,-0.04812470698546648,0.656,-0.0005282625969661656,-0.0008955324637757359,-0.00020568457319370783,-0.03176864407722613,False,False,False,False,True
linear_proxy,proxy-washout,False,400,4,polynomial_ridge,84,34267655,0.8757255357845986,6.334541489554007e-128,0.0026887159534292283,0.9573027305015636,False,-0.09345991561181435,0.408,-0.0003019864305157556,-0.0007842537137482381,0.00013608687171440248,-0.01750792274235624,False,False,False,False,True
linear_proxy,proxy-washout,False,400,4,polynomial_ridge,85,34267656,0.8819235745223408,4.5946870784559865e-132,-0.022060455717707192,0.6604237232532145,False,0.0669479606188467,0.574,-0.00035898900713744394,-0.0006814994210521497,-6.566504959542694e-05,-0.022590728635294866,False,False,False,False,True
linear_proxy,proxy-washout,False,400,4,polynomial_ridge,86,34267657,0.8865524159525997,2.606679249645596e-135,-0.10545811184466242,0.03522256365083792,True,-0.029301453352086265,0.792,0.00013896606729200955,-0.0003270841375472761,0.0005391636568952042,0.009606725914218158,False,True,False,False,True
linear_proxy,proxy-washout,False,400,4,polynomial_ridge,87,34267658,0.8824688279301744,1.9364651094222115e-132,0.005997336440537511,0.904941087635394,False,0.19292076887013598,0.09,-0.0002140034455934206,-0.0004575351786104521,-1.0414171333265593e-05,-0.013223435573242539,False,False,False,False,False
linear_proxy,proxy-washout,False,400,4,polynomial_ridge,88,34267659,0.9076710479440496,3.6813153556387674e-152,0.002052130937735423,0.9674053361020375,False,-0.06167369901547117,0.556,-0.00017557336112223633,-0.0003869967237713176,-7.487513558768694e-06,-0.013529476404824176,False,False,False,False,True
linear_proxy,proxy-washout,False,400,4,polynomial_ridge,89,34267660,0.904945530909568,9.078811217702428e-150,-0.000355846396992288,0.9943464559225432,False,-0.06636193155180498,0.584,-0.0002776965676615211,-0.0005493283036196878,-4.120751929150942e-05,-0.021668376831976123,False,False,False,False,True
linear_proxy,proxy-washout,False,400,4,polynomial_ridge,90,34267661,0.8754290964318526,9.865292627789069e-128,0.04015408094422548,0.4237783693105643,False,0.159845288326301,0.14,-0.00010304762373805273,-0.0003843635938317471,0.0002216154284644973,-0.005880427822772015,False,False,False,False,False
linear_proxy,proxy-washout,False,400,4,polynomial_ridge,91,34267662,0.8792220576378602,3.1224018372810257e-130,0.0022694121161311457,0.9639564160208984,False,0.05288326300984529,0.654,-0.00033413433081293936,-0.0005578707194432418,-0.0001248138061928906,-0.019472757004838463,False,False,False,False,True
linear_proxy,proxy-washout,False,400,4,polynomial_ridge,92,34267663,0.8910710066937918,1.2821714723974901e-138,0.030286946425317336,0.5463612551543707,False,-0.08872480075011721,0.408,-0.00020529415032682213,-0.0004189214232549511,4.837536239554078e-05,-0.013295294769542786,False,False,False,False,True
linear_proxy,proxy-washout,False,400,4,polynomial_ridge,93,34267664,0.8568754804717528,1.3908610001980975e-116,-0.0629821047182071,0.2093458587342165,False,-0.06666666666666667,0.578,-0.0006513951731802713,-0.0012007252629439688,-0.00012631878442963195,-0.03371845312750045,False,False,False,False,True
linear_proxy,proxy-washout,False,400,4,polynomial_ridge,94,34267665,0.8874351714698216,6.039117445780448e-136,0.11090068586365244,0.02675138750942806,True,0.10923581809657759,0.302,-0.0001485439518466615,-0.0006624582109897087,0.0003174288119829029,-0.008686819901961624,False,False,False,False,True
linear_proxy,proxy-washout,False,400,4,polynomial_ridge,95,34267666,0.8793998087488046,2.3729550899565232e-130,0.0012051910002472412,0.9808540824924038,False,-0.013994374120956402,0.904,-1.4422147376944028e-05,-0.00027998576396031706,0.0002334710871232306,-0.0008942139605135255,False,False,False,False,True
linear_proxy,proxy-washout,False,400,4,polynomial_ridge,96,34267667,0.8907659422871392,2.1669637372977844e-138,0.0025757387771696773,0.9590952263687925,False,0.22212845757149555,0.05,-0.00022255059264026864,-0.0004730617043502236,-2.4919714086640367e-05,-0.014811781958502586,True,False,False,False,False
linear_proxy,proxy-washout,False,400,4,polynomial_ridge,97,34267668,0.8884923030768942,1.0312782742597453e-136,0.04353491331825047,0.3857819333617035,False,0.2081106422878575,0.052,-0.00012210136398223617,-0.0003274095862901211,7.744540293388185e-05,-0.007672995469596836,False,False,False,False,False
linear_proxy,proxy-washout,False,400,4,polynomial_ridge,98,34267669,0.8621253257832862,1.4287915830643184e-119,-0.04589236965227425,0.3605565224834786,False,0.042991092358180966,0.686,-0.00023687381618443804,-0.0005273434328126843,4.5720430473566016e-05,-0.012566496995075482,False,False,False,False,True
linear_proxy,proxy-washout,False,400,4,polynomial_ridge,99,34267670,0.8823823898899368,2.2213699046468128e-132,-0.02944504957107216,0.5575756417967379,False,-0.10675105485232067,0.348,-0.0003689661585926929,-0.0006799603483345045,-6.52869473285864e-05,-0.023141171790165643,False,False,False,False,True
linear_proxy,proxy-washout,False,800,4,polynomial_ridge,0,38270371,0.8876401681877628,6.13769973121551e-271,-0.008134640621041096,0.8184163263236255,False,0.043229227704207195,0.59,-0.00033086063274169464,-0.0005048724061571867,-0.00016793651907091075,-0.022025765638808533,False,False,False,False,True
linear_proxy,proxy-washout,False,800,4,polynomial_ridge,1,38270372,0.8902953832740365,7.69490379579242e-275,-0.005124493133295581,0.8850060825560703,False,-0.05195417789757412,0.502,-3.792076988217048e-05,-0.0002318281014747778,0.00014217919556282874,-0.002545815980471408,False,False,False,False,True
linear_proxy,proxy-washout,False,800,4,polynomial_ridge,2,38270373,0.8950340781782473,4.637696255350811e-282,-0.0019674470814728603,0.9557194144117972,False,-0.04989452712996601,0.548,-0.00013114994499747838,-0.00023342178016430015,-3.942517121542391e-05,-0.008975827665633037,False,False,False,False,True
linear_proxy,proxy-washout,False,800,4,polynomial_ridge,3,38270374,0.8949956874932619,5.323242124471214e-282,0.041793295081068195,0.237992282834238,False,-0.006633071604359544,0.942,-8.593853159663198e-05,-0.00023621171058694275,4.184935030820651e-05,-0.00585929982352656,False,False,False,False,True
linear_proxy,proxy-washout,False,800,4,polynomial_ridge,4,38270375,0.8853446021009409,1.210192529902656e-267,0.020171273852110566,0.569126538251374,False,0.1301681706316653,0.122,-0.00014094959688084469,-0.0002604966094776601,-3.501267498614138e-05,-0.008886675888842933,False,False,False,False,True
linear_proxy,proxy-washout,False,800,4,polynomial_ridge,5,38270376,0.8869830030984424,5.476826685811371e-270,-0.0367696429103522,0.29923457924158475,False,-0.011411578577288174,0.914,2.170618399882987e-05,-0.0002536663781865593,0.0002687250685724427,0.001444984286786388,False,True,False,False,True
linear_proxy,proxy-washout,False,800,4,polynomial_ridge,6,38270377,0.903709997984372,3.193481051706391e-296,0.05310986744946992,0.13362913552147185,False,0.030405484589241763,0.692,-0.00010238475723347608,-0.00026587998633474473,6.0552442563603256e-05,-0.0073879573881993465,False,False,False,False,True
linear_proxy,proxy-washout,False,800,4,polynomial_ridge,7,38270378,0.8944168272137926,4.228216144371948e-281,0.04321261309212968,0.2224153010880569,False,-0.012267080745341616,0.9,-0.00023713085231964748,-0.00038562002776294807,-7.881439234685652e-05,-0.016390062919109064,False,False,False,False,True
linear_proxy,proxy-washout,False,800,4,polynomial_ridge,8,38270379,0.8846886557635247,1.0266216181366534e-266,0.005754869448174641,0.8709773312049747,False,-0.01111273877885855,0.89,-0.00013021538103192426,-0.0002314656536624068,-3.210794767105352e-05,-0.008040943443859127,False,False,False,False,True
linear_proxy,proxy-washout,False,800,4,polynomial_ridge,9,38270380,0.8897284761382441,5.341373727212831e-274,-0.07896714018861152,0.02560680013727445,True,-0.10214168522207898,0.222,-7.579148485733003e-06,-0.00021288671154341796,0.00017554086793095436,-0.0005409281897172402,False,False,False,False,True
linear_proxy,proxy-washout,False,800,4,polynomial_ridge,10,38270381,0.8729007467199169,6.25338597891011e-251,0.007126558859716109,0.8405963921561624,False,-0.11046525254892768,0.15,-0.00016466608263610016,-0.0003145606470178023,-1.4696391176821313e-05,-0.009479433157599342,False,False,False,False,True
linear_proxy,proxy-washout,False,800,4,polynomial_ridge,11,38270382,0.8875077461058535,9.550304577834572e-271,-0.007759276336280467,0.826659249300907,False,-0.023227469823039963,0.776,-4.323773729222012e-05,-0.00020188737506773868,9.802428195414942e-05,-0.0029002555171513855,False,False,False,False,True
linear_proxy,proxy-washout,False,800,4,polynomial_ridge,12,38270383,0.8947906324853635,1.1106722755298299e-281,0.02506319359682292,0.47928503478675166,False,-0.04404664244697058,0.576,-0.0001886637109512028,-0.000341717206853518,-4.7697703059680536e-05,-0.012906610880781322,False,False,False,False,True
linear_proxy,proxy-washout,False,800,4,polynomial_ridge,13,38270384,0.8954861882596692,9.1083547275339e-283,-0.044209766677938606,0.2119163866898637,False,0.02446091644204852,0.746,-8.660822968421106e-05,-0.0002188807591626422,4.612940685833518e-05,-0.006201747736334351,False,False,False,False,True
linear_proxy,proxy-washout,False,800,4,polynomial_ridge,14,38270385,0.9021440189750297,1.4384021669723688e-293,0.036907589168009215,0.29742404105015463,False,0.09353685690847299,0.28,-0.00019459503117314272,-0.00030790056334951754,-8.560633792266987e-05,-0.014497501589572376,False,False,False,False,True
linear_proxy,proxy-washout,False,800,4,polynomial_ridge,15,38270386,0.8786925135820526,1.7635415627255924e-258,0.002355480032940883,0.9469978796215981,False,-0.0003662252431735615,1.0,-0.00015496756863414216,-0.0002581689989985253,-4.013019066099415e-05,-0.009475013034645232,False,False,False,False,True
linear_proxy,proxy-washout,False,800,4,polynomial_ridge,16,38270387,0.8866916042056316,1.439204698701083e-269,-0.029923162440905614,0.3982835823892178,False,-0.19932321575061526,0.014,-0.0001433010797731414,-0.0002700658643636187,-1.5593202510392354e-05,-0.00936015526714168,True,False,False,False,False
linear_proxy,proxy-washout,False,800,4,polynomial_ridge,17,38270388,0.8829435905368604,2.8476526806025513e-264,0.03008689241331092,0.39570625173645907,False,-0.029090003515762332,0.73,-0.0001966503368202588,-0.0003365955975412852,-6.947533860126304e-05,-0.012214012401995131,False,False,False,False,True
linear_proxy,proxy-washout,False,800,4,polynomial_ridge,18,38270389,0.8754724304256726,3.093835143912417e-254,-0.020925792560097703,0.5547620677357924,False,-0.010066799484354856,0.896,-0.00010536001834528935,-0.0002602395991293668,5.4370325731337366e-05,-0.006331850217678553,False,False,False,False,True
linear_proxy,proxy-washout,False,800,4,polynomial_ridge,19,38270390,0.8916764166819011,6.558924289961308e-277,0.04489027688388397,0.20495962020687136,False,0.011836399859369505,0.908,-0.00011243092335148051,-0.0002929256796611315,4.85700745643328e-05,-0.007288890676865688,False,False,False,False,True
linear_proxy,proxy-washout,False,800,4,polynomial_ridge,20,38270391,0.8909262514472679,8.797454307789106e-276,0.023280590149916864,0.5111026923304731,False,-0.012829602718856204,0.872,2.8785570217289974e-05,-0.00021793098326474919,0.00027857603339054017,0.0018870167177593895,False,True,False,False,True
linear_proxy,proxy-washout,False,800,4,polynomial_ridge,21,38270392,0.8935292477019496,9.908105552364846e-280,-0.02609764062886598,0.4613280361808959,False,-0.004429860541427399,0.954,-0.0001417177610721406,-0.000278068451456933,-1.7671334912447283e-05,-0.009875831391101042,False,False,False,False,True
linear_proxy,proxy-washout,False,800,4,polynomial_ridge,22,38270393,0.8952225159726813,2.355473398599115e-282,0.10524625394475,0.0028959603958057765,True,0.07463670455877182,0.362,3.646259433605879e-05,-0.0001974088248220208,0.000292173754515979,0.0023454644139820915,False,True,False,False,True
linear_proxy,proxy-washout,False,800,4,polynomial_ridge,23,38270394,0.8805322430191298,5.847445994279487e-261,-0.011500995317200863,0.7454871042460662,False,0.04067737020977382,0.582,-0.00015815064145809424,-0.00031730311651399236,-1.788514864716297e-05,-0.009710943593812877,False,False,False,False,True
linear_proxy,proxy-washout,False,800,4,polynomial_ridge,24,38270395,0.8845313664552602,1.7109202149365406e-266,0.07847287137625657,0.026547408151424704,True,0.05603832180944568,0.48,5.739866813728525e-05,-0.00019639165388511817,0.0003259062084463044,0.003457264319603276,False,True,False,False,True
linear_proxy,proxy-washout,False,800,4,polynomial_ridge,25,38270396,0.8898625388477172,3.3812928372393167e-274,0.03589054152913158,0.31094490970407535,False,0.13533634126333058,0.088,-2.293841204165266e-05,-0.00024446619377112115,0.00025661049774106456,-0.0014745340301278217,False,False,False,False,True
linear_proxy,proxy-washout,False,800,4,polynomial_ridge,26,38270397,0.8891164048693827,4.275444997525309e-273,-0.03243606389280166,0.3598440015226108,False,-0.005739482011016055,0.946,-3.100633010363202e-05,-0.0001576628336446131,9.642870820759168e-05,-0.0021792946675016278,False,False,False,False,True
linear_proxy,proxy-washout,False,800,4,polynomial_ridge,27,38270398,0.8853119770499642,1.3463946934098696e-267,-0.012542165149587642,0.7233515474280902,False,0.017945036915504513,0.81,-3.523963754559038e-05,-0.0002265358460291788,0.0001576928838988433,-0.002298398131317733,False,False,False,False,True
linear_proxy,proxy-washout,False,800,4,polynomial_ridge,28,38270399,0.8804824851288832,6.832231276757917e-261,0.019208356208992142,0.5877119592875103,False,0.10924352513770069,0.192,-0.00030267731877258244,-0.000468126073941612,-0.00013708195582712334,-0.01870191480468728,False,False,False,False,True
linear_proxy,proxy-washout,False,800,4,polynomial_ridge,29,38270400,0.8848440466313229,6.1937060002881275e-267,0.052449570082378195,0.13853491741851218,False,0.14259932028594868,0.078,-0.00012197107805282659,-0.0002643347889504877,2.643769997731967e-05,-0.007571503032315172,False,False,False,False,True
linear_proxy,proxy-washout,False,800,4,polynomial_ridge,30,38270401,0.8932710129234577,2.467494116463953e-279,0.08046184526833171,0.02293535147453808,True,0.052270596507676084,0.484,-6.33528360977631e-05,-0.00027869765578428056,0.00013408704697090765,-0.004131028063125092,False,False,False,False,True
linear_proxy,proxy-washout,False,800,4,polynomial_ridge,31,38270402,0.8769124795507495,4.0480263169855873e-256,-0.03902487537662566,0.27055175991527386,False,0.04970701980546115,0.504,-0.00010960643929417216,-0.0002752397638203196,8.108214091808298e-05,-0.006824303095531084,False,False,False,False,True
linear_proxy,proxy-washout,False,800,4,polynomial_ridge,32,38270403,0.8827002854691961,6.194622898825569e-264,0.05342675114762948,0.13132295787946752,False,-0.1295968592523145,0.094,-9.865844961260903e-05,-0.00027081786310467775,7.671198161931597e-05,-0.005940237272619939,False,False,False,False,True
linear_proxy,proxy-washout,False,800,4,polynomial_ridge,33,38270404,0.8789811234080054,7.246053443773211e-259,-0.011759453747440054,0.7399717846846198,False,0.09696179538263214,0.236,-0.00016560073871579525,-0.0002816515476091965,-2.3586832290820607e-05,-0.010173936326751957,False,False,False,False,True
linear_proxy,proxy-washout,False,800,4,polynomial_ridge,34,38270405,0.884940913970178,4.518391393824633e-267,0.03421002290573455,0.3341595849575331,False,-0.05387905777569437,0.482,-3.177028674188412e-05,-0.000194544423267437,0.00012558562797427406,-0.002010412830120973,False,False,False,False,True
linear_proxy,proxy-washout,False,800,4,polynomial_ridge,35,38270406,0.8900831798174685,1.5911604649898592e-274,-0.008559520938128529,0.8091102028575856,False,-0.0022881753193484122,0.982,4.485928072540599e-05,-0.00018689091061840896,0.00026866146225505683,0.0030424300882975,False,True,False,False,True
linear_proxy,proxy-washout,False,800,4,polynomial_ridge,36,38270407,0.8862888301387972,5.447485661572777e-269,-0.03054131726226184,0.38860586557040816,False,-0.21836399859369507,0.006,-6.554553508010194e-05,-0.00019882182625338164,4.990822925363169e-05,-0.004257619145535496,True,False,False,False,False
linear_proxy,proxy-washout,False,800,4,polynomial_ridge,37,38270408,0.8815775805899698,2.1870272336918062e-262,0.008253485781338702,0.8158106351848319,False,0.005918199929684753,0.942,-9.336985266584358e-05,-0.00023974081957425582,8.570335789889503e-05,-0.005769523007299094,False,False,False,False,True
linear_proxy,proxy-washout,False,800,4,polynomial_ridge,38,38270409,0.8837923574880586,1.8669004472586937e-265,-0.008538720303082066,0.8095651824135246,False,0.029424000937536623,0.682,-0.00012054028830399063,-0.00023722518081974455,-1.8251302711275736e-05,-0.00770406595931036,False,False,False,False,True
linear_proxy,proxy-washout,False,800,4,polynomial_ridge,39,38270410,0.8940370922454567,1.6357139460009052e-280,0.015038741646794996,0.6712359139869833,False,0.03314777921012539,0.672,-0.00013593136804249117,-0.00027703600295144864,-3.493393421192065e-06,-0.009471097201670574,False,False,False,False,True
linear_proxy,proxy-washout,False,800,4,polynomial_ridge,40,38270411,0.8974944804601257,6.023112609951921e-286,-0.01325839371881516,0.7082560686462277,False,0.06833177077229578,0.392,-0.00023494777485032724,-0.0003680888273950435,-0.00010786929477043904,-0.01670704337620816,False,False,False,False,True
linear_proxy,proxy-washout,False,800,4,polynomial_ridge,41,38270412,0.8675811524705508,2.5751318208224914e-244,-0.06241571014803416,0.07786061924677716,False,0.12115902964959568,0.134,-4.013208573294333e-05,-0.00031690982760913805,0.0002303352689922912,-0.0023831433339969394,False,False,False,False,True
linear_proxy,proxy-washout,False,800,4,polynomial_ridge,42,38270413,0.895196054993836,2.590764173015406e-282,-0.03210296527093702,0.3648013152784931,False,-0.06381987577639751,0.41,-0.00012231153206022569,-0.00023176455625851478,-1.9540523783899106e-05,-0.008654698216963262,False,False,False,False,True
linear_proxy,proxy-washout,False,800,4,polynomial_ridge,43,38270414,0.8752016800026252,6.949618652445842e-254,-0.03423388999469112,0.3338222687104,False,-0.04557306926051798,0.574,9.425871246773049e-06,-0.0002029406414482,0.00022889955374909483,0.0005632631399261583,False,True,False,False,True
linear_proxy,proxy-washout,False,800,4,polynomial_ridge,44,38270415,0.8940599907187357,1.5077897410370433e-280,0.12047793426643207,0.000643448693242471,True,0.09271065275987343,0.25,0.0002697870323626582,-8.562452786002352e-05,0.0006107934194094426,0.016897633742921078,False,True,False,False,True
linear_proxy,proxy-washout,False,800,4,polynomial_ridge,45,38270416,0.8860599860312283,1.1578893944716355e-268,0.03529429843839946,0.31905683494787257,False,0.03604535333411461,0.67,-7.40525319376864e-05,-0.00023924767060460732,8.001786499082692e-05,-0.004654201439877405,False,False,False,False,True
linear_proxy,proxy-washout,False,800,4,polynomial_ridge,46,38270417,0.8914306741104284,1.5385262572275535e-276,-0.059122166689849515,0.09491410770341122,False,-0.20958338216336575,0.006,-0.00012868704580558388,-0.0003699382295602098,0.00011233248863792947,-0.009039020741283517,True,False,False,False,False
linear_proxy,proxy-washout,False,800,4,polynomial_ridge,47,38270418,0.9025238008184389,3.2996342988560835e-294,0.09633839839540362,0.006425560909683385,True,0.08596331887964373,0.25,-1.8800776251491277e-05,-0.0002909777219282103,0.00025768984418132046,-0.001327884129582545,False,False,False,False,True
linear_proxy,proxy-washout,False,800,4,polynomial_ridge,48,38270419,0.885453047582887,8.48775263916021e-268,0.003451090687168939,0.9224102334239805,False,-0.050278331184811904,0.506,-0.00018385408353075415,-0.00031629556200872983,-6.24054209456476e-05,-0.011811009050864121,False,False,False,False,True
linear_proxy,proxy-washout,False,800,4,polynomial_ridge,49,38270420,0.8833782630910362,7.073099069886449e-265,0.05069807899596701,0.15221855292562123,False,0.08982186804172039,0.25,-0.00011949466620327434,-0.00033650404715839655,0.00010669997183749781,-0.00724195868080665,False,False,False,False,True
linear_proxy,proxy-washout,False,800,4,polynomial_ridge,50,38270421,0.8872147300230157,2.53532641255434e-270,0.028220711762204923,0.42567581097797796,False,0.09856439704675964,0.238,-0.0001466162208208742,-0.0002493103181158749,-4.9995162892887836e-05,-0.009311619251318735,False,False,False,False,True
linear_proxy,proxy-washout,False,800,4,polynomial_ridge,51,38270422,0.8824542850848205,1.3568160576351025e-263,-0.0068092569189601715,0.847604851201319,False,0.09504277510840267,0.236,-0.00010645545700492184,-0.0002193459860676604,-1.38788893555889e-05,-0.006633070035960381,False,False,False,False,True
linear_proxy,proxy-washout,False,800,4,polynomial_ridge,52,38270423,0.8937989199983126,3.811382211045503e-280,0.015466246601408615,0.6624597151543915,False,0.001394585726004922,0.978,-0.000249703339393368,-0.0003771650305362137,-0.00011875342903222632,-0.017528118545605348,False,False,False,False,True
linear_proxy,proxy-washout,False,800,4,polynomial_ridge,53,38270424,0.8884673726052698,3.828886500516493e-272,0.003904057298902417,0.9122650132002452,False,0.08308918317121762,0.284,-6.170904943099756e-05,-0.00014714205358101656,1.8843050353695747e-05,-0.004044894067415254,False,False,False,False,True
linear_proxy,proxy-washout,False,800,4,polynomial_ridge,54,38270425,0.8802258206653448,1.5232251793931478e-260,0.04748406371690837,0.17996346748578365,False,0.0615844368920661,0.46,-0.00017920368437655473,-0.00040713765884800704,4.4330751552473654e-05,-0.010716725697264584,False,False,False,False,True
linear_proxy,proxy-washout,False,800,4,polynomial_ridge,55,38270426,0.894825976290588,9.785405395358809e-282,0.006414485874461633,0.8563411811362441,False,-0.00895640454705262,0.9,-0.0001573810139104334,-0.00032447734352781117,-1.0993294345868401e-05,-0.010951146969294147,False,False,False,False,True
linear_proxy,proxy-washout,False,800,4,polynomial_ridge,56,38270427,0.8991612408769389,1.2313446488211414e-288,0.10215820202655859,0.0038437399040200707,True,-0.0011191843431384036,0.982,-5.768697399962698e-05,-0.0003471475004174807,0.00024110699926012432,-0.0038397226717389096,False,False,False,False,True
linear_proxy,proxy-washout,False,800,4,polynomial_ridge,57,38270428,0.899598936873339,2.3785774099448647e-289,0.0872384237593264,0.013633550278555836,True,0.020309387085433023,0.828,-0.00017906385403199977,-0.00038445565662388647,7.548588737502724e-06,-0.012409335152546792,False,False,False,False,True
linear_proxy,proxy-washout,False,800,4,polynomial_ridge,58,38270429,0.8859480014812523,1.6736272320006387e-268,0.07228127851056884,0.04109019604207033,True,-0.00975331067619829,0.904,-0.000295590826864367,-0.000508049108531051,-9.096517308471402e-05,-0.018460176401670674,False,False,False,False,True
linear_proxy,proxy-washout,False,800,4,polynomial_ridge,59,38270430,0.8812449316327058,6.243831284812264e-262,0.06501776665965057,0.0662250969726951,False,0.011933083323567328,0.886,-0.00018964508537195474,-0.0004191710434152043,3.563771463206219e-05,-0.011206347415050447,False,False,False,False,True
linear_proxy,proxy-washout,False,800,4,polynomial_ridge,60,38270431,0.8924394725616759,4.5854156169525816e-278,0.03158328662803205,0.3726199700695326,False,0.034504277510840266,0.682,-0.00015751115749170277,-0.0003062405875682083,-1.4722154636068174e-05,-0.010594780446136601,False,False,False,False,True
linear_proxy,proxy-washout,False,800,4,polynomial_ridge,61,38270432,0.8877574261834784,4.1474419800217904e-271,-0.05607585654006543,0.11323060244503386,False,-0.013559123403257942,0.866,6.165047802694779e-06,-0.0001533848833849616,0.00017102130107415496,0.00041524637448736194,False,True,False,False,True
linear_proxy,proxy-washout,False,800,4,polynomial_ridge,62,38270433,0.8859793609052515,1.5096373344166484e-268,0.07626085681563399,0.03113063560424581,True,0.15935778741357084,0.064,-0.00017852678882305031,-0.0004741852481779488,9.995791354224915e-05,-0.010861650768038793,False,False,False,False,False
linear_proxy,proxy-washout,False,800,4,polynomial_ridge,63,38270434,0.8935835993493739,8.174421690332009e-280,-0.00440386896329719,0.9010871967354077,False,-0.0458250322278214,0.536,-0.00013056628049979563,-0.0002738763527856408,9.960947290110892e-06,-0.009238810339313662,False,False,False,False,True
linear_proxy,proxy-washout,False,800,4,polynomial_ridge,64,38270435,0.8861583768099639,8.37448538967969e-269,-0.010256710481393781,0.7722171992212147,False,0.09960154693542718,0.188,-0.00019048033463023306,-0.00034236945484883874,-3.731654767445723e-05,-0.012471801949431285,False,False,False,False,True
linear_proxy,proxy-washout,False,800,4,polynomial_ridge,65,38270436,0.872736238650373,1.0118501868577143e-250,-0.018697173472133115,0.5976909047739671,False,0.08530118363998593,0.292,-9.51888270467674e-05,-0.0002204186148973292,5.043591668833794e-05,-0.005481968207443001,False,False,False,False,True
linear_proxy,proxy-washout,False,800,4,polynomial_ridge,66,38270437,0.8933653021332847,1.7688295861398697e-279,0.1292105374599572,0.00025026926209048876,True,0.19162076643618892,0.016,0.00017181963247656432,-0.00013941360049519997,0.00047033031050353096,0.01091483228187883,True,True,False,False,False
linear_proxy,proxy-washout,False,800,4,polynomial_ridge,67,38270438,0.8899617030651611,2.4101142179952016e-274,0.011321788482684012,0.7493189283204277,False,0.002449314426344779,0.976,-0.0001892616823176499,-0.00039851256133089497,2.2175725479878073e-05,-0.012661480336959859,False,False,False,False,True
linear_proxy,proxy-washout,False,800,4,polynomial_ridge,68,38270439,0.8993375380274032,6.355676220873966e-289,-0.014760168305467145,0.6769789843098462,False,0.022366108051095745,0.768,-8.570001949466562e-05,-0.00019208237632687198,1.3442009447311195e-05,-0.006327776348313503,False,False,False,False,True
linear_proxy,proxy-washout,False,800,4,polynomial_ridge,69,38270440,0.8924974804648133,3.7426931837634237e-278,-0.01786733163072853,0.6140519379719497,False,-0.10285948669869917,0.18,-0.0002255944574609224,-0.0003930497361380511,-9.797367476863115e-05,-0.015470760107815057,False,False,False,False,True
linear_proxy,proxy-washout,False,800,4,polynomial_ridge,70,38270441,0.896626377541215,1.4530342201693848e-284,0.0065188257678780274,0.8540303723192018,False,0.010890073831009024,0.864,-7.162851053550863e-05,-0.0001790358099991975,4.4455662653719617e-05,-0.0051619935005646645,False,False,False,False,True
linear_proxy,proxy-washout,False,800,4,polynomial_ridge,71,38270442,0.8954193444052257,1.1591850590717985e-282,0.029488080833984912,0.40518122975329324,False,0.06676139692956756,0.436,-0.00027784440107218,-0.00041422508390927634,-0.0001341087168748181,-0.01912093585550258,False,False,False,False,True
linear_proxy,proxy-washout,False,800,4,polynomial_ridge,72,38270443,0.8815395649055703,2.4659820348340542e-262,-0.050857343112158296,0.15093336642809954,False,-0.018185280675026366,0.824,-0.00011986077219142133,-0.00030290534584052935,6.795544224852469e-05,-0.007846240973223506,False,False,False,False,True
linear_proxy,proxy-washout,False,800,4,polynomial_ridge,73,38270444,0.906918807685637,8.347931573381323e-302,0.04325249673906928,0.22198836058538074,False,0.056061760225008785,0.464,1.1688383890767415e-05,-0.00014857605423805378,0.00017435199124442527,0.000882618304854943,False,True,False,False,True
linear_proxy,proxy-washout,False,800,4,polynomial_ridge,74,38270445,0.8987468652294771,5.799353069671467e-288,0.014227986428829479,0.688002487283952,False,-0.0164713465369741,0.834,-1.3050805193651899e-05,-0.00013458816876228916,0.00010812110966967031,-0.0009222740877865813,False,False,False,False,True
linear_proxy,proxy-washout,False,800,4,polynomial_ridge,75,38270446,0.8690011390642799,4.715887927892988e-246,-0.04237909211129975,0.23147244309848383,False,-0.11716277979608578,0.164,-0.00020605034501413808,-0.00038759357945358395,-2.0175059965044556e-05,-0.011824351480326201,False,False,False,False,True
linear_proxy,proxy-washout,False,800,4,polynomial_ridge,76,38270447,0.8845589289983268,1.5645255454806542e-266,0.028133967172304684,0.4271002948607988,False,-0.005103714988866752,0.944,-0.00010162391308249016,-0.00023364093682067149,3.0614550221066526e-05,-0.006280538701355891,False,False,False,False,True
linear_proxy,proxy-washout,False,800,4,polynomial_ridge,77,38270448,0.8893922646754138,1.6769170926454453e-273,0.03769813927131583,0.28718927523033905,False,0.09005625219735146,0.266,-0.0001271324903046097,-0.0002623140376540889,-4.520641604344028e-06,-0.008356942640926079,False,False,False,False,True
linear_proxy,proxy-washout,False,800,4,polynomial_ridge,78,38270449,0.8770036750057423,3.070325401219014e-256,-0.018817860283586806,0.5953280211115268,False,0.004784366576819407,0.952,-3.922485817850485e-05,-0.00018082058524619528,0.00010723830276936979,-0.002407373765210936,False,False,False,False,True
linear_proxy,proxy-washout,False,800,4,polynomial_ridge,79,38270450,0.9048841482564818,3.0517973524881577e-298,0.058979029558682436,0.09571813449902002,False,0.07245693191140277,0.356,-8.856855712862169e-05,-0.00020363079421169982,3.256746197421798e-05,-0.006602632696095097,False,False,False,False,True
linear_proxy,proxy-washout,False,800,4,polynomial_ridge,80,38270451,0.8757354464616351,1.4069727086958067e-254,-0.05235082797108616,0.13928029069168776,False,-0.1799220672682527,0.018,-0.00024301227915753815,-0.00047080598688110773,-6.32266574592578e-05,-0.014998721445108885,True,False,False,False,False
linear_proxy,proxy-washout,False,800,4,polynomial_ridge,81,38270452,0.8908297122339255,1.2270412991834648e-275,-0.0657484790167387,0.06322785258821094,False,-0.06516465486933083,0.41,-8.638010712993041e-05,-0.0002655067234016244,0.00010357199106795186,-0.006100944896734408,False,False,False,False,True
linear_proxy,proxy-washout,False,800,4,polynomial_ridge,82,38270453,0.8917994637491621,4.2765712420740194e-277,-0.003650452640379989,0.9179434164987402,False,-0.018340560178131956,0.804,-0.00010027070426563665,-0.00022112982215242356,1.333144366769963e-05,-0.007108860182028146,False,False,False,False,True
linear_proxy,proxy-washout,False,800,4,polynomial_ridge,83,38270454,0.8955270867610732,7.858437339793412e-283,0.003989203353370047,0.9103595151858569,False,-0.00514766201804758,0.952,-9.029936458146426e-05,-0.0001705322701864831,-3.1229202783524507e-06,-0.0062512571791813075,False,False,False,False,True
linear_proxy,proxy-washout,False,800,4,polynomial_ridge,84,38270455,0.8794057178214342,1.9498953057987473e-259,0.06054659380076332,0.08720384452840406,False,0.13435485761162547,0.076,-0.0001328555180532577,-0.00040520227432022513,0.0001453359364722651,-0.007676242259567573,False,False,False,False,True
linear_proxy,proxy-washout,False,800,4,polynomial_ridge,85,38270456,0.887652590082172,5.888186395804474e-271,0.052179404089051896,0.14058162993150125,False,0.19600667994843549,0.02,-4.294038626216287e-05,-0.00017374587922161752,8.130968531434625e-05,-0.00273556663362301,True,False,False,False,False
linear_proxy,proxy-washout,False,800,4,polynomial_ridge,86,38270457,0.8805417117839247,5.676745685019109e-261,0.03488207410033294,0.3247452902064151,False,-0.0032755185749443337,0.96,-0.00019666024249995542,-0.00035188691634309145,-3.913199479602665e-05,-0.011746067663680861,False,False,False,False,True
linear_proxy,proxy-washout,False,800,4,polynomial_ridge,87,38270458,0.8815248226950355,2.5834671586463706e-262,0.03622238959194228,0.30648944732024885,False,-0.008461268018281964,0.918,-0.00012009013662470092,-0.000284712868767371,1.7864046643882344e-05,-0.007200995400015032,False,False,False,False,True
linear_proxy,proxy-washout,False,800,4,polynomial_ridge,88,38270459,0.8805806415322525,5.02559684803245e-261,0.002319970431108693,0.9477957555249503,False,0.02779503105590062,0.736,-0.00022519897326349,-0.0003499216272009281,-8.635716068622196e-05,-0.014121932000778468,False,False,False,False,True
linear_proxy,proxy-washout,False,800,4,polynomial_ridge,89,38270460,0.8777621136908028,3.0547758034387982e-257,0.05064220917610112,0.1526713606722956,False,0.10700515645142387,0.168,-0.00015506952137643235,-0.0003364289951959126,1.7239637243128896e-05,-0.009105538645864638,False,False,False,False,True
linear_proxy,proxy-washout,False,800,4,polynomial_ridge,90,38270461,0.890507235167555,3.720199473373022e-275,-0.01735827444126342,0.6241848930332539,False,-0.06298488222196179,0.396,-7.472852711613506e-05,-0.00023212943522265804,6.430854534606007e-05,-0.005007099335511374,False,False,False,False,True
linear_proxy,proxy-washout,False,800,4,polynomial_ridge,91,38270462,0.8935416930338955,9.481286510496127e-280,0.030814301134813957,0.38437796899308907,False,0.05365346302589945,0.518,-3.4619096650184006e-05,-0.0001448768319870033,7.56175092356301e-05,-0.002286442343266607,False,False,False,False,True
linear_proxy,proxy-washout,False,800,4,polynomial_ridge,92,38270463,0.8948480778876218,9.040056964788314e-282,-0.008301176926623704,0.8147655719720158,False,-0.05145611156685808,0.554,-5.198920648420008e-05,-0.00017840348837644607,8.701884452162677e-05,-0.0035961540057489238,False,False,False,False,True
linear_proxy,proxy-washout,False,800,4,polynomial_ridge,93,38270464,0.8908946810854392,9.809056886406113e-276,0.0013665207917069114,0.9692360715710467,False,0.014971287940935194,0.876,-6.277540101778945e-05,-0.00016217505990405353,2.8619956119316188e-05,-0.004118306474995449,False,False,False,False,True
linear_proxy,proxy-washout,False,800,4,polynomial_ridge,94,38270465,0.8908469622608786,1.1562424710859722e-275,0.010639608765844487,0.7639612265482528,False,0.04968358138989804,0.494,-0.00024670806108063187,-0.00037798918286671555,-0.00010835623728357993,-0.01648267812224279,False,False,False,False,True
linear_proxy,proxy-washout,False,800,4,polynomial_ridge,95,38270466,0.888874740429282,9.686812082586789e-273,-0.013170774938172041,0.7100967624805931,False,0.03758642915738896,0.634,-5.6616613644972294e-05,-0.00022065640790045417,9.115429070341188e-05,-0.003724353046720212,False,False,False,False,True
linear_proxy,proxy-washout,False,800,4,polynomial_ridge,96,38270467,0.8848864685726072,5.394891702020742e-267,0.01488503567985765,0.674402374157625,False,0.010711355912340325,0.908,-0.00016713376781502323,-0.00033286158443275756,6.317115276556244e-06,-0.010569343516702513,False,False,False,False,True
linear_proxy,proxy-washout,False,800,4,polynomial_ridge,97,38270468,0.8774041287564512,9.096038945321609e-257,-0.038894623123892656,0.2721553286242539,False,0.008713230985585373,0.928,-4.418291316336115e-05,-0.00015028279515957342,6.155322235483021e-05,-0.0027800580627684855,False,False,False,False,True
linear_proxy,proxy-washout,False,800,4,polynomial_ridge,98,38270469,0.8932595754055866,2.5691154117221808e-279,-0.004993734666074961,0.8879207168036188,False,0.07082210242587601,0.39,-0.00010746233537521112,-0.0002695946088334235,6.544157080329177e-05,-0.0074846251935434495,False,False,False,False,True
linear_proxy,proxy-washout,False,800,4,polynomial_ridge,99,38270470,0.9129232233175365,0.0,0.05197872721082134,0.14211687323484476,False,0.09287765147076057,0.216,-2.8558304290713862e-05,-0.00014101089605661176,7.516069399726579e-05,-0.002311282681600994,False,False,False,False,True
nonlinear_proxy,nonlinear-proxy-washout,False,100,4,polynomial_ridge,0,41265490,0.9507110711071106,1.232775345363935e-51,0.9514151624031016,2.0223318260404698e-51,True,0.6060150375939849,0.006,0.0009422322472547821,-0.00037204076470728027,0.0024184055557133852,0.10841601767983972,True,True,False,False,False
nonlinear_proxy,nonlinear-proxy-washout,False,100,4,polynomial_ridge,1,41265491,0.9165556555655565,8.594806935009714e-41,0.917439391747783,1.3168032915822413e-40,True,-0.08571428571428572,0.73,-0.00044887036065537934,-0.001383318959690168,0.00041363710596105586,-0.046847300639757214,False,False,False,False,True
nonlinear_proxy,nonlinear-proxy-washout,False,100,4,polynomial_ridge,2,41265492,0.9513111311131112,6.862715026292395e-52,0.9497035215525921,1.0409255502614486e-50,True,0.4661654135338345,0.06,0.0011471143150004947,-0.00021456896114897448,0.0026175371558035464,0.1398699628368208,False,True,False,False,False
nonlinear_proxy,nonlinear-proxy-washout,False,100,4,polynomial_ridge,3,41265493,0.9412181218121811,5.489631484896561e-48,0.9414639379886554,1.3408579670568255e-47,True,0.19097744360902258,0.412,-0.0005613142948462657,-0.0009817821327299805,-0.00017664340736420146,-0.08011365568764496,False,False,False,False,False
nonlinear_proxy,nonlinear-proxy-washout,False,100,4,polynomial_ridge,4,41265494,0.9465346534653465,5.997514862152045e-50,0.9469070547944306,1.3432350285912453e-49,True,-0.15037593984962402,0.538,-0.0003092849471567948,-0.0010398298967682607,0.0004528854315633524,-0.04925090629314542,False,False,False,False,False
nonlinear_proxy,nonlinear-proxy-washout,False,100,4,polynomial_ridge,5,41265495,0.9487908790879086,7.657444764112771e-51,0.9488343376528373,2.340484926334382e-50,True,0.3218045112781954,0.166,0.0002158557735990928,-0.0002998499607607123,0.0007636485393206438,0.029608745030847608,False,True,False,False,False
nonlinear_proxy,nonlinear-proxy-washout,False,100,4,polynomial_ridge,6,41265496,0.9315331533153315,7.640179873379223e-45,0.9314624715476617,2.2162375842831656e-44,True,0.012030075187969924,0.96,3.3240474248671936e-05,-0.002011348259218098,0.0015859771972324681,0.0031145535166136134,False,True,False,False,True
nonlinear_proxy,nonlinear-proxy-washout,False,100,4,polynomial_ridge,7,41265497,0.9556075607560756,8.231382223752887e-54,0.954155072649101,1.2927825683049743e-52,True,-0.12030075187969923,0.586,0.00047819078987695017,-0.0003337675130560759,0.0013881228673822675,0.0683680432358653,False,True,False,False,True
nonlinear_proxy,nonlinear-proxy-washout,False,100,4,polynomial_ridge,8,41265498,0.9362856285628562,2.525434554585139e-46,0.938047483840239,1.9348468950900486e-46,True,-0.07218045112781954,0.758,-0.000776110880350003,-0.0014214792156632507,-0.00026174188746858756,-0.12362360719381765,False,False,False,False,True
nonlinear_proxy,nonlinear-proxy-washout,False,100,4,polynomial_ridge,9,41265499,0.976105610561056,8.845160726169141e-67,0.9749313813528648,4.0768970547430354e-65,True,0.5864661654135337,0.01,0.0013795872196414104,0.000586963333761893,0.002257330554299518,0.2695445951916732,True,True,True,True,False
nonlinear_proxy,nonlinear-proxy-washout,False,100,4,polynomial_ridge,10,41265500,0.9504350435043504,1.6100447595091842e-51,0.9507445005625293,3.869717114252015e-51,True,0.20150375939849624,0.418,0.002654527487064114,0.0007475093750821248,0.0045809306527434005,0.2539715115591905,False,True,True,False,False
nonlinear_proxy,nonlinear-proxy-washout,False,100,4,polynomial_ridge,11,41265501,0.9656405640564055,3.6986743056305803e-59,0.9651994381772272,2.628157450333921e-58,True,0.18646616541353384,0.438,0.0006948633897804245,-0.00025992313517674356,0.0017434775307712646,0.1072432745384705,False,True,False,False,False
nonlinear_proxy,nonlinear-proxy-washout,False,100,4,polynomial_ridge,12,41265502,0.9303570357035702,1.7105161384549082e-44,0.9311003254716168,2.836841396485248e-44,True,0.28421052631578947,0.202,0.00011375077256429653,-0.0007328939615602102,0.0009622152820549047,0.011708483897488523,False,True,False,False,False
nonlinear_proxy,nonlinear-proxy-washout,False,100,4,polynomial_ridge,13,41265503,0.9546834683468345,2.209330655712685e-53,0.954737387444181,7.051572797165392e-53,True,0.6060150375939849,0.006,0.0009083100793485996,-0.0002384839527008562,0.0021068362244256508,0.1118733816128367,True,True,False,False,False
nonlinear_proxy,nonlinear-proxy-washout,False,100,4,polynomial_ridge,14,41265504,0.925100510051005,5.320870651385611e-43,0.9249983181046277,1.5009719773680675e-42,True,0.09624060150375939,0.678,0.000186583783480165,-0.000898566367067502,0.0011855053138875755,0.019991294704171124,False,True,False,False,True
nonlinear_proxy,nonlinear-proxy-washout,False,100,4,polynomial_ridge,15,41265505,0.9556555655565555,7.815364846787012e-54,0.9546385044821123,7.820421296921199e-53,True,0.49323308270676686,0.016,0.0007662975837445926,-0.00048141972096363674,0.002118746810760744,0.0947913461843098,True,True,False,False,False
nonlinear_proxy,nonlinear-proxy-washout,False,100,4,polynomial_ridge,16,41265506,0.9414581458145814,4.518494535984108e-48,0.9415240724983746,1.2774928697831224e-47,True,0.32631578947368417,0.154,0.0007364114016009289,-0.00021495920541694533,0.0016713613332798797,0.08563116676553298,False,True,False,False,False
nonlinear_proxy,nonlinear-proxy-washout,False,100,4,polynomial_ridge,17,41265507,0.9437263726372636,6.884986890497899e-49,0.9435256615754367,2.474864215994754e-48,True,-0.037593984962406006,0.868,-0.0005737262850263186,-0.001679923109599575,0.00038796913141676804,-0.07128801990645066,False,False,False,False,True
nonlinear_proxy,nonlinear-proxy-washout,False,100,4,polynomial_ridge,18,41265508,0.9597719771977197,7.288824364573702e-56,0.9598508136647839,2.3768169322403405e-55,True,-0.09924812030075188,0.674,0.0005495907991016381,-0.0005393309109102866,0.0016921980245976575,0.08211251920835361,False,True,False,False,True
nonlinear_proxy,nonlinear-proxy-washout,False,100,4,polynomial_ridge,19,41265509,0.9460186018601859,9.483657095380666e-50,0.9456915419857309,3.911375743894853e-49,True,0.27669172932330827,0.248,0.0001436504872973452,-0.0005303788862386107,0.0009525390664038543,0.01990286436542373,False,True,False,False,False
nonlinear_proxy,nonlinear-proxy-washout,False,100,4,polynomial_ridge,20,41265510,0.9523672367236722,2.4036299882390727e-52,0.9510737502584625,2.817190515803458e-51,True,0.060150375939849614,0.784,-0.00038542561690926673,-0.0011484670674872274,0.0003373284179049348,-0.054586463643058386,False,False,False,False,True
nonlinear_proxy,nonlinear-proxy-washout,False,100,4,polynomial_ridge,21,41265511,0.9486228622862285,8.954285958025544e-51,0.9486275550558804,2.832158990309568e-50,True,-0.06917293233082707,0.752,7.247278646929298e-05,-0.0007072475513923497,0.0007350841431835142,0.011835926039047161,False,True,False,False,True
nonlinear_proxy,nonlinear-proxy-washout,False,100,4,polynomial_ridge,22,41265512,0.9192199219921992,1.870802607508152e-41,0.9190270698917625,5.336045401860174e-41,True,0.23759398496240602,0.288,0.0002983839929941792,-0.0008298525034186626,0.0015319212906505322,0.02649397862054097,False,True,False,False,False
nonlinear_proxy,nonlinear-proxy-washout,False,100,4,polynomial_ridge,23,41265513,0.9515751575157515,5.291092251654061e-52,0.9516930617673512,1.541354341009068e-51,True,0.18345864661654135,0.43,0.0007186722701581589,-7.073560442595962e-05,0.001705658525447675,0.08749532729956554,False,True,False,False,False
nonlinear_proxy,nonlinear-proxy-washout,False,100,4,polynomial_ridge,24,41265514,0.9558115811581157,6.600475917863217e-54,0.9558234859596544,2.228007394834548e-53,True,0.29774436090225564,0.208,0.000902777523129436,-0.0008477823419989408,0.002870298573229695,0.10366350799487031,False,True,False,False,False
nonlinear_proxy,nonlinear-proxy-washout,False,100,4,polynomial_ridge,25,41265515,0.9518871887188718,3.88366361915661e-52,0.9521096699585379,1.0227529454839547e-51,True,0.33383458646616543,0.15,9.671113732183986e-05,-0.0014486631221999398,0.0016681743385590206,0.01230033433084938,False,True,False,False,False
nonlinear_proxy,nonlinear-proxy-washout,False,100,4,polynomial_ridge,26,41265516,0.9239003900390038,1.125998608579584e-42,0.9242042038534279,2.4540902587430717e-42,True,-0.30526315789473685,0.22,7.113762855427176e-05,-0.001059451708640241,0.001098473609810168,0.007688583840943639,False,True,False,False,False
nonlinear_proxy,nonlinear-proxy-washout,False,100,4,polynomial_ridge,27,41265517,0.9476627662766276,2.167581952017528e-50,0.9459689193186323,3.07151347235678e-49,True,0.21353383458646616,0.316,0.0011105890959936405,0.00017224024894815746,0.002082699693064772,0.1335350550526329,False,True,True,False,False
nonlinear_proxy,nonlinear-proxy-washout,False,100,4,polynomial_ridge,28,41265518,0.9489228922892288,6.769181212851608e-51,0.9463278053613726,2.2423431487130585e-49,True,-0.24661654135338343,0.272,0.00028857275633005497,-0.0006118857214309805,0.0011974436199324767,0.03453910797896063,False,True,False,False,False
nonlinear_proxy,nonlinear-proxy-washout,False,100,4,polynomial_ridge,29,41265519,0.9564116411641163,3.426710139619232e-54,0.956047537262829,1.7503737368501303e-53,True,0.4120300751879699,0.078,0.00030765098848516137,-0.0008361706708564847,0.0014408905116424968,0.043393845004270966,False,True,False,False,False
nonlinear_proxy,nonlinear-proxy-washout,False,100,4,polynomial_ridge,30,41265520,0.9544434443444344,2.8455809728671427e-53,0.9550216933897093,5.230001018021944e-53,True,0.5428571428571428,0.022,0.0007160668056238944,-0.00038053197521886143,0.0016608992379917328,0.08707971808169065,True,True,False,False,False
nonlinear_proxy,nonlinear-proxy-washout,False,100,4,polynomial_ridge,31,41265521,0.9363336333633363,2.4367020062167794e-46,0.9363556988112928,6.8627088897662e-46,True,0.06766917293233082,0.788,-0.000352256842229429,-0.001548379608540839,0.0006933950388788862,-0.046484137299662644,False,False,False,False,True
nonlinear_proxy,nonlinear-proxy-washout,False,100,4,polynomial_ridge,32,41265522,0.9475307530753074,2.444564551027587e-50,0.9471900555309445,1.0435493295598463e-49,True,-0.015037593984962403,0.948,9.735409412859209e-05,-0.0008719227614127958,0.0011223869529375663,0.013087861016678222,False,True,False,False,True
nonlinear_proxy,nonlinear-proxy-washout,False,100,4,polynomial_ridge,33,41265523,0.9368376837683767,1.6709517830388721e-46,0.9361256069220326,8.130348136376925e-46,True,0.2045112781954887,0.374,2.394163783554261e-05,-0.0005133220346606275,0.0005481916685731664,0.002848701799471981,False,True,False,False,False
nonlinear_proxy,nonlinear-proxy-washout,False,100,4,polynomial_ridge,34,41265524,0.9692649264926493,1.7119023976742546e-61,0.9693446430532797,6.1778632609735855e-61,True,0.5458646616541353,0.012,0.00017126080587328597,-0.0008347063983139904,0.001141668524379609,0.03164708477829748,True,True,False,False,False
nonlinear_proxy,nonlinear-proxy-washout,False,100,4,polynomial_ridge,35,41265525,0.9592919291929192,1.2885361521752297e-55,0.9591353243650591,5.504018524071538e-55,True,0.4030075187969925,0.09,-0.0002731010232924023,-0.0011094499089297498,0.0003276948825235207,-0.04609908225586433,False,False,False,False,False
nonlinear_proxy,nonlinear-proxy-washout,False,100,4,polynomial_ridge,36,41265526,0.9258085808580857,3.398990236843911e-43,0.9259356031983689,8.342821318240994e-43,True,0.2150375939849624,0.372,-8.645617513064821e-06,-0.0018526996263458096,0.001990198912142729,-0.0007291037862523386,False,False,False,False,False
nonlinear_proxy,nonlinear-proxy-washout,False,100,4,polynomial_ridge,37,41265527,0.926132613261326,2.7646205121938902e-43,0.9230415603546217,4.9926795673175966e-42,True,0.32481203007518794,0.176,-0.0013522399193517613,-0.0032918734213818667,0.0002603541096282612,-0.13222368171642562,False,False,False,False,False
nonlinear_proxy,nonlinear-proxy-washout,False,100,4,polynomial_ridge,38,41265528,0.9389858985898589,3.230114225162746e-47,0.9378316898377639,2.2784488453014248e-46,True,0.10827067669172932,0.632,-0.0005795847274460801,-0.0016532025351350772,0.0005559169678933317,-0.0641225210054297,False,False,False,False,True
nonlinear_proxy,nonlinear-proxy-washout,False,100,4,polynomial_ridge,39,41265529,0.9537953795379537,5.597496061514659e-53,0.9538899202425373,1.6992515732411146e-52,True,0.4601503759398496,0.036,0.0010651389666548518,-0.0010566385083242587,0.0034490639706414496,0.11319804015671482,True,True,False,False,False
nonlinear_proxy,nonlinear-proxy-washout,False,100,4,polynomial_ridge,40,41265530,0.9268046804680468,1.7957665587753946e-43,0.9231310201095021,4.729043822898583e-42,True,0.16541353383458643,0.474,-0.0004517886365010271,-0.001760223888372497,0.0006401654331876236,-0.04014842323280583,False,False,False,False,False
nonlinear_proxy,nonlinear-proxy-washout,False,100,4,polynomial_ridge,41,41265531,0.9535793579357935,6.998388906041135e-53,0.953284945552851,3.1518256612521644e-52,True,0.5969924812030075,0.004,0.00043829969377583416,-0.0002747593547963206,0.0011454082812218903,0.0637986230955831,True,True,False,False,False
nonlinear_proxy,nonlinear-proxy-washout,False,100,4,polynomial_ridge,42,41265532,0.9463426342634262,7.116218175842331e-50,0.9463750513563701,2.1510110488939213e-49,True,0.32631578947368417,0.172,0.00011198438794307423,-0.0004962192227057686,0.0006844264459747552,0.01650826649553515,False,True,False,False,False
nonlinear_proxy,nonlinear-proxy-washout,False,100,4,polynomial_ridge,43,41265533,0.9414461446144613,4.5627819185799914e-48,0.9414981590697997,1.3044309553121636e-47,True,0.32481203007518794,0.172,0.0026018279963446415,0.0011007331655735243,0.004120428551098825,0.29485875880277995,False,True,True,False,False
nonlinear_proxy,nonlinear-proxy-washout,False,100,4,polynomial_ridge,44,41265534,0.9524272427242724,2.2629225673432388e-52,0.9452812849470225,5.5794359177234925e-49,True,0.43458646616541347,0.036,0.0003243186230955696,-0.0007399483185505933,0.0013060450060375984,0.05153036515247431,True,True,False,False,False
nonlinear_proxy,nonlinear-proxy-washout,False,100,4,polynomial_ridge,45,41265535,0.9085508550855084,6.284087568282706e-39,0.9018970787640805,3.876336109792932e-37,True,0.33684210526315783,0.176,-0.00024501226795888356,-0.0016540249534268449,0.0012499479344933514,-0.01801258063748394,False,False,False,False,False
nonlinear_proxy,nonlinear-proxy-washout,False,100,4,polynomial_ridge,46,41265536,0.9493429342934292,4.5625440605510294e-51,0.9484465343639911,3.3445056417824437e-50,True,0.5503759398496241,0.012,-9.095528034972628e-05,-0.0008387638767489682,0.0006743119933715796,-0.014965392127151663,True,False,False,False,False
nonlinear_proxy,nonlinear-proxy-washout,False,100,4,polynomial_ridge,47,41265537,0.9376777677767775,8.84859469621779e-47,0.9370168792502771,4.2016771390675355e-46,True,0.3142857142857143,0.19,-0.0005842873151311288,-0.001278543662341183,3.1743207096526205e-05,-0.07402194158655392,False,False,False,False,False
nonlinear_proxy,nonlinear-proxy-washout,False,100,4,polynomial_ridge,48,41265538,0.9175397539753973,4.923153841225215e-41,0.9175623948797529,1.2286003647934533e-40,True,0.22857142857142856,0.336,-0.0004554647346053618,-0.0009047660703303839,-4.286693967253653e-05,-0.04712575166838983,False,False,False,False,False
nonlinear_proxy,nonlinear-proxy-washout,False,100,4,polynomial_ridge,49,41265539,0.958031803180318,5.5681863042985684e-55,0.9581421626881775,1.7227920507829438e-54,True,0.2541353383458646,0.31,0.0004421493594481676,-0.0001495857963226351,0.0010089868429037589,0.07118555516195545,False,True,False,False,False
nonlinear_proxy,nonlinear-proxy-washout,False,100,4,polynomial_ridge,50,41265540,0.9528592859285928,1.4623098510674379e-52,0.9529912469332554,4.241666334103883e-52,True,0.19097744360902258,0.382,7.543632046518034e-06,-0.0010896767202970355,0.001126477612956068,0.001011385912007362,False,True,False,False,False
nonlinear_proxy,nonlinear-proxy-washout,False,100,4,polynomial_ridge,51,41265541,0.9603600360036003,3.5925712930219334e-56,0.9581328632202669,1.7410691288842776e-54,True,0.43909774436090226,0.06,0.0009302364508658569,-5.928789010630602e-05,0.0019432695545679628,0.13619144995376872,False,True,False,False,False
nonlinear_proxy,nonlinear-proxy-washout,False,100,4,polynomial_ridge,52,41265542,0.9641764176417641,2.7596900569776603e-58,0.9642151514441387,9.931379147968825e-58,True,0.4661654135338345,0.06,0.001190780598117577,-0.00040205658358844425,0.002526160518255486,0.17915361462925514,False,True,False,False,False
nonlinear_proxy,nonlinear-proxy-washout,False,100,4,polynomial_ridge,53,41265543,0.9356255625562555,4.1181865545918885e-46,0.9357657162812345,1.058525856298044e-45,True,0.22406015037593985,0.34,0.0008463231007383165,4.550697483583918e-05,0.0017287385228857348,0.09452924293210431,False,True,True,False,False
nonlinear_proxy,nonlinear-proxy-washout,False,100,4,polynomial_ridge,54,41265544,0.9238043804380437,1.1949536541829623e-42,0.9238052693646718,3.1352882323297346e-42,True,0.20902255639097742,0.396,0.0007117335518062005,-0.00042999579010616503,0.001741442556739982,0.07395052251388193,False,True,False,False,False
nonlinear_proxy,nonlinear-proxy-washout,False,100,4,polynomial_ridge,55,41265545,0.944986498649865,2.339821260022828e-49,0.944976331936347,7.252486891992082e-49,True,0.4240601503759398,0.05,0.0009591792188436274,-0.00017269707480306666,0.0020164749103005085,0.11637851392749374,True,True,False,False,False
nonlinear_proxy,nonlinear-proxy-washout,False,100,4,polynomial_ridge,56,41265546,0.9233483348334833,1.583081149196642e-42,0.9227802200152636,5.847873221985382e-42,True,0.09172932330827067,0.714,0.0007426246778073613,-0.0009214939863714215,0.0024707685911491504,0.06156109962060015,False,True,False,False,True
nonlinear_proxy,nonlinear-proxy-washout,False,100,4,polynomial_ridge,57,41265547,0.8986738673867385,7.499090419056871e-37,0.8984234145427487,1.925158290745911e-36,True,-0.23308270676691725,0.302,-0.0013778983165873022,-0.003254331369641475,-5.271567386347791e-05,-0.1196577446825919,False,False,False,False,False
nonlinear_proxy,nonlinear-proxy-washout,False,100,4,polynomial_ridge,58,41265548,0.9627002700270026,1.9266795673658172e-57,0.9611603844407753,4.909053223489037e-56,True,0.2781954887218045,0.238,0.0010423693134066362,-0.0001654432626422216,0.0021843832370095784,0.155492920745931,False,True,False,False,False
nonlinear_proxy,nonlinear-proxy-washout,False,100,4,polynomial_ridge,59,41265549,0.9373537353735373,1.1319282287910998e-46,0.936994824907375,4.271369379004689e-46,True,0.3714285714285714,0.108,-0.0005133180861109903,-0.001239216339393989,0.0002085140233335417,-0.06965993889555017,False,False,False,False,False
nonlinear_proxy,nonlinear-proxy-washout,False,100,4,polynomial_ridge,60,41265550,0.9585118511851184,3.2055398792477893e-55,0.958884995512277,7.357581867718212e-55,True,0.21954887218045113,0.314,0.0008329416957921498,-0.0002432612441373743,0.0019277451479648537,0.12183124040997129,False,True,False,False,False
nonlinear_proxy,nonlinear-proxy-washout,False,100,4,polynomial_ridge,61,41265551,0.9418181818181817,3.368971859458746e-48,0.9386663718494446,1.2067509091995855e-46,True,0.24511278195488717,0.266,-0.00010321755087969522,-0.0006357086678428403,0.000453134697932181,-0.012660219889316015,False,False,False,False,False
nonlinear_proxy,nonlinear-proxy-washout,False,100,4,polynomial_ridge,62,41265552,0.9296249624962495,2.804900049889329e-44,0.9287877352515309,1.3305325175387005e-43,True,0.051127819548872175,0.858,7.171255895165041e-05,-0.0007925559380553719,0.001171620877228922,0.006771018328302352,False,True,False,False,True
nonlinear_proxy,nonlinear-proxy-washout,False,100,4,polynomial_ridge,63,41265553,0.9565076507650764,3.082862321077635e-54,0.9565428789135254,1.0221493695327158e-53,True,0.3984962406015037,0.086,0.00018430867309370252,-0.0006400738674187727,0.0010906526196890547,0.028479839545237865,False,True,False,False,False
nonlinear_proxy,nonlinear-proxy-washout,False,100,4,polynomial_ridge,64,41265554,0.9303810381038103,1.6828495150769424e-44,0.9304398178891338,4.4349849417323315e-44,True,0.051127819548872175,0.85,-6.160467722592447e-05,-0.00067275406272991,0.0005310450868280332,-0.006037016131611625,False,False,False,False,True
nonlinear_proxy,nonlinear-proxy-washout,False,100,4,polynomial_ridge,65,41265555,0.9671887188718871,4.0086691189740144e-60,0.9678640465162127,5.87705187127285e-60,True,0.33082706766917286,0.17,0.0019175733991298616,0.0004969675496213435,0.0034295384193791644,0.28974377900802595,False,True,True,False,False
nonlinear_proxy,nonlinear-proxy-washout,False,100,4,polynomial_ridge,66,41265556,0.9667086708670866,8.074338622077505e-60,0.9666837496220073,3.2869248736701704e-59,True,0.2541353383458646,0.278,0.0004904335314461807,-0.000577553135213656,0.001580576665242428,0.083503761699329,False,True,False,False,False
nonlinear_proxy,nonlinear-proxy-washout,False,100,4,polynomial_ridge,67,41265557,0.9533513351335132,8.848941810358267e-53,0.9534411821395646,2.6891433424612968e-52,True,0.27518796992481204,0.252,9.208345353059304e-05,-0.00045857961434569674,0.000620789329088866,0.015538114295781261,False,True,False,False,False
nonlinear_proxy,nonlinear-proxy-washout,False,100,4,polynomial_ridge,68,41265558,0.9439063906390637,5.9102821700642655e-49,0.9453661670838768,5.1852722798472424e-49,True,0.18345864661654135,0.442,0.0004253915926728299,-6.19818172700072e-05,0.0008338992175056392,0.058092308185219765,False,True,False,False,False
nonlinear_proxy,nonlinear-proxy-washout,False,100,4,polynomial_ridge,69,41265559,0.9488748874887488,7.079856621667781e-51,0.9486646210550693,2.737150830213702e-50,True,-0.015037593984962403,0.968,-0.0001095830258984725,-0.0007233477139081493,0.00048149510860661326,-0.016344764977227394,False,False,False,False,True
nonlinear_proxy,nonlinear-proxy-washout,False,100,4,polynomial_ridge,70,41265560,0.955091509150915,1.4323168483987235e-53,0.9531770902691793,3.5157809246954525e-52,True,0.024060150375939848,0.906,1.9072423777868885e-06,-0.000627118241128454,0.0005376673642425485,0.00031510941401715725,False,True,False,False,True
nonlinear_proxy,nonlinear-proxy-washout,False,100,4,polynomial_ridge,71,41265561,0.9564596459645964,3.250339230868692e-54,0.9566726691886147,8.868529741222328e-54,True,0.5112781954887218,0.018,0.0020151847003311843,0.00021386361992395316,0.003714067864833795,0.21416913870635246,True,True,True,True,False
nonlinear_proxy,nonlinear-proxy-washout,False,100,4,polynomial_ridge,72,41265562,0.9595439543954394,9.56235082370146e-56,0.9603394686176888,1.3276908975254753e-55,True,0.14887218045112782,0.564,0.0003343315209403102,-0.0005783975558319303,0.0012599149680175782,0.0518050845736,False,True,False,False,True
nonlinear_proxy,nonlinear-proxy-washout,False,100,4,polynomial_ridge,73,41265563,0.9584638463846384,3.388516648594196e-55,0.9579029839814158,2.2582941961736926e-54,True,0.1894736842105263,0.414,0.0007223528465188332,-0.0003153865580978354,0.0017231618878041245,0.09983316573385204,False,True,False,False,False
nonlinear_proxy,nonlinear-proxy-washout,False,100,4,polynomial_ridge,74,41265564,0.9512751275127512,7.10967354939867e-52,0.9502819698433512,6.022289011315805e-51,True,0.12932330827067667,0.582,2.0972161793301157e-05,-0.0009408067880625151,0.0009384427319699617,0.0028872494668010337,False,True,False,False,True
nonlinear_proxy,nonlinear-proxy-washout,False,100,4,polynomial_ridge,75,41265565,0.9481068106810681,1.4431386233275651e-50,0.9479212860656884,5.400126909144231e-50,True,0.08721804511278194,0.748,0.0007532347453564877,-0.00034075967563809944,0.0017771197599979103,0.09860604498824486,False,True,False,False,True
nonlinear_proxy,nonlinear-proxy-washout,False,100,4,polynomial_ridge,76,41265566,0.9228442844284427,2.155937147236199e-42,0.9207935035665019,1.91073649097365e-41,True,-0.21954887218045113,0.368,0.0008544813609481063,-0.000213450373703455,0.002125175471280467,0.09950536387738763,False,True,False,False,False
nonlinear_proxy,nonlinear-proxy-washout,False,100,4,polynomial_ridge,77,41265567,0.9448304830483047,2.678000020010579e-49,0.9444250169783792,1.1608033345240924e-48,True,0.16240601503759397,0.508,-0.00017943517758572773,-0.0013722780907782456,0.000887652320945635,-0.023668084119793383,False,False,False,False,False
nonlinear_proxy,nonlinear-proxy-washout,False,100,4,polynomial_ridge,78,41265568,0.9449744974497449,2.3642782617132925e-49,0.9439005553260831,1.8078180434240173e-48,True,-0.06466165413533834,0.788,0.00040977818927518794,-0.0005283254209704018,0.0012354238287005579,0.05860812391946287,False,True,False,False,True
nonlinear_proxy,nonlinear-proxy-washout,False,100,4,polynomial_ridge,79,41265569,0.9223642364236422,2.887592554983761e-42,0.9222399287759769,8.094484006722258e-42,True,-0.006015037593984962,0.98,-0.0015235334772864522,-0.0025229015752831273,-0.0005946735692536935,-0.14835064283113714,False,False,False,False,True
nonlinear_proxy,nonlinear-proxy-washout,False,100,4,polynomial_ridge,80,41265570,0.9333813381338134,2.0906349532964025e-45,0.9308407006388222,3.3833112221322863e-44,True,0.4330827067669173,0.068,-0.0010233268431501241,-0.0021566239306510075,-0.0001974956900433238,-0.11196799439507597,False,False,False,False,False
nonlinear_proxy,nonlinear-proxy-washout,False,100,4,polynomial_ridge,81,41265571,0.9565076507650764,3.082862321077635e-54,0.9569165821471515,6.783553351614956e-54,True,0.17744360902255638,0.454,9.977118095823648e-05,-0.00026266061108014006,0.0004568360675784161,0.017392356919885853,False,True,False,False,False
nonlinear_proxy,nonlinear-proxy-washout,False,100,4,polynomial_ridge,82,41265572,0.9255685568556854,3.9586103495275605e-43,0.9254005296166062,1.1676930814391716e-42,True,0.10375939849624059,0.64,7.606035554076629e-05,-0.000540609952200561,0.0006806186718167534,0.00828745898297514,False,True,False,False,True
nonlinear_proxy,nonlinear-proxy-washout,False,100,4,polynomial_ridge,83,41265573,0.9384338433843382,4.955496600519911e-47,0.9378439076926054,2.2574940266087526e-46,True,0.09774436090225563,0.658,0.000577432635850304,-0.0006800056165842663,0.0017228996005041418,0.06708002219211637,False,True,False,False,True
nonlinear_proxy,nonlinear-proxy-washout,False,100,4,polynomial_ridge,84,41265574,0.9327812781278126,3.197188620767917e-45,0.9328027079843607,8.783115747488188e-45,True,0.312781954887218,0.174,-0.0004218999718588398,-0.0017375307844034662,0.0006364708788782397,-0.04238961225424144,False,False,False,False,False
nonlinear_proxy,nonlinear-proxy-washout,False,100,4,polynomial_ridge,85,41265575,0.9117071707170716,1.2147294138284503e-39,0.9108529049945169,4.643135927965861e-39,True,0.010526315789473682,0.964,0.0004920434608196838,-0.0002476494734211433,0.0012219275824974726,0.05813365955493274,False,True,False,False,True
nonlinear_proxy,nonlinear-proxy-washout,False,100,4,polynomial_ridge,86,41265576,0.9589198919891988,1.9944445185169942e-55,0.9588261380084915,7.875162492050068e-55,True,0.27368421052631575,0.274,0.00037192887086772916,-0.00056027605999473,0.0013178934413903844,0.05497315193101165,False,True,False,False,False
nonlinear_proxy,nonlinear-proxy-washout,False,100,4,polynomial_ridge,87,41265577,0.9546114611461145,2.3839449217181535e-53,0.9536408910448946,2.1934883833306043e-52,True,0.19548872180451127,0.376,0.000254151918402834,-0.0013737497434964053,0.0017417256472594233,0.034941048635457606,False,True,False,False,False
nonlinear_proxy,nonlinear-proxy-washout,False,100,4,polynomial_ridge,88,41265578,0.9230363036303629,1.917104288827331e-42,0.9213056001794494,1.4123962837372688e-41,True,0.4060150375939849,0.062,0.00011727381084666866,-0.0007462649900785307,0.0010735201294203333,0.011213346007590563,False,True,False,False,False
nonlinear_proxy,nonlinear-proxy-washout,False,100,4,polynomial_ridge,89,41265579,0.9585478547854784,3.0746887118670168e-55,0.9565191846070757,1.048941078835817e-53,True,0.5413533834586466,0.02,0.0009910104168280856,-0.0003517165840127506,0.0021298882074195892,0.1434981274614943,True,True,False,False,False
nonlinear_proxy,nonlinear-proxy-washout,False,100,4,polynomial_ridge,90,41265580,0.9413621362136213,4.884907376225062e-48,0.9410587039052438,1.8555954700844246e-47,True,-0.12180451127819547,0.574,-0.00038377234804921716,-0.00113310570223447,0.000433538277981221,-0.05542678096892515,False,False,False,False,True
nonlinear_proxy,nonlinear-proxy-washout,False,100,4,polynomial_ridge,91,41265581,0.965100510051005,7.839998247509757e-59,0.9647058452782904,5.1431520888603426e-58,True,0.4827067669172932,0.026,-0.000685424421552598,-0.0014230791715385198,-1.2957782266611881e-05,-0.15198279808759838,True,False,False,False,False
nonlinear_proxy,nonlinear-proxy-washout,False,100,4,polynomial_ridge,92,41265582,0.913195319531953,5.477910382709941e-40,0.9148067057491831,5.662087476222784e-40,True,0.34736842105263155,0.126,0.0006575734144997,-0.0008316234203664119,0.002053907701274181,0.05299048229236728,False,True,False,False,False
nonlinear_proxy,nonlinear-proxy-washout,False,100,4,polynomial_ridge,93,41265583,0.9466306630663065,5.504647202800125e-50,0.946557677678755,1.830968876110154e-49,True,0.3654135338345864,0.126,0.00028534527066497416,-0.0008966922721733944,0.00140302670211459,0.03325914759194377,False,True,False,False,False
nonlinear_proxy,nonlinear-proxy-washout,False,100,4,polynomial_ridge,94,41265584,0.929048904890489,4.1239107749424316e-44,0.9283707844047976,1.7483523078185196e-43,True,0.24812030075187969,0.27,0.0008336113420519594,-0.0008442800367782898,0.002138461760528519,0.10139833018852767,False,True,False,False,False
nonlinear_proxy,nonlinear-proxy-washout,False,100,4,polynomial_ridge,95,41265585,0.9527032703270326,1.7128589978579387e-52,0.9553457372996593,3.711504666434469e-53,True,-0.03308270676691729,0.878,0.00019844536862918295,-0.0007014996899127159,0.0009326824470347805,0.03285662776770665,False,True,False,False,True
nonlinear_proxy,nonlinear-proxy-washout,False,100,4,polynomial_ridge,96,41265586,0.9522952295229522,2.583809685297259e-52,0.9524733800691314,7.127773561804517e-52,True,0.23308270676691725,0.324,-0.0002331130788945559,-0.0010528973841804135,0.0004750557563905926,-0.037742819450854004,False,False,False,False,False
nonlinear_proxy,nonlinear-proxy-washout,False,100,4,polynomial_ridge,97,41265587,0.9569996999699969,1.7863197212669966e-54,0.957000770666415,6.181962683301501e-54,True,0.5353383458646617,0.03,0.0012603524179575403,0.00035067501051821927,0.002233504214801275,0.15793908643175755,True,True,True,True,False
nonlinear_proxy,nonlinear-proxy-washout,False,100,4,polynomial_ridge,98,41265588,0.9361296129612959,2.8362023839822286e-46,0.9364975824462245,6.179670923392213e-46,True,0.625563909774436,0.008,-0.0012330442403285895,-0.001971068847150882,-0.0005191591433619721,-0.14014461856166524,True,False,False,False,False
nonlinear_proxy,nonlinear-proxy-washout,False,100,4,polynomial_ridge,99,41265589,0.9416261626162615,3.94090808338438e-48,0.9412996825094606,1.530018593519543e-47,True,0.30075187969924805,0.196,-0.0003449002104354802,-0.001184198806668858,0.00033301589004083404,-0.04003252600380831,False,False,False,False,False
nonlinear_proxy,nonlinear-proxy-washout,False,200,4,polynomial_ridge,0,42266190,0.9524548113702844,3.758909193737894e-104,0.9512008641972809,1.5100596855634016e-102,True,0.19268292682926833,0.242,-0.00021001392211579192,-0.000778051598392578,0.00025140907932537555,-0.03875704571983742,False,False,False,False,False
nonlinear_proxy,nonlinear-proxy-washout,False,200,4,polynomial_ridge,1,42266191,0.9519597989949751,1.0226073408262033e-103,0.9517004446472022,5.617248407722264e-103,True,0.33452157598499066,0.042,6.752037749477562e-05,-0.0002555150184786905,0.0003452781952024277,0.011202687575101221,True,True,False,False,False
nonlinear_proxy,nonlinear-proxy-washout,False,200,4,polynomial_ridge,2,42266192,0.9446786169654242,8.314948409173473e-98,0.9446695014599753,2.58188113439822e-97,True,-0.08911819887429645,0.616,-0.00016785205959603255,-0.0006816375310894191,0.0002974820309296416,-0.024285908616290146,False,False,False,False,True
nonlinear_proxy,nonlinear-proxy-washout,False,200,4,polynomial_ridge,3,42266193,0.9387909697742446,1.3819760654857158e-93,0.9386559097231957,4.9635396115194015e-93,True,0.08123827392120077,0.616,-0.00010359977648431197,-0.00039998652929486175,0.00022400856810274737,-0.014670608127998868,False,False,False,False,True
nonlinear_proxy,nonlinear-proxy-washout,False,200,4,polynomial_ridge,4,42266194,0.9504507612690319,2.0273244886887062e-102,0.9503266113062732,8.314112866733037e-102,True,0.453658536585366,0.008,0.00024780821699400303,-0.00030620002085900486,0.0007620630819604049,0.032415970232101556,True,True,False,False,False
nonlinear_proxy,nonlinear-proxy-washout,False,200,4,polynomial_ridge,5,42266195,0.9573734343358585,9.678980558210423e-109,0.9565984846475142,1.9071046064863565e-107,True,0.2487804878048781,0.108,8.111754544456399e-05,-0.00044650249634186235,0.0005253994364099869,0.014398974499070988,False,True,False,False,False
nonlinear_proxy,nonlinear-proxy-washout,False,200,4,polynomial_ridge,6,42266196,0.9325823145578641,1.4431761007227631e-89,0.9321174776285995,7.705824869846997e-89,True,0.2701688555347092,0.098,0.0004615990266552735,-0.00030343203042794024,0.0012261083287397271,0.050710913995345865,False,True,False,False,False
nonlinear_proxy,nonlinear-proxy-washout,False,200,4,polynomial_ridge,7,42266197,0.9435700892522314,5.608740049243236e-97,0.9435672711160132,1.7060094833139666e-96,True,0.056848030018761736,0.736,-0.00012468469609844268,-0.0006163668968121402,0.00033216088780540907,-0.019539909088202294,False,False,False,False,True
nonlinear_proxy,nonlinear-proxy-washout,False,200,4,polynomial_ridge,8,42266198,0.9409795244881124,4.1931520303138544e-95,0.941019722868775,1.1637132451957449e-94,True,0.06622889305816136,0.678,0.0002617030814525082,-0.00029770519892737695,0.0007522099214893311,0.031186898815310258,False,True,False,False,True
nonlinear_proxy,nonlinear-proxy-washout,False,200,4,polynomial_ridge,9,42266199,0.9290992274806872,1.7750129403191023e-87,0.929326020502337,3.5494646959851174e-87,True,-0.01200750469043152,0.942,0.0006460649537556925,-0.0003547588632801416,0.001627141747574762,0.060506544316564714,False,True,False,False,True
nonlinear_proxy,nonlinear-proxy-washout,False,200,4,polynomial_ridge,10,42266200,0.9499302482562065,5.558910658257448e-102,0.9484322498984389,3.0210653131781593e-100,True,0.3971857410881801,0.014,0.00015601389251311895,-0.0002973351849298176,0.0006151839355359674,0.024602864838630605,True,True,False,False,False
nonlinear_proxy,nonlinear-proxy-washout,False,200,4,polynomial_ridge,11,42266201,0.9513792844821123,3.2630119888738545e-103,0.951470585869544,8.865181961522668e-103,True,0.5585365853658537,0.004,0.0002926288445915396,-0.0001547224959770693,0.0007754724474083964,0.0450839421354812,True,True,False,False,False
nonlinear_proxy,nonlinear-proxy-washout,False,200,4,polynomial_ridge,12,42266202,0.9659116477911948,3.6207313476753483e-118,0.9656472056434398,2.963072377477222e-117,True,0.4480300187617261,0.002,0.000816537222378168,0.00020787383590564114,0.0015642888605042662,0.13894474888555844,True,True,True,True,False
nonlinear_proxy,nonlinear-proxy-washout,False,200,4,polynomial_ridge,13,42266203,0.9493392334808372,1.7248801185469584e-101,0.9495806194192631,3.4789550272414763e-101,True,0.012757973733583493,0.928,0.00026007767901101327,-2.911853394660869e-05,0.0005624119196996359,0.04214312327579237,False,True,False,False,True
nonlinear_proxy,nonlinear-proxy-washout,False,200,4,polynomial_ridge,14,42266204,0.9345503637590941,8.479742406518544e-91,0.9345819495847784,2.2817524988404538e-90,True,0.1273921200750469,0.41,-2.8272750847675027e-05,-0.0005486214411077104,0.000512627543382016,-0.0035418083033743786,False,False,False,False,True
nonlinear_proxy,nonlinear-proxy-washout,False,200,4,polynomial_ridge,15,42266205,0.9508647716192906,9.017887972159501e-103,0.9508179670548337,3.1997394251056254e-102,True,0.3726078799249531,0.022,0.00014752060592911325,-0.000250361082699584,0.000487129890043158,0.021984473099947867,True,True,False,False,False
nonlinear_proxy,nonlinear-proxy-washout,False,200,4,polynomial_ridge,16,42266206,0.9509637740943524,7.422047631077187e-103,0.9506302755591952,4.6134391613745595e-102,True,0.32120075046904323,0.038,0.00015536098063502393,-0.0002911702130134244,0.0005634403386070113,0.024273860206339915,True,True,False,False,False
nonlinear_proxy,nonlinear-proxy-washout,False,200,4,polynomial_ridge,17,42266207,0.9280042001050027,7.660522973041396e-87,0.9272953799981355,5.222113304464176e-86,True,0.2076923076923077,0.206,-0.00027039200138565846,-0.0005169441083264383,-5.147962890550885e-06,-0.029638487448499663,False,False,False,False,False
nonlinear_proxy,nonlinear-proxy-washout,False,200,4,polynomial_ridge,18,42266208,0.9526918172954324,2.319066216378399e-104,0.9526748650736845,7.917465331453091e-104,True,0.07729831144465292,0.632,0.00025906907367181497,-0.00017162864576244295,0.0006380101220256696,0.04499067352914471,False,True,False,False,True
nonlinear_proxy,nonlinear-proxy-washout,False,200,4,polynomial_ridge,19,42266209,0.9467621690542265,2.0623356320948308e-99,0.9461122718200248,2.0546969860831446e-98,True,0.3120075046904316,0.048,0.00011194517705467345,-0.0003839020986879706,0.0005621716191420778,0.015185483578448733,True,True,False,False,False
nonlinear_proxy,nonlinear-proxy-washout,False,200,4,polynomial_ridge,20,42266210,0.9519792994824872,9.832715920435199e-104,0.951459261340148,9.066209961630132e-103,True,0.3891181988742965,0.014,0.00022588336672133263,-0.00042154516170829286,0.0010154355542853182,0.03273202956333863,True,True,False,False,False
nonlinear_proxy,nonlinear-proxy-washout,False,200,4,polynomial_ridge,21,42266211,0.9378624465611642,5.856737215415738e-93,0.935017142496201,1.2082578819541183e-90,True,-0.2724202626641651,0.106,7.650021756209179e-05,-0.00028179284490481007,0.0004800764800070185,0.010487829193661943,False,True,False,False,False
nonlinear_proxy,nonlinear-proxy-washout,False,200,4,polynomial_ridge,22,42266212,0.9383274581864547,2.8496463871867063e-93,0.9377144883605424,2.1230156439799944e-92,True,0.1405253283302064,0.328,-6.901538648297796e-05,-0.00035929606209104503,0.00022407235239642798,-0.009387932764873003,False,False,False,False,True
nonlinear_proxy,nonlinear-proxy-washout,False,200,4,polynomial_ridge,23,42266213,0.94823970599265,1.3682678872323447e-100,0.9481104561488582,5.487249227957176e-100,True,0.3941838649155723,0.016,0.00011548454819944407,-0.0006678149899383624,0.0007598375008346172,0.015234882524704032,True,True,False,False,False
nonlinear_proxy,nonlinear-proxy-washout,False,200,4,polynomial_ridge,24,42266214,0.9510567764194107,6.178869664146912e-103,0.9510215095580876,2.148222837050784e-102,True,0.09887429643527205,0.562,-2.3986303194009108e-05,-0.0004054435602043926,0.00037957039469191134,-0.0034629731287533156,False,False,False,False,True
nonlinear_proxy,nonlinear-proxy-washout,False,200,4,polynomial_ridge,25,42266215,0.927710192754819,1.1299471293326564e-86,0.9281465173027974,1.708412479900235e-86,True,-0.16679174484052536,0.314,0.00015240814975608485,-0.00020324515271115086,0.000577145120129297,0.02201475769747295,False,True,False,False,False
nonlinear_proxy,nonlinear-proxy-washout,False,200,4,polynomial_ridge,26,42266216,0.9213365334133355,3.5199031976003374e-83,0.9182727664461443,3.3541270464049336e-81,True,0.301125703564728,0.058,-0.00020726835436554562,-0.0007804206456896772,0.0003626589844278195,-0.019560341273885347,False,False,False,False,False
nonlinear_proxy,nonlinear-proxy-washout,False,200,4,polynomial_ridge,27,42266217,0.9560084002100053,2.0497451223019365e-107,0.9560167680064313,6.878073543122043e-107,True,0.1712945590994372,0.292,7.806822679946781e-05,-0.0003896579688289583,0.0005059735859321262,0.013984557157745154,False,True,False,False,False
nonlinear_proxy,nonlinear-proxy-washout,False,200,4,polynomial_ridge,28,42266218,0.959714992874822,4.046043523754743e-111,0.9597241218306714,1.412402022897989e-110,True,0.06941838649155724,0.67,0.00017477967663755145,-0.00017467697107825887,0.00048145358242026096,0.03090437156517613,False,True,False,False,True
nonlinear_proxy,nonlinear-proxy-washout,False,200,4,polynomial_ridge,29,42266219,0.9579239480987026,2.7465190123557417e-109,0.9579191992415321,9.69815483648428e-109,True,0.4356472795497186,0.008,0.0005729386778247957,0.00018582005797307527,0.0009956930811338865,0.09833719058467645,True,True,True,True,False
nonlinear_proxy,nonlinear-proxy-washout,False,200,4,polynomial_ridge,30,42266220,0.9389814745368635,1.024737534872897e-93,0.9387568526898619,4.241530355965466e-93,True,0.15947467166979365,0.306,-9.862240315884618e-06,-0.00042145676243758416,0.0003716173552671131,-0.0012822260523000987,False,False,False,False,False
nonlinear_proxy,nonlinear-proxy-washout,False,200,4,polynomial_ridge,31,42266221,0.9518667966699169,1.2326997467210183e-103,0.9514341343544013,9.528499050323942e-103,True,0.249718574108818,0.122,-2.93831651532548e-05,-0.0005269887694656241,0.0004651445802646926,-0.004588905233340101,False,False,False,False,False
nonlinear_proxy,nonlinear-proxy-washout,False,200,4,polynomial_ridge,32,42266222,0.952010800270007,9.2286836239783e-104,0.9520868764222993,2.595293831836738e-103,True,0.30300187617260793,0.058,2.3420531975764346e-05,-0.00048482086375872504,0.0005699516152171227,0.003226813649914533,False,True,False,False,False
nonlinear_proxy,nonlinear-proxy-washout,False,200,4,polynomial_ridge,33,42266223,0.9590639765994151,1.9155577584965183e-110,0.959037161899007,7.22357930797111e-110,True,0.16153846153846155,0.31,0.00034984437825841003,-5.6746105784409486e-05,0.0006850101637410444,0.0640938731381699,False,True,False,False,False
nonlinear_proxy,nonlinear-proxy-washout,False,200,4,polynomial_ridge,34,42266224,0.9471866796669917,9.535207031526051e-100,0.9467597729332979,6.45003243084263e-99,True,0.057223264540337715,0.724,9.360886132090372e-05,-0.0005928779943043307,0.0007997227279804762,0.01381444462460029,False,True,False,False,True
nonlinear_proxy,nonlinear-proxy-washout,False,200,4,polynomial_ridge,35,42266225,0.9513177829445738,3.686740724742133e-103,0.9516401183989197,6.333227178098834e-103,True,0.015196998123827393,0.946,-1.7332929116084528e-05,-0.0005051245441627058,0.0004586598995038448,-0.002848736050188424,False,False,False,False,True
nonlinear_proxy,nonlinear-proxy-washout,False,200,4,polynomial_ridge,36,42266226,0.9549778744468613,1.9278479543514363e-106,0.954646689049792,1.319203490114064e-105,True,0.23489681050656663,0.132,0.00018069990114702103,-0.00021081239021677762,0.0005620167764984075,0.031030509322809832,False,True,False,False,False
nonlinear_proxy,nonlinear-proxy-washout,False,200,4,polynomial_ridge,37,42266227,0.9508797719943,8.755899379480646e-103,0.9499100795911983,1.853884217218857e-101,True,0.03452157598499063,0.836,-1.721874130116135e-05,-0.00041417553176580383,0.0003764676628454385,-0.002658210974786991,False,False,False,False,True
nonlinear_proxy,nonlinear-proxy-washout,False,200,4,polynomial_ridge,38,42266228,0.9445511137778446,1.0377158843924938e-97,0.9445345623180884,3.260081568633007e-97,True,0.22795497185741093,0.156,-0.00014238158668201505,-0.0006702563946782555,0.0003187757399465792,-0.01844223371308135,False,False,False,False,False
nonlinear_proxy,nonlinear-proxy-washout,False,200,4,polynomial_ridge,39,42266229,0.9529378234455863,1.4010613950681966e-104,0.9529081706364437,4.922450366950491e-104,True,0.23658536585365858,0.162,0.00036652867116393224,-4.577223597388675e-05,0.0008269082253604294,0.05557478133960392,False,True,False,False,False
nonlinear_proxy,nonlinear-proxy-washout,False,200,4,polynomial_ridge,40,42266230,0.9516957923948101,1.7363887038220103e-103,0.9516925110491401,5.706625595096756e-103,True,-0.05234521575984991,0.744,0.00012809126872946348,-0.0005620318614725857,0.0007427905338115906,0.01904521400859503,False,True,False,False,True
nonlinear_proxy,nonlinear-proxy-washout,False,200,4,polynomial_ridge,41,42266231,0.9388074701867547,1.3466877757678212e-93,0.938572395184204,5.65178580570356e-93,True,0.12645403377110695,0.436,-0.00033232153960221795,-0.0008558492499148628,0.00012728436640993014,-0.04451002696589336,False,False,False,False,True
nonlinear_proxy,nonlinear-proxy-washout,False,200,4,polynomial_ridge,42,42266232,0.9533098327458187,6.505301484345356e-105,0.9532927800297368,2.2367631211292786e-104,True,-0.0028142589118198874,0.98,-0.00017379912853386983,-0.00047849891420789564,0.00012261099714407631,-0.026216230664072266,False,False,False,False,True
nonlinear_proxy,nonlinear-proxy-washout,False,200,4,polynomial_ridge,43,42266233,0.9402220055501389,1.427013678419116e-94,0.9399000044592225,7.017530695250071e-94,True,0.017260787992495315,0.906,0.00022209236564001665,-0.00028244688407540343,0.000749031962839138,0.028711997047911993,False,True,False,False,True
nonlinear_proxy,nonlinear-proxy-washout,False,200,4,polynomial_ridge,44,42266234,0.9392634815870398,6.570021551354866e-94,0.9393518532774591,1.6700914871045971e-93,True,-0.275046904315197,0.084,-0.0002052405404736543,-0.00048229693067797913,0.00010463969089852486,-0.0283397578947427,False,False,False,False,False
nonlinear_proxy,nonlinear-proxy-washout,False,200,4,polynomial_ridge,45,42266235,0.9450641266031653,4.241741885388078e-98,0.9422692684524168,1.5023834726109924e-95,True,0.1876172607879925,0.256,0.00025577558963982283,-0.0003371309321229539,0.0008189889279834648,0.031677048714571776,False,True,False,False,False
nonlinear_proxy,nonlinear-proxy-washout,False,200,4,polynomial_ridge,46,42266236,0.9445976149403736,9.572233328789936e-98,0.9430790561090634,3.8899970946486125e-96,True,0.03283302063789869,0.858,-0.000422913829059875,-0.0011099015948682577,0.00022276317767505176,-0.06072642658403528,False,False,False,False,True
nonlinear_proxy,nonlinear-proxy-washout,False,200,4,polynomial_ridge,47,42266237,0.9389604740118505,1.0591354832566158e-93,0.9391979709219298,2.127253208789394e-93,True,0.09455909943714824,0.576,2.3377988554449877e-05,-0.00038961338030523004,0.0004042850526327279,0.002885056789893571,False,True,False,False,True
nonlinear_proxy,nonlinear-proxy-washout,False,200,4,polynomial_ridge,48,42266238,0.946747168679217,2.1190808851147554e-99,0.9428655614217064,5.565373665010443e-96,True,0.12833020637898687,0.436,-8.176613993630174e-05,-0.00046214228755605375,0.00029872860074218023,-0.011809252973565977,False,False,False,False,True
nonlinear_proxy,nonlinear-proxy-washout,False,200,4,polynomial_ridge,49,42266239,0.9467681692042302,2.040060812688188e-99,0.9464034086677351,1.2225688224128146e-98,True,0.16566604127579737,0.278,0.00024586042799553884,-0.0003016079789738302,0.0007031561034075463,0.032994241024279856,False,True,False,False,False
nonlinear_proxy,nonlinear-proxy-washout,False,200,4,polynomial_ridge,50,42266240,0.9483492087302184,1.1155326163120337e-100,0.9483981589023369,3.2188289768564803e-100,True,-0.14634146341463417,0.368,7.926530209554673e-05,-0.00037500489446152586,0.0005363540725516089,0.011494671204687366,False,True,False,False,True
nonlinear_proxy,nonlinear-proxy-washout,False,200,4,polynomial_ridge,51,42266241,0.9501822545563641,3.415753502510441e-102,0.9499618678280716,1.678587722922339e-101,True,0.06416510318949344,0.708,8.431085178906613e-05,-0.0004572592254992862,0.0005868900084177005,0.01273007270696594,False,True,False,False,True
nonlinear_proxy,nonlinear-proxy-washout,False,200,4,polynomial_ridge,52,42266242,0.9521383034575867,7.13680910082563e-104,0.9518114474732704,4.502774600114501e-103,True,0.06078799249530957,0.714,0.0002793422417658254,-0.00011580374406944518,0.0007169560051722981,0.04492150712320613,False,True,False,False,True
nonlinear_proxy,nonlinear-proxy-washout,False,200,4,polynomial_ridge,53,42266243,0.9430960774019351,1.2538487888071455e-96,0.9430472773888037,4.103365742209098e-96,True,0.03714821763602252,0.858,-0.00016252734079014435,-0.0004806864839398106,0.00014109528699726614,-0.025531505323656774,False,False,False,False,True
nonlinear_proxy,nonlinear-proxy-washout,False,200,4,polynomial_ridge,54,42266244,0.9511257781444538,5.391873727690413e-103,0.9502877494279854,8.962626280963032e-102,True,0.13864915572232647,0.388,0.00017775843855501704,-0.0004662737584772972,0.0009119302252129705,0.024734634501060664,False,True,False,False,True
nonlinear_proxy,nonlinear-proxy-washout,False,200,4,polynomial_ridge,55,42266245,0.9500277506937675,4.60561864524131e-102,0.9498327267934519,2.1499618595007786e-101,True,0.03658536585365854,0.83,0.0003292404845005913,-0.00012561807880269533,0.0007704456997771784,0.05248995927659418,False,True,False,False,True
nonlinear_proxy,nonlinear-proxy-washout,False,200,4,polynomial_ridge,56,42266246,0.9555673891847298,5.383673260468328e-107,0.9544460564547435,2.0175933469490325e-105,True,0.15816135084427768,0.338,0.0003790841554388337,-4.3485382891597505e-05,0.0008166745421442656,0.06562763485444342,False,True,False,False,False
nonlinear_proxy,nonlinear-proxy-washout,False,200,4,polynomial_ridge,57,42266247,0.9462671566789171,5.030109626140183e-99,0.9462214769312339,1.6916859194282894e-98,True,0.09380863039399626,0.526,-4.1966391220032116e-05,-0.0005017874322890111,0.00045312281512172037,-0.006445466127156146,False,False,False,False,True
nonlinear_proxy,nonlinear-proxy-washout,False,200,4,polynomial_ridge,58,42266248,0.9331808295207381,6.151119921736148e-90,0.9327347740322111,3.2315764898787814e-89,True,-0.0326454033771107,0.826,2.2780727590846102e-05,-0.000448777666484927,0.0005812166216645625,0.0033077256526907687,False,True,False,False,True
nonlinear_proxy,nonlinear-proxy-washout,False,200,4,polynomial_ridge,59,42266249,0.9517752943823596,1.4809490390636035e-103,0.9508410206113418,3.058815500935191e-102,True,0.25046904315197,0.146,-2.3445641722857555e-06,-0.0005190445914346551,0.0005075492947542288,-0.0003298263639670989,False,False,False,False,False
nonlinear_proxy,nonlinear-proxy-washout,False,200,4,polynomial_ridge,60,42266250,0.9437830945773645,3.8983406868176993e-97,0.9435961475630177,1.6244595274503143e-96,True,0.18930581613508446,0.246,9.920170831513933e-06,-0.0003222178732337559,0.0003235537446216028,0.001370128597542702,False,True,False,False,False
nonlinear_proxy,nonlinear-proxy-washout,False,200,4,polynomial_ridge,61,42266251,0.9665911647791197,5.100704053759611e-119,0.9665543163220953,2.2197773443934866e-118,True,0.425703564727955,0.012,0.0007249232875298616,0.00012414182032731219,0.0012806016809653559,0.13565821652312218,True,True,True,True,False
nonlinear_proxy,nonlinear-proxy-washout,False,200,4,polynomial_ridge,62,42266252,0.9495987399684994,1.0508941972629633e-101,0.9497207914339101,2.6629762961706717e-101,True,0.3125703564727955,0.054,6.670001159866327e-05,-0.0006676752088851553,0.0006461478744155579,0.00894442105460533,False,True,False,False,False
nonlinear_proxy,nonlinear-proxy-washout,False,200,4,polynomial_ridge,63,42266253,0.9330038250956274,7.922142044664047e-90,0.932883249995514,2.6188045785265335e-89,True,0.13433395872420265,0.412,0.0006134346800797663,-8.132936641080164e-06,0.001276109728250826,0.070948014847345,False,True,False,False,True
nonlinear_proxy,nonlinear-proxy-washout,False,200,4,polynomial_ridge,64,42266254,0.9378294457361435,6.162643174928185e-93,0.9373949866000542,3.458756419407911e-92,True,-0.012570356472795498,0.936,5.0824076647066826e-05,-0.0002643082724353498,0.00035600869718699227,0.007421963942175118,False,True,False,False,True
nonlinear_proxy,nonlinear-proxy-washout,False,200,4,polynomial_ridge,65,42266255,0.9298387459686492,6.524243338348994e-88,0.9297862165779419,1.9084970963957478e-87,True,0.07560975609756097,0.622,-0.0002186906387201832,-0.0005540124632114227,6.700245171540223e-05,-0.025741220717931574,False,False,False,False,True
nonlinear_proxy,nonlinear-proxy-washout,False,200,4,polynomial_ridge,66,42266256,0.9297397434935875,7.464428159730807e-88,0.9291345920940463,4.589010232423542e-87,True,0.11857410881801128,0.442,0.00035465727413074195,-7.815324805911044e-05,0.0008172132905064753,0.03814269671611639,False,True,False,False,True
nonlinear_proxy,nonlinear-proxy-washout,False,200,4,polynomial_ridge,67,42266257,0.9373329333233333,1.3212495581657527e-92,0.9371812587064622,4.7872931961634926e-92,True,0.056848030018761736,0.692,0.00011833200383659995,-0.0003354699008938567,0.0006193475504191896,0.014029140938540158,False,True,False,False,True
nonlinear_proxy,nonlinear-proxy-washout,False,200,4,polynomial_ridge,68,42266258,0.9442991074776871,1.6054029845537304e-97,0.9436520052241191,1.477502137825079e-96,True,0.13902439024390245,0.418,-0.000302286217803348,-0.0006728416602443196,1.9631658083873598e-05,-0.04982718757215262,False,False,False,False,True
nonlinear_proxy,nonlinear-proxy-washout,False,200,4,polynomial_ridge,69,42266259,0.947950198754969,2.342742208859864e-100,0.9481677536791413,4.935423426194882e-100,True,0.22232645403377113,0.184,0.0005867710159588244,-0.00010461366691221916,0.001303334903396494,0.07918200161085143,False,True,False,False,False
nonlinear_proxy,nonlinear-proxy-washout,False,200,4,polynomial_ridge,70,42266260,0.9378714467861698,5.775948094036526e-93,0.9364014433933061,1.5523493785722517e-91,True,0.1908067542213884,0.268,6.588831251382737e-05,-0.0005222092132366754,0.000548300413589785,0.008408717164521158,False,True,False,False,False
nonlinear_proxy,nonlinear-proxy-washout,False,200,4,polynomial_ridge,71,42266261,0.9600405010125255,1.8416543853986474e-111,0.9600372025062808,6.650003414163621e-111,True,0.2212007504690432,0.158,0.00020286568457685526,-0.00039956870977535263,0.000836916034538951,0.03436961006500914,False,True,False,False,False
nonlinear_proxy,nonlinear-proxy-washout,False,200,4,polynomial_ridge,72,42266262,0.9531478286957175,9.092835410045018e-105,0.949764461111858,2.4498245273926076e-101,True,0.43395872420262666,0.01,0.0004759006435989775,-0.0002605784922463816,0.0011186871306860754,0.07261372566445108,True,True,False,False,False
nonlinear_proxy,nonlinear-proxy-washout,False,200,4,polynomial_ridge,73,42266263,0.9608640216005401,2.4409595167927907e-112,0.960808104130525,1.0139748914343281e-111,True,0.2574108818011257,0.104,0.0005201611909182498,-6.241792708298663e-05,0.0011727346233165502,0.08614672250604317,False,True,False,False,False
nonlinear_proxy,nonlinear-proxy-washout,False,200,4,polynomial_ridge,74,42266264,0.9372549313732844,1.4885808259960023e-92,0.9368951229851482,7.38432757388989e-92,True,-0.06135084427767356,0.72,-0.00028635117124607354,-0.0007118640177694445,5.653102103528937e-05,-0.036203521583033096,False,False,False,False,True
nonlinear_proxy,nonlinear-proxy-washout,False,200,4,polynomial_ridge,75,42266265,0.9523258081452038,4.8840362345798924e-104,0.9521229239258199,2.414148642612277e-103,True,0.3675422138836773,0.028,0.00017940691961027076,-0.00032087617004940673,0.0006301336900728205,0.02673565548181574,True,True,False,False,False
nonlinear_proxy,nonlinear-proxy-washout,False,200,4,polynomial_ridge,76,42266266,0.9408790219755495,4.9375536082257055e-95,0.9408303763191697,1.5807784940445695e-94,True,-0.25121951219512195,0.11,-1.719209049099238e-05,-0.00033803396037225954,0.00028221615992064943,-0.002217987431585788,False,False,False,False,False
nonlinear_proxy,nonlinear-proxy-washout,False,200,4,polynomial_ridge,77,42266267,0.9361539038475962,7.884138815043215e-92,0.9360548523776312,2.606057602550715e-91,True,-0.033208255159474676,0.846,0.00015656801202125828,-0.000311983502314777,0.0006094215466247626,0.01829058597825389,False,True,False,False,True
nonlinear_proxy,nonlinear-proxy-washout,False,200,4,polynomial_ridge,78,42266268,0.9406360159003977,7.321512789671904e-95,0.9393616208322247,1.6446033690775977e-93,True,0.1553470919324578,0.324,-0.00011978762934466633,-0.0004788392101522708,0.00023992645861308857,-0.014192560594960818,False,False,False,False,False
nonlinear_proxy,nonlinear-proxy-washout,False,200,4,polynomial_ridge,79,42266269,0.9501897547438688,3.3664717166016543e-102,0.9501957451447364,1.0704254689769995e-101,True,0.2919324577861164,0.094,0.0002953462998138189,-0.00013350966276664888,0.0007766502193267362,0.041137049749602445,False,True,False,False,False
nonlinear_proxy,nonlinear-proxy-washout,False,200,4,polynomial_ridge,80,42266270,0.950972774319358,7.291650787412636e-103,0.9510186833474129,2.160165324239513e-102,True,0.39849906191369616,0.008,0.0002774037332083203,-0.0003104313993307947,0.0008506078701507439,0.03834538867270182,True,True,False,False,False
nonlinear_proxy,nonlinear-proxy-washout,False,200,4,polynomial_ridge,81,42266271,0.9452531313282834,3.0440926513475245e-98,0.9453007764659848,8.603330210406355e-98,True,0.19549718574108818,0.214,0.00019500080286443712,-0.0004959292796878676,0.0009577815023525042,0.024355694156300595,False,True,False,False,False
nonlinear_proxy,nonlinear-proxy-washout,False,200,4,polynomial_ridge,82,42266272,0.9658591464786621,4.2057130310598115e-118,0.9660807046354939,8.664243160015379e-118,True,0.23696060037523456,0.156,0.0003894744984434288,-1.9403259190833544e-05,0.0007803926505554305,0.0813814257031494,False,True,False,False,False
nonlinear_proxy,nonlinear-proxy-washout,False,200,4,polynomial_ridge,83,42266273,0.9523633090827271,4.526412691314316e-104,0.9489170296687444,1.2204827786182891e-100,True,0.22082551594746722,0.142,2.9647264950272492e-05,-0.0004446224452509689,0.0005156105248166783,0.0047810757025653254,False,True,False,False,False
nonlinear_proxy,nonlinear-proxy-washout,False,200,4,polynomial_ridge,84,42266274,0.9383154578864472,2.903323968938027e-93,0.9379015837977641,1.593331993061378e-92,True,0.006754221388367731,0.978,0.0001169492519943506,-0.00037416757539428935,0.0005597011789754327,0.016359562612830357,False,True,False,False,True
nonlinear_proxy,nonlinear-proxy-washout,False,200,4,polynomial_ridge,85,42266275,0.9305782644566116,2.3717877427753355e-88,0.9305828458136133,6.454396639573973e-88,True,-0.02363977485928706,0.894,-0.00025773586826418476,-0.0007299520531688613,0.00022119532146244617,-0.029780687112889587,False,False,False,False,True
nonlinear_proxy,nonlinear-proxy-washout,False,200,4,polynomial_ridge,86,42266276,0.9272886822170555,1.967074725179035e-86,0.9276771334427731,3.1690853447890037e-86,True,-0.08949343339587243,0.592,-4.612189244944387e-05,-0.0003976706591992174,0.0003167369795723303,-0.00533977097507987,False,False,False,False,True
nonlinear_proxy,nonlinear-proxy-washout,False,200,4,polynomial_ridge,87,42266277,0.9353333833345835,2.6787945201195115e-91,0.9328601234005278,2.706072895023589e-89,True,0.10075046904315198,0.522,-0.00020956333839534762,-0.0006444781033128116,0.0002022862054811221,-0.02672981558496402,False,False,False,False,True
nonlinear_proxy,nonlinear-proxy-washout,False,200,4,polynomial_ridge,88,42266278,0.9590699767494189,1.8885210118568857e-110,0.9588323853979726,1.1686657388012998e-109,True,0.38630393996247664,0.02,0.0002470881956727006,-0.00011557808765036866,0.0006100219728627794,0.048119819720241534,True,True,False,False,False
nonlinear_proxy,nonlinear-proxy-washout,False,200,4,polynomial_ridge,89,42266279,0.9513447836195906,3.494397165325156e-103,0.951162478524162,1.628568624706698e-102,True,-0.03977485928705442,0.812,-7.312004336033125e-05,-0.0008233149260335896,0.0005544303471703571,-0.011416739561833018,False,False,False,False,True
nonlinear_proxy,nonlinear-proxy-washout,False,200,4,polynomial_ridge,90,42266280,0.9568874221855548,2.9027651059271224e-108,0.956970780624861,8.314111466532958e-108,True,0.2814258911819888,0.08,0.00035739517533702955,-1.1456881139211947e-05,0.0007547451295258623,0.05699736407772906,False,True,False,False,False
nonlinear_proxy,nonlinear-proxy-washout,False,200,4,polynomial_ridge,91,42266281,0.9550573764344109,1.6247840908863956e-106,0.9550325108280053,5.79576650322955e-106,True,0.5204502814258912,0.002,0.0002715206120124745,-0.0002680049855696129,0.0008105460074494503,0.038786326508012475,True,True,False,False,False
nonlinear_proxy,nonlinear-proxy-washout,False,200,4,polynomial_ridge,92,42266282,0.9500742518562966,4.209833270415497e-102,0.9494863998593516,4.16187845228293e-101,True,0.34333958724202635,0.048,0.00038374457749743365,-0.0005215921169450202,0.0012763937201316986,0.04939711345848644,True,True,False,False,False
nonlinear_proxy,nonlinear-proxy-washout,False,200,4,polynomial_ridge,93,42266283,0.9597014925373135,4.179713861953032e-111,0.9585327347349956,2.352473747131764e-109,True,0.4891181988742965,0.004,0.0008276320155533355,0.00019510789642543028,0.0015166625155611175,0.12392475270429054,True,True,True,True,False
nonlinear_proxy,nonlinear-proxy-washout,False,200,4,polynomial_ridge,94,42266284,0.9489237230930775,3.7929882540002734e-101,0.9484052540328416,3.1766413704018596e-100,True,0.027954971857410884,0.872,0.00032050304231905774,-0.00028124255125440884,0.0008287695331881536,0.0478599754715723,False,True,False,False,True
nonlinear_proxy,nonlinear-proxy-washout,False,200,4,polynomial_ridge,95,42266285,0.9406375159378986,7.303767474636543e-95,0.9403698557683169,3.3157696408138997e-94,True,0.3106941838649156,0.036,0.0005594417290554245,-0.00023640677779730574,0.0013779987466693345,0.06989796122628848,True,True,False,False,False
nonlinear_proxy,nonlinear-proxy-washout,False,200,4,polynomial_ridge,96,42266286,0.9502467561689044,3.0142222739669074e-102,0.9502690863129137,9.291614595212303e-102,True,0.23302063789868674,0.14,0.00035377259137157197,6.81235795643508e-06,0.0006934310163146917,0.057850324208162614,False,True,True,False,False
nonlinear_proxy,nonlinear-proxy-washout,False,200,4,polynomial_ridge,97,42266287,0.9482037050926274,1.4631438142730576e-100,0.9481480859607603,5.118355795740158e-100,True,0.4932457786116323,0.002,-5.389559783630735e-05,-0.0004184088784362565,0.0002591603197379999,-0.008495981345142255,True,False,False,False,False
nonlinear_proxy,nonlinear-proxy-washout,False,200,4,polynomial_ridge,98,42266288,0.9397194929873248,3.1874300805936375e-94,0.93958902377138,1.148808153320162e-93,True,0.04615384615384616,0.788,3.735972104046935e-05,-0.00032004876996388087,0.0004398350199362447,0.0049490587937945614,False,True,False,False,True
nonlinear_proxy,nonlinear-proxy-washout,False,200,4,polynomial_ridge,99,42266289,0.9545353633840848,4.966654954017554e-106,0.9545246009010614,1.7088171213107522e-105,True,0.23602251407129457,0.136,0.0003538607065503548,-0.00017868739442613695,0.0008607214656028238,0.0508716490159338,False,True,False,False,False
nonlinear_proxy,nonlinear-proxy-washout,False,400,4,polynomial_ridge,0,44267590,0.9432274576716103,1.3083050453929653e-192,0.943246890696802,3.692010737528496e-192,True,-0.0032348804500703238,0.986,-0.00023231131125401542,-0.00043783869198684594,-3.8792499046473204e-05,-0.032190493130958384,False,False,False,False,True
nonlinear_proxy,nonlinear-proxy-washout,False,400,4,polynomial_ridge,1,44267591,0.947358108488178,5.885347718043388e-199,0.946832817158077,1.2527818990354127e-197,True,0.06868260665729022,0.552,0.0001227218215385491,-0.00016333083713855156,0.00043516877111713666,0.01770607129532042,False,True,False,False,True
nonlinear_proxy,nonlinear-proxy-washout,False,400,4,polynomial_ridge,2,44267592,0.9544857780361127,3.225508778720194e-211,0.9535127465330875,6.540914388309162e-209,True,0.3022269104547586,0.006,0.00036898070094706654,9.348811165553544e-05,0.0006569624467812214,0.061528062546597366,True,True,True,True,False
nonlinear_proxy,nonlinear-proxy-washout,False,400,4,polynomial_ridge,3,44267593,0.9466992293701834,6.543720987358353e-198,0.9464529549312145,4.954055321112166e-197,True,0.10710267229254572,0.332,0.0001663329741252136,-4.691571902724752e-05,0.0003640727494358495,0.02522893204737045,False,True,False,False,True
nonlinear_proxy,nonlinear-proxy-washout,False,400,4,polynomial_ridge,4,44267594,0.942528453302833,1.3916481935621946e-191,0.9425040600445498,4.5255918174689426e-191,True,-0.1557430848570089,0.198,-3.2318634795340355e-05,-0.00021405681664573287,0.00014913365826802114,-0.005026112952578304,False,False,False,False,False
nonlinear_proxy,nonlinear-proxy-washout,False,400,4,polynomial_ridge,5,44267595,0.9539542122138263,3.0820852950699354e-210,0.9538250936756204,1.7705099927342706e-209,True,0.17426160337552746,0.112,0.00021306350077758204,-6.367137776821347e-05,0.0005374062372130274,0.03394035262882526,False,True,False,False,False
nonlinear_proxy,nonlinear-proxy-washout,False,400,4,polynomial_ridge,6,44267596,0.9571893574334839,2.1595458682740344e-216,0.9570815692387193,1.2172947470973375e-215,True,0.13975621190811066,0.2,0.0001743023934516405,-0.00011287362299921582,0.0004658639134604055,0.02917086277759526,False,True,False,False,True
nonlinear_proxy,nonlinear-proxy-washout,False,400,4,polynomial_ridge,7,44267597,0.945818723867024,1.5601269131067525e-196,0.9458155583208936,4.865496121126343e-196,True,0.07946554149085795,0.504,-0.00010512356778508408,-0.00028724349901933433,9.970168440357776e-05,-0.015609255873924177,False,False,False,False,True
nonlinear_proxy,nonlinear-proxy-washout,False,400,4,polynomial_ridge,8,44267598,0.9517810736317102,2.3941701844467354e-206,0.9515322354114482,2.1170686417178572e-205,True,0.23621659634317863,0.022,0.00013158188345184507,-0.00011874509881753178,0.0003904074552020076,0.020436207936214805,True,True,False,False,False
nonlinear_proxy,nonlinear-proxy-washout,False,400,4,polynomial_ridge,9,44267599,0.9435675847974049,4.0958849757469797e-193,0.9433817521935702,2.333923675169659e-192,True,0.10225035161744023,0.384,3.3010381822832884e-05,-0.00022814177504665832,0.000264796102811287,0.004412728823658922,False,True,False,False,True
nonlinear_proxy,nonlinear-proxy-washout,False,400,4,polynomial_ridge,10,44267600,0.9440172126075788,8.725363600501742e-194,0.9436857252150509,8.267069746700297e-193,True,-0.08696671354899203,0.434,2.6944650499574445e-05,-0.0002151598488890558,0.0002553778033905905,0.00396708863823419,False,True,False,False,True
nonlinear_proxy,nonlinear-proxy-washout,False,400,4,polynomial_ridge,11,44267601,0.9523154519715747,2.7506687302723323e-207,0.9524125843469121,6.081110090736956e-207,True,-0.06767463666197844,0.556,0.0001307479208228204,-0.00012760419646434433,0.00038601326787905666,0.02184122416161879,False,True,False,False,True
nonlinear_proxy,nonlinear-proxy-washout,False,400,4,polynomial_ridge,12,44267602,0.9517268857930362,2.9774777276789224e-206,0.9517030129918169,1.068833825575224e-205,True,0.1322081575246132,0.236,0.0001576609289494343,-1.2757869544998427e-05,0.00036530304825009384,0.026861728291995065,False,True,False,False,True
nonlinear_proxy,nonlinear-proxy-washout,False,400,4,polynomial_ridge,13,44267603,0.9564631653947835,5.706017160746379e-215,0.9564206717005516,2.3657117053261436e-214,True,0.4077590248476325,0.002,0.00044677710106501463,0.00015012451324106997,0.00075876605396906,0.07594292028955843,True,True,True,True,False
nonlinear_proxy,nonlinear-proxy-washout,False,400,4,polynomial_ridge,14,44267604,0.9578330489565559,1.1302158930582795e-217,0.9576940290085435,7.464887782522367e-217,True,0.05914205344585091,0.562,0.00032560789184679206,6.134489380372096e-05,0.0005831791887412227,0.05697657051860737,False,True,True,False,True
nonlinear_proxy,nonlinear-proxy-washout,False,400,4,polynomial_ridge,15,44267605,0.9485438658991618,7.126370488467849e-201,0.9484813308305405,2.8497502384037565e-200,True,-0.10822784810126583,0.35,4.0696228709514656e-05,-0.00015746372171263553,0.00021663674576530788,0.006850521033066791,False,True,False,False,True
nonlinear_proxy,nonlinear-proxy-washout,False,400,4,polynomial_ridge,16,44267606,0.9407524422027636,4.961211675108952e-189,0.939919672441172,2.150160296359004e-187,True,0.014885138302859825,0.9,-7.026492877648585e-05,-0.00030264823124424286,0.00012417249962031295,-0.009625771958950655,False,False,False,False,True
nonlinear_proxy,nonlinear-proxy-washout,False,400,4,polynomial_ridge,17,44267607,0.9468752929705809,3.448334974522219e-198,0.9467035014683229,2.002770780869666e-197,True,0.136404125644632,0.214,5.8469958492557254e-05,-0.00015525341019119473,0.0002709636777971863,0.00816288271327825,False,True,False,False,True
nonlinear_proxy,nonlinear-proxy-washout,False,400,4,polynomial_ridge,18,44267608,0.9431683948024675,1.599460912723953e-192,0.9431614000436577,4.934819131672247e-192,True,0.16265822784810127,0.16,2.5799493779859843e-05,-0.0001592700386673512,0.0002250418232353575,0.00365616929333111,False,True,False,False,False
nonlinear_proxy,nonlinear-proxy-washout,False,400,4,polynomial_ridge,19,44267609,0.9462929143307146,2.846370015767611e-197,0.9462867709290167,9.011724280548392e-197,True,0.08204406938584155,0.456,0.00039633741083999665,0.00010682151420442009,0.0006838138596034346,0.06153321523291609,False,True,True,False,True
nonlinear_proxy,nonlinear-proxy-washout,False,400,4,polynomial_ridge,20,44267610,0.9529947687173045,1.6948569144991122e-208,0.9529857599430431,5.812749797463168e-208,True,0.02402719174871074,0.856,7.013041216332155e-05,-0.00022493621994614874,0.0003391066005125486,0.010821732968302862,False,True,False,False,True
nonlinear_proxy,nonlinear-proxy-washout,False,400,4,polynomial_ridge,21,44267611,0.946480040500253,1.4483333860259152e-197,0.9464824477879423,4.454088476356045e-197,True,-0.03274730426629161,0.76,3.075952533810201e-05,-0.0002131837488303463,0.00027114281791284974,0.004432071284862388,False,True,False,False,True
nonlinear_proxy,nonlinear-proxy-washout,False,400,4,polynomial_ridge,22,44267612,0.9415830723942024,3.2506586678869384e-190,0.9403298074652718,5.754374619241041e-188,True,0.03077824660103141,0.792,-0.0001087915385002405,-0.0003185297234341772,7.298278575860671e-05,-0.015063644777377727,False,False,False,False,True
nonlinear_proxy,nonlinear-proxy-washout,False,400,4,polynomial_ridge,23,44267613,0.948159488496803,3.014295832284152e-200,0.9480903945016341,1.2285154499184811e-199,True,0.01926863572433193,0.842,0.00011014883407840185,-0.00018371632132274708,0.0003841384106565309,0.01618054431344936,False,True,False,False,True
nonlinear_proxy,nonlinear-proxy-washout,False,400,4,polynomial_ridge,24,44267614,0.9490103688148049,1.2196720661444595e-201,0.948950334222561,4.8635363696444184e-201,True,-0.01141584622597281,0.914,0.00031278217877906463,3.524449773577709e-05,0.0005911261239089162,0.04626738913938503,False,True,True,False,True
nonlinear_proxy,nonlinear-proxy-washout,False,400,4,polynomial_ridge,25,44267615,0.9441805261282882,4.960001122780862e-194,0.943348355432841,2.6149035759333267e-192,True,0.10712611345522739,0.366,0.00018643979660785438,-8.463751943787253e-05,0.00044461517665016437,0.026533882245284975,False,True,False,False,True
nonlinear_proxy,nonlinear-proxy-washout,False,400,4,polynomial_ridge,26,44267616,0.9565743535897098,3.4689119051806044e-215,0.9565960574040021,1.0813521545489604e-214,True,0.3146741678387248,0.01,0.00032349975691568604,5.431930943254405e-05,0.0006005129911461309,0.057267144098062786,True,True,True,True,False
nonlinear_proxy,nonlinear-proxy-washout,False,400,4,polynomial_ridge,27,44267617,0.9527088294301839,5.504886661337315e-208,0.9528928139073419,8.52280862404753e-208,True,0.09824191279887483,0.352,0.0001794976479426308,-5.1550174797727887e-05,0.00041599459724558056,0.030757820837185916,False,True,False,False,True
nonlinear_proxy,nonlinear-proxy-washout,False,400,4,polynomial_ridge,28,44267618,0.944548965931037,1.378314132108214e-194,0.9443893752852452,7.316097382905321e-194,True,0.20525082044069387,0.078,9.793022885047631e-05,-0.00019967817139055613,0.0004257575427998923,0.012590456444056333,False,True,False,False,False
nonlinear_proxy,nonlinear-proxy-washout,False,400,4,polynomial_ridge,29,44267619,0.9591172444827779,2.730715073793664e-220,0.9589586594246959,2.0505385976165506e-219,True,0.2625879043600563,0.02,0.00035100432973011325,4.1964156088858134e-05,0.000613908449916623,0.058273593825494255,True,True,True,True,False
nonlinear_proxy,nonlinear-proxy-washout,False,400,4,polynomial_ridge,30,44267620,0.9242487765548535,1.5932172965334003e-168,0.924325501325612,3.443788586026515e-168,True,-0.010150023441162682,0.92,-8.421845330810161e-05,-0.00028307733435294454,0.00010729636637783952,-0.009663016924948005,False,False,False,False,True
nonlinear_proxy,nonlinear-proxy-washout,False,400,4,polynomial_ridge,31,44267621,0.9576916730729567,2.1690067964184884e-217,0.9572516797237915,5.629153066847268e-216,True,0.05487576183778716,0.602,1.1215383196308201e-06,-0.00024235880961898066,0.0002344952584716499,0.00020429385452532488,False,True,False,False,True
nonlinear_proxy,nonlinear-proxy-washout,False,400,4,polynomial_ridge,32,44267622,0.9531811448821553,7.833219401497451e-209,0.9529550826387387,6.595904277047148e-208,True,0.007126113455227379,0.954,-1.7783232536746317e-05,-0.00024476426280625583,0.00021492869173578923,-0.0030191265913475573,False,False,False,False,True
nonlinear_proxy,nonlinear-proxy-washout,False,400,4,polynomial_ridge,33,44267623,0.9450679691748073,2.2359386896656016e-195,0.9450395835502342,7.56685187320795e-195,True,0.07201125175808722,0.5,6.412516638758942e-05,-0.00013508005235468953,0.0002805693494571082,0.009872732504053417,False,True,False,False,True
nonlinear_proxy,nonlinear-proxy-washout,False,400,4,polynomial_ridge,34,44267624,0.9477706110663191,1.282323358877306e-199,0.9476435759827898,6.436879898674845e-199,True,0.1458743553680263,0.19,5.2064178546441624e-05,-0.0001484061330067911,0.0002616784435989599,0.0075934751603667725,False,True,False,False,True
nonlinear_proxy,nonlinear-proxy-washout,False,400,4,polynomial_ridge,35,44267625,0.9480117375733598,5.231994171622945e-200,0.9480411277692713,1.4757148439838483e-199,True,0.0028832630098452887,0.99,0.00010433126398065248,-0.00020450216046933082,0.00040123897492012737,0.015919427455726446,False,True,False,False,True
nonlinear_proxy,nonlinear-proxy-washout,False,400,4,polynomial_ridge,36,44267626,0.9468951680948005,3.2073271745211633e-198,0.9468914252081163,1.0124229907230128e-197,True,0.024050632911392405,0.818,1.8643085277367244e-05,-0.00011302194218332641,0.00015998400807238375,0.002954087745692336,False,True,False,False,True
nonlinear_proxy,nonlinear-proxy-washout,False,400,4,polynomial_ridge,37,44267627,0.9527249545309658,5.152062277826601e-208,0.9527484042024157,1.5422071983483312e-207,True,0.10717299578059071,0.368,0.00017331594515706573,-0.0001077188163372182,0.0004164089880103279,0.02942170241845439,False,True,False,False,True
nonlinear_proxy,nonlinear-proxy-washout,False,400,4,polynomial_ridge,38,44267628,0.9392612453827837,5.999741918601265e-187,0.9388228695258617,6.979072515334095e-186,True,0.0726207219878106,0.526,-8.326643291321333e-05,-0.0002607699857152308,9.015495405560962e-05,-0.011581081289817248,False,False,False,False,True
nonlinear_proxy,nonlinear-proxy-washout,False,400,4,polynomial_ridge,39,44267629,0.9516845105281907,3.5303971179368797e-206,0.9516727501165104,1.2066681093312384e-205,True,0.11390060947022973,0.332,0.0001623049624204032,-0.00010981601483607798,0.0004100682737799082,0.02692637322621437,False,True,False,False,True
nonlinear_proxy,nonlinear-proxy-washout,False,400,4,polynomial_ridge,40,44267630,0.9510725067031669,4.062994833319069e-205,0.9508473661165043,3.2018966251294594e-204,True,0.09256915142991093,0.38,8.681636477839323e-05,-0.00012915701189920254,0.0003054648985861571,0.01435646410040634,False,True,False,False,True
nonlinear_proxy,nonlinear-proxy-washout,False,400,4,polynomial_ridge,41,44267631,0.9593444959030993,9.214194663362288e-221,0.95932235306714,3.633817452693285e-220,True,0.12137834036568215,0.27,0.0003162994667189273,4.116786987627087e-05,0.0006038211187809595,0.05396456479722386,False,True,True,False,True
nonlinear_proxy,nonlinear-proxy-washout,False,400,4,polynomial_ridge,42,44267632,0.9315780098625616,5.405355490127425e-177,0.9314420568770257,2.17737368502037e-176,True,0.06315049226441632,0.56,-8.866972725147561e-05,-0.0002890371579326447,0.00014717037513184344,-0.010964834574399663,False,False,False,False,True
nonlinear_proxy,nonlinear-proxy-washout,False,400,4,polynomial_ridge,43,44267633,0.9442409015056343,4.023545734090186e-194,0.9440434270811763,2.419496790175062e-193,True,-0.07648851383028599,0.484,3.639084691204036e-05,-0.00016635966161003248,0.0002632063662834611,0.005560712422647673,False,True,False,False,True
nonlinear_proxy,nonlinear-proxy-washout,False,400,4,polynomial_ridge,44,44267634,0.9578546115913222,1.0230523094003284e-217,0.957868938046124,3.338050243167434e-217,True,0.20243788091889356,0.068,0.0004717960532111421,3.0956070176124765e-05,0.0008887744473142783,0.07801325322257428,False,True,True,False,False
nonlinear_proxy,nonlinear-proxy-washout,False,400,4,polynomial_ridge,45,44267635,0.9425488909305683,1.2992424489318015e-191,0.9425170389903814,4.332943692411365e-191,True,0.2910689170182841,0.01,8.128742797918875e-05,-0.00015988346660067041,0.00032369149053534696,0.010703132521827984,True,True,False,False,False
nonlinear_proxy,nonlinear-proxy-washout,False,400,4,polynomial_ridge,46,44267636,0.9505896911855698,2.7310646797543676e-204,0.9503590640244614,2.1689128161263672e-203,True,0.12369901547116736,0.238,0.0002567214579106145,-1.2272484321551777e-05,0.0005130845922467818,0.03932366385507755,False,True,False,False,True
nonlinear_proxy,nonlinear-proxy-washout,False,400,4,polynomial_ridge,47,44267637,0.9452560328502053,1.1517053332232504e-195,0.9453165178791739,2.8548426202679355e-195,True,0.1819971870604782,0.086,3.3492487575464795e-05,-0.0002195703724905009,0.00031176851541498844,0.0046186858980406965,False,True,False,False,False
nonlinear_proxy,nonlinear-proxy-washout,False,400,4,polynomial_ridge,48,44267638,0.9561571634822718,2.229820781054039e-214,0.9560305947024077,1.3339969324400026e-213,True,0.14301453352086263,0.176,0.0002773924245909696,-4.360658086925813e-05,0.0005743086780092252,0.04844769064329937,False,True,False,False,True
nonlinear_proxy,nonlinear-proxy-washout,False,400,4,polynomial_ridge,49,44267639,0.9486102413140082,5.5491624343351734e-201,0.9484995552277442,2.661362784842041e-200,True,0.009657759024847633,0.92,4.8986398441355425e-05,-0.00018176895128140636,0.00026929856472459083,0.0081933690544735,False,True,False,False,True
nonlinear_proxy,nonlinear-proxy-washout,False,400,4,polynomial_ridge,50,44267640,0.9481071756698478,3.664856690277986e-200,0.9481146250969708,1.1225149813486786e-199,True,0.11910454758556024,0.264,-5.516578226117796e-05,-0.0002773259490088425,0.00015108191322081848,-0.009268826576859391,False,False,False,False,True
nonlinear_proxy,nonlinear-proxy-washout,False,400,4,polynomial_ridge,51,44267641,0.9469270432940206,2.855310435749932e-198,0.9467741727784876,1.5500344801020137e-197,True,-0.049085794655414905,0.664,3.6299354842641435e-05,-0.00018503627081749313,0.0002651642176160326,0.0060802051912830215,False,True,False,False,True
nonlinear_proxy,nonlinear-proxy-washout,False,400,4,polynomial_ridge,52,44267642,0.9448380927380794,5.014878800675528e-195,0.9448198858616316,1.6337845120199873e-194,True,-0.06940928270042195,0.514,6.589070917046441e-05,-0.0001296609657426044,0.0002221626067434017,0.009259942446856191,False,True,False,False,True
nonlinear_proxy,nonlinear-proxy-washout,False,400,4,polynomial_ridge,53,44267643,0.9538250239063993,5.3128363698393674e-210,0.953886447554877,1.3682177944835624e-209,True,0.2737693389592124,0.014,0.0002922482431190927,-0.00012415744637101232,0.000688711360420504,0.04512927758440063,True,True,False,False,False
nonlinear_proxy,nonlinear-proxy-washout,False,400,4,polynomial_ridge,54,44267644,0.9522862017887611,3.0985190946908174e-207,0.9520209878933215,2.9741687033832187e-206,True,0.05206282231598687,0.65,0.00013476821161377984,-0.0001837046966925898,0.00044318269974168774,0.020419623370126115,False,True,False,False,True
nonlinear_proxy,nonlinear-proxy-washout,False,400,4,polynomial_ridge,55,44267645,0.9538653366583542,4.483384346220743e-210,0.9533977788349067,1.0557316046238696e-208,True,0.21542428504453823,0.04,0.00018353728659309052,-8.259172878437059e-05,0.0004884435362331255,0.0295253341274444,True,True,False,False,False
nonlinear_proxy,nonlinear-proxy-washout,False,400,4,polynomial_ridge,56,44267646,0.9599699998124986,4.4848081601838327e-222,0.959866764759361,2.645545338030671e-221,True,0.20452414439756217,0.096,0.00029358995908861877,-4.142744128918697e-05,0.0006068028467182598,0.052677930792508786,False,True,False,False,False
nonlinear_proxy,nonlinear-proxy-washout,False,400,4,polynomial_ridge,57,44267647,0.9507432546453415,1.4929544637160552e-204,0.950878855133357,2.828388510869602e-204,True,0.14413970932958278,0.174,0.00013836418223454622,-0.00011581025599017023,0.0003874239289454822,0.021429447458342462,False,True,False,False,True
nonlinear_proxy,nonlinear-proxy-washout,False,400,4,polynomial_ridge,58,44267648,0.9490083063019142,1.2292729717444536e-201,0.9472254020791518,2.9933919826556318e-198,True,0.35440693858415373,0.004,8.678366736848946e-05,-0.00024288198815100164,0.00044358822036068003,0.01196231522874838,True,True,False,False,False
nonlinear_proxy,nonlinear-proxy-washout,False,400,4,polynomial_ridge,59,44267649,0.9475276095475597,3.1513050504985777e-199,0.9475290084241814,9.819548488165618e-199,True,0.1668776371308017,0.134,0.00014040543712966463,-7.31629652332698e-05,0.000355864399206562,0.02190517438024428,False,True,False,False,False
nonlinear_proxy,nonlinear-proxy-washout,False,400,4,polynomial_ridge,60,44267650,0.9457958487240545,1.6929136880762054e-196,0.9456906504974374,7.588391529514123e-196,True,0.22562119081106427,0.048,9.877285588969203e-05,-0.00019391237491102044,0.00036333649425052334,0.014154503760159493,True,True,False,False,False
nonlinear_proxy,nonlinear-proxy-washout,False,400,4,polynomial_ridge,61,44267651,0.9356833480209249,3.6883610756526345e-182,0.9355984388725268,1.3483142217251324e-181,True,0.014556962025316459,0.9,-0.0001327613976278728,-0.00028485259001735083,1.3858391286042906e-05,-0.017844358246232535,False,False,False,False,True
nonlinear_proxy,nonlinear-proxy-washout,False,400,4,polynomial_ridge,62,44267652,0.9456985356158475,2.3953914008778764e-196,0.9451434967283869,5.25203095155553e-195,True,0.19770276605719644,0.102,0.00017282019766656775,-0.0002179518447974494,0.000514506610670521,0.02461687949242464,False,True,False,False,False
nonlinear_proxy,nonlinear-proxy-washout,False,400,4,polynomial_ridge,63,44267653,0.9578587366171039,1.003734270955084e-217,0.9578655135940242,3.3911762972182464e-217,True,0.30452414439756215,0.014,0.00030991686461989774,1.3423089969387609e-05,0.000549664783251656,0.05545469447825333,True,True,True,True,False
nonlinear_proxy,nonlinear-proxy-washout,False,400,4,polynomial_ridge,64,44267654,0.9481561134757092,3.0525591291998717e-200,0.9481843306600792,8.656680756615741e-200,True,0.07787154242850446,0.52,9.040131023127247e-05,-0.00018793251321150945,0.00034908383110251816,0.013254895157681967,False,True,False,False,True
nonlinear_proxy,nonlinear-proxy-washout,False,400,4,polynomial_ridge,65,44267655,0.9522490765567284,3.603684616902324e-207,0.9522635935504299,1.1141808985583901e-206,True,-0.033497421472105014,0.806,-6.413427134139768e-05,-0.000210163256479781,7.895262514034797e-05,-0.011381405645283088,False,False,False,False,True
nonlinear_proxy,nonlinear-proxy-washout,False,400,4,polynomial_ridge,66,44267656,0.9607149419683872,1.1501917776098723e-223,0.9605203219663362,1.0852909845208668e-222,True,0.14812470698546648,0.172,0.000276290967196207,-7.03382200892238e-06,0.0005401382257432479,0.05187595708046243,False,True,False,False,True
nonlinear_proxy,nonlinear-proxy-washout,False,400,4,polynomial_ridge,67,44267657,0.9483856149100931,1.2921360027196858e-200,0.9483397480818947,4.843907991973916e-200,True,-0.048640412564463206,0.696,7.35791372915174e-05,-9.08477563350013e-05,0.0002452536610706718,0.011306871572771753,False,True,False,False,True
nonlinear_proxy,nonlinear-proxy-washout,False,400,4,polynomial_ridge,68,44267658,0.9624705154407214,1.5354098640957987e-227,0.9614051157101552,1.3183769661255742e-224,True,0.3976324425691515,0.002,0.0010511238193228458,0.00066769746677983,0.0014724575797520104,0.1670673735600627,True,True,True,True,False
nonlinear_proxy,nonlinear-proxy-washout,False,400,4,polynomial_ridge,69,44267659,0.9524412652579077,1.6467292594488184e-207,0.9524484575545343,5.254598882914851e-207,True,-0.07468354430379746,0.51,5.625614583042865e-06,-0.00023720035240056063,0.00023236249737571509,0.0008805542383880937,False,True,False,False,True
nonlinear_proxy,nonlinear-proxy-washout,False,400,4,polynomial_ridge,70,44267660,0.9407290045562784,5.3547180187989935e-189,0.9407824652458298,1.328730115019091e-188,True,0.1096812001875293,0.33,-5.200141769379739e-05,-0.00020562425304761873,9.580491980422379e-05,-0.0071587357151568585,False,False,False,False,True
nonlinear_proxy,nonlinear-proxy-washout,False,400,4,polynomial_ridge,71,44267661,0.9507479421746384,1.4656392853218568e-204,0.950529815678033,1.1134471046937122e-203,True,0.22423816221284576,0.044,0.00023443175432298884,-4.976359712505907e-05,0.0005030049666411531,0.03404399399457578,True,True,False,False,False
nonlinear_proxy,nonlinear-proxy-washout,False,400,4,polynomial_ridge,72,44267662,0.9472049200307501,1.0331762369445707e-198,0.9472240950212072,3.007747520533196e-198,True,0.06207219878105955,0.576,0.00023116468213363762,-6.381885612552614e-07,0.00045144121413733006,0.03903244096260592,False,True,False,False,True
nonlinear_proxy,nonlinear-proxy-washout,False,400,4,polynomial_ridge,73,44267663,0.9434397089981812,6.343608317979405e-193,0.9417811558723334,5.024109417540122e-190,True,0.15679793717768403,0.196,0.00018707167265634168,-0.00012720943765327376,0.00046782755965169026,0.025030776428337065,False,True,False,False,False
nonlinear_proxy,nonlinear-proxy-washout,False,400,4,polynomial_ridge,74,44267664,0.9581000506253162,3.279781236575933e-218,0.958042900740099,1.4940982237682573e-217,True,0.2742616033755274,0.02,0.00010303263095912205,-0.0001723386896873089,0.0003601181574928481,0.018387579242099227,True,True,False,False,False
nonlinear_proxy,nonlinear-proxy-washout,False,400,4,polynomial_ridge,75,44267665,0.9285142407140045,2.414338966708464e-173,0.9277575592073001,4.873699420269242e-172,True,-0.109915611814346,0.3,-5.077298612492405e-06,-0.00015194307678500108,0.00013391567107146223,-0.0006518905030066182,False,False,False,False,True
nonlinear_proxy,nonlinear-proxy-washout,False,400,4,polynomial_ridge,76,44267666,0.9539720248251551,2.8588080793659414e-210,0.9539457716048415,1.066032432792174e-209,True,0.19254571026722928,0.082,0.0003894154977708113,5.5880846508167735e-05,0.000749886703711581,0.0598320801048576,False,True,True,False,False
nonlinear_proxy,nonlinear-proxy-washout,False,400,4,polynomial_ridge,77,44267667,0.9569669810436313,5.921152647361877e-216,0.9567614173351634,5.153690806200502e-215,True,0.21882325363338023,0.052,0.00024085801608799123,-3.614929769264929e-05,0.000528937223773863,0.04133506245054969,False,True,False,False,False
nonlinear_proxy,nonlinear-proxy-washout,False,400,4,polynomial_ridge,78,44267668,0.9468526053287833,3.745532727175398e-198,0.9465286567136949,3.769793727356035e-197,True,0.1418893577121425,0.214,0.00011639153350801595,-0.00017230353717710066,0.00039674816051355025,0.016124619090678416,False,True,False,False,True
nonlinear_proxy,nonlinear-proxy-washout,False,400,4,polynomial_ridge,79,44267669,0.9543177769861061,6.601860737188945e-211,0.9543212984717291,2.179458142325955e-210,True,0.18103609939052978,0.1,0.00023043932761399738,-8.798014578868022e-05,0.0005057466088481335,0.03530656515822634,False,True,False,False,False
nonlinear_proxy,nonlinear-proxy-washout,False,400,4,polynomial_ridge,80,44267670,0.9434713966962293,5.692438595561407e-193,0.9425992230626127,3.2889143864786845e-191,True,0.17545710267229253,0.102,0.00026098119403073633,-7.400034500326498e-05,0.000640957265850965,0.034507543728301525,False,True,False,False,False
nonlinear_proxy,nonlinear-proxy-washout,False,400,4,polynomial_ridge,81,44267671,0.9463553522209514,2.2724944379123863e-197,0.946351705020504,7.13468578640678e-197,True,0.09179559306141587,0.454,0.00014676600959152852,-0.0001493654439162044,0.0004123837302559422,0.020939090956343113,False,True,False,False,True
nonlinear_proxy,nonlinear-proxy-washout,False,400,4,polynomial_ridge,82,44267672,0.958023925149532,4.670854430197516e-218,0.9580530767188107,1.4253184226564614e-217,True,0.14859353023909988,0.198,0.0002961865203981815,4.795407770033668e-05,0.00054400871660252,0.0518268289797896,False,True,True,False,True
nonlinear_proxy,nonlinear-proxy-washout,False,400,4,polynomial_ridge,83,44267673,0.9374124838280238,1.940428205162604e-184,0.9363544990901504,1.396576893221411e-182,True,0.04901547116736991,0.64,-8.080806845409561e-05,-0.00023219498840968474,7.466565398838582e-05,-0.011038167803878871,False,False,False,False,True
nonlinear_proxy,nonlinear-proxy-washout,False,400,4,polynomial_ridge,84,44267674,0.9486276789229933,5.1959175803245395e-201,0.948643533231476,1.549043479533751e-200,True,0.0949367088607595,0.404,-2.1916930528828767e-05,-0.00029003101680482294,0.00021520525209394595,-0.0033124290437866193,False,False,False,False,True
nonlinear_proxy,nonlinear-proxy-washout,False,400,4,polynomial_ridge,85,44267675,0.9519925749535932,1.0197839576831196e-206,0.951299234819744,5.35774800425563e-205,True,0.18863103609939053,0.09,0.00022464184266437343,-0.00012143215643268531,0.0005744949192251071,0.0324387802997393,False,True,False,False,False
nonlinear_proxy,nonlinear-proxy-washout,False,400,4,polynomial_ridge,86,44267676,0.9564556653479085,5.90054532532859e-215,0.9564660887967462,1.9322032686848275e-214,True,0.09807782466010315,0.37,0.00021982481349324366,-2.1537254457480664e-05,0.00045546670308659683,0.03714492640731903,False,True,False,False,True
nonlinear_proxy,nonlinear-proxy-washout,False,400,4,polynomial_ridge,87,44267677,0.9620705754410964,1.2159519529298875e-226,0.9621325786610743,3.2454438102784677e-226,True,0.26068917018284105,0.02,0.00037860547463291084,4.221504598469161e-05,0.0007506372671396097,0.06745988918879513,True,True,True,True,False
nonlinear_proxy,nonlinear-proxy-washout,False,400,4,polynomial_ridge,88,44267678,0.9554101588134926,5.966463178904029e-213,0.955431836703166,1.8409852903888604e-212,True,0.2671589310829817,0.014,0.00010737259263953695,-0.00015117159802474183,0.00033922831063629746,0.019365199369494226,True,True,False,False,False
nonlinear_proxy,nonlinear-proxy-washout,False,400,4,polynomial_ridge,89,44267679,0.941562822267639,3.47562583262514e-190,0.9416268029414945,8.366278706345044e-190,True,0.20293014533520864,0.054,-0.00022802051260464862,-0.00044605641507449925,-2.359756151398308e-05,-0.03251409017569588,False,False,False,False,False
nonlinear_proxy,nonlinear-proxy-washout,False,400,4,polynomial_ridge,90,44267680,0.9348347177169857,4.5941452697940284e-181,0.9343717906135423,5.037890873683168e-180,True,-0.004828879512423816,0.972,-5.962200732337504e-05,-0.00022673841161573042,8.459918626660092e-05,-0.007487809630547005,False,False,False,False,True
nonlinear_proxy,nonlinear-proxy-washout,False,400,4,polynomial_ridge,91,44267681,0.9552235951474696,1.3440052493844443e-212,0.9546054658383117,6.498034396607318e-211,True,0.07182372245663386,0.56,0.00012978679635499563,-5.670602934033378e-05,0.00030436343092296055,0.022923805249746042,False,True,False,False,True
nonlinear_proxy,nonlinear-proxy-washout,False,400,4,polynomial_ridge,92,44267682,0.9525273282958019,1.1583922948996973e-207,0.9525212839592624,3.904737990209495e-207,True,0.2079699953117675,0.064,0.00013183060075685343,-0.00024618815008773835,0.0004687380517964937,0.020926223381750614,False,True,False,False,False
nonlinear_proxy,nonlinear-proxy-washout,False,400,4,polynomial_ridge,93,44267683,0.9441861511634448,4.864292026664249e-194,0.9441230700500276,1.8383738251468718e-193,True,-0.10051570557899672,0.394,0.0002727883773175413,-0.0001518849900332735,0.0007212814472037205,0.04166563356539197,False,True,False,False,True
nonlinear_proxy,nonlinear-proxy-washout,False,400,4,polynomial_ridge,94,44267684,0.9593233082706765,1.0199076229903476e-220,0.9591765153008109,7.286696588755615e-220,True,0.28867791842475393,0.006,0.00021461291553215734,-6.0953740090200025e-05,0.0005225600306724281,0.04019240499137065,True,True,False,False,False
nonlinear_proxy,nonlinear-proxy-washout,False,400,4,polynomial_ridge,95,44267685,0.9523778898618116,2.1327298793223578e-207,0.952408537868202,6.1821018829623e-207,True,0.17236286919831229,0.122,0.00026093737655888145,-7.160401809627695e-06,0.0005169773246112935,0.04348008685782992,False,True,False,False,False
nonlinear_proxy,nonlinear-proxy-washout,False,400,4,polynomial_ridge,96,44267686,0.9416113850711566,2.9602027198631596e-190,0.9415286593295618,1.1562179116603481e-189,True,0.09381153305203938,0.41,3.303922574392822e-05,-0.00027734045435814957,0.000316708598789353,0.004308340418945512,False,True,False,False,True
nonlinear_proxy,nonlinear-proxy-washout,False,400,4,polynomial_ridge,97,44267687,0.9516346352164701,4.313266700671589e-206,0.9516308050513013,1.427395694531803e-205,True,0.24097515236755745,0.058,0.00016114325663331604,-9.147037942141508e-05,0.0003996225808604339,0.027315246590727975,False,True,False,False,False
nonlinear_proxy,nonlinear-proxy-washout,False,400,4,polynomial_ridge,98,44267688,0.9440897755610971,6.790205949708608e-194,0.9441404796668962,1.7311469791570293e-193,True,0.06741678387248008,0.53,-0.00011121166445246695,-0.0003258859589529753,0.00011813098756305811,-0.015271428201182777,False,False,False,False,True
nonlinear_proxy,nonlinear-proxy-washout,False,400,4,polynomial_ridge,99,44267689,0.9411763823523897,1.2406346227396994e-189,0.9398530636655411,2.661113344624388e-187,True,0.21549460853258326,0.054,-3.7103913203532894e-05,-0.00019854978280547434,0.00012329526472741787,-0.005286907489287881,False,False,False,False,False
nonlinear_proxy,nonlinear-proxy-washout,False,800,4,polynomial_ridge,0,48270390,0.9474859726343324,0.0,0.947466095509748,0.0,True,0.17493554435720146,0.024,4.1754313238282284e-05,-6.480374535827342e-05,0.00014814550235580076,0.006530490400541937,True,True,False,False,False
nonlinear_proxy,nonlinear-proxy-washout,False,800,4,polynomial_ridge,1,48270391,0.9364594319678625,0.0,0.9363846581742642,0.0,True,-0.08835989687097152,0.262,3.704278020246615e-05,-6.31370914919999e-05,0.0001440407331014675,0.0048470030376612325,False,True,False,False,True
nonlinear_proxy,nonlinear-proxy-washout,False,800,4,polynomial_ridge,2,48270392,0.9483975990587487,0.0,0.9483561828004792,0.0,True,0.19133364584554083,0.014,0.00012621901437974512,-2.4907620889339737e-06,0.00026096469218007295,0.019893913564310084,True,True,False,False,False
nonlinear_proxy,nonlinear-proxy-washout,False,800,4,polynomial_ridge,3,48270393,0.9452184612788459,0.0,0.9451238541267891,0.0,True,0.07545411930153521,0.34,7.251933005130752e-05,-7.539610281133442e-05,0.00023684342512528703,0.01063817468428859,False,True,False,False,True
nonlinear_proxy,nonlinear-proxy-washout,False,800,4,polynomial_ridge,4,48270394,0.948645966634323,0.0,0.9486585000163703,0.0,True,0.03654634946677604,0.646,7.112429548054335e-05,-4.59879975955246e-05,0.00018273773258095115,0.011971266135387222,False,True,False,False,True
nonlinear_proxy,nonlinear-proxy-washout,False,800,4,polynomial_ridge,5,48270395,0.9527764574632149,0.0,0.9523376581201862,0.0,True,-0.03042013359896871,0.702,0.00010877250679461672,-1.8681223900110677e-05,0.00022951900262688013,0.019019190622582987,False,True,False,False,True
nonlinear_proxy,nonlinear-proxy-washout,False,800,4,polynomial_ridge,6,48270396,0.9527885277945748,0.0,0.95257132722959,0.0,True,0.18087425290050393,0.022,0.00011255074483270625,-6.523147892639483e-05,0.0002962326207483343,0.017916365478048986,True,True,False,False,False
nonlinear_proxy,nonlinear-proxy-washout,False,800,4,polynomial_ridge,7,48270397,0.9541731471455425,0.0,0.9541492386627123,0.0,True,0.159773819289816,0.046,0.00016875123137695316,2.429361152650516e-05,0.0003208675171363649,0.02840133570308375,True,True,True,True,False
nonlinear_proxy,nonlinear-proxy-washout,False,800,4,polynomial_ridge,8,48270398,0.9504105553289928,0.0,0.9505070360405007,0.0,True,0.18066330716043597,0.014,0.00021381518631304226,2.42435728851669e-05,0.00040076592590763396,0.032940355960363994,True,True,True,True,False
nonlinear_proxy,nonlinear-proxy-washout,False,800,4,polynomial_ridge,9,48270399,0.948987146854917,0.0,0.9489768413306032,0.0,True,0.017452830188679245,0.85,0.00011418301679744051,-2.0578911727965902e-05,0.0002372727439013186,0.018412402140231824,False,True,False,False,True
nonlinear_proxy,nonlinear-proxy-washout,False,800,4,polynomial_ridge,10,48270400,0.9534549507108606,0.0,0.9537414449950754,0.0,True,0.22729403492323919,0.004,0.00021000353457713457,4.440323136833841e-05,0.0003716564648218373,0.03499797098268214,True,True,True,True,False
nonlinear_proxy,nonlinear-proxy-washout,False,800,4,polynomial_ridge,11,48270401,0.9479775984024976,0.0,0.947943373833138,0.0,True,0.2100785186921364,0.016,0.00016068686519474153,2.1572699622018572e-05,0.0002997182957522309,0.025612866000533797,True,True,True,True,False
nonlinear_proxy,nonlinear-proxy-washout,False,800,4,polynomial_ridge,12,48270402,0.9488040059437594,0.0,0.9487606890808521,0.0,True,0.16462850111332475,0.046,0.00014125655598029932,-3.5205897547926985e-05,0.0002868316532968242,0.021567273943379033,True,True,False,False,False
nonlinear_proxy,nonlinear-proxy-washout,False,800,4,polynomial_ridge,13,48270403,0.9504708835482556,0.0,0.9504653252483398,0.0,True,0.040891245751787174,0.596,0.00015822435724190554,1.9986081534769707e-05,0.000311619498361717,0.02696066452349864,False,True,True,False,True
nonlinear_proxy,nonlinear-proxy-washout,False,800,4,polynomial_ridge,14,48270404,0.9501342970848393,0.0,0.9501940924116093,0.0,True,0.1025166998710887,0.204,0.0002965650484739414,0.0001026925141166111,0.0005100754952713241,0.04534822022698465,False,True,True,False,True
nonlinear_proxy,nonlinear-proxy-washout,False,800,4,polynomial_ridge,15,48270405,0.9488265997290621,0.0,0.9487977295459641,0.0,True,0.18934138052267668,0.02,0.00015074243626293522,1.9192715254673694e-06,0.0002978799775241604,0.022751971504164945,True,True,True,True,False
nonlinear_proxy,nonlinear-proxy-washout,False,800,4,polynomial_ridge,16,48270406,0.9503335630211923,0.0,0.9503873370526845,0.0,True,0.1056047111215282,0.16,0.00020281992872652008,7.237599143881151e-05,0.00034105140600932245,0.03417066032401777,False,True,True,False,True
nonlinear_proxy,nonlinear-proxy-washout,False,800,4,polynomial_ridge,17,48270407,0.9469609249389455,0.0,0.946984658935759,0.0,True,0.09864057189733974,0.246,7.362975304309616e-05,-6.360301122884882e-05,0.00018806546347128428,0.011166645303680708,False,True,False,False,True
nonlinear_proxy,nonlinear-proxy-washout,False,800,4,polynomial_ridge,18,48270408,0.9560353531802396,0.0,0.9558536234436991,0.0,True,0.08045236142036798,0.294,0.00024326278497276404,9.220003516538645e-05,0.0004041074494834053,0.043891498015462264,False,True,True,False,True
nonlinear_proxy,nonlinear-proxy-washout,False,800,4,polynomial_ridge,19,48270409,0.9500138984592164,0.0,0.9500155856371132,0.0,True,0.19438649947263564,0.016,0.0001722235761214587,2.132283418963523e-06,0.0003426716939967765,0.026818902974928432,True,True,True,True,False
nonlinear_proxy,nonlinear-proxy-washout,False,800,4,polynomial_ridge,20,48270410,0.9371085814196586,0.0,0.9370752529125138,0.0,True,0.06235790460564866,0.438,-7.151733773655584e-05,-0.0002122902166537942,7.34990425297855e-05,-0.009131833579199411,False,False,False,False,True
nonlinear_proxy,nonlinear-proxy-washout,False,800,4,polynomial_ridge,21,48270411,0.9413582521222691,0.0,0.9409195367757928,0.0,True,0.018715574827141684,0.81,-4.5537407212540605e-05,-0.00018467728388814547,7.748412743066898e-05,-0.00676864525035728,False,False,False,False,True
nonlinear_proxy,nonlinear-proxy-washout,False,800,4,polynomial_ridge,22,48270412,0.9506160087750138,0.0,0.9503117073220516,0.0,True,0.06987284659557014,0.358,0.00016347658089827834,2.5745559767177836e-05,0.0003102377701581551,0.025804992108405173,False,True,True,False,True
nonlinear_proxy,nonlinear-proxy-washout,False,800,4,polynomial_ridge,23,48270413,0.9465919009248452,0.0,0.9465935204026192,0.0,True,0.22974627915152937,0.004,0.00013877837151970562,-3.7158202895131278e-06,0.0002827395914131861,0.02151230654023744,True,True,False,False,False
nonlinear_proxy,nonlinear-proxy-washout,False,800,4,polynomial_ridge,24,48270414,0.9402134925210822,0.0,0.940213325583244,0.0,True,0.08144849408180008,0.3,8.605084802219744e-05,-6.501970918006001e-05,0.00022559833300708854,0.011481017116585453,False,True,False,False,True
nonlinear_proxy,nonlinear-proxy-washout,False,800,4,polynomial_ridge,25,48270415,0.9398145856477901,0.0,0.9393723139665833,0.0,True,-0.125958045236142,0.124,4.344156130686207e-05,-6.52996995963242e-05,0.00015909332594182436,0.006056476183026819,False,True,False,False,True
nonlinear_proxy,nonlinear-proxy-washout,False,800,4,polynomial_ridge,26,48270416,0.9492984442163191,0.0,0.9493026879482657,0.0,True,0.12591409820696123,0.118,0.00015984333852079972,3.6382857182346884e-05,0.00029418935094471376,0.026898414653259768,False,True,True,False,True
nonlinear_proxy,nonlinear-proxy-washout,False,800,4,polynomial_ridge,27,48270417,0.9554503991412487,0.0,0.9553801446827859,0.0,True,0.22291398101488338,0.006,0.00027708646861734996,8.763430365549717e-05,0.00045823107444725,0.04708236435452612,True,True,True,True,False
nonlinear_proxy,nonlinear-proxy-washout,False,800,4,polynomial_ridge,28,48270418,0.9611914940492096,0.0,0.9612142018020196,0.0,True,0.09844427516699872,0.208,0.00035149825775224186,0.00020117157288700757,0.0004985891564733475,0.06608060194843832,False,True,True,False,True
nonlinear_proxy,nonlinear-proxy-washout,False,800,4,polynomial_ridge,29,48270419,0.9518019715655807,0.0,0.9517731196359032,0.0,True,0.002783311848119067,0.964,0.00011019748165538336,1.2710712248943272e-06,0.00023056356661032217,0.019044036673006626,False,True,True,False,True
nonlinear_proxy,nonlinear-proxy-washout,False,800,4,polynomial_ridge,30,48270420,0.9507582980598408,0.0,0.9504739546798637,0.0,True,0.21388433141919608,0.008,0.00015401251474487284,2.7173103487026842e-05,0.0002852349400758461,0.026078591890204016,True,True,True,True,False
nonlinear_proxy,nonlinear-proxy-washout,False,800,4,polynomial_ridge,31,48270421,0.9546521869565422,0.0,0.9546400038872814,0.0,True,0.06314895113090355,0.41,0.00021523631198712857,1.5815638586766267e-05,0.000390744777053297,0.03713952015956422,False,True,True,False,True
nonlinear_proxy,nonlinear-proxy-washout,False,800,4,polynomial_ridge,32,48270422,0.9407401339689594,0.0,0.9407220477213486,0.0,True,0.03874956052970819,0.628,2.55313379725541e-05,-0.00010453706115881355,0.0001559872160778974,0.0035564301068267113,False,True,False,False,True
nonlinear_proxy,nonlinear-proxy-washout,False,800,4,polynomial_ridge,33,48270423,0.9492603113442366,0.0,0.9491057864498348,0.0,True,0.11722723543888432,0.14,7.607558495135742e-05,-7.014779071740317e-05,0.0002152776391171478,0.012706250092502402,False,True,False,False,True
nonlinear_proxy,nonlinear-proxy-washout,False,800,4,polynomial_ridge,34,48270424,0.9499573905584229,0.0,0.9500527007282669,0.0,True,0.11880932848939411,0.144,0.00016899242898132417,4.686453024992502e-06,0.0003316851592986759,0.026472433347368218,False,True,True,False,True
nonlinear_proxy,nonlinear-proxy-washout,False,800,4,polynomial_ridge,35,48270425,0.9516115884556071,0.0,0.9510837678183449,0.0,True,0.09093519278096801,0.252,0.00022881642704180704,3.1855774231657436e-05,0.0004466557057320285,0.0363127754115791,False,True,True,False,True
nonlinear_proxy,nonlinear-proxy-washout,False,800,4,polynomial_ridge,36,48270426,0.9486323494255461,0.0,0.9485288534269007,0.0,True,0.07387202625102543,0.34,6.417311517030455e-05,-5.5495008303540164e-05,0.00018455755275408698,0.00996907491287604,False,True,False,False,True
nonlinear_proxy,nonlinear-proxy-washout,False,800,4,polynomial_ridge,37,48270427,0.9496081478252311,0.0,0.9496504330434697,0.0,True,0.14023204031407474,0.068,0.00024876357910035094,7.932000618979284e-05,0.0004253215750941204,0.04048453574411903,False,True,True,False,True
nonlinear_proxy,nonlinear-proxy-washout,False,800,4,polynomial_ridge,38,48270428,0.9443657802590317,0.0,0.9444847301712516,0.0,True,0.0004980663307160436,0.994,0.00016615946695858804,4.755776923693435e-05,0.000281319657168298,0.02630849511216274,False,True,True,False,True
nonlinear_proxy,nonlinear-proxy-washout,False,800,4,polynomial_ridge,39,48270429,0.9556241181626848,0.0,0.9554984928417507,0.0,True,0.12764561115668582,0.116,0.00021305096760475956,4.0238543660640036e-05,0.00038119130094521375,0.036618396113436244,False,True,True,False,True
nonlinear_proxy,nonlinear-proxy-washout,False,800,4,polynomial_ridge,40,48270430,0.9530082547003981,0.0,0.9530161006589636,0.0,True,0.16991386382280557,0.042,0.00013850023991600346,8.945274096308711e-07,0.00028258036990491924,0.023034097124216245,True,True,True,True,False
nonlinear_proxy,nonlinear-proxy-washout,False,800,4,polynomial_ridge,41,48270431,0.9531418720966752,0.0,0.9531739185672313,0.0,True,0.16947146372905192,0.024,0.0001901647843119336,7.466829345202008e-06,0.00037300129466483434,0.030766478839815998,True,True,True,True,False
nonlinear_proxy,nonlinear-proxy-washout,False,800,4,polynomial_ridge,42,48270432,0.9453677818246592,0.0,0.9452437553593989,0.0,True,0.024039024961912573,0.74,8.33611924610754e-05,-3.0115116662122456e-05,0.00020249101452004647,0.012114892382469976,False,True,False,False,True
nonlinear_proxy,nonlinear-proxy-washout,False,800,4,polynomial_ridge,43,48270433,0.9423195895618588,0.0,0.942297144451614,0.0,True,0.21663248564397045,0.008,2.324214700626971e-05,-0.00011650850528218948,0.0001524418126148181,0.0033852651900578247,True,True,False,False,False
nonlinear_proxy,nonlinear-proxy-washout,False,800,4,polynomial_ridge,44,48270434,0.9505951259298843,0.0,0.9505618800853773,0.0,True,0.09886909644908003,0.22,0.00011895714247785096,-5.9018920852977085e-05,0.00027892994226968917,0.018655504272515368,False,True,False,False,True
nonlinear_proxy,nonlinear-proxy-washout,False,800,4,polynomial_ridge,45,48270435,0.9530662157284622,0.0,0.9529544791127743,0.0,True,0.1788673385679128,0.018,0.00024585069657373417,7.986572444373255e-05,0.0003945291062467431,0.04296070985265429,True,True,True,True,False
nonlinear_proxy,nonlinear-proxy-washout,False,800,4,polynomial_ridge,46,48270436,0.9535621305658291,0.0,0.9527357937584597,0.0,True,0.13719676549865228,0.098,0.00026921899863128346,0.00011679527741613166,0.0004350761813014586,0.04543637031749082,False,True,True,False,True
nonlinear_proxy,nonlinear-proxy-washout,False,800,4,polynomial_ridge,47,48270437,0.9410485016382838,0.0,0.9409331511522092,0.0,True,0.1292511426227587,0.108,0.00012916797904953797,-7.991111671458293e-06,0.0002674830810109601,0.018078337518769735,False,True,False,False,True
nonlinear_proxy,nonlinear-proxy-washout,False,800,4,polynomial_ridge,48,48270438,0.9539573343083348,0.0,0.9539712426168596,0.0,True,0.1818469471463729,0.03,0.0001540238236451717,-2.431027994305833e-06,0.0003130311706757196,0.025186269268939795,True,True,False,False,False
nonlinear_proxy,nonlinear-proxy-washout,False,800,4,polynomial_ridge,49,48270439,0.9470587297792653,0.0,0.9470664640164739,0.0,True,0.005721903199343724,0.928,0.00010804585724499913,-3.227661215165471e-05,0.00025687186690948673,0.017608712493078833,False,True,False,False,True
nonlinear_proxy,nonlinear-proxy-washout,False,800,4,polynomial_ridge,50,48270440,0.9531543174286211,0.0,0.9531723276411634,0.0,True,0.26404254072424704,0.002,0.00015425083703271125,-3.431136820078221e-05,0.00033795329184573036,0.025009172419419974,True,True,False,False,False
nonlinear_proxy,nonlinear-proxy-washout,False,800,4,polynomial_ridge,51,48270441,0.9522771207455013,0.0,0.9522123500559811,0.0,True,0.035213289581624285,0.65,0.00018550309620723147,3.367618022453677e-05,0.0003510496588066945,0.03117960922399809,False,True,True,False,True
nonlinear_proxy,nonlinear-proxy-washout,False,800,4,polynomial_ridge,52,48270442,0.9441461002282818,0.0,0.9441357251170903,0.0,True,0.09134829485526778,0.262,0.00014778869413813699,-3.0609053117696634e-05,0.00033026365398421446,0.020814780957188486,False,True,False,False,True
nonlinear_proxy,nonlinear-proxy-washout,False,800,4,polynomial_ridge,53,48270443,0.9495002882817005,0.0,0.9494590362556627,0.0,True,0.16586780733622408,0.034,0.0001525697777837922,-1.7247320965234018e-05,0.0003415903876134084,0.022918072413294972,True,True,False,False,False
nonlinear_proxy,nonlinear-proxy-washout,False,800,4,polynomial_ridge,54,48270444,0.9482243722255818,0.0,0.9481450548148522,0.0,True,0.07669342552443455,0.316,0.00012996348302803627,-2.987106124622771e-06,0.0002951888586463394,0.02037992804972655,False,True,False,False,True
nonlinear_proxy,nonlinear-proxy-washout,False,800,4,polynomial_ridge,55,48270445,0.9589197639371312,0.0,0.9589257281344281,0.0,True,0.2555343958748389,0.002,0.00018222939018047463,-6.932529769085605e-06,0.0003781521580552723,0.03277127188721936,True,True,False,False,False
nonlinear_proxy,nonlinear-proxy-washout,False,800,4,polynomial_ridge,56,48270446,0.9378094340772408,0.0,0.9377869194643056,0.0,True,-0.07150181647720613,0.318,4.972577011986591e-06,-9.511818381856565e-05,0.00011082712693569386,0.0006826177536730589,False,True,False,False,True
nonlinear_proxy,nonlinear-proxy-washout,False,800,4,polynomial_ridge,57,48270447,0.954467780418407,0.0,0.9544738723875045,0.0,True,0.0650181647720614,0.416,0.00020444254253220925,4.609941159321561e-05,0.00034037073277166013,0.03623282122946723,False,True,True,False,True
nonlinear_proxy,nonlinear-proxy-washout,False,800,4,polynomial_ridge,58,48270448,0.932478074184491,0.0,0.9324699964331823,0.0,True,0.04958103832180945,0.548,9.572551997923725e-05,-6.809057240286592e-05,0.00026800723258911475,0.012144567963996905,False,True,False,False,True
nonlinear_proxy,nonlinear-proxy-washout,False,800,4,polynomial_ridge,59,48270449,0.9474060740719908,0.0,0.9473460860233734,0.0,True,0.08948787061994608,0.258,0.0001446543572580462,1.8367562228649384e-05,0.0002495979046323836,0.0227594948919122,False,True,True,False,True
nonlinear_proxy,nonlinear-proxy-washout,False,800,4,polynomial_ridge,60,48270450,0.9534146615854088,0.0,0.9533401594237517,0.0,True,0.17511426227587015,0.042,0.00015263618098503452,4.624346922587359e-06,0.00029402352795401945,0.025770604273224636,True,True,True,True,False
nonlinear_proxy,nonlinear-proxy-washout,False,800,4,polynomial_ridge,61,48270451,0.9480570750891798,0.0,0.9480394525967535,0.0,True,0.1730868393296613,0.038,0.00014398534870107855,-1.9480833298437414e-05,0.0003094938614826651,0.021566648417632027,True,True,False,False,False
nonlinear_proxy,nonlinear-proxy-washout,False,800,4,polynomial_ridge,62,48270452,0.9505428602232192,0.0,0.9502198300168029,0.0,True,0.15312023907183875,0.044,0.00015708199477636187,-4.512899176337817e-05,0.00034966157270355236,0.024318648499702673,True,True,False,False,False
nonlinear_proxy,nonlinear-proxy-washout,False,800,4,polynomial_ridge,63,48270453,0.9444720929251453,0.0,0.9444488224058644,0.0,True,-0.0005976795968592524,0.994,6.384595668381017e-05,-6.291707452921301e-05,0.00018221674061461165,0.008817460520927245,False,True,False,False,True
nonlinear_proxy,nonlinear-proxy-washout,False,800,4,polynomial_ridge,64,48270454,0.9526062306347354,0.0,0.9520167580899542,0.0,True,0.14220672682526658,0.074,0.0002427618547488717,4.480326575447601e-05,0.000411462979533127,0.03963309237773137,False,True,True,False,True
nonlinear_proxy,nonlinear-proxy-washout,False,800,4,polynomial_ridge,65,48270455,0.9521349252108208,0.0,0.9520680964009395,0.0,True,0.02865053322395406,0.728,0.00019573292610975106,4.460610582178527e-05,0.0003854170426354392,0.03189602276689838,False,True,True,False,True
nonlinear_proxy,nonlinear-proxy-washout,False,800,4,polynomial_ridge,66,48270456,0.9556284775444963,0.0,0.9556152074805982,0.0,True,0.13362240712527834,0.118,0.0002187221931948249,1.9331354802788845e-05,0.00041810242115773944,0.036879295598102,False,True,True,False,True
nonlinear_proxy,nonlinear-proxy-washout,False,800,4,polynomial_ridge,67,48270457,0.9442876160744001,0.0,0.9435926160075652,0.0,True,-0.09412281729755068,0.236,0.00013289109220424034,1.3326860738500092e-05,0.0002616416706999798,0.01982867122053661,False,True,True,False,True
nonlinear_proxy,nonlinear-proxy-washout,False,800,4,polynomial_ridge,68,48270458,0.9544372881832629,0.0,0.9544331360599915,0.0,True,0.20951892652056722,0.006,0.00017329591100199732,2.8032208849324152e-05,0.00031804037676158857,0.02955938311603382,True,True,True,True,False
nonlinear_proxy,nonlinear-proxy-washout,False,800,4,polynomial_ridge,69,48270459,0.9468267684793259,0.0,0.9468432684091334,0.0,True,0.1418522207898746,0.084,7.996631584212665e-05,-3.651785607415244e-05,0.00020549824500059395,0.012405479709069205,False,True,False,False,True
nonlinear_proxy,nonlinear-proxy-washout,False,800,4,polynomial_ridge,70,48270460,0.9483338020840659,0.0,0.9483174316602053,0.0,True,0.1760459392945037,0.026,0.00010430807068481217,-2.446194358065483e-05,0.00025117520028914054,0.015874720994926757,True,True,False,False,False
nonlinear_proxy,nonlinear-proxy-washout,False,800,4,polynomial_ridge,71,48270461,0.9461901815471587,0.0,0.9462174338368483,0.0,True,0.06219090589476152,0.402,0.00012528483273807362,-2.111291415011819e-05,0.0002691449784136861,0.019045495626255817,False,True,False,False,True
nonlinear_proxy,nonlinear-proxy-washout,False,800,4,polynomial_ridge,72,48270462,0.9457683996381246,0.0,0.945502383342575,0.0,True,0.09445681471932496,0.222,0.00011368131300651656,-2.0848102582796425e-05,0.00025763858710397923,0.017214792464406298,False,True,False,False,True
nonlinear_proxy,nonlinear-proxy-washout,False,800,4,polynomial_ridge,73,48270463,0.9510591891549831,0.0,0.9508390917721086,0.0,True,0.08236845189265206,0.278,0.00024065187479889623,6.048873455634246e-05,0.00040920549476282364,0.03832785777103183,False,True,True,False,True
nonlinear_proxy,nonlinear-proxy-washout,False,800,4,polynomial_ridge,74,48270464,0.9505577664965101,0.0,0.9505939189704796,0.0,True,0.09728114379467948,0.23,0.000185965730811412,2.562053036234268e-05,0.0003267950371122475,0.03056391867292394,False,True,True,False,True
nonlinear_proxy,nonlinear-proxy-washout,False,800,4,polynomial_ridge,75,48270465,0.9557577355589618,0.0,0.95530708303517,0.0,True,0.16335989687097152,0.052,0.0003421423300571545,0.0001643949476221509,0.0005327873200564636,0.05887742412603531,False,True,True,False,False
nonlinear_proxy,nonlinear-proxy-washout,False,800,4,polynomial_ridge,76,48270466,0.9579850984142164,0.0,0.9573526205609306,0.0,True,0.23547111215281846,0.006,0.0003283279322519603,0.00013525823041362476,0.0005292584830076901,0.0576387707094295,True,True,True,True,False
nonlinear_proxy,nonlinear-proxy-washout,False,800,4,polynomial_ridge,77,48270467,0.9458467044479758,0.0,0.9458302777497646,0.0,True,-0.09000351576233447,0.25,2.294286186817901e-05,-8.685527139115383e-05,0.00013983952585983287,0.0035503879789820997,False,True,False,False,True
nonlinear_proxy,nonlinear-proxy-washout,False,800,4,polynomial_ridge,78,48270468,0.9527326995823432,0.0,0.9519762336998204,0.0,True,-0.007737606937771006,0.906,0.00027849410467801344,8.5389058195717e-05,0.00045720194488664876,0.04556380797635026,False,True,True,False,True
nonlinear_proxy,nonlinear-proxy-washout,False,800,4,polynomial_ridge,79,48270469,0.950970173390896,0.0,0.9509412760864301,0.0,True,-0.06306984647837806,0.406,0.00021778277752562084,5.574667181564485e-05,0.0003621228777545833,0.03723122356641848,False,True,True,False,True
nonlinear_proxy,nonlinear-proxy-washout,False,800,4,polynomial_ridge,80,48270470,0.9482104034537555,0.0,0.9480537611246976,0.0,True,0.12053205203328253,0.128,0.00017296966289671346,1.770973213871668e-05,0.0003148081366930497,0.026698458643974483,False,True,True,False,True
nonlinear_proxy,nonlinear-proxy-washout,False,800,4,polynomial_ridge,81,48270471,0.9561995799993439,0.0,0.9562935897449443,0.0,True,0.09236200632837219,0.218,0.00018731398482291998,4.797391379782045e-05,0.0003331227349063201,0.034025456537026155,False,True,True,False,True
nonlinear_proxy,nonlinear-proxy-washout,False,800,4,polynomial_ridge,82,48270472,0.9526653869771673,0.0,0.952648191465426,0.0,True,0.0796818235087308,0.308,0.00014502033803447546,-3.413714200413944e-07,0.0003108956425028672,0.024205424762833026,False,True,False,False,True
nonlinear_proxy,nonlinear-proxy-washout,False,800,4,polynomial_ridge,83,48270473,0.9506932354581805,0.0,0.9506345918715793,0.0,True,0.08610101957107699,0.29,0.000148451681075858,-4.3087705526059405e-05,0.00033067029895533166,0.023825740627039703,False,True,False,False,True
nonlinear_proxy,nonlinear-proxy-washout,False,800,4,polynomial_ridge,84,48270474,0.9447012651582268,0.0,0.9446460211073677,0.0,True,0.10643384507207312,0.202,0.00014475285937615937,-1.3602667035622962e-05,0.00030023998944152925,0.02116474058357612,False,True,False,False,True
nonlinear_proxy,nonlinear-proxy-washout,False,800,4,polynomial_ridge,85,48270475,0.9515306352041176,0.0,0.9515151776528863,0.0,True,0.10938708543302472,0.176,0.000173390546988182,-3.1262009969277e-07,0.00034396084203792515,0.02634038844086491,False,True,False,False,True
nonlinear_proxy,nonlinear-proxy-washout,False,800,4,polynomial_ridge,86,48270476,0.9470709407358451,0.0,0.9470812071481965,0.0,True,0.08431969998828079,0.312,0.00021934921082142084,5.1051431341861226e-05,0.00040142739345843125,0.032069921962798655,False,True,True,False,True
nonlinear_proxy,nonlinear-proxy-washout,False,800,4,polynomial_ridge,87,48270477,0.9484549741483972,0.0,0.9484702785338526,0.0,True,0.09247626860424235,0.276,0.00013396163365487872,-6.307706137079648e-06,0.0002678358152008039,0.02100882967872233,False,True,False,False,True
nonlinear_proxy,nonlinear-proxy-washout,False,800,4,polynomial_ridge,88,48270478,0.9505685243258193,0.0,0.950569011997867,0.0,True,0.048965779913277864,0.522,0.0001796642262487675,4.046277326882447e-05,0.00032086494360448586,0.02901803415627574,False,True,True,False,True
nonlinear_proxy,nonlinear-proxy-washout,False,800,4,polynomial_ridge,89,48270479,0.9531713096426714,0.0,0.9529990564241684,0.0,True,0.17325969764443924,0.044,0.00022421818469559474,4.8188735090909096e-05,0.00040166966121787343,0.035165459758838676,True,True,True,True,False
nonlinear_proxy,nonlinear-proxy-washout,False,800,4,polynomial_ridge,90,48270480,0.9417543933662397,0.0,0.9417336816567418,0.0,True,-0.04286007265908825,0.574,8.156527958484965e-05,-2.92687715506964e-05,0.00019501542126404726,0.011971975887596178,False,True,False,False,True
nonlinear_proxy,nonlinear-proxy-washout,False,800,4,polynomial_ridge,91,48270481,0.9549090154828368,0.0,0.9549197320381038,0.0,True,0.27074592757529586,0.002,0.00022028154014848162,5.224957086307153e-05,0.0003739628312425045,0.036693293335389676,True,True,True,True,False
nonlinear_proxy,nonlinear-proxy-washout,False,800,4,polynomial_ridge,92,48270482,0.9518872841988817,0.0,0.9518767588318754,0.0,True,0.06436188913629438,0.414,0.00014741821494500002,4.3403169160657423e-05,0.00026239684482460543,0.025395639108894936,False,True,True,False,True
nonlinear_proxy,nonlinear-proxy-washout,False,800,4,polynomial_ridge,93,48270483,0.952090300141094,0.0,0.9520087121973564,0.0,True,0.1313107933903668,0.096,0.00014917288868514927,-2.035175048491161e-05,0.00030576836222198027,0.024127947297257923,False,True,False,False,True
nonlinear_proxy,nonlinear-proxy-washout,False,800,4,polynomial_ridge,94,48270484,0.9521481908565483,0.0,0.9520947438480979,0.0,True,-0.07608695652173914,0.33,0.0001928639236744526,3.083709089503533e-05,0.00036537644039625917,0.03176900560229012,False,True,True,False,True
nonlinear_proxy,nonlinear-proxy-washout,False,800,4,polynomial_ridge,95,48270485,0.955823735662087,0.0,0.9558490311913848,0.0,True,0.14791691081682878,0.066,0.00014296171516519837,-4.064108003915463e-06,0.00029189871923930816,0.025137350430556385,False,True,False,False,True
nonlinear_proxy,nonlinear-proxy-washout,False,800,4,polynomial_ridge,96,48270486,0.9599214608147826,0.0,0.9592011027740822,0.0,True,0.2595716629555842,0.002,0.0003446304962762539,0.00014385149362946257,0.0005534799992928578,0.0645041151326147,True,True,True,True,False
nonlinear_proxy,nonlinear-proxy-washout,False,800,4,polynomial_ridge,97,48270487,0.9531191142486162,0.0,0.953124298303504,0.0,True,0.128717918668698,0.108,0.00020133978330722987,5.3391086079322406e-05,0.0003346340125414398,0.03375128015753513,False,True,True,False,True
nonlinear_proxy,nonlinear-proxy-washout,False,800,4,polynomial_ridge,98,48270488,0.9588607950949924,0.0,0.9588201819024088,0.0,True,0.057679010898863244,0.454,0.0002713423065518611,0.00011525515543682723,0.0004211151167475684,0.05278478646973216,False,True,True,False,True
nonlinear_proxy,nonlinear-proxy-washout,False,800,4,polynomial_ridge,99,48270489,0.943545560227438,0.0,0.9431701475817825,0.0,True,-0.019456814719324974,0.81,9.863760857856466e-06,-0.00011864985006434842,0.0001429588736184976,0.0014795716845369233,False,True,False,False,True
genuine_increment,increment-survives,True,100,4,polynomial_ridge,0,51265509,0.6915091509150914,1.6562177377680497e-15,0.8424067561186507,8.548834841044403e-28,True,0.7849624060150376,0.002,0.036437683956221226,0.026288521171136323,0.04638580000713102,0.6466342809883209,True,True,True,True,True
genuine_increment,increment-survives,True,100,4,polynomial_ridge,1,51265510,0.6922772277227722,1.4971503468705243e-15,0.8338835482939104,8.87097554229025e-27,True,0.813533834586466,0.002,0.03618534781066293,0.024359608103596355,0.05013693705741405,0.68769332916456,True,True,True,True,True
genuine_increment,increment-survives,True,100,4,polynomial_ridge,2,51265511,0.5891029102910291,1.139125792774326e-10,0.8514191433403706,6.163410504327104e-29,True,0.6601503759398496,0.004,0.042568575796023786,0.03153450529442492,0.053435504934729885,0.740246935413176,True,True,True,True,True
genuine_increment,increment-survives,True,100,4,polynomial_ridge,3,51265512,0.7613201320132013,3.798447696353786e-20,0.8833636807857718,1.0859673049754629e-33,True,0.9157894736842105,0.002,0.04150868078542711,0.03139874122690737,0.05304314553737576,0.7742015524752116,True,True,True,True,True
genuine_increment,increment-survives,True,100,4,polynomial_ridge,4,51265513,0.6954335433543354,9.854190386340476e-16,0.8725067083619489,6.222582216890927e-32,True,0.7819548872180451,0.002,0.05390495167192528,0.034380556697448855,0.0792444323789964,0.7096622903204421,True,True,True,True,True
genuine_increment,increment-survives,True,100,4,polynomial_ridge,5,51265514,0.7203000300030001,2.9943301529690446e-17,0.8766044893220627,1.412265364676937e-32,True,0.813533834586466,0.002,0.04542082608919395,0.030975022777942438,0.06092718488986338,0.7422646978954976,True,True,True,True,True
genuine_increment,increment-survives,True,100,4,polynomial_ridge,6,51265515,0.6158535853585357,9.139845592338584e-12,0.8453360413840306,3.704271163376003e-28,True,0.9052631578947368,0.002,0.044588963393283665,0.0316533389785688,0.05787445528973778,0.7954588391968497,True,True,True,True,True
genuine_increment,increment-survives,True,100,4,polynomial_ridge,7,51265516,0.6549414941494147,1.4471239553878539e-13,0.8285073338909803,3.6287427155592365e-26,True,0.7548872180451127,0.002,0.03193930244346229,0.018968105316735522,0.04324806190613693,0.6911992441827801,True,True,True,True,True
genuine_increment,increment-survives,True,100,4,polynomial_ridge,8,51265517,0.7303090309030903,6.584222551214239e-18,0.8822945144655486,1.646527461351776e-33,True,0.9157894736842105,0.002,0.04907917745804834,0.0373934276982728,0.06318157135681025,0.7710037460462673,True,True,True,True,True
genuine_increment,increment-survives,True,100,4,polynomial_ridge,9,51265518,0.7175157515751575,4.5106428249428624e-17,0.8541766218974604,2.662082746234167e-29,True,0.9097744360902256,0.002,0.04119991560311702,0.02870929095978295,0.05630092675177332,0.7093637751074566,True,True,True,True,True
genuine_increment,increment-survives,True,100,4,polynomial_ridge,10,51265519,0.7005220522052205,4.963728176818193e-16,0.8963087126399263,4.96590447401674e-36,True,0.9112781954887217,0.002,0.043839489329034864,0.03319092000514713,0.05687574992088413,0.7682682938072483,True,True,True,True,True
genuine_increment,increment-survives,True,100,4,polynomial_ridge,11,51265520,0.7669966996699669,1.3574668245377405e-20,0.8638392705148196,1.2185636882687644e-30,True,0.819548872180451,0.002,0.036531627744457965,0.02510541372258247,0.04851539230536467,0.7106816248191141,True,True,True,True,True
genuine_increment,increment-survives,True,100,4,polynomial_ridge,12,51265521,0.633087308730873,1.5794986276007238e-12,0.8205255538403717,2.6909752099789736e-25,True,0.8646616541353382,0.002,0.044223329245922385,0.028737576433546932,0.061151472476189926,0.6717828947554153,True,True,True,True,True
genuine_increment,increment-survives,True,100,4,polynomial_ridge,13,51265522,0.6210021002100209,5.470875927838686e-12,0.8288642128852813,3.3098358239899855e-26,True,0.5187969924812029,0.016,0.035457737850854154,0.025454216812106325,0.04557459514513965,0.6686618452164154,True,True,True,True,True
genuine_increment,increment-survives,True,100,4,polynomial_ridge,14,51265523,0.7875427542754274,2.530437654054371e-22,0.8854377352669821,4.787237217396367e-34,True,0.8887218045112781,0.002,0.045121483798743096,0.03365027356867208,0.057643683280658206,0.7676755222625591,True,True,True,True,True
genuine_increment,increment-survives,True,100,4,polynomial_ridge,15,51265524,0.6933333333333334,1.3024045371552577e-15,0.8392278972169046,2.078616813497924e-27,True,0.7804511278195487,0.004,0.04476607160695358,0.030865760707590967,0.06083255128706438,0.7262740722277486,True,True,True,True,True
genuine_increment,increment-survives,True,100,4,polynomial_ridge,16,51265525,0.7101110111011102,1.3099852766407757e-16,0.8433932883584465,6.462758112523199e-28,True,0.7293233082706766,0.002,0.04597242684593656,0.03173415612396845,0.059570382149854204,0.7243898010537899,True,True,True,True,True
genuine_increment,increment-survives,True,100,4,polynomial_ridge,17,51265526,0.6987578757875786,6.306142751586175e-16,0.8483954188086816,1.5179043345073325e-28,True,0.8466165413533834,0.002,0.04715123683387497,0.032086952419756856,0.06376330094408801,0.7150021498840586,True,True,True,True,True
genuine_increment,increment-survives,True,100,4,polynomial_ridge,18,51265527,0.6562136213621361,1.2515609257434508e-13,0.860836968753285,3.256536531920794e-30,True,0.8556390977443609,0.002,0.042528627713853615,0.028954321334846406,0.05446739284005296,0.740947099847453,True,True,True,True,True
genuine_increment,increment-survives,True,100,4,polynomial_ridge,19,51265528,0.693033303330333,1.3550810919191865e-15,0.8474058700557012,2.029994070507052e-28,True,0.8360902255639097,0.002,0.04912376967059917,0.02983586358616041,0.06550804582856648,0.7079603082988674,True,True,True,True,True
genuine_increment,increment-survives,True,100,4,polynomial_ridge,20,51265529,0.7473987398739873,4.21548907662023e-19,0.8841955536724618,7.833469979566063e-34,True,0.8105263157894737,0.002,0.03978673555619011,0.02957353908142966,0.047745897510078066,0.6987933952360454,True,True,True,True,True
genuine_increment,increment-survives,True,100,4,polynomial_ridge,21,51265530,0.6817161716171616,5.841756891470532e-15,0.8325042869577718,1.2793463435158068e-26,True,0.7218045112781954,0.002,0.03734593794568606,0.026447065930134774,0.0506401504399691,0.6694739341848851,True,True,True,True,True
genuine_increment,increment-survives,True,100,4,polynomial_ridge,22,51265531,0.7159315931593159,5.682398819941053e-17,0.8622330153530523,2.067754944997211e-30,True,0.7368421052631579,0.002,0.04296019690954029,0.03171775135088949,0.05596634517340986,0.7494762398095633,True,True,True,True,True
genuine_increment,increment-survives,True,100,4,polynomial_ridge,23,51265532,0.698121812181218,6.8716333978145e-16,0.8535749136784068,3.201968068247446e-29,True,0.8796992481203006,0.002,0.03776748001159885,0.025655663688240293,0.0513266015009931,0.7102468991961011,True,True,True,True,True
genuine_increment,increment-survives,True,100,4,polynomial_ridge,24,51265533,0.6338073807380737,1.4642842049134497e-12,0.8355070173074722,5.740151463313784e-27,True,0.8225563909774435,0.002,0.04123863954004564,0.028056831661224708,0.05510372776869766,0.6913065524809473,True,True,True,True,True
genuine_increment,increment-survives,True,100,4,polynomial_ridge,25,51265534,0.753975397539754,1.3795076123019154e-19,0.8536414376789382,3.137388813311354e-29,True,0.7654135338345864,0.002,0.038741136498093125,0.025151233779321987,0.05345915101211952,0.7133190790545527,True,True,True,True,True
genuine_increment,increment-survives,True,100,4,polynomial_ridge,26,51265535,0.7552835283528352,1.1000451594327127e-19,0.9181125432830509,8.998321031791507e-41,True,0.9233082706766916,0.002,0.044856967146836804,0.032704085729936376,0.05558466883634189,0.8328052795585966,True,True,True,True,True
genuine_increment,increment-survives,True,100,4,polynomial_ridge,27,51265536,0.7902910291029102,1.4366476920798912e-22,0.9018176062620481,4.023786257541197e-37,True,0.875187969924812,0.002,0.045096225240315084,0.03452638514755206,0.05576505008691294,0.8413071145285475,True,True,True,True,True
genuine_increment,increment-survives,True,100,4,polynomial_ridge,28,51265537,0.7664566456645664,1.4989483062801557e-20,0.8837926624427059,9.17901444853343e-34,True,0.7789473684210525,0.002,0.04637381829274302,0.032084981032385315,0.06076314542804476,0.7682380507837665,True,True,True,True,True
genuine_increment,increment-survives,True,100,4,polynomial_ridge,29,51265538,0.547158715871587,3.855054572773027e-09,0.7883721726688644,3.4878608834745686e-22,True,0.8691729323308269,0.002,0.028874708897816632,0.015583335795092006,0.04314821383074901,0.6268954014064204,True,True,True,True,True
genuine_increment,increment-survives,True,100,4,polynomial_ridge,30,51265539,0.6155655565556555,9.403473750248068e-12,0.8487629995001552,1.361813722776202e-28,True,0.7383458646616541,0.002,0.05478605654312258,0.04128986127009428,0.07137206163065786,0.7638966129313141,True,True,True,True,True
genuine_increment,increment-survives,True,100,4,polynomial_ridge,31,51265540,0.6699309930993099,2.4995799082324893e-14,0.8785801613007074,6.778859092034545e-33,True,0.8541353383458646,0.002,0.042183756262184804,0.03033126011637506,0.052157401105809055,0.7519117534980984,True,True,True,True,True
genuine_increment,increment-survives,True,100,4,polynomial_ridge,32,51265541,0.7253285328532851,1.410708181738026e-17,0.8697047557666123,1.6660524576221e-31,True,0.8676691729323308,0.002,0.04161672198614128,0.03128985446293543,0.053167412399491715,0.6996534044623846,True,True,True,True,True
genuine_increment,increment-survives,True,100,4,polynomial_ridge,33,51265542,0.6435763576357635,5.137346165326614e-13,0.8280273828239122,4.10523403499306e-26,True,0.819548872180451,0.002,0.03628387217056043,0.025032341043592764,0.0474049369972741,0.6678202996462361,True,True,True,True,True
genuine_increment,increment-survives,True,100,4,polynomial_ridge,34,51265543,0.7486348634863486,3.4261831326721748e-19,0.8874869216869247,2.0980477290198123e-34,True,0.9518796992481202,0.002,0.05369675155468551,0.036989255625300435,0.07250566141940638,0.7713605540287038,True,True,True,True,True
genuine_increment,increment-survives,True,100,4,polynomial_ridge,35,51265544,0.7928592859285927,8.3997309875844e-23,0.8989838426494322,1.4924001646944928e-36,True,0.9082706766917292,0.002,0.05123404140238752,0.037284335903413776,0.06583578684491276,0.8079436253613846,True,True,True,True,True
genuine_increment,increment-survives,True,100,4,polynomial_ridge,36,51265545,0.6817641764176418,5.806464178002721e-15,0.8661220811972118,5.680457747944427e-31,True,0.9248120300751879,0.002,0.04802902400981188,0.034634803285397676,0.0627486074605412,0.7211652659309854,True,True,True,True,True
genuine_increment,increment-survives,True,100,4,polynomial_ridge,37,51265546,0.7679927992799279,1.1298146412343856e-20,0.8635542742331117,1.3390843608534003e-30,True,0.7834586466165413,0.002,0.040840327151394504,0.027849812119856363,0.05445711561460396,0.7471717365911239,True,True,True,True,True
genuine_increment,increment-survives,True,100,4,polynomial_ridge,38,51265547,0.714047404740474,7.463416543464814e-17,0.8718798444243222,7.772003940311831e-32,True,0.7729323308270677,0.002,0.04359654724455435,0.031388052376891885,0.05653643879779761,0.7469673799656343,True,True,True,True,True
genuine_increment,increment-survives,True,100,4,polynomial_ridge,39,51265548,0.6538613861386138,1.6360857127747758e-13,0.8092807751766877,3.847911749936022e-24,True,0.8451127819548873,0.002,0.035926464338205684,0.021669783824295404,0.05000747088933721,0.6479036142805548,True,True,True,True,True
genuine_increment,increment-survives,True,100,4,polynomial_ridge,40,51265549,0.713075307530753,8.583314708255922e-17,0.8481245561299102,1.6439603481662242e-28,True,0.8857142857142858,0.002,0.03749535869609709,0.024963537095622365,0.050023445528554575,0.7078942153867531,True,True,True,True,True
genuine_increment,increment-survives,True,100,4,polynomial_ridge,41,51265550,0.6888568856885688,2.3415512218121706e-15,0.8538801862986772,2.915917712707292e-29,True,0.7984962406015037,0.002,0.04578515625864567,0.032745091747727266,0.0593097833295116,0.7490609143221705,True,True,True,True,True
genuine_increment,increment-survives,True,100,4,polynomial_ridge,42,51265551,0.7778217821782178,1.7556700119119375e-21,0.8591795739994034,5.548526285347311e-30,True,0.6165413533834586,0.004,0.04997108847578486,0.03822953964483118,0.06134779440222949,0.7605263537594448,True,True,True,True,True
genuine_increment,increment-survives,True,100,4,polynomial_ridge,43,51265552,0.6993099309930993,5.852136853694663e-16,0.8487304159224556,1.374992157900081e-28,True,0.7593984962406014,0.002,0.03749488320419082,0.026804127579036725,0.04793295386982136,0.676692816279375,True,True,True,True,True
genuine_increment,increment-survives,True,100,4,polynomial_ridge,44,51265553,0.7168076807680768,5.002081545816853e-17,0.8532187881303004,3.570364704650593e-29,True,0.7669172932330827,0.002,0.04089201783837623,0.029834037766760486,0.05335990285435491,0.7568406379854838,True,True,True,True,True
genuine_increment,increment-survives,True,100,4,polynomial_ridge,45,51265554,0.7328172817281727,4.457082239666152e-18,0.8798481582228082,4.203748186642282e-33,True,0.8902255639097743,0.002,0.04220159585128646,0.03078190629758323,0.052777842171902546,0.7600873568122462,True,True,True,True,True
genuine_increment,increment-survives,True,100,4,polynomial_ridge,46,51265555,0.6772877287728772,1.0166951228208024e-14,0.8421358898314157,9.228213176632291e-28,True,0.8932330827067668,0.002,0.04077222527704846,0.028129898877240992,0.055686757992431994,0.7381678733472598,True,True,True,True,True
genuine_increment,increment-survives,True,100,4,polynomial_ridge,47,51265556,0.6877167716771677,2.714302165240896e-15,0.8506291140553404,7.814902600148466e-29,True,0.7263157894736841,0.002,0.04075790219846655,0.02778973510379154,0.056119843788907935,0.6858489050095129,True,True,True,True,True
genuine_increment,increment-survives,True,100,4,polynomial_ridge,48,51265557,0.7116231623162316,1.0565507513274378e-16,0.8560925400346369,1.4704551052876067e-29,True,0.8872180451127819,0.002,0.044023210559028005,0.03196264793067943,0.05607243416453435,0.6886540574835844,True,True,True,True,True
genuine_increment,increment-survives,True,100,4,polynomial_ridge,49,51265558,0.650981098109811,2.2640779248362753e-13,0.846234657544489,2.856088339935612e-28,True,0.8736842105263156,0.002,0.041396507526592984,0.0277188650482176,0.0553687679216559,0.732375017816819,True,True,True,True,True
genuine_increment,increment-survives,True,100,4,polynomial_ridge,50,51265559,0.7676327632763276,1.2074472994512383e-20,0.8714852571171694,8.934194046861471e-32,True,0.801503759398496,0.002,0.04231537441188707,0.030625092670627435,0.05590709799130666,0.757496933609022,True,True,True,True,True
genuine_increment,increment-survives,True,100,4,polynomial_ridge,51,51265560,0.6183498349834982,7.134808007353541e-12,0.8289988856470826,3.196737306786079e-26,True,0.882706766917293,0.002,0.03486864206052853,0.024259893844022922,0.045415957196121653,0.6909777077854069,True,True,True,True,True
genuine_increment,increment-survives,True,100,4,polynomial_ridge,52,51265561,0.5946714671467146,6.867087479689002e-11,0.8395021549551984,1.926704272418158e-27,True,0.875187969924812,0.002,0.04273640329253005,0.028137524854152263,0.0579059738662192,0.6966858647075347,True,True,True,True,True
genuine_increment,increment-survives,True,100,4,polynomial_ridge,53,51265562,0.7105910591059105,1.2237363373293752e-16,0.8685589389536073,2.4760235845473637e-31,True,0.706766917293233,0.004,0.043737285001349685,0.029947034389568607,0.06020561694069821,0.7142185166787227,True,True,True,True,True
genuine_increment,increment-survives,True,100,4,polynomial_ridge,54,51265563,0.6397119711971196,7.809530619542509e-13,0.826849093654252,5.548589967205843e-26,True,0.819548872180451,0.002,0.04379136972793609,0.030427827892057963,0.057551205620151515,0.6918003350724874,True,True,True,True,True
genuine_increment,increment-survives,True,100,4,polynomial_ridge,55,51265564,0.7067386738673865,2.1056170510596798e-16,0.862567930877493,1.8529125971858822e-30,True,0.863157894736842,0.002,0.03186314230739318,0.024033468564641152,0.039314487328914176,0.7123593000030439,True,True,True,True,True
genuine_increment,increment-survives,True,100,4,polynomial_ridge,56,51265565,0.7763576357635763,2.3306610625650403e-21,0.8697651002356912,1.6314798064848393e-31,True,0.825563909774436,0.002,0.04935802188556447,0.039516774710625625,0.060551621064889816,0.7551670805349191,True,True,True,True,True
genuine_increment,increment-survives,True,100,4,polynomial_ridge,57,51265566,0.6953495349534953,9.965195949434779e-16,0.8612215828112298,2.8749193929782363e-30,True,0.8481203007518796,0.002,0.05014066194323423,0.03362828020534286,0.06980138462079502,0.7496500799262676,True,True,True,True,True
genuine_increment,increment-survives,True,100,4,polynomial_ridge,58,51265567,0.7779657965796579,1.7072241215019984e-21,0.8867533982957471,2.823926541375855e-34,True,0.8676691729323308,0.002,0.044057257993373,0.032819887089945064,0.05514027648980127,0.7999639085670195,True,True,True,True,True
genuine_increment,increment-survives,True,100,4,polynomial_ridge,59,51265568,0.7342334233423341,3.568899661151654e-18,0.8516992610541876,5.663969659079581e-29,True,0.6781954887218045,0.004,0.030919482339180137,0.01847932311733095,0.04287632544989934,0.6918266819764753,True,True,True,True,True
genuine_increment,increment-survives,True,100,4,polynomial_ridge,60,51265569,0.6995259525952594,5.683251231989447e-16,0.822393216968747,1.6990637476778863e-25,True,0.7443609022556391,0.002,0.033683540460979246,0.02199860460429293,0.04576963558150692,0.6457876260271921,True,True,True,True,True
genuine_increment,increment-survives,True,100,4,polynomial_ridge,61,51265570,0.767020702070207,1.3514901034666606e-20,0.856820907242009,1.1707843866903256e-29,True,0.7969924812030074,0.002,0.032490035929362227,0.02409341586536944,0.041099616795128406,0.7343087832285049,True,True,True,True,True
genuine_increment,increment-survives,True,100,4,polynomial_ridge,62,51265571,0.671983198319832,1.9498718823394474e-14,0.8802111108358145,3.6627282383475794e-33,True,0.8947368421052632,0.002,0.04765881556248215,0.0343864334793702,0.06051867012570932,0.748221349185562,True,True,True,True,True
genuine_increment,increment-survives,True,100,4,polynomial_ridge,63,51265572,0.7693849384938493,8.72811146338877e-21,0.8990172702684759,1.4698365091793498e-36,True,0.78796992481203,0.002,0.04783243919336648,0.03682277523686362,0.05812405755882552,0.8019140625579486,True,True,True,True,True
genuine_increment,increment-survives,True,100,4,polynomial_ridge,64,51265573,0.587002700270027,1.3752766457354665e-10,0.7782343494794756,2.5932919913289427e-21,True,0.6631578947368421,0.004,0.02772941506995845,0.016785007860729867,0.04045970906327561,0.48697325395222957,True,True,True,True,True
genuine_increment,increment-survives,True,100,4,polynomial_ridge,65,51265574,0.7563876387638764,9.077139305716992e-20,0.8693673377229107,1.8729538286769323e-31,True,0.7894736842105263,0.002,0.05733612448504051,0.04465364172939484,0.06899978933555839,0.7715155936881098,True,True,True,True,True
genuine_increment,increment-survives,True,100,4,polynomial_ridge,66,51265575,0.6804560456045604,6.846177155914744e-15,0.8582038828798215,7.568977173190823e-30,True,0.8887218045112781,0.002,0.0398212718796158,0.025838645625415792,0.056917448876573386,0.7552647805653295,True,True,True,True,True
genuine_increment,increment-survives,True,100,4,polynomial_ridge,67,51265576,0.6796519651965195,7.572463281135437e-15,0.851853407756204,5.406209348700091e-29,True,0.8270676691729323,0.002,0.04959093572694061,0.03563128455126261,0.06380524274776792,0.7376083607558819,True,True,True,True,True
genuine_increment,increment-survives,True,100,4,polynomial_ridge,68,51265577,0.6513771377137713,2.1656188032531834e-13,0.8619155054363676,2.2937791489504416e-30,True,0.8436090225563909,0.002,0.03883371890982222,0.025255458036707798,0.0537369955515598,0.7141710293904676,True,True,True,True,True
genuine_increment,increment-survives,True,100,4,polynomial_ridge,69,51265578,0.6356315631563156,1.2075605278036609e-12,0.8180521879956099,4.907278241221837e-25,True,0.7924812030075187,0.004,0.036079692589124066,0.026206423573000695,0.04617361360146226,0.6648467958810756,True,True,True,True,True
genuine_increment,increment-survives,True,100,4,polynomial_ridge,70,51265579,0.6553375337533752,1.3832736227956333e-13,0.8404926319739369,1.4630717455779505e-27,True,0.8661654135338346,0.002,0.03354206180769887,0.023409538605799023,0.044996447469939437,0.6763325747242301,True,True,True,True,True
genuine_increment,increment-survives,True,100,4,polynomial_ridge,71,51265580,0.6198979897989798,6.11219955032929e-12,0.7811213688341521,1.4806585523623183e-21,True,0.5729323308270676,0.012,0.037485133744404375,0.026879974453446344,0.04821785570979945,0.6219659472090876,True,True,True,True,True
genuine_increment,increment-survives,True,100,4,polynomial_ridge,72,51265581,0.6944614461446145,1.1215356237371781e-15,0.8746487818540285,2.884793181227302e-32,True,0.801503759398496,0.002,0.03671022909814713,0.023166357920832836,0.05208276719841671,0.7379467712566877,True,True,True,True,True
genuine_increment,increment-survives,True,100,4,polynomial_ridge,73,51265582,0.684008400840084,4.368358332821943e-15,0.8242555610244561,1.068412799356386e-25,True,0.625563909774436,0.008,0.03777240777367109,0.02596409164164429,0.05079703081482047,0.6800965853121006,True,True,True,True,True
genuine_increment,increment-survives,True,100,4,polynomial_ridge,74,51265583,0.6698949894989498,2.5104506877122666e-14,0.8560185019979787,1.5048112418726255e-29,True,0.7654135338345864,0.002,0.048780591361891515,0.03798228933871369,0.06092699370590772,0.7449092561687523,True,True,True,True,True
genuine_increment,increment-survives,True,100,4,polynomial_ridge,75,51265584,0.6238223822382238,4.113647975768273e-12,0.8149705102541945,1.0243829855515555e-24,True,0.6481203007518795,0.002,0.033938841759385434,0.02582920678902784,0.04193836878597685,0.683608155449975,True,True,True,True,True
genuine_increment,increment-survives,True,100,4,polynomial_ridge,76,51265585,0.6727992799279928,1.7655303275207317e-14,0.8688193914096194,2.2635240669300402e-31,True,0.8736842105263156,0.002,0.046312063659863706,0.03570771715024864,0.05970906086413424,0.7224550147498813,True,True,True,True,True
genuine_increment,increment-survives,True,100,4,polynomial_ridge,77,51265586,0.6555055505550553,1.3570165228515216e-13,0.8213221907557813,2.2131632086835645e-25,True,0.8300751879699247,0.002,0.049985244561673886,0.03358316517645721,0.06728504658196434,0.6884833305399796,True,True,True,True,True
genuine_increment,increment-survives,True,100,4,polynomial_ridge,78,51265587,0.7562436243624362,9.308086702479236e-20,0.8639148347299305,1.1884272367463582e-30,True,0.900751879699248,0.002,0.05169705496641068,0.03772946569617977,0.06340051772419204,0.7392593221895085,True,True,True,True,True
genuine_increment,increment-survives,True,100,4,polynomial_ridge,79,51265588,0.6495889588958895,2.6457027622103295e-13,0.8200735341590497,3.0053445485759656e-25,True,0.7729323308270677,0.002,0.034400892016995435,0.022073284003677345,0.04623140689257996,0.656294228028116,True,True,True,True,True
genuine_increment,increment-survives,True,100,4,polynomial_ridge,80,51265589,0.674983498349835,1.351329784461476e-14,0.8379534761379368,2.9520495550128128e-27,True,0.8706766917293233,0.002,0.03852358999442325,0.026574529779903478,0.052088098612470934,0.6575988863849728,True,True,True,True,True
genuine_increment,increment-survives,True,100,4,polynomial_ridge,81,51265590,0.7160636063606359,5.574423221027015e-17,0.8468842645049548,2.3641973124310445e-28,True,0.8511278195488721,0.002,0.043527225839343195,0.028634119375948085,0.061221327133132594,0.6545477422899891,True,True,True,True,True
genuine_increment,increment-survives,True,100,4,polynomial_ridge,82,51265591,0.6801560156015601,7.108918874627616e-15,0.8348623436603233,6.827139781131796e-27,True,0.8285714285714285,0.002,0.03788323662614666,0.02811207202431993,0.04703459951808948,0.6915868384821771,True,True,True,True,True
genuine_increment,increment-survives,True,100,4,polynomial_ridge,83,51265592,0.7002580258025802,5.145340063910711e-16,0.8750022921735731,2.537637897110685e-32,True,0.8736842105263156,0.002,0.05515874052442945,0.04149329082925137,0.07040099738840454,0.775541003915348,True,True,True,True,True
genuine_increment,increment-survives,True,100,4,polynomial_ridge,84,51265593,0.77999399939994,1.148616953950225e-21,0.9139714737863144,8.905780591371817e-40,True,0.9142857142857143,0.002,0.05400961034840176,0.040207243369975394,0.06757857766100286,0.8325126633815606,True,True,True,True,True
genuine_increment,increment-survives,True,100,4,polynomial_ridge,85,51265594,0.7332853285328532,4.1420854454134345e-18,0.8904276677914537,6.242442279710592e-35,True,0.918796992481203,0.002,0.04242526597966502,0.033180860104574064,0.05249389629625749,0.7632140537252267,True,True,True,True,True
genuine_increment,increment-survives,True,100,4,polynomial_ridge,86,51265595,0.6509090909090909,2.2824385837938514e-13,0.8505193206830347,8.076162717945917e-29,True,0.9473684210526315,0.002,0.03391081291849538,0.02429843516921978,0.04464337589504839,0.7059453453165889,True,True,True,True,True
genuine_increment,increment-survives,True,100,4,polynomial_ridge,87,51265596,0.8049444944494448,6.047906714607811e-24,0.8939393880797935,1.4017185186177664e-35,True,0.9157894736842105,0.002,0.04832022516592427,0.0357111405952304,0.06218327725757708,0.8252530359608631,True,True,True,True,True
genuine_increment,increment-survives,True,100,4,polynomial_ridge,88,51265597,0.7087788778877887,1.5813718197120223e-16,0.8681643766768183,2.8355166043768716e-31,True,0.8436090225563909,0.002,0.03641593139497201,0.026922595260288423,0.046747389551650836,0.719069547849917,True,True,True,True,True
genuine_increment,increment-survives,True,100,4,polynomial_ridge,89,51265598,0.7061146114611461,2.297220338501404e-16,0.8848629036492934,6.016731878521862e-34,True,0.849624060150376,0.002,0.05471421345258208,0.038172610712946746,0.06843433670894429,0.7744309507172205,True,True,True,True,True
genuine_increment,increment-survives,True,100,4,polynomial_ridge,90,51265599,0.7273327332733273,1.0402590788139664e-17,0.8616766841595638,2.479504837286865e-30,True,0.7413533834586465,0.004,0.038851128465812255,0.02396621583135184,0.054384969429548485,0.7122276032819332,True,True,True,True,True
genuine_increment,increment-survives,True,100,4,polynomial_ridge,91,51265600,0.7467026702670267,4.734998281669535e-19,0.8620640518176456,2.1851830692931455e-30,True,0.8075187969924811,0.002,0.040034047216262136,0.028366413507936554,0.052237134979928185,0.7312028600422044,True,True,True,True,True
genuine_increment,increment-survives,True,100,4,polynomial_ridge,92,51265601,0.6849084908490849,3.8943813488453385e-15,0.8446570518937184,4.503579677699506e-28,True,0.7744360902255639,0.002,0.034899609113429,0.020872610047964736,0.049130918310806786,0.693641579270193,True,True,True,True,True
genuine_increment,increment-survives,True,100,4,polynomial_ridge,93,51265602,0.703030303030303,3.5212607355299834e-16,0.861090691374028,2.999614459774651e-30,True,0.8360902255639097,0.002,0.038700269276023505,0.026656162407353617,0.05022309616215863,0.7009020411596009,True,True,True,True,True
genuine_increment,increment-survives,True,100,4,polynomial_ridge,94,51265603,0.801080108010801,1.4305457887072622e-23,0.8926199019021765,2.47192622584587e-35,True,0.8390977443609022,0.002,0.05225222689424987,0.040192359382373526,0.06632198605804601,0.754938252199485,True,True,True,True,True
genuine_increment,increment-survives,True,100,4,polynomial_ridge,95,51265604,0.6375397539753975,9.856919282865123e-13,0.8324353714061558,1.302853385141114e-26,True,0.7699248120300751,0.002,0.044252688891481616,0.03114007753434359,0.05932201530361047,0.7196872829666868,True,True,True,True,True
genuine_increment,increment-survives,True,100,4,polynomial_ridge,96,51265605,0.7215361536153615,2.4923644356937455e-17,0.839720849237725,1.8133796768942833e-27,True,0.8691729323308269,0.002,0.045095378667805226,0.029636930844363238,0.05807858309918766,0.6807220284516622,True,True,True,True,True
genuine_increment,increment-survives,True,100,4,polynomial_ridge,97,51265606,0.681116111611161,6.300833243803486e-15,0.8417463235921685,1.0298467760737931e-27,True,0.6631578947368421,0.004,0.038302549178371455,0.026519036639759554,0.050030612865561104,0.7005319287114417,True,True,True,True,True
genuine_increment,increment-survives,True,100,4,polynomial_ridge,98,51265607,0.7049864986498648,2.687359575147877e-16,0.8599619783966044,4.318176614006434e-30,True,0.7368421052631579,0.002,0.03883461416467837,0.029861178949487716,0.050510910621843694,0.7234374739018105,True,True,True,True,True
genuine_increment,increment-survives,True,100,4,polynomial_ridge,99,51265608,0.7382658265826582,1.8806447447279913e-18,0.8619045172278517,2.3020181696170194e-30,True,0.7744360902255639,0.002,0.04221732808665092,0.028800888799352983,0.05529070150156328,0.7120544288205782,True,True,True,True,True
genuine_increment,increment-survives,True,200,4,polynomial_ridge,0,52266209,0.6788599714992876,2.2801158566056904e-28,0.8516292829751192,3.588828015918097e-57,True,0.8116322701688556,0.002,0.039119013841878096,0.03094992020586582,0.04755821181635066,0.7263510467879714,True,True,True,True,True
genuine_increment,increment-survives,True,200,4,polynomial_ridge,1,52266210,0.7384114602865073,1.0053693255108666e-35,0.8847943094320191,2.9880836229747894e-67,True,0.8212007504690433,0.002,0.04736258224990727,0.03730565543837241,0.05858597898321001,0.7945971927278264,True,True,True,True,True
genuine_increment,increment-survives,True,200,4,polynomial_ridge,2,52266211,0.6719027975699393,1.2743663411780089e-27,0.8498322509895675,1.0698562141256105e-56,True,0.8397748592870545,0.002,0.038814001340942005,0.02990231959593438,0.04746067462346439,0.7221321842406445,True,True,True,True,True
genuine_increment,increment-survives,True,200,4,polynomial_ridge,3,52266212,0.7024165604140105,4.645657259209061e-31,0.8767754727665505,1.4976042488565884e-64,True,0.8424015009380864,0.002,0.046080758008583474,0.037892475452527094,0.05500005076045012,0.7575519551758768,True,True,True,True,True
genuine_increment,increment-survives,True,200,4,polynomial_ridge,4,52266213,0.7006900172504315,7.46792618252312e-31,0.8550388572579594,4.339357812847472e-58,True,0.8637898686679175,0.002,0.037167960509497625,0.02938328018198675,0.045737545316401694,0.7466179323916007,True,True,True,True,True
genuine_increment,increment-survives,True,200,4,polynomial_ridge,5,52266214,0.6857451436285908,3.9609636083071755e-29,0.8392770105252431,4.963248638101583e-54,True,0.8889305816135086,0.002,0.036875339471657984,0.02791336873130283,0.046883507635569324,0.7112876048735374,True,True,True,True,True
genuine_increment,increment-survives,True,200,4,polynomial_ridge,6,52266215,0.6392829820745519,2.2621117283197553e-24,0.8313771856028573,3.700497668343981e-52,True,0.8744840525328331,0.002,0.041246333064265,0.033464212212914186,0.04982669869841378,0.7166327964200754,True,True,True,True,True
genuine_increment,increment-survives,True,200,4,polynomial_ridge,7,52266216,0.6545248631215781,7.694872005219976e-26,0.8405038287371094,2.488182062583674e-54,True,0.7236397748592872,0.002,0.036819240264646766,0.026671048907393077,0.04641610697241693,0.6978413752759265,True,True,True,True,True
genuine_increment,increment-survives,True,200,4,polynomial_ridge,8,52266217,0.6882412060301509,2.0749400830017196e-29,0.8513264990436825,4.3183558017522254e-57,True,0.7649155722326455,0.002,0.04242952154991936,0.03321300914990679,0.052813471468805655,0.7520058905822261,True,True,True,True,True
genuine_increment,increment-survives,True,200,4,polynomial_ridge,9,52266218,0.7529498237455938,7.826370008189114e-38,0.8905406738234445,2.5945127359809476e-69,True,0.8688555347091933,0.002,0.047840466769849564,0.03900933734791509,0.05774111693430431,0.7996079644315862,True,True,True,True,True
genuine_increment,increment-survives,True,200,4,polynomial_ridge,10,52266219,0.6577229430735769,3.692297932200142e-26,0.8365757335448788,2.224692906514091e-53,True,0.8517823639774861,0.002,0.03883428044458244,0.03110691144919357,0.04737368021565814,0.6879020069942428,True,True,True,True,True
genuine_increment,increment-survives,True,200,4,polynomial_ridge,11,52266220,0.7384354608865222,9.976090858014634e-36,0.8907625761090479,2.1486202601495793e-69,True,0.8476547842401503,0.002,0.04420846518211101,0.03637165023336652,0.05260063020465398,0.7932790041413929,True,True,True,True,True
genuine_increment,increment-survives,True,200,4,polynomial_ridge,12,52266221,0.6619185479636992,1.3899192857919034e-26,0.8487710132508592,2.0256371785119854e-56,True,0.8679174484052533,0.002,0.03359793208262692,0.02613314935026116,0.042369438722097585,0.7198925916056678,True,True,True,True,True
genuine_increment,increment-survives,True,200,4,polynomial_ridge,13,52266222,0.7062896572414312,1.5817907051164044e-31,0.8695707127320842,2.7872512419499323e-62,True,0.8714821763602253,0.002,0.04258491916974229,0.03479255815593049,0.051041648368410866,0.7707800354212485,True,True,True,True,True
genuine_increment,increment-survives,True,200,4,polynomial_ridge,14,52266223,0.7100832520813022,5.412592055077688e-32,0.8927237115393439,3.9865228874872065e-70,True,0.8913696060037525,0.002,0.03964617643459753,0.030707718285575614,0.04732436575418633,0.7966126538271646,True,True,True,True,True
genuine_increment,increment-survives,True,200,4,polynomial_ridge,15,52266224,0.6878106952673818,2.3208004015059413e-29,0.8513077374634873,4.368097196293348e-57,True,0.8461538461538464,0.002,0.041657149274922485,0.033741581526775526,0.0504046295046384,0.7359459032953507,True,True,True,True,True
genuine_increment,increment-survives,True,200,4,polynomial_ridge,16,52266225,0.7282892072301809,2.451662907344122e-34,0.8773720606803567,9.573927386583845e-65,True,0.8574108818011259,0.002,0.039339966570224816,0.03196766141517092,0.04732556203445112,0.7672542885677897,True,True,True,True,True
genuine_increment,increment-survives,True,200,4,polynomial_ridge,17,52266226,0.7435835895897397,1.855500186152207e-36,0.8901678986517667,3.5582548119121076e-69,True,0.8975609756097561,0.002,0.0470861952844986,0.03894320086440797,0.05539908523951641,0.785925153767888,True,True,True,True,True
genuine_increment,increment-survives,True,200,4,polynomial_ridge,18,52266227,0.74982374559364,2.286777647421128e-37,0.8664394506645067,2.4539626073160757e-61,True,0.851594746716698,0.002,0.03735107343968573,0.028223010959613406,0.047635801166773996,0.7689252901124243,True,True,True,True,True
genuine_increment,increment-survives,True,200,4,polynomial_ridge,19,52266228,0.7257991449786246,5.262105625070442e-34,0.8816200370967839,3.6944417237499886e-66,True,0.8472795497185742,0.002,0.042999303291783385,0.035420655980976296,0.05143451122407311,0.7710533423700932,True,True,True,True,True
genuine_increment,increment-survives,True,200,4,polynomial_ridge,20,52266229,0.7252216305407637,6.2743495422137505e-34,0.8609663842086265,9.659578735384395e-60,True,0.778424015009381,0.002,0.037779574796710624,0.030212324282382564,0.045785253344626936,0.7289831647377875,True,True,True,True,True
genuine_increment,increment-survives,True,200,4,polynomial_ridge,21,52266230,0.6858756468911724,3.8299193277972257e-29,0.8503459322410101,7.840824520591543e-57,True,0.6701688555347094,0.002,0.04228523713479001,0.03189478563531081,0.053971283671618055,0.7517603913182328,True,True,True,True,True
genuine_increment,increment-survives,True,200,4,polynomial_ridge,22,52266231,0.7532183304582616,7.132449764668841e-38,0.8908766536023263,1.9497947570960258e-69,True,0.7913696060037524,0.002,0.04615483146099174,0.03686432592380206,0.0545724997096546,0.784546123071436,True,True,True,True,True
genuine_increment,increment-survives,True,200,4,polynomial_ridge,23,52266232,0.6567959198979976,4.572313031125753e-26,0.8283184206626393,1.8507845020356978e-51,True,0.7878048780487806,0.002,0.029182260761403376,0.023182518799392364,0.03637178852298362,0.6651684874041467,True,True,True,True,True
genuine_increment,increment-survives,True,200,4,polynomial_ridge,24,52266233,0.6949433735843396,3.538708962558974e-30,0.8647847276433224,7.576671595813088e-61,True,0.8951219512195124,0.002,0.043480249538223895,0.033554695868056324,0.053860484047692156,0.7506954945248423,True,True,True,True,True
genuine_increment,increment-survives,True,200,4,polynomial_ridge,25,52266234,0.70024000600015,8.446751510319563e-31,0.8627764620463049,2.917847791199825e-60,True,0.853658536585366,0.002,0.040504908438981656,0.03248310348607371,0.05020703300635298,0.7519692367072087,True,True,True,True,True
genuine_increment,increment-survives,True,200,4,polynomial_ridge,26,52266235,0.741252531313283,3.993734859227545e-36,0.874058361711475,1.1162463420670881e-63,True,0.876735459662289,0.002,0.046330798895318145,0.03757857773369302,0.05570568883431935,0.7693980220271007,True,True,True,True,True
genuine_increment,increment-survives,True,200,4,polynomial_ridge,27,52266236,0.7123078076951924,2.862788031899126e-32,0.8720082868006962,4.9280793056135e-63,True,0.6818011257035649,0.002,0.041684383429554335,0.03362000958268606,0.04880418928314066,0.7564926541453248,True,True,True,True,True
genuine_increment,increment-survives,True,200,4,polynomial_ridge,28,52266237,0.7142518562964074,1.6326514157224414e-32,0.8739745611915384,1.1867053562352237e-63,True,0.9052532833020639,0.002,0.04550728888718287,0.03717986087278211,0.0545517561139576,0.7671580334759623,True,True,True,True,True
genuine_increment,increment-survives,True,200,4,polynomial_ridge,29,52266238,0.7248601215030377,7.003253186605372e-34,0.8950125150728855,5.353321895900702e-71,True,0.8727954971857412,0.002,0.04446127090639099,0.03566891531774724,0.05335432059645854,0.7998586870845786,True,True,True,True,True
genuine_increment,increment-survives,True,200,4,polynomial_ridge,30,52266239,0.6554338858471462,6.250992887401294e-26,0.8509301773292856,5.498466899323594e-57,True,0.8596622889305818,0.002,0.043671824100952966,0.03450602725288304,0.05421832089635142,0.7341961352779671,True,True,True,True,True
genuine_increment,increment-survives,True,200,4,polynomial_ridge,31,52266240,0.7283282082052052,2.422346418371345e-34,0.8793694626937836,2.104193113046338e-65,True,0.8863039399624767,0.002,0.0508757981189099,0.04062581986895008,0.06166477767277411,0.796331128866598,True,True,True,True,True
genuine_increment,increment-survives,True,200,4,polynomial_ridge,32,52266241,0.7466061651541289,6.782226668608808e-37,0.8695382489456343,2.851644618879208e-62,True,0.7716697936210132,0.002,0.0455053420944284,0.03730696488842872,0.0553422897861375,0.7553128449917609,True,True,True,True,True
genuine_increment,increment-survives,True,200,4,polynomial_ridge,33,52266242,0.6310762769069228,1.2924982101301917e-23,0.8471679255392632,5.264284749721935e-56,True,0.8626641651031897,0.002,0.04192130969162208,0.033053240193518726,0.050788162671312975,0.713050627531929,True,True,True,True,True
genuine_increment,increment-survives,True,200,4,polynomial_ridge,34,52266243,0.7058201455036377,1.8041595528057767e-31,0.8605982508435142,1.2296917935870816e-59,True,0.8885553470919326,0.002,0.04789932712111019,0.03745103861941006,0.058098250306599354,0.7426490510292046,True,True,True,True,True
genuine_increment,increment-survives,True,200,4,polynomial_ridge,35,52266244,0.6856371409285233,4.0727439775324406e-29,0.8746740583588604,7.109947463121552e-64,True,0.851219512195122,0.002,0.03552147802539835,0.027648315622711257,0.04513390143737554,0.7585349282557413,True,True,True,True,True
genuine_increment,increment-survives,True,200,4,polynomial_ridge,36,52266245,0.6293842346058652,1.8394400372192293e-23,0.8326564921862547,1.86934181856341e-52,True,0.8864915572232647,0.002,0.04030607939388298,0.03154286022389562,0.04975415049990611,0.7030367483606184,True,True,True,True,True
genuine_increment,increment-survives,True,200,4,polynomial_ridge,37,52266246,0.6436885922148055,8.682470203888232e-25,0.854527948029022,5.9758851724356275e-58,True,0.7838649155722328,0.002,0.04229389541148447,0.0337458727629899,0.05139504687076898,0.7356077729209886,True,True,True,True,True
genuine_increment,increment-survives,True,200,4,polynomial_ridge,38,52266247,0.6794554863871598,1.9634920130372522e-28,0.8748943371516353,6.046859582731861e-64,True,0.8335834896810508,0.002,0.04939651300633431,0.04067416711492489,0.05736841783919359,0.7722580813261708,True,True,True,True,True
genuine_increment,increment-survives,True,200,4,polynomial_ridge,39,52266248,0.6281212030300757,2.390402409623417e-23,0.8769364199479496,1.32762865527347e-64,True,0.8786116322701689,0.002,0.048442242637831014,0.04042687957818136,0.05562575634719255,0.7697918646597472,True,True,True,True,True
genuine_increment,increment-survives,True,200,4,polynomial_ridge,40,52266249,0.6458981474536865,5.339449914684911e-25,0.8339958769624528,9.088431059707818e-53,True,0.7924953095684804,0.002,0.041881341513098615,0.03302637583238914,0.05184992986731925,0.7236291685137443,True,True,True,True,True
genuine_increment,increment-survives,True,200,4,polynomial_ridge,41,52266250,0.7092237305932649,6.911708317383332e-32,0.8682062670759123,7.241055963381689e-62,True,0.7816135084427769,0.002,0.04562788779690745,0.03627282725193995,0.05528692292361874,0.7544184553041599,True,True,True,True,True
genuine_increment,increment-survives,True,200,4,polynomial_ridge,42,52266251,0.6910582764569115,9.923822744737428e-30,0.8362285802051895,2.692375566553122e-53,True,0.8787992495309569,0.002,0.038268912176142734,0.031469142728092155,0.04481238647820664,0.6856653488035359,True,True,True,True,True
genuine_increment,increment-survives,True,200,4,polynomial_ridge,43,52266252,0.6831110777769446,7.78186520400113e-29,0.8447080477185318,2.2316272703308932e-55,True,0.802439024390244,0.002,0.03981555366992174,0.03226109007133356,0.048081271987976064,0.7443650090824782,True,True,True,True,True
genuine_increment,increment-survives,True,200,4,polynomial_ridge,44,52266253,0.7157578939473487,1.0532876606563057e-32,0.8781069403804936,5.4997567894799125e-65,True,0.7285178236397749,0.002,0.044742736561217786,0.03633541309408651,0.053808006339354446,0.7617645130913856,True,True,True,True,True
genuine_increment,increment-survives,True,200,4,polynomial_ridge,45,52266254,0.7377604440111004,1.2401288813585416e-35,0.8852843720171767,2.0133491224301777e-67,True,0.878236397748593,0.002,0.04498317407249933,0.03434129919996456,0.05607030665204541,0.7793208455158463,True,True,True,True,True
genuine_increment,increment-survives,True,200,4,polynomial_ridge,46,52266255,0.7415945398634967,3.570743025400111e-36,0.898253869677056,2.8750608361217984e-72,True,0.84859287054409,0.002,0.04955485235033483,0.040017111593741654,0.05997732438315522,0.8089346515985161,True,True,True,True,True
genuine_increment,increment-survives,True,200,4,polynomial_ridge,47,52266256,0.6053881347033677,2.190873710742867e-21,0.8244269332743369,1.3710128175622338e-50,True,0.7240150093808632,0.002,0.039567944137428715,0.030647826133522193,0.04922652699103595,0.6733500422086833,True,True,True,True,True
genuine_increment,increment-survives,True,200,4,polynomial_ridge,48,52266257,0.6262776569414236,3.496403552541243e-23,0.8578102084148652,7.484386699937281e-59,True,0.8669793621013135,0.002,0.04005626240515432,0.031807494059036705,0.04800376531898389,0.7351749883155078,True,True,True,True,True
genuine_increment,increment-survives,True,200,4,polynomial_ridge,49,52266258,0.6345128628215706,6.269562003418963e-24,0.8153583154687962,1.2105615141621194e-48,True,0.8450281425891184,0.002,0.03526981564879965,0.026139673273166415,0.04502305517526646,0.6815792735635405,True,True,True,True,True
genuine_increment,increment-survives,True,200,4,polynomial_ridge,50,52266259,0.6731718292957325,9.34315287598405e-28,0.8676226179810091,1.0857954113224946e-61,True,0.8508442776735461,0.002,0.04169935237360432,0.0322829528000323,0.05125881244570365,0.7523952213586621,True,True,True,True,True
genuine_increment,increment-survives,True,200,4,polynomial_ridge,51,52266260,0.7085127128178205,8.455289300755583e-32,0.8716263407130448,6.480407725988387e-63,True,0.926454033771107,0.002,0.04439502038222948,0.03627247766049109,0.053528934833785055,0.782484141428873,True,True,True,True,True
genuine_increment,increment-survives,True,200,4,polynomial_ridge,52,52266261,0.6797014925373135,1.8457072604123913e-28,0.830070381595016,7.389983843885499e-52,True,0.7491557223264541,0.002,0.04119086318766597,0.032168855179537825,0.051184149981640434,0.7044676870391419,True,True,True,True,True
genuine_increment,increment-survives,True,200,4,polynomial_ridge,53,52266262,0.7172669316732918,6.769853784279227e-33,0.874892948390924,6.0530427496325035e-64,True,0.8930581613508444,0.002,0.04296432369961386,0.03475606990390637,0.05200608360141776,0.7824138897066468,True,True,True,True,True
genuine_increment,increment-survives,True,200,4,polynomial_ridge,54,52266263,0.708188704717618,9.266895318884029e-32,0.8466481460013154,7.158196354515747e-56,True,0.8206378986866792,0.002,0.04606789409857016,0.03422124400305063,0.05952351011882595,0.7285364313415952,True,True,True,True,True
genuine_increment,increment-survives,True,200,4,polynomial_ridge,55,52266264,0.6986169654241358,1.3145670179280729e-30,0.8552425218853638,3.8183534017407256e-58,True,0.7986866791744842,0.002,0.04064691858430733,0.03308010949642231,0.048629717578992634,0.737949478005033,True,True,True,True,True
genuine_increment,increment-survives,True,200,4,polynomial_ridge,56,52266265,0.6413785344633616,1.4373039479351946e-24,0.8510927324860608,4.9801595172328486e-57,True,0.8840525328330208,0.002,0.035912499050009775,0.02827361595995329,0.04273899274193505,0.7347955917702544,True,True,True,True,True
genuine_increment,increment-survives,True,200,4,polynomial_ridge,57,52266266,0.6674326858171455,3.757062004208133e-27,0.8617324477646442,5.8321410354158e-60,True,0.830393996247655,0.002,0.044759911516831,0.035964735081312864,0.05449409890756351,0.7539124897756971,True,True,True,True,True
genuine_increment,increment-survives,True,200,4,polynomial_ridge,58,52266267,0.7508512712817822,1.6103711929237227e-37,0.8726309805984753,3.14753932183335e-63,True,0.9133208255159476,0.002,0.0472862434494406,0.0375024727068116,0.05821912039750192,0.7620058392559991,True,True,True,True,True
genuine_increment,increment-survives,True,200,4,polynomial_ridge,59,52266268,0.7640921023025578,1.4979207361067913e-39,0.8841307577953247,5.0855004775523795e-67,True,0.801125703564728,0.002,0.0422936959413248,0.03477530130050382,0.048947501021900666,0.7828419660781432,True,True,True,True,True
genuine_increment,increment-survives,True,200,4,polynomial_ridge,60,52266269,0.7442421060526514,1.4919647782594648e-36,0.872481870291966,3.5050058297075614e-63,True,0.8632270168855536,0.002,0.04488914129319234,0.03398653854762992,0.05377420055487648,0.7642667804915632,True,True,True,True,True
genuine_increment,increment-survives,True,200,4,polynomial_ridge,61,52266270,0.7338783469586742,4.2793583591759877e-35,0.8626136832063808,3.251769033414058e-60,True,0.7510318949343341,0.002,0.040472293242033636,0.031003845240040264,0.05189465223775816,0.732043700528517,True,True,True,True,True
genuine_increment,increment-survives,True,200,4,polynomial_ridge,62,52266271,0.7337763444086104,4.41962137341046e-35,0.8711997879012124,8.789545856098534e-63,True,0.8322701688555347,0.002,0.04299587914288702,0.03438440459199943,0.05157176583548008,0.741869915900464,True,True,True,True,True
genuine_increment,increment-survives,True,200,4,polynomial_ridge,63,52266272,0.6251826295657391,4.377206496234838e-23,0.8715571457787931,6.809362392851964e-63,True,0.8198874296435272,0.002,0.041982610228883104,0.03407690475765576,0.05082730076631764,0.7474228683237363,True,True,True,True,True
genuine_increment,increment-survives,True,200,4,polynomial_ridge,64,52266273,0.7523033075826897,9.782179611380724e-38,0.881276235467401,4.830097030281923e-66,True,0.8666041275797374,0.002,0.048809120343323055,0.03909359496924041,0.05915732747959971,0.7782581926858982,True,True,True,True,True
genuine_increment,increment-survives,True,200,4,polynomial_ridge,65,52266274,0.6011595289882248,4.880465724077327e-21,0.8376850318749235,1.2055150261399273e-53,True,0.8238273921200752,0.002,0.04000031513299001,0.03152320308010857,0.048393767868468586,0.7341004450287528,True,True,True,True,True
genuine_increment,increment-survives,True,200,4,polynomial_ridge,66,52266275,0.6953318832970825,3.1891066595793876e-30,0.8587353833569108,4.128026768265245e-59,True,0.8093808630393998,0.002,0.04975266720614324,0.04032173128449794,0.06153540210923883,0.7471736610946993,True,True,True,True,True
genuine_increment,increment-survives,True,200,4,polynomial_ridge,67,52266276,0.6550018750468762,6.900490611780169e-26,0.8471017086656486,5.4748162459776655e-56,True,0.7945590994371484,0.002,0.03468334540137339,0.026336371474353835,0.04439679819279993,0.6806757944657811,True,True,True,True,True
genuine_increment,increment-survives,True,200,4,polynomial_ridge,68,52266277,0.6999624990624767,9.112243092291933e-31,0.8536641501222496,1.0236841174599664e-57,True,0.7510318949343341,0.002,0.04057817171778624,0.03269104504689178,0.04915273589677475,0.7371201806041549,True,True,True,True,True
genuine_increment,increment-survives,True,200,4,polynomial_ridge,69,52266278,0.724129603240081,8.740183356033733e-34,0.8731422864066354,2.1743352380450628e-63,True,0.828517823639775,0.002,0.04317827930320927,0.034006126463207935,0.05189258467815674,0.7571518271677715,True,True,True,True,True
genuine_increment,increment-survives,True,200,4,polynomial_ridge,70,52266279,0.6367434185854647,3.90104921618351e-24,0.8208291041680268,8.3601257276077e-50,True,0.9360225140712947,0.002,0.044607721632146116,0.034058570547094,0.05633891304525402,0.7010422114294235,True,True,True,True,True
genuine_increment,increment-survives,True,200,4,polynomial_ridge,71,52266280,0.6780499512487814,2.79271344573614e-28,0.8712128918544573,8.70777433998101e-63,True,0.9228893058161353,0.002,0.046959249920492295,0.03796095952993576,0.05640557654254795,0.7816089136597035,True,True,True,True,True
genuine_increment,increment-survives,True,200,4,polynomial_ridge,72,52266281,0.6175264381609541,2.054833684485143e-22,0.8281833906901815,1.985630498898156e-51,True,0.7913696060037524,0.002,0.0383993360190998,0.030341149551595722,0.04701653870912401,0.7048909466845893,True,True,True,True,True
genuine_increment,increment-survives,True,200,4,polynomial_ridge,73,52266282,0.6266496662416561,3.2388032932817155e-23,0.8396625624772275,3.9975499935384287e-54,True,0.6696060037523454,0.002,0.04371403514126838,0.03451258849269116,0.05306436838018415,0.7427244741228068,True,True,True,True,True
genuine_increment,increment-survives,True,200,4,polynomial_ridge,74,52266283,0.6696692417310434,2.1924727046880604e-27,0.8599083807031788,1.9295367850155007e-59,True,0.8452157598499064,0.002,0.0432801416274072,0.03300319733623823,0.05365255403145075,0.7212111275180707,True,True,True,True,True
genuine_increment,increment-survives,True,200,4,polynomial_ridge,75,52266284,0.6717767944198606,1.3141420593876498e-27,0.8373879949829686,1.4210905976083198e-53,True,0.8799249530956849,0.002,0.03281527599417938,0.025927924177326908,0.04102169302313815,0.7081139411793974,True,True,True,True,True
genuine_increment,increment-survives,True,200,4,polynomial_ridge,76,52266285,0.7267201680042003,3.970977909552237e-34,0.8829263189621969,1.3241507690093304e-66,True,0.9082551594746718,0.002,0.04334345126607043,0.035721221308781546,0.052254250655444326,0.7739048404595067,True,True,True,True,True
genuine_increment,increment-survives,True,200,4,polynomial_ridge,77,52266286,0.6802490062251557,1.6079578663189926e-28,0.8557653690450799,2.7471317311363522e-58,True,0.7804878048780488,0.002,0.03687033956575259,0.028557596366876107,0.04558827543047005,0.7238886466825941,True,True,True,True,True
genuine_increment,increment-survives,True,200,4,polynomial_ridge,78,52266287,0.7197914947873698,3.2107704796737314e-33,0.8476632304989806,3.923703084362113e-56,True,0.8166979362101314,0.002,0.04634937909631823,0.035735705632192236,0.05745866354660209,0.7179916249420704,True,True,True,True,True
genuine_increment,increment-survives,True,200,4,polynomial_ridge,79,52266288,0.6657271431785796,5.647658258035218e-27,0.8642141146142346,1.1138181041795434e-60,True,0.8983114446529082,0.002,0.03983771810136581,0.03193982590713074,0.04914891357014114,0.7510601684371271,True,True,True,True,True
genuine_increment,increment-survives,True,200,4,polynomial_ridge,80,52266289,0.7484302107552689,3.6693649472301177e-37,0.8883056466142792,1.6951484452085212e-68,True,0.8731707317073172,0.002,0.04610110172722805,0.037632937667393444,0.05479258504324249,0.77833885116614,True,True,True,True,True
genuine_increment,increment-survives,True,200,4,polynomial_ridge,81,52266290,0.7342323558088953,3.82576291283654e-35,0.872239467178459,4.173596525075751e-63,True,0.8529080675422139,0.002,0.043712872504318316,0.03524630510431255,0.052843386452666175,0.7568909608829535,True,True,True,True,True
genuine_increment,increment-survives,True,200,4,polynomial_ridge,82,52266291,0.6373734343358585,3.409377514931543e-24,0.8398843366414022,3.528801247667501e-54,True,0.8731707317073172,0.002,0.03699949603681653,0.02692820208879622,0.0466264640577624,0.6888333985108851,True,True,True,True,True
genuine_increment,increment-survives,True,200,4,polynomial_ridge,83,52266292,0.7074116852921324,1.1539120677165095e-31,0.8642479464337759,1.088714778742669e-60,True,0.8172607879924956,0.002,0.044173868765675015,0.035860244301672325,0.05393065927851162,0.7446387685943642,True,True,True,True,True
genuine_increment,increment-survives,True,200,4,polynomial_ridge,84,52266293,0.6723063076576916,1.1547942101532923e-27,0.8572535891530038,1.0684358252501053e-58,True,0.828705440900563,0.002,0.041583101163615,0.03162140115016802,0.05177026896909375,0.7412671388864528,True,True,True,True,True
genuine_increment,increment-survives,True,200,4,polynomial_ridge,85,52266294,0.7240531013275333,8.944975518127578e-34,0.85543385508555,3.385420186653002e-58,True,0.7945590994371484,0.002,0.041935330429525935,0.03305922361173284,0.05228220504926268,0.7212607350493926,True,True,True,True,True
genuine_increment,increment-survives,True,200,4,polynomial_ridge,86,52266295,0.6489042226055651,2.7379451033851677e-25,0.8427053938692974,7.10089193153295e-55,True,0.8388367729831145,0.002,0.03505169675692129,0.0287985587946835,0.04205376316437211,0.742649050454368,True,True,True,True,True
genuine_increment,increment-survives,True,200,4,polynomial_ridge,87,52266296,0.7097412435310883,5.966248600667807e-32,0.8588646555209764,3.797420606953815e-59,True,0.777298311444653,0.002,0.04449252768187921,0.035060431091358986,0.05320347289599837,0.7305228377798616,True,True,True,True,True
genuine_increment,increment-survives,True,200,4,polynomial_ridge,88,52266297,0.5955913897847447,1.3762947333109445e-20,0.8387722826019474,6.582802247228791e-54,True,0.8148217636022514,0.002,0.03942430652757256,0.03127506536033779,0.04788443392606391,0.713697301291989,True,True,True,True,True
genuine_increment,increment-survives,True,200,4,polynomial_ridge,89,52266298,0.6691142278556964,2.50709575945799e-27,0.8409199711662607,1.9659981934270386e-54,True,0.8407129455909944,0.002,0.03462473785160564,0.026558904128127968,0.04484087325974291,0.6915341504063746,True,True,True,True,True
genuine_increment,increment-survives,True,200,4,polynomial_ridge,90,52266299,0.7445811145278632,1.3331893760665864e-36,0.8685906078519119,5.5396099249908735e-62,True,0.7146341463414635,0.002,0.04083645440264297,0.03308762676734705,0.04878952582357152,0.7444584965034838,True,True,True,True,True
genuine_increment,increment-survives,True,200,4,polynomial_ridge,91,52266300,0.7037590939773496,3.204185193554679e-31,0.8674290549816256,1.2414075644944773e-61,True,0.8984990619136962,0.002,0.044874619344994295,0.036663823351114226,0.05421308760998928,0.7463590791580805,True,True,True,True,True
genuine_increment,increment-survives,True,200,4,polynomial_ridge,92,52266301,0.6804485112127804,1.5290441375021272e-28,0.864513073111728,9.104119148423742e-61,True,0.8739212007504692,0.002,0.041832401026795335,0.033483521043193853,0.05058642922497411,0.7475537044593187,True,True,True,True,True
genuine_increment,increment-survives,True,200,4,polynomial_ridge,93,52266302,0.6698597464936623,2.093706693129079e-27,0.8445570001631677,2.4365984100581728e-55,True,0.8363977485928706,0.002,0.04224819201939807,0.03326414716962949,0.052699211576819414,0.7219457174880818,True,True,True,True,True
genuine_increment,increment-survives,True,200,4,polynomial_ridge,94,52266303,0.6702242556063902,1.9167771431835917e-27,0.8342293638210913,8.009486558375098e-53,True,0.7232645403377111,0.002,0.03542080707201106,0.026240910591583278,0.04433668767744745,0.6917691820167361,True,True,True,True,True
genuine_increment,increment-survives,True,200,4,polynomial_ridge,95,52266304,0.7067171679291983,1.402927317168159e-31,0.8850234499626359,2.4849246140414713e-67,True,0.8938086303939963,0.002,0.0509310759635309,0.0403034109444067,0.06202882178264917,0.784714419597011,True,True,True,True,True
genuine_increment,increment-survives,True,200,4,polynomial_ridge,96,52266305,0.6767674191854797,3.844981993930095e-28,0.8590973699558505,3.2668860000260497e-59,True,0.7938086303939964,0.002,0.04251878159714159,0.03592067577113446,0.049992767900871864,0.72881252875185,True,True,True,True,True
genuine_increment,increment-survives,True,200,4,polynomial_ridge,97,52266306,0.7566084152103804,2.1860097515783792e-38,0.8931028131664651,2.867737466594075e-70,True,0.8911819887429644,0.002,0.048773667601972166,0.0402313912423068,0.056973616908094125,0.798073838030632,True,True,True,True,True
genuine_increment,increment-survives,True,200,4,polynomial_ridge,98,52266307,0.702668566714168,4.333441647335278e-31,0.8903150742680921,3.141489961163164e-69,True,0.8969981238273923,0.002,0.0539131917151306,0.04473653590568767,0.062395097940953534,0.8070359818713935,True,True,True,True,True
genuine_increment,increment-survives,True,200,4,polynomial_ridge,99,52266308,0.7721893047326184,7.348776473442768e-41,0.8977977207786189,4.3645367883564466e-72,True,0.9189493433395874,0.002,0.048540888193221284,0.04083571927259299,0.05715989023966364,0.8048417475970023,True,True,True,True,True
genuine_increment,increment-survives,True,400,4,polynomial_ridge,0,54267609,0.6639860874130463,3.40473755840038e-52,0.8563364309574806,5.38139413568646e-116,True,0.8462259728082513,0.002,0.04041645584807657,0.034476414378178236,0.04603660022086685,0.7410777713832233,True,True,True,True,True
genuine_increment,increment-survives,True,400,4,polynomial_ridge,1,54267610,0.7539077119231996,1.286561431801003e-74,0.8775825345133483,8.034883132604998e-129,True,0.8204406938584153,0.002,0.04129652568100196,0.03524414277038059,0.047622787178502116,0.779603311332395,True,True,True,True,True
genuine_increment,increment-survives,True,400,4,polynomial_ridge,2,54267611,0.7143654022837642,1.0957115712346401e-63,0.8699570990260013,5.8506676453069746e-124,True,0.8906000937646508,0.002,0.04340919613141071,0.037609049711489206,0.049444755725741564,0.7600844365608338,True,True,True,True,True
genuine_increment,increment-survives,True,400,4,polynomial_ridge,3,54267612,0.6734809592559952,3.470805215477621e-54,0.8378183621280572,2.128422093343768e-106,True,0.8181200187529303,0.002,0.03548435336521501,0.029445730324340336,0.042363453502676264,0.7307722618993933,True,True,True,True,True
genuine_increment,increment-survives,True,400,4,polynomial_ridge,4,54267613,0.7248534678341739,2.125366989468562e-66,0.8675430713888178,1.7485045022574567e-122,True,0.8584622597280825,0.002,0.039383451895533564,0.03352583865754593,0.04580747498051805,0.7548495812794355,True,True,True,True,True
genuine_increment,increment-survives,True,400,4,polynomial_ridge,5,54267614,0.6792963081019255,1.9205941550972776e-55,0.8505733688494012,7.184651448743433e-113,True,0.8497187060478201,0.002,0.04175240440527074,0.036661894201858114,0.04838907400826612,0.735896394159173,True,True,True,True,True
genuine_increment,increment-survives,True,400,4,polynomial_ridge,6,54267615,0.671728573303583,8.195812808671513e-54,0.8598671501085148,5.5949979838164075e-118,True,0.8277308954524144,0.002,0.037359244009451426,0.031708611028994145,0.04300361259299185,0.7421545289523545,True,True,True,True,True
genuine_increment,increment-survives,True,400,4,polynomial_ridge,7,54267616,0.7246616541353383,2.3887174376678687e-66,0.8667748847649976,5.082754490525859e-122,True,0.7846694796061885,0.002,0.040997104649206965,0.0339737890892472,0.048339701890490014,0.7495527667623002,True,True,True,True,True
genuine_increment,increment-survives,True,400,4,polynomial_ridge,8,54267617,0.6886694916843229,1.5668259776009752e-57,0.8453352116219803,3.8454991641525593e-110,True,0.8554149085794656,0.002,0.04345279749892968,0.03752053510856199,0.04923954710996791,0.7286160758874854,True,True,True,True,True
genuine_increment,increment-survives,True,400,4,polynomial_ridge,9,54267618,0.6869379183619896,3.861763448117761e-57,0.8506452688711756,6.580030791137262e-113,True,0.9122128457571497,0.002,0.040958594810708016,0.035276523281203453,0.04707752082145191,0.7469637776731743,True,True,True,True,True
genuine_increment,increment-survives,True,400,4,polynomial_ridge,10,54267619,0.7067179794873717,8.737588681050403e-62,0.8694403384747168,1.2176567536978745e-123,True,0.8312705110173465,0.002,0.04039789646052558,0.035177110156603256,0.045967466274912674,0.7601541969928178,True,True,True,True,True
genuine_increment,increment-survives,True,400,4,polynomial_ridge,11,54267620,0.6678958618491365,5.258713055469139e-53,0.8502144993940841,1.1134219516243243e-112,True,0.8291608063759963,0.002,0.036317599983718155,0.030693818464205,0.04195339277886512,0.7392612783606106,True,True,True,True,True
genuine_increment,increment-survives,True,400,4,polynomial_ridge,12,54267621,0.682705641910262,3.411040474412279e-56,0.8586197567784742,2.848191487144634e-117,True,0.9047585560243788,0.002,0.0421626887039118,0.035801956803136525,0.04886695305789719,0.7720516989957419,True,True,True,True,True
genuine_increment,increment-survives,True,400,4,polynomial_ridge,13,54267622,0.699748185926162,4.186340815239147e-60,0.8560400548955134,7.851291365252416e-116,True,0.8627051101734646,0.002,0.0396164822860131,0.03305084341846732,0.046686255115908966,0.7521191873464069,True,True,True,True,True
genuine_increment,increment-survives,True,400,4,polynomial_ridge,14,54267623,0.7430048937805861,2.1053581983818104e-71,0.8865674505701724,5.503699368877397e-135,True,0.8532817627754338,0.002,0.04234072645582258,0.03632779474701057,0.047738076374917796,0.7898830478323353,True,True,True,True,True
genuine_increment,increment-survives,True,400,4,polynomial_ridge,15,54267624,0.7326375789848686,1.7049644394150261e-68,0.8839010399985425,4.197753453185711e-133,True,0.8909517112048759,0.002,0.04536245847047225,0.0388051752038584,0.052863197261522936,0.7868979388229681,True,True,True,True,True
genuine_increment,increment-survives,True,400,4,polynomial_ridge,16,54267625,0.6893561209757562,1.093727823922518e-57,0.851985377840718,1.2675079650244721e-113,True,0.8046647913736521,0.002,0.04252795032797728,0.0368374224226134,0.04873556746509034,0.7471244232068184,True,True,True,True,True
genuine_increment,increment-survives,True,400,4,polynomial_ridge,17,54267626,0.715729848311552,4.94085757726012e-64,0.8543357252586158,6.779723820809856e-115,True,0.8736521331458041,0.002,0.04317261977633327,0.03657891234616012,0.049464024388732035,0.7394598504453759,True,True,True,True,True
genuine_increment,increment-survives,True,400,4,polynomial_ridge,18,54267627,0.6585534284589278,4.3563285323910916e-51,0.8311632661300535,3.059216153507088e-103,True,0.869620253164557,0.002,0.0387584874094668,0.03292005242542827,0.04484359825539386,0.7076707582882201,True,True,True,True,True
genuine_increment,increment-survives,True,400,4,polynomial_ridge,19,54267628,0.6983123019518872,9.162179697577898e-60,0.8712835989688699,8.786314349455346e-125,True,0.8668307548054385,0.002,0.044172710563105254,0.0386047288492192,0.05042400392289521,0.7746410227533751,True,True,True,True,True
genuine_increment,increment-survives,True,400,4,polynomial_ridge,20,54267629,0.6425397033731461,5.919552982973986e-48,0.8454438487860355,3.3837522345261195e-110,True,0.7972105016408815,0.002,0.03958754898176965,0.034259421472108205,0.04459830672122532,0.7174695688108448,True,True,True,True,True
genuine_increment,increment-survives,True,400,4,polynomial_ridge,21,54267630,0.6908521928262051,4.980245097780409e-58,0.8717974455155344,4.1916522512944663e-125,True,0.8551570557899673,0.002,0.046930966116295665,0.04117593623579501,0.0526808862669002,0.7602822430006542,True,True,True,True,True
genuine_increment,increment-survives,True,400,4,polynomial_ridge,22,54267631,0.6458445990287439,1.3837253986756513e-48,0.8445940138077095,9.17998386025786e-110,True,0.8208157524613221,0.002,0.03454488035876475,0.028109182555569222,0.04031977756873385,0.7102928294417288,True,True,True,True,True
genuine_increment,increment-survives,True,400,4,polynomial_ridge,23,54267632,0.6996999981249883,4.2981671704640917e-60,0.8660126319475744,1.4558091849929146e-121,True,0.8984294421003283,0.002,0.04255331202779915,0.03669888302601216,0.048635661552180555,0.7596522459553237,True,True,True,True,True
genuine_increment,increment-survives,True,400,4,polynomial_ridge,24,54267633,0.7133768961056005,1.9454554561776548e-63,0.864844065875181,7.215714022562379e-121,True,0.7869901547116738,0.002,0.042351262498096676,0.036526702114078116,0.04827981546812702,0.7515629962100907,True,True,True,True,True
genuine_increment,increment-survives,True,400,4,polynomial_ridge,25,54267634,0.6947060919130744,6.418914437028347e-59,0.8429855414864796,5.972161005776168e-109,True,0.8679793717768403,0.002,0.036521531162809116,0.03061608484138754,0.042349722821223366,0.7208436203253517,True,True,True,True,True
genuine_increment,increment-survives,True,400,4,polynomial_ridge,26,54267635,0.6983565522284513,8.944293489429586e-60,0.8607667263915781,1.7133527378350095e-118,True,0.8752930145335209,0.002,0.043290762988769396,0.03639247874406837,0.050164228084722075,0.7581866866553455,True,True,True,True,True
genuine_increment,increment-survives,True,400,4,polynomial_ridge,27,54267636,0.7179194869967936,1.3628163753722127e-64,0.8721896729669388,2.377405552164386e-125,True,0.7951007969995313,0.002,0.046347314301454806,0.039821841645030394,0.05291313350622035,0.7679256746309501,True,True,True,True,True
genuine_increment,increment-survives,True,400,4,polynomial_ridge,28,54267637,0.6862181013631334,5.608375693206675e-57,0.8534522204176817,2.0505658171931666e-114,True,0.8454289732770747,0.002,0.042144872800211716,0.03635758395719547,0.048871067025833985,0.7426599741401807,True,True,True,True,True
genuine_increment,increment-survives,True,400,4,polynomial_ridge,29,54267638,0.6608853805336282,1.4681127501489773e-51,0.8499068207351012,1.6194909114349373e-112,True,0.815518049695265,0.002,0.04037883644185988,0.03432473242506897,0.0468918900388891,0.7453043280544973,True,True,True,True,True
genuine_increment,increment-survives,True,400,4,polynomial_ridge,30,54267639,0.6827208295051843,3.3847021562319787e-56,0.8644682814645206,1.2035108256251858e-120,True,0.8467416783872481,0.002,0.04393704056534675,0.036766545260236004,0.0519732338534293,0.7771401605053633,True,True,True,True,True
genuine_increment,increment-survives,True,400,4,polynomial_ridge,31,54267640,0.7070609191307445,7.2016182859094005e-62,0.8749134106763521,4.396213134061108e-127,True,0.8767932489451478,0.002,0.04636403201963131,0.04051657997987086,0.05224477134922954,0.7863394679143795,True,True,True,True,True
genuine_increment,increment-survives,True,400,4,polynomial_ridge,32,54267641,0.6489308683179269,3.5032478515211676e-49,0.83019542245998,8.576359299556208e-103,True,0.8092123769338959,0.002,0.038830566253137445,0.0325974478329238,0.04469380661879192,0.7037628776955606,True,True,True,True,True
genuine_increment,increment-survives,True,400,4,polynomial_ridge,33,54267642,0.6671741698385615,7.439517346033733e-53,0.8340611681447866,1.3425319270549002e-104,True,0.8172995780590718,0.002,0.03700078615815341,0.031391383659429735,0.042400686972776325,0.7065641570188129,True,True,True,True,True
genuine_increment,increment-survives,True,400,4,polynomial_ridge,34,54267643,0.6831987699923123,2.6514139743172457e-56,0.8478535668909891,1.931956727150436e-111,True,0.8246601031411159,0.002,0.042461972350540556,0.03573587548025429,0.04876782724356662,0.7241604365713591,True,True,True,True,True
genuine_increment,increment-survives,True,400,4,polynomial_ridge,35,54267644,0.6728245176532353,4.792003487676272e-54,0.8717181143308167,4.700012964504477e-125,True,0.8705344585091421,0.002,0.042306107990964965,0.03664313693015615,0.049203140806506264,0.7713739348647224,True,True,True,True,True
genuine_increment,increment-survives,True,400,4,polynomial_ridge,36,54267645,0.6787054919093244,2.585038875296457e-55,0.8488645796105014,5.726337446302823e-112,True,0.83187998124707,0.002,0.0374828939863914,0.031346167082641714,0.043256353042735694,0.7291776857136163,True,True,True,True,True
genuine_increment,increment-survives,True,400,4,polynomial_ridge,37,54267646,0.7019316370727317,1.260842545149668e-60,0.8798171601706917,2.6196243358218122e-130,True,0.8123769338959212,0.002,0.04330941334150409,0.037144409455745694,0.049687585096411545,0.7727677336403336,True,True,True,True,True
genuine_increment,increment-survives,True,400,4,polynomial_ridge,38,54267647,0.7247188419927624,2.3069822154102237e-66,0.8871987529434938,1.9411879014628184e-135,True,0.8518752930145336,0.002,0.04414196363391101,0.03774442481620631,0.051848324715573914,0.7893241341295016,True,True,True,True,True
genuine_increment,increment-survives,True,400,4,polynomial_ridge,39,54267648,0.7111842574016086,6.891265840758628e-63,0.8734619907176376,3.7287886671279936e-126,True,0.8744022503516176,0.002,0.04454108852305155,0.039403961701193146,0.050196382629580996,0.7838608823698799,True,True,True,True,True
genuine_increment,increment-survives,True,400,4,polynomial_ridge,40,54267649,0.7086351789698685,2.954189767346649e-62,0.8698536721555773,6.776797402700787e-124,True,0.861556493202063,0.002,0.038856179515693604,0.03288573760146286,0.045489388824493646,0.7688734487646491,True,True,True,True,True
genuine_increment,increment-survives,True,400,4,polynomial_ridge,41,54267650,0.7101331258320365,1.2583399100514765e-62,0.8702076108597303,4.096387399209813e-124,True,0.9285513361462729,0.002,0.04459702092906297,0.03843832054275246,0.05074298058615341,0.7715374885949196,True,True,True,True,True
genuine_increment,increment-survives,True,400,4,polynomial_ridge,42,54267651,0.7222209513809461,1.0470031322746469e-65,0.870753959624502,1.8778571511899944e-124,True,0.8496015002344116,0.002,0.04487788898026068,0.03805241149886832,0.05165549671419258,0.7640242643294368,True,True,True,True,True
genuine_increment,increment-survives,True,400,4,polynomial_ridge,43,54267652,0.6324525153282207,4.4846911996759284e-46,0.8419014177498952,2.0851822552333824e-108,True,0.7927566807313644,0.002,0.03757761255185553,0.032036815892471086,0.043874297853582274,0.7255755949545477,True,True,True,True,True
genuine_increment,increment-survives,True,400,4,polynomial_ridge,44,54267653,0.6995453096581852,4.677561891570328e-60,0.8728560043266694,9.033113643978987e-126,True,0.8612751992498828,0.002,0.04374091782261268,0.038061374515909394,0.049742508616343516,0.7730069323357208,True,True,True,True,True
genuine_increment,increment-survives,True,400,4,polynomial_ridge,45,54267654,0.7171475446721542,2.1490349759611885e-64,0.8715096764958774,6.346895172616165e-125,True,0.859845288326301,0.002,0.0425105311675715,0.03620473659262187,0.04755422036042404,0.771577615318719,True,True,True,True,True
genuine_increment,increment-survives,True,400,4,polynomial_ridge,46,54267655,0.686742917143232,4.272996848883855e-57,0.8547623878934768,3.9623288528427133e-115,True,0.889803094233474,0.002,0.04062102525517204,0.03454215869072365,0.047740742674348885,0.7330405480962096,True,True,True,True,True
genuine_increment,increment-survives,True,400,4,polynomial_ridge,47,54267656,0.7070858567866048,7.101006230016914e-62,0.8669434067456502,4.024211729387985e-122,True,0.8849976558837319,0.002,0.04298966435111023,0.036310934573383954,0.04936999924614378,0.7645583441018958,True,True,True,True,True
genuine_increment,increment-survives,True,400,4,polynomial_ridge,48,54267657,0.7442920893255582,8.962395077309989e-72,0.8879081568088137,5.97384536443268e-136,True,0.9023206751054853,0.002,0.04253348677650362,0.03675525273085563,0.04839942350989464,0.7900966167409614,True,True,True,True,True
genuine_increment,increment-survives,True,400,4,polynomial_ridge,49,54267658,0.7104560028500178,1.0461592214900253e-62,0.8660545837960489,1.3741230300820864e-121,True,0.8485935302391,0.002,0.042298697488958745,0.03634046102223502,0.04843577308692674,0.7539927292328877,True,True,True,True,True
genuine_increment,increment-survives,True,400,4,polynomial_ridge,50,54267659,0.7283929274557965,2.418421692769413e-67,0.8652848568133231,3.952042483507656e-121,True,0.8083919362400376,0.002,0.040886938521353736,0.03437012158358837,0.04768334374292776,0.7498922553808686,True,True,True,True,True
genuine_increment,increment-survives,True,400,4,polynomial_ridge,51,54267660,0.706371664822905,1.0618325614965164e-61,0.8677196501481488,1.366877186951497e-122,True,0.8944913267698078,0.002,0.04366946242630111,0.03746337588230627,0.0509711771256549,0.7700663318682623,True,True,True,True,True
genuine_increment,increment-survives,True,400,4,polynomial_ridge,52,54267661,0.6421105131907074,7.139947335725395e-48,0.8420149194970994,1.830146820762379e-108,True,0.8200187529301455,0.002,0.0423060957439545,0.03601549818901811,0.0484763538830046,0.7168356375103876,True,True,True,True,True
genuine_increment,increment-survives,True,400,4,polynomial_ridge,53,54267662,0.6823625147657173,4.0633885178650023e-56,0.8399312987689639,1.974776578471009e-107,True,0.8956399437412097,0.002,0.03287711518501389,0.02755467110687272,0.03857221808595455,0.719954353365904,True,True,True,True,True
genuine_increment,increment-survives,True,400,4,polynomial_ridge,54,54267663,0.7141957137232107,1.2094033438966115e-63,0.8669032741911334,4.254471437781859e-122,True,0.8175339896858885,0.002,0.04486640409714662,0.0393039995807116,0.050501666977693364,0.762756926514472,True,True,True,True,True
genuine_increment,increment-survives,True,400,4,polynomial_ridge,55,54267664,0.6905692535578347,5.7812974572734355e-58,0.8652936065522259,3.9050111311792505e-121,True,0.8635489920300048,0.002,0.047945323932499624,0.04131977569926961,0.055360996381000165,0.7691232293751608,True,True,True,True,True
genuine_increment,increment-survives,True,400,4,polynomial_ridge,56,54267665,0.7362711641947761,1.6905750737706725e-69,0.8849775573205529,7.390249901099581e-134,True,0.8646272855133615,0.002,0.04599610841638396,0.04009166457621289,0.05169552660428115,0.7870740158069978,True,True,True,True,True
genuine_increment,increment-survives,True,400,4,polynomial_ridge,57,54267666,0.6595364971031069,2.757431146970486e-51,0.8395309764155671,3.1066729838534834e-107,True,0.8457337083919363,0.002,0.044026045558461985,0.03799993242211773,0.051160530556661345,0.7246929988915944,True,True,True,True,True
genuine_increment,increment-survives,True,400,4,polynomial_ridge,58,54267667,0.7009429433933961,2.1739141324583432e-60,0.8360602826331391,1.4994542474397222e-105,True,0.8336849507735583,0.002,0.040465564773494694,0.034630749082225395,0.047086599659851375,0.7145780679648825,True,True,True,True,True
genuine_increment,increment-survives,True,400,4,polynomial_ridge,59,54267668,0.6740099000618753,2.6747858366140353e-54,0.8589267876104062,1.9108965374089513e-117,True,0.8616033755274263,0.002,0.04466728489500745,0.0378915368986087,0.05135877532216913,0.7589708763268697,True,True,True,True,True
genuine_increment,increment-survives,True,400,4,polynomial_ridge,60,54267669,0.6910655691598072,4.449918467086422e-58,0.8332739648014548,3.157316936339761e-104,True,0.8317158931082982,0.002,0.03682755861116163,0.031438718446500084,0.04251006330821444,0.7008947432079123,True,True,True,True,True
genuine_increment,increment-survives,True,400,4,polynomial_ridge,61,54267670,0.6760581628635178,9.703544984553632e-55,0.8639604429547283,2.3968218866072715e-120,True,0.7955696202531646,0.002,0.03927803350772192,0.0337787660000249,0.04470683641902079,0.7455870703454124,True,True,True,True,True
genuine_increment,increment-survives,True,400,4,polynomial_ridge,62,54267671,0.695403221270133,4.41571356302786e-59,0.8659283842411185,1.6347152992425396e-121,True,0.8598921706516645,0.002,0.04610872950501823,0.03925424816845321,0.05271431199661912,0.7620652695410361,True,True,True,True,True
genuine_increment,increment-survives,True,400,4,polynomial_ridge,63,54267672,0.775211970074813,2.0665390060615899e-81,0.8834721002083726,8.34663446816755e-133,True,0.8180262541022035,0.002,0.043425884781381055,0.03565845640237604,0.051045882412442754,0.7857589817185527,True,True,True,True,True
genuine_increment,increment-survives,True,400,4,polynomial_ridge,64,54267673,0.7168760429752685,2.521489299661021e-64,0.8667039337692123,5.607337596682139e-122,True,0.8656821378340366,0.002,0.039425214153436666,0.03328671699256871,0.046031313798535665,0.7531003825539104,True,True,True,True,True
genuine_increment,increment-survives,True,400,4,polynomial_ridge,65,54267674,0.7031188944930906,6.535383612363494e-61,0.8764794273419005,4.2481312048733594e-128,True,0.8808016877637131,0.002,0.04336575895469293,0.03826779227196476,0.048945704372076265,0.7739653779360326,True,True,True,True,True
genuine_increment,increment-survives,True,400,4,polynomial_ridge,66,54267675,0.7185001781261132,9.664975467390994e-65,0.869619405792362,9.448771493104952e-124,True,0.8750351617440224,0.002,0.04540464411019535,0.039839632699396284,0.05153284231230141,0.7565983531897124,True,True,True,True,True
genuine_increment,increment-survives,True,400,4,polynomial_ridge,67,54267676,0.7272641704010648,4.854704307162905e-67,0.8684396713325759,4.989735167438991e-123,True,0.8916783872480075,0.002,0.044822111103985596,0.037798321214156556,0.05151901667535516,0.7543760495277105,True,True,True,True,True
genuine_increment,increment-survives,True,400,4,polynomial_ridge,68,54267677,0.6900195001218756,7.720931779271889e-58,0.8512372352330871,3.185203253932632e-113,True,0.776488513830286,0.002,0.03969031919885738,0.032284366855294726,0.046834464396801605,0.7296848627895306,True,True,True,True,True
genuine_increment,increment-survives,True,400,4,polynomial_ridge,69,54267678,0.7266630416440102,7.026057961058966e-67,0.8679871415218193,9.406775542323116e-123,True,0.8537505860290671,0.002,0.041415176345945603,0.03539420036401618,0.04852410230047168,0.7736843363708015,True,True,True,True,True
genuine_increment,increment-survives,True,400,4,polynomial_ridge,70,54267679,0.6728320177001106,4.774398116526896e-54,0.8556845132446609,1.2338182560856774e-115,True,0.8452414439756213,0.002,0.04126281355413898,0.03584478938243855,0.04705637535874276,0.7422878267674635,True,True,True,True,True
genuine_increment,increment-survives,True,400,4,polynomial_ridge,71,54267680,0.6800300001875011,1.3267156306619884e-55,0.874155786334854,1.3464079888159789e-126,True,0.8509610876699485,0.002,0.037596456284301125,0.03231103450612054,0.043232336285391526,0.7746898819229862,True,True,True,True,True
genuine_increment,increment-survives,True,400,4,polynomial_ridge,72,54267681,0.7001312508203176,3.394237996907319e-60,0.872694876661756,1.1420374559973002e-125,True,0.8971167369901548,0.002,0.04528844239608437,0.038489597095420144,0.052489568060883326,0.764099510113516,True,True,True,True,True
genuine_increment,increment-survives,True,400,4,polynomial_ridge,73,54267682,0.7039763373521083,4.057672142866957e-61,0.8629163408297553,9.794216748705754e-120,True,0.8707454289732771,0.002,0.042018933658891214,0.035197693702451384,0.0484262413931335,0.7553548728028832,True,True,True,True,True
genuine_increment,increment-survives,True,400,4,polynomial_ridge,74,54267683,0.7264378527365795,8.067605280309603e-67,0.8721774179097432,2.4199735202084805e-125,True,0.8953820909517113,0.002,0.046999683759624475,0.0410256182295346,0.05382171564781446,0.7623479884544536,True,True,True,True,True
genuine_increment,increment-survives,True,400,4,polynomial_ridge,75,54267684,0.7291457446609041,1.5165108163871297e-67,0.8786506728978689,1.5775753691352775e-129,True,0.9086263478668543,0.002,0.04522160394598265,0.03948214673710424,0.0510268069230627,0.7838101088101919,True,True,True,True,True
genuine_increment,increment-survives,True,400,4,polynomial_ridge,76,54267685,0.7429750810942567,2.1472871461246705e-71,0.8843157079830308,2.154424707004679e-133,True,0.9150257852789501,0.002,0.0458597172099838,0.03995393393107712,0.05139073657577012,0.7848438950142441,True,True,True,True,True
genuine_increment,increment-survives,True,400,4,polynomial_ridge,77,54267686,0.688643991524947,1.587852237787879e-57,0.836703648063244,7.3591129598261365e-106,True,0.7972339428035631,0.002,0.03725611683481561,0.032073705358737103,0.04266952436737362,0.6951653152062987,True,True,True,True,True
genuine_increment,increment-survives,True,400,4,polynomial_ridge,78,54267687,0.7074481090506815,5.787465494911072e-62,0.8612411278247651,9.148579278443967e-119,True,0.8694327238631037,0.002,0.042317579971509936,0.035870766899834955,0.049549656161165884,0.7680632361024557,True,True,True,True,True
genuine_increment,increment-survives,True,400,4,polynomial_ridge,79,54267688,0.6958190988693679,3.5307061356569774e-59,0.8671680892913156,2.9461053136849225e-122,True,0.8630801687763714,0.002,0.04235849351652851,0.035373619212112566,0.048694009397508176,0.7653003095110414,True,True,True,True,True
genuine_increment,increment-survives,True,400,4,polynomial_ridge,80,54267689,0.736875105469409,1.1470916772735709e-69,0.8828853140911879,2.1279039997531558e-132,True,0.885489920300047,0.002,0.040147101953435696,0.03491777076820016,0.04643517123199736,0.7854215013333953,True,True,True,True,True
genuine_increment,increment-survives,True,400,4,polynomial_ridge,81,54267690,0.6828597678735491,3.1529311485315882e-56,0.8680127071967374,9.07635189944136e-123,True,0.8793717768401312,0.002,0.04474057602107012,0.03858445917679951,0.05151936409678818,0.767521028682873,True,True,True,True,True
genuine_increment,increment-survives,True,400,4,polynomial_ridge,82,54267691,0.7272587328670804,4.8709868731502684e-67,0.8726910738867573,1.1483711283492523e-125,True,0.856446319737459,0.002,0.04238985177160205,0.03643177672795054,0.04804026294289821,0.7578317825117209,True,True,True,True,True
genuine_increment,increment-survives,True,400,4,polynomial_ridge,83,54267692,0.6543715898224364,2.990337591408722e-50,0.8464337088828501,1.0500919807180992e-110,True,0.8603609939052977,0.002,0.040430749516545815,0.03337913736906483,0.04794397083742993,0.7321166498011545,True,True,True,True,True
genuine_increment,increment-survives,True,400,4,polynomial_ridge,84,54267693,0.6727911424446403,4.871131553155375e-54,0.8508498949214116,5.122295398128478e-113,True,0.7836380684481951,0.002,0.04158361685158589,0.03421922872157915,0.04962611527080429,0.7398170026544619,True,True,True,True,True
genuine_increment,increment-survives,True,400,4,polynomial_ridge,85,54267694,0.710139875874224,1.2534945241680774e-62,0.8635432973907825,4.211989816825779e-120,True,0.8639474917955932,0.002,0.04319385654321667,0.036491330609514844,0.050166840828329784,0.7698102958134606,True,True,True,True,True
genuine_increment,increment-survives,True,400,4,polynomial_ridge,86,54267695,0.6961714135713348,2.9203757416330774e-59,0.8789718564261557,9.640420663803389e-130,True,0.8514064697609002,0.002,0.0441015513787221,0.03892860823897542,0.04973360001146926,0.7891558856091346,True,True,True,True,True
genuine_increment,increment-survives,True,400,4,polynomial_ridge,87,54267696,0.671738323364521,8.15685789827743e-54,0.8542081646505608,7.958041655397472e-115,True,0.8496249413970932,0.002,0.04536924162580872,0.03847279094180972,0.05179912396086142,0.7576072930254779,True,True,True,True,True
genuine_increment,increment-survives,True,400,4,polynomial_ridge,88,54267697,0.6783764273526709,3.049312586409605e-55,0.8635678920406614,4.074492548970013e-120,True,0.8738865447726207,0.002,0.03979619312556332,0.03470643805736054,0.04538622326595626,0.7629852478715061,True,True,True,True,True
genuine_increment,increment-survives,True,400,4,polynomial_ridge,89,54267698,0.7139017118856993,1.4347692419047683e-63,0.8730505547367171,6.802741076170342e-126,True,0.8198781059540554,0.002,0.040882945847439844,0.035180067949378044,0.0475400123681031,0.7718442990442759,True,True,True,True,True
genuine_increment,increment-survives,True,400,4,polynomial_ridge,90,54267699,0.7160570378564866,4.0790120588164335e-64,0.8666440651114662,6.091611416721251e-122,True,0.9082044069385843,0.002,0.047067773865888604,0.04091187093048128,0.05308039316968234,0.7715037441903906,True,True,True,True,True
genuine_increment,increment-survives,True,400,4,polynomial_ridge,91,54267700,0.623403333770836,1.903456733338131e-44,0.8252488717362253,1.5065390000180513e-100,True,0.7378574777308955,0.002,0.034512746483889425,0.029562396480649126,0.03936546858978672,0.6877444561140443,True,True,True,True,True
genuine_increment,increment-survives,True,400,4,polynomial_ridge,92,54267701,0.7127110794442464,2.8599649219660033e-63,0.8542225273759798,7.815801959193544e-115,True,0.8732067510548523,0.002,0.042659233048596756,0.035618070052058456,0.04832348611651014,0.739618511753273,True,True,True,True,True
genuine_increment,increment-survives,True,400,4,polynomial_ridge,93,54267702,0.7164320402002511,3.273389248238585e-64,0.8599338792639967,5.1262398742167955e-118,True,0.8600328176277544,0.002,0.04359432726703495,0.03680637032963867,0.04952428549720776,0.7577935661488754,True,True,True,True,True
genuine_increment,increment-survives,True,400,4,polynomial_ridge,94,54267703,0.7193015581347383,6.0065828676330984e-65,0.8755454090798773,1.7185219660362895e-127,True,0.8671354899203001,0.002,0.04461190188327028,0.0375784143285253,0.050995452902300134,0.7757004404836029,True,True,True,True,True
genuine_increment,increment-survives,True,400,4,polynomial_ridge,95,54267704,0.6933945212157575,1.2937633210756915e-58,0.861918648966244,3.7190454167943905e-119,True,0.8872011251758088,0.002,0.036312319080285274,0.03154498955684242,0.0417659956618494,0.7582430827468682,True,True,True,True,True
genuine_increment,increment-survives,True,400,4,polynomial_ridge,96,54267705,0.7369741060881629,1.0763238905283371e-69,0.8798699260941809,2.4142124305728756e-130,True,0.8964838255977498,0.002,0.04822776841817127,0.042104775373276455,0.054449058316064586,0.7810618378641792,True,True,True,True,True
genuine_increment,increment-survives,True,400,4,polynomial_ridge,97,54267706,0.6839007743798399,1.8507656626998837e-56,0.8543009354276169,7.082704862421609e-115,True,0.8338959212376935,0.002,0.03691405704981484,0.031303535010588676,0.04286216933401352,0.7313310160815973,True,True,True,True,True
genuine_increment,increment-survives,True,400,4,polynomial_ridge,98,54267707,0.6910680066750418,4.444196076775812e-58,0.872446233228714,1.6389535266560935e-125,True,0.8206282231598687,0.002,0.0416347778296598,0.03493773527194441,0.04870605928160191,0.7745510898112492,True,True,True,True,True
genuine_increment,increment-survives,True,400,4,polynomial_ridge,99,54267708,0.6483263645397782,4.590579712386226e-49,0.8539300598558724,1.1279865868781873e-114,True,0.8432489451476793,0.002,0.039526481890260756,0.03382073416889544,0.045137757960029376,0.7356012534048542,True,True,True,True,True
genuine_increment,increment-survives,True,800,4,polynomial_ridge,0,58270409,0.6868099403280318,1.0968177188361959e-112,0.859598893588651,1.2803419986115746e-234,True,0.8404634946677604,0.002,0.044685251785833394,0.03988094879338866,0.049469041819980894,0.7527176794799458,True,True,True,True,True
genuine_increment,increment-survives,True,800,4,polynomial_ridge,1,58270410,0.731094087647012,1.2213676091601353e-134,0.8754521422917251,6.806324490119998e-254,True,0.8772940349232391,0.002,0.04419958304274498,0.04021878285686488,0.047978245426742554,0.777850865992488,True,True,True,True,True
genuine_increment,increment-survives,True,800,4,polynomial_ridge,2,58270411,0.7126736135525211,5.31354643438282e-125,0.8660552346827243,3.6030382622566047e-242,True,0.8536769014414626,0.002,0.04366342109455584,0.0394152018386838,0.047894069925117536,0.7700677843659542,True,True,True,True,True
genuine_increment,increment-survives,True,800,4,polynomial_ridge,3,58270412,0.7050358594310305,3.1742155645828223e-121,0.8631368812421951,1.0410951120131388e-238,True,0.8827493261455526,0.002,0.03986338871259763,0.035058183032277944,0.04430633191429305,0.7566913544245617,True,True,True,True,True
genuine_increment,increment-survives,True,800,4,polynomial_ridge,4,58270413,0.7138859904468602,1.3018255542536608e-125,0.8655033383971489,1.649593169635153e-241,True,0.8629848822219619,0.002,0.04225656593029867,0.037861035472423366,0.04625463258073439,0.7686265019367137,True,True,True,True,True
genuine_increment,increment-survives,True,800,4,polynomial_ridge,5,58270414,0.7344477647621325,1.760121709765618e-136,0.8815620683910419,4.868525334852649e-262,True,0.8685895933434901,0.002,0.04170483931284539,0.037256319235049504,0.04636256166268195,0.7808293405535206,True,True,True,True,True
genuine_increment,increment-survives,True,800,4,polynomial_ridge,6,58270415,0.7013038535997713,2.008759081452476e-119,0.8514851182811422,1.1962891070508433e-225,True,0.866160787530763,0.002,0.037619786121986715,0.03370080605275305,0.04195568459888827,0.7283797654013656,True,True,True,True,True
genuine_increment,increment-survives,True,800,4,polynomial_ridge,7,58270416,0.7196230072234489,1.5144888101349822e-128,0.8589955406549797,6.217307654697746e-234,True,0.7964080628149537,0.002,0.03850858767794062,0.03358811780027515,0.04296589083475997,0.7470693802492913,True,True,True,True,True
genuine_increment,increment-survives,True,800,4,polynomial_ridge,8,58270417,0.7017151589299359,1.2758100774693363e-119,0.86592429389969,5.172401225453877e-242,True,0.8588216336575648,0.002,0.04391969033658766,0.03888239113350587,0.04883811231012453,0.7617269797300084,True,True,True,True,True
genuine_increment,increment-survives,True,800,4,polynomial_ridge,9,58270418,0.6798964529632078,1.3072462428889895e-109,0.8541968897827354,1.3819304620465482e-228,True,0.8325002929801946,0.002,0.042284509949787316,0.03740720182645912,0.04649710572924577,0.7451681765462109,True,True,True,True,True
genuine_increment,increment-survives,True,800,4,polynomial_ridge,10,58270419,0.6623086207947202,3.736551324801434e-102,0.8538713350119475,3.135164973024838e-228,True,0.879465018164772,0.002,0.038926620127467386,0.035643577088161536,0.042460851924380365,0.7379291221434339,True,True,True,True,True
genuine_increment,increment-survives,True,800,4,polynomial_ridge,11,58270420,0.7014293616083777,1.7490685365749595e-119,0.8752081442815934,1.410045849652781e-253,True,0.861139106996367,0.002,0.04845226912312144,0.043395446505922454,0.053384272640873344,0.7844610805518167,True,True,True,True,True
genuine_increment,increment-survives,True,800,4,polynomial_ridge,12,58270421,0.7167792605925948,4.404225485393032e-127,0.8623638027655497,8.334432110024941e-238,True,0.8434431032462206,0.002,0.042431901446219514,0.03817333824731951,0.04701444099688437,0.7532203568293637,True,True,True,True,True
genuine_increment,increment-survives,True,800,4,polynomial_ridge,13,58270422,0.7209298842654442,3.1734840794235435e-129,0.8701646265023374,3.487688947841485e-247,True,0.8648101488339389,0.002,0.041704682851198355,0.03754848221461507,0.04593077554560383,0.761379181449521,True,True,True,True,True
genuine_increment,increment-survives,True,800,4,polynomial_ridge,14,58270423,0.6854006646885387,4.722490766640517e-112,0.8580642883712214,7.024220000386445e-233,True,0.8739189030821516,0.002,0.042294329875085614,0.037755496556351104,0.0468994581476836,0.7577184222696248,True,True,True,True,True
genuine_increment,increment-survives,True,800,4,polynomial_ridge,15,58270424,0.6995339680218252,1.40409387271491e-118,0.8620866794614366,1.751339510307109e-237,True,0.8876626040079689,0.002,0.04048905248547402,0.03648906716261733,0.04470899879172916,0.7523256707983085,True,True,True,True,True
genuine_increment,increment-survives,True,800,4,polynomial_ridge,16,58270425,0.723976389025608,8.019140047895958e-131,0.8765281105302867,2.691706997905254e-255,True,0.9140484003281378,0.002,0.04063699176041056,0.03594286797504245,0.04520708838596398,0.7868755530804598,True,True,True,True,True
genuine_increment,increment-survives,True,800,4,polynomial_ridge,17,58270426,0.6579572311831738,2.1864399325587933e-100,0.8480295087342593,5.457792818074886e-222,True,0.8581712176256885,0.002,0.038430494673794224,0.034405200402549956,0.042488467318485136,0.7267089636300317,True,True,True,True,True
genuine_increment,increment-survives,True,800,4,polynomial_ridge,18,58270427,0.7139314123928319,1.2348263641411997e-125,0.8615206141944283,7.942045541196702e-237,True,0.7989423414977147,0.002,0.04190148844392315,0.03733355510920329,0.04623409848521828,0.7527815786714971,True,True,True,True,True
genuine_increment,increment-survives,True,800,4,polynomial_ridge,19,58270428,0.6954041568814952,1.2412994761522432e-116,0.8556529421944092,3.45619027304669e-230,True,0.8264473221610219,0.002,0.04146100939710498,0.03728638968053151,0.04621727035049924,0.7436250852305334,True,True,True,True,True
genuine_increment,increment-survives,True,800,4,polynomial_ridge,20,58270429,0.6564726273009802,8.62921080901371e-100,0.8546717697665444,4.1683864803545806e-229,True,0.8481073479432791,0.002,0.03816689779185014,0.0342346638920664,0.04245358653558124,0.7479861420684415,True,True,True,True,True
genuine_increment,increment-survives,True,800,4,polynomial_ridge,21,58270430,0.6982490988267169,5.709011385085346e-118,0.8696584097834861,1.4770531359294127e-246,True,0.8748828079221843,0.002,0.04147782962812158,0.03734645984760898,0.04582584588961486,0.7633357801561798,True,True,True,True,True
genuine_increment,increment-survives,True,800,4,polynomial_ridge,22,58270431,0.712231980049969,8.85326321689563e-125,0.8650361685045581,5.947901167501126e-241,True,0.8449197234266963,0.002,0.042562665238459446,0.038494725484748034,0.04668539715695388,0.7618464063176561,True,True,True,True,True
genuine_increment,increment-survives,True,800,4,polynomial_ridge,23,58270432,0.6881444736632402,2.7313715496565797e-113,0.8585698637751781,1.887401872526235e-233,True,0.8857904605648658,0.002,0.0421148950477396,0.03783725016379891,0.04649537320800804,0.7487093149714107,True,True,True,True,True
genuine_increment,increment-survives,True,800,4,polynomial_ridge,24,58270433,0.7048641091626706,3.8472912603268165e-121,0.8713599138747175,1.126839970039269e-248,True,0.8711385210359779,0.002,0.0419584918527838,0.03717445240728104,0.046631293705754265,0.7787759518360524,True,True,True,True,True
genuine_increment,increment-survives,True,800,4,polynomial_ridge,25,58270434,0.720398977185902,5.994216130689019e-129,0.8794123485236627,4.0151413782959425e-259,True,0.8650591819992968,0.002,0.043443664891819014,0.03880028753076164,0.048112037966392476,0.7752225141073463,True,True,True,True,True
genuine_increment,increment-survives,True,800,4,polynomial_ridge,26,58270435,0.7099878827935668,1.16756404285045e-123,0.8660247553868856,3.919532577359186e-242,True,0.8483768897222548,0.002,0.04208617606203535,0.03803425868611941,0.04538743070553986,0.762275796906716,True,True,True,True,True
genuine_increment,increment-survives,True,800,4,polynomial_ridge,27,58270436,0.6907883684193258,1.700392792829576e-114,0.8612544603926527,1.6129827520785943e-236,True,0.8656451423883745,0.002,0.04181219710285889,0.037891478310761985,0.04648870404491598,0.758236525690809,True,True,True,True,True
genuine_increment,increment-survives,True,800,4,polynomial_ridge,28,58270437,0.703308489544515,2.1821149750836872e-120,0.8715298883064033,6.897151274610329e-249,True,0.8636704558771826,0.002,0.04295906081138877,0.03858676728360484,0.04668364362150168,0.7713791830887091,True,True,True,True,True
genuine_increment,increment-survives,True,800,4,polynomial_ridge,29,58270438,0.7091767799637186,2.9479641826576904e-123,0.85303518846661,2.547243220329296e-227,True,0.8771651236376421,0.002,0.04038394903389053,0.035914030030811846,0.04555194571363925,0.7410969863483107,True,True,True,True,True
genuine_increment,increment-survives,True,800,4,polynomial_ridge,30,58270439,0.6750558985248415,1.660212950701149e-107,0.8558330528796676,2.1838524907035966e-230,True,0.8229462088362827,0.002,0.041397456883476125,0.036607038644524005,0.04662894299173359,0.7461293180473267,True,True,True,True,True
genuine_increment,increment-survives,True,800,4,polynomial_ridge,31,58270440,0.6917470574172774,6.167189324124041e-115,0.8639994034431552,1.0070010588449869e-239,True,0.815355091995781,0.002,0.043291825089040975,0.03865064592905851,0.047623638236830516,0.7551629118000027,True,True,True,True,True
genuine_increment,increment-survives,True,800,4,polynomial_ridge,32,58270441,0.6825155039304749,9.141697450983793e-111,0.8514828643329752,1.2029654188772048e-225,True,0.8760430094925583,0.002,0.038932527850152374,0.03453877517282893,0.04387812538048458,0.7441624423147918,True,True,True,True,True
genuine_increment,increment-survives,True,800,4,polynomial_ridge,33,58270442,0.7115761509002358,1.8861837499788202e-124,0.8703210669760234,2.2298755064303234e-247,True,0.8880610570725419,0.002,0.04617351884918213,0.04181611537637389,0.05038158852151621,0.7657734989486048,True,True,True,True,True
genuine_increment,increment-survives,True,800,4,polynomial_ridge,34,58270443,0.7121465267914482,9.771384185829322e-125,0.864045215594434,8.89104418517972e-240,True,0.8617778038204618,0.002,0.04041174693928387,0.03640675987787355,0.04476278441314228,0.7476862993533016,True,True,True,True,True
genuine_increment,increment-survives,True,800,4,polynomial_ridge,35,58270444,0.7306393525614884,2.1596075036946183e-134,0.8692042067199257,5.365518998534529e-246,True,0.864690026954178,0.002,0.039366840752984286,0.035543712878913794,0.043771254358217535,0.762720503515498,True,True,True,True,True
genuine_increment,increment-survives,True,800,4,polynomial_ridge,36,58270445,0.6842603816568466,1.52951415883561e-111,0.8782054690396792,1.6467071034704584e-257,True,0.8863324739247626,0.002,0.04452887702603546,0.04028364979600683,0.04971617935240991,0.78206594819871,True,True,True,True,True
genuine_increment,increment-survives,True,800,4,polynomial_ridge,37,58270446,0.7151665705727666,2.9233850841311362e-126,0.870190637932308,3.2378448705691325e-247,True,0.8716395171686393,0.002,0.041678778697246996,0.03774665438375386,0.04592732459816305,0.7721738469880544,True,True,True,True,True
genuine_increment,increment-survives,True,800,4,polynomial_ridge,38,58270447,0.7075865665415103,1.795242507030641e-122,0.8683304209522938,6.330772891168107e-245,True,0.8523379819524202,0.002,0.043298360120751445,0.03901020308346031,0.047646300003303374,0.7640576442036286,True,True,True,True,True
genuine_increment,increment-survives,True,800,4,polynomial_ridge,39,58270448,0.7150413203770631,3.384454351289565e-126,0.8687191440101127,2.116286281089135e-245,True,0.8466043595452948,0.002,0.044200801780741115,0.03967121849563383,0.048573087836397626,0.7714723352493452,True,True,True,True,True
genuine_increment,increment-survives,True,800,4,polynomial_ridge,40,58270449,0.6952604144693977,1.44886838282286e-116,0.8669215014494761,3.263205432519345e-243,True,0.8432233681003164,0.002,0.03987351714475277,0.03582125467127098,0.04396102656142556,0.7589798028986313,True,True,True,True,True
genuine_increment,increment-survives,True,800,4,polynomial_ridge,41,58270450,0.6708811810643455,1.0057991987886361e-105,0.8507055538482398,8.154714506168607e-225,True,0.8564045470526193,0.002,0.040693819847066534,0.035984271426128055,0.045454163584768704,0.748034047085883,True,True,True,True,True
genuine_increment,increment-survives,True,800,4,polynomial_ridge,42,58270451,0.6870046593822804,8.958706745885281e-113,0.8640414975923464,8.981363519726701e-240,True,0.8796202976678776,0.002,0.039392334092266494,0.03574700418669342,0.04364091218856021,0.7532458747357808,True,True,True,True,True
genuine_increment,increment-survives,True,800,4,polynomial_ridge,43,58270452,0.7319056592275927,4.403697121504628e-135,0.8746720212469395,6.949219116380379e-253,True,0.8502168053439587,0.002,0.043585826227393265,0.03897366762759544,0.048669105717775295,0.7809837831757879,True,True,True,True,True
genuine_increment,increment-survives,True,800,4,polynomial_ridge,44,58270453,0.683589974359335,3.0446008328276187e-111,0.8559691258831691,1.5431797291802132e-230,True,0.883408531583265,0.002,0.04057771261811177,0.03635803280745805,0.04459828737977884,0.7487321233878652,True,True,True,True,True
genuine_increment,increment-survives,True,800,4,polynomial_ridge,45,58270454,0.6643829130983018,5.242365627047306e-103,0.846979206226164,6.778786814852531e-221,True,0.8163219266377594,0.002,0.0415415743335054,0.03771047723416054,0.04564208886606179,0.7195367008428597,True,True,True,True,True
genuine_increment,increment-survives,True,800,4,polynomial_ridge,46,58270455,0.6734492788269981,8.120133467284133e-107,0.8597692671907142,8.183816626311881e-235,True,0.8450662135239657,0.002,0.039749823313692416,0.03549206138215323,0.044034894514830704,0.7508204071945354,True,True,True,True,True
genuine_increment,increment-survives,True,800,4,polynomial_ridge,47,58270456,0.6777739027717231,1.1062299663863078e-108,0.8445974354388784,1.9146081914051507e-218,True,0.8386294386499473,0.002,0.03584774573017241,0.0316756629513756,0.04001747868846874,0.730310947227548,True,True,True,True,True
genuine_increment,increment-survives,True,800,4,polynomial_ridge,48,58270457,0.6949484608569702,2.0259465394729223e-116,0.8766824362900132,1.689411733007438e-255,True,0.8950017578811672,0.002,0.043017901631986835,0.03901163305116114,0.047319782098269425,0.7751270043029331,True,True,True,True,True
genuine_increment,increment-survives,True,800,4,polynomial_ridge,49,58270458,0.7136023728162076,1.8102281540002734e-125,0.8736096873972827,1.603850425790601e-251,True,0.8881460213289581,0.002,0.040959053412091044,0.036458640807641995,0.04605601422715647,0.7764627562788244,True,True,True,True,True
genuine_increment,increment-survives,True,800,4,polynomial_ridge,50,58270459,0.7008481575752464,3.318571577367541e-119,0.859077654086664,5.0163911386195146e-234,True,0.7954734559943748,0.002,0.04283306664007153,0.03778878330841334,0.04805078898288207,0.7474901180852452,True,True,True,True,True
genuine_increment,increment-survives,True,800,4,polynomial_ridge,51,58270460,0.6715583149348671,5.192807139566883e-106,0.8482303392825042,3.36403846969649e-222,True,0.8059562873549748,0.002,0.041173757630230505,0.036823553387806934,0.04572490104246609,0.7387194569265748,True,True,True,True,True
genuine_increment,increment-survives,True,800,4,polynomial_ridge,52,58270461,0.7013436270994174,1.92255559732144e-119,0.8593681983010765,2.3447985350179292e-234,True,0.8816711590296497,0.002,0.038539227280204896,0.03456734342230419,0.04263572317418665,0.7445513721960942,True,True,True,True,True
genuine_increment,increment-survives,True,800,4,polynomial_ridge,53,58270462,0.6886764823070037,1.5659679421677798e-113,0.8638984557793169,1.3247074649845753e-239,True,0.8380493378647603,0.002,0.04266984048508485,0.03819290444732008,0.04759161583715755,0.7627336393323919,True,True,True,True,True
genuine_increment,increment-survives,True,800,4,polynomial_ridge,54,58270463,0.7183626536916464,6.779125447695904e-128,0.8659130790305598,5.334986019412495e-242,True,0.8269776163131374,0.002,0.0411772172902793,0.03636322943830274,0.045185844704122624,0.7688865933241803,True,True,True,True,True
genuine_increment,increment-survives,True,800,4,polynomial_ridge,55,58270464,0.6803917115495495,7.921603419301094e-110,0.8533225435248442,1.2417629503966017e-227,True,0.8645552560646901,0.002,0.04268100553241262,0.03804252559464308,0.04875588963442362,0.746288493242995,True,True,True,True,True
genuine_increment,increment-survives,True,800,4,polynomial_ridge,56,58270465,0.7073575114961118,2.32649232112347e-122,0.8624579778181166,6.473244897500721e-238,True,0.8488310090237899,0.002,0.0400982309246427,0.036108341741603676,0.04402678517154774,0.7532470790395868,True,True,True,True,True
genuine_increment,increment-survives,True,800,4,polynomial_ridge,57,58270466,0.702245339445843,7.09848202399639e-120,0.8626227885502286,4.1576804040402796e-238,True,0.8294122817297551,0.002,0.04151001400318033,0.03700269806822444,0.04599755823450318,0.7552421935973326,True,True,True,True,True
genuine_increment,increment-survives,True,800,4,polynomial_ridge,58,58270467,0.7231430439735063,2.2040226889529843e-130,0.8759976895643516,1.32814192879699e-254,True,0.9171452009844135,0.002,0.046874381295123266,0.042199536789439794,0.051307533415451155,0.7818046695913746,True,True,True,True,True
genuine_increment,increment-survives,True,800,4,polynomial_ridge,59,58270468,0.6643686396384995,5.313980387917407e-103,0.8478070772443907,9.320131498897607e-222,True,0.8470086722137583,0.002,0.03788944109129278,0.033613024915823395,0.04263017694436478,0.7350377185542352,True,True,True,True,True
genuine_increment,increment-survives,True,800,4,polynomial_ridge,60,58270469,0.714697538589904,5.0569192036448745e-126,0.8656864766109843,9.964535621046041e-242,True,0.8350257822571193,0.002,0.0422647353466567,0.03810290513683222,0.04638419292436665,0.7629251281749078,True,True,True,True,True
genuine_increment,increment-survives,True,800,4,polynomial_ridge,61,58270470,0.7416172603394693,1.634748846575191e-140,0.8942997070534698,1.4358911072626465e-280,True,0.871440290636353,0.002,0.0453875179791281,0.0412008686619567,0.05038929906341586,0.8064499477905241,True,True,True,True,True
genuine_increment,increment-survives,True,800,4,polynomial_ridge,62,58270471,0.7103194770616831,7.987957894709612e-124,0.865902550390405,5.492256467267436e-242,True,0.83608637056135,0.002,0.042153189348031764,0.03751414156739587,0.04616320178699345,0.7589099170568959,True,True,True,True,True
genuine_increment,increment-survives,True,800,4,polynomial_ridge,63,58270472,0.7150358125559573,3.406314698154079e-126,0.8685096927156116,3.821005261723355e-245,True,0.8414859955467011,0.002,0.04432488108949517,0.039651691530545284,0.04857775849094286,0.7744982297676511,True,True,True,True,True
genuine_increment,increment-survives,True,800,4,polynomial_ridge,64,58270473,0.6714732366769324,5.643101367853705e-106,0.8359063499309602,7.712396350311108e-210,True,0.7796173678659323,0.002,0.03575537236028633,0.03140791099057936,0.03988834955505064,0.7221765643337439,True,True,True,True,True
genuine_increment,increment-survives,True,800,4,polynomial_ridge,65,58270474,0.711016321900503,3.591309851202367e-124,0.8565195600920031,3.7739264626354497e-231,True,0.8549982421188327,0.002,0.03925707364957784,0.03457865869417577,0.04374705617037572,0.7466309541063985,True,True,True,True,True
genuine_increment,increment-survives,True,800,4,polynomial_ridge,66,58270475,0.6551247814449711,2.9809777795119038e-99,0.8671605311187952,1.6770595812117108e-243,True,0.8454734559943747,0.002,0.03866875486331674,0.03462406652339116,0.04286380468351227,0.7584255579592917,True,True,True,True,True
genuine_increment,increment-survives,True,800,4,polynomial_ridge,67,58270476,0.6792752879301374,2.4468053040304886e-109,0.8585458777500868,2.009055104456888e-233,True,0.8619389429274581,0.002,0.04316234756740519,0.038623182115535885,0.047721605766511306,0.7560809805539712,True,True,True,True,True
genuine_increment,increment-survives,True,800,4,polynomial_ridge,68,58270477,0.6537803809068453,1.0200485977212349e-98,0.843974548063492,8.246109511101427e-218,True,0.8479198406187741,0.002,0.040233558216774254,0.036170563829222714,0.04470101007855881,0.7330279489526822,True,True,True,True,True
genuine_increment,increment-survives,True,800,4,polynomial_ridge,69,58270478,0.6871675502617974,7.56256305637157e-113,0.8613056838700085,1.4075398093468185e-236,True,0.8810383218094457,0.002,0.0425458635183885,0.038279719823111985,0.046636712270635344,0.7604641703916796,True,True,True,True,True
genuine_increment,increment-survives,True,800,4,polynomial_ridge,70,58270479,0.7027596293119208,4.014539304624348e-120,0.8710589263552445,2.683090237402279e-248,True,0.8538087425290052,0.002,0.03992350843879574,0.035454817253482214,0.044192954782261,0.7728164286979992,True,True,True,True,True
genuine_increment,increment-survives,True,800,4,polynomial_ridge,71,58270480,0.6663139083029818,8.304650082509975e-104,0.8428437798547307,1.1492499316309597e-216,True,0.857277628032345,0.002,0.03721849010150511,0.032766569341927204,0.041176886470544884,0.7218398219476349,True,True,True,True,True
genuine_increment,increment-survives,True,800,4,polynomial_ridge,72,58270481,0.7181510596110308,8.711662480845689e-128,0.8552510090164358,9.606009504361614e-230,True,0.8291251611391071,0.002,0.03831560334421943,0.03399531143913052,0.04217503323686762,0.7441753062814315,True,True,True,True,True
genuine_increment,increment-survives,True,800,4,polynomial_ridge,73,58270482,0.6959367749012109,6.993670974764839e-117,0.8577689960334045,1.5098190638983746e-232,True,0.8478290167584671,0.002,0.03936147825817196,0.03486172425839519,0.04374361861853808,0.7466797516640346,True,True,True,True,True
genuine_increment,increment-survives,True,800,4,polynomial_ridge,74,58270483,0.720328195825306,6.523892695952691e-129,0.8734098795444319,2.8852705650376544e-251,True,0.8508056955349818,0.002,0.03993161418778393,0.03585039494784555,0.04411574035543231,0.7751010809623041,True,True,True,True,True
genuine_increment,increment-survives,True,800,4,polynomial_ridge,75,58270484,0.680711704237038,5.728302714598021e-110,0.8571193773397275,8.079412546378438e-232,True,0.8818000703152467,0.002,0.04086593472350945,0.03620876781021448,0.045893261061058836,0.7573008598074319,True,True,True,True,True
genuine_increment,increment-survives,True,800,4,polynomial_ridge,76,58270485,0.6960396656869776,6.2590335527711545e-117,0.8512705103896366,2.0313681627687524e-225,True,0.8803380991444978,0.002,0.04059460189025742,0.036470319634918105,0.044405780426767905,0.7323867921112222,True,True,True,True,True
genuine_increment,increment-survives,True,800,4,polynomial_ridge,77,58270486,0.6995724758944937,1.3461362964457424e-118,0.8541410251068156,1.5907358472071488e-228,True,0.8331858666354155,0.002,0.039208448784392294,0.034972701107133006,0.04360459221768383,0.7464933982788097,True,True,True,True,True
genuine_increment,increment-survives,True,800,4,polynomial_ridge,78,58270487,0.6911762596504059,1.1286091480439474e-114,0.8608236934181048,5.061492855983119e-236,True,0.8615639282784484,0.002,0.03909635104389685,0.034729049478035956,0.04361699525405567,0.7537409292564584,True,True,True,True,True
genuine_increment,increment-survives,True,800,4,polynomial_ridge,79,58270488,0.7004135318961437,5.351894593726774e-119,0.8613871894357088,1.133087370512383e-236,True,0.8566887378413219,0.002,0.04314390019625315,0.03861210771996035,0.04803811705439539,0.7598909173614987,True,True,True,True,True
genuine_increment,increment-survives,True,800,4,polynomial_ridge,80,58270489,0.652009440639751,5.1077827625502164e-98,0.8406448276241291,1.8184286056972256e-214,True,0.8571897339739833,0.002,0.039519467022279334,0.034590704568486424,0.044520012527228266,0.7230029124026329,True,True,True,True,True
genuine_increment,increment-survives,True,800,4,polynomial_ridge,81,58270490,0.6905309539546156,2.231119435120805e-114,0.8647053428322751,1.4707257852785473e-240,True,0.832843079807805,0.002,0.0390315669885591,0.034518073389189476,0.04334262354464788,0.7584300797926231,True,True,True,True,True
genuine_increment,increment-survives,True,800,4,polynomial_ridge,82,58270491,0.6933905677977622,1.073882134400032e-115,0.8575496785849659,2.662334272735458e-232,True,0.8425377944450955,0.002,0.042790144706418315,0.03822314844371599,0.047509767015194354,0.7547109188639397,True,True,True,True,True
genuine_increment,increment-survives,True,800,4,polynomial_ridge,83,58270492,0.7139661936971777,1.1858548911534086e-125,0.8550065145043568,1.786225341130357e-229,True,0.8715867807336224,0.002,0.04211463604799977,0.03777056500974358,0.04667443409391819,0.7535032549484001,True,True,True,True,True
genuine_increment,increment-survives,True,800,4,polynomial_ridge,84,58270493,0.7110859079467312,3.315330456675833e-124,0.8744499030012953,1.3427416237726032e-252,True,0.8961150826204148,0.002,0.042729421140485876,0.0381444253157083,0.047328173804040835,0.7798655764044808,True,True,True,True,True
genuine_increment,increment-survives,True,800,4,polynomial_ridge,85,58270494,0.7339357952121801,3.3763410432956014e-136,0.8729630242962667,1.0689569517151011e-250,True,0.8926461971170749,0.002,0.044011917803098134,0.039925213963813704,0.04853142234914268,0.775741310099911,True,True,True,True,True
genuine_increment,increment-survives,True,800,4,polynomial_ridge,86,58270495,0.6949003201567503,2.1334387054138215e-116,0.8640686048005873,8.343269655117963e-240,True,0.8554699402320404,0.002,0.03864668449839744,0.034463782082244675,0.04332930318297608,0.7582193857499229,True,True,True,True,True
genuine_increment,increment-survives,True,800,4,polynomial_ridge,87,58270496,0.7194782804348132,1.7996664503565158e-128,0.8604081583416865,1.5197992041421283e-235,True,0.8353861478964023,0.002,0.03849411206143539,0.03435199806486897,0.042060189162435216,0.7394098004435299,True,True,True,True,True
genuine_increment,increment-survives,True,800,4,polynomial_ridge,88,58270497,0.7019790421547534,9.530727681540944e-120,0.8608494375807638,4.727636406777954e-236,True,0.8389136294386499,0.002,0.039286571137567436,0.03579287984248748,0.04318449497283064,0.7651192716000638,True,True,True,True,True
genuine_increment,increment-survives,True,800,4,polynomial_ridge,89,58270498,0.7147752574613399,4.6183046204650514e-126,0.8737918477548628,9.381813823226501e-252,True,0.8656715106058831,0.002,0.04103070228304254,0.03664646186087729,0.04535306706388574,0.77119441197662,True,True,True,True,True
genuine_increment,increment-survives,True,800,4,polynomial_ridge,90,58270499,0.690157148683045,3.3084004182611505e-114,0.8610794745327264,2.5679100721857698e-236,True,0.8732333294269307,0.002,0.040555080166880454,0.03686593745693115,0.045240680653415466,0.7546091252255772,True,True,True,True,True
genuine_increment,increment-survives,True,800,4,polynomial_ridge,91,58270500,0.6851797659058844,5.932355743699898e-112,0.8720085096730945,1.724706951941658e-249,True,0.8748652291105122,0.002,0.04471223307243029,0.03970699018528125,0.04911667470518958,0.771264656227663,True,True,True,True,True
genuine_increment,increment-survives,True,800,4,polynomial_ridge,92,58270501,0.7271000970314015,1.7529145871008426e-132,0.8662546039096615,2.07619074585106e-242,True,0.8614672448142506,0.002,0.042005800299127524,0.037603393539449186,0.046054454545298704,0.7601443508018567,True,True,True,True,True
genuine_increment,increment-survives,True,800,4,polynomial_ridge,93,58270502,0.7099765624633789,1.1827807690518105e-123,0.8626802024100994,3.562971561255469e-238,True,0.8331389898042892,0.002,0.03863310291405096,0.034455977600071165,0.04285504824972076,0.7488971720116498,True,True,True,True,True
genuine_increment,increment-survives,True,800,4,polynomial_ridge,94,58270503,0.6689684202631567,6.448074539917402e-105,0.8570025014972801,1.091582358916923e-231,True,0.8597826086956522,0.002,0.040934355880737155,0.037070718814943074,0.04560101177226291,0.7462055981892058,True,True,True,True,True
genuine_increment,increment-survives,True,800,4,polynomial_ridge,95,58270504,0.7153664693226083,2.313690145009616e-126,0.8704262352369387,1.6502419508734382e-247,True,0.8673678659322629,0.002,0.04220913649768224,0.0376072828564272,0.04757665650461606,0.765620477544549,True,True,True,True,True
genuine_increment,increment-survives,True,800,4,polynomial_ridge,96,58270505,0.658059043842256,1.9894092825831246e-100,0.8434830312467088,2.598402438257103e-217,True,0.8285157623344662,0.002,0.039576732032401224,0.03522901363901802,0.04419349800361744,0.7149528395808954,True,True,True,True,True
genuine_increment,increment-survives,True,800,4,polynomial_ridge,97,58270506,0.6725459727280825,1.9735917272526287e-106,0.8594165527188882,2.0656893382701286e-234,True,0.8558127270596508,0.002,0.04124023235845263,0.037275526306770695,0.04544741425044,0.7483575027523115,True,True,True,True,True
genuine_increment,increment-survives,True,800,4,polynomial_ridge,98,58270507,0.7316538697716716,6.045612501623115e-135,0.8742976381451087,2.1075277581190302e-252,True,0.8891597328020626,0.002,0.04368653655705224,0.038321056650605895,0.04870166205161457,0.7714586450117501,True,True,True,True,True
genuine_increment,increment-survives,True,800,4,polynomial_ridge,99,58270508,0.7092999442186628,2.561722832745379e-123,0.8609247773787506,3.871549953617387e-236,True,0.8633891948904254,0.002,0.04296502063744702,0.038348446918471,0.0474515720374814,0.7621916746592247,True,True,True,True,True
heteroskedastic_null,conditional-null,False,100,4,polynomial_ridge,0,61265528,-0.18174617461746173,0.07033992939456396,0.0715224301593974,0.4817423863663787,False,-0.14285714285714285,0.478,0.0004952148977278147,-0.0019329418772276504,0.0030186574687880393,0.04130414538768208,False,True,False,False,True
heteroskedastic_null,conditional-null,False,100,4,polynomial_ridge,1,61265529,-0.0854125412541254,0.3981485642078575,-0.22550006336426093,0.024820117521221086,True,-0.19097744360902258,0.422,-0.0007537270440830801,-0.0016041694835505211,0.00012878062100895042,-0.06588531989829123,False,False,False,False,True
heteroskedastic_null,conditional-null,False,100,4,polynomial_ridge,2,61265530,-0.04092409240924093,0.6860177257715587,-0.006721820857980222,0.9473518689156978,False,0.09774436090225563,0.67,-0.0009496431322150202,-0.0017979933127818995,-0.00019838323418309935,-0.10092217343174525,False,False,False,False,True
heteroskedastic_null,conditional-null,False,100,4,polynomial_ridge,3,61265531,-0.02489048904890489,0.805826517490867,-0.07229563743672986,0.47700482701895347,False,-0.5413533834586466,0.018,-0.00022869946501721458,-0.0009295192219813678,0.0003940130031096935,-0.02911898999415689,True,False,False,False,True
heteroskedastic_null,conditional-null,False,100,4,polynomial_ridge,4,61265532,-0.05417341734173416,0.5924309623323458,-0.2964275119026773,0.0028898109944281423,True,-0.6902255639097743,0.004,-0.0003169653749883032,-0.001784260453279963,0.0012479988656656658,-0.024406914609219007,True,False,False,False,True
heteroskedastic_null,conditional-null,False,100,4,polynomial_ridge,5,61265533,-0.15647164716471645,0.12003264054386086,-0.23709300253159077,0.018133461880394896,True,0.06917293233082707,0.788,-0.0010079754193227097,-0.0029934095712222204,0.0006476651493794652,-0.06919123887736062,False,False,False,False,True
heteroskedastic_null,conditional-null,False,100,4,polynomial_ridge,6,61265534,-0.06867086708670866,0.4972157547623083,-0.0019840767431970902,0.9844497265382716,False,0.13684210526315788,0.544,-0.0005157220305927017,-0.0010968751504721642,2.5657345709252138e-06,-0.04077685826502184,False,False,False,False,True
heteroskedastic_null,conditional-null,False,100,4,polynomial_ridge,7,61265535,0.003912391239123912,0.969183653438618,-0.07057630235819348,0.48757356715066874,False,0.23609022556390977,0.31,-7.232894953371899e-05,-0.0005105826829159189,0.00038539463177406243,-0.006454886960391775,False,False,False,False,True
heteroskedastic_null,conditional-null,False,100,4,polynomial_ridge,8,61265536,-0.15027902790279027,0.13559808423292707,-0.05538680641496378,0.5860898602814062,False,-0.17142857142857143,0.47,-0.0001871611191287554,-0.0008856267797492905,0.0005100059340931764,-0.019616638337124747,False,False,False,False,True
heteroskedastic_null,conditional-null,False,100,4,polynomial_ridge,9,61265537,-0.13966996699669965,0.1657642178386377,-0.2772129685855812,0.00547171188439865,True,0.3699248120300751,0.098,-0.0007855581311268546,-0.001930587520072427,0.0001513294564615759,-0.07819483476969177,False,False,False,False,True
heteroskedastic_null,conditional-null,False,100,4,polynomial_ridge,10,61265538,-0.08870087008700869,0.38016717503907965,-0.2254394026524508,0.024860002637254956,True,-0.12781954887218044,0.584,-0.0006543049897589324,-0.0012884469359173947,-0.00016755844439586215,-0.0667608618528319,False,False,False,False,True
heteroskedastic_null,conditional-null,False,100,4,polynomial_ridge,11,61265539,-0.15714371437143715,0.11842986138223559,-0.11490751438874015,0.2574028476865301,False,0.26766917293233083,0.27,-9.783857506613647e-05,-0.0007580281449594812,0.0005984759066919513,-0.010665014077077454,False,False,False,False,True
heteroskedastic_null,conditional-null,False,100,4,polynomial_ridge,12,61265540,-0.17386138613861385,0.08363804228598173,0.021956946932017822,0.8292058123391733,False,-0.23609022556390977,0.334,3.0847178346602756e-05,-0.000726874929483983,0.0007689615645800868,0.005216260073801042,False,True,False,False,True
heteroskedastic_null,conditional-null,False,100,4,polynomial_ridge,13,61265541,0.10616261626162615,0.2931423581695943,-0.22412026260304646,0.025740963685347267,True,0.05263157894736842,0.832,-0.00023884469250018414,-0.0009608158917458518,0.0006759654083350642,-0.027768851949122018,False,False,False,False,True
heteroskedastic_null,conditional-null,False,100,4,polynomial_ridge,14,61265542,0.056885688568856875,0.5740066947719797,-0.008981004535030042,0.9296964615108954,False,0.12781954887218044,0.604,-0.0007642677509345514,-0.0017736677773914256,0.0001665942523598458,-0.07714624229501846,False,False,False,False,True
heteroskedastic_null,conditional-null,False,100,4,polynomial_ridge,15,61265543,-0.09340534053405339,0.35531302795624325,0.02024134880919203,0.8423711441177876,False,0.1518796992481203,0.56,-0.001316857204683948,-0.002163278593585228,-0.0004351334640794453,-0.11608914907756095,False,False,False,False,True
heteroskedastic_null,conditional-null,False,100,4,polynomial_ridge,16,61265544,-0.024434443444344433,0.8093160713404135,-0.19530013385300946,0.05271714482200788,False,0.49323308270676686,0.04,-0.0009705102351669458,-0.0021496561494368776,7.890202547872004e-05,-0.10261176954933651,True,False,False,False,True
heteroskedastic_null,conditional-null,False,100,4,polynomial_ridge,17,61265545,-0.10327032703270327,0.3065649352886312,-0.020458161614484667,0.8407048679149483,False,-0.12481203007518797,0.586,-0.000329670644964513,-0.0012301349007423968,0.0005772069617209498,-0.03465899781862382,False,False,False,False,True
heteroskedastic_null,conditional-null,False,100,4,polynomial_ridge,18,61265546,-0.03185118511851185,0.7530750991660374,-0.18980692182301728,0.05987485459760233,False,0.35939849624060144,0.12,-0.0006573897580409716,-0.0016297575165701778,0.0002915506651052576,-0.07313737472054672,False,False,False,False,True
heteroskedastic_null,conditional-null,False,100,4,polynomial_ridge,19,61265547,-0.145022502250225,0.149976445362385,-0.1468879306540419,0.14682522214446203,False,-0.2902255639097744,0.202,0.0002314553089883941,-0.0011114083618333826,0.001657623553008514,0.01681473192264334,False,True,False,False,True
heteroskedastic_null,conditional-null,False,100,4,polynomial_ridge,20,61265548,-0.11546354635463545,0.25264453864772435,-0.08794385835450605,0.38671173446515295,False,0.16842105263157892,0.454,-0.001217620964795045,-0.00221438229357699,-0.00035149472715349653,-0.12374143055604538,False,False,False,False,True
heteroskedastic_null,conditional-null,False,100,4,polynomial_ridge,21,61265549,0.08428442844284428,0.40443171321614513,0.011652148044550373,0.9088661381018119,False,0.08721804511278194,0.722,-0.0004210772673825915,-0.0012863466348598794,0.0003994909605722428,-0.05474023898277433,False,False,False,False,True
heteroskedastic_null,conditional-null,False,100,4,polynomial_ridge,22,61265550,-0.04152415241524152,0.6816607742041717,0.007884605884559909,0.9382610410529378,False,0.003007518796992481,0.994,-0.0009712243765648797,-0.0017456554455423062,-0.00022512191210614436,-0.085671479786652,False,False,False,False,True
heteroskedastic_null,conditional-null,False,100,4,polynomial_ridge,23,61265551,-0.12998499849984996,0.19740368094717298,-0.24979761553765192,0.012647128332962413,True,0.27518796992481204,0.266,-0.0007577162957635147,-0.0019863569601276925,0.00045132603932047206,-0.05459663617501628,False,False,False,False,True
heteroskedastic_null,conditional-null,False,100,4,polynomial_ridge,24,61265552,-0.09413741374137413,0.35153828499517,-0.026633691168686056,0.7935660676241005,False,-0.12481203007518797,0.604,-9.48341770417166e-05,-0.0008017992516086186,0.0005549283032724512,-0.011958487746899372,False,False,False,False,True
heteroskedastic_null,conditional-null,False,100,4,polynomial_ridge,25,61265553,-0.07593159315931593,0.4527403032136301,-0.0490532796482453,0.6296882025358672,False,0.24962406015037594,0.27,-0.0010746866468556542,-0.0016989056297652665,-0.0004624084819953876,-0.10796082663099783,False,False,False,False,True
heteroskedastic_null,conditional-null,False,100,4,polynomial_ridge,26,61265554,-0.23931593159315928,0.01648362061797277,-0.16614473558745196,0.1002652875558648,False,-0.19097744360902258,0.368,-0.00025092761316821734,-0.0010841491557087182,0.00047939087062681386,-0.028764746028424933,False,False,False,False,True
heteroskedastic_null,conditional-null,False,100,4,polynomial_ridge,27,61265555,-0.1162196219621962,0.24953012104241337,-0.17046865637844968,0.09160874797280921,False,0.015037593984962403,0.948,-0.00023045718870512086,-0.0012201554563738728,0.0008260108004659966,-0.02246032057190381,False,False,False,False,True
heteroskedastic_null,conditional-null,False,100,4,polynomial_ridge,28,61265556,-0.06796279627962795,0.5016723255642002,-0.07224385567626264,0.4773213152859239,False,-0.49022556390977434,0.028,0.0002964842745772373,-0.0007288447846188098,0.0013003901948912525,0.048463618297384554,True,True,False,False,True
heteroskedastic_null,conditional-null,False,100,4,polynomial_ridge,29,61265557,-0.1377257725772577,0.17179347743211318,-0.21736969008353602,0.030676376754009145,True,0.02706766917293233,0.91,-0.0006514337781461221,-0.0015301267045624164,9.90220073901588e-05,-0.07368413320824822,False,False,False,False,True
heteroskedastic_null,conditional-null,False,100,4,polynomial_ridge,30,61265558,0.05096909690969096,0.6145351693601532,0.08309148009149069,0.41354840803584036,False,0.15789473684210525,0.452,-0.0008042041460595839,-0.0013131611132518137,-0.00037064426845385165,-0.1128196693060985,False,False,False,False,True
heteroskedastic_null,conditional-null,False,100,4,polynomial_ridge,31,61265559,0.17550555055505548,0.08071128157234714,0.001437635545011256,0.9887321456918483,False,0.19999999999999998,0.404,-0.0009233215577998857,-0.0016211214417224374,-0.00023280393009393244,-0.0926961537704183,False,False,False,False,True
heteroskedastic_null,conditional-null,False,100,4,polynomial_ridge,32,61265560,0.09102910291029101,0.36773810898942305,0.19454250607366302,0.053660343028702005,False,0.28421052631578947,0.24,-0.0003434872171795122,-0.0014349023324262645,0.0007298022252064157,-0.03364530569611787,False,False,False,False,True
heteroskedastic_null,conditional-null,False,100,4,polynomial_ridge,33,61265561,-0.10925892589258926,0.2792098677968855,-0.11466105294893272,0.25843170090173145,False,-0.18646616541353384,0.46,-0.00028603898506325033,-0.0006645212935625544,3.147885923964042e-05,-0.047790255013940026,False,False,False,False,True
heteroskedastic_null,conditional-null,False,100,4,polynomial_ridge,34,61265562,0.05045304530453045,0.6181281987666325,0.0729041841749947,0.4732938991349849,False,-0.045112781954887216,0.864,-0.0005805633277762533,-0.0013439157817871036,0.00010091523999051062,-0.07114897985652505,False,False,False,False,True
heteroskedastic_null,conditional-null,False,100,4,polynomial_ridge,35,61265563,-0.045820582058205814,0.6507770772945446,-0.06332749713946462,0.5334660799969674,False,0.18045112781954886,0.438,-0.0010400083634607635,-0.0017386821317815413,-0.0003109281918944662,-0.13257657513516838,False,False,False,False,True
heteroskedastic_null,conditional-null,False,100,4,polynomial_ridge,36,61265564,-0.06882688268826882,0.4962365977943729,0.07736421522853816,0.4465795466544588,False,0.10676691729323308,0.662,-0.0010215760351964028,-0.002227810032332502,6.580857628135519e-05,-0.1035828642651374,False,False,False,False,True
heteroskedastic_null,conditional-null,False,100,4,polynomial_ridge,37,61265565,0.06366636663666365,0.5291538928694957,0.03718166499019066,0.7148271719060454,False,0.21052631578947367,0.364,-0.0005254101840995772,-0.001059095247529289,6.438798062471104e-06,-0.07340681453561157,False,False,False,False,True
heteroskedastic_null,conditional-null,False,100,4,polynomial_ridge,38,61265566,0.017161716171617162,0.8654254153508562,-0.05858698102083707,0.56459838553662,False,0.009022556390977442,0.968,-0.0007949408805298843,-0.0013244167420977033,-0.00028915637406665693,-0.09359071810463619,False,False,False,False,True
heteroskedastic_null,conditional-null,False,100,4,polynomial_ridge,39,61265567,-0.10401440144014398,0.30307412290993946,-0.05674696364975248,0.5769098276724886,False,0.33383458646616543,0.136,-0.0010714327580644296,-0.0027807828488165738,4.207730336968225e-05,-0.12316010575942062,False,False,False,False,True
heteroskedastic_null,conditional-null,False,100,4,polynomial_ridge,40,61265568,0.035247524752475244,0.7277260527016877,0.20336319184956286,0.04349874536671328,True,-0.015037593984962403,0.952,-0.0004187292512266485,-0.0010961061225648776,0.0001956771877402616,-0.04192093528140046,False,False,False,False,True
heteroskedastic_null,conditional-null,False,100,4,polynomial_ridge,41,61265569,0.04081608160816081,0.6868030746838231,0.03367911419982865,0.7406890662586115,False,0.5353383458646617,0.01,0.00010056239305830314,-0.0006016177323325463,0.000931328859202185,0.010030070730621564,True,True,False,False,True
heteroskedastic_null,conditional-null,False,100,4,polynomial_ridge,42,61265570,-0.0578097809780978,0.5677910150826985,0.08746047650526795,0.38933723503320383,False,-0.003007518796992481,0.988,-0.001080129738053305,-0.002157965359003081,-0.0001815705705459974,-0.1268722341976069,False,False,False,False,True
heteroskedastic_null,conditional-null,False,100,4,polynomial_ridge,43,61265571,-0.008736873687368736,0.9312502516794683,-0.10906002213413797,0.2825712867060959,False,-0.18796992481203004,0.456,-0.00010665530748595053,-0.001842999697918555,0.001505908166400893,-0.008460903365950616,False,False,False,False,True
heteroskedastic_null,conditional-null,False,100,4,polynomial_ridge,44,61265572,0.03792379237923792,0.7079544253593201,0.2031442413605238,0.04373007036616418,True,0.0706766917293233,0.76,-0.0001521086764002203,-0.0012993738041822765,0.0012038656653389369,-0.01604539229209019,False,False,False,False,True
heteroskedastic_null,conditional-null,False,100,4,polynomial_ridge,45,61265573,-0.03656765676567657,0.7179499780084903,-0.2425336651855168,0.015573420973727454,True,-0.013533834586466165,0.962,-0.0005357985528372695,-0.0011315077029724016,9.75018267354573e-05,-0.05049072165196681,False,False,False,False,True
heteroskedastic_null,conditional-null,False,100,4,polynomial_ridge,46,61265574,0.042820282028202816,0.6722855114142163,-0.08073051758204831,0.42698896780691925,False,-0.5669172932330826,0.012,0.0002875384619912755,-0.00042003783780648516,0.0009634212197315423,0.025798890787782972,True,True,False,False,True
heteroskedastic_null,conditional-null,False,100,4,polynomial_ridge,47,61265575,-0.14355835583558355,0.15417829948399273,-0.17203236870202085,0.0886278850841235,False,-0.23308270676691725,0.338,-0.0005885335817764157,-0.0014184721332349958,0.00034202526286289674,-0.04965887208643983,False,False,False,False,True
heteroskedastic_null,conditional-null,False,100,4,polynomial_ridge,48,61265576,-0.014005400540054003,0.8900033674426943,0.007268013437406065,0.943080741375732,False,0.08721804511278194,0.674,-0.001081317167267096,-0.0020823280116959424,-9.943291920972974e-05,-0.13107676749469813,False,False,False,False,True
heteroskedastic_null,conditional-null,False,100,4,polynomial_ridge,49,61265577,-0.1704170417041704,0.09004340692596541,-0.253736699683734,0.01127033795960105,True,-0.08421052631578946,0.722,-0.00045267037762192555,-0.0010011049209813158,9.715893109104084e-05,-0.04383492808391142,False,False,False,False,True
heteroskedastic_null,conditional-null,False,100,4,polynomial_ridge,50,61265578,-0.16045604560456042,0.11077072473778923,-0.08227767219527381,0.41815318704426024,False,0.2571428571428572,0.302,-0.00046900752130714027,-0.0018138400748087384,0.000802084800371956,-0.04548590190716771,False,False,False,False,True
heteroskedastic_null,conditional-null,False,100,4,polynomial_ridge,51,61265579,-0.032475247524752476,0.7483967059684041,0.00017159405003336746,0.9986550422089163,False,0.19248120300751878,0.382,0.00018493582784867742,-0.0010214197679083254,0.001476519355400177,0.021039753822595757,False,True,False,False,True
heteroskedastic_null,conditional-null,False,100,4,polynomial_ridge,52,61265580,-0.14366636663666366,0.1538653490788035,-0.05626286856920248,0.5801694501281506,False,-0.1609022556390977,0.52,-0.0006969697068506661,-0.001219407625996799,-0.00021284024921908794,-0.1043730109813367,False,False,False,False,True
heteroskedastic_null,conditional-null,False,100,4,polynomial_ridge,53,61265581,0.0381038103810381,0.7066312553835813,-0.049752211823298205,0.6248103156807834,False,-0.16691729323308271,0.492,-0.0005818340347354123,-0.0018355439064185208,0.00037656240497380356,-0.06138431084230873,False,False,False,False,True
heteroskedastic_null,conditional-null,False,100,4,polynomial_ridge,54,61265582,-0.15097509750975097,0.13377551893958728,-0.16213003227842007,0.10886559495023453,False,0.14586466165413534,0.568,-0.00018364057290945653,-0.0014739310161860151,0.0007746128913605405,-0.022531669062001453,False,False,False,False,True
heteroskedastic_null,conditional-null,False,100,4,polynomial_ridge,55,61265583,-0.15224722472247224,0.13049291703424665,-0.2211741854439715,0.027804817309240656,True,-0.010526315789473682,0.974,-0.0008930695956269712,-0.0022783938921293457,0.0005760274964226237,-0.09498103187226246,False,False,False,False,True
heteroskedastic_null,conditional-null,False,100,4,polynomial_ridge,56,61265584,-0.004968496849684968,0.9608710014000041,-0.16035609298105494,0.11284408580221834,False,-0.09924812030075188,0.698,0.0005615207678423568,-0.0010155292866594644,0.001811805452135424,0.053884324390688604,False,True,False,False,True
heteroskedastic_null,conditional-null,False,100,4,polynomial_ridge,57,61265585,-0.08754875487548754,0.3864105282433929,0.1604348244544689,0.11266515174841957,False,-0.13533834586466165,0.566,-0.0010615789650237541,-0.001775700786123174,-0.000375675110018306,-0.08260452472511487,False,False,False,False,True
heteroskedastic_null,conditional-null,False,100,4,polynomial_ridge,58,61265586,-0.0031323132313231324,0.9753258479276785,-0.137231281868614,0.17557353545464013,False,0.021052631578947364,0.922,-0.0002418569918827551,-0.0015995906963021918,0.0008728205693771278,-0.027055401762337675,False,False,False,False,True
heteroskedastic_null,conditional-null,False,100,4,polynomial_ridge,59,61265587,-0.016597659765976595,0.8698089739272009,0.20262702494056145,0.04428058220757921,True,0.3789473684210526,0.096,-0.00045349835396218605,-0.0025469675970500845,0.0018450990246108806,-0.026810835922961945,False,False,False,False,True
heteroskedastic_null,conditional-null,False,100,4,polynomial_ridge,60,61265588,0.00828082808280828,0.9348307527980674,-0.24673863439512028,0.013815244963563605,True,0.21052631578947367,0.35,6.131320072039897e-05,-0.001380423583631814,0.0015149865967823651,0.005168315576511283,False,True,False,False,True
heteroskedastic_null,conditional-null,False,100,4,polynomial_ridge,61,61265589,-0.08176417641764176,0.41867777002839646,0.02501037425726482,0.8058927488179316,False,0.0,1.0,1.3425085276930551e-05,-0.0005443707998836593,0.0006832437631110439,0.0015427583856083048,False,True,False,False,True
heteroskedastic_null,conditional-null,False,100,4,polynomial_ridge,62,61265590,0.09759375937593757,0.334056186236821,-0.013553560775016333,0.8940750506971685,False,0.021052631578947364,0.916,-0.0006020293775512754,-0.0017550328398720485,0.00027575596604685767,-0.056362496277399976,False,False,False,False,True
heteroskedastic_null,conditional-null,False,100,4,polynomial_ridge,63,61265591,0.03877587758775877,0.7016991565226911,-0.06831752980528308,0.5016451382840083,False,-0.3669172932330827,0.12,-0.0008631683406426626,-0.0023334666887763673,0.0003142243473711172,-0.10812967043291406,False,False,False,False,True
heteroskedastic_null,conditional-null,False,100,4,polynomial_ridge,64,61265592,-0.07833183318331832,0.4385397530009318,-0.03139235762025696,0.7577329898703352,False,0.021052631578947364,0.938,-0.0003089465081470757,-0.0008365247631021742,0.00030141105699957706,-0.03937076089137224,False,False,False,False,True
heteroskedastic_null,conditional-null,False,100,4,polynomial_ridge,65,61265593,-0.12944494449444943,0.19928794503352978,-0.04532204010467182,0.655994242962944,False,-0.23609022556390977,0.316,-0.000697858825513634,-0.0010805031278900775,-0.00025522999013673084,-0.07955541072837598,False,False,False,False,True
heteroskedastic_null,conditional-null,False,100,4,polynomial_ridge,66,61265594,-0.11224722472247224,0.266190589888203,-0.18758204569067935,0.06299109576682164,False,0.02706766917293233,0.91,-6.259759800370489e-05,-0.0008968751515246857,0.0006928340053631978,-0.006111884554451322,False,False,False,False,True
heteroskedastic_null,conditional-null,False,100,4,polynomial_ridge,67,61265595,0.06541854185418541,0.5178559651321546,0.11276282698025268,0.26644986963836087,False,-0.18496240601503755,0.442,-0.0016394464350569411,-0.002521097729452022,-0.0008433700808724969,-0.13551587306497329,False,False,False,False,True
heteroskedastic_null,conditional-null,False,100,4,polynomial_ridge,68,61265596,-0.075007500750075,0.45827492792934127,0.026268205289687215,0.7963370824046299,False,-0.26766917293233083,0.29,-0.00036557574453662325,-0.0017348310152422598,0.0011324262077604605,-0.0435673903165569,False,False,False,False,True
heteroskedastic_null,conditional-null,False,100,4,polynomial_ridge,69,61265597,-0.004656465646564656,0.9633266164123077,0.09390173143345809,0.35523161929490904,False,0.28721804511278193,0.2,-0.0003848422646219648,-0.0011682212023032307,0.00026984953536495263,-0.050284248937763475,False,False,False,False,True
heteroskedastic_null,conditional-null,False,100,4,polynomial_ridge,70,61265598,0.009696969696969695,0.9237169161371787,-0.17407727035767084,0.08484644883662934,False,0.18646616541353384,0.426,-0.0003642441676048429,-0.0011073200773181362,0.0004281101280999257,-0.04866003397529133,False,False,False,False,True
heteroskedastic_null,conditional-null,False,100,4,polynomial_ridge,71,61265599,0.026978697869786974,0.7898976038980872,-0.1025063480995166,0.3126704227950815,False,-0.09473684210526315,0.668,-0.0007494393945716125,-0.0015807929324728816,-6.949959603072615e-05,-0.09373860656478654,False,False,False,False,True
heteroskedastic_null,conditional-null,False,100,4,polynomial_ridge,72,61265600,-0.15495949594959496,0.12370000109036967,-0.24627395211074812,0.014000655628947157,True,-0.22857142857142856,0.312,0.00022364986442588095,-0.0005377491404228795,0.0009030677770897654,0.020597703083991777,False,True,False,False,True
heteroskedastic_null,conditional-null,False,100,4,polynomial_ridge,73,61265601,0.029798979897989797,0.7685220309238743,-0.08871533733976586,0.38254352532307234,False,0.012030075187969924,0.956,0.0004228935146387714,-0.0002383540026260831,0.0012519150123554818,0.037800476715078045,False,True,False,False,True
heteroskedastic_null,conditional-null,False,100,4,polynomial_ridge,74,61265602,-0.2051245124512451,0.040630602964934814,-0.10595154908409594,0.2965977226049924,False,-0.1263157894736842,0.612,-0.0009058763861827558,-0.0016251647530029058,-0.00014267427955583142,-0.0805387292664508,False,False,False,False,True
heteroskedastic_null,conditional-null,False,100,4,polynomial_ridge,75,61265603,-0.1148154815481548,0.2553351822886632,-0.06968665712804008,0.49309065998919194,False,-0.16240601503759397,0.478,-0.0007038187743540775,-0.0018629193449008724,0.0002338600986103166,-0.09887466955170703,False,False,False,False,True
heteroskedastic_null,conditional-null,False,100,4,polynomial_ridge,76,61265604,0.1385058505850585,0.16935520666546153,-0.043963194938877924,0.6656819317343344,False,0.07368421052631578,0.7,-0.0018687545942815565,-0.0033805671589277777,-0.000507958014785246,-0.13656690383605052,False,False,False,False,True
heteroskedastic_null,conditional-null,False,100,4,polynomial_ridge,77,61265605,-0.1691209120912091,0.0925521360309503,-0.17143863082361,0.08975051786031396,False,-0.4421052631578947,0.068,5.896421145131815e-05,-0.000977935582175154,0.0009404097849141496,0.008303413427235635,False,True,False,False,True
heteroskedastic_null,conditional-null,False,100,4,polynomial_ridge,78,61265606,0.09857785778577859,0.32918139999991614,-0.03418203335594639,0.736957072402986,False,0.19849624060150375,0.372,-0.0009021528013858082,-0.0016910523231167898,-0.00023221299043632896,-0.10472786702563196,False,False,False,False,True
heteroskedastic_null,conditional-null,False,100,4,polynomial_ridge,79,61265607,-0.20054005400540054,0.04543986122973396,0.06625601225392506,0.5146701890423006,False,-0.4541353383458646,0.052,-0.0010425834032915058,-0.001755464012197943,-0.00046675346730531384,-0.13267967143410103,False,False,False,False,True
heteroskedastic_null,conditional-null,False,100,4,polynomial_ridge,80,61265608,-0.06904290429042903,0.4948825156788074,0.014425227959697027,0.8873061445331409,False,-0.18646616541353384,0.45,-0.0006555713329777398,-0.0015837992328203874,0.00015908802472247246,-0.06796696592015487,False,False,False,False,True
heteroskedastic_null,conditional-null,False,100,4,polynomial_ridge,81,61265609,0.11857185718571855,0.24001017470158134,-0.04059109126527432,0.6899584766184482,False,0.13383458646616542,0.616,0.0001728921220556772,-0.00048560495982032526,0.0008060413981112416,0.01634795002977528,False,True,False,False,True
heteroskedastic_null,conditional-null,False,100,4,polynomial_ridge,82,61265610,0.07276327632763276,0.47187043430051223,-0.07269243065833095,0.4745833988678534,False,0.24661654135338343,0.3,-0.000310006272384724,-0.0013459370288577623,0.0007924864058870529,-0.028208295304017316,False,False,False,False,True
heteroskedastic_null,conditional-null,False,100,4,polynomial_ridge,83,61265611,-0.07745574557455744,0.44369351303494675,-0.009679076518708835,0.9242475445971791,False,-0.1609022556390977,0.476,-0.0002804699342938803,-0.0014065838007170344,0.0007835103209360705,-0.027229929796890744,False,False,False,False,True
heteroskedastic_null,conditional-null,False,100,4,polynomial_ridge,84,61265612,0.0775997599759976,0.44284398781411605,0.04545556997297125,0.6550452947465512,False,-0.2045112781954887,0.356,-0.0006868783953754252,-0.001618203109825342,0.00010034793658967273,-0.11578729752871339,False,False,False,False,True
heteroskedastic_null,conditional-null,False,100,4,polynomial_ridge,85,61265613,-0.1044104410441044,0.30122676205427634,0.05760519272929457,0.5711519796405599,False,0.22556390977443608,0.344,-0.0013095401239459296,-0.0031224215472849975,-2.9886494053416096e-05,-0.09293651250797388,False,False,False,False,True
heteroskedastic_null,conditional-null,False,100,4,polynomial_ridge,86,61265614,-0.11123912391239123,0.27053583954201843,-0.23814185003591812,0.017613467655017576,True,0.12330827067669171,0.566,2.910333483950589e-06,-0.0006514752461687149,0.0006073104998178093,0.0003005502110065796,False,True,False,False,True
heteroskedastic_null,conditional-null,False,100,4,polynomial_ridge,87,61265615,0.0009120912091209121,0.9928141571744272,-0.11670822083575406,0.2499707029790951,False,-0.051127819548872175,0.826,-0.001624599193959313,-0.004107423487581447,0.00021007726859210247,-0.1515052891236482,False,False,False,False,True
heteroskedastic_null,conditional-null,False,100,4,polynomial_ridge,88,61265616,-0.11145514551455145,0.2696007081298093,-0.10272993510158888,0.31161051496693815,False,-0.3218045112781954,0.162,-0.00031748876485549783,-0.0008930382390987805,0.0002250570621634234,-0.03894412596496515,False,False,False,False,True
heteroskedastic_null,conditional-null,False,100,4,polynomial_ridge,89,61265617,-0.09974197419741973,0.32347379985435937,-0.042649264734134225,0.6751019541889864,False,-0.09624060150375939,0.688,-0.0005286552626176189,-0.0011429074059431284,-5.383724814167771e-06,-0.06956862257070932,False,False,False,False,True
heteroskedastic_null,conditional-null,False,100,4,polynomial_ridge,90,61265618,-0.02388238823882388,0.8135452620672009,-0.07894080195606208,0.4373423909771911,False,-0.08571428571428572,0.728,-0.0010517337913035826,-0.002701207065040223,0.000597520298796673,-0.06955905566602466,False,False,False,False,True
heteroskedastic_null,conditional-null,False,100,4,polynomial_ridge,91,61265619,0.2679387938793879,0.007035289029689788,0.02714957175350521,0.7896591708477567,False,0.23759398496240602,0.278,-0.00045757185652570663,-0.0016914248494437104,0.0005151384818605591,-0.045558455157041614,False,False,False,False,True
heteroskedastic_null,conditional-null,False,100,4,polynomial_ridge,92,61265620,-0.1945994599459946,0.052365248253616416,-0.2643022715966509,0.0082039141887682,True,-0.045112781954887216,0.838,-0.0004038698257157001,-0.0012371729205005563,0.00044814254751137674,-0.038587420335116175,False,False,False,False,True
heteroskedastic_null,conditional-null,False,100,4,polynomial_ridge,93,61265621,-0.04219621962196219,0.6767933738806705,-0.12549791727021312,0.21581619735254523,False,-0.2556390977443609,0.282,-8.344795588786924e-05,-0.0005223471452445009,0.0003057693121955967,-0.00662728919849382,False,False,False,False,True
heteroskedastic_null,conditional-null,False,100,4,polynomial_ridge,94,61265622,-0.23116711671167114,0.02066525767722231,-0.04738879118620058,0.6413686611844491,False,-0.07518796992481201,0.744,-0.0007450455840828304,-0.0013814969571203134,-0.00019567938955140424,-0.08012088109400752,False,False,False,False,True
heteroskedastic_null,conditional-null,False,100,4,polynomial_ridge,95,61265623,-0.16650465046504648,0.09778419016143297,-0.14504899123387827,0.15200716278228718,False,0.26315789473684204,0.232,-0.0004248215455759895,-0.001226115215823638,0.00043743942943476176,-0.04605636190572938,False,False,False,False,True
heteroskedastic_null,conditional-null,False,100,4,polynomial_ridge,96,61265624,0.015565556555655563,0.8778400670528689,-0.22085130749746715,0.02803931944867228,True,-0.030075187969924807,0.908,-0.0006408869812160028,-0.0011981497451466316,-0.00013186501801251373,-0.06967888062395107,False,False,False,False,True
heteroskedastic_null,conditional-null,False,100,4,polynomial_ridge,97,61265625,-0.06802280228022801,0.5012938443454822,0.0063785430318226005,0.9500370098108192,False,-0.12330827067669171,0.662,-0.0004934219385279437,-0.0012397368984387468,0.00019779566987186275,-0.055054014418638754,False,False,False,False,True
heteroskedastic_null,conditional-null,False,100,4,polynomial_ridge,98,61265626,-0.1368256825682568,0.17463889563905247,0.005088125604692402,0.9601354870114789,False,0.019548872180451125,0.944,-0.0008690789739308098,-0.0015802967315305656,-0.00023583805290478647,-0.09592788235557777,False,False,False,False,True
heteroskedastic_null,conditional-null,False,100,4,polynomial_ridge,99,61265627,-0.007044704470447045,0.9445421207182318,-0.31653826848481414,0.0014128399978107179,True,-0.060150375939849614,0.824,0.0002064456755751492,-0.0006302166738412473,0.0011777961562310529,0.024991944014838244,False,True,False,False,True
heteroskedastic_null,conditional-null,False,200,4,polynomial_ridge,0,62266228,-0.1378084452111303,0.051656588214482345,-0.09812786302390644,0.16793373598177866,False,-0.2816135084427768,0.072,-0.0002148709279214218,-0.0005337316543839343,4.343756830887036e-06,-0.028932010709442547,False,False,False,False,True
heteroskedastic_null,conditional-null,False,200,4,polynomial_ridge,1,62266229,-0.028142203555088882,0.6924188771104075,0.016664797620443293,0.8152790918457036,False,-0.12063789868667919,0.466,5.320737481531723e-05,-0.0005158003517970678,0.0005296475019712535,0.007145734381054035,False,True,False,False,True
heteroskedastic_null,conditional-null,False,200,4,polynomial_ridge,2,62266230,-0.04553363834095853,0.5220173552664419,-0.3200938506920582,4.048495039058401e-06,True,-0.10093808630393997,0.554,-0.0005298267013818109,-0.001653392519377466,0.0003724326620445422,-0.05138278522274924,False,False,False,False,True
heteroskedastic_null,conditional-null,False,200,4,polynomial_ridge,3,62266231,-0.043306082652066306,0.5425990529896051,-0.011694789711487654,0.8697770929230141,False,0.02401500938086304,0.886,-0.0003645955444118512,-0.0006925835498000495,-0.00010068574037184664,-0.04938886724753578,False,False,False,False,True
heteroskedastic_null,conditional-null,False,200,4,polynomial_ridge,4,62266232,-0.008374709367734193,0.9063085566140875,0.0020592703508706535,0.9769709746696544,False,0.16885553470919326,0.29,-0.0002245791740812346,-0.0007324208964950451,0.00038469188065528876,-0.020198363168115963,False,False,False,False,True
heteroskedastic_null,conditional-null,False,200,4,polynomial_ridge,5,62266233,-0.026033150828770724,0.7144257351783642,-0.05750032670912363,0.4198394947467903,False,-0.05834896810506568,0.688,-0.0004399736085736114,-0.0008234516419212678,-4.588779782296477e-05,-0.04524966479408286,False,False,False,False,True
heteroskedastic_null,conditional-null,False,200,4,polynomial_ridge,6,62266234,-0.037454436360909026,0.5985058192828359,-0.00920127068437921,0.8973695706341138,False,0.07392120075046905,0.64,-0.00047930325566017135,-0.0009566986904792146,8.25447464308213e-05,-0.0670844641062882,False,False,False,False,True
heteroskedastic_null,conditional-null,False,200,4,polynomial_ridge,7,62266235,-0.09447536188404711,0.18329200810909904,-0.05725661341036512,0.42181584299729946,False,-0.125515947467167,0.468,-4.442179266345159e-06,-0.0004162019101401369,0.0004204900377926466,-0.0005181568451642527,False,False,False,False,True
heteroskedastic_null,conditional-null,False,200,4,polynomial_ridge,8,62266236,0.014299857496437413,0.8407195222738556,-0.022549554380688494,0.7518986015333357,False,-0.04352720450281427,0.788,-0.0001810725199785524,-0.0005466662861617561,0.00013768013816818156,-0.018975280257387855,False,False,False,False,True
heteroskedastic_null,conditional-null,False,200,4,polynomial_ridge,9,62266237,-0.06301807545188631,0.3753451688467513,-0.10861599973210995,0.12673956953827487,False,0.12195121951219516,0.47,-0.00031631085662278506,-0.0006416904608370155,2.7175187472812597e-05,-0.046316131929328826,False,False,False,False,True
heteroskedastic_null,conditional-null,False,200,4,polynomial_ridge,10,62266238,-0.060289507237680943,0.39641019787861526,-0.08342864464404806,0.241383654443258,False,-0.14709193245778612,0.386,-0.00010905687744771318,-0.000823661771144235,0.0005722416391861217,-0.013604435305296798,False,False,False,False,True
heteroskedastic_null,conditional-null,False,200,4,polynomial_ridge,11,62266239,-0.11777094427360685,0.09673794994799247,-0.11045635704094849,0.12039472791731694,False,0.12439024390243905,0.456,-0.00028445762084590605,-0.0006814696464612396,0.0001195857250502936,-0.03044592299121282,False,False,False,False,True
heteroskedastic_null,conditional-null,False,200,4,polynomial_ridge,12,62266240,-0.10588164704117604,0.13564550679175832,-0.12303861595453705,0.08339408194498328,False,-0.34033771106941846,0.036,-0.00023536923435054855,-0.0005101320742361131,-3.3868718417357573e-06,-0.02018766611804199,True,False,False,False,True
heteroskedastic_null,conditional-null,False,200,4,polynomial_ridge,13,62266241,-0.10369309232730818,0.14396279748551474,-0.18468925121772556,0.009015808931954344,True,-0.04915572232645404,0.76,-0.00028278101162689494,-0.0005394083046359351,1.1265295581846964e-07,-0.026313927086898475,False,False,False,False,True
heteroskedastic_null,conditional-null,False,200,4,polynomial_ridge,14,62266242,-0.00038250956273906857,0.9957109162294269,-0.10636985206225387,0.1348298614169879,False,-0.2232645403377111,0.172,-0.00013679069914298864,-0.0003772951415500991,0.0001494513240851619,-0.01793545162879532,False,False,False,False,True
heteroskedastic_null,conditional-null,False,200,4,polynomial_ridge,15,62266243,-0.015372384309607743,0.8289499836956931,-0.05568094936819078,0.4347234041211242,False,-0.225515947467167,0.162,-0.0008194237225637203,-0.0014758809469465719,-0.00033753941963450795,-0.08146245650071483,False,False,False,False,True
heteroskedastic_null,conditional-null,False,200,4,polynomial_ridge,16,62266244,-0.011704792619815498,0.8693384564304899,0.020132813947014976,0.777753543741687,False,-0.10431519699812385,0.48,-0.0001412592624442056,-0.0005160550679853929,0.00023478771418989968,-0.022684075766624213,False,False,False,False,True
heteroskedastic_null,conditional-null,False,200,4,polynomial_ridge,17,62266245,-0.11704942623565591,0.0988137490840307,-0.04022056947840232,0.5727303360530356,False,0.15891181988742967,0.322,-0.0003061525761132531,-0.0006277799371716464,1.9132692788462725e-05,-0.035192803338611495,False,False,False,False,True
heteroskedastic_null,conditional-null,False,200,4,polynomial_ridge,18,62266246,-0.04451511287782195,0.531378463317002,0.08846239039746033,0.21405525057612496,False,-0.10956848030018763,0.476,-5.7670146687040236e-05,-0.0007290573290440562,0.000617471320670903,-0.0061197030919895624,False,False,False,False,True
heteroskedastic_null,conditional-null,False,200,4,polynomial_ridge,19,62266247,-0.05447836195904898,0.44356894912019235,-0.15983538575858092,0.024128989709378074,True,-0.36210131332082557,0.026,5.982131869366938e-05,-0.0003008011102560116,0.0004637036976626785,0.007614030464651038,True,True,False,False,True
heteroskedastic_null,conditional-null,False,200,4,polynomial_ridge,20,62266248,-0.04358058951473787,0.5400412014131828,-0.07864633137767531,0.2695215142414489,False,-0.15891181988742967,0.318,-0.00023859928048072104,-0.0006006438026676012,9.77021388504862e-05,-0.02852215936122999,False,False,False,False,True
heteroskedastic_null,conditional-null,False,200,4,polynomial_ridge,21,62266249,-0.13104327608190205,0.06437127977538853,0.05237901711879907,0.4624937456420988,False,-0.03977485928705442,0.836,-0.0009896966474358948,-0.0015820024108256475,-0.0005305762095445315,-0.09618131802087407,False,False,False,False,True
heteroskedastic_null,conditional-null,False,200,4,polynomial_ridge,22,62266250,-0.1900337508437711,0.007033737463003155,-0.16828920106444442,0.017500172737022614,True,-0.029268292682926834,0.844,7.664531922152266e-05,-0.0003520399420088422,0.0005036224876081593,0.009650895283345513,False,True,False,False,True
heteroskedastic_null,conditional-null,False,200,4,polynomial_ridge,23,62266251,-0.1727398184954624,0.01444456101400295,-0.032642211918664184,0.6471706876075171,False,-0.1131332082551595,0.506,-8.796547046090349e-05,-0.00046411055424292765,0.000287967121614178,-0.007916166500025953,False,False,False,False,True
heteroskedastic_null,conditional-null,False,200,4,polynomial_ridge,24,62266252,0.007512187804695119,0.9159203860675,-0.14395411747144612,0.042508460304493415,True,0.09249530956848032,0.6,-0.00021925632993919676,-0.0006475069657103966,0.00026718311819701353,-0.019705113614244325,False,False,False,False,True
heteroskedastic_null,conditional-null,False,200,4,polynomial_ridge,25,62266253,-0.06319657991449787,0.373991430167936,-0.07467605942886522,0.2945171766812702,False,0.22082551594746722,0.18,-0.00011423780492309313,-0.0009205544616582984,0.0006213264911703357,-0.010671197569663272,False,False,False,False,True
heteroskedastic_null,conditional-null,False,200,4,polynomial_ridge,26,62266254,0.00545713642841071,0.9388682558315739,-0.07951962387111179,0.26422331578609315,False,-0.05909943714821765,0.754,-0.0006004838066681305,-0.0009852226702222638,-0.0002339669445487809,-0.07158230117427361,False,False,False,False,True
heteroskedastic_null,conditional-null,False,200,4,polynomial_ridge,27,62266255,0.0601635040876022,0.39739976879303734,-0.19424288415340443,0.005975829189606565,True,-0.15196998123827396,0.378,-0.00019060274450600698,-0.00046686644097044427,5.827874460096005e-05,-0.024019562800783576,False,False,False,False,True
heteroskedastic_null,conditional-null,False,200,4,polynomial_ridge,28,62266256,-0.1389514737868447,0.04972954332195928,-0.006696671724623215,0.9252091552513965,False,-0.3973733583489682,0.018,0.00033487629455231874,-0.0002540982271337009,0.0010307974315991978,0.051996065393394894,True,True,False,False,True
heteroskedastic_null,conditional-null,False,200,4,polynomial_ridge,29,62266257,-0.1305122628065702,0.06546933609110833,-0.23514923695659212,0.0008278945942635102,True,-0.4101313320825517,0.014,-0.00027419381807873046,-0.0007101927950013621,0.0001522159280738577,-0.025662074425625087,True,False,False,False,True
heteroskedastic_null,conditional-null,False,200,4,polynomial_ridge,30,62266258,-0.1982119552988825,0.00489992966076915,-0.19572768846519475,0.005596456088542782,True,-0.19699812382739215,0.208,-8.873278304315484e-05,-0.0004510815718210328,0.0002340884465702559,-0.011967979795782145,False,False,False,False,True
heteroskedastic_null,conditional-null,False,200,4,polynomial_ridge,31,62266259,-0.016987924698117454,0.8112940960181931,-0.08757836416284329,0.2186870481857074,False,-0.06378986866791746,0.67,-0.0006312060190558546,-0.0009638397349207102,-0.0002774427050815092,-0.07375907205510907,False,False,False,False,True
heteroskedastic_null,conditional-null,False,200,4,polynomial_ridge,32,62266260,-0.02592664816620416,0.7155434946697361,-0.1451396998424084,0.04081617042993165,True,-0.14690431519699815,0.356,-0.0005155420522680934,-0.0012521939183488635,3.947894106475755e-05,-0.047700376957870466,False,False,False,False,True
heteroskedastic_null,conditional-null,False,200,4,polynomial_ridge,33,62266261,-0.05187879696992426,0.4656532269629179,-0.008560788354050247,0.9044782327991692,False,-0.1607879924953096,0.312,4.747337790958657e-05,-0.00037084837619837704,0.000432010046946875,0.005024629669238874,False,True,False,False,True
heteroskedastic_null,conditional-null,False,200,4,polynomial_ridge,34,62266262,-0.10921473036825922,0.12369278147042226,0.05307128019823985,0.456591524559851,False,-0.22157598499061917,0.168,-4.978237073208734e-05,-0.00026559404758018,0.00014300095204857987,-0.006286092452337642,False,False,False,False,True
heteroskedastic_null,conditional-null,False,200,4,polynomial_ridge,35,62266263,-0.12195304882622067,0.0853791698960767,-0.0657860753540215,0.3559128489606442,False,-0.2043151969981239,0.19,6.64651786480043e-06,-0.00026363227821586243,0.0003154285598809885,0.0006486389075151855,False,True,False,False,True
heteroskedastic_null,conditional-null,False,200,4,polynomial_ridge,36,62266264,-0.09922298057451437,0.1621487028275859,-0.04736620911755069,0.5064686838345036,False,-0.06191369606003753,0.692,-7.733369428980508e-05,-0.0004435829215529955,0.00028115223047308295,-0.007548836671685105,False,False,False,False,True
heteroskedastic_null,conditional-null,False,200,4,polynomial_ridge,37,62266265,-0.08849921248031202,0.21270212832043559,-0.060705697901575734,0.39435265205798253,False,0.01707317073170732,0.93,-9.637343427938531e-05,-0.000396393418944236,0.00019512599474763297,-0.011925943211438693,False,False,False,False,True
heteroskedastic_null,conditional-null,False,200,4,polynomial_ridge,38,62266266,-0.10116852921323033,0.15403267034106352,-0.030450814633478426,0.6694124274609575,False,-0.008442776735459663,0.946,3.7658777854374104e-05,-0.0005398688534017503,0.0005929985696811503,0.004657212211608072,False,True,False,False,True
heteroskedastic_null,conditional-null,False,200,4,polynomial_ridge,39,62266267,0.07774694367359185,0.27383514508200896,-0.14456404445198434,0.041630643140811406,True,-0.12664165103189495,0.426,-0.0006278551458673964,-0.001618369547858081,0.00029217796875876875,-0.060220886314313445,False,False,False,False,True
heteroskedastic_null,conditional-null,False,200,4,polynomial_ridge,40,62266268,-0.04488412210305258,0.527977223977452,-0.0921721020525141,0.19538422724667043,False,-0.15478424015009384,0.336,-0.0009882311560547516,-0.0015471862265040383,-0.0004741794591312752,-0.10558892435082513,False,False,False,False,True
heteroskedastic_null,conditional-null,False,200,4,polynomial_ridge,41,62266269,0.0037200930023250584,0.9583052086525565,-0.04720380628187529,0.5079289582630699,False,0.18442776735459665,0.298,-0.0002289408800134592,-0.0006437571593203746,0.00016527940133823356,-0.03346483341329594,False,False,False,False,True
heteroskedastic_null,conditional-null,False,200,4,polynomial_ridge,42,62266270,-0.029004725118127957,0.6834913876975878,-0.02794063471087839,0.6952468966171822,False,-0.06791744840525328,0.678,-0.0004952358798209263,-0.0008041022407542982,-0.00022581834594113004,-0.05440286169732903,False,False,False,False,True
heteroskedastic_null,conditional-null,False,200,4,polynomial_ridge,43,62266271,-0.05750243756093903,0.41864197333078873,-0.14504225836185944,0.04095308687037724,True,0.028705440900562852,0.858,-0.0003810184785885424,-0.0009113005056952476,1.2491493488824887e-05,-0.053546153907454694,False,False,False,False,True
heteroskedastic_null,conditional-null,False,200,4,polynomial_ridge,44,62266272,0.044779119477986955,0.5289439343678508,-0.15688120233714725,0.026907265561462914,True,-0.08236397748592872,0.598,1.6953606087563924e-05,-0.0004007888463941797,0.00041491689218861225,0.0020459025827535937,False,True,False,False,True
heteroskedastic_null,conditional-null,False,200,4,polynomial_ridge,45,62266273,0.011616290407260182,0.8703177008164223,-0.049287274295880826,0.48936267513398446,False,0.12833020637898687,0.458,-0.000243652396628523,-0.00043444635578233974,-5.7497492172515615e-05,-0.03587263624404344,False,False,False,False,True
heteroskedastic_null,conditional-null,False,200,4,polynomial_ridge,46,62266274,-0.10523513087827197,0.138063227139512,0.025367777341859462,0.722095638768662,False,0.049718574108818026,0.774,-0.00044866374318791244,-0.0007555616236344657,-0.00017857769336741006,-0.045908734767798574,False,False,False,False,True
heteroskedastic_null,conditional-null,False,200,4,polynomial_ridge,47,62266275,-0.06137403435085878,0.3879540070014385,-0.09773516505547641,0.16965014363636574,False,-0.02457786116322702,0.874,-7.099531883951894e-05,-0.0002141687648306739,8.314631955186692e-05,-0.01242941256813633,False,False,False,False,True
heteroskedastic_null,conditional-null,False,200,4,polynomial_ridge,48,62266276,-0.014562364059101478,0.8378354926312889,0.043985252884651625,0.537315097811115,False,0.08724202626641653,0.58,-0.0006779241551518947,-0.0010137762117240904,-0.0003445307610691885,-0.08152691346059675,False,False,False,False,True
heteroskedastic_null,conditional-null,False,200,4,polynomial_ridge,49,62266277,-0.1081347033675842,0.12747303253662978,-0.004205993659823321,0.9529845042947472,False,-0.13883677298311448,0.39,-0.0003386827554777722,-0.0007054063801547518,3.587526418798399e-05,-0.04142358911720695,False,False,False,False,True
heteroskedastic_null,conditional-null,False,200,4,polynomial_ridge,50,62266278,-0.07447686192154804,0.29458499615347133,-0.04783994742571869,0.5022215287386442,False,0.030769230769230774,0.822,-0.00025677500218692674,-0.0006117246042621524,0.00015317548393956284,-0.026721776926628565,False,False,False,False,True
heteroskedastic_null,conditional-null,False,200,4,polynomial_ridge,51,62266279,-0.07383184579614491,0.29879820119642475,-0.11303687307738913,0.11191709009593666,False,0.05178236397748594,0.766,-0.000380542676612727,-0.0006732666612540808,-8.239939713811819e-05,-0.04847273890352949,False,False,False,False,True
heteroskedastic_null,conditional-null,False,200,4,polynomial_ridge,52,62266280,-0.05463286582164555,0.4422753485381779,-0.16426104319088974,0.020429787529226598,True,-0.125703564727955,0.43,-3.753821385257469e-05,-0.00048265362458483344,0.000347244081208013,-0.004521635792432538,False,False,False,False,True
heteroskedastic_null,conditional-null,False,200,4,polynomial_ridge,53,62266281,-0.08320858021450536,0.24143655684390158,-0.09595268081782933,0.17760536348028233,False,0.1960600375234522,0.234,5.650327833649736e-05,-0.000289409338806883,0.00039296247285187426,0.007964966067361651,False,True,False,False,True
heteroskedastic_null,conditional-null,False,200,4,polynomial_ridge,54,62266282,-0.0753858846471162,0.28871471326162446,-0.20109878178873614,0.0043976828378103905,True,0.10919324577861166,0.476,-9.911412835403657e-05,-0.0004307295758271606,0.00024038576042245555,-0.012365876500932599,False,False,False,False,True
heteroskedastic_null,conditional-null,False,200,4,polynomial_ridge,55,62266283,-0.07371934298357459,0.29953713085018757,0.07224512572899378,0.3105596477207035,False,-0.05947467166979363,0.702,-0.0002195726722581913,-0.0006463225183651621,0.00017757790319848014,-0.02671480282404719,False,False,False,False,True
heteroskedastic_null,conditional-null,False,200,4,polynomial_ridge,56,62266284,-0.06686267156678918,0.3468549215943426,-0.10130358393657399,0.15452592675400406,False,0.2714821763602252,0.084,1.7615010150042604e-05,-0.000601637579949114,0.000641233504355784,0.0017873826730915123,False,True,False,False,True
heteroskedastic_null,conditional-null,False,200,4,polynomial_ridge,57,62266285,-0.13907447686192156,0.049525783910422984,-0.07856514013004169,0.27001774498871944,False,-0.00150093808630394,0.992,-0.00024480934534884015,-0.0006342425827650078,0.00011275838229083613,-0.031056831832817013,False,False,False,False,True
heteroskedastic_null,conditional-null,False,200,4,polynomial_ridge,58,62266286,0.056021900547513694,0.43074211858416167,-0.10505323621151975,0.13975293810148487,False,-0.2684803001876173,0.082,-0.0004803969840006996,-0.0009551680950084132,-4.276687596763256e-05,-0.05159784271858529,False,False,False,False,True
heteroskedastic_null,conditional-null,False,200,4,polynomial_ridge,59,62266287,-0.06273006825170631,0.3775356762928328,-0.10035005380371374,0.1584640421745847,False,0.05759849906191371,0.716,-0.00010501617783977013,-0.0009951751213158298,0.0008206143223195794,-0.007862839809046536,False,False,False,False,True
heteroskedastic_null,conditional-null,False,200,4,polynomial_ridge,60,62266288,-0.00656566414160354,0.9264823296422854,-0.06640566242689787,0.35139081847493114,False,0.10619136960600377,0.528,-0.0003450540620576568,-0.0007112692957370059,1.4134302840979228e-05,-0.04918607646033101,False,False,False,False,True
heteroskedastic_null,conditional-null,False,200,4,polynomial_ridge,61,62266289,-0.12110402760069003,0.0875941533435562,-0.06254122013871112,0.3801857695396073,False,0.09512195121951221,0.566,-0.00031888924025516574,-0.0005253979137466547,-0.0001275085311977528,-0.03729830346046663,False,False,False,False,True
heteroskedastic_null,conditional-null,False,200,4,polynomial_ridge,62,62266290,-0.1484707117677942,0.035889699654402404,-0.09155749677171031,0.19839278424299242,False,-0.16604127579737338,0.31,-0.0004878389505097898,-0.000809058556716385,-0.00019352387006083512,-0.049168781583204944,False,False,False,False,True
heteroskedastic_null,conditional-null,False,200,4,polynomial_ridge,63,62266291,-0.03805895147378685,0.5926117688561886,-0.04097650370540059,0.5655316299223778,False,0.10712945590994372,0.496,-0.00017336375540651355,-0.0006075379668745504,0.00022146883609825237,-0.022348136463062863,False,False,False,False,True
heteroskedastic_null,conditional-null,False,200,4,polynomial_ridge,64,62266292,-0.11336233405835147,0.10997775909736848,-0.08216885787479192,0.24858856108391764,False,0.021763602251407135,0.91,-0.00018392694524909,-0.0008537282760530192,0.0004738937860251654,-0.017718639306712664,False,False,False,False,True
heteroskedastic_null,conditional-null,False,200,4,polynomial_ridge,65,62266293,-0.06310507762694068,0.3746849885661358,-0.0021393201119090724,0.9760760315198266,False,-0.19212007504690432,0.25,-7.808572514377866e-05,-0.0002902759363837919,0.00010370902295172606,-0.009781495618845238,False,False,False,False,True
heteroskedastic_null,conditional-null,False,200,4,polynomial_ridge,66,62266294,0.004746118652966324,0.9468206015551803,-0.0016544714459561702,0.981496977204484,False,-0.38424015009380863,0.014,-0.0003948665311018437,-0.0006925814650371588,-0.00012445620487502239,-0.04842459594522397,True,False,False,False,True
heteroskedastic_null,conditional-null,False,200,4,polynomial_ridge,67,62266295,-0.1301762544063602,0.066172035063987,0.11033196364328192,0.12081565986114609,False,0.11444652908067543,0.46,-0.0006280184874727507,-0.0013311168471721601,-5.852070685384258e-05,-0.08436974428502866,False,False,False,False,True
heteroskedastic_null,conditional-null,False,200,4,polynomial_ridge,68,62266296,-0.14753918847971204,0.037081627885939855,-0.0710825076101513,0.31843072292867214,False,0.27279549718574114,0.106,-0.0002719367260937324,-0.0005235033932561957,1.330174220381862e-05,-0.027427732657058994,False,False,False,False,True
heteroskedastic_null,conditional-null,False,200,4,polynomial_ridge,69,62266297,-0.12916672916822922,0.06832044474264909,-0.14770940842820945,0.03734198027629589,True,-0.15928705440900565,0.35,-0.00030126620172228787,-0.0005918911895993785,-3.075394382421257e-05,-0.037497373308850945,False,False,False,False,True
heteroskedastic_null,conditional-null,False,200,4,polynomial_ridge,70,62266298,-0.08621765544138604,0.2247779322769918,-0.25908794194339896,0.00021975007435208113,True,0.24990619136960604,0.134,-0.00018499614125928182,-0.0006673043656622289,0.0002922655164454551,-0.020618642026531405,False,False,False,False,True
heteroskedastic_null,conditional-null,False,200,4,polynomial_ridge,71,62266299,-0.09762844071101778,0.1690359274769487,-0.06644586929973947,0.3510986238146011,False,0.3848030018761727,0.018,-0.0001599248048517795,-0.0006817776579595445,0.0003361497285425173,-0.017921409390995013,True,False,False,False,True
heteroskedastic_null,conditional-null,False,200,4,polynomial_ridge,72,62266300,-0.1603150078751969,0.023349150634288766,-0.21857602949153232,0.0019250359217061533,True,0.004878048780487806,0.986,-0.00013808197455843912,-0.00038745429887973283,8.898158031161467e-05,-0.014795685893019632,False,False,False,False,True
heteroskedastic_null,conditional-null,False,200,4,polynomial_ridge,73,62266301,-0.09928898222455564,0.16186822334589013,-0.1977894976080626,0.005105425167758762,True,-0.018198874296435276,0.924,-0.00023231516785186812,-0.0011216065607532527,0.0004808665798381355,-0.023400329702196764,False,False,False,False,True
heteroskedastic_null,conditional-null,False,200,4,polynomial_ridge,74,62266302,-0.11379434485862147,0.10862066132301464,-0.22899854183940246,0.0011402737600404807,True,0.001876172607879925,0.992,6.090152448668014e-05,-0.0007502696764723399,0.0008625240497511701,0.007109750258398174,False,True,False,False,True
heteroskedastic_null,conditional-null,False,200,4,polynomial_ridge,75,62266303,0.00910522763069077,0.89817833661272,-0.047510352308759704,0.505174431771276,False,-0.2799249530956849,0.084,-0.0001809768761914035,-0.00040725173688821627,1.7678311266163424e-05,-0.02379612970912185,False,False,False,False,True
heteroskedastic_null,conditional-null,False,200,4,polynomial_ridge,76,62266304,-0.12487662191554792,0.07809368598908109,-0.16078538483963348,0.023289679859952655,True,-0.08836772983114449,0.598,7.825076086022918e-05,-0.0005641072528034863,0.0006387875633698469,0.007837736370102271,False,True,False,False,True
heteroskedastic_null,conditional-null,False,200,4,polynomial_ridge,77,62266305,-0.06545563639090979,0.3571192140648704,-0.010067739212691022,0.8877658050488304,False,0.2834896810506567,0.104,-7.880080008038082e-05,-0.0005472961447398006,0.00030334029296014137,-0.007526273254376655,False,False,False,False,True
heteroskedastic_null,conditional-null,False,200,4,polynomial_ridge,78,62266306,-0.011937298432460813,0.866766816336557,-0.0837656672185266,0.23948115757359956,False,-0.05572232645403378,0.724,-8.326146946215085e-05,-0.00046126195175635496,0.00031618027454130484,-0.009555032001344698,False,False,False,False,True
heteroskedastic_null,conditional-null,False,200,4,polynomial_ridge,79,62266307,0.05796294907372685,0.414919174797093,-0.09484373726118639,0.18269173606136185,False,0.15347091932457788,0.364,-0.00011005636854023032,-0.0003343333022276287,0.00013483323667077765,-0.013917272631182837,False,False,False,False,True
heteroskedastic_null,conditional-null,False,200,4,polynomial_ridge,80,62266308,-0.034157353933848354,0.6311063332985478,0.0663386275608523,0.3518783195490737,False,0.1328330206378987,0.424,-0.0002599841418977674,-0.0006508645000332855,0.00015531319670811296,-0.035838330125967544,False,False,False,False,True
heteroskedastic_null,conditional-null,False,200,4,polynomial_ridge,81,62266309,-0.12141603540088505,0.08677487937052057,-0.20913791509170068,0.0030315430653894424,True,-0.010881801125703567,0.956,-8.508018607486685e-05,-0.00030626983379233316,0.00015021971217394684,-0.01180438352092276,False,False,False,False,True
heteroskedastic_null,conditional-null,False,200,4,polynomial_ridge,82,62266310,-0.054331358283957104,0.4448017423790524,-0.16533385726405414,0.019610791976346208,True,0.1375234521575985,0.392,-0.00017627393034633232,-0.0005734108652179894,0.00026733962807732676,-0.01910585437918591,False,False,False,False,True
heteroskedastic_null,conditional-null,False,200,4,polynomial_ridge,83,62266311,-0.04070501762544064,0.5671289763557376,-0.0780210710007539,0.27335906915474606,False,0.03639774859287055,0.846,-0.0005134696094153089,-0.000826554331544823,-0.00022327487382676038,-0.050051241300007876,False,False,False,False,True
heteroskedastic_null,conditional-null,False,200,4,polynomial_ridge,84,62266312,-0.20143253581339537,0.0042336434804231835,-0.23424257426997716,0.0008683539178999086,True,-0.3437148217636023,0.03,0.00018546803034791802,-0.0005473626946421412,0.0009660421912549013,0.020305832261613865,True,True,False,False,True
heteroskedastic_null,conditional-null,False,200,4,polynomial_ridge,85,62266313,0.00859521488037201,0.9038533992873407,-0.1589014551295171,0.024979340692604598,True,-0.08386491557223266,0.636,-0.00021901872473534256,-0.0007428357715907099,0.00027929918609177626,-0.020740444009099218,False,False,False,False,True
heteroskedastic_null,conditional-null,False,200,4,polynomial_ridge,86,62266314,-0.06966474161854047,0.3269753782522231,-0.03944463985225515,0.5801640436027264,False,-0.18442776735459665,0.27,-0.0005214865292041022,-0.0008384374438313065,-0.0001791269536105359,-0.05447839187283514,False,False,False,False,True
heteroskedastic_null,conditional-null,False,200,4,polynomial_ridge,87,62266315,-0.05504237605940149,0.43885706184175355,-0.11622246716204407,0.10210442786380722,False,-0.08667917448405253,0.582,-0.00019742850887063436,-0.0005165488124248911,0.00010945593213100273,-0.024553100935519885,False,False,False,False,True
heteroskedastic_null,conditional-null,False,200,4,polynomial_ridge,88,62266316,-0.1310882772069302,0.06427892175870825,-0.049619935792535985,0.48643219184487946,False,-0.05928705440900564,0.726,-0.0001628340406385296,-0.0010406164362343842,0.0007134989719345215,-0.015133262660790573,False,False,False,False,True
heteroskedastic_null,conditional-null,False,200,4,polynomial_ridge,89,62266317,-0.13146928673216832,0.06350130013590105,-0.11398420269406236,0.10892483138001854,False,0.2392120075046905,0.136,-0.00037334283847714755,-0.0009288993935486908,8.757683460403743e-05,-0.046218101933431614,False,False,False,False,True
heteroskedastic_null,conditional-null,False,200,4,polynomial_ridge,90,62266318,-0.12401410035250883,0.08018884791427913,-0.19503954188915162,0.005769513907028891,True,0.008818011257035649,0.936,-0.0005793647402902603,-0.0009274469431667221,-0.0002473115026740705,-0.060932767305594326,False,False,False,False,True
heteroskedastic_null,conditional-null,False,200,4,polynomial_ridge,91,62266319,-0.12279006975174381,0.08323970558951586,-0.2239791082568395,0.001471674653264217,True,0.050844277673545976,0.762,-0.0003526545996548943,-0.0006547992528232114,-0.00010686172564073293,-0.03626662847936113,False,False,False,False,True
heteroskedastic_null,conditional-null,False,200,4,polynomial_ridge,92,62266320,0.008224705617640443,0.9079792410749046,0.0067782896355361374,0.9243003196862173,False,-0.24127579737335839,0.116,-0.00013345990192228582,-0.0005386014375065566,0.00022216274127310906,-0.01617724162162516,False,False,False,False,True
heteroskedastic_null,conditional-null,False,200,4,polynomial_ridge,93,62266321,-0.11487437185929648,0.1052854242836992,-0.035551760245563536,0.6181193052911802,False,0.1204502814258912,0.46,-0.0003579350237529807,-0.0006222594139727602,-8.020534069230761e-05,-0.03952675950971443,False,False,False,False,True
heteroskedastic_null,conditional-null,False,200,4,polynomial_ridge,94,62266322,-0.13707492687317185,0.05292560104239717,-0.026887368093488136,0.7061945890082009,False,-0.033020637898686686,0.844,-0.0005274320980077872,-0.0009863439980123884,-7.130036770825665e-05,-0.04287853799680201,False,False,False,False,True
heteroskedastic_null,conditional-null,False,200,4,polynomial_ridge,95,62266323,-0.19029025725643142,0.006955891044844766,-0.1926969293684828,0.006395105781114498,True,0.19831144465290812,0.218,-0.0004601145710431652,-0.0007958834187102623,-8.840745802207994e-05,-0.05847657259289118,False,False,False,False,True
heteroskedastic_null,conditional-null,False,200,4,polynomial_ridge,96,62266324,-0.10108752718817972,0.15436434668465648,0.028948922499529704,0.6848254231978967,False,0.11013133208255162,0.516,-0.0002976568822449562,-0.0005041111771223955,-8.524311151789961e-05,-0.040517980892896724,False,False,False,False,True
heteroskedastic_null,conditional-null,False,200,4,polynomial_ridge,97,62266325,-0.18613815345383639,0.008315227604667005,-0.17671152020004643,0.012531975484265594,True,-0.057223264540337715,0.748,-0.00023055845531687845,-0.0007408630592034392,0.0002274278756875954,-0.02897090410220684,False,False,False,False,True
heteroskedastic_null,conditional-null,False,200,4,polynomial_ridge,98,62266326,-0.017998949973749345,0.800292481418843,-0.12100781511484188,0.08865538160973233,False,-0.13489681050656663,0.402,-0.0003685812032701713,-0.0009127242384833723,0.0001921777486803507,-0.03295234542136096,False,False,False,False,True
heteroskedastic_null,conditional-null,False,200,4,polynomial_ridge,99,62266327,0.018271956798919974,0.7973283515878253,-0.10852844191276352,0.12704775145846714,False,-0.13545966228893058,0.396,-0.0002353696455630449,-0.00048496406180133033,-1.3244987271424873e-05,-0.024806173076439272,False,False,False,False,True
heteroskedastic_null,conditional-null,False,400,4,polynomial_ridge,0,64267628,-0.041792698704366894,0.40450505781107077,-0.14416645623110433,0.003904480177092239,True,-0.2830989217065166,0.01,-0.00029493777542640223,-0.000494205692183981,-0.0001239513560974128,-0.033339180976870976,True,False,False,False,True
heteroskedastic_null,conditional-null,False,400,4,polynomial_ridge,1,64267629,-0.10336095850599067,0.03880138405689985,0.03488679786819478,0.4871251885761114,False,0.003750586029067042,0.986,0.00011872006198495634,-0.00019114864661164482,0.0004866280985554036,0.013397941333273098,False,True,False,False,True
heteroskedastic_null,conditional-null,False,400,4,polynomial_ridge,2,64267630,-0.09056569103556897,0.07039429046842259,-0.07250510445708604,0.14827601580898775,False,-0.16200187529301452,0.144,3.6008922301484884e-05,-0.00021213187193864564,0.0002968482798375619,0.004664779932735487,False,True,False,False,True
heteroskedastic_null,conditional-null,False,400,4,polynomial_ridge,3,64267631,-0.04527047044044025,0.36650520942297016,-0.07855796049859874,0.11718648283967062,False,0.06451007969995312,0.566,6.414483935264156e-05,-0.00018934482293992457,0.00028744860775510524,0.006636125256624791,False,True,False,False,True
heteroskedastic_null,conditional-null,False,400,4,polynomial_ridge,4,64267632,-0.13536572103575645,0.00670134790424804,-0.08831243149926041,0.07807791769804485,False,-0.03459915611814346,0.746,-0.00010346791698776468,-0.00030107210229146473,7.163508311039784e-05,-0.01193122236140021,False,False,False,False,True
heteroskedastic_null,conditional-null,False,400,4,polynomial_ridge,5,64267633,-0.032233326458290364,0.5203434363418505,-0.07259373925078606,0.147779407725651,False,0.050492264416315054,0.63,-0.000176427442230025,-0.00032783804952138705,-4.713577983932776e-05,-0.019552694805217603,False,False,False,False,True
heteroskedastic_null,conditional-null,False,400,4,polynomial_ridge,6,64267634,-0.04419365121032006,0.3780268559662697,0.03254986240903926,0.5167812692552957,False,-0.08443506797937178,0.478,-0.00010005555010887332,-0.00022687788521585426,4.371156625409435e-05,-0.012630873307911891,False,False,False,False,True
heteroskedastic_null,conditional-null,False,400,4,polynomial_ridge,7,64267635,-0.09671497946862166,0.05326339936808914,-0.12969159313040046,0.009502622720408445,True,-0.038888888888888896,0.756,-6.251947459912262e-05,-0.00017537699468658463,5.027501848830058e-05,-0.00790763388323585,False,False,False,False,True
heteroskedastic_null,conditional-null,False,400,4,polynomial_ridge,8,64267636,-0.10903268145425907,0.029232767386566275,-0.15594830493933418,0.0017815059872823551,True,0.0503047351148617,0.678,-0.00020755675372247963,-0.000344042295294096,-8.19377172274428e-05,-0.021611507472759837,False,False,False,False,True
heteroskedastic_null,conditional-null,False,400,4,polynomial_ridge,9,64267637,-0.11991187444921529,0.016422161729557655,-0.16231695091842288,0.0011390883836214169,True,-0.01211908110642288,0.92,-0.000203884493954129,-0.00044493094924779453,3.0608499433594953e-05,-0.024286656674110646,False,False,False,False,True
heteroskedastic_null,conditional-null,False,400,4,polynomial_ridge,10,64267638,-0.015382033637710233,0.7590747314886481,-0.01142028566616003,0.8201035844709186,False,0.06901078293483358,0.536,-5.813744899101948e-05,-0.00034159121626180195,0.00019011103634576876,-0.007246105468976472,False,False,False,False,True
heteroskedastic_null,conditional-null,False,400,4,polynomial_ridge,11,64267639,-0.009054994093713084,0.8567311427154475,-0.03060583419055362,0.5421428128320105,False,0.17318330989217065,0.136,-0.00015511172934223015,-0.0002841927798329548,-2.0374397969666992e-05,-0.018344567151280373,False,False,False,False,True
heteroskedastic_null,conditional-null,False,400,4,polynomial_ridge,12,64267640,0.00624641404008775,0.9008888934460352,-0.054998755186104004,0.27308652903644587,False,-0.11275199249882795,0.298,3.597991625419947e-05,-0.0003178297140966309,0.00036087528980129654,0.003942821539120104,False,True,False,False,True
heteroskedastic_null,conditional-null,False,400,4,polynomial_ridge,13,64267641,-0.057527797048731545,0.25100732017499594,-0.08737051175826445,0.08131896895703025,False,-0.2545241443975621,0.02,-0.0001292840147863409,-0.0003607355127131927,0.00011292382841465862,-0.013408651092152299,True,False,False,False,True
heteroskedastic_null,conditional-null,False,400,4,polynomial_ridge,14,64267642,-0.07142388389927436,0.15391777508851293,-0.03566305610512442,0.47748090229793505,False,0.002226910454758556,0.99,8.969907853231991e-05,-0.00019972074838115793,0.00040428825924319304,0.010367938655434563,False,True,False,False,True
heteroskedastic_null,conditional-null,False,400,4,polynomial_ridge,15,64267643,-0.08733579584872406,0.0810572355781998,-0.08120069205718332,0.10532484906766337,False,-0.021073605250820443,0.842,-4.358055489328376e-05,-0.00023797678878471185,0.00016567533439439897,-0.00426384707165458,False,False,False,False,True
heteroskedastic_null,conditional-null,False,400,4,polynomial_ridge,16,64267644,-0.1301740010875068,0.00914911245571907,-0.15518879929185442,0.0018770607033870693,True,0.03394280356305673,0.738,-0.0004189310460475052,-0.0007237943183073236,-0.00013999979891214534,-0.044639509842105844,False,False,False,False,True
heteroskedastic_null,conditional-null,False,400,4,polynomial_ridge,17,64267645,-0.01900324377027356,0.7047549356915251,-0.14174300043386096,0.00455728260021849,True,0.020323488045007033,0.872,-1.0158216355199076e-05,-0.00033983884756534963,0.00031911342561970245,-0.0013183962704833244,False,False,False,False,True
heteroskedastic_null,conditional-null,False,400,4,polynomial_ridge,18,64267646,-0.07927455796598727,0.11341654988094321,-0.09058297253747868,0.07069462737970358,False,0.060548523206751054,0.574,-0.00033976225556116117,-0.00048269195080469246,-0.00019124045995906112,-0.036719776024471004,False,False,False,False,True
heteroskedastic_null,conditional-null,False,400,4,polynomial_ridge,19,64267647,-0.04788573678585491,0.33944336774868095,-0.016497964934228736,0.7425071494011722,False,0.12712142522269107,0.256,0.00020027625972128538,-0.0001528358992009166,0.0005485441220398575,0.023539629913414566,False,True,False,False,True
heteroskedastic_null,conditional-null,False,400,4,polynomial_ridge,20,64267648,-0.01781786136163351,0.7223871692219989,-0.10285648078008354,0.040018287216941964,True,-0.04777308954524145,0.684,-0.00011094320063865203,-0.000245860554317429,1.3803386254306432e-05,-0.012251884805814633,False,False,False,False,True
heteroskedastic_null,conditional-null,False,400,4,polynomial_ridge,21,64267649,-0.04584047400296252,0.3604956208310723,-0.09824031446249144,0.04988627118639207,True,0.01277543366150961,0.918,-0.00010711802415613696,-0.0002817836557658361,6.783939757973479e-05,-0.010694361229776768,False,False,False,False,True
heteroskedastic_null,conditional-null,False,400,4,polynomial_ridge,22,64267650,-0.003283520522003262,0.947803715856153,-0.17019792897604757,0.0006402227273370091,True,-0.004781997187060479,0.96,-0.00020182888919403202,-0.0005521579645848326,9.118477561804023e-05,-0.02260017770803289,False,False,False,False,True
heteroskedastic_null,conditional-null,False,400,4,polynomial_ridge,23,64267651,-0.010465377908611928,0.834715039010345,0.0659707741987808,0.1884884484022987,False,0.008696671354899203,0.952,6.937524757362652e-05,-0.0002523926488054958,0.0003945231529650005,0.008262628552586337,False,True,False,False,True
heteroskedastic_null,conditional-null,False,400,4,polynomial_ridge,24,64267652,-0.08730598316239477,0.08116142573188559,-0.14236112210349075,0.00438203345565152,True,-0.06523675574308485,0.566,-5.304844089289683e-05,-0.00017179429227756984,5.184461759181249e-05,-0.006758570580833461,False,False,False,False,True
heteroskedastic_null,conditional-null,False,400,4,polynomial_ridge,25,64267653,-0.12578403615022593,0.011808521942137792,-0.12328227499310664,0.013730313963106325,True,0.058485700890764186,0.562,-0.0002945773973192945,-0.0006150836165626313,-2.5230867571128088e-05,-0.030472885801541654,False,False,False,False,True
heteroskedastic_null,conditional-null,False,400,4,polynomial_ridge,26,64267654,0.00178444865280408,0.9716193987841901,0.009941584847511885,0.8430725507046958,False,0.05147679324894515,0.656,0.00010468212760645496,-0.00019912792863848176,0.0004022167304681135,0.011225414845603961,False,True,False,False,True
heteroskedastic_null,conditional-null,False,400,4,polynomial_ridge,27,64267655,-0.009601372508578178,0.8481880032721383,-0.10396090980265763,0.03791893214838768,True,0.0001406469760900141,1.0,-0.00017188848642152484,-0.0004371205153199842,4.28662913562476e-05,-0.018969697378434798,False,False,False,False,True
heteroskedastic_null,conditional-null,False,400,4,polynomial_ridge,28,64267656,-0.09463859149119681,0.05861169350969273,-0.09598160471213169,0.0554108325964578,False,0.027074542897327712,0.78,-0.0002368386424267191,-0.0005097592358428116,1.2561142340331557e-05,-0.026553195289224816,False,False,False,False,True
heteroskedastic_null,conditional-null,False,400,4,polynomial_ridge,29,64267657,-0.08234263964149775,0.10007448718738839,-0.08441593105334776,0.09219645644607949,False,-0.1572667604313174,0.186,-5.985195203444399e-05,-0.0001722174112290683,6.404636643619763e-05,-0.007236341435125907,False,False,False,False,True
heteroskedastic_null,conditional-null,False,400,4,polynomial_ridge,30,64267658,-0.09033281458009111,0.07112265588515582,-0.10290192055809011,0.03993001473903576,True,0.13996718237224567,0.202,-4.9081637402151324e-05,-0.00029986163024038886,0.00020825545042958858,-0.005445045229935022,False,False,False,False,True
heteroskedastic_null,conditional-null,False,400,4,polynomial_ridge,31,64267659,-0.048348864680404245,0.33478763976145276,-0.04633133890593655,0.3559759284975191,False,0.036146272855133624,0.746,-0.0001430672142305467,-0.0002749372221328572,-2.5181297549034245e-05,-0.018706274649007964,False,False,False,False,True
heteroskedastic_null,conditional-null,False,400,4,polynomial_ridge,32,64267660,-0.0847330920818255,0.09056913213739078,-0.031287948614975955,0.5331740651352667,False,0.09556962025316455,0.414,-0.00015314164952418517,-0.0004182331598891878,0.00015711458762148148,-0.013565321625696744,False,False,False,False,True
heteroskedastic_null,conditional-null,False,400,4,polynomial_ridge,33,64267661,-0.09848630303939399,0.04902784974296907,-0.10465592797450646,0.03664624267161744,True,0.022644163150492266,0.852,-0.0001951855449117395,-0.0003333406966101711,-5.5755266676949184e-05,-0.02209227353277981,False,False,False,False,True
heteroskedastic_null,conditional-null,False,400,4,polynomial_ridge,34,64267662,-0.08993906211913825,0.07236818518544298,-0.14821055593507818,0.0030011369721106886,True,0.09254571026722926,0.352,-0.00010078471724286713,-0.0003089505216916135,0.00010777889095264877,-0.010609408172352407,False,False,False,False,True
heteroskedastic_null,conditional-null,False,400,4,polynomial_ridge,35,64267663,-0.1112770704816905,0.026048200498700286,-0.10545771693663325,0.035223252776646195,True,0.03975621190811065,0.76,1.8121056329201135e-05,-0.0002797638945477649,0.0003525448001459174,0.0021099663474604255,False,True,False,False,True
heteroskedastic_null,conditional-null,False,400,4,polynomial_ridge,36,64267664,-0.0939375246095288,0.060514893875500665,-0.08452275358697968,0.0917838522822398,False,-0.03284106891701829,0.754,-0.0002851523226563499,-0.00047194094448721864,-7.759708464307104e-05,-0.0328633820526951,False,False,False,False,True
heteroskedastic_null,conditional-null,False,400,4,polynomial_ridge,37,64267665,-0.023290458065362906,0.6423508659161438,-0.0018882286007368709,0.9700073753667973,False,0.06284575714955462,0.576,-0.00012172467041035237,-0.0002760976492028701,-5.021598495405445e-06,-0.015083118987390893,False,False,False,False,True
heteroskedastic_null,conditional-null,False,400,4,polynomial_ridge,38,64267666,-0.06549172182326139,0.19116551136500604,-0.12099284839982885,0.015600172638036956,True,-0.03724800750117206,0.746,-0.00024371427478448587,-0.0004072228232786748,-8.820092647273066e-05,-0.02195459631676172,False,False,False,False,True
heteroskedastic_null,conditional-null,False,400,4,polynomial_ridge,39,64267667,-0.09427108919430746,0.05960309002892006,-0.1518015859091094,0.0023629607201419104,True,-0.14003750586029068,0.232,-0.00015213022006890786,-0.00039895242744388893,7.2697118450453e-05,-0.015333182257900587,False,False,False,False,True
heteroskedastic_null,conditional-null,False,400,4,polynomial_ridge,40,64267668,-0.04038568991056194,0.42052270999153263,-0.14263807899244,0.004305503825252893,True,-0.17355836849507736,0.132,-0.00015748241106784688,-0.00035668051560474386,2.918665521794312e-05,-0.01694778665679968,False,False,False,False,True
heteroskedastic_null,conditional-null,False,400,4,polynomial_ridge,41,64267669,-0.10087731798323739,0.0437604001891854,-0.03791331363707317,0.45012093194074304,False,-0.1007735583684951,0.344,-0.00016879881509051196,-0.0003066632598973239,-5.534773106150079e-05,-0.020051282167466673,False,False,False,False,True
heteroskedastic_null,conditional-null,False,400,4,polynomial_ridge,42,64267670,-0.04722010762567266,0.3462068821336457,-0.12878068268268747,0.01002248920601743,True,-0.2508204406938584,0.028,5.9126260027670026e-05,-0.00015987979241359926,0.00026880087538506736,0.008348774881849345,True,True,False,False,True
heteroskedastic_null,conditional-null,False,400,4,polynomial_ridge,43,64267671,-0.04436521478259239,0.3761764378434986,-0.08293587799483242,0.09806729974479966,False,-0.02625410220346929,0.816,-3.266496607273479e-05,-0.00023494120359492148,0.00015771208692949215,-0.004378299430056879,False,False,False,False,True
heteroskedastic_null,conditional-null,False,400,4,polynomial_ridge,44,64267672,-0.03270301689385559,0.5142799510465866,-0.09317715445869651,0.06296764426815714,False,-0.035700890764181904,0.77,-0.00015695369732692845,-0.00029863550112809145,-2.306991448023265e-05,-0.01689891543805491,False,False,False,False,True
heteroskedastic_null,conditional-null,False,400,4,polynomial_ridge,45,64267673,-0.02763823523897024,0.5815376237660116,-0.05467429872399818,0.27593037519618197,False,-0.007524613220815754,0.948,-2.5096387801222184e-05,-0.0002665173152526637,0.00022143119243530992,-0.002787338096221013,False,False,False,False,True
heteroskedastic_null,conditional-null,False,400,4,polynomial_ridge,46,64267674,-0.08467046669041679,0.09080857808782705,-0.08672156864648671,0.08361456511766652,False,-0.01617440225035162,0.888,7.244291093182371e-05,-0.00020129364173658253,0.00034259978445202565,0.009191677559179403,False,True,False,False,True
heteroskedastic_null,conditional-null,False,400,4,polynomial_ridge,47,64267675,-0.02065137907111919,0.6805014672957085,-0.019934225141141394,0.6913851341816832,False,-0.19835911861228317,0.088,-0.00012358393497931622,-0.00029350646872648923,4.66064142799635e-05,-0.01600627921826655,False,False,False,False,True
heteroskedastic_null,conditional-null,False,400,4,polynomial_ridge,48,64267676,-0.013843774023587645,0.7825309952221922,-0.08260835072076642,0.09940585799424795,False,0.12852789498359118,0.242,-0.00015292052138833959,-0.0003231900190667307,2.76665475609332e-06,-0.014374300021910823,False,False,False,False,True
heteroskedastic_null,conditional-null,False,400,4,polynomial_ridge,49,64267677,-0.06531303320645754,0.19238196589093626,-0.15710584859760876,0.0016444149564441642,True,0.006375996249413971,0.956,-0.00017430010900715276,-0.0006288808925070286,0.00022038722940531818,-0.018699485798640836,False,False,False,False,True
heteroskedastic_null,conditional-null,False,400,4,polynomial_ridge,50,64267678,-0.05483528022050137,0.2739125182284033,-0.06026345300712186,0.2297214235340176,False,0.07735583684950775,0.448,-0.00018624952194721406,-0.00042352953097184577,3.8338182237470887e-05,-0.01776985458590529,False,False,False,False,True
heteroskedastic_null,conditional-null,False,400,4,polynomial_ridge,51,64267679,-0.05915868224176401,0.23779940732017807,-0.11772873284383714,0.018650806838552757,True,-0.18558368495077354,0.098,1.5797819271319742e-05,-0.0002653908539778505,0.00027779459353625583,0.0021518472127014282,False,True,False,False,True
heteroskedastic_null,conditional-null,False,400,4,polynomial_ridge,52,64267680,-0.058470365439784,0.2433129348557939,-0.06224614672743093,0.21472830772406423,False,-0.018706047819971875,0.892,0.00012441957661695965,-0.0001935854881901014,0.0004544454161489219,0.015874217658243754,False,True,False,False,True
heteroskedastic_null,conditional-null,False,400,4,polynomial_ridge,53,64267681,-0.012152513453209082,0.8085488058891991,-0.053000530174300474,0.2909199187628065,False,-0.013033286451007972,0.912,3.908983406380323e-05,-0.0001616031002763719,0.0002307228761035771,0.005129717388332209,False,True,False,False,True
heteroskedastic_null,conditional-null,False,400,4,polynomial_ridge,54,64267682,0.005127407046294039,0.9185757921487414,0.004923347705902957,0.9219038279740545,False,-0.02817627754336615,0.82,0.0001973285091092722,-7.819041528165358e-05,0.0004973551353070303,0.024388956161054992,False,True,False,False,True
heteroskedastic_null,conditional-null,False,400,4,polynomial_ridge,55,64267683,-0.06253932837080231,0.21199654240456456,-0.1624190968380183,0.0011307961453839723,True,-0.10581340834505393,0.352,2.7759341373549684e-05,-0.00020124758732444333,0.0002443860935812302,0.002833500384088991,False,True,False,False,True
heteroskedastic_null,conditional-null,False,400,4,polynomial_ridge,56,64267684,-0.06609978812367577,0.18706824223707214,-0.18045115185450508,0.0002912225769351835,True,-0.030168776371308017,0.8,-4.6565177262789664e-05,-0.00018298337434291098,9.786258757884012e-05,-0.005761877504580977,False,False,False,False,True
heteroskedastic_null,conditional-null,False,400,4,polynomial_ridge,57,64267685,-0.0344647779048619,0.49186684179683066,-0.05510535842070113,0.272156530418302,False,0.03741209563994375,0.792,-0.0001232155584038816,-0.000274156153883967,1.4742716804308233e-05,-0.017303564961879316,False,False,False,False,True
heteroskedastic_null,conditional-null,False,400,4,polynomial_ridge,58,64267686,-0.019208745054656595,0.7017138578783229,-0.09338281483307585,0.06238604790055881,False,0.031481481481481485,0.736,-8.940565684489518e-05,-0.00022114606003710926,3.7169332096663994e-05,-0.009312264017462227,False,False,False,False,True
heteroskedastic_null,conditional-null,False,400,4,polynomial_ridge,59,64267687,-0.013248832805205031,0.7916573980616021,-0.015763633313436196,0.7535894337279889,False,-0.05058602906704173,0.656,-3.1507015081136056e-05,-0.00028849373251230235,0.00022264167284077982,-0.003300524982655442,False,False,False,False,True
heteroskedastic_null,conditional-null,False,400,4,polynomial_ridge,60,64267688,-0.07394764967281045,0.1398508926766623,-0.09718084664322864,0.05241749703327506,False,-0.1593061415846226,0.184,-7.650144024502585e-05,-0.0002959495532251434,0.0001263651265743544,-0.008207305180223981,False,False,False,False,True
heteroskedastic_null,conditional-null,False,400,4,polynomial_ridge,61,64267689,0.021675885474284215,0.6655874840290814,-0.004554983926381396,0.9277303759725256,False,0.13293483356774496,0.228,-5.155147812626465e-05,-0.0003093251719320412,0.00018922988615169606,-0.006123910746168391,False,False,False,False,True
heteroskedastic_null,conditional-null,False,400,4,polynomial_ridge,62,64267690,-0.06348058425365158,0.20518512965174307,-0.05337246155057126,0.2875428062779557,False,-0.09041256446319738,0.376,-6.0446179357115555e-05,-0.00019528999897541502,7.509802683627163e-05,-0.008262441203838079,False,False,False,False,True
heteroskedastic_null,conditional-null,False,400,4,polynomial_ridge,63,64267691,-0.05222113888211801,0.29747414726528265,-0.0910885402207067,0.06913081915955123,False,-0.06371308016877637,0.604,-0.00013649626880980238,-0.0002475827326066255,-1.1765669378403597e-05,-0.017511174220804903,False,False,False,False,True
heteroskedastic_null,conditional-null,False,400,4,polynomial_ridge,64,64267692,-0.05706129413308833,0.2548774179016196,-0.02058835962275852,0.6818020019141936,False,0.053375527426160335,0.64,-0.0001111943224661998,-0.00040825718566653925,0.00020302774302607908,-0.013734138332035106,False,False,False,False,True
heteroskedastic_null,conditional-null,False,400,4,polynomial_ridge,65,64267693,-0.04381846136538353,0.38209292850767035,-0.11555076049102225,0.020964608503458198,True,-0.05262541022034693,0.656,-8.831605834364216e-05,-0.00025101876776244654,5.636069001376423e-05,-0.010585702942263705,False,False,False,False,True
heteroskedastic_null,conditional-null,False,400,4,polynomial_ridge,66,64267694,-0.08912211951324694,0.07500912619470962,-0.12259908173260498,0.014266498897887293,True,-0.03947491795593062,0.734,8.596985425080549e-05,-0.00023889819477815574,0.0003783703207206012,0.010441876002396024,False,True,False,False,True
heteroskedastic_null,conditional-null,False,400,4,polynomial_ridge,67,64267695,-0.15058706616916356,0.0025314842650284454,-0.05320013498755265,0.2891042301331316,False,0.12172995780590719,0.268,-0.00010945152821734833,-0.0002493347605561504,4.6809653307212004e-05,-0.010979962829209107,False,False,False,False,True
heteroskedastic_null,conditional-null,False,400,4,polynomial_ridge,68,64267696,-0.15597828736429603,0.001754170583300545,-0.11188993499186402,0.025416684444799772,True,0.051898734177215196,0.65,-0.00015993752297271263,-0.0003185233947523388,-9.291930224905642e-06,-0.01901787877080981,False,False,False,False,True
heteroskedastic_null,conditional-null,False,400,4,polynomial_ridge,69,64267697,-0.023846399039994,0.6344284548035785,-0.047209172605698735,0.3469260505966177,False,-0.05925925925925926,0.578,-0.00010022607391491252,-0.00023759597690540068,5.2401916114746355e-05,-0.010299554090545806,False,False,False,False,True
heteroskedastic_null,conditional-null,False,400,4,polynomial_ridge,70,64267698,-0.05984043650272814,0.23242568542632275,-0.15574265125716205,0.0018069299133683442,True,0.06087669948429442,0.572,-8.990862301050308e-05,-0.0003411132769870789,0.00012376230234692568,-0.011730633073005089,False,False,False,False,True
heteroskedastic_null,conditional-null,False,400,4,polynomial_ridge,71,64267699,-0.04417133857086606,0.3782679212261501,-0.07318032880749649,0.14452469559789322,False,0.04517112048757619,0.716,-4.880997876250022e-05,-0.00022907983374147376,0.00011281678597766582,-0.006162309784259938,False,False,False,False,True
heteroskedastic_null,conditional-null,False,400,4,polynomial_ridge,72,64267700,-0.009162994768717304,0.8550410911645379,0.03715797771765058,0.4592047203971112,False,-0.17240975152367558,0.16,-0.00010734605186307582,-0.00035610217258242644,0.00010068630035498004,-0.013389864194819068,False,False,False,False,True
heteroskedastic_null,conditional-null,False,400,4,polynomial_ridge,73,64267701,-0.08400408752554703,0.09338798979222432,-0.19366622223937324,9.890439430935259e-05,True,-0.14821847163619317,0.194,-4.839835058317518e-05,-0.0002901482575659151,0.00020000748506106687,-0.004315221408268798,False,False,False,False,True
heteroskedastic_null,conditional-null,False,400,4,polynomial_ridge,74,64267702,-0.03633435208970056,0.4686654369036222,-0.08999586123678607,0.07254681052931866,False,-0.07440225035161745,0.532,9.145863197029119e-05,-0.00022385727838097227,0.0003816283278834426,0.009859918065543202,False,True,False,False,True
heteroskedastic_null,conditional-null,False,400,4,polynomial_ridge,75,64267703,-0.15733017081356757,0.0015971004702857625,0.038172896137708634,0.44702273141339155,False,-0.029254571026722926,0.794,4.4384914567284495e-06,-0.0002911262077447898,0.00026884340422002936,0.0005283527071916844,False,True,False,False,True
heteroskedastic_null,conditional-null,False,400,4,polynomial_ridge,76,64267704,-0.0068297301858136605,0.8916879037043977,0.06579280263456931,0.18968604797121252,False,-0.14732770745428975,0.204,-7.248416489421226e-05,-0.0002375425864063656,0.0001123612302731619,-0.008449447863843851,False,False,False,False,True
heteroskedastic_null,conditional-null,False,400,4,polynomial_ridge,77,64267705,-0.09222545140907129,0.06537787416432367,-0.08676109839406324,0.08347325168008284,False,-0.05152367557430849,0.694,-2.2419959667101946e-05,-0.00016885997535473398,0.00010574994441717304,-0.002981581714493014,False,False,False,False,True
heteroskedastic_null,conditional-null,False,400,4,polynomial_ridge,78,64267706,-0.08437440234001461,0.09194744466924157,-0.009304178449534142,0.8530158955197118,False,-0.07808251289263948,0.5,-0.00026087063207795927,-0.0003718062857829019,-0.00012930078593636506,-0.02684441888856542,False,False,False,False,True
heteroskedastic_null,conditional-null,False,400,4,polynomial_ridge,79,64267707,-0.0615931974574841,0.21900576839043573,-0.0973282880586022,0.05205895553105877,False,0.06479137365213315,0.62,-0.00012707799064533808,-0.00025129646534352714,-1.6678830315438145e-05,-0.013483053085483213,False,False,False,False,True
heteroskedastic_null,conditional-null,False,400,4,polynomial_ridge,80,64267708,-0.12315170719816998,0.013712231201343145,-0.14819564196104426,0.003004086295386983,True,-0.17458977965307082,0.116,-0.00017265177157814102,-0.0003401888259745095,-2.9127161982895844e-05,-0.020347435506310994,False,False,False,False,True
heteroskedastic_null,conditional-null,False,400,4,polynomial_ridge,81,64267709,-0.02020250126563291,0.6870757432839223,-0.01199761453234281,0.8111762340227965,False,0.060759493670886074,0.636,-0.00013189651629165293,-0.0002152648999931104,-5.325032776749146e-05,-0.014858153696086581,False,False,False,False,True
heteroskedastic_null,conditional-null,False,400,4,polynomial_ridge,82,64267710,-0.0425224532653329,0.3963425939694007,-0.045656229134138714,0.3630357956699799,False,-0.0816924519456165,0.464,-0.00024383948422241827,-0.00041003359282180014,-8.290944412912747e-05,-0.024144549457143,False,False,False,False,True
heteroskedastic_null,conditional-null,False,400,4,polynomial_ridge,83,64267711,-0.0483186769917312,0.33508985551250176,-0.1742551393632675,0.0004712075802389572,True,-0.008298171589310831,0.944,-0.0001365740193427882,-0.0002605163310392117,-1.130021334085671e-05,-0.01691099587865664,False,False,False,False,True
heteroskedastic_null,conditional-null,False,400,4,polynomial_ridge,84,64267712,-0.009665122907018169,0.8471923423764572,0.06245133026081093,0.2132177993801657,False,0.06985466479137366,0.538,-0.000257425012252158,-0.00044611691700975126,-8.367769729757427e-05,-0.033007471148307946,False,False,False,False,True
heteroskedastic_null,conditional-null,False,400,4,polynomial_ridge,85,64267713,-1.7812611328820802e-05,0.9997166414102714,-0.11364518099142337,0.023189482601506058,True,-0.10675105485232067,0.324,-7.393855710377886e-05,-0.0002396168484903917,8.956286305284563e-05,-0.007409194042430387,False,False,False,False,True
heteroskedastic_null,conditional-null,False,400,4,polynomial_ridge,86,64267714,-0.016232913955712223,0.7461927408035457,0.01659054015717184,0.7411137482659609,False,-0.2484294421003282,0.034,-4.685023171539272e-05,-0.00020147854537519547,0.00010555284930147693,-0.007610789067736418,True,False,False,False,True
heteroskedastic_null,conditional-null,False,400,4,polynomial_ridge,87,64267715,0.014178276114225714,0.7774127088294522,-0.09330632586757705,0.0626018353979666,False,0.12046413502109704,0.282,-2.501646921314847e-05,-0.00016010407361162157,0.00012732531505480274,-0.0030718054116813656,False,False,False,False,True
heteroskedastic_null,conditional-null,False,400,4,polynomial_ridge,88,64267716,-0.09638366489790562,0.05408850588033176,-0.04533329955454728,0.36644344204208334,False,-0.09517112048757619,0.408,-0.00015299892946806296,-0.000309861368585692,4.317243117681701e-06,-0.015120028304890875,False,False,False,False,True
heteroskedastic_null,conditional-null,False,400,4,polynomial_ridge,89,64267717,-0.06810211313820712,0.17403306053980155,-0.020202642621770517,0.6874467255317472,False,0.13863103609939054,0.186,-7.343078846290107e-05,-0.0001992753711709395,4.597528262726196e-05,-0.009552887755976803,False,False,False,False,True
heteroskedastic_null,conditional-null,False,400,4,polynomial_ridge,90,64267718,-0.10755648472802955,0.03150462428920885,-0.0921139402904067,0.06604598358347581,False,0.04334270979840601,0.684,-6.139514336316737e-05,-0.00022184491520682654,0.00010115266209569723,-0.008241896337198148,False,False,False,False,True
heteroskedastic_null,conditional-null,False,400,4,polynomial_ridge,91,64267719,-0.10607016293851836,0.0339428175034792,-0.03851645521521123,0.442940885500069,False,0.05539146741678388,0.598,-4.7236990714074126e-06,-0.00016878714124332655,0.0001888271583213885,-0.0006086855773331894,False,False,False,False,True
heteroskedastic_null,conditional-null,False,400,4,polynomial_ridge,92,64267720,-0.028331802073762957,0.5720899677975233,-0.018655516517821356,0.7102600417361892,False,0.09929676511954993,0.392,-6.282437192141679e-06,-0.00014959430721163552,0.00014144336241133282,-0.0007798641339728589,False,False,False,False,True
heteroskedastic_null,conditional-null,False,400,4,polynomial_ridge,93,64267721,0.01171601072506703,0.8152994667874048,0.026014688890299984,0.6043882275661034,False,0.1806610407876231,0.134,1.4290317668754285e-05,-0.0002917681470386335,0.00037821980158388255,0.0015959213184662511,False,True,False,False,True
heteroskedastic_null,conditional-null,False,400,4,polynomial_ridge,94,64267722,-0.045352220951380945,0.36563950521497623,-0.02127406584583505,0.6718109701845902,False,-0.23884200656352558,0.042,-8.76475963190633e-05,-0.0002623046782476786,7.840584516059099e-05,-0.010716987817056213,True,False,False,False,True
heteroskedastic_null,conditional-null,False,400,4,polynomial_ridge,95,64267723,-0.0013355708473177957,0.9787565717351935,-0.10986692697905374,0.028210138567644465,True,-0.0426629160806376,0.718,-9.695015669380219e-05,-0.0002985267207111828,0.00010215079605672832,-0.013075803855624488,False,False,False,False,True
heteroskedastic_null,conditional-null,False,400,4,polynomial_ridge,96,64267724,-0.10693829336433353,0.032499912479564554,-0.009118399778694924,0.8559184438914584,False,-0.0030004688232536333,0.982,-0.00013478823401247026,-0.00028809942642677437,1.3382848129509811e-05,-0.018528869066390008,False,False,False,False,True
heteroskedastic_null,conditional-null,False,400,4,polynomial_ridge,97,64267725,-0.02788254926593291,0.5782013334138699,-0.09331569589274213,0.06257536806653421,False,0.017463666197843414,0.86,-0.00019755256468469238,-0.0003497687633230834,-5.346858830450891e-05,-0.02648264428542094,False,False,False,False,True
heteroskedastic_null,conditional-null,False,400,4,polynomial_ridge,98,64267726,-0.1272566703541897,0.010848741404951243,-0.10194166218728812,0.041830824713525144,True,-0.1869198312236287,0.118,6.036866418842116e-06,-0.0001969647899639863,0.00020005770946213586,0.000750949331358788,False,True,False,False,True
heteroskedastic_null,conditional-null,False,400,4,polynomial_ridge,99,64267727,-0.050685504284401765,0.3119265824668551,-0.12091152446982315,0.015670512052271983,True,-0.15009376465072669,0.178,-0.00022333643315385586,-0.00044195495177588076,-1.3437037221366277e-05,-0.025180787878513453,False,False,False,False,True
heteroskedastic_null,conditional-null,False,800,4,polynomial_ridge,0,68270428,-0.07641766627760356,0.03067995187279712,-0.08401234075162886,0.01753827476408068,True,-0.03231864525958045,0.698,-4.4112631610320266e-05,-0.00010961375288217011,2.860727124372638e-05,-0.00531361432896382,False,False,False,False,True
heteroskedastic_null,conditional-null,False,800,4,polynomial_ridge,1,68270429,-0.0489601468127294,0.16652187083569203,-0.05755404345608712,0.10402261318285601,False,0.038547404195476385,0.636,-9.1810146298308e-05,-0.00014257109745611477,-4.22052964124378e-05,-0.010655018476337657,False,False,False,False,True
heteroskedastic_null,conditional-null,False,800,4,polynomial_ridge,2,68270430,-0.04636036150056485,0.19022186127303337,-0.13492208681550372,0.00013060210475557735,True,0.04341966483065744,0.556,1.5023250673542113e-05,-0.00010561572520961543,0.00014410436917569044,0.0017308484624512918,False,True,False,False,True
heteroskedastic_null,conditional-null,False,800,4,polynomial_ridge,3,68270431,-0.060851368517763314,0.0854252490106065,-0.0882258701219631,0.01260258855517128,True,-0.07170983241532873,0.374,4.749230309348141e-05,-7.024532243306427e-05,0.00016319953900788026,0.007397087407739782,False,True,False,False,True
heteroskedastic_null,conditional-null,False,800,4,polynomial_ridge,4,68270432,-0.04966242916004557,0.16051689357182267,-0.08578937773122193,0.01528101314787749,True,-0.11035099027305754,0.16,-2.2347391007291467e-05,-9.492817627567535e-05,4.4444532800711994e-05,-0.0027058474776084085,False,False,False,False,True
heteroskedastic_null,conditional-null,False,800,4,polynomial_ridge,5,68270433,-0.04185651071329799,0.2369883224607179,0.014896703817254093,0.6741617987693995,False,0.029298019453884917,0.742,-1.8492735375123803e-05,-8.482756393352757e-05,5.879648959172847e-05,-0.0021870331555803716,False,False,False,False,True
heteroskedastic_null,conditional-null,False,800,4,polynomial_ridge,6,68270434,-0.03193594052490708,0.36700241399230155,0.02942641228032447,0.4061646379051411,False,0.13234501347708894,0.1,8.243818539250408e-05,-0.00010622279896547017,0.0002707978766008967,0.009144272299515118,False,True,False,False,True
heteroskedastic_null,conditional-null,False,800,4,polynomial_ridge,7,68270435,-0.10727876137306466,0.0023789379983691003,-0.0845643772874738,0.016807682987850674,True,-0.03329426930739482,0.694,-6.255627940070577e-05,-0.0002202938318258198,8.738901794301059e-05,-0.00816313015043106,False,False,False,False,True
heteroskedastic_null,conditional-null,False,800,4,polynomial_ridge,8,68270436,-0.10010638297872342,0.004595051893948793,-0.05044974126558249,0.15423908827352778,False,0.09920309387085434,0.206,2.313185793475364e-05,-0.00011191474109596506,0.00016582407375443663,0.002702632520734232,False,True,False,False,True
heteroskedastic_null,conditional-null,False,800,4,polynomial_ridge,9,68270437,-0.0562733144895539,0.11173986408973025,-0.15948552870728894,5.896136101363362e-06,True,-0.08246513535684986,0.256,-2.0569325225755844e-05,-0.00021053125023515673,0.00019305592280238176,-0.002469096989259895,False,False,False,False,True
heteroskedastic_null,conditional-null,False,800,4,polynomial_ridge,10,68270438,-0.08913927990512485,0.011658361376670631,-0.06733151502788602,0.057117342730426554,False,0.13287530762920427,0.1,-6.311710487015045e-05,-0.00017009685524622557,3.6572777118878527e-05,-0.005747932492110592,False,False,False,False,True
heteroskedastic_null,conditional-null,False,800,4,polynomial_ridge,11,68270439,-0.029054459460092906,0.4118328354455865,-0.10215655483942683,0.0038443129619320456,True,0.10936071721551624,0.166,-8.811282794703862e-05,-0.0001362504821962926,-3.8112753546227265e-05,-0.009706442408229694,False,False,False,False,True
heteroskedastic_null,conditional-null,False,800,4,polynomial_ridge,12,68270440,-0.05046434447553824,0.15386140333575474,-0.03647694912510128,0.3031004352998281,False,0.0017461619594515408,0.986,-3.735179610406085e-05,-0.00010765837773020985,3.43390306672018e-05,-0.004484457500104174,False,False,False,False,True
heteroskedastic_null,conditional-null,False,800,4,polynomial_ridge,13,68270441,-0.029527803949693676,0.4042537187611613,-0.0824783412790462,0.01971621051595787,True,0.07387495605297081,0.332,1.7368495789499977e-05,-0.00010016078375908903,0.00014000542432596332,0.00215918543550151,False,True,False,False,True
heteroskedastic_null,conditional-null,False,800,4,polynomial_ridge,14,68270442,-0.01305916102993911,0.7122715678202077,-0.04586582981420565,0.19527800754088673,False,0.07999824211883276,0.34,-7.878325342941875e-05,-0.00015883166092163172,-6.23076516955682e-06,-0.009402929051143906,False,False,False,False,True
heteroskedastic_null,conditional-null,False,800,4,polynomial_ridge,15,68270443,-0.05784360600563439,0.10207524227322767,-0.1006702240767469,0.004394136208775981,True,0.024912105941638348,0.732,-4.163407158735803e-05,-0.00010799259298286978,1.944829639602497e-05,-0.004745103061879853,False,False,False,False,True
heteroskedastic_null,conditional-null,False,800,4,polynomial_ridge,16,68270444,-0.07471581986846855,0.03460658026005235,-0.11491562254977047,0.0011380326044254992,True,0.011449666002578225,0.902,-7.147432457337011e-05,-0.00015911809668709995,1.2938411218500707e-05,-0.00861602815659675,False,False,False,False,True
heteroskedastic_null,conditional-null,False,800,4,polynomial_ridge,17,68270445,-0.09430179578405591,0.007606909494260835,-0.07546200182360166,0.03294479050612403,True,0.0041075823274346656,0.968,-9.50365143095825e-05,-0.00018003432717500004,-1.3780308287456642e-05,-0.012159303918411881,False,False,False,False,True
heteroskedastic_null,conditional-null,False,800,4,polynomial_ridge,18,68270446,-0.1167872527925825,0.0009349342547090596,-0.1235729927479453,0.0004636117785217417,True,0.06477499121059416,0.388,3.9281997200213414e-05,-7.014894814796843e-05,0.00017122237737070194,0.004638753072495214,False,True,False,False,True
heteroskedastic_null,conditional-null,False,800,4,polynomial_ridge,19,68270447,-0.05940735844899758,0.09312287159626947,-0.0554895298054136,0.11705586983294339,False,0.027812609867572953,0.718,-6.959936345727995e-05,-0.00014381858571860384,3.187511697704245e-06,-0.009181386001998817,False,False,False,False,True
heteroskedastic_null,conditional-null,False,800,4,polynomial_ridge,20,68270448,0.031881143564286826,0.36782557534002575,-0.10837772446326271,0.0021570402745787866,True,0.05074709949607407,0.524,-0.00021271459012473307,-0.000393626121612486,-4.533405771426975e-05,-0.02527987794631649,False,False,False,False,True
heteroskedastic_null,conditional-null,False,800,4,polynomial_ridge,21,68270449,-0.0036566541510221116,0.9177531101813869,-0.06140604559291406,0.08280119677962004,False,0.051239306222899336,0.502,-5.835943428985496e-05,-0.00012233990881567778,9.416985570390486e-06,-0.006538547818780502,False,False,False,False,True
heteroskedastic_null,conditional-null,False,800,4,polynomial_ridge,22,68270450,0.005713883927943638,0.8718085633856811,-0.021059754141569742,0.5522303343140346,False,0.12094515410758232,0.144,-7.730657991054588e-05,-0.00015229064171579497,-9.752908892076333e-06,-0.010705612304952506,False,False,False,False,True
heteroskedastic_null,conditional-null,False,800,4,polynomial_ridge,23,68270451,-0.05964681976065588,0.09180925730431586,-0.015077348485706714,0.670441495441202,False,0.18132251259814836,0.03,-9.381690918158769e-07,-4.404140901605197e-05,4.640240998949235e-05,-0.00011175608299215096,True,False,False,False,True
heteroskedastic_null,conditional-null,False,800,4,polynomial_ridge,24,68270452,-0.0743767959012436,0.03543798669823366,-0.09105363136815232,0.010021199757849064,True,0.09907418258525723,0.194,-5.437124309727939e-05,-0.00014856994069714372,4.273425865012493e-05,-0.006096978263507987,False,False,False,False,True
heteroskedastic_null,conditional-null,False,800,4,polynomial_ridge,25,68270453,-0.05371180267469168,0.12903467846438293,-0.1338688801069823,0.0001475321605547107,True,-0.04239716395171686,0.604,4.281115984744455e-06,-0.0001371405277266515,0.00012013658550269199,0.0005316796792119473,False,True,False,False,True
heteroskedastic_null,conditional-null,False,800,4,polynomial_ridge,26,68270454,-0.006341494283584819,0.8578702639472584,-0.01688580272696259,0.6336535717997712,False,0.08791456697527247,0.294,-7.055276074664947e-05,-0.0001535457221033761,1.3726658226846989e-05,-0.008415217193355097,False,False,False,False,True
heteroskedastic_null,conditional-null,False,800,4,polynomial_ridge,27,68270455,-0.08249480858563842,0.019614801332955824,-0.10483644516874328,0.0030081052680089415,True,-0.015076760810969179,0.854,2.1725759757298957e-05,-0.00011113645239703547,0.00014490726496003975,0.0024061674015549922,False,True,False,False,True
heteroskedastic_null,conditional-null,False,800,4,polynomial_ridge,28,68270456,-0.029162248691013585,0.4100995735023195,-0.03740034952739436,0.29101637069011865,False,-0.027440525020508616,0.732,4.671747229192946e-06,-0.0001171363441315403,0.00012440194673976802,0.0005939604794731022,False,True,False,False,True
heteroskedastic_null,conditional-null,False,800,4,polynomial_ridge,29,68270457,-0.11250690235453494,0.0014359547480112859,-0.06232688491394575,0.07828542498503727,False,-0.03878471815305285,0.614,5.56280786617562e-06,-7.949367676933464e-05,9.054550457879043e-05,0.00070137292839363,False,True,False,False,True
heteroskedastic_null,conditional-null,False,800,4,polynomial_ridge,30,68270458,-0.03045935228023794,0.389583398327526,-0.07281188437278063,0.03962344938429013,True,0.022682526661197702,0.756,1.30860168224365e-05,-9.424442093202379e-05,0.0001191040214319815,0.0018394770839563214,False,True,False,False,True
heteroskedastic_null,conditional-null,False,800,4,polynomial_ridge,31,68270459,-0.02697412027206293,0.446126249957741,-0.016962411287175475,0.6321141524499627,False,0.050093753662252424,0.576,-7.058447962896876e-05,-0.0001672977094136916,1.2223245372935225e-05,-0.00883287271480493,False,False,False,False,True
heteroskedastic_null,conditional-null,False,800,4,polynomial_ridge,32,68270460,-0.03448756169931516,0.3299472583152714,-0.14511467382485488,3.833576972957772e-05,True,0.046156099847650296,0.528,-7.986515717839197e-05,-0.0001437151790107149,-1.8363482286583476e-05,-0.009084443791653353,False,False,False,False,True
heteroskedastic_null,conditional-null,False,800,4,polynomial_ridge,33,68270461,-0.05041163345567728,0.154292346361981,-0.07003447067111425,0.0478197662591381,True,-0.020127739364818938,0.826,0.00014256773238519385,-5.318280606750929e-05,0.0003656714533736582,0.01685686210620331,False,True,False,False,True
heteroskedastic_null,conditional-null,False,800,4,polynomial_ridge,34,68270462,-0.016108009543764915,0.649166482073648,-0.12063935958426997,0.0006326593556941678,True,-0.031627212000468766,0.682,-0.0001477450826416933,-0.00026607942403302886,-2.518495625147259e-05,-0.015745913388905994,False,False,False,False,True
heteroskedastic_null,conditional-null,False,800,4,polynomial_ridge,35,68270463,-0.08812012206269074,0.012653758847832963,-0.05643761856761252,0.11091990551510354,False,0.13635005273643502,0.082,-0.0001875627835126025,-0.0003221513564045634,-7.237588950556782e-05,-0.02044556377973837,False,False,False,False,True
heteroskedastic_null,conditional-null,False,800,4,polynomial_ridge,36,68270464,-0.07189970609329079,0.04204416423740177,-0.0851086873707446,0.01611356525667457,True,0.04273409117543654,0.588,5.9218498148824045e-06,-0.00010014051343198901,0.0001170133838355211,0.0007381392064496231,False,True,False,False,True
heteroskedastic_null,conditional-null,False,800,4,polynomial_ridge,37,68270465,-0.05230986298416092,0.13934219943964837,-0.042108861457726916,0.23446416816122775,False,-0.03490566037735849,0.656,-0.00011102313047329886,-0.0002244835374298462,-1.5498005476531683e-05,-0.014075785717616461,False,False,False,False,True
heteroskedastic_null,conditional-null,False,800,4,polynomial_ridge,38,68270466,-0.09809199701874535,0.0054893290780589615,-0.06782728647299328,0.05530762141460637,False,-0.039271065275987345,0.6,-0.00028828351676885716,-0.00039734165544960513,-0.00017892155357992096,-0.031125357388494933,False,False,False,False,True
heteroskedastic_null,conditional-null,False,800,4,polynomial_ridge,39,68270467,-0.08009862515410182,0.023474049407366145,-0.11078048582627742,0.0017118657499291246,True,-0.032101839915621704,0.688,-0.00010125086048877636,-0.0002061862024559286,-3.7865491814094867e-06,-0.011855215080327247,False,False,False,False,True
heteroskedastic_null,conditional-null,False,800,4,polynomial_ridge,40,68270468,-0.061128283012942215,0.08400946447037744,-0.02972693816545185,0.40138567819500665,False,-0.11725653345833821,0.126,-6.685751533643675e-05,-0.0001612752723284258,1.9389113421760438e-05,-0.00793600661780197,False,False,False,False,True
heteroskedastic_null,conditional-null,False,800,4,polynomial_ridge,41,68270469,-0.09817719246436324,0.00544853956277872,-0.022792335097313106,0.5200057932690137,False,0.2532403609515997,0.008,1.7347874365430775e-05,-9.176528600466408e-05,0.0001384408572921537,0.0023417818884587504,True,True,False,False,True
heteroskedastic_null,conditional-null,False,800,4,polynomial_ridge,42,68270470,-0.08570237609746266,0.01532098601603751,-0.030776427249891755,0.384962865172811,False,0.04268721434431032,0.602,-9.472078111959562e-06,-0.00012496882483152853,0.00010874965293686087,-0.0011561487924657526,False,False,False,False,True
heteroskedastic_null,conditional-null,False,800,4,polynomial_ridge,43,68270471,-0.07199954999929688,0.041759058188076084,-0.08568428884269022,0.015407027220886433,True,0.030926989335520915,0.692,-3.385559200201095e-05,-9.323180105733478e-05,3.20059429425358e-05,-0.004014148101834753,False,False,False,False,True
heteroskedastic_null,conditional-null,False,800,4,polynomial_ridge,44,68270472,-0.029851757580871222,0.3991149744635802,-0.11398249707125281,0.0012493127691646949,True,0.09347826086956522,0.276,-0.00013414621530397422,-0.00023811107770131034,-2.5697467413685134e-05,-0.015961186053468815,False,False,False,False,True
heteroskedastic_null,conditional-null,False,800,4,polynomial_ridge,45,68270473,0.012025448477263247,0.7341491248351475,-0.10742952259177549,0.00236016454452524,True,0.005135942810266026,0.956,-1.4715925069581914e-05,-8.689954379054196e-05,4.852538692799044e-05,-0.0019425354821743452,False,False,False,False,True
heteroskedastic_null,conditional-null,False,800,4,polynomial_ridge,46,68270474,-0.02539349280233251,0.47323278179876765,-0.056668496811280236,0.1094647406191669,False,0.0016992851283253252,0.978,-1.633696659680134e-05,-9.086153586455277e-05,5.218359995617408e-05,-0.0020193762194454013,False,False,False,False,True
heteroskedastic_null,conditional-null,False,800,4,polynomial_ridge,47,68270475,-0.039014170334641156,0.2703827402064126,-0.07422280085521746,0.03593743250518853,True,-0.003463025899449197,0.972,2.4606577739071794e-05,-0.00011099601112314447,0.00015518117912656517,0.003111338141566937,False,True,False,False,True
heteroskedastic_null,conditional-null,False,800,4,polynomial_ridge,48,68270476,-0.062197644058818856,0.0787191372008832,-0.09886141800069916,0.005158681995211635,True,-0.03424352513770069,0.652,-4.353926829158902e-06,-0.00011142842175886673,0.00010496750217719929,-0.0005728584678634655,False,False,False,False,True
heteroskedastic_null,conditional-null,False,800,4,polynomial_ridge,49,68270477,-0.09615080648563513,0.006496453596760179,-0.11748179902531106,0.0008774270517718977,True,-0.0349290987929216,0.662,-2.5294561359051615e-05,-0.00013468678415795612,7.346399826275417e-05,-0.003481159302597395,False,False,False,False,True
heteroskedastic_null,conditional-null,False,800,4,polynomial_ridge,50,68270478,-0.025090211078454813,0.47853533307555846,-0.09175610935479901,0.00945777950330851,True,-0.007336224071252782,0.94,-9.684684090217888e-05,-0.00018524001525859407,-9.676500554225807e-06,-0.011850040263794446,False,False,False,False,True
heteroskedastic_null,conditional-null,False,800,4,polynomial_ridge,51,68270479,-0.030213023770349644,0.3934308772168281,-0.11219759113614113,0.0014905728473416913,True,-0.00639282784483769,0.95,8.545166314203115e-05,-4.948096477555395e-05,0.00023222168899248582,0.009693764184945029,False,True,False,False,True
heteroskedastic_null,conditional-null,False,800,4,polynomial_ridge,52,68270480,-0.05867038854748211,0.09726034766233714,-0.11566186838901205,0.0010557003450296042,True,-0.15860482831360598,0.044,7.311302382196835e-06,-9.878192275287272e-05,0.00010022787206833859,0.0008467972982978949,True,True,False,False,True
heteroskedastic_null,conditional-null,False,800,4,polynomial_ridge,53,68270481,-0.08737363652130709,0.013429762322715604,-0.04116889246820353,0.24508314739129078,False,-0.00435075588890191,0.962,-5.695713492615516e-05,-0.00015798342040106945,3.598551704623665e-05,-0.006585308723606076,False,False,False,False,True
heteroskedastic_null,conditional-null,False,800,4,polynomial_ridge,54,68270482,-0.042486816385650605,0.22999502763717905,-0.0961858771973512,0.006510426198153865,True,-0.06326028360482831,0.468,-5.1195940429760514e-05,-0.00014259354612853605,2.696696188687969e-05,-0.005176866440047752,False,False,False,False,True
heteroskedastic_null,conditional-null,False,800,4,polynomial_ridge,55,68270483,-0.03882519347686481,0.2727118705628813,-0.025713714382645077,0.46794847576973225,False,-0.005294152115317005,0.94,-3.3887895971992585e-05,-0.00015539960363041485,7.603037747455853e-05,-0.003966081912945915,False,False,False,False,True
heteroskedastic_null,conditional-null,False,800,4,polynomial_ridge,56,68270484,-0.05178645591633738,0.14334868735377493,-0.12104911402383069,0.0006060219766913635,True,-0.04158267901089886,0.568,-4.041168649206173e-05,-0.00013020764435760302,4.587240227315111e-05,-0.005346813445772487,False,False,False,False,True
heteroskedastic_null,conditional-null,False,800,4,polynomial_ridge,57,68270485,-0.04488747638668186,0.20470381017564218,-0.08831963415153415,0.012508369412102099,True,0.03647310441814133,0.62,-5.6126360118079546e-05,-0.00012603204518612187,1.1157891106976755e-05,-0.007029575182312599,False,False,False,False,True
heteroskedastic_null,conditional-null,False,800,4,polynomial_ridge,58,68270486,-0.05108818138778342,0.1488303126258428,-0.09638639493617286,0.006399061101593637,True,0.10132720028126099,0.2,-0.00012336996400739465,-0.00019961736478167323,-5.4865264799862556e-05,-0.01409182373480715,False,False,False,False,True
heteroskedastic_null,conditional-null,False,800,4,polynomial_ridge,59,68270487,-0.07990235922243631,0.02381748787326694,-0.07474116759461899,0.034658553599727596,True,-0.014265205672096567,0.856,-3.621326084368194e-05,-0.00012918873866512055,4.906057999783693e-05,-0.004086617068442358,False,False,False,False,True
heteroskedastic_null,conditional-null,False,800,4,polynomial_ridge,60,68270488,-0.008439622561910255,0.8116177347526792,-0.04999411757480076,0.15799895457634403,False,0.11591761396929567,0.138,-1.0800796716361333e-05,-0.00010901004231356574,8.827878803012089e-05,-0.0013610773003408206,False,False,False,False,True
heteroskedastic_null,conditional-null,False,800,4,polynomial_ridge,61,68270489,-0.10766927760824627,0.002292576620394715,-0.10101040852825184,0.004262365913899578,True,-0.1645640454705262,0.04,-2.9666833141775428e-05,-0.000118804077193378,4.944843077586326e-05,-0.0034186007143869102,True,False,False,False,True
heteroskedastic_null,conditional-null,False,800,4,polynomial_ridge,62,68270490,-0.08647768980889034,0.014416328498704709,-0.059053892741292524,0.09529693840317527,False,-0.04259346068205789,0.558,-4.778777335531087e-05,-0.0001251483659793094,3.1062934918005035e-05,-0.005739945188087202,False,False,False,False,True
heteroskedastic_null,conditional-null,False,800,4,polynomial_ridge,63,68270491,-0.08883942006159384,0.011943772683195781,-0.025171532951020464,0.47738669330972866,False,0.05213289581624282,0.498,-0.00012938544920898867,-0.00019485494956467486,-6.995151233819129e-05,-0.015582768872001471,False,False,False,False,True
heteroskedastic_null,conditional-null,False,800,4,polynomial_ridge,64,68270492,-0.02506454697585465,0.47898552406854616,-0.0391681080625691,0.26879586281377343,False,0.015938122582913394,0.826,-6.960843082631264e-05,-0.000157392792048573,4.454166087282731e-06,-0.008171349278230829,False,False,False,False,True
heteroskedastic_null,conditional-null,False,800,4,polynomial_ridge,65,68270493,-0.04267047292261395,0.22798518409438276,-0.08028704447964854,0.023234749210527088,True,0.07671100433610688,0.37,-0.0001397070187559423,-0.0002589231406998358,-2.9952435178733463e-05,-0.0141646242623344,False,False,False,False,True
heteroskedastic_null,conditional-null,False,800,4,polynomial_ridge,66,68270494,-0.02465317133308021,0.486233143380461,-0.09568735514997362,0.006794876522373446,True,0.14570198054611508,0.078,9.650194085745849e-05,-8.7438774677495e-05,0.00029645031802953215,0.010728182010780392,False,True,False,False,True
heteroskedastic_null,conditional-null,False,800,4,polynomial_ridge,67,68270495,-0.07359733374583399,0.037414225939716036,-0.12477201403600777,0.0004074960549955751,True,-0.09056017813195828,0.282,-5.432721737946497e-05,-0.00016278621257508676,5.83291728608843e-05,-0.00692823030144697,False,False,False,False,True
heteroskedastic_null,conditional-null,False,800,4,polynomial_ridge,68,68270496,-0.0545768118387685,0.12297610185184073,-0.027038802103799813,0.4453216738714145,False,-0.041204734559943744,0.606,-0.0001435496904529654,-0.00021232327203557323,-7.32598911964109e-05,-0.019200556365312895,False,False,False,False,True
heteroskedastic_null,conditional-null,False,800,4,polynomial_ridge,69,68270497,-0.030769782452785086,0.38476736105557524,-0.11383954420381091,0.0012672206176549928,True,0.07053205203328254,0.398,-3.0437428328655876e-05,-0.00016511759561586067,0.00010534659851661143,-0.003928054880483355,False,False,False,False,True
heteroskedastic_null,conditional-null,False,800,4,polynomial_ridge,70,68270498,-0.0498951638986936,0.1585633284031829,-0.0770644314754837,0.029392778270688615,True,-0.08498476502988397,0.302,-4.65961008997047e-05,-0.0001501415842332459,5.369014498367028e-05,-0.005434803504674594,False,False,False,False,True
heteroskedastic_null,conditional-null,False,800,4,polynomial_ridge,71,68270499,-0.05031047704762039,0.15512192159812205,-0.07475052725114968,0.03463582339564497,True,-0.018378647603422008,0.816,-0.00011103051745224059,-0.0001997411694110141,-2.1197028923809457e-05,-0.012755654785036988,False,False,False,False,True
heteroskedastic_null,conditional-null,False,800,4,polynomial_ridge,72,68270500,-0.08077465746040229,0.022323716811976615,-0.13061465200098335,0.00021380455653076188,True,-0.11367338567912809,0.158,-2.6257828876465744e-05,-0.00013513658620350582,8.096928982978439e-05,-0.003057144329303254,False,False,False,False,True
heteroskedastic_null,conditional-null,False,800,4,polynomial_ridge,73,68270501,-0.04796419213155021,0.17532484680076613,-0.07686264949589172,0.02982113995993433,True,-0.1745634595101371,0.018,-4.3538692485172586e-05,-0.00014713357166534904,6.076727025598269e-05,-0.004913943903200999,True,False,False,False,True
heteroskedastic_null,conditional-null,False,800,4,polynomial_ridge,74,68270502,-0.08389937328027076,0.017620011948974473,-0.039450603276938556,0.2653556715126566,False,0.06822043829837104,0.374,-0.00010418138804413508,-0.00018391444687755663,-1.755880747872225e-05,-0.010906015132572706,False,False,False,False,True
heteroskedastic_null,conditional-null,False,800,4,polynomial_ridge,75,68270503,-0.07292533269583235,0.039192415612926565,-0.06922262670368959,0.0504685955727331,False,0.09041368803468885,0.252,-7.56541368103162e-05,-0.00013308391410693109,-4.2768113114024985e-06,-0.01074149544531178,False,False,False,False,True
heteroskedastic_null,conditional-null,False,800,4,polynomial_ridge,76,68270504,-0.09552277425433478,0.006856138182043609,-0.12480467815702397,0.0004060598899594898,True,0.013699753896636588,0.822,-2.2132904444450985e-05,-0.00016425494142864697,0.00011917650339543433,-0.002441199357241026,False,False,False,False,True
heteroskedastic_null,conditional-null,False,800,4,polynomial_ridge,77,68270505,-0.05796941870221673,0.10133057094139654,-0.07894662175465728,0.025645267079208327,True,-0.1294005625219735,0.08,-4.1677476682093484e-05,-0.00018620025205466216,0.00010412832067007893,-0.0047639078677206214,False,False,False,False,True
heteroskedastic_null,conditional-null,False,800,4,polynomial_ridge,78,68270506,-0.05011575799337187,0.15672830617589845,-0.04548632982826455,0.19900369911712215,False,-0.006463143091527013,0.936,-7.770041200639774e-05,-0.00016402829649367706,-3.9869382009468486e-06,-0.009886303176233962,False,False,False,False,True
heteroskedastic_null,conditional-null,False,800,4,polynomial_ridge,79,68270507,-0.05214636272869177,0.14058438429777897,-0.11692733296333373,0.0009285461455296692,True,-0.1232948552677839,0.146,-8.266950312664154e-05,-0.00020416784366106993,4.35808446515455e-05,-0.008884752797360817,False,False,False,False,True
heteroskedastic_null,conditional-null,False,800,4,polynomial_ridge,80,68270508,-0.09927217073776679,0.00494806674479698,-0.0584354972615083,0.09882093842999469,False,-0.054503105590062106,0.526,-9.837624215594011e-05,-0.00019220622090751838,-1.970487558240201e-05,-0.012169168841312214,False,False,False,False,True
heteroskedastic_null,conditional-null,False,800,4,polynomial_ridge,81,68270509,-0.009713194864366977,0.7838482955934879,-0.023424090820786655,0.5085012193005961,False,0.02719442165709598,0.726,-3.860288686477649e-05,-0.00015785121404502628,6.784784144820124e-05,-0.004876249235412578,False,False,False,False,True
heteroskedastic_null,conditional-null,False,800,4,polynomial_ridge,82,68270510,-0.024583561849315393,0.48746535242928,-0.15245065530400737,1.5058244839850644e-05,True,-0.0006006093988046409,0.994,-0.00015473102114952307,-0.0002948605064853194,-2.5829501447090075e-05,-0.015250887510351554,False,False,False,False,True
heteroskedastic_null,conditional-null,False,800,4,polynomial_ridge,83,68270511,-0.02080575907149855,0.5567879309445145,-0.05386124920359826,0.1282110367609458,False,-0.048145435368569085,0.58,-7.835923258065099e-05,-0.0002176535215137398,3.86304314606349e-05,-0.009512778848354426,False,False,False,False,True
heteroskedastic_null,conditional-null,False,800,4,polynomial_ridge,84,68270512,-0.05462328847388825,0.1226569638832885,-0.13853479607822586,8.539427174330957e-05,True,-0.065633423180593,0.404,7.525307182402324e-06,-5.635355990698199e-05,7.166960436725386e-05,0.0008879527380458906,False,True,False,False,True
heteroskedastic_null,conditional-null,False,800,4,polynomial_ridge,85,68270513,-0.08189445608508764,0.020525784503243123,-0.09774481347682899,0.005688603197057127,True,-0.19454177897574124,0.022,7.111165642582993e-05,-9.830473429739889e-05,0.00023308347747353166,0.00904286226369743,True,True,False,False,True
heteroskedastic_null,conditional-null,False,800,4,polynomial_ridge,86,68270514,-0.10037211776893402,0.004487478720303591,-0.047747747672441006,0.1775548442832269,False,-0.1271387554201336,0.118,-1.844893276702758e-05,-0.0001799723679590101,0.00013267802469766558,-0.0022564377993967303,False,False,False,False,True
heteroskedastic_null,conditional-null,False,800,4,polynomial_ridge,87,68270515,-0.04732851926331135,0.18112179969929917,-0.137352997753221,9.824070752411561e-05,True,-0.053758935895933425,0.524,-2.809808152568448e-05,-5.885284843956291e-05,1.882212906377916e-06,-0.00317500890446691,False,False,False,False,True
heteroskedastic_null,conditional-null,False,800,4,polynomial_ridge,88,68270516,-0.040128203325317705,0.2569292535721322,-0.08414676157237012,0.017357862297850746,True,0.11722430563693895,0.132,-1.9932360477710465e-05,-0.00012818684647136796,0.00010988162231634848,-0.002226923642731875,False,False,False,False,True
heteroskedastic_null,conditional-null,False,800,4,polynomial_ridge,89,68270517,-0.08937149901796723,0.011441498153519128,-0.07607508111175182,0.031544703973299185,True,0.04315305285362709,0.582,-7.481626539447214e-05,-0.00014648494707047248,-2.317230952607835e-06,-0.008980908524687064,False,False,False,False,True
heteroskedastic_null,conditional-null,False,800,4,polynomial_ridge,90,68270518,-0.04289692640144751,0.22552422775406417,0.05092209950082342,0.15041317938856416,False,-0.09558771827024493,0.21,-6.0137322645374e-05,-0.00018922826887454933,7.711279935878032e-05,-0.006923020906000439,False,False,False,False,True
heteroskedastic_null,conditional-null,False,800,4,polynomial_ridge,91,68270519,-0.08086029821921598,0.022181541261272374,-0.08832933344272369,0.01249865866322237,True,0.01791280909410524,0.838,-5.056954601824395e-05,-0.00010643493804401641,7.878287004869023e-06,-0.0065710672926735,False,False,False,False,True
heteroskedastic_null,conditional-null,False,800,4,polynomial_ridge,92,68270520,-0.08972856988839045,0.011115009261635824,-0.10742574753726607,0.00236100705740814,True,-0.005056838157740536,0.948,4.3963717886806586e-05,-8.108868398773708e-05,0.00016186612658376245,0.005593356031440562,False,True,False,False,True
heteroskedastic_null,conditional-null,False,800,4,polynomial_ridge,93,68270521,-0.0702888676388557,0.046875947225025597,-0.06049910153521079,0.08745252467757768,False,0.0228348763623579,0.766,-2.3482985245584787e-07,-9.6487891215659e-05,9.687964596316259e-05,-2.491503379332431e-05,False,False,False,False,True
heteroskedastic_null,conditional-null,False,800,4,polynomial_ridge,94,68270522,-0.019805187195604992,0.5759199806874323,-0.09539153364473077,0.006968891554364774,True,0.033089183171217625,0.656,-5.440464057773504e-05,-0.00014619316044295366,4.168086540234641e-05,-0.006976850737554508,False,False,False,False,True
heteroskedastic_null,conditional-null,False,800,4,polynomial_ridge,95,68270523,-0.05477771840268501,0.12160118686779497,-0.08378616481986152,0.01784554049689103,True,0.06761103949373022,0.406,9.791492071638958e-07,-0.00010543910923846244,0.00010723984377663525,0.00011885542333323186,False,True,False,False,True
heteroskedastic_null,conditional-null,False,800,4,polynomial_ridge,96,68270524,-0.09025769571514955,0.010646387534571651,-0.1509560672509576,1.8281295060546522e-05,True,-0.06838450720731279,0.398,-4.055869815583826e-05,-0.00016630581911584856,8.208777289851793e-05,-0.005026679032780375,False,False,False,False,True
heteroskedastic_null,conditional-null,False,800,4,polynomial_ridge,97,68270525,-0.061843620068156364,0.08043975825521023,-0.05265882865028306,0.13696543199743313,False,0.037228993320051564,0.66,-7.440778173651262e-05,-0.00014107176713107174,-1.303918357819535e-05,-0.009497132874815814,False,False,False,False,True
heteroskedastic_null,conditional-null,False,800,4,polynomial_ridge,98,68270526,-0.034665265101976726,0.32745993969401554,-0.04672866424935493,0.18699772271741297,False,0.02736435016992851,0.748,-7.487388119025752e-05,-0.0001359016295365287,-1.444834125163885e-05,-0.009201907830937054,False,False,False,False,True
heteroskedastic_null,conditional-null,False,800,4,polynomial_ridge,99,68270527,-0.10746783198098747,0.0023367611110150484,-0.03661846994623503,0.3012271301899829,False,-0.03741357084261104,0.65,-6.262235776186183e-05,-0.00015301751877906433,2.651650896573113e-05,-0.00782441681304511,False,False,False,False,True
clustered_null,conditional-null,False,100,4,polynomial_ridge,0,71265547,0.8382238223822381,1.4872181342045494e-27,0.02374376778950751,0.8155439969377215,False,0.09624060150375939,0.702,0.0011764570909398586,-0.0027371784870373526,0.005515140863703715,0.04990245545642661,False,True,False,False,True
clustered_null,conditional-null,False,100,4,polynomial_ridge,1,71265548,0.772061206120612,5.2871658162909265e-21,0.21604401410489155,0.03173415282541984,True,0.24962406015037594,0.288,-0.0008217732739347408,-0.01669547153818069,0.014130308304017984,-0.017499115197131404,False,False,False,False,True
clustered_null,conditional-null,False,100,4,polynomial_ridge,2,71265549,0.7317011701170115,5.30503215501472e-18,-0.3749925519683639,0.00013115665802855312,True,-0.7819548872180451,0.002,-0.0019371936598449602,-0.007241227976068465,0.0024806334804631553,-0.11576998327064397,True,False,False,False,True
clustered_null,conditional-null,False,100,4,polynomial_ridge,3,71265550,0.8406960696069606,7.447601321318392e-28,0.20571777810778336,0.041074776168227016,True,0.15037593984962402,0.528,-0.01291345629296383,-0.02548914462612052,-0.001961013237039493,-0.5484802564891733,False,False,False,False,True
clustered_null,conditional-null,False,100,4,polynomial_ridge,4,71265551,0.7584278427842783,6.34678228781733e-20,0.16799294003569004,0.09648972255876517,False,0.4285714285714286,0.05,-0.005283724772197067,-0.01380817831815029,0.0009895520394116886,-0.26185088967674025,True,False,False,False,True
clustered_null,conditional-null,False,100,4,polynomial_ridge,5,71265552,0.8610141014101409,1.5559874476903647e-30,0.46364132010412573,1.3447299478857497e-06,True,0.35488721804511275,0.12,-0.006819367666036309,-0.01524775815937341,0.0003984214394956317,-0.32140623224424014,False,False,False,False,True
clustered_null,conditional-null,False,100,4,polynomial_ridge,6,71265553,0.7183318331833184,4.002258762291322e-17,-0.1387785924810234,0.1707082151734309,False,-0.12781954887218044,0.59,-0.0009888761850112594,-0.00875617110459265,0.0045820190565672445,-0.05174764578031615,False,False,False,False,True
clustered_null,conditional-null,False,100,4,polynomial_ridge,7,71265554,0.8035643564356434,8.243121795820476e-24,0.20505479498751372,0.041745619175109654,True,0.021052631578947364,0.938,-0.0003486846204972041,-0.003361528838649801,0.0028503629444804283,-0.014517030810110566,False,False,False,False,True
clustered_null,conditional-null,False,100,4,polynomial_ridge,8,71265555,0.7766216621662165,2.214934976646968e-21,0.13395794751342513,0.18620023403273167,False,0.12481203007518797,0.6,-0.003932156314278727,-0.010988643314396113,0.0018099868230562865,-0.117401298697951,False,False,False,False,True
clustered_null,conditional-null,False,100,4,polynomial_ridge,9,71265556,0.8113171317131712,1.4009503546898078e-24,-0.03653893477572423,0.71954984018287,False,-0.05714285714285714,0.804,-0.0024120757869464087,-0.0059481531665814885,0.0001505194931905092,-0.1864662518998217,False,False,False,False,True
clustered_null,conditional-null,False,100,4,polynomial_ridge,10,71265557,0.8126492649264925,1.0247075355081353e-24,0.24661820792417677,0.013863089694097545,True,0.23759398496240602,0.294,-0.012489205035727476,-0.025367980158042917,-0.003033104371098194,-0.49724627127996945,False,False,False,False,True
clustered_null,conditional-null,False,100,4,polynomial_ridge,11,71265558,0.8802520252025202,1.7024988957549828e-33,0.21022364681789346,0.03674973523048969,True,0.3969924812030075,0.088,-0.006352509695367443,-0.015821464131872794,-0.0009171285546675562,-0.27315714598370394,False,False,False,False,True
clustered_null,conditional-null,False,100,4,polynomial_ridge,12,71265559,0.8647224722472246,4.5398596619453755e-31,0.28842648206542126,0.003789719877149644,True,0.24360902255639094,0.294,-0.00016768398827605654,-0.004296270451204352,0.003986349956253687,-0.007793755951682302,False,False,False,False,True
clustered_null,conditional-null,False,100,4,polynomial_ridge,13,71265560,0.6288748874887489,2.450436065703833e-12,-0.02131192296488531,0.8341503326766179,False,0.04210526315789473,0.862,-0.00325900936376769,-0.008362227654787361,0.0024145627517946733,-0.09079403542407086,False,False,False,False,True
clustered_null,conditional-null,False,100,4,polynomial_ridge,14,71265561,0.8198499849984998,1.8080724789912628e-25,0.4678638913383694,1.0452284802585699e-06,True,0.3082706766917293,0.178,-0.0076247196954500746,-0.01875522549939411,0.0013794633456335012,-0.22902862179231165,False,False,False,False,True
clustered_null,conditional-null,False,100,4,polynomial_ridge,15,71265562,0.7234203420342032,1.8806944587508006e-17,0.26901932502159814,0.007090958598724856,True,0.20751879699248119,0.386,-0.005513425199279755,-0.011108646970381669,-0.0007809167656911805,-0.3520950765155828,False,False,False,False,True
clustered_null,conditional-null,False,100,4,polynomial_ridge,16,71265563,0.6819801980198018,5.650186556137253e-15,-0.0488445174722816,0.631148267353824,False,-0.06616541353383458,0.808,-0.02013043867563178,-0.03296266441961377,-0.009339101235419138,-0.5916645919435796,False,False,False,False,True
clustered_null,conditional-null,False,100,4,polynomial_ridge,17,71265564,0.6403360336033603,7.301737573264436e-13,0.15459089492220693,0.12655592166275628,False,0.021052631578947364,0.918,-0.014058264964510458,-0.0302309288841203,-7.092253280732305e-05,-0.398376680566857,False,False,False,False,True
clustered_null,conditional-null,False,100,4,polynomial_ridge,18,71265565,0.8391119111911189,1.1616171366737467e-27,0.2715440941259342,0.00655190894857349,True,0.1332329789507229,0.556,-0.0015163970501509937,-0.004519632367230263,0.0012283405851036858,-0.09578502472818064,False,False,False,False,True
clustered_null,conditional-null,False,100,4,polynomial_ridge,19,71265566,0.8934773477347733,7.646226818167114e-36,0.29389062751300576,0.0031517972586012468,True,0.47518796992481205,0.04,-0.005266837141895825,-0.0182957712962526,0.00517890099745545,-0.37426224354743515,True,False,False,False,True
clustered_null,conditional-null,False,100,4,polynomial_ridge,20,71265567,0.7345334533453345,3.4041366173853833e-18,-0.286070343878055,0.004098756882698087,True,-0.4676691729323308,0.026,-0.007337612766113555,-0.02888610402121562,0.005999404105247928,-0.20810845363934968,True,False,False,False,True
clustered_null,conditional-null,False,100,4,polynomial_ridge,21,71265568,0.8408760876087608,7.078578001506597e-28,0.09143703746309795,0.3680563642723104,False,0.3639097744360902,0.116,-0.00505283353269121,-0.011862769584573487,0.0013535649882179671,-0.2981739661460491,False,False,False,False,True
clustered_null,conditional-null,False,100,4,polynomial_ridge,22,71265569,0.8293549354935493,1.6207751414206507e-26,0.0050865797864441354,0.9601475882871263,False,-0.26551336966051126,0.236,-0.0062243023521346315,-0.009228602211959652,-0.003791982825976426,-0.38704852889065644,False,False,False,False,True
clustered_null,conditional-null,False,100,4,polynomial_ridge,23,71265570,0.896225622562256,2.273899831921745e-36,0.28392736333131957,0.0043991826174333976,True,0.3076344707964564,0.168,-0.00044538543799717625,-0.0035103909598670404,0.0021309390819402026,-0.02575003903290062,False,False,False,False,True
clustered_null,conditional-null,False,100,4,polynomial_ridge,24,71265571,0.7692169216921692,9.005122176034314e-21,-0.0004619761705010353,0.9963790315587833,False,-0.015037593984962403,0.94,-0.005527175308414751,-0.012444126375221415,-0.0004936644897172517,-0.26337006473318547,False,False,False,False,True
clustered_null,conditional-null,False,100,4,polynomial_ridge,25,71265572,0.8205820582058204,1.5091940017668698e-25,0.23941567955480675,0.016999278208291613,True,0.007518796992481202,0.98,-0.010209245621950563,-0.01812475540099855,-0.0038461780607191723,-0.4435994162167375,False,False,False,False,True
clustered_null,conditional-null,False,100,4,polynomial_ridge,26,71265573,0.845988598859886,1.6272650725576314e-28,0.3342872741000839,0.0007203599781565889,True,0.22857142857142856,0.334,-0.004521542895468064,-0.008012623782593107,-0.0015309244862737974,-0.20321416147307622,False,False,False,False,True
clustered_null,conditional-null,False,100,4,polynomial_ridge,27,71265574,0.6937773777377737,1.2280688734876863e-15,-0.22719823549245535,0.023725484411693337,True,-0.08721804511278194,0.686,-0.0046711608488190365,-0.012046215156743763,0.0027985572670686434,-0.20161524236967177,False,False,False,False,True
clustered_null,conditional-null,False,100,4,polynomial_ridge,28,71265575,0.8232823282328231,7.694679792947909e-26,-0.11205291988795774,0.2694913802573217,False,-0.0458819137373688,0.856,-0.006398112223584235,-0.011560477917940995,-0.002033613266992216,-0.3863841794841212,False,False,False,False,True
clustered_null,conditional-null,False,100,4,polynomial_ridge,29,71265576,0.7373537353735373,2.176129577043284e-18,0.03622243268824711,0.7218793330928318,False,0.009022556390977442,0.972,-0.010153117684365581,-0.023095760976460163,0.0005065231701254772,-0.30570472629694956,False,False,False,False,True
clustered_null,conditional-null,False,100,4,polynomial_ridge,30,71265577,0.7288088808880887,8.297579792236525e-18,0.024365937968981736,0.8107996650138559,False,0.010526315789473682,0.972,-0.004508467986626515,-0.008820910386726728,-0.0001794448273833947,-0.18290364097469267,False,False,False,False,True
clustered_null,conditional-null,False,100,4,polynomial_ridge,31,71265578,0.7994839483948394,2.0302503430167644e-23,0.11821827536540422,0.24385300869978435,False,0.04661654135338346,0.844,-0.011322007885339925,-0.023724427237274855,-0.0018893782551092483,-0.5178245296512127,False,False,False,False,True
clustered_null,conditional-null,False,100,4,polynomial_ridge,32,71265579,0.8664746474647463,2.5046021168064776e-31,0.125598291274603,0.21544630346664476,False,0.1819548872180451,0.432,-0.00528991673782488,-0.012461338907141538,-0.000154203254812166,-0.33379973807208574,False,False,False,False,True
clustered_null,conditional-null,False,100,4,polynomial_ridge,33,71265580,0.8108850885088508,1.5496821045178252e-24,-0.10007301752869052,0.32435650759193607,False,0.04962406015037594,0.812,-0.001796774019593668,-0.009403691480648678,0.004747748107463915,-0.07268880087150911,False,False,False,False,True
clustered_null,conditional-null,False,100,4,polynomial_ridge,34,71265581,0.7561956195619562,9.386331321827301e-20,-0.09840468615259972,0.33252835185071594,False,-0.1263157894736842,0.578,-0.008813759727672881,-0.015395405160834093,-0.0033696355716230247,-0.41463615753254623,False,False,False,False,True
clustered_null,conditional-null,False,100,4,polynomial_ridge,35,71265582,0.8771917191719171,5.4313856819637976e-33,0.009275086049425625,0.9274005491432478,False,-0.03911245105480619,0.864,-0.00617088583815209,-0.017186368018017973,0.001194380914974458,-0.3582289990059006,False,False,False,False,True
clustered_null,conditional-null,False,100,4,polynomial_ridge,36,71265583,0.8368196819681967,2.1914324393394875e-27,-0.2362889225337163,0.018541017426369998,True,-0.20300751879699244,0.366,-0.0040022289693077105,-0.010205653631984491,0.0010722745644251486,-0.37192847550855673,False,False,False,False,True
clustered_null,conditional-null,False,100,4,polynomial_ridge,37,71265584,0.7631803180318031,2.719836913651767e-20,0.17766140413944229,0.07852953766203048,False,0.2144469525959368,0.334,-0.013820119545068593,-0.023716210475859194,-0.00494398545612219,-0.34793573175096365,False,False,False,False,True
clustered_null,conditional-null,False,100,4,polynomial_ridge,38,71265585,0.8039123912391238,7.625676802679191e-24,0.15117933823838173,0.13525114439156946,False,0.13684210526315788,0.546,0.00042463767565441464,-0.002725125471784714,0.0036647288607848895,0.03567430058907709,False,True,False,False,True
clustered_null,conditional-null,False,100,4,polynomial_ridge,39,71265586,0.7184758475847585,3.918514950235854e-17,-0.3019277742022272,0.0023878291171357674,True,-0.4332456116840071,0.056,-0.0019110684011232823,-0.008986709738457832,0.004392235418638349,-0.08154971089108494,False,False,False,False,True
clustered_null,conditional-null,False,100,4,polynomial_ridge,40,71265587,0.789114911491149,1.832342342486734e-22,-0.17095091205403928,0.09068109675814187,False,-0.22188794348399665,0.328,-0.0015448880441403072,-0.005406957494011984,0.002070584209893313,-0.06018103271652867,False,False,False,False,True
clustered_null,conditional-null,False,100,4,polynomial_ridge,41,71265588,0.6953975397539752,9.901616627933016e-16,0.05750189548968794,0.5718435720841727,False,-0.0781954887218045,0.714,-0.008378662378497694,-0.019995883205546804,-0.00011053344812611558,-0.3085084758386469,False,False,False,False,True
clustered_null,conditional-null,False,100,4,polynomial_ridge,42,71265589,0.8968976897689768,1.681626255871797e-36,0.14275176607514706,0.15867159743372541,False,0.015037593984962403,0.952,-0.0028945193346692245,-0.006844251949224364,0.0004057981191718897,-0.2040071670039674,False,False,False,False,True
clustered_null,conditional-null,False,100,4,polynomial_ridge,43,71265590,0.7251005100510051,1.4602091358084158e-17,-0.1289782622390527,0.20325203539150008,False,-0.21052631578947367,0.404,-0.00790587578959771,-0.018655665817218923,0.000704047028709517,-0.38808295972419654,False,False,False,False,True
clustered_null,conditional-null,False,100,4,polynomial_ridge,44,71265591,0.7694449444944493,8.631202731834684e-21,-0.12522329614518474,0.21683051949004087,False,-0.20601503759398496,0.378,-0.004769661617825355,-0.011009124646747553,0.000741095214886883,-0.11795109938667937,False,False,False,False,True
clustered_null,conditional-null,False,100,4,polynomial_ridge,45,71265592,0.8624182418241824,9.801282977401019e-31,0.031508765802007656,0.7568624771798402,False,0.35214456921354986,0.124,-0.0023574361054890178,-0.005316649433377301,0.0002679274606036691,-0.17938995339317146,False,False,False,False,True
clustered_null,conditional-null,False,100,4,polynomial_ridge,46,71265593,0.8061926192619262,4.5609537554573545e-24,-0.22375581900728114,0.025988985437946133,True,-0.4120300751879699,0.076,-0.007014201327279316,-0.02063533105103284,0.0010614118890658751,-0.40656421050963165,False,False,False,False,True
clustered_null,conditional-null,False,100,4,polynomial_ridge,47,71265594,0.7931593159315931,7.885357548693906e-23,-0.16342086665776495,0.10603988507088881,False,-0.2421052631578947,0.312,-0.0015216560748689302,-0.0035558511430932834,0.0001328969601406775,-0.07871600577987711,False,False,False,False,True
clustered_null,conditional-null,False,100,4,polynomial_ridge,48,71265595,0.9127272727272726,7.047911151853952e-40,0.13759900229671343,0.17440816427337705,False,0.2120300751879699,0.406,-0.0015877874901692908,-0.004139403222469466,0.0005349795695554037,-0.1199946125271527,False,False,False,False,True
clustered_null,conditional-null,False,100,4,polynomial_ridge,49,71265596,0.7363696369636963,2.545496958350641e-18,-0.057140754039614425,0.5742645500760066,False,-0.1819548872180451,0.464,-0.011604929928757942,-0.025958049702376036,-0.00012681082204904305,-0.4965919266288814,False,False,False,False,True
clustered_null,conditional-null,False,100,4,polynomial_ridge,50,71265597,0.8473447344734473,1.0919339159815974e-28,0.15070165062336546,0.13650406493707287,False,0.24360902255639094,0.278,-0.003142349147005667,-0.008247500324311825,0.0008794138642146339,-0.20208517225951605,False,False,False,False,True
clustered_null,conditional-null,False,100,4,polynomial_ridge,51,71265598,0.7664326432643263,1.5055584915155104e-20,0.07203436416636047,0.47860287368247767,False,0.30977443609022554,0.152,0.0036491528082080796,-0.0037839726030419693,0.010230308495580123,0.10681234336107415,False,True,False,False,True
clustered_null,conditional-null,False,100,4,polynomial_ridge,52,71265599,0.7750735073507351,2.982812855298859e-21,0.03366830922687953,0.7407693126378601,False,0.23458646616541348,0.312,-0.01096008910236558,-0.02457342992685798,-0.0016924683120775818,-0.3256926969164117,False,False,False,False,True
clustered_null,conditional-null,False,100,4,polynomial_ridge,53,71265600,0.8307830783078306,1.1136696788933928e-26,0.24427267407413977,0.014824099052675387,True,0.10225563909774435,0.682,-0.011643968791942395,-0.022560524682908818,-0.0014396095960398571,-0.47482190942682106,False,False,False,False,True
clustered_null,conditional-null,False,100,4,polynomial_ridge,54,71265601,0.7845544554455444,4.6389779882149385e-22,0.09947931401745555,0.3272497159548809,False,0.003007518796992481,0.986,-0.005758893252198062,-0.014494053068529376,0.0020084006696044223,-0.20683261768223368,False,False,False,False,True
clustered_null,conditional-null,False,100,4,polynomial_ridge,55,71265602,0.6494209420942094,2.6957647655024924e-13,-0.0109364546695061,0.9144418603629029,False,-0.17593984962406017,0.48,-0.01711747040414255,-0.033511284822706974,-0.001252498937272496,-0.3036643229023164,False,False,False,False,True
clustered_null,conditional-null,False,100,4,polynomial_ridge,56,71265603,0.7415781578157814,1.1013201809881284e-18,-0.021541936023287175,0.8323863845044334,False,0.09774436090225563,0.668,-0.010588794511293399,-0.0159272751180222,-0.005449708325670242,-0.4535238059371056,False,False,False,False,True
clustered_null,conditional-null,False,100,4,polynomial_ridge,57,71265604,0.8174257425742575,3.270050117205847e-25,0.07845851105803961,0.4401565573662523,False,0.2045112781954887,0.38,-0.01036761469966841,-0.02404952378838922,0.001159552294380421,-0.40673024203911734,False,False,False,False,True
clustered_null,conditional-null,False,100,4,polynomial_ridge,58,71265605,0.8545574557455744,1.2233311267772512e-29,-0.016265577992313714,0.8730420878815461,False,-0.06242948918363297,0.814,-0.009411189989024338,-0.023873129200002455,0.0003179798426422142,-0.45189123627073563,False,False,False,False,True
clustered_null,conditional-null,False,100,4,polynomial_ridge,59,71265606,0.7507110711071106,2.412128759089571e-19,0.14679885127659503,0.14707313292406546,False,-0.16873833747543254,0.45,-0.01265880537201872,-0.03019888770329355,-0.0010451079140979332,-0.47237758385951134,False,False,False,False,True
clustered_null,conditional-null,False,100,4,polynomial_ridge,60,71265607,0.6172577257725772,7.953441564099665e-12,-0.2548290846159012,0.010912529592485462,True,-0.1533834586466165,0.504,-0.0010732562128338771,-0.005163999515475535,0.0022570069085622027,-0.04538929885767147,False,False,False,False,True
clustered_null,conditional-null,False,100,4,polynomial_ridge,61,71265608,0.7590279027902789,5.708952520032906e-20,0.05887377171139503,0.562690756585738,False,0.2399398439708303,0.308,-0.005735362742280058,-0.01165567909454108,-0.0012646592068306078,-0.23898276470094884,False,False,False,False,True
clustered_null,conditional-null,False,100,4,polynomial_ridge,62,71265609,0.8748754875487548,1.2804961222225385e-32,0.05146150259851645,0.6129493778880005,False,0.02706766917293233,0.894,-0.005352675911854876,-0.009353696714231134,-0.0019327747078405123,-0.5131230557217568,False,False,False,False,True
clustered_null,conditional-null,False,100,4,polynomial_ridge,63,71265610,0.643072307230723,5.427623621758e-13,-0.2940641069919688,0.0031332253258795997,True,-0.3609022556390977,0.128,0.0012077537240414472,-0.0037294861125403665,0.006741549259474511,0.043232401460808485,False,True,False,False,True
clustered_null,conditional-null,False,100,4,polynomial_ridge,64,71265611,0.6588898889888988,9.200490695890801e-14,-0.2335321894491372,0.019998753809990805,True,-0.312781954887218,0.192,-0.0016899145528647339,-0.007892388165425703,0.003760497851952572,-0.07295529669053698,False,False,False,False,True
clustered_null,conditional-null,False,100,4,polynomial_ridge,65,71265612,0.774017401740174,3.649380246540537e-21,-0.03926232870034335,0.6996131958564017,False,0.1263157894736842,0.558,-0.012444675730295153,-0.02547685949131466,-0.0027083946399680857,-0.4341932729223867,False,False,False,False,True
clustered_null,conditional-null,False,100,4,polynomial_ridge,66,71265613,0.9024182418241824,1.2998226301066696e-37,0.4575339526036893,1.924585035474825e-06,True,0.45563909774436084,0.048,-0.007487865648915272,-0.018126957836659997,0.004257250465125209,-0.3341535298780283,True,False,False,False,True
clustered_null,conditional-null,False,100,4,polynomial_ridge,67,71265614,0.7407980798079807,1.2501483368936028e-18,-0.3145955624507786,0.0015172561447510408,True,-0.4595712998939728,0.048,-0.0013863089848745493,-0.008574172539974636,0.004145576839485357,-0.08259103009277297,True,False,False,False,True
clustered_null,conditional-null,False,100,4,polynomial_ridge,68,71265615,0.7383858385838584,1.844794367547419e-18,-0.3271867705000724,0.0009477328726892269,True,-0.24228750274949368,0.306,-0.001307306016475631,-0.011215047733825955,0.007160753966658009,-0.05955239962951591,False,False,False,False,True
clustered_null,conditional-null,False,100,4,polynomial_ridge,69,71265616,0.8899729972997299,3.4237222388208147e-35,0.5369871879809923,1.004625976715331e-08,True,0.39097744360902253,0.09,0.0011741947169314152,-0.005677153434676687,0.007798493391922311,0.07885606629564088,False,True,False,False,True
clustered_null,conditional-null,False,100,4,polynomial_ridge,70,71265617,0.7687008700870086,9.910493665058767e-21,0.09300682748805553,0.359855684921864,False,0.08270676691729321,0.742,-0.002031168983647795,-0.008835022155877406,0.003767105407455092,-0.06363999314216717,False,False,False,False,True
clustered_null,conditional-null,False,100,4,polynomial_ridge,71,71265618,0.5380378037803779,7.787905829608303e-09,-0.26733934337476783,0.0074710143601031355,True,-0.3609022556390977,0.116,-0.008209490456069772,-0.024988924015916354,0.004623006632673863,-0.2715392504211071,False,False,False,False,True
clustered_null,conditional-null,False,100,4,polynomial_ridge,72,71265619,0.7619081908190819,3.41893173636559e-20,0.08910375588591427,0.38045524720247953,False,0.09473684210526315,0.692,-0.02617010273617089,-0.07735967082737104,0.003206823753688026,-0.778877720989657,False,False,False,False,True
clustered_null,conditional-null,False,100,4,polynomial_ridge,73,71265620,0.6764836483648364,1.123151261668138e-14,-0.1670569875007029,0.09838747386918122,False,-0.13082706766917293,0.59,-0.006381639190751753,-0.017639641863061464,0.0037283893725608345,-0.2060105903626096,False,False,False,False,True
clustered_null,conditional-null,False,100,4,polynomial_ridge,74,71265621,0.7724572457245724,4.906325632561969e-21,0.19728742895731038,0.05030774425485268,False,0.10075187969924812,0.66,-0.0060099345631850765,-0.021289693680811808,0.00396175084831633,-0.18503135330793236,False,False,False,False,True
clustered_null,conditional-null,False,100,4,polynomial_ridge,75,71265622,0.6672667266726672,3.440556250551488e-14,-0.034803405269961236,0.7323545092236923,False,-0.14215871633381483,0.556,-0.027482569660763706,-0.059546172009970734,-0.003661930693960548,-0.5684316776541016,False,False,False,False,True
clustered_null,conditional-null,False,100,4,polynomial_ridge,76,71265623,0.7953075307530753,5.0002398955307333e-23,0.410199587992495,2.4787243677104348e-05,True,0.23909774436090225,0.3,-0.014570349215716955,-0.03981951160367591,0.005920651698363158,-0.3243133844859271,False,False,False,False,True
clustered_null,conditional-null,False,100,4,polynomial_ridge,77,71265624,0.8398559855985598,9.433021963345518e-28,0.25168132607143995,0.011971448220638878,True,0.37293233082706767,0.114,-0.0055476647622551434,-0.011031636446385744,-0.001101236124570286,-0.41426749032655297,False,False,False,False,True
clustered_null,conditional-null,False,100,4,polynomial_ridge,78,71265625,0.7795019501950193,1.2650223643429893e-21,0.06774405218510703,0.5052511432282506,False,-0.12180451127819547,0.606,8.680192162941261e-05,-0.0038552343366411775,0.003127134270876904,0.0037223398680478483,False,True,False,False,True
clustered_null,conditional-null,False,100,4,polynomial_ridge,79,71265626,0.7812301230123011,9.00283658987149e-22,0.41616918795542684,1.833420251654173e-05,True,0.2816268254043868,0.242,-0.018368624716803325,-0.04115274829127224,0.001064603582802426,-0.3948427063464578,False,False,False,False,True
clustered_null,conditional-null,False,100,4,polynomial_ridge,80,71265627,0.8667986798679868,2.241659858094894e-31,0.05490098858748023,0.5893848538647964,False,0.13984962406015036,0.548,-0.0032081931489769434,-0.007130971689688997,0.0002900990251914465,-0.22738826358577965,False,False,False,False,True
clustered_null,conditional-null,False,100,4,polynomial_ridge,81,71265628,0.5978157815781577,5.138001577953755e-11,0.028738555593003208,0.7776584531337695,False,-0.02857142857142857,0.912,-0.01616524852127435,-0.038950705114772666,-0.0005061836095415258,-0.3730564518693583,False,False,False,False,True
clustered_null,conditional-null,False,100,4,polynomial_ridge,82,71265629,0.8779357935793577,4.108265987859926e-33,0.2015342091041928,0.04546269494330661,True,0.10379842779929335,0.658,-0.002907224758818775,-0.006932548390702808,0.0008169896020156129,-0.2120076663319533,False,False,False,False,True
clustered_null,conditional-null,False,100,4,polynomial_ridge,83,71265630,0.7692649264926492,8.925115162062208e-21,-0.2860871649807714,0.00409647307288655,True,-0.4601503759398496,0.038,-0.00099003632905054,-0.007132246602850339,0.0057281767848290106,-0.04889846985159221,True,False,False,False,True
clustered_null,conditional-null,False,100,4,polynomial_ridge,84,71265631,0.8388838883888388,1.2378784970184282e-27,0.21042224653118105,0.03656824727928885,True,0.38195488721804516,0.124,-0.004996955236842755,-0.011711101922300012,0.0027971323999393303,-0.2250253617036312,False,False,False,False,True
clustered_null,conditional-null,False,100,4,polynomial_ridge,85,71265632,0.6144974497449744,1.0446598135676509e-11,-0.2825744188029363,0.00459882416378669,True,-0.21654135338345865,0.358,-0.004716594732224889,-0.016077140284407387,0.004535531589967165,-0.12302051169791824,False,False,False,False,True
clustered_null,conditional-null,False,100,4,polynomial_ridge,86,71265633,0.7534353435343534,1.5140260459582855e-19,-0.32612258597034427,0.000986956093345868,True,-0.38345864661654133,0.084,-0.008943301347513876,-0.021828485235572143,-1.2564577366325987e-05,-0.5716478028346783,False,False,False,False,True
clustered_null,conditional-null,False,100,4,polynomial_ridge,87,71265634,0.8309870987098709,1.0552403272668004e-26,-0.00937125055677602,0.9266499151150435,False,0.048120300751879695,0.85,-0.001186623674328726,-0.004874278086222141,0.0031942156039756623,-0.06716033039737025,False,False,False,False,True
clustered_null,conditional-null,False,100,4,polynomial_ridge,88,71265635,0.6954095409540955,9.885783347073451e-16,0.1526539153895917,0.13143864735620991,False,0.1263157894736842,0.6,0.002682755092444672,-0.002684764789811495,0.008857148613576622,0.13767656785711851,False,True,False,False,True
clustered_null,conditional-null,False,100,4,polynomial_ridge,89,71265636,0.7668886888688868,1.3846817972459396e-20,0.12832387441639415,0.20557345029161253,False,0.11127819548872178,0.626,-0.0035466282329199156,-0.006703447682450926,-0.00022865845115792728,-0.2257850930121708,False,False,False,False,True
clustered_null,conditional-null,False,100,4,polynomial_ridge,90,71265637,0.7910591059105909,1.224573642408054e-22,0.03468028776126922,0.733265706233805,False,-0.11428571428571428,0.628,-0.0027720932492005246,-0.008621768324346472,0.0007159676922104032,-0.2295753030604953,False,False,False,False,True
clustered_null,conditional-null,False,100,4,polynomial_ridge,91,71265638,0.6805040504050404,6.8050209865285735e-15,0.1701531404396789,0.0922197158867152,False,0.14436090225563908,0.552,-0.0007601520075202414,-0.007347351037679357,0.005947053169378582,-0.023621827082423066,False,False,False,False,True
clustered_null,conditional-null,False,100,4,polynomial_ridge,92,71265639,0.6957695769576957,9.422034862660564e-16,0.1667279249488421,0.09906161469065809,False,-0.021052631578947364,0.936,-0.008481516558739577,-0.013816819420911737,-0.003358870259716017,-0.36179164392880175,False,False,False,False,True
clustered_null,conditional-null,False,100,4,polynomial_ridge,93,71265640,0.802064206420642,1.1509833035014567e-23,0.024027653506109962,0.8133784017049656,False,0.24294849405196928,0.338,-0.0014345257016912076,-0.006961449041371194,0.0033521138336317117,-0.1115503141823974,False,False,False,False,True
clustered_null,conditional-null,False,100,4,polynomial_ridge,94,71265641,0.906138613861386,2.120869141664487e-38,0.46342607179696543,1.3619901014083167e-06,True,0.7127819548872181,0.004,0.0037722238982699496,-0.00034771904641745194,0.007770669144724035,0.23442167827774935,True,True,False,False,True
clustered_null,conditional-null,False,100,4,polynomial_ridge,95,71265642,0.6687668766876685,2.875227964915777e-14,0.059937167724934556,0.5556442852037755,False,0.22105263157894736,0.334,-0.017525767215597413,-0.042484289797224045,-0.001836066065167045,-0.4144930868054799,False,False,False,False,True
clustered_null,conditional-null,False,100,4,polynomial_ridge,96,71265643,0.8079087908790878,3.083839226709849e-24,0.08765993701538453,0.3882525690370696,False,-0.003007518796992481,0.992,-0.00436989240776349,-0.008788962560634845,0.00040348393393897726,-0.16796889466059475,False,False,False,False,True
clustered_null,conditional-null,False,100,4,polynomial_ridge,97,71265644,0.7088028802880286,1.5760310133320678e-16,-0.18994629724252793,0.05968390660175384,False,-0.33082706766917286,0.134,0.0003442436563485807,-0.006826325508763999,0.007178408466212453,0.010823499051170743,False,True,False,False,True
clustered_null,conditional-null,False,100,4,polynomial_ridge,98,71265645,0.7985958595859586,2.4635184990943035e-23,-0.1476489967759842,0.14471996245561647,False,-0.6436090225563909,0.006,-0.003980004691430287,-0.009020099040448846,-0.00032165711672396257,-0.29034218961652947,True,False,False,False,True
clustered_null,conditional-null,False,100,4,polynomial_ridge,99,71265646,0.8143414341434142,6.862776080328842e-25,-0.06976469915792179,0.4926053723118205,False,0.33019934640499843,0.17,0.0009615946905032653,-0.001813807056477023,0.004324816622985542,0.04935443485289975,False,True,False,False,True
clustered_null,conditional-null,False,200,4,polynomial_ridge,0,72266247,0.8411940298507464,9.076995753819353e-55,0.00022335518545121618,0.997501856526133,False,0.014822458855839157,0.942,-0.0012907740647249127,-0.002369747412375958,-0.0003192865549211244,-0.09351082531559882,False,False,False,False,True
clustered_null,conditional-null,False,200,4,polynomial_ridge,1,72266248,0.7714827870696769,9.607222486291922e-41,0.30145506612280276,1.5126296128622414e-05,True,0.4151969981238275,0.01,0.005273625044621866,0.0007385853841096573,0.01086573931484662,0.17806035303787923,True,True,True,True,True
clustered_null,conditional-null,False,200,4,polynomial_ridge,2,72266249,0.843342083552089,2.6390535275937765e-55,0.07835404155546384,0.27131086187857045,False,0.15722326454033772,0.342,-0.00010019018513674448,-0.001355125820538509,0.0010882110425240417,-0.007900556166348322,False,False,False,False,True
clustered_null,conditional-null,False,200,4,polynomial_ridge,3,72266250,0.6945368634215856,3.9449072595089e-30,-0.007889725603641061,0.9119344534479682,False,-0.10994371482176361,0.5,-0.006624200518579079,-0.01386649338512409,-0.0009410880583146843,-0.1788092232404269,False,False,False,False,True
clustered_null,conditional-null,False,200,4,polynomial_ridge,4,72266251,0.6956603915097878,2.9202093920743288e-30,0.05084127674585749,0.4757543558215659,False,0.05365853658536587,0.756,-0.005020989414400018,-0.010002849803406506,-0.001427205718656047,-0.22035242737431077,False,False,False,False,True
clustered_null,conditional-null,False,200,4,polynomial_ridge,5,72266252,0.711286282157054,3.83829046460962e-32,0.0012512482510896247,0.9860059497961027,False,-0.18273921200750473,0.254,-0.0021954314380694118,-0.007543918794942712,0.0028461983639606657,-0.07613296408795779,False,False,False,False,True
clustered_null,conditional-null,False,200,4,polynomial_ridge,6,72266253,0.7824495612390312,1.340855766465967e-42,-0.008791956806926812,0.9019116061959234,False,0.006754221388367731,0.962,-0.003973310494050988,-0.0064481227039986655,-0.0016783784598618254,-0.18127323947696336,False,False,False,False,True
clustered_null,conditional-null,False,200,4,polynomial_ridge,7,72266254,0.7087872196804922,7.822785419364536e-32,-0.2795491816472117,6.369160796183444e-05,True,-0.2583489681050657,0.126,-0.0011838388255344598,-0.005656407322684387,0.0025535273146810966,-0.05199734378126318,False,False,False,False,True
clustered_null,conditional-null,False,200,4,polynomial_ridge,8,72266255,0.8440366009150231,1.763015539851509e-55,-0.004064997975145043,0.9545588627124496,False,0.005065666041275799,0.98,-0.0020179544736907105,-0.0036069808284096188,-0.0004125146221800741,-0.10176082749363718,False,False,False,False,True
clustered_null,conditional-null,False,200,4,polynomial_ridge,9,72266256,0.7753873846846171,2.158300353813112e-41,-0.20269268974954688,0.0040893789006065185,True,-0.22345215759849907,0.152,-0.0014702173896451072,-0.004771714736030844,0.0014701125527365356,-0.0696723174898784,False,False,False,False,True
clustered_null,conditional-null,False,200,4,polynomial_ridge,10,72266257,0.8418210455261382,6.341151930642098e-55,0.12269816475886904,0.08425816505856684,False,0.32026266416510324,0.042,-0.0014696010731899932,-0.0038439430021001116,0.0009363710411788631,-0.08089184659459908,True,False,False,False,True
clustered_null,conditional-null,False,200,4,polynomial_ridge,11,72266258,0.7260721518037953,4.841399771523179e-34,0.010738759665643173,0.880339492256376,False,0.13714821763602253,0.4,-0.00202900536415182,-0.005120695377605272,0.0012319692202124525,-0.06752528085296924,False,False,False,False,True
clustered_null,conditional-null,False,200,4,polynomial_ridge,12,72266259,0.8963879096977426,6.925600303078548e-72,0.12613349184532308,0.07586164563570803,False,0.12833020637898687,0.446,-0.003239247004598593,-0.0057855466996333624,-0.0013748836919564619,-0.2918838856450024,False,False,False,False,True
clustered_null,conditional-null,False,200,4,polynomial_ridge,13,72266260,0.8156363909097729,6.111960552471368e-49,0.3249009639747745,2.8399399516390337e-06,True,0.2812382739212008,0.096,-0.0033568794541206995,-0.009828400595590796,0.0018831915092966537,-0.12190134135229706,False,False,False,False,True
clustered_null,conditional-null,False,200,4,polynomial_ridge,14,72266261,0.7475886897172431,4.874774719645095e-37,0.012258634133470689,0.8635583020485101,False,0.07992495309568483,0.622,-0.0020367188416780813,-0.00443797412537486,0.00012108403482468934,-0.08275227530508579,False,False,False,False,True
clustered_null,conditional-null,False,200,4,polynomial_ridge,15,72266262,0.7798544963624091,3.766995814706506e-42,0.044252933999749236,0.5348391727424348,False,0.00375234521575985,0.994,-0.003307880589120186,-0.007265376360197488,-0.00038174645683491254,-0.15129739370001086,False,False,False,False,True
clustered_null,conditional-null,False,200,4,polynomial_ridge,16,72266263,0.831143778594465,2.3234217680618385e-52,-0.03024940561780294,0.6714715340446622,False,0.018949343339587248,0.888,-0.0037217746845613874,-0.00623593159936905,-0.0015423413687450274,-0.222397131679726,False,False,False,False,True
clustered_null,conditional-null,False,200,4,polynomial_ridge,17,72266264,0.8231395784894623,1.489927675953323e-50,-0.11710369808955748,0.09951353761743363,False,-0.2026266416510319,0.198,-0.0007997575416310333,-0.0024526727083317022,0.0009264927900800176,-0.055691916762524385,False,False,False,False,True
clustered_null,conditional-null,False,200,4,polynomial_ridge,18,72266265,0.8550963774094353,2.1645899989460885e-58,0.264826148733341,0.00015682103875909722,True,0.26529080675422145,0.094,0.0024001968917900414,-0.0014441945589967217,0.006615335996973719,0.11232358211616547,False,True,False,False,True
clustered_null,conditional-null,False,200,4,polynomial_ridge,19,72266266,0.7413515337883448,3.866452959618745e-36,0.17169142950831612,0.015317623444292919,True,0.2696060037523453,0.094,-0.0014271629679787554,-0.0059843485209490925,0.0019971247986141066,-0.0651050432795503,False,False,False,False,True
clustered_null,conditional-null,False,200,4,polynomial_ridge,20,72266267,0.8229565739143478,1.6345948803723615e-50,0.2229588908501416,0.0015489689556491154,True,0.23489681050656663,0.164,-0.0024216700620218017,-0.005712756732097236,-8.287733486217113e-05,-0.12650368095449951,False,False,False,False,True
clustered_null,conditional-null,False,200,4,polynomial_ridge,21,72266268,0.8047056176404411,1.0203849313674033e-46,0.009128913970941182,0.8981722532928639,False,0.04709193245778612,0.756,-0.0033152196494205532,-0.006298722155302099,-0.0009892765749568684,-0.20857075200921127,False,False,False,False,True
clustered_null,conditional-null,False,200,4,polynomial_ridge,22,72266269,0.7074401860046503,1.1446821967648985e-31,0.012982731214390815,0.8555843809824654,False,-0.02457786116322702,0.876,-0.006901065684862227,-0.011342887724523971,-0.0031512253131529347,-0.22115467748976272,False,False,False,False,True
clustered_null,conditional-null,False,200,4,polynomial_ridge,23,72266270,0.8975414385359636,2.4249057064078664e-72,0.2468306002387198,0.00044045454451418174,True,0.2883677298311445,0.076,-0.00014462775335063148,-0.002707276598846917,0.0023979460142924524,-0.011471378471913238,False,False,False,False,True
clustered_null,conditional-null,False,200,4,polynomial_ridge,24,72266271,0.5929483237080928,2.235615967714235e-20,0.15775994476168223,0.02605355466762322,True,0.23320825515947471,0.138,-0.019998102960625846,-0.03308092938157425,-0.008236755886190774,-0.40092664571642134,False,False,False,False,True
clustered_null,conditional-null,False,200,4,polynomial_ridge,25,72266272,0.6049621240531013,2.376267911072295e-21,0.0404578029510921,0.570466536624467,False,0.039399624765478425,0.796,-0.0031023913628678776,-0.005933660974818982,-0.00042979833280464594,-0.0713965253140733,False,False,False,False,True
clustered_null,conditional-null,False,200,4,polynomial_ridge,26,72266273,0.8362289057226433,1.4724752741878133e-53,0.03836411235651675,0.5905900274966901,False,0.09803461711615138,0.57,0.0008231999223808836,-0.0018823317033945935,0.0035488677435983025,0.051046068278379104,False,True,False,False,True
clustered_null,conditional-null,False,200,4,polynomial_ridge,27,72266274,0.7749778744468613,2.52776029352623e-41,-0.05552991730379613,0.43597240602244924,False,-0.002439024390243903,0.982,-0.002855667838821168,-0.006419722940012799,0.00017917909822536386,-0.13480776648914702,False,False,False,False,True
clustered_null,conditional-null,False,200,4,polynomial_ridge,28,72266275,0.7705452636315909,1.3689560788367832e-40,0.31205092009510305,7.2287739999759975e-06,True,0.3960600375234522,0.01,-0.000269099925309952,-0.004818744738673825,0.004579108880678859,-0.01004520647618813,True,False,False,False,True
clustered_null,conditional-null,False,200,4,polynomial_ridge,29,72266276,0.7422065551638792,2.921199551904201e-36,-0.03968080827252034,0.5778967119998479,False,-0.2227016885553471,0.166,-0.0005426474197100968,-0.0020977345352486384,0.000746640661814208,-0.024683559458457977,False,False,False,False,True
clustered_null,conditional-null,False,200,4,polynomial_ridge,30,72266277,0.6755043876096903,5.259761792958581e-28,-0.27321843734374,9.442401380290911e-05,True,-0.48198874296435285,0.002,0.0021078473890795667,-0.002605652266434331,0.007080867446396679,0.09490541529278394,True,True,False,False,True
clustered_null,conditional-null,False,200,4,polynomial_ridge,31,72266278,0.6818720468011701,1.0665360225354664e-28,0.032106276781088065,0.6525823425569379,False,0.06116322701688557,0.714,-0.003254135307093394,-0.00841652480336796,0.0005907537142683674,-0.108404352876064,False,False,False,False,True
clustered_null,conditional-null,False,200,4,polynomial_ridge,32,72266279,0.7445871146778671,1.3305348398611773e-36,-0.11407310651081508,0.10864727183847706,False,-0.1876172607879925,0.28,-0.0019492766604062225,-0.0059859974094205815,0.0019550263496002514,-0.07335183577951417,False,False,False,False,True
clustered_null,conditional-null,False,200,4,polynomial_ridge,33,72266280,0.8607740193504839,5.564062054250631e-60,-0.002623583807901748,0.970662720470863,False,0.004690431519699813,0.974,0.0002538978234503976,-0.0016584495374816518,0.0020537346690427524,0.021337952537360226,False,True,False,False,True
clustered_null,conditional-null,False,200,4,polynomial_ridge,34,72266281,0.7838760969024227,7.55337364518433e-43,0.17494225971853342,0.01345827384064895,True,0.18968105065666047,0.218,-0.006362192061586683,-0.012562801906571067,-0.000979185740001805,-0.23337634559291412,False,False,False,False,True
clustered_null,conditional-null,False,200,4,polynomial_ridge,35,72266282,0.7456746418660468,9.262676931953057e-37,-0.09359341963824114,0.18855415713572077,False,-0.02739212007504691,0.854,-0.0007004776025931851,-0.002727081170697466,0.0012258273058179938,-0.03871780518324806,False,False,False,False,True
clustered_null,conditional-null,False,200,4,polynomial_ridge,36,72266283,0.8412720318007951,8.681613021119529e-55,0.13126382092585206,0.06459608216286826,False,0.1853658536585366,0.218,-0.003594885310348,-0.007113144616359304,-0.0005164425747718482,-0.22669021368136083,False,False,False,False,True
clustered_null,conditional-null,False,200,4,polynomial_ridge,37,72266284,0.6760144003600089,4.635554530771996e-28,0.23519560445733534,0.0008258728761583814,True,0.17936210131332084,0.248,-0.009091948980267286,-0.018916588337233507,0.00047133126630912153,-0.21350498536520812,False,False,False,False,True
clustered_null,conditional-null,False,200,4,polynomial_ridge,38,72266285,0.8281842046051152,1.109594198337622e-51,0.017256265885189304,0.8088467370089055,False,0.09249530956848032,0.56,-0.0003861225035841874,-0.0034378393841906145,0.0026604451830012778,-0.020420112961027168,False,False,False,False,True
clustered_null,conditional-null,False,200,4,polynomial_ridge,39,72266286,0.7858396459911497,3.403788552833854e-43,0.23973460563388313,0.000648584587029179,True,0.3120075046904316,0.044,0.0013604030158583143,-0.0028996801633034983,0.0055626246335389925,0.051092719630121214,True,True,False,False,True
clustered_null,conditional-null,False,200,4,polynomial_ridge,40,72266287,0.7022275556888922,4.894259635503458e-31,-0.2919352733267859,2.86657871439235e-05,True,-0.226078799249531,0.136,0.0004280175273129287,-0.00501554281483267,0.006149605982843917,0.014011642426107845,False,True,False,False,True
clustered_null,conditional-null,False,200,4,polynomial_ridge,41,72266288,0.8184384609615242,1.5578769396107757e-49,0.009109765315157422,0.8983846945113003,False,-0.02082551594746717,0.908,-0.0006750308313140559,-0.0023262716653092703,0.0008258356165818737,-0.03797879406875162,False,False,False,False,True
clustered_null,conditional-null,False,200,4,polynomial_ridge,42,72266289,0.8061936548413711,5.182698987091731e-47,0.1452887265553562,0.040607515561857946,True,-0.04615384615384616,0.792,0.00011248860285771947,-0.0026478869079525316,0.0028200455672063667,0.0061838519049395675,False,True,False,False,True
clustered_null,conditional-null,False,200,4,polynomial_ridge,43,72266290,0.7990009750243757,1.2989724734413988e-45,0.2861469443252342,4.1822898159769425e-05,True,0.3690431519699813,0.026,-0.0005201957787578024,-0.0045181877602009325,0.0037761280651719795,-0.018466629167585104,True,False,False,False,True
clustered_null,conditional-null,False,200,4,polynomial_ridge,44,72266291,0.7818300457511438,1.7180550628689964e-42,0.15468332986525385,0.02914812392495049,True,0.3219512195121952,0.044,0.0038420613656974245,-0.00536107552981269,0.01177466145354257,0.10838509151776825,True,True,False,False,True
clustered_null,conditional-null,False,200,4,polynomial_ridge,45,72266292,0.7898702467561691,6.453640407886691e-44,0.10889503860288595,0.12576127348233623,False,0.14015009380863042,0.368,-0.00041210012697866574,-0.0027022052371953823,0.0017086119477620757,-0.018126169935425186,False,False,False,False,True
clustered_null,conditional-null,False,200,4,polynomial_ridge,46,72266293,0.7301312532813322,1.3858274359563746e-34,-0.15057945624371544,0.03376033946390806,True,-0.08377503644471118,0.578,-0.003040618166937622,-0.006273260646715719,-0.0006115695916618595,-0.11016742659377757,False,False,False,False,True
clustered_null,conditional-null,False,200,4,polynomial_ridge,47,72266294,0.7000660016500414,8.858203379048432e-31,-0.07227760356587738,0.3103416140935982,False,-0.1127579737335835,0.462,-0.0015525612121100943,-0.003554153196778521,4.0359659080941015e-06,-0.06898051513355477,False,False,False,False,True
clustered_null,conditional-null,False,200,4,polynomial_ridge,48,72266295,0.8292417310432761,6.3683748998007315e-52,-0.25373215571592683,0.00029902505298585,True,-0.3292682926829269,0.04,-0.0021736853252458145,-0.004789083090950518,8.85065312061809e-05,-0.1574911011777296,True,False,False,False,True
clustered_null,conditional-null,False,200,4,polynomial_ridge,49,72266296,0.7715172879321984,9.482532227605926e-41,0.10094552401771045,0.1559959856276851,False,0.12232645403377114,0.416,-0.007194903090915004,-0.012159750979151627,-0.002044718698301424,-0.38266784932136183,False,False,False,False,True
clustered_null,conditional-null,False,200,4,polynomial_ridge,50,72266297,0.7249336233405835,6.848592452864192e-34,0.08882870745798943,0.2121566792596737,False,-0.09212007504690432,0.568,-0.0027840184246052807,-0.0052983643063145855,-0.0006148648443684867,-0.13760778335459303,False,False,False,False,True
clustered_null,conditional-null,False,200,4,polynomial_ridge,51,72266298,0.8264711617790447,2.7057827609191747e-51,0.22722559618080057,0.0012485851347688707,True,0.14165103189493433,0.39,-0.0005574675628573292,-0.003008986633694616,0.0016166132034936983,-0.0330499666793021,False,False,False,False,True
clustered_null,conditional-null,False,200,4,polynomial_ridge,52,72266299,0.8036405910147755,1.6511418947105357e-46,0.024016236205426856,0.7363392787855806,False,0.07166979362101314,0.632,-0.000735976047791978,-0.00190275624340213,0.0003194979811468201,-0.05007208526234477,False,False,False,False,True
clustered_null,conditional-null,False,200,4,polynomial_ridge,53,72266300,0.798396459911498,1.6927377332761725e-45,-0.017595619670814935,0.8051619349292095,False,-0.035459662288930584,0.822,-0.0007010104528927495,-0.0038403633723955617,0.0021077174923842495,-0.030168326637580387,False,False,False,False,True
clustered_null,conditional-null,False,200,4,polynomial_ridge,54,72266301,0.7723813095327385,6.831469142456943e-41,0.1800410186197196,0.010939691660711149,True,0.10337711069418387,0.49,-0.002869157494062375,-0.005510731249524293,-0.0006655072276760721,-0.1475620217748853,False,False,False,False,True
clustered_null,conditional-null,False,200,4,polynomial_ridge,55,72266302,0.8107597689942249,6.24594945343637e-48,0.18260571740223108,0.009837625174301876,True,0.39005628517823643,0.014,0.0023353029249702437,-0.0010547915009348008,0.006334088919682198,0.11777124365804399,True,True,False,False,True
clustered_null,conditional-null,False,200,4,polynomial_ridge,56,72266303,0.7541183529588241,5.220396482373068e-38,0.010832578006241211,0.8793020030183992,False,0.22824710377377638,0.172,-0.004181595513501481,-0.0069036493163809635,-0.002021316321222644,-0.1833032930726401,False,False,False,False,True
clustered_null,conditional-null,False,200,4,polynomial_ridge,57,72266304,0.8239015975399386,1.0117831108759186e-50,-0.010904337364185326,0.8785085915187514,False,0.0551594746716698,0.762,-0.0018556209985232837,-0.004985008657587107,0.0006951741310630581,-0.12839649593849284,False,False,False,False,True
clustered_null,conditional-null,False,200,4,polynomial_ridge,58,72266305,0.8570164254106353,6.3881641985069815e-59,-0.22722488207673183,0.0012486305981060108,True,-0.21200750469043156,0.186,0.001089536114184395,-0.0008212078438218259,0.003380606656593651,0.09195073451523524,False,True,False,False,True
clustered_null,conditional-null,False,200,4,polynomial_ridge,59,72266306,0.8084602115052878,1.825934930951815e-47,0.006195632223789222,0.930790432409987,False,0.16622889305816138,0.298,-0.0017168338700913489,-0.0033018676786194814,-0.0001555212242176705,-0.12241333463525027,False,False,False,False,True
clustered_null,conditional-null,False,200,4,polynomial_ridge,60,72266307,0.7984294607365185,1.6684854988726217e-45,-0.24804715799020932,0.00041171221611060685,True,-0.3296435272045029,0.038,0.0011601722176787788,-0.0002471765545812022,0.002642386411976098,0.10565543559106658,True,True,False,False,True
clustered_null,conditional-null,False,200,4,polynomial_ridge,61,72266308,0.7476876921923049,4.714835411466965e-37,0.30372864789309034,1.2941042324769766e-05,True,0.30168855534709194,0.06,-0.0012331751976095845,-0.008451912159015433,0.006088541270936555,-0.04172806527068404,False,False,False,False,True
clustered_null,conditional-null,False,200,4,polynomial_ridge,62,72266309,0.7961494037350935,4.493751256586849e-45,0.034763154030141005,0.6259375522109477,False,0.12645403377110695,0.418,-0.0049213055643579084,-0.010511885248331167,4.043714270285639e-05,-0.20814672634290748,False,False,False,False,True
clustered_null,conditional-null,False,200,4,polynomial_ridge,63,72266310,0.8741513537838448,5.052106195555978e-64,0.274440882083099,8.757628689876149e-05,True,0.24784240150093811,0.154,-0.0013340017958547445,-0.0038910932902531804,0.0012013525737480288,-0.08773751185273197,False,False,False,False,True
clustered_null,conditional-null,False,200,4,polynomial_ridge,64,72266311,0.5970809270231757,1.0450098300864942e-20,-0.19120857854355167,0.006823377357117224,True,-0.38592870544090063,0.022,-0.001561253445721028,-0.00552106475460042,0.0021417067616006,-0.04723663344033547,True,False,False,False,True
clustered_null,conditional-null,False,200,4,polynomial_ridge,65,72266312,0.8056551413785346,6.627081197997079e-47,0.34496376512335614,6.048154579479211e-07,True,0.36135084427767356,0.018,-0.0017159919397829008,-0.010786494174193249,0.005224152994961935,-0.06334859436758866,True,False,False,False,True
clustered_null,conditional-null,False,200,4,polynomial_ridge,66,72266313,0.7020490512262808,5.141060436591016e-31,0.020546306114769944,0.7733116552355682,False,-0.16736244682795606,0.28,0.002118189673794145,-0.0019428439644519745,0.006176443971309564,0.07929983655034244,False,True,False,False,True
clustered_null,conditional-null,False,200,4,polynomial_ridge,67,72266314,0.7881542038550964,1.3158020473325077e-43,-0.01484049089845392,0.8351949946531354,False,0.04521575984990619,0.796,-0.0014926851420908292,-0.0035657608530377948,0.0002926242606323746,-0.10393036571761854,False,False,False,False,True
clustered_null,conditional-null,False,200,4,polynomial_ridge,68,72266315,0.8495372384309609,6.726080643937324e-57,0.16654825575087623,0.018718190274056128,True,0.3529080675422139,0.036,-0.00042838369282355293,-0.002099980996999831,0.0011692015559554836,-0.022963176936333624,True,False,False,False,True
clustered_null,conditional-null,False,200,4,polynomial_ridge,69,72266316,0.8369399234980877,9.93706242087816e-54,0.2856910760250859,4.3070800089727665e-05,True,0.32551594746716705,0.026,-0.002947411353208508,-0.007729797179869791,0.0014023859788495157,-0.11116565594040091,True,False,False,False,True
clustered_null,conditional-null,False,200,4,polynomial_ridge,70,72266317,0.854074851871297,4.113813815527463e-58,0.20147716901222015,0.0043226581567322635,True,0.21969981238273922,0.156,-0.0005190320876416292,-0.0037671814641269796,0.0029465190506624992,-0.024363688858163934,False,False,False,False,True
clustered_null,conditional-null,False,200,4,polynomial_ridge,71,72266318,0.7992079801995051,1.1861332507742788e-45,0.07047518158538908,0.3225935063520757,False,0.21220507551840617,0.186,-0.0005235400573429215,-0.0022825789533301773,0.001081144515269071,-0.025207302415587107,False,False,False,False,True
clustered_null,conditional-null,False,200,4,polynomial_ridge,72,72266319,0.7808115202880073,2.57789887956299e-42,-0.15627402998357606,0.027511047286848368,True,-0.14803696249692525,0.328,-0.00068805553284031,-0.0054247696858038905,0.0036541637201468564,-0.02795470114699018,False,False,False,False,True
clustered_null,conditional-null,False,200,4,polynomial_ridge,73,72266320,0.71649591239781,8.48825320067193e-33,-0.08245484697115997,0.24693999458216356,False,-0.09455909943714824,0.532,-0.0006888979820391418,-0.0035649133039087986,0.002443567434516327,-0.03483040604669805,False,False,False,False,True
clustered_null,conditional-null,False,200,4,polynomial_ridge,74,72266321,0.8419245481137029,5.9757028689602505e-55,0.21678373767980272,0.002101477904859134,True,0.35422138836772993,0.04,-0.0024672581089879193,-0.005867419447362689,0.0006479645199518435,-0.11117160184340531,True,False,False,False,True
clustered_null,conditional-null,False,200,4,polynomial_ridge,75,72266322,0.7037695942398561,3.1948630354563317e-31,0.2901413656460955,3.225431266368731e-05,True,0.18405253283302067,0.248,0.0009676323185060301,-0.005326780812728396,0.006264868284981993,0.026699916478598495,False,True,False,False,True
clustered_null,conditional-null,False,200,4,polynomial_ridge,76,72266323,0.6695237380934524,2.2709826512338302e-27,0.08049633677350804,0.2583826184771671,False,0.010318949343339589,0.948,-0.0067222044281497265,-0.01298072182225647,-0.0019800052464024422,-0.20059023957052247,False,False,False,False,True
clustered_null,conditional-null,False,200,4,polynomial_ridge,77,72266324,0.7142923573089329,1.6135806756062272e-32,0.05651076758157639,0.42789767437437437,False,0.19155722326454036,0.246,-0.0050634202142560356,-0.01385730922779575,0.0005092310225470314,-0.18487872190825333,False,False,False,False,True
clustered_null,conditional-null,False,200,4,polynomial_ridge,78,72266325,0.821852546313658,2.8524588535978463e-50,0.08090817621942602,0.2559466607401425,False,0.10356472795497187,0.49,-0.0012221008296052528,-0.0031357605820512406,0.0007401404270395036,-0.0646820685968554,False,False,False,False,True
clustered_null,conditional-null,False,200,4,polynomial_ridge,79,72266326,0.5880672016800421,5.4130986894776836e-20,-0.14461535244244858,0.04155749939502273,True,-0.1435339370217336,0.408,-0.002758619875095923,-0.009407868168859608,0.003514721710874971,-0.07238792243357518,False,False,False,False,True
clustered_null,conditional-null,False,200,4,polynomial_ridge,80,72266327,0.6550168754218857,6.876864825745798e-26,-0.23076679143150258,0.0010408967661393212,True,-0.3177596411394781,0.062,0.0005315618948836566,-0.003441062781697828,0.004613725772407401,0.018977427082640032,False,True,False,False,True
clustered_null,conditional-null,False,200,4,polynomial_ridge,81,72266328,0.6985344633615841,1.3443512600048615e-30,0.10218166067945715,0.1509651122858566,False,0.05609756097560976,0.696,-0.007510658493247717,-0.014419457188615382,-0.0019727843647749954,-0.24784880243666702,False,False,False,False,True
clustered_null,conditional-null,False,200,4,polynomial_ridge,82,72266329,0.8135318382959575,1.680503673102615e-48,-0.0178497032439168,0.8024058253870802,False,0.05759849906191371,0.734,-5.290541188086341e-05,-0.000830486481139854,0.0007427372549994441,-0.005090676935151379,False,False,False,False,True
clustered_null,conditional-null,False,200,4,polynomial_ridge,83,72266330,0.8315727893197331,1.847578527110622e-52,0.12921201617097702,0.06892522356536104,False,-0.06454033771106943,0.7,0.0006800802125772644,-0.001874102271191384,0.0029510724354475226,0.03428514717448564,False,True,False,False,True
clustered_null,conditional-null,False,200,4,polynomial_ridge,84,72266331,0.9161569039225982,1.4949055931327195e-80,0.2548344784466654,0.0002808064902425201,True,0.1352720450281426,0.408,-0.00111579704653836,-0.003566177537829932,0.0011300810344543075,-0.11101109981952954,False,False,False,False,True
clustered_null,conditional-null,False,200,4,polynomial_ridge,85,72266332,0.7909187729693243,4.162352619781177e-44,0.07373853942439994,0.30063762608814554,False,-0.12945590994371484,0.404,-0.0029726473400833175,-0.0057244193140604865,-0.000559789867568321,-0.12677431091113037,False,False,False,False,True
clustered_null,conditional-null,False,200,4,polynomial_ridge,86,72266333,0.8177799444986126,2.152605148249803e-49,0.011100915522762213,0.8763357361235561,False,-0.06960600375234523,0.678,-0.0006121164722131152,-0.0033185990004469383,0.001856130995763927,-0.04112831197317491,False,False,False,False,True
clustered_null,conditional-null,False,200,4,polynomial_ridge,87,72266334,0.7125388134703369,2.678636612005514e-32,-0.008787135254802406,0.9019651288289983,False,0.03377110694183865,0.81,-0.00687614757037508,-0.010866983486898277,-0.003329584596975716,-0.27115079727795927,False,False,False,False,True
clustered_null,conditional-null,False,200,4,polynomial_ridge,88,72266335,0.7938633465836648,1.198288824121915e-44,-0.02709900184843958,0.7039899239818537,False,-0.037619025323996844,0.818,-0.0013971532107070698,-0.003413602970604973,0.0003037428910881253,-0.09921290866485993,False,False,False,False,True
clustered_null,conditional-null,False,200,4,polynomial_ridge,89,72266336,0.8023205580139504,2.9859202270076277e-46,0.12479545562627992,0.07904771264270662,False,0.012382739212007506,0.934,-0.001937347313730355,-0.003577974249280194,-0.0006128510760053869,-0.15139962335324386,False,False,False,False,True
clustered_null,conditional-null,False,200,4,polynomial_ridge,90,72266337,0.8734313357833948,8.562324643544132e-64,0.1818033196354831,0.010171369453975563,True,0.10093808630393997,0.526,-0.0014796021978820198,-0.003411639251039884,0.0006149710555558581,-0.1154978784311205,False,False,False,False,True
clustered_null,conditional-null,False,200,4,polynomial_ridge,91,72266338,0.7283897097427436,2.376817117096995e-34,0.1476419199920905,0.03742992250259627,True,0.09343339587242028,0.576,-0.0038168328082002455,-0.00948087552521923,0.001440488145314897,-0.14817598985321684,False,False,False,False,True
clustered_null,conditional-null,False,200,4,polynomial_ridge,92,72266339,0.7595889897247432,7.604941757465219e-39,-0.15457031044602235,0.029267539419190455,True,-0.0600375234521576,0.678,-0.0011569886449063378,-0.006843459619906003,0.0040594659559220385,-0.0471878030303069,False,False,False,False,True
clustered_null,conditional-null,False,200,4,polynomial_ridge,93,72266340,0.7258951473786845,5.11021147955591e-34,0.10537139947803277,0.13855086865236593,False,-0.14090056285178237,0.358,-0.006531659555927469,-0.012600089408087498,-0.0010459311172687292,-0.2258774340732324,False,False,False,False,True
clustered_null,conditional-null,False,200,4,polynomial_ridge,94,72266341,0.7982479561989051,1.8062498679303328e-45,-0.05535723562063928,0.4374029580102744,False,-0.19399624765478427,0.246,-0.004290389566095031,-0.008546337820042353,-0.0010010039142487146,-0.25531925972052827,False,False,False,False,True
clustered_null,conditional-null,False,200,4,polynomial_ridge,95,72266342,0.6217505437635942,8.80108802916847e-23,-0.17019976264911663,0.016243404366705,True,-0.2232645403377111,0.148,-0.0009073145777599781,-0.004457601981108397,0.0027380492007886862,-0.0322838581483869,False,False,False,False,True
clustered_null,conditional-null,False,200,4,polynomial_ridge,96,72266343,0.7083837095927399,8.769677139932476e-32,0.1231804035356133,0.08303632489783207,False,0.24183864915572234,0.122,-0.012222801479456098,-0.02151496038791374,-0.0050486502682612075,-0.37717948231991155,False,False,False,False,True
clustered_null,conditional-null,False,200,4,polynomial_ridge,97,72266344,0.7468251706292659,6.301757006836926e-37,-0.01780871533009104,0.8028502677643322,False,0.013320825515947468,0.916,-0.0016131609109394755,-0.004273610214390375,0.0006236751365134337,-0.08418790910054705,False,False,False,False,True
clustered_null,conditional-null,False,200,4,polynomial_ridge,98,72266345,0.6793159828995726,2.0335397528729316e-28,0.0988479864745363,0.16481989019449836,False,0.12326454033771109,0.432,-0.004177486928878191,-0.006857478611348478,-0.0013765983336784682,-0.1497631708283474,False,False,False,False,True
clustered_null,conditional-null,False,200,4,polynomial_ridge,99,72266346,0.8288472211805297,7.83749929552828e-52,-0.012565504496218105,0.8601772433244337,False,0.03395872420262664,0.886,-0.003120609585445428,-0.005627780108988272,-0.0009580388803885522,-0.20755400856057657,False,False,False,False,True
clustered_null,conditional-null,False,400,4,polynomial_ridge,0,74267647,0.7706958168488554,6.557457645862121e-80,-0.15991452623476196,0.0013510125584510844,True,-0.10555555555555557,0.368,-0.0006556636890141451,-0.0018783966735517223,0.0005830394816839474,-0.03834366813630916,False,False,False,False,True
clustered_null,conditional-null,False,400,4,polynomial_ridge,1,74267648,0.7689001181257382,2.5363671094286204e-79,0.18621005997334966,0.00018355193967292384,True,0.26206201396379425,0.018,-0.0008346351124962278,-0.003494584462844668,0.0011683710307284572,-0.02722928896539122,True,False,False,False,True
clustered_null,conditional-null,False,400,4,polynomial_ridge,2,74267649,0.7830993943712147,4.0462608135451953e-84,0.07879297787123116,0.1160910363431748,False,0.0811767463666198,0.48,-0.001112641112986229,-0.002136759037476221,-8.84126806731939e-05,-0.05311034075166478,False,False,False,False,True
clustered_null,conditional-null,False,400,4,polynomial_ridge,3,74267650,0.8188641179007369,5.3842652453076666e-98,-0.02904635407522312,0.5629250812822533,False,-0.05243788091889358,0.656,-0.00020444559666796952,-0.001094206283986761,0.0005177113287922207,-0.013150946588834379,False,False,False,False,True
clustered_null,conditional-null,False,400,4,polynomial_ridge,4,74267651,0.7606427540172126,1.092960554911569e-76,0.035149370266502694,0.4838512888403984,False,-0.016971501239750168,0.87,-0.0013686153653259502,-0.003233067355218947,0.0005088486912616573,-0.058375905253852355,False,False,False,False,True
clustered_null,conditional-null,False,400,4,polynomial_ridge,5,74267652,0.7914623216395101,4.061632880641116e-87,0.12495193114983943,0.012493884390473158,True,0.032618569026398286,0.766,-0.0010746600358162196,-0.002335288971917769,-2.8182114785989293e-05,-0.04963679988074635,False,False,False,False,True
clustered_null,conditional-null,False,400,4,polynomial_ridge,6,74267653,0.754689216807605,7.457499779085839e-75,0.09156677114228046,0.06767773298585761,False,0.04336615096108768,0.706,-0.001445288773324272,-0.0028487103225132196,-0.00041660045411049513,-0.06001674571556099,False,False,False,False,True
clustered_null,conditional-null,False,400,4,polynomial_ridge,7,74267654,0.7976648604053775,1.97022238953044e-89,0.049069645424003605,0.3282329487615292,False,0.0027894983591186125,0.976,7.252977516835832e-05,-0.002000832174226026,0.0018821010761770225,0.0037685948831051217,False,True,False,False,True
clustered_null,conditional-null,False,400,4,polynomial_ridge,8,74267655,0.8020195751223443,4.1774391241548533e-91,-0.015070804033288344,0.7640919908493591,False,-0.08141115799343647,0.444,-0.0008741174637139394,-0.002292409177717891,0.00021604149291422461,-0.05271501250111467,False,False,False,False,True
clustered_null,conditional-null,False,400,4,polynomial_ridge,9,74267656,0.8230288939305871,8.246745321150074e-100,0.06557322045106982,0.1911713373862019,False,0.0848804500703235,0.446,-0.0012187729962701462,-0.0022671718349630493,-0.0002418774884386592,-0.0785548631848162,False,False,False,False,True
clustered_null,conditional-null,False,400,4,polynomial_ridge,10,74267657,0.7565878536740853,1.9654917448369397e-75,0.11338703015385874,0.023506067008559256,True,0.07892639474917956,0.528,-0.0009435572352011132,-0.0037044938976861707,0.0017733663261366647,-0.03274472721469369,False,False,False,False,True
clustered_null,conditional-null,False,400,4,polynomial_ridge,11,74267658,0.839690810567566,1.4063763357667523e-107,0.0617254543425534,0.21859596769490813,False,0.07902015939990624,0.504,-0.0012043955385080164,-0.0021524161140087875,-0.00043367094658831434,-0.09914740937194715,False,False,False,False,True
clustered_null,conditional-null,False,400,4,polynomial_ridge,12,74267659,0.6833898336864604,2.404520260992259e-56,-0.18625577815499308,0.00018287039607128296,True,-0.30642287857477735,0.002,-0.002894825161674521,-0.008908244815182157,0.0009503633868523602,-0.10411119298100713,True,False,False,False,True
clustered_null,conditional-null,False,400,4,polynomial_ridge,13,74267660,0.8720345752160951,1.4546074432844651e-125,0.2097794888122281,2.3969380248309094e-05,True,0.29861697140178156,0.008,-0.0013363989791453645,-0.0029740364338304162,0.00017062538212596885,-0.07540673344405349,True,False,False,False,True
clustered_null,conditional-null,False,400,4,polynomial_ridge,14,74267661,0.7570746067162919,1.3936138537562297e-75,0.052907657423754674,0.2917673269921723,False,0.10508673230192218,0.354,-0.0010376957593605657,-0.0024836628293935003,0.0003570823694081853,-0.041477453678458245,False,False,False,False,True
clustered_null,conditional-null,False,400,4,polynomial_ridge,15,74267662,0.7743680273001705,3.967169874647092e-81,0.09186354069769073,0.06678866384042735,False,0.14929676511954992,0.164,-0.0003176979711046815,-0.0022242358371824347,0.0013486163968652687,-0.01431164709577153,False,False,False,False,True
clustered_null,conditional-null,False,400,4,polynomial_ridge,16,74267663,0.7995501846886542,3.7585857085622785e-90,-0.02968751571515778,0.5543344855475162,False,-0.04901547116736991,0.666,-0.0009749658300703713,-0.001791828714623698,-0.000205526811109515,-0.05939267970571736,False,False,False,False,True
clustered_null,conditional-null,False,400,4,polynomial_ridge,17,74267664,0.8042082763017268,5.8061101575405756e-92,-0.028963293387635626,0.5640426332350801,False,-0.09718706047819972,0.45,-0.0004182516451865688,-0.0014029378213357305,0.0006228787272711048,-0.025331526930195462,False,False,False,False,True
clustered_null,conditional-null,False,400,4,polynomial_ridge,18,74267665,0.8053462209138806,2.060637662664509e-92,0.1607621140464611,0.0012724225746527146,True,0.1096812001875293,0.356,0.0006903119335140394,-0.002420845512075933,0.0037718077732159867,0.03135731702097017,False,True,False,False,True
clustered_null,conditional-null,False,400,4,polynomial_ridge,19,74267666,0.7326994543715898,1.639690325757905e-68,-0.09198814615613786,0.06641823466396879,False,-0.10349273323956869,0.34,-0.001435078840399947,-0.003734286895934248,0.0002783492159702801,-0.06403994902001635,False,False,False,False,True
clustered_null,conditional-null,False,400,4,polynomial_ridge,20,74267667,0.7223130144563402,9.905236994784648e-66,0.06441130428632212,0.19917281897076777,False,0.021565869667135494,0.812,-0.001960768650793067,-0.004134655777219866,4.6451082971406404e-05,-0.08122979876588016,False,False,False,False,True
clustered_null,conditional-null,False,400,4,polynomial_ridge,21,74267668,0.7684939905874411,3.4382811600628376e-79,0.030801266694437345,0.5395655348000331,False,-0.019081106422878576,0.876,-0.0006445742034522015,-0.0025351946514408814,0.0011685544196769256,-0.029647987684297734,False,False,False,False,True
clustered_null,conditional-null,False,400,4,polynomial_ridge,22,74267669,0.8217791986199913,2.922955629924064e-99,-0.07089050763849226,0.15754612031178133,False,-0.0488748241912799,0.65,-1.1360983094376928e-05,-0.0006922369823620581,0.0007265649700060593,-0.0007682506980599219,False,False,False,False,True
clustered_null,conditional-null,False,400,4,polynomial_ridge,23,74267670,0.8549168432302701,1.6894673684478556e-115,0.03295174962170376,0.5116157454188945,False,0.004617909048288796,0.968,-0.0007499110145458288,-0.0019169166667307818,9.394601040823273e-05,-0.05871016079915216,False,False,False,False,True
clustered_null,conditional-null,False,400,4,polynomial_ridge,24,74267671,0.7902064387902423,1.1686736706153577e-86,0.0035564916769065674,0.943542439581735,False,-0.008040318799812471,0.952,-0.001726748013630354,-0.0036627997676913072,-0.00018842560788145366,-0.08875269853141805,False,False,False,False,True
clustered_null,conditional-null,False,400,4,polynomial_ridge,25,74267672,0.791242570266064,4.8892502538657045e-87,0.03333090512763309,0.5067671260170055,False,-0.08000468823253634,0.5,-0.0007155778630798422,-0.001670437425567183,0.0001673834830547174,-0.03419035509981932,False,False,False,False,True
clustered_null,conditional-null,False,400,4,polynomial_ridge,26,74267673,0.7423077644235275,3.3363862534966488e-71,-0.19788623303260805,6.897409400639464e-05,True,-0.18342709798406,0.092,8.746616328065421e-05,-0.0016796085518405272,0.0017366861700022892,0.004898003947942316,False,True,False,False,True
clustered_null,conditional-null,False,400,4,polynomial_ridge,27,74267674,0.8273734835842722,9.36602827229033e-102,0.2324358514023366,2.6954155174192825e-06,True,0.22859821847163625,0.03,0.00025416906618016405,-0.001967132270882996,0.0023969146993989454,0.01099580894672843,True,True,False,False,True
clustered_null,conditional-null,False,400,4,polynomial_ridge,28,74267675,0.7652845330283313,3.7244883091464757e-78,-0.14896519738244854,0.0028552936070365014,True,-0.1329113924050633,0.228,-0.0011451149428336124,-0.0021302971880811593,-0.0001688752091680152,-0.06772774652366374,False,False,False,False,True
clustered_null,conditional-null,False,400,4,polynomial_ridge,29,74267676,0.7409356308476927,8.221428550207861e-71,-0.12137825957985289,0.015270569901395113,True,-0.14167838724800752,0.194,-0.0009660964766145079,-0.0024600068718755286,0.0006513448816950866,-0.05272372045423451,False,False,False,False,True
clustered_null,conditional-null,False,400,4,polynomial_ridge,30,74267677,0.8256936605853785,5.3688139362683726e-101,0.01634412559865826,0.7448245288983143,False,0.022456633849038912,0.84,-0.0008185714167700531,-0.001642940208497781,2.5983446109682068e-05,-0.05284166877015157,False,False,False,False,True
clustered_null,conditional-null,False,400,4,polynomial_ridge,31,74267678,0.771734948343427,2.9807148903171975e-80,-0.004128932728779853,0.934474185103356,False,0.08668541959681202,0.448,-0.00061481929487784,-0.001186758714363626,-0.00011377463539350643,-0.03195802532095834,False,False,False,False,True
clustered_null,conditional-null,False,400,4,polynomial_ridge,32,74267679,0.8639883374271088,1.1606427278912287e-120,0.23198734072345759,2.82085032360584e-06,True,0.22011251758087205,0.044,-0.00022933498245082673,-0.0022112806308179386,0.002019585573000686,-0.012936433638103928,True,False,False,False,True
clustered_null,conditional-null,False,400,4,polynomial_ridge,33,74267680,0.7248592803705023,2.1178537238624203e-66,-0.23090735809217217,3.1461896974705377e-06,True,-0.256797937177684,0.018,0.0004849792791712382,-0.0016576817622017679,0.0026112832834043367,0.02178934152292612,True,True,False,False,True
clustered_null,conditional-null,False,400,4,polynomial_ridge,34,74267681,0.8160941630885191,8.174928866866404e-97,-0.07373811259231305,0.1414808482337923,False,-0.13809188935771216,0.204,-0.0010817123101259409,-0.0022425683796513016,-5.274883766075787e-05,-0.06698248037399429,False,False,False,False,True
clustered_null,conditional-null,False,400,4,polynomial_ridge,35,74267682,0.777879174244839,2.581788950562013e-82,0.027602414295827542,0.5825026964622951,False,0.10597811754821895,0.386,-0.0021185114924690794,-0.0037534853618513974,-0.0005676550768621931,-0.10840535159073249,False,False,False,False,True
clustered_null,conditional-null,False,400,4,polynomial_ridge,36,74267683,0.7606189413683835,1.1118511853513211e-76,-0.01770124594405085,0.7244630051294564,False,-0.0426045628497872,0.726,9.323640012814244e-05,-0.0027533646501601327,0.0027268517404144183,0.0035312892611523575,False,True,False,False,True
clustered_null,conditional-null,False,400,4,polynomial_ridge,37,74267684,0.8237989612435077,3.762635238665828e-100,0.13544324201544977,0.006738782322190286,True,0.049296765119549925,0.672,-0.0014082126155008593,-0.003446929380687767,0.00014075665535680113,-0.10275379655701258,False,False,False,False,True
clustered_null,conditional-null,False,400,4,polynomial_ridge,38,74267685,0.78118538240864,1.881854964010207e-83,-0.12722167524631356,0.010970983235257687,True,-0.09587435536802627,0.374,-0.001476852822102942,-0.0031149875660284173,-0.00016670021606836276,-0.08230039688553861,False,False,False,False,True
clustered_null,conditional-null,False,400,4,polynomial_ridge,39,74267686,0.7522648266551666,4.021811408468975e-74,0.06179365787161737,0.21808653887176707,False,0.1139240506329114,0.292,-0.0016450882978784574,-0.0038988676387058333,6.0380721655907735e-05,-0.06542650534330348,False,False,False,False,True
clustered_null,conditional-null,False,400,4,polynomial_ridge,40,74267687,0.8019985749910936,4.2567776699957107e-91,0.17599977812884432,0.0004121591123653824,True,0.16744120629217604,0.152,-0.001415081926826673,-0.00628028862640985,0.0027451811965653957,-0.060315830649530895,False,False,False,False,True
clustered_null,conditional-null,False,400,4,polynomial_ridge,41,74267688,0.759174619841374,3.131983080131143e-76,0.036012305367604136,0.4731759906071188,False,0.05583684950773559,0.618,-0.001453379833211959,-0.0029086591807599297,-0.00026945860742473815,-0.059844278685906895,False,False,False,False,True
clustered_null,conditional-null,False,400,4,polynomial_ridge,42,74267689,0.7930279564247277,1.0765888673000427e-87,-0.054745841479406074,0.2753015832300193,False,-0.020346929207688703,0.874,-0.0010239655716917165,-0.002418661447113896,0.00017926206025446512,-0.05193702288697401,False,False,False,False,True
clustered_null,conditional-null,False,400,4,polynomial_ridge,43,74267690,0.8383760523503272,6.207287554681351e-107,-0.020520765457980226,0.68278992934793,False,-0.057759363335282345,0.61,-0.0008814523197746716,-0.0026078769927668686,0.0007736193554236497,-0.058572329197217825,False,False,False,False,True
clustered_null,conditional-null,False,400,4,polynomial_ridge,44,74267691,0.7292850580316127,1.390792382069881e-67,-0.11647851018521788,0.019950170763894777,True,-0.1770042194092827,0.122,0.00031353592415866993,-0.000871502609417654,0.0015565719605090827,0.013590550868796483,False,True,False,False,True
clustered_null,conditional-null,False,400,4,polynomial_ridge,45,74267692,0.6907700673129206,5.200675829600586e-58,-0.11806906031261222,0.01831013284860387,True,-0.08422409751523677,0.428,-0.001291054499377147,-0.0030592422198251878,0.00017736440343283884,-0.051873868993465785,False,False,False,False,True
clustered_null,conditional-null,False,400,4,polynomial_ridge,46,74267693,0.7523392646204039,3.820130401696405e-74,0.017305617151495412,0.7303795256742943,False,-0.06947960618846695,0.522,-0.001235388276416012,-0.002330379678410587,-0.0002758511596630503,-0.05675854152960526,False,False,False,False,True
clustered_null,conditional-null,False,400,4,polynomial_ridge,47,74267694,0.8057234732717078,1.4594802538422163e-92,0.0029202463499954315,0.9536299510901289,False,0.04990652781688966,0.676,-0.0012411850673038557,-0.0028379985303177415,0.0001500642255916513,-0.061827737967577484,False,False,False,False,True
clustered_null,conditional-null,False,400,4,polynomial_ridge,48,74267695,0.8279695498096862,5.017611339553978e-102,-0.06133845619469928,0.2215026806774703,False,-0.09880450070323488,0.378,-0.001440969540062318,-0.0027617735300990505,-3.0148248012868716e-05,-0.08510101238161467,False,False,False,False,True
clustered_null,conditional-null,False,400,4,polynomial_ridge,49,74267696,0.7781735510846942,2.0485756997329023e-82,0.05186472324042717,0.3013969080290702,False,0.08677918424753868,0.41,-0.0009930712536962358,-0.002172725014271916,0.00034507612192161006,-0.05180293431626446,False,False,False,False,True
clustered_null,conditional-null,False,400,4,polynomial_ridge,50,74267697,0.8651534697091856,2.36910271287426e-121,0.2100117122247938,2.346545130249541e-05,True,0.12796530707923115,0.266,-0.000410529591436783,-0.0013019266666023043,0.0004622011744923844,-0.03567086040763058,False,False,False,False,True
clustered_null,conditional-null,False,400,4,polynomial_ridge,51,74267698,0.798412990081188,1.0231178113704437e-89,-0.10809899702995021,0.030863279810373626,True,-0.005250820440693859,0.97,-0.0019232619212704357,-0.0036689550703221004,-0.0003031961845338851,-0.1232177879941908,False,False,False,False,True
clustered_null,conditional-null,False,400,4,polynomial_ridge,52,74267699,0.6529977687360545,5.593297699627699e-50,-0.015055497047681509,0.7643245254008268,False,-0.05234411626816691,0.612,-0.0012701769239608987,-0.0033346949869122434,0.0006991138808235085,-0.03725850449244402,False,False,False,False,True
clustered_null,conditional-null,False,400,4,polynomial_ridge,53,74267700,0.8087098044362777,9.260185652617516e-94,-0.0992669568860207,0.047531691331802836,True,-0.13084857008907644,0.28,-0.0012245109582938798,-0.0025941033962023894,1.5588288158401936e-05,-0.07294427115951947,False,False,False,False,True
clustered_null,conditional-null,False,400,4,polynomial_ridge,54,74267701,0.8298498115613221,6.895485518861302e-103,0.11131781091960491,0.02618141988822651,True,0.11608063759962495,0.342,-0.00036698630234875164,-0.001495376278793035,0.0008091726042344447,-0.023634546089590116,False,False,False,False,True
clustered_null,conditional-null,False,400,4,polynomial_ridge,55,74267702,0.8647225920161999,4.271152365843217e-121,0.15221424607838463,0.002298172080521538,True,0.18546647913736522,0.11,-0.0007636282623147157,-0.0026768637890692113,0.0007250881626558373,-0.06147460652365992,False,False,False,False,True
clustered_null,conditional-null,False,400,4,polynomial_ridge,56,74267703,0.8246715916974481,1.5392124926466214e-100,-0.005060815901997288,0.9197304945425903,False,-0.025293014533520865,0.824,-0.0014553039678557138,-0.0031540078502892434,1.045209791937188e-06,-0.08834937423531002,False,False,False,False,True
clustered_null,conditional-null,False,400,4,polynomial_ridge,57,74267704,0.8008278176738604,1.2107517377909137e-90,0.1289116090969867,0.009946248107892644,True,0.07341772151898734,0.538,-0.0019118654821426405,-0.0037644056172748573,-0.00020565257346473475,-0.08619490461124027,False,False,False,False,True
clustered_null,conditional-null,False,400,4,polynomial_ridge,58,74267705,0.7076581103631897,5.139602364084697e-62,0.04312567324407667,0.3902678166337511,False,-0.015635255508673233,0.918,-0.0009562886714927048,-0.002104775868178298,-9.355089999439369e-05,-0.03861150135331551,False,False,False,False,True
clustered_null,conditional-null,False,400,4,polynomial_ridge,59,74267706,0.7779406746292163,2.4600494794027987e-82,-0.11115256570155121,0.02640595112923027,True,-0.0636193155180497,0.592,-0.0010845198499956354,-0.0025115343607578153,0.0004748377729821418,-0.06028419645355766,False,False,False,False,True
clustered_null,conditional-null,False,400,4,polynomial_ridge,60,74267707,0.761287383046144,6.8676310153929296e-77,-0.010320640106201193,0.8371710942168006,False,0.02086263478668542,0.822,-0.0016685998977851897,-0.0028386864839102886,-0.0006200223058040843,-0.10387624479565416,False,False,False,False,True
clustered_null,conditional-null,False,400,4,polynomial_ridge,61,74267708,0.8164149775936099,5.979779319166985e-97,0.15815102314796717,0.001529011862642767,True,0.21894045944678858,0.042,-0.002055478811336324,-0.005226112411769334,0.00016808801894986188,-0.12667547236963947,True,False,False,False,True
clustered_null,conditional-null,False,400,4,polynomial_ridge,62,74267709,0.8015380721129507,6.427008173647326e-91,-0.14844913181576605,0.0029543136073994555,True,-0.2525550867323019,0.02,-0.0004424730225765835,-0.0015549044411567738,0.0005283397177749136,-0.03375963807555573,True,False,False,False,True
clustered_null,conditional-null,False,400,4,polynomial_ridge,63,74267710,0.820149813436334,1.4993165574299324e-98,-0.06693291221344469,0.18211015922879242,False,-0.05405532114392874,0.638,-0.00032267356465870943,-0.0012236331890563678,0.0005483599748464036,-0.023948960446951217,False,False,False,False,True
clustered_null,conditional-null,False,400,4,polynomial_ridge,64,74267711,0.8428500178126112,3.7548713139867083e-109,-0.12709990802554522,0.011048307631825174,True,-0.05876699484294422,0.622,-0.00017415528578381204,-0.0015142759853927676,0.0012895182561643882,-0.012303257923737392,False,False,False,False,True
clustered_null,conditional-null,False,400,4,polynomial_ridge,65,74267712,0.7380670504190652,5.3186636074743157e-70,-0.0622855525729001,0.21443761742656206,False,-0.046108766994842953,0.692,-0.0023377967663330314,-0.00430580481310846,-0.0005134793503302311,-0.11243167455969703,False,False,False,False,True
clustered_null,conditional-null,False,400,4,polynomial_ridge,66,74267713,0.8427129544559653,4.401312171630067e-109,0.07927296728983825,0.11387866274319482,False,0.06518987341772153,0.622,-9.446643044657907e-05,-0.0008627586706355226,0.0007627771172750391,-0.00603276573873617,False,False,False,False,True
clustered_null,conditional-null,False,400,4,polynomial_ridge,67,74267714,0.8163066019162619,6.646449172809872e-97,0.04236730980046867,0.39866366553308435,False,-0.06050164088138772,0.566,-0.0016356872511854616,-0.0029806404822094457,-0.000200417851001493,-0.09422265006869426,False,False,False,False,True
clustered_null,conditional-null,False,400,4,polynomial_ridge,68,74267715,0.7690124313276958,2.3314405781862336e-79,0.09110354296984158,0.06908484908053006,False,0.09629629629629631,0.398,-0.0009303226199148945,-0.002109248627491884,0.0001956136494956387,-0.041091398073786464,False,False,False,False,True
clustered_null,conditional-null,False,400,4,polynomial_ridge,69,74267716,0.8565317908236926,2.1614461375969202e-116,0.12979925435552894,0.00944279042443904,True,0.1607360525082044,0.146,2.2097842026223488e-05,-0.0012794050725541426,0.001423468557304234,0.0014488887916796098,False,True,False,False,True
clustered_null,conditional-null,False,400,4,polynomial_ridge,70,74267717,0.7962917893236832,6.512196631457098e-89,0.07921756735593943,0.11413231186547157,False,-0.0495080257159563,0.636,-0.002808157808261276,-0.004379596939299257,-0.0013532936266813069,-0.1314572478257096,False,False,False,False,True
clustered_null,conditional-null,False,400,4,polynomial_ridge,71,74267718,0.8335370221063882,1.3097440585959843e-104,0.21225119663764921,1.909471204872847e-05,True,0.26631504922644167,0.028,0.0003220513068292654,-0.0011536732161423282,0.0017519940951500554,0.02214518959841608,True,True,False,False,True
clustered_null,conditional-null,False,400,4,polynomial_ridge,72,74267719,0.8256104100650629,5.851244677841236e-101,0.06689047972606317,0.18238805160802285,False,0.13645100796999532,0.222,0.00042414928250375517,-0.000758768894138126,0.001880197048078729,0.030901462293441137,False,True,False,False,True
clustered_null,conditional-null,False,400,4,polynomial_ridge,73,74267720,0.7118566366039788,4.6817590565044156e-63,-0.08417355702359325,0.09313813556881538,False,-0.0594471369392354,0.614,-0.0007771487974322019,-0.00305672204372864,0.001011009465487806,-0.03207565959152545,False,False,False,False,True
clustered_null,conditional-null,False,400,4,polynomial_ridge,74,74267721,0.84171432321452,1.3938888708089271e-108,0.19969574528855116,5.895960868390636e-05,True,0.2460853258321613,0.034,0.0012966112156418234,-0.0003747563980014414,0.0030647193650713478,0.07846282279304109,True,True,False,False,True
clustered_null,conditional-null,False,400,4,polynomial_ridge,75,74267722,0.803648960306002,9.636625489768444e-92,0.18770904708299965,0.00016240127375113415,True,0.041233005157055795,0.72,-0.0018084070253422402,-0.0033866168353737687,-0.0003286947589641633,-0.08383750608289045,False,False,False,False,True
clustered_null,conditional-null,False,400,4,polynomial_ridge,76,74267723,0.8045467159169745,4.269667428067849e-92,0.06180627859739459,0.21799236486503762,False,0.028504453820909516,0.8,-0.0010835367238626464,-0.003380274773429905,0.0010520906158350074,-0.052928678498733034,False,False,False,False,True
clustered_null,conditional-null,False,400,4,polynomial_ridge,77,74267724,0.770750567191045,6.29128407094259e-80,0.07995936190289726,0.11077255078282332,False,0.10157055789967183,0.376,-0.0016036733202276048,-0.0027478562057456704,-0.0007109771655054905,-0.08403135390814744,False,False,False,False,True
clustered_null,conditional-null,False,400,4,polynomial_ridge,78,74267725,0.8265464159150994,2.2178932330949477e-101,0.051634187571509754,0.3035536133560859,False,-0.026722925457102677,0.816,-0.0002964808206591292,-0.0010705556969111906,0.0005582248328952992,-0.021403230418148542,False,False,False,False,True
clustered_null,conditional-null,False,400,4,polynomial_ridge,79,74267726,0.7709481934262089,5.4167490670453956e-80,-0.09848523966998741,0.04931587018513095,True,0.03483356774496015,0.764,-0.0009888512081952516,-0.0021076890460011597,-2.9641807792730245e-05,-0.053201815630364226,False,False,False,False,True
clustered_null,conditional-null,False,400,4,polynomial_ridge,80,74267727,0.744635028968931,7.132317654390643e-72,-0.018810447839362872,0.7079633870009109,False,-0.0409985935302391,0.738,-0.0007011577930798388,-0.0020135467314080337,0.00038636489563292377,-0.028407711778456194,False,False,False,False,True
clustered_null,conditional-null,False,400,4,polynomial_ridge,81,74267728,0.7849468434177713,9.041954050644136e-85,0.1484722112288923,0.0029498194095606057,True,0.21526019690576656,0.06,-0.0013603531601537704,-0.0036647721761608313,0.0008677242648556169,-0.06260546971299205,False,False,False,False,True
clustered_null,conditional-null,False,400,4,polynomial_ridge,82,74267729,0.760490690566816,1.2193095104597355e-76,-0.031092282929098967,0.5357391018530356,False,0.006071261134552274,0.954,-0.0008413685541129659,-0.0013535405105096713,-0.00032223239870728175,-0.05205438172099199,False,False,False,False,True
clustered_null,conditional-null,False,400,4,polynomial_ridge,83,74267730,0.7455010968818554,3.999595110222447e-72,-0.14595764625620355,0.003477711799296057,True,-0.16635118583962302,0.146,-0.00018235349572669896,-0.001379276880960068,0.0011800218967422727,-0.010481695632578116,False,False,False,False,True
clustered_null,conditional-null,False,400,4,polynomial_ridge,84,74267731,0.7922218888868056,2.135795541041499e-87,-0.04261294331693777,0.39593246506295277,False,0.04369432723863104,0.664,-0.0012971141710075712,-0.0024513366780093008,-0.0002692944403441819,-0.07868359572748629,False,False,False,False,True
clustered_null,conditional-null,False,400,4,polynomial_ridge,85,74267732,0.8427890799317495,4.029717965115989e-109,0.23875703816349508,1.4060187391937697e-06,True,0.2377871542428505,0.04,0.0005358114012250295,-0.0012774103417433245,0.002867352032140712,0.0340638126598197,True,True,False,False,True
clustered_null,conditional-null,False,400,4,polynomial_ridge,86,74267733,0.7559764123525772,3.023805325029719e-75,-0.03722161627578926,0.45843546809292673,False,-0.06964369432723863,0.488,-0.0012479053428850855,-0.002380335135314411,-0.00018441300789627903,-0.06629249271487217,False,False,False,False,True
clustered_null,conditional-null,False,400,4,polynomial_ridge,87,74267734,0.7768880430502689,5.611205660629954e-82,0.07325488964196937,0.14411494330289476,False,-0.00213314580403188,0.992,-0.002687104701543805,-0.004060308298834061,-0.0011501446608040311,-0.1345015296618836,False,False,False,False,True
clustered_null,conditional-null,False,400,4,polynomial_ridge,88,74267735,0.7006795042469015,2.5125546939791296e-60,-0.0782983877199262,0.11840576305892397,False,-0.19545241443975625,0.106,-0.000779302531584699,-0.002470354053993941,0.001157257331133646,-0.031502065576866994,False,False,False,False,True
clustered_null,conditional-null,False,400,4,polynomial_ridge,89,74267736,0.8320928880805505,6.2570895040259e-104,-0.005521542025073103,0.9124509907201044,False,-0.12505860290670417,0.262,-0.0012060780118190555,-0.0023350238228256577,-0.00016742991529414625,-0.09316869379093173,False,False,False,False,True
clustered_null,conditional-null,False,400,4,polynomial_ridge,90,74267737,0.8155732848330302,1.3564482265327262e-96,0.09018302681585355,0.07195210253469676,False,0.13005157055789968,0.282,-0.0004258253386585746,-0.0017557168156076084,0.0010271100591304812,-0.024015679834908852,False,False,False,False,True
clustered_null,conditional-null,False,400,4,polynomial_ridge,91,74267738,0.7916539478371739,3.4545217550540045e-87,0.13297820643509228,0.007820427848366503,True,0.013009845288326303,0.888,-0.0013295320717059168,-0.002977301782812485,8.097947886391083e-05,-0.06141230385050701,False,False,False,False,True
clustered_null,conditional-null,False,400,4,polynomial_ridge,92,74267739,0.6826602666266663,3.4909476446629114e-56,-0.15079795901457085,0.0025275438193039217,True,-0.14078762306610407,0.198,-0.0008209851678182035,-0.0030624386007791667,0.0009709658889245537,-0.03549284285347987,False,False,False,False,True
clustered_null,conditional-null,False,400,4,polynomial_ridge,93,74267740,0.7919726998293739,2.6379418691353128e-87,-0.056010191160950865,0.26434980619706583,False,-0.015541490857946556,0.854,-0.0001388955250559397,-0.0019049871381970726,0.0015877706809000241,-0.007562683044281885,False,False,False,False,True
clustered_null,conditional-null,False,400,4,polynomial_ridge,94,74267741,0.6826315789473684,3.542422878034935e-56,-0.08132516478474155,0.1047904808285059,False,-0.15637599624941398,0.156,0.00023506105515317538,-0.0015918772829549286,0.001821736375260721,0.008393066794465033,False,True,False,False,True
clustered_null,conditional-null,False,400,4,polynomial_ridge,95,74267742,0.7707451296570602,6.3172318035000646e-80,0.04214816007471107,0.4011099064267745,False,0.07062822315986875,0.552,-0.003310427702163672,-0.005590648987188263,-0.0014921915500641409,-0.16677902324064753,False,False,False,False,True
clustered_null,conditional-null,False,400,4,polynomial_ridge,96,74267743,0.7988410552565952,7.023403976832638e-90,-0.10468559780364288,0.03659272920077037,True,-0.21582278481012662,0.046,-0.0013999394127755856,-0.002598892060156299,-0.00029620606816834356,-0.10892349794475195,True,False,False,False,True
clustered_null,conditional-null,False,400,4,polynomial_ridge,97,74267744,0.7562227888924306,2.542357892650155e-75,-0.17788393440270983,0.00035616706870489996,True,-0.14526488513830288,0.204,-0.0005044925976067961,-0.00197381006490342,0.0009080892820133954,-0.03171989660117633,False,False,False,False,True
clustered_null,conditional-null,False,400,4,polynomial_ridge,98,74267745,0.7884450527815798,5.083404391903563e-86,0.2528528051968857,3.083160852486588e-07,True,0.2945850914205345,0.008,0.0005739295552329195,-0.0013830682052713293,0.002463578140870347,0.026646226306082866,True,True,False,False,True
clustered_null,conditional-null,False,400,4,polynomial_ridge,99,74267746,0.8084039900249376,1.2309064236979618e-93,0.07457682559186421,0.13699665389827742,False,0.09566338490389124,0.396,-0.0007399526318413625,-0.0015694765927544204,0.00022490726681202955,-0.04340216901502133,False,False,False,False,True
clustered_null,conditional-null,False,800,4,polynomial_ridge,0,78270447,0.7183565130570517,6.828671900478235e-128,-0.05525234483111943,0.11863176983028026,False,-0.011229930856674088,0.864,-0.0005912262808155273,-0.0012113927389269647,-4.011647972565137e-06,-0.025141140846777484,False,False,False,False,True
clustered_null,conditional-null,False,800,4,polynomial_ridge,1,78270448,0.8000246328509889,3.112575785106396e-179,0.01756816773658096,0.6199981484001529,False,-0.03760693777100668,0.644,-0.0006826304994109605,-0.0011758693831251934,-0.0002513217115035141,-0.03738492862874651,False,False,False,False,True
clustered_null,conditional-null,False,800,4,polynomial_ridge,2,78270449,0.7822335972399957,3.551144557760531e-166,-0.0041543465849189385,0.9066652230572867,False,-0.011203562639165592,0.908,-0.000542909512458084,-0.0014482566776344412,0.00023841688046797685,-0.03186311550250646,False,False,False,False,True
clustered_null,conditional-null,False,800,4,polynomial_ridge,3,78270450,0.7634423413161584,1.165873182344407e-153,-0.056182032802432134,0.11254852760321082,False,-0.12345599437478026,0.106,-0.0005864164176795778,-0.001365879058047401,8.887041074913701e-05,-0.032328776403893277,False,False,False,False,True
clustered_null,conditional-null,False,800,4,polynomial_ridge,4,78270451,0.7933873568552452,3.270139047161022e-174,0.0735374513978536,0.03768975467392343,True,0.044380639868744874,0.57,-0.0003157347857107133,-0.0010566366232730154,0.00034564625680396434,-0.020039805467584763,False,False,False,False,True
clustered_null,conditional-null,False,800,4,polynomial_ridge,5,78270452,0.7970737532402394,5.607103079857729e-177,0.11325783416794245,0.0013425586869916198,True,0.0472254775577171,0.542,-0.00041743038472939753,-0.0013153597478179357,0.0004172330836781668,-0.022190586902284336,False,False,False,False,True
clustered_null,conditional-null,False,800,4,polynomial_ridge,6,78270453,0.8221284330131766,1.9912412708290907e-197,-0.018509810042317363,0.6013676276936971,False,-0.04326881172274374,0.654,-0.0003440801400825238,-0.0011051479804377675,0.00035768344126941394,-0.02587712392054469,False,False,False,False,True
clustered_null,conditional-null,False,800,4,polynomial_ridge,7,78270454,0.7664654319772375,1.3583143454720463e-155,-0.016599286059635107,0.639425012119858,False,-0.07820227352630961,0.304,-0.000877200549775508,-0.0018001950236849135,4.525514978121076e-05,-0.042834580954194616,False,False,False,False,True
clustered_null,conditional-null,False,800,4,polynomial_ridge,8,78270455,0.7940229359733375,1.100897441218984e-174,-0.06187421354935855,0.0804796609975446,False,-0.08224247040900036,0.27,-0.0004789084976751998,-0.0011999078931547408,0.00019384484319251438,-0.02824691270100974,False,False,False,False,True
clustered_null,conditional-null,False,800,4,polynomial_ridge,9,78270456,0.7973741287095761,3.317792623491881e-177,0.015754743949472204,0.6565631318037476,False,-0.0007646783077463963,0.988,-0.00020053419222304525,-0.0005101850622281972,0.00011376130554989217,-0.011981645898317692,False,False,False,False,True
clustered_null,conditional-null,False,800,4,polynomial_ridge,10,78270457,0.8132797082495443,7.46717604100411e-190,-0.006643814657700495,0.8512638977662711,False,-0.02281729755068557,0.792,-0.000977138936463031,-0.0015000211552543292,-0.00046680451945642625,-0.056498400633635114,False,False,False,False,True
clustered_null,conditional-null,False,800,4,polynomial_ridge,11,78270458,0.8152568285262948,1.6455752723761905e-191,0.06798658273214098,0.05473636475255378,False,0.113491737958514,0.148,-0.000779779602036226,-0.0013576103595855581,-0.0002946497837855328,-0.054597710146334105,False,False,False,False,True
clustered_null,conditional-null,False,800,4,polynomial_ridge,12,78270459,0.7613845959134311,2.324455928535739e-152,-0.05543246411263722,0.11743351770662018,False,-0.021123887498458366,0.802,-0.0004445174929378799,-0.0013699736414113164,0.0006123711790308159,-0.02465951075761412,False,False,False,False,True
clustered_null,conditional-null,False,800,4,polynomial_ridge,13,78270460,0.7933392630300986,3.5503927007201376e-174,0.09392288320275577,0.007893360495946187,True,0.1144820110160553,0.13,-0.0002424482169977038,-0.0008504733526760455,0.00025688056766889065,-0.01288938378769069,False,False,False,False,True
clustered_null,conditional-null,False,800,4,polynomial_ridge,14,78270461,0.8245458274153554,1.4335235692492403e-199,0.12244865030044554,0.0005226948299162404,True,0.13789855406847282,0.072,-0.00017855544576391227,-0.0008964478498873755,0.0004442111479179598,-0.010347996720950367,False,False,False,False,True
clustered_null,conditional-null,False,800,4,polynomial_ridge,15,78270462,0.8162857129464266,2.219224472150157e-192,0.2286647806543986,6.139607726608842e-11,True,0.23526602601664126,0.004,6.897727713030613e-05,-0.0012052827777381577,0.0013377175134982754,0.004056264529140735,True,True,False,False,True
clustered_null,conditional-null,False,800,4,polynomial_ridge,16,78270463,0.8207878527935201,2.974394522075802e-196,0.0681695026157368,0.05408645738853261,False,0.07242763389194891,0.376,-8.049048139102677e-05,-0.000522573722692134,0.00036859095760865054,-0.0046340742211213775,False,False,False,False,True
clustered_null,conditional-null,False,800,4,polynomial_ridge,17,78270464,0.7981513408614702,8.499638247405299e-178,0.008809556200458332,0.8036461763150528,False,0.05706375249033165,0.462,-0.00019150495073205764,-0.0007318551099766053,0.00031080588307095327,-0.011754756576768572,False,False,False,False,True
clustered_null,conditional-null,False,800,4,polynomial_ridge,18,78270465,0.7567059245405072,1.8744778371868428e-149,-0.1343693770150706,0.00013924472050818345,True,-0.1285890073831009,0.1,8.649930509402326e-05,-0.0006309427575174507,0.0008031245247843283,0.004558938346909251,False,True,False,False,True
clustered_null,conditional-null,False,800,4,polynomial_ridge,19,78270466,0.7837681933878023,2.9731289990016377e-167,-0.04789655136654663,0.17620621504616496,False,-0.031126215867807335,0.748,6.517888914941636e-05,-0.00040190080673367895,0.0005310429562656773,0.004074987548959781,False,True,False,False,True
clustered_null,conditional-null,False,800,4,polynomial_ridge,20,78270467,0.7270078703247975,1.9638731225466714e-132,-0.04682073043492247,0.1861297170552499,False,-0.055754131020742996,0.47,-0.000516250342156719,-0.0011541126138666046,2.6300365545571157e-05,-0.02492488904723135,False,False,False,False,True
clustered_null,conditional-null,False,800,4,polynomial_ridge,21,78270468,0.8099994374991213,3.792547826426189e-187,0.06294351904371596,0.07537487162594751,False,0.06287061994609165,0.444,-0.0009761700183403346,-0.0016713080861864777,-0.0002995745760082281,-0.05620884838335263,False,False,False,False,True
clustered_null,conditional-null,False,800,4,polynomial_ridge,22,78270469,0.7942383738099592,7.605010057619677e-175,-0.022718411869705784,0.5213606726264913,False,-0.028656392827844834,0.728,-0.0005765128177035207,-0.0013097342976604173,0.00012902449247204322,-0.03346744014228712,False,False,False,False,True
clustered_null,conditional-null,False,800,4,polynomial_ridge,23,78270470,0.8153117661121346,1.4790926465029797e-191,0.06660139896936647,0.05987178745475004,False,0.09419313254424001,0.248,-0.000295454682611513,-0.000880579435753118,0.0002938164768010267,-0.015581899716796146,False,False,False,False,True
clustered_null,conditional-null,False,800,4,polynomial_ridge,24,78270471,0.7224012459394469,5.403979221672108e-130,0.034489447118032916,0.33022419845327067,False,-0.004043126684636119,0.964,-0.00048453930796013567,-0.0012253904028236573,0.00019727158399592345,-0.022001313642463625,False,False,False,False,True
clustered_null,conditional-null,False,800,4,polynomial_ridge,25,78270472,0.8408209934703024,6.57531125875153e-215,0.10449185425798153,0.00310544797095252,True,0.10096683464197821,0.196,-2.323895436587113e-05,-0.0005407263625536885,0.0004545723572737278,-0.0016131991200996143,False,False,False,False,True
clustered_null,conditional-null,False,800,4,polynomial_ridge,26,78270473,0.7837482480441376,3.0709319774275872e-167,0.1500747757269034,2.0478693406901236e-05,True,0.1455144732216102,0.074,-0.00012779317265541532,-0.0012298595443929312,0.0010199555137439525,-0.0062863588218867094,False,False,False,False,True
clustered_null,conditional-null,False,800,4,polynomial_ridge,27,78270474,0.7930128250200391,6.200247145164353e-174,0.046031501344102436,0.19366765388601967,False,-0.01472225477557717,0.842,-0.0006011581019268394,-0.0010095253813176132,-0.00024107304876967698,-0.030120522083351035,False,False,False,False,True
clustered_null,conditional-null,False,800,4,polynomial_ridge,28,78270475,0.7769744249600391,1.5008675576999032e-162,0.13657138061108492,0.00010771512119769874,True,0.1738896050626978,0.024,-0.0003459876480568745,-0.0012506088895671943,0.0006051793077182345,-0.01371120727392347,True,False,False,False,True
clustered_null,conditional-null,False,800,4,polynomial_ridge,29,78270476,0.7829684577632153,1.0855666087827932e-166,-0.06156763461936841,0.0819938677369308,False,-0.05326823308643838,0.532,-0.0004523710388448128,-0.0010516781068634292,0.00012687643822097754,-0.023983836826402684,False,False,False,False,True
clustered_null,conditional-null,False,800,4,polynomial_ridge,30,78270477,0.7949992265612916,2.0521388377738836e-175,0.09779379211937136,0.005664368314449852,True,0.0878325325208016,0.268,-0.00010827671801882932,-0.001240598993911445,0.0009399085781534667,-0.005093379589118245,False,False,False,False,True
clustered_null,conditional-null,False,800,4,polynomial_ridge,31,78270478,0.784517210183141,8.795496943113483e-168,0.08636437842568943,0.014607427992583777,True,0.13746337747568266,0.084,-8.228435230915598e-05,-0.0005997762712765854,0.00044413448566253016,-0.003955993421092628,False,False,False,False,True
clustered_null,conditional-null,False,800,4,polynomial_ridge,32,78270479,0.7816500025781291,9.072004215387644e-166,0.06514781154462143,0.06568329047024131,False,0.03884624399390601,0.634,-2.5374218170681057e-05,-0.0006831065997486246,0.0008102341246357055,-0.0012816649504006669,False,False,False,False,True
clustered_null,conditional-null,False,800,4,polynomial_ridge,33,78270480,0.7698669451046017,8.354939434210782e-158,-0.0815626919417297,0.021125604201695663,True,-0.07315129497245987,0.354,-0.0007390118944661205,-0.0014486178312909433,-8.652431597727488e-05,-0.04244683098588807,False,False,False,False,True
clustered_null,conditional-null,False,800,4,polynomial_ridge,34,78270481,0.7956231103486101,6.98108219408947e-176,0.11299567861124431,0.001377840901371477,True,0.0633686862768077,0.444,-0.00028828727446567753,-0.0010104378930467155,0.0004968424501474717,-0.01638145376193393,False,False,False,False,True
clustered_null,conditional-null,False,800,4,polynomial_ridge,35,78270482,0.7951343673974491,1.6252080997733467e-175,0.0012215927427878586,0.9724974113770108,False,-0.035327551857494435,0.69,-0.0005765641348391172,-0.0009606966311072641,-0.00024115380697604995,-0.030216284610982275,False,False,False,False,True
clustered_null,conditional-null,False,800,4,polynomial_ridge,36,78270483,0.7881184111225173,2.35065790514412e-170,0.09284102464334133,0.008642941779119197,True,0.12132016875659206,0.104,-4.743618812638392e-05,-0.0009387134337075641,0.0009212320838956531,-0.002321099993307595,False,False,False,False,True
clustered_null,conditional-null,False,800,4,polynomial_ridge,37,78270484,0.7779814655960401,3.088501699544834e-163,-0.049973437259398054,0.15817124072033759,False,-0.005109574592757529,0.95,-0.0002577407822305644,-0.0009553336067093988,0.0003093324530670429,-0.015035523205349607,False,False,False,False,True
clustered_null,conditional-null,False,800,4,polynomial_ridge,38,78270485,0.7863688224512851,4.2414271882856444e-169,0.1254067724483513,0.0003804179775611063,True,0.08456580335169342,0.248,-0.0014165179497624934,-0.002488850053308771,-0.0003731569560087866,-0.06793671099350884,False,False,False,False,True
clustered_null,conditional-null,False,800,4,polynomial_ridge,39,78270486,0.7597528511763301,2.4411334577386677e-151,0.03514839626575854,0.3210627117704925,False,-0.00505097855384976,0.95,-0.0007377501520655673,-0.0021358357182275477,0.0005596082833030097,-0.0386165384190888,False,False,False,False,True
clustered_null,conditional-null,False,800,4,polynomial_ridge,40,78270487,0.7967031120361127,1.0700582044209648e-176,0.07725317513705902,0.028996888691376094,True,0.10144146255713113,0.206,-0.0003708291227555831,-0.001238338148801216,0.0005019346546612434,-0.020026874465564216,False,False,False,False,True
clustered_null,conditional-null,False,800,4,polynomial_ridge,41,78270488,0.6861234314428617,2.2358762716351623e-112,-0.0886369006365637,0.012194163854453615,True,-0.09220965662721199,0.23,-0.0006290047942480725,-0.002139404882397181,0.0008163554837598351,-0.025765266828211356,False,False,False,False,True
clustered_null,conditional-null,False,800,4,polynomial_ridge,42,78270489,0.808545864915414,5.769360626048301e-186,0.08072027619736763,0.022498842379504613,True,0.13664889253486465,0.102,-0.0001498217061957699,-0.001023269727562867,0.0007359404063708526,-0.008662960940602805,False,False,False,False,True
clustered_null,conditional-null,False,800,4,polynomial_ridge,43,78270490,0.8033810052828209,7.604229705505923e-182,0.019283742283799307,0.5862468584697741,False,0.021495956873315365,0.792,-0.0008545973132561765,-0.0014568258224814683,-0.00025171848337209425,-0.05383523932665443,False,False,False,False,True
clustered_null,conditional-null,False,800,4,polynomial_ridge,44,78270491,0.7798862576347777,1.5175602915541758e-164,0.019014134402437786,0.5914943553323881,False,0.04381811789523029,0.618,-0.0003186316987823998,-0.0006215619593700151,-1.1079237060191784e-05,-0.01594289843815467,False,False,False,False,True
clustered_null,conditional-null,False,800,4,polynomial_ridge,45,78270492,0.7858045871946675,1.0718851382929984e-168,0.11791912251290192,0.0008389587213632429,True,0.14420192195007617,0.052,-0.00021199647485901918,-0.0012910059207886708,0.00071949436809474,-0.00983422799447029,False,False,False,False,True
clustered_null,conditional-null,False,800,4,polynomial_ridge,46,78270493,0.81016307837981,2.7874176801572004e-187,0.0212807712937793,0.548065756916162,False,-0.01190671510605883,0.882,-0.00045685123717616183,-0.0008307179487262923,-4.142872742599619e-05,-0.029882282022147624,False,False,False,False,True
clustered_null,conditional-null,False,800,4,polynomial_ridge,47,78270494,0.8109593452489771,6.203301440665671e-188,0.004537255511404078,0.8981073458646559,False,-0.01981425055666237,0.802,-0.00038415784228569214,-0.0009593346217034673,0.0001361966018467303,-0.020748685942825907,False,False,False,False,True
clustered_null,conditional-null,False,800,4,polynomial_ridge,48,78270495,0.7779261764471508,3.369281464986967e-163,-0.022183590678788417,0.5312167123244932,False,-0.032796202976678776,0.674,-0.0006785820742044174,-0.0012160891087337974,-0.00014328036979361164,-0.039412380568275944,False,False,False,False,True
clustered_null,conditional-null,False,800,4,polynomial_ridge,49,78270496,0.7791492877332621,4.886502853862544e-164,-0.04672800407760047,0.1870039576142641,False,-0.03526602601664127,0.692,-0.0005021360207231595,-0.001327349085626839,0.00029452400520839784,-0.028009237313140086,False,False,False,False,True
clustered_null,conditional-null,False,800,4,polynomial_ridge,50,78270497,0.8164215334711461,1.7018856905346969e-192,0.041392468368820025,0.24252735280889817,False,0.028937675010024033,0.706,-0.000217292871191873,-0.0006513261847705743,0.00022362188235904297,-0.013379608626304678,False,False,False,False,True
clustered_null,conditional-null,False,800,4,polynomial_ridge,51,78270498,0.7905358523997694,4.126208350256524e-172,0.014546200745662891,0.6814029277769486,False,0.03765967420602367,0.61,-0.00026954987251057855,-0.0007960868508443327,0.0002457060593119235,-0.01464401366500827,False,False,False,False,True
clustered_null,conditional-null,False,800,4,polynomial_ridge,52,78270499,0.7964460256969152,1.6739553856318994e-176,0.14775575619288556,2.7523163429034564e-05,True,0.12627446384624397,0.074,-0.0007637446233079055,-0.0019107381006646781,0.00036420504652152317,-0.03693432577691999,False,False,False,False,True
clustered_null,conditional-null,False,800,4,polynomial_ridge,53,78270500,0.8237410058453217,7.471724292235498e-199,-0.05987397997760006,0.09077932671519437,False,-0.031108637056135004,0.672,-0.0003495618665157133,-0.0007954596347075998,8.06430727258732e-05,-0.026486799222141564,False,False,False,False,True
clustered_null,conditional-null,False,800,4,polynomial_ridge,54,78270501,0.7448791794987181,2.159118114694004e-142,0.04934104045388308,0.16350851147693196,False,0.041512363764209546,0.59,-0.0008871627033655953,-0.0014698895102350743,-0.0003314949233951356,-0.039479914339858334,False,False,False,False,True
clustered_null,conditional-null,False,800,4,polynomial_ridge,55,78270502,0.8271372455269462,6.645718824656122e-202,0.11419447884776372,0.0012231866223182588,True,0.07478612445798663,0.344,-0.0006614034866987729,-0.0016988077670252262,0.0003402635415621086,-0.03834594045785995,False,False,False,False,True
clustered_null,conditional-null,False,800,4,polynomial_ridge,56,78270503,0.7639318108309545,5.695693721511149e-154,0.04364971923771684,0.21776818235778175,False,0.0063635298253838036,0.922,-0.0006479332298151563,-0.0010242353571830922,-0.00031007346748177064,-0.041676730571315775,False,False,False,False,True
clustered_null,conditional-null,False,800,4,polynomial_ridge,57,78270504,0.8436911776424652,8.578183222920309e-218,0.05286478468778639,0.13543412042383685,False,0.06304933786476034,0.434,-0.00018223729871581253,-0.0005985561104674454,0.00021287829873294913,-0.01378767053191445,False,False,False,False,True
clustered_null,conditional-null,False,800,4,polynomial_ridge,58,78270505,0.8011168923701445,4.452286641921296e-180,0.05653260517675828,0.11031939482845486,False,0.020218563225125982,0.79,-0.00018959829638075937,-0.0005364212284977425,0.00014740925363648043,-0.01011677208242764,False,False,False,False,True
clustered_null,conditional-null,False,800,4,polynomial_ridge,59,78270506,0.7927451683518256,9.786224851562613e-174,0.14179639793331403,5.766564517195483e-05,True,0.09483768897222547,0.238,0.0001618762625078922,-0.0007006032515605011,0.0012445749267286483,0.007598386219401753,False,True,False,False,True
clustered_null,conditional-null,False,800,4,polynomial_ridge,60,78270507,0.8253122348628671,2.9525161824625377e-200,0.146517027631906,3.21736907237592e-05,True,0.18183096641790183,0.026,-0.0003453180955452235,-0.0011599638191477852,0.00044215353146667073,-0.02216206103724514,True,False,False,False,True
clustered_null,conditional-null,False,800,4,polynomial_ridge,61,78270508,0.7583280598875936,1.873584084639878e-150,0.0013812334111654178,0.9689050188640675,False,-0.03299835931091058,0.66,-0.0015432364102681978,-0.002309603719410034,-0.0009144092047078473,-0.07539020366979829,False,False,False,False,True
clustered_null,conditional-null,False,800,4,polynomial_ridge,62,78270509,0.6699277655121336,2.5437549947620483e-105,-0.2038066121807917,6.1356903433378394e-09,True,-0.23748095628735497,0.004,-2.7771599094270072e-05,-0.0020777846929322013,0.001844546179241243,-0.001239086755468521,True,False,False,False,True
clustered_null,conditional-null,False,800,4,polynomial_ridge,63,78270510,0.7341566471197613,2.549698626352929e-136,-0.0234064350607633,0.5088209200773222,False,-0.024677721786007266,0.766,-0.00031494648885584467,-0.0008234700369891831,0.00011200219358761292,-0.015105253005708126,False,False,False,False,True
clustered_null,conditional-null,False,800,4,polynomial_ridge,64,78270511,0.7809978531216456,2.5787056862021534e-165,-0.014799049731484612,0.6761762684558307,False,-0.006225829133950545,0.946,-0.0008701898695774833,-0.0012919817392346624,-0.0004384584883560572,-0.0464700246675331,False,False,False,False,True
clustered_null,conditional-null,False,800,4,polynomial_ridge,65,78270512,0.8137295683274506,3.147104265557709e-190,0.09124722184567269,0.009863026789531854,True,0.13577581155513888,0.09,-0.00020853146828148442,-0.0006779745207631006,0.0002495185268568946,-0.013052612159543531,False,False,False,False,True
clustered_null,conditional-null,False,800,4,polynomial_ridge,66,78270513,0.7225212930020204,4.674837543983476e-130,-0.10556383058154797,0.002811689359672912,True,-0.13147486229930858,0.082,-0.0002461131888076423,-0.0012582740460395558,0.0006733034160812775,-0.012533648878736113,False,False,False,False,True
clustered_null,conditional-null,False,800,4,polynomial_ridge,67,78270514,0.7414303928599889,2.0904664962203262e-140,-0.036182797047528664,0.30701879576701285,False,0.004919137466307278,0.928,-0.0006869828902533043,-0.0013947125148830735,2.1667523871859485e-05,-0.03049818795394003,False,False,False,False,True
clustered_null,conditional-null,False,800,4,polynomial_ridge,68,78270515,0.778207028448482,2.1650369280640676e-163,0.005607352929184723,0.8742567852622951,False,0.005836165475213875,0.954,-0.0006555328537285153,-0.001065879777154058,-0.00020829252044261498,-0.03648840672062239,False,False,False,False,True
clustered_null,conditional-null,False,800,4,polynomial_ridge,69,78270516,0.8026232697238591,2.9864817053493317e-181,-0.08300769740184127,0.01893938188651515,True,-0.09869623813430212,0.236,-0.0008770476250049772,-0.0016235455439588752,-0.00028210548698131367,-0.05178589574574908,False,False,False,False,True
clustered_null,conditional-null,False,800,4,polynomial_ridge,70,78270517,0.8298238434747556,2.298586045110391e-204,0.0584552242085939,0.09870694062993537,False,0.020077947437855088,0.79,-0.0005677214002441748,-0.0011039228462387874,-5.3635594412093986e-05,-0.03849813681393294,False,False,False,False,True
clustered_null,conditional-null,False,800,4,polynomial_ridge,71,78270518,0.8028958248372264,1.8270939714669133e-181,0.13616793656892304,0.00011293594966803186,True,0.1390484003281378,0.092,2.596832107746444e-05,-0.0010797194578107193,0.0009019466174674445,0.0013543496651217124,False,True,False,False,True
clustered_null,conditional-null,False,800,4,polynomial_ridge,72,78270519,0.777663605724384,5.0915772126836484e-163,0.04402574683820331,0.21382651928195986,False,0.031477792101253954,0.688,-0.0009322696517460698,-0.001558958133564136,-0.00029487478700549526,-0.04345292333475303,False,False,False,False,True
clustered_null,conditional-null,False,800,4,polynomial_ridge,73,78270520,0.7579656452588207,3.139235593238685e-150,-0.015544216117977171,0.6608640200121927,False,-0.04313550563658841,0.564,-0.000530620687826236,-0.0010067577504577633,-4.4247316560654546e-05,-0.024966320228291396,False,False,False,False,True
clustered_null,conditional-null,False,800,4,polynomial_ridge,74,78270521,0.7735753493364835,2.934290929199051e-160,0.13049958592257763,0.0002165943677356888,True,0.10441521153170046,0.214,-0.0008073243525527976,-0.0020002873202446705,0.00038446958760562856,-0.04227735208685861,False,False,False,False,True
clustered_null,conditional-null,False,800,4,polynomial_ridge,75,78270522,0.8371022532847708,2.95874023105691e-211,0.06583145332936964,0.0628946959872266,False,0.05527221908490517,0.496,-6.912451360663319e-05,-0.0005591641270033875,0.0004146617062998441,-0.005788655498324097,False,False,False,False,True
clustered_null,conditional-null,False,800,4,polynomial_ridge,76,78270523,0.8315648071325112,5.539375366113305e-206,0.16061031563954925,5.056050562152381e-06,True,0.14559064807219033,0.072,-0.0003129344695141749,-0.0012633869238115965,0.0005369198705409164,-0.01669229039394929,False,False,False,False,True
clustered_null,conditional-null,False,800,4,polynomial_ridge,77,78270524,0.8202195159679937,9.295381508044545e-196,0.10212599188165497,0.0038549599077572307,True,0.11886792452830187,0.144,-0.0005392126134735713,-0.0013756647841482058,0.00015604760206968662,-0.03061128165355364,False,False,False,False,True
clustered_null,conditional-null,False,800,4,polynomial_ridge,78,78270525,0.7610422438160062,3.8130417178976923e-152,-0.000886458716162675,0.9800406546722641,False,-0.004339036681120356,0.952,-0.0006485264742224599,-0.0014040206898445519,1.6927433014274267e-05,-0.0317691933080396,False,False,False,False,True
clustered_null,conditional-null,False,800,4,polynomial_ridge,79,78270526,0.769179733093333,2.353492105436985e-157,-0.02303580167217235,0.5155563385115306,False,-0.013951716863939997,0.848,-0.0002453407115645921,-0.0010043429770318873,0.0005291085303217147,-0.01353880432130228,False,False,False,False,True
clustered_null,conditional-null,False,800,4,polynomial_ridge,80,78270527,0.8293732333956773,5.987556015327153e-204,-0.036665112952022086,0.3006114085933147,False,-0.08350228524551741,0.298,-0.0003799086255742625,-0.000711381996560624,-6.0569567765392334e-05,-0.029753460748641516,False,False,False,False,True
clustered_null,conditional-null,False,800,4,polynomial_ridge,81,78270528,0.8239585764977759,4.785728037379066e-199,0.013078925366267686,0.7120281506831658,False,0.01002578225711942,0.902,-0.0004650001091789299,-0.000979405312921855,-1.8772696702002363e-05,-0.02865510420288732,False,False,False,False,True
clustered_null,conditional-null,False,800,4,polynomial_ridge,82,78270529,0.7929760984001539,6.601206296383825e-174,0.007651879742249684,0.8290212109996729,False,0.04740569509969564,0.524,-0.0006880692787005829,-0.0014528740541811293,5.458324987323884e-05,-0.034866767811787706,False,False,False,False,True
clustered_null,conditional-null,False,800,4,polynomial_ridge,83,78270530,0.7941130298641093,9.431685094978094e-175,0.13206850954764976,0.00018133618080010488,True,0.11745575999062463,0.136,-0.002041070172646594,-0.0037318752205483933,-0.0006620827923377337,-0.09614708675507001,False,False,False,False,True
clustered_null,conditional-null,False,800,4,polynomial_ridge,84,78270531,0.7196988745294916,1.3834713515871306e-128,-0.10680633410274332,0.0025030287384306994,True,-0.06960623461853979,0.394,-0.0003090452518998109,-0.0011560551511856146,0.0005860846325898854,-0.015145183257110813,False,False,False,False,True
clustered_null,conditional-null,False,800,4,polynomial_ridge,85,78270532,0.7966161119001748,1.2450988874285819e-176,0.04286956541434446,0.22611174988992386,False,0.068484120473456,0.392,-0.0004041561074646684,-0.0010983309863447472,0.0001931441221678592,-0.021093724810972138,False,False,False,False,True
clustered_null,conditional-null,False,800,4,polynomial_ridge,86,78270533,0.7785983649974454,1.1677864267109655e-163,0.09298243669402954,0.008541482973279115,True,0.09513066916676431,0.202,-0.00012246389173165007,-0.0009427252491761949,0.000646403641422757,-0.005557014802405184,False,False,False,False,True
clustered_null,conditional-null,False,800,4,polynomial_ridge,87,78270534,0.704271983237474,7.458148844555268e-121,-0.1481280425598131,2.6255165811682075e-05,True,-0.1531788351107465,0.054,-0.00039210828422450716,-0.0017127954007143933,0.0007167784677306453,-0.01836134275390978,False,False,False,False,True
clustered_null,conditional-null,False,800,4,polynomial_ridge,88,78270535,0.7652526097697029,8.170728922645217e-155,-0.0053942961842477904,0.8789970640014718,False,-0.013714402906363532,0.844,-0.0005221113041532464,-0.001112745563448559,1.6032250285318856e-05,-0.024668872215025995,False,False,False,False,True
clustered_null,conditional-null,False,800,4,polynomial_ridge,89,78270536,0.8166697838590374,1.0471108180510006e-192,0.020209675385974183,0.5683911903849819,False,0.030130083206375252,0.706,-9.5953756994515e-05,-0.0005052321778509142,0.0003073729203712917,-0.005737925442488266,False,False,False,False,True
clustered_null,conditional-null,False,800,4,polynomial_ridge,90,78270537,0.7833125208008138,6.222650924801692e-167,-0.06227305779632411,0.07854376761439524,False,-0.06625747099496074,0.402,-0.00035626318516019176,-0.000955666375391522,0.0001877322390448318,-0.022441594406508635,False,False,False,False,True
clustered_null,conditional-null,False,800,4,polynomial_ridge,91,78270538,0.7162816582525912,7.908947225117565e-127,-0.16828532467462146,1.7221755103411458e-06,True,-0.25169507477965475,0.006,-0.00018197120517439783,-0.0016461929998153333,0.0011549626065914939,-0.00842231950726188,True,False,False,False,True
clustered_null,conditional-null,False,800,4,polynomial_ridge,92,78270539,0.8181658955717119,5.519811756729801e-194,-0.004153741664250662,0.9066787516442869,False,-0.03145728348763624,0.704,-0.0006699919925096838,-0.0011061703268128388,-0.00023577570908259258,-0.04362235967887635,False,False,False,False,True
clustered_null,conditional-null,False,800,4,polynomial_ridge,93,78270540,0.7237321698940155,1.0788816855627245e-130,-0.06251860546871825,0.07737086778015162,False,-0.06328234982179454,0.418,-0.0009251713817937032,-0.0015486877838999547,-0.0003275584618002796,-0.03897228096181716,False,False,False,False,True
clustered_null,conditional-null,False,800,4,polynomial_ridge,94,78270541,0.7522245034757867,9.899954584210283e-147,-0.03383844316604826,0.3394394383551023,False,-0.04863178249150357,0.54,-0.0003778260474685026,-0.0009581797865811496,0.00025491242400845724,-0.01876529697335417,False,False,False,False,True
clustered_null,conditional-null,False,800,4,polynomial_ridge,95,78270542,0.7951815705962042,1.4979896022155532e-175,0.0920650666990889,0.009219039077173807,True,0.10366225243173562,0.178,-0.00025491425658710765,-0.0009686889504890515,0.00039804480359967765,-0.012973209237936075,False,False,False,False,True
clustered_null,conditional-null,False,800,4,polynomial_ridge,96,78270543,0.7700046171947144,6.786572632665415e-158,0.041370854137840314,0.24277361458802404,False,0.05093167701863355,0.53,-0.00025242877938570427,-0.0010993143779303705,0.0004873528051578897,-0.012576005818692995,False,False,False,False,True
clustered_null,conditional-null,False,800,4,polynomial_ridge,97,78270544,0.7840514594554056,1.8768126559332848e-167,0.07828727239432022,0.026908223886788176,True,0.10953357553029415,0.172,-0.00016576147351361065,-0.0010415697359992236,0.0007121058371440951,-0.007362080055203213,False,False,False,False,True
clustered_null,conditional-null,False,800,4,polynomial_ridge,98,78270545,0.7662669629171297,1.8232421643029309e-155,-0.012656713779148503,0.7209298720577924,False,0.011508262041485995,0.88,-0.0004903590880168361,-0.001022748330631528,3.646272681921207e-05,-0.0254602230894698,False,False,False,False,True
clustered_null,conditional-null,False,800,4,polynomial_ridge,99,78270546,0.707614480647626,1.7393865790991796e-122,-0.1864536067584565,1.1036295230785365e-07,True,-0.18739013242704794,0.014,0.000338315348082735,-0.00096689401798608,0.0016791892084746722,0.01741782070291456,True,True,False,False,True
simpson_increment,increment-after-environment-control,True,100,4,polynomial_ridge,0,81265566,-0.3665166516651665,0.0001764987132288399,0.800489609213139,4.581017231827318e-23,True,0.6586466165413534,0.004,0.014185363586471352,0.009737812559234386,0.01856240604122619,0.610575531039796,True,True,True,True,True
simpson_increment,increment-after-environment-control,True,100,4,polynomial_ridge,1,81265567,-0.3477227722772277,0.0003929101207311416,0.8370377644772062,6.964620058124256e-27,True,0.732330827067669,0.002,0.015307234164253359,0.011308955649673384,0.019364177749937272,0.6720216362206427,True,True,True,True,True
simpson_increment,increment-after-environment-control,True,100,4,polynomial_ridge,2,81265568,-0.3544194419441944,0.000297101677822506,0.8395713443185097,3.497125948175059e-27,True,0.8285714285714285,0.002,0.019390982781869154,0.014483336938529353,0.024892487124583255,0.7514319935479776,True,True,True,True,True
simpson_increment,increment-after-environment-control,True,100,4,polynomial_ridge,3,81265569,-0.4218661866186618,1.234049387186137e-05,0.7980934504814559,7.64428253481189e-23,True,0.8045112781954886,0.002,0.013792416675528048,0.008907579682460424,0.018891001649095757,0.5817725798986211,True,True,True,True,True
simpson_increment,increment-after-environment-control,True,100,4,polynomial_ridge,4,81265570,-0.4752235223522352,5.851826252475225e-07,0.7485018156626866,8.048464203676366e-19,True,0.7999999999999999,0.002,0.011791198089132033,0.005504466987366637,0.019134280886039627,0.476986562145512,True,True,True,True,True
simpson_increment,increment-after-environment-control,True,100,4,polynomial_ridge,5,81265571,-0.39993999399939995,3.747103091340505e-05,0.833256854443434,1.9054047290557623e-26,True,0.8436090225563909,0.002,0.019082452409204417,0.01223106281673299,0.025402379872593746,0.6705371940947672,True,True,True,True,True
simpson_increment,increment-after-environment-control,True,100,4,polynomial_ridge,6,81265572,-0.34487848784878483,0.0004416149847808518,0.77103474448356,1.5975941742272223e-20,True,0.4977443609022556,0.032,0.01579355423221107,0.008774631467112756,0.02380763508116409,0.591406734240317,True,True,True,True,True
simpson_increment,increment-after-environment-control,True,100,4,polynomial_ridge,7,81265573,-0.41755775577557747,1.5445172410666292e-05,0.7957620985599231,1.2498166127222977e-22,True,0.6932330827067669,0.002,0.017540676448407296,0.011662758539536034,0.02345361167894927,0.6693000889926148,True,True,True,True,True
simpson_increment,increment-after-environment-control,True,100,4,polynomial_ridge,8,81265574,-0.2836243624362436,0.004242384608537173,0.8351700815207591,1.1486574122623309e-26,True,0.8947368421052632,0.002,0.019810384531953374,0.014741454271445716,0.025323411224714598,0.7104229745121796,True,True,True,True,True
simpson_increment,increment-after-environment-control,True,100,4,polynomial_ridge,9,81265575,-0.4947134713471346,1.6789505291966508e-07,0.7572688211415712,1.842667633029464e-19,True,0.631578947368421,0.002,0.010361524421411215,0.005186057343944161,0.015249270748557038,0.4773523270366601,True,True,True,True,True
simpson_increment,increment-after-environment-control,True,100,4,polynomial_ridge,10,81265576,-0.3631683168316831,0.00020428602913931423,0.8139159203494435,2.2726352036963273e-24,True,0.6902255639097743,0.004,0.018937084800352496,0.012256029703637426,0.026252977715344124,0.6712787332289869,True,True,True,True,True
simpson_increment,increment-after-environment-control,True,100,4,polynomial_ridge,11,81265577,-0.26537053705370534,0.007622189688588072,0.8269378127172441,9.696622216474917e-26,True,0.7819548872180451,0.002,0.024524129502566865,0.01566860631201925,0.03517034535211917,0.7072156423328041,True,True,True,True,True
simpson_increment,increment-after-environment-control,True,100,4,polynomial_ridge,12,81265578,-0.3688328832883288,0.00015937115611684274,0.8320540602003096,2.6106451793673866e-26,True,0.7593984962406014,0.002,0.018980580695480816,0.011868542663166207,0.02549154204416251,0.6811578890783104,True,True,True,True,True
simpson_increment,increment-after-environment-control,True,100,4,polynomial_ridge,13,81265579,-0.4141974197419742,1.8360517943519935e-05,0.82034662111123,4.941321896722224e-25,True,0.8285714285714285,0.002,0.01713629370640019,0.011834863204334549,0.024084638990547823,0.6575621279052591,True,True,True,True,True
simpson_increment,increment-after-environment-control,True,100,4,polynomial_ridge,14,81265580,-0.4081848184818481,2.4903344285592452e-05,0.8329589786932585,2.0604289296994363e-26,True,0.6090225563909774,0.008,0.01575284564761205,0.009397166683201353,0.02173401311576442,0.6593941490632054,True,True,True,True,True
simpson_increment,increment-after-environment-control,True,100,4,polynomial_ridge,15,81265581,-0.449012901290129,2.7902740885690806e-06,0.8007938884570078,4.290494165762032e-23,True,0.732330827067669,0.002,0.0169166948781624,0.010698732263937824,0.023029319233338282,0.6793815510183103,True,True,True,True,True
simpson_increment,increment-after-environment-control,True,100,4,polynomial_ridge,16,81265582,-0.34915091509150914,0.000370365268431315,0.8061144348241186,1.3392925778109432e-23,True,0.7533834586466165,0.002,0.0190991453165065,0.013656732056313244,0.025233022124712866,0.6443423670350262,True,True,True,True,True
simpson_increment,increment-after-environment-control,True,100,4,polynomial_ridge,17,81265583,-0.328064806480648,0.0008618526020568636,0.815267298511224,1.657351329082946e-24,True,0.5774436090225563,0.012,0.025103111600113373,0.01725703159873894,0.03270677784083567,0.7248507335683214,True,True,True,True,True
simpson_increment,increment-after-environment-control,True,100,4,polynomial_ridge,18,81265584,-0.39906390639063904,3.910899639205572e-05,0.7673194473487189,3.1423973536692357e-20,True,0.7714285714285714,0.002,0.013509184847743397,0.008879891450712657,0.018522496293944465,0.5747443511648525,True,True,True,True,True
simpson_increment,increment-after-environment-control,True,100,4,polynomial_ridge,19,81265585,-0.3874467446744674,6.820170666511371e-05,0.8096098416412578,6.11098805211433e-24,True,0.6736842105263157,0.002,0.012632741353575807,0.00844813278418586,0.018490182170163086,0.5684176317165475,True,True,True,True,True
simpson_increment,increment-after-environment-control,True,100,4,polynomial_ridge,20,81265586,-0.37135313531353137,0.0001424924910575427,0.8408649657228618,2.448730421112603e-27,True,0.9308270676691727,0.002,0.021400391898989266,0.014306443153231015,0.027471249025490068,0.7240269152427112,True,True,True,True,True
simpson_increment,increment-after-environment-control,True,100,4,polynomial_ridge,21,81265587,-0.46346234623462346,1.1985424923026517e-06,0.8433136100956983,1.236421895688003e-27,True,0.8706766917293233,0.002,0.015378913632729415,0.012318133397081092,0.01895162783894775,0.668020020833186,True,True,True,True,True
simpson_increment,increment-after-environment-control,True,100,4,polynomial_ridge,22,81265588,-0.381050105010501,9.182877277862188e-05,0.8700352198381964,3.027939596224954e-31,True,0.6932330827067669,0.002,0.020565600495965494,0.015334848437289954,0.02659113394748088,0.7561523055542679,True,True,True,True,True
simpson_increment,increment-after-environment-control,True,100,4,polynomial_ridge,23,81265589,-0.4018481848184818,3.412274385720414e-05,0.8495959637144809,2.0272835950364772e-28,True,0.9022556390977443,0.002,0.01720598212119936,0.010678695494029016,0.02324481966170699,0.7042826376491856,True,True,True,True,True
simpson_increment,increment-after-environment-control,True,100,4,polynomial_ridge,24,81265590,-0.21545754575457543,0.03133124590152831,0.760947572004166,9.742120277747e-20,True,0.6526315789473683,0.008,0.01798552108725858,0.010671877330214465,0.02652854367499404,0.5923897969011416,True,True,True,True,True
simpson_increment,increment-after-environment-control,True,100,4,polynomial_ridge,25,81265591,-0.38768676867686763,6.743662358305854e-05,0.8314106372379185,3.0864787684440763e-26,True,0.8812030075187969,0.002,0.023039199027768756,0.015719061165387533,0.031440366475347585,0.7064369277359501,True,True,True,True,True
simpson_increment,increment-after-environment-control,True,100,4,polynomial_ridge,26,81265592,-0.37957395739573957,9.826834686840484e-05,0.7734295446534712,1.0260078657959949e-20,True,0.7744360902255639,0.002,0.016653875432000205,0.011805917964459267,0.021975679808897825,0.6114753002404234,True,True,True,True,True
simpson_increment,increment-after-environment-control,True,100,4,polynomial_ridge,27,81265593,-0.3398739873987398,0.0005409850919358762,0.8280795326187593,7.262416102676728e-26,True,0.882706766917293,0.002,0.02356263393672302,0.017620317284173372,0.030812014023551302,0.7236616273564656,True,True,True,True,True
simpson_increment,increment-after-environment-control,True,100,4,polynomial_ridge,28,81265594,-0.3465946594659466,0.0004116037511182164,0.8088953013020979,7.183566443705823e-24,True,0.7233082706766917,0.002,0.01741087641920911,0.009540620845208311,0.02620921722587066,0.657352566931324,True,True,True,True,True
simpson_increment,increment-after-environment-control,True,100,4,polynomial_ridge,29,81265595,-0.4043204320432042,3.0199907110829817e-05,0.7620595442973074,8.016900683025855e-20,True,0.7999999999999999,0.002,0.017339518335043533,0.010988765880960488,0.02330027548818541,0.6283247912880129,True,True,True,True,True
simpson_increment,increment-after-environment-control,True,100,4,polynomial_ridge,30,81265596,-0.3275607560756076,0.0008787969499493739,0.8463777369907935,5.170800360176289e-28,True,0.8240601503759398,0.002,0.020079542284481538,0.014229621318604935,0.02774057052379847,0.7086679546569994,True,True,True,True,True
simpson_increment,increment-after-environment-control,True,100,4,polynomial_ridge,31,81265597,-0.5017821782178217,1.046907246836931e-07,0.8121993693723267,3.381412932805432e-24,True,0.7172932330827068,0.004,0.012192474607857998,0.006955904760834817,0.01712690830507072,0.5531375685032857,True,True,True,True,True
simpson_increment,increment-after-environment-control,True,100,4,polynomial_ridge,32,81265598,-0.29677767776777675,0.0027146929073713737,0.8678062674932736,6.4842344121864925e-31,True,0.9037593984962405,0.002,0.02318327321035997,0.0182932217345814,0.02883507296822466,0.7873154306507526,True,True,True,True,True
simpson_increment,increment-after-environment-control,True,100,4,polynomial_ridge,33,81265599,-0.33838583858385834,0.0005742666028022979,0.8005276396547744,4.5436848444473337e-23,True,0.8225563909774435,0.002,0.017050339427759464,0.012180342052960935,0.021561051873810026,0.6627682421322056,True,True,True,True,True
simpson_increment,increment-after-environment-control,True,100,4,polynomial_ridge,34,81265600,-0.4548454845484548,1.9930821281233576e-06,0.7813215988210027,2.2928424718958177e-21,True,0.7518796992481201,0.002,0.012716881344009844,0.008581815347675503,0.016600501114441023,0.5605485022617488,True,True,True,True,True
simpson_increment,increment-after-environment-control,True,100,4,polynomial_ridge,35,81265601,-0.24079207920792076,0.01581015734667303,0.8687558127157367,4.695843165554365e-31,True,0.8842105263157894,0.002,0.02516496084641876,0.01767263339418068,0.032725787495935334,0.798647296985321,True,True,True,True,True
simpson_increment,increment-after-environment-control,True,100,4,polynomial_ridge,36,81265602,-0.4322832283228323,7.081219438817456e-06,0.8116135548533978,3.868898085626375e-24,True,0.6345864661654135,0.006,0.01550658783601085,0.01158130390504363,0.019223512544162734,0.661954033078772,True,True,True,True,True
simpson_increment,increment-after-environment-control,True,100,4,polynomial_ridge,37,81265603,-0.35529552955295524,0.0002863028350106777,0.7677182821559857,2.9240452377549175e-20,True,0.7909774436090224,0.002,0.020245249913937613,0.013370185069677567,0.027902600072192845,0.619378956965826,True,True,True,True,True
simpson_increment,increment-after-environment-control,True,100,4,polynomial_ridge,38,81265604,-0.40124812481248123,3.5144247417739556e-05,0.8248277983698626,1.6452485410940621e-25,True,0.8887218045112781,0.002,0.01506146329322861,0.011222326028981232,0.019358401017812717,0.6489387136034324,True,True,True,True,True
simpson_increment,increment-after-environment-control,True,100,4,polynomial_ridge,39,81265605,-0.4342754275427542,6.354195540427051e-06,0.7871316699707375,7.307864805923594e-22,True,0.801503759398496,0.002,0.01872183174666315,0.011037942479437615,0.025569559800267868,0.6173784869118181,True,True,True,True,True
simpson_increment,increment-after-environment-control,True,100,4,polynomial_ridge,40,81265606,-0.3963756375637563,4.4562362927883585e-05,0.8067622171188409,1.1594390815094762e-23,True,0.7022556390977444,0.006,0.020620445203201554,0.013767319020732173,0.026271435012725775,0.6693886102024645,True,True,True,True,True
simpson_increment,increment-after-environment-control,True,100,4,polynomial_ridge,41,81265607,-0.3165676567656765,0.0013327890546505645,0.7978608359247205,8.030918216830524e-23,True,0.6090225563909774,0.004,0.0208268098195851,0.015481699278769792,0.02603113979709743,0.6757492860578901,True,True,True,True,True
simpson_increment,increment-after-environment-control,True,100,4,polynomial_ridge,42,81265608,-0.474047404740474,6.294371998250834e-07,0.7460500407557212,1.2024709591784371e-18,True,0.7022556390977444,0.002,0.01326471593162715,0.00870085726711625,0.017923939547597308,0.5191738702330243,True,True,True,True,True
simpson_increment,increment-after-environment-control,True,100,4,polynomial_ridge,43,81265609,-0.3636603660366036,0.00019996361673068933,0.7918125877405104,2.833418894086334e-22,True,0.7744360902255639,0.002,0.0184692495905449,0.012597594986287555,0.025091953583020167,0.6528142658714966,True,True,True,True,True
simpson_increment,increment-after-environment-control,True,100,4,polynomial_ridge,44,81265610,-0.2695109510951095,0.0066960649068911445,0.8330710297961206,2.0007228685550794e-26,True,0.7308270676691728,0.002,0.02188627898624283,0.014751457406769872,0.02929330775801438,0.6878678564182387,True,True,True,True,True
simpson_increment,increment-after-environment-control,True,100,4,polynomial_ridge,45,81265611,-0.3273807380738073,0.0008849218144263877,0.842091610989717,1.7414180542176267e-27,True,0.7729323308270677,0.002,0.020114280947178046,0.01346052239584508,0.027210342682923647,0.7244429446377068,True,True,True,True,True
simpson_increment,increment-after-environment-control,True,100,4,polynomial_ridge,46,81265612,-0.3929312931293129,5.258890355183661e-05,0.8082490369519605,8.310070163434384e-24,True,0.6285714285714286,0.006,0.02046690485050377,0.012302756145236822,0.02911044872110604,0.6786061826379262,True,True,True,True,True
simpson_increment,increment-after-environment-control,True,100,4,polynomial_ridge,47,81265613,-0.34509450945094505,0.0004377297616557782,0.8447947445655376,8.131611668765205e-28,True,0.9308270676691727,0.002,0.01764386124644019,0.012125831130670398,0.024017635999407677,0.7123881221441242,True,True,True,True,True
simpson_increment,increment-after-environment-control,True,100,4,polynomial_ridge,48,81265614,-0.44696069606960687,3.136331414869641e-06,0.8035381367265799,2.363957810011705e-23,True,0.6436090225563909,0.002,0.017193507012843674,0.012338050045390089,0.022357873665356364,0.6323906574660383,True,True,True,True,True
simpson_increment,increment-after-environment-control,True,100,4,polynomial_ridge,49,81265615,-0.35843984398439843,0.0002504571126237839,0.7948707862584266,1.5057220282543916e-22,True,0.5368421052631579,0.018,0.01761686895582791,0.01202638682018314,0.02340710220381341,0.6282111745969367,True,True,True,True,True
simpson_increment,increment-after-environment-control,True,100,4,polynomial_ridge,50,81265616,-0.33374137413741367,0.0006905766610319629,0.8622219226902973,4.1180589134229895e-30,True,0.9203007518796992,0.002,0.020362453059267732,0.016011471394949035,0.02554064007556934,0.7974140112945294,True,True,True,True,True
simpson_increment,increment-after-environment-control,True,100,4,polynomial_ridge,51,81265617,-0.4522532253225322,2.3163343327545473e-06,0.7790852500240377,3.527723653758606e-21,True,0.8601503759398496,0.002,0.01488853113591344,0.011048465119747433,0.0193602914459505,0.617247706748028,True,True,True,True,True
simpson_increment,increment-after-environment-control,True,100,4,polynomial_ridge,52,81265618,-0.33220522052205215,0.0007335533985782347,0.8224191790712501,2.9827216162687094e-25,True,0.48872180451127817,0.028,0.01782248081513107,0.01374093120751866,0.02183759557684585,0.6884674912061117,True,True,True,True,True
simpson_increment,increment-after-environment-control,True,100,4,polynomial_ridge,53,81265619,-0.4453405340534053,3.4377574592192463e-06,0.824842337203392,1.6393056012813902e-25,True,0.8842105263157894,0.002,0.020203804574327612,0.013457704463911362,0.030036308849025486,0.6932880326670274,True,True,True,True,True
simpson_increment,increment-after-environment-control,True,100,4,polynomial_ridge,54,81265620,-0.40301230123012294,3.2219720961011246e-05,0.813809832945337,2.3294130461851432e-24,True,0.801503759398496,0.002,0.016986823231363742,0.011170621747258911,0.02300491927941738,0.6618026840328705,True,True,True,True,True
simpson_increment,increment-after-environment-control,True,100,4,polynomial_ridge,55,81265621,-0.3287008700870087,0.0008408962389464797,0.8438361827670304,1.067021059601891e-27,True,0.8992481203007519,0.002,0.01613368532352219,0.012622170362888162,0.019216514055227056,0.7209921404610855,True,True,True,True,True
simpson_increment,increment-after-environment-control,True,100,4,polynomial_ridge,56,81265622,-0.47941194119411934,4.503762841561454e-07,0.7853934023036582,1.0326915896907661e-21,True,0.6932330827067669,0.002,0.014711625521635819,0.01076578401987289,0.01896367524040121,0.6255096858089464,True,True,True,True,True
simpson_increment,increment-after-environment-control,True,100,4,polynomial_ridge,57,81265623,-0.3398379837983798,0.0005417689511960754,0.8319587187412782,2.676345126984981e-26,True,0.8721804511278194,0.002,0.01857245579572632,0.012630270132997477,0.025665702144593412,0.6894301525513805,True,True,True,True,True
simpson_increment,increment-after-environment-control,True,100,4,polynomial_ridge,58,81265624,-0.2993099309930993,0.0024851724262321307,0.8243769388151015,1.8403309650045055e-25,True,0.849624060150376,0.002,0.017376340762231907,0.011604909307513796,0.022480898943870856,0.6778604287274215,True,True,True,True,True
simpson_increment,increment-after-environment-control,True,100,4,polynomial_ridge,59,81265625,-0.41910591059105906,1.4253638936965108e-05,0.7749056225482398,7.78823979830879e-21,True,0.7744360902255639,0.002,0.014577561929673338,0.009744529220346116,0.01930150670034453,0.6115198953087394,True,True,True,True,True
simpson_increment,increment-after-environment-control,True,100,4,polynomial_ridge,60,81265626,-0.4509330933093309,2.499415479688006e-06,0.7165724409580863,1.0747598254878511e-16,True,0.5112781954887218,0.018,0.013246388231704263,0.00818524007080872,0.01970294335105573,0.5268984227238264,True,True,True,True,True
simpson_increment,increment-after-environment-control,True,100,4,polynomial_ridge,61,81265627,-0.36444044404440445,0.00019328403897814206,0.8127446256179816,2.981772838828586e-24,True,0.8481203007518796,0.002,0.018385422157843924,0.012817597663243002,0.02471494647796752,0.6808378998288256,True,True,True,True,True
simpson_increment,increment-after-environment-control,True,100,4,polynomial_ridge,62,81265628,-0.4817161716171616,3.8937496605738925e-07,0.759674330460838,1.2162250890874413e-19,True,0.6932330827067669,0.006,0.012807201989978607,0.007654491716063796,0.018030076453978052,0.5345674204892934,True,True,True,True,True
simpson_increment,increment-after-environment-control,True,100,4,polynomial_ridge,63,81265629,-0.37983798379837985,9.708657506741128e-05,0.8343158160413255,1.441041893804637e-26,True,0.7263157894736841,0.002,0.019881528046665972,0.014101686371084382,0.02552274514285005,0.6692263762878184,True,True,True,True,True
simpson_increment,increment-after-environment-control,True,100,4,polynomial_ridge,64,81265630,-0.4342754275427542,6.354195540427051e-06,0.8197599687165752,5.693598537157836e-25,True,0.5458646616541353,0.028,0.016665164032835713,0.010985907649372066,0.023036930235378648,0.6492021536531558,True,True,True,True,True
simpson_increment,increment-after-environment-control,True,100,4,polynomial_ridge,65,81265631,-0.32798079807980796,0.0008646557844917511,0.8032137358898815,2.5377734275097988e-23,True,0.8601503759398496,0.002,0.016879380428594895,0.011810036375130228,0.022104206577580474,0.6540059115635023,True,True,True,True,True
simpson_increment,increment-after-environment-control,True,100,4,polynomial_ridge,66,81265632,-0.3872427242724272,6.885837649054261e-05,0.8326748423640067,2.2197237171263695e-26,True,0.8300751879699247,0.002,0.015097170948290096,0.012201476498228935,0.0181750331576439,0.6604624042265606,True,True,True,True,True
simpson_increment,increment-after-environment-control,True,100,4,polynomial_ridge,67,81265633,-0.38690669066906686,6.995280278310176e-05,0.8031673876924597,2.5636016192047944e-23,True,0.6390977443609022,0.008,0.01858961009890592,0.012529215429754815,0.024122991571163956,0.6830770246854786,True,True,True,True,True
simpson_increment,increment-after-environment-control,True,100,4,polynomial_ridge,68,81265634,-0.43059105910591056,7.759565153444467e-06,0.8004392940335201,4.630868098737195e-23,True,0.8766917293233082,0.002,0.01498151613612643,0.010517109473748476,0.020154432971002164,0.6305264083715884,True,True,True,True,True
simpson_increment,increment-after-environment-control,True,100,4,polynomial_ridge,69,81265635,-0.4343954395439544,6.3127253278681425e-06,0.7526049536884423,4.0679734576376576e-19,True,0.6120300751879698,0.008,0.013485330870476696,0.007694452503611076,0.01936410376805345,0.514368089779422,True,True,True,True,True
simpson_increment,increment-after-environment-control,True,100,4,polynomial_ridge,70,81265636,-0.409012901290129,2.388784407046804e-05,0.8191303970412617,6.62499012133624e-25,True,0.8691729323308269,0.002,0.016354018959899456,0.01115080032494941,0.020618266030322355,0.6995373044242832,True,True,True,True,True
simpson_increment,increment-after-environment-control,True,100,4,polynomial_ridge,71,81265637,-0.43973597359735966,4.70513652764355e-06,0.7604901558160911,1.0552130826102206e-19,True,0.706766917293233,0.002,0.014092391697802834,0.00957586814564106,0.019547960722527458,0.5711191640464268,True,True,True,True,True
simpson_increment,increment-after-environment-control,True,100,4,polynomial_ridge,72,81265638,-0.40577257725772575,2.809675707954207e-05,0.8048944726080002,1.7546243374294243e-23,True,0.8676691729323308,0.002,0.017045368583527763,0.01009921749319689,0.02418280842320582,0.6277212480774566,True,True,True,True,True
simpson_increment,increment-after-environment-control,True,100,4,polynomial_ridge,73,81265639,-0.39951995199519946,3.824818709565186e-05,0.881637353142961,4.520132719742289e-33,True,0.8766917293233082,0.002,0.023978712023362093,0.018066598639236226,0.03189297101932886,0.7895892670178574,True,True,True,True,True
simpson_increment,increment-after-environment-control,True,100,4,polynomial_ridge,74,81265640,-0.37862586258625863,0.0001026230813524457,0.7974438273236579,8.772234247629057e-23,True,0.6721804511278194,0.006,0.016701289930041982,0.010605775194361981,0.022072812367561003,0.6018691429623264,True,True,True,True,True
simpson_increment,increment-after-environment-control,True,100,4,polynomial_ridge,75,81265641,-0.40880888088808875,2.413437510066106e-05,0.8379274138286191,5.475534219448924e-27,True,0.7413533834586465,0.002,0.018250605460939442,0.012569787557338664,0.0235379224829602,0.69798647595848,True,True,True,True,True
simpson_increment,increment-after-environment-control,True,100,4,polynomial_ridge,76,81265642,-0.3169156915691569,0.0013156425830854225,0.8434463645947253,1.1910551964526194e-27,True,0.6390977443609022,0.006,0.024633634481554298,0.015981453050467893,0.03441095819986505,0.7398167672072069,True,True,True,True,True
simpson_increment,increment-after-environment-control,True,100,4,polynomial_ridge,77,81265643,-0.3481788178817881,0.00038557731739037517,0.8217919155119022,3.477462379872067e-25,True,0.732330827067669,0.002,0.0172417361615455,0.01080819372109147,0.023903426992966215,0.6588377272499736,True,True,True,True,True
simpson_increment,increment-after-environment-control,True,100,4,polynomial_ridge,78,81265644,-0.41401740174017393,1.853041339864096e-05,0.8326190149633336,2.2524037708373957e-26,True,0.8616541353383457,0.002,0.017712683717723787,0.013611638324818107,0.021401801194713247,0.6900219218943003,True,True,True,True,True
simpson_increment,increment-after-environment-control,True,100,4,polynomial_ridge,79,81265645,-0.41386138613861384,1.867884752777001e-05,0.806397429954235,1.257605809991697e-23,True,0.7714285714285714,0.002,0.020763059498082825,0.011678298934191075,0.029158099854148148,0.6485060090071816,True,True,True,True,True
simpson_increment,increment-after-environment-control,True,100,4,polynomial_ridge,80,81265646,-0.4121572157215721,2.0374470467108723e-05,0.7977881195480987,8.155641193444691e-23,True,0.7548872180451127,0.002,0.017119747593598803,0.0106063278340885,0.023852257330264585,0.6091088932034571,True,True,True,True,True
simpson_increment,increment-after-environment-control,True,100,4,polynomial_ridge,81,81265647,-0.31211521152115207,0.001570786554654393,0.7849711871622171,1.1226349154277777e-21,True,0.806015037593985,0.002,0.014992160381801716,0.010767291345054905,0.018558089078181083,0.6384553567729074,True,True,True,True,True
simpson_increment,increment-after-environment-control,True,100,4,polynomial_ridge,82,81265648,-0.4189258925892589,1.4387617355837715e-05,0.8025293037421188,2.946292242630116e-23,True,0.7669172932330827,0.002,0.018977640660940605,0.011929780626732535,0.025433961995280877,0.6401077900963619,True,True,True,True,True
simpson_increment,increment-after-environment-control,True,100,4,polynomial_ridge,83,81265649,-0.41891389138913887,1.4396591156623105e-05,0.8334347714198134,1.818298753178907e-26,True,0.6917293233082705,0.002,0.02015925506579072,0.014498342038245324,0.026405474262192776,0.7212758029257161,True,True,True,True,True
simpson_increment,increment-after-environment-control,True,100,4,polynomial_ridge,84,81265650,-0.36354035403540347,0.00020100999291459653,0.8451126939538215,7.4278248849394375e-28,True,0.7984962406015037,0.002,0.015381111959986916,0.010023095523937221,0.020246520908613293,0.7084026771423441,True,True,True,True,True
simpson_increment,increment-after-environment-control,True,100,4,polynomial_ridge,85,81265651,-0.39759975997599756,4.1996570626271186e-05,0.8285338372785616,6.469494923954323e-26,True,0.8646616541353382,0.002,0.022042578279691163,0.014493491668649756,0.03052303820903388,0.72269944497273,True,True,True,True,True
simpson_increment,increment-after-environment-control,True,100,4,polynomial_ridge,86,81265652,-0.3426222622262226,0.00048413094844109854,0.8211615639701593,4.054878434594376e-25,True,0.9052631578947368,0.002,0.01950392336447345,0.013145092983230095,0.02573070095612394,0.6829626838038565,True,True,True,True,True
simpson_increment,increment-after-environment-control,True,100,4,polynomial_ridge,87,81265653,-0.39572757275727566,4.5979267183528335e-05,0.7925058590449776,2.457381327282834e-22,True,0.7729323308270677,0.002,0.017310723454448083,0.011132071794753819,0.023288276035804172,0.6648612336069633,True,True,True,True,True
simpson_increment,increment-after-environment-control,True,100,4,polynomial_ridge,88,81265654,-0.29402940294029395,0.002985216989508433,0.8144982555893447,1.9841804269537664e-24,True,0.7999999999999999,0.002,0.026457130559811838,0.01851217793402176,0.03483130946165061,0.6993906629571274,True,True,True,True,True
simpson_increment,increment-after-environment-control,True,100,4,polynomial_ridge,89,81265655,-0.3864146414641464,7.158461468904962e-05,0.8099607836828194,5.643007085499466e-24,True,0.8406015037593983,0.002,0.018221917323402226,0.01294474724269224,0.024019063072918862,0.6743229228052102,True,True,True,True,True
simpson_increment,increment-after-environment-control,True,100,4,polynomial_ridge,90,81265656,-0.4507050705070506,2.5323919069562644e-06,0.8395743100019857,3.494282596464982e-27,True,0.7548872180451127,0.002,0.016631431591492322,0.011791069741818259,0.021552095085775713,0.6802521240206642,True,True,True,True,True
simpson_increment,increment-after-environment-control,True,100,4,polynomial_ridge,91,81265657,-0.3522952295229523,0.0003248631492584882,0.8151763299780558,1.693088679845482e-24,True,0.8105263157894737,0.002,0.020270061485309746,0.013610684559948124,0.027133991312876252,0.6960294951168083,True,True,True,True,True
simpson_increment,increment-after-environment-control,True,100,4,polynomial_ridge,92,81265658,-0.42183018301830183,1.2363815401750232e-05,0.8187404503315542,7.274644958659284e-25,True,0.8285714285714285,0.002,0.017707723998061985,0.011202673832172862,0.024706437551742934,0.6629084856927377,True,True,True,True,True
simpson_increment,increment-after-environment-control,True,100,4,polynomial_ridge,93,81265659,-0.46209420942094204,1.3005461714560677e-06,0.817258973449005,1.0357987788545552e-24,True,0.8451127819548873,0.002,0.017005012866668584,0.01234216099775121,0.022851758180636905,0.6539233956452755,True,True,True,True,True
simpson_increment,increment-after-environment-control,True,100,4,polynomial_ridge,94,81265660,-0.46287428742874276,1.2414211707116131e-06,0.7799444746136697,2.9912995300220325e-21,True,0.801503759398496,0.002,0.016278119708159663,0.011613316022226315,0.021890127451989073,0.6185103200772287,True,True,True,True,True
simpson_increment,increment-after-environment-control,True,100,4,polynomial_ridge,95,81265661,-0.41081308130813077,2.1812527303080676e-05,0.7878828762669018,6.2871611988818225e-22,True,0.7037593984962407,0.002,0.017529096926057804,0.012113477832567767,0.024120676941214465,0.6554432688671056,True,True,True,True,True
simpson_increment,increment-after-environment-control,True,100,4,polynomial_ridge,96,81265662,-0.388994899489949,6.340556192706379e-05,0.8418591886359881,1.8580167664016393e-27,True,0.8992481203007519,0.002,0.019424825880274124,0.012982913846227467,0.025409068459358888,0.698238790527468,True,True,True,True,True
simpson_increment,increment-after-environment-control,True,100,4,polynomial_ridge,97,81265663,-0.4009480948094809,3.5665653589968244e-05,0.7920545818224556,2.6962001117099566e-22,True,0.8421052631578947,0.002,0.016962624961764046,0.009081262360586812,0.02369859223460677,0.6064837740901,True,True,True,True,True
simpson_increment,increment-after-environment-control,True,100,4,polynomial_ridge,98,81265664,-0.4283468346834683,8.753874284122948e-06,0.7347276205698842,7.24713153872788e-18,True,0.8511278195488721,0.002,0.015816631659206732,0.010950995562690871,0.02040399686144663,0.5882932157451369,True,True,True,True,True
simpson_increment,increment-after-environment-control,True,100,4,polynomial_ridge,99,81265665,-0.3826702670267026,8.521387079900629e-05,0.783942433036231,1.374888069496125e-21,True,0.8105263157894737,0.002,0.016269370553320946,0.010408031427967293,0.023259218652140177,0.626457480517114,True,True,True,True,True
simpson_increment,increment-after-environment-control,True,200,4,polynomial_ridge,0,82266266,-0.390516762919073,1.085795427762656e-08,0.8195615265323911,2.739100847233088e-49,True,0.8138836772983116,0.002,0.018153782634850714,0.013772274766317706,0.022230362650399262,0.7016727209282893,True,True,True,True,True
simpson_increment,increment-after-environment-control,True,200,4,polynomial_ridge,1,82266267,-0.4317647941198531,1.7313341609314403e-10,0.7858938827161719,8.750838669267061e-43,True,0.7994371482176361,0.002,0.015791137781227378,0.012628528598343746,0.019645425357284814,0.6314366794317026,True,True,True,True,True
simpson_increment,increment-after-environment-control,True,200,4,polynomial_ridge,2,82266268,-0.404276606915173,2.904883093759984e-09,0.8286898638277616,2.73109402457598e-51,True,0.7422138836772983,0.002,0.01836791699158062,0.01538777371019202,0.021825711686651535,0.7153669501177666,True,True,True,True,True
simpson_increment,increment-after-environment-control,True,200,4,polynomial_ridge,3,82266269,-0.30634815870396764,1.025136687002048e-05,0.8376875139206541,2.2098399578817237e-53,True,0.7911819887429644,0.002,0.019454447726892934,0.01544315432480525,0.023734943945379002,0.7423265303111494,True,True,True,True,True
simpson_increment,increment-after-environment-control,True,200,4,polynomial_ridge,4,82266270,-0.3722388059701493,5.712643760894646e-08,0.8323296985088774,4.0276558969830255e-52,True,0.8206378986866792,0.002,0.020774142574030405,0.01617638674578904,0.02520026830197646,0.7107248870934247,True,True,True,True,True
simpson_increment,increment-after-environment-control,True,200,4,polynomial_ridge,5,82266271,-0.41553588839721,9.4361574416572e-10,0.7993079368801378,3.1594448924531626e-45,True,0.7795497185741089,0.002,0.01617225730602806,0.01177498879724141,0.020700387784867155,0.6399380384462139,True,True,True,True,True
simpson_increment,increment-after-environment-control,True,200,4,polynomial_ridge,6,82266272,-0.31217880447011176,6.789525690132003e-06,0.8150048373399645,2.4816221215712874e-48,True,0.704502814258912,0.002,0.01837484604961961,0.013664731656169132,0.023019762881946324,0.6744701273271148,True,True,True,True,True
simpson_increment,increment-after-environment-control,True,200,4,polynomial_ridge,7,82266273,-0.35710192754818876,2.0950817598752138e-07,0.7962665042061633,1.1732675691556312e-44,True,0.6833020637898688,0.002,0.015689168805705957,0.012758810517146316,0.018820334889476684,0.6566253088808361,True,True,True,True,True
simpson_increment,increment-after-environment-control,True,200,4,polynomial_ridge,8,82266274,-0.4690362259056477,2.466648979841103e-12,0.7670755051878365,1.2217579938097069e-39,True,0.8380863039399626,0.002,0.012959212317433782,0.009922184946405503,0.015961659996324404,0.564006840996963,True,True,True,True,True
simpson_increment,increment-after-environment-control,True,200,4,polynomial_ridge,9,82266275,-0.4267741693542339,2.944544534747717e-10,0.7883182346897705,3.2643689842208904e-43,True,0.8410881801125705,0.002,0.018314022771327543,0.013614729693355133,0.02291041170156609,0.6417677326632815,True,True,True,True,True
simpson_increment,increment-after-environment-control,True,200,4,polynomial_ridge,10,82266276,-0.3947858696467413,7.25904156550573e-09,0.8513123723552151,8.323087375822902e-57,True,0.8144465290806755,0.002,0.01787098691168693,0.014230171101221333,0.021677632078694012,0.7403481577723837,True,True,True,True,True
simpson_increment,increment-after-environment-control,True,200,4,polynomial_ridge,11,82266277,-0.40376509412735323,3.0541194924844992e-09,0.8295197575280878,1.772295830259224e-51,True,0.8487804878048782,0.002,0.01748562076608888,0.012667128519462357,0.02209423694605189,0.6967596508073779,True,True,True,True,True
simpson_increment,increment-after-environment-control,True,200,4,polynomial_ridge,12,82266278,-0.3595154878871972,1.7106230703734828e-07,0.7996243915736563,2.752723953548742e-45,True,0.7356472795497188,0.002,0.015468916618382752,0.012041979604424224,0.01911379672264598,0.6532734774672763,True,True,True,True,True
simpson_increment,increment-after-environment-control,True,200,4,polynomial_ridge,13,82266279,-0.40200555013875355,3.626172064859684e-09,0.7927676905455968,5.164286790566782e-44,True,0.8613508442776737,0.002,0.01875786966124493,0.01416864712986228,0.02394826775345177,0.6571334796136247,True,True,True,True,True
simpson_increment,increment-after-environment-control,True,200,4,polynomial_ridge,14,82266280,-0.3673141828545714,8.783053543776131e-08,0.8438496443809392,6.861542578799272e-55,True,0.8397748592870545,0.002,0.02008878951198336,0.01665512878029853,0.0238783649014136,0.7430157075335388,True,True,True,True,True
simpson_increment,increment-after-environment-control,True,200,4,polynomial_ridge,15,82266281,-0.3153468836720919,5.407694794200058e-06,0.8333440847712331,2.343235727455491e-52,True,0.8390243902439025,0.002,0.02099265567197096,0.016202479112418948,0.02568029592534169,0.7099051784473543,True,True,True,True,True
simpson_increment,increment-after-environment-control,True,200,4,polynomial_ridge,16,82266282,-0.34231155778894473,6.999360913398295e-07,0.8087799019554062,4.574704079607854e-47,True,0.8654784240150095,0.002,0.019480358450694665,0.014798517669928886,0.02511273594899809,0.688967870067112,True,True,True,True,True
simpson_increment,increment-after-environment-control,True,200,4,polynomial_ridge,17,82266283,-0.38089102227555693,2.6363742733843406e-08,0.7918055211775703,7.72381232505583e-44,True,0.8577861163227019,0.002,0.015732169605007704,0.012015590927923085,0.019670894640114,0.6327067259835477,True,True,True,True,True
simpson_increment,increment-after-environment-control,True,200,4,polynomial_ridge,18,82266284,-0.3837905947648692,2.0242235536606588e-08,0.837923743462828,1.9396468115598296e-53,True,0.7575984990619137,0.002,0.018045346460898146,0.014155333751785912,0.021932392522885133,0.7109312665082016,True,True,True,True,True
simpson_increment,increment-after-environment-control,True,200,4,polynomial_ridge,19,82266285,-0.40145053626340665,3.827169955285488e-09,0.7746601403760668,7.179797066330473e-41,True,0.8200750469043152,0.002,0.01519087340624638,0.011338305279592028,0.019971730780795522,0.6175259042913761,True,True,True,True,True
simpson_increment,increment-after-environment-control,True,200,4,polynomial_ridge,20,82266286,-0.42596414910372765,3.206999223421689e-10,0.803532901385516,4.916104820376689e-46,True,0.7410881801125706,0.002,0.01629643192991316,0.01283390663474333,0.01991874108259603,0.6529570570145459,True,True,True,True,True
simpson_increment,increment-after-environment-control,True,200,4,polynomial_ridge,21,82266287,-0.3384684617115428,9.480523484318184e-07,0.8190708429878037,3.483116312545442e-49,True,0.805440900562852,0.002,0.017742852312171816,0.013289537747107715,0.021746942897655174,0.7151775389411915,True,True,True,True,True
simpson_increment,increment-after-environment-control,True,200,4,polynomial_ridge,22,82266288,-0.3842331058276457,1.9437844481206288e-08,0.7829186415932406,2.8844615223723804e-42,True,0.7684803001876173,0.002,0.016061700748913256,0.012206067127557854,0.020324143982615197,0.6217788387159556,True,True,True,True,True
simpson_increment,increment-after-environment-control,True,200,4,polynomial_ridge,23,82266289,-0.37049876246906177,6.655788438130941e-08,0.7998948299905672,2.446425899807957e-45,True,0.7936210131332083,0.002,0.01787764295185673,0.014286210107733528,0.02243015054160818,0.6626592370539715,True,True,True,True,True
simpson_increment,increment-after-environment-control,True,200,4,polynomial_ridge,24,82266290,-0.44508062701567547,4.0207450055761025e-11,0.7910288282988599,1.0672863433693676e-43,True,0.6495309568480301,0.002,0.013504169472822127,0.01012612920671909,0.016953466401135067,0.613821851215329,True,True,True,True,True
simpson_increment,increment-after-environment-control,True,200,4,polynomial_ridge,25,82266291,-0.32459161479036985,2.7422261076296226e-06,0.858173607500011,1.1575751052053426e-58,True,0.8001876172607881,0.002,0.020541589983946992,0.016985243616126196,0.023583578791364638,0.7784088129371594,True,True,True,True,True
simpson_increment,increment-after-environment-control,True,200,4,polynomial_ridge,26,82266292,-0.41367134178354464,1.140038800302064e-09,0.7907556307113709,1.1954775300961857e-43,True,0.8302063789868669,0.002,0.016280757602167954,0.012434564319348624,0.019972233018186264,0.6418183599975539,True,True,True,True,True
simpson_increment,increment-after-environment-control,True,200,4,polynomial_ridge,27,82266293,-0.4100262506562664,1.6444510313127663e-09,0.7944838129621743,2.505459757577934e-44,True,0.8422138836772984,0.002,0.015560182904553735,0.012077399012098816,0.01895671205161851,0.6559330220466759,True,True,True,True,True
simpson_increment,increment-after-environment-control,True,200,4,polynomial_ridge,28,82266294,-0.38728268206705174,1.4674861713802415e-08,0.8182271027753577,5.256287913810629e-49,True,0.7223264540337713,0.002,0.01739610468500874,0.01336193228264776,0.021396331184897623,0.6798150468216518,True,True,True,True,True
simpson_increment,increment-after-environment-control,True,200,4,polynomial_ridge,29,82266295,-0.3935963399084978,8.125574650093194e-09,0.8147065336811641,2.860687993117643e-48,True,0.8101313320825517,0.002,0.016991121656745663,0.013231408496341418,0.020595957134612475,0.6760558305572023,True,True,True,True,True
simpson_increment,increment-after-environment-control,True,200,4,polynomial_ridge,30,82266296,-0.3770119252981325,3.73923460225595e-08,0.8380730630908005,1.7859732971192875e-53,True,0.8354596622889308,0.002,0.019437730882864795,0.016253889811574204,0.023010691225209986,0.7369483890100581,True,True,True,True,True
simpson_increment,increment-after-environment-control,True,200,4,polynomial_ridge,31,82266297,-0.41900097502437567,6.619604113484784e-10,0.8268750852586185,6.974531402430262e-51,True,0.7908067542213886,0.002,0.01796496209151756,0.013311511100059273,0.02155347813633033,0.6930957243102839,True,True,True,True,True
simpson_increment,increment-after-environment-control,True,200,4,polynomial_ridge,32,82266298,-0.3398604965124129,8.497785211139438e-07,0.8123627848637983,8.662997264797902e-48,True,0.8602251407129458,0.002,0.015471941008109724,0.0122689725735108,0.018729242361151865,0.6741105989554745,True,True,True,True,True
simpson_increment,increment-after-environment-control,True,200,4,polynomial_ridge,33,82266299,-0.32828020700517513,2.0782247028254407e-06,0.8302408123606222,1.2148989410504151e-51,True,0.7827392120075047,0.002,0.01852128057686038,0.014365843998043576,0.023599793839927885,0.6954301714389513,True,True,True,True,True
simpson_increment,increment-after-environment-control,True,200,4,polynomial_ridge,34,82266300,-0.3798784969624241,2.8894471914091866e-08,0.7732304373572902,1.235322115905817e-40,True,0.7726078799249533,0.002,0.015712564970940496,0.0106559897338943,0.02101935720882107,0.5813648003940175,True,True,True,True,True
simpson_increment,increment-after-environment-control,True,200,4,polynomial_ridge,35,82266301,-0.36376509412735325,1.192207344292543e-07,0.8214584661248914,1.074380282318479e-49,True,0.8112570356472797,0.002,0.0179141654810291,0.01470259295905857,0.021451453260701914,0.6946531892208935,True,True,True,True,True
simpson_increment,increment-after-environment-control,True,200,4,polynomial_ridge,36,82266302,-0.4238445961149029,4.005557794207307e-10,0.7931173633918229,4.459095766897148e-44,True,0.7333958724202628,0.002,0.016681447857123007,0.01299490273355935,0.020500233318510964,0.6630368386742441,True,True,True,True,True
simpson_increment,increment-after-environment-control,True,200,4,polynomial_ridge,37,82266303,-0.35261681542038553,3.040139890626157e-07,0.8272508224348063,5.749128974464124e-51,True,0.7395872420262665,0.002,0.01978155975162657,0.015993301050988794,0.02392538229621548,0.7012012629071516,True,True,True,True,True
simpson_increment,increment-after-environment-control,True,200,4,polynomial_ridge,38,82266304,-0.2964194104852622,2.026918835444276e-05,0.8055828602815475,1.960932582246176e-46,True,0.8191369606003753,0.002,0.019508880345587565,0.01519963527983579,0.024759786690148958,0.6825181722147791,True,True,True,True,True
simpson_increment,increment-after-environment-control,True,200,4,polynomial_ridge,39,82266305,-0.4084182104552614,1.9302072800293976e-09,0.8258282162486317,1.19192093375075e-50,True,0.8033771106941839,0.002,0.01819518048476831,0.015483913722105494,0.021432443424627735,0.7136589326455721,True,True,True,True,True
simpson_increment,increment-after-environment-control,True,200,4,polynomial_ridge,40,82266306,-0.38525613140328513,1.7694377287321335e-08,0.8004928695427507,1.883487148170599e-45,True,0.7251407129455911,0.002,0.015053034991142487,0.011370701375059208,0.01855644011517118,0.6423978717564167,True,True,True,True,True
simpson_increment,increment-after-environment-control,True,200,4,polynomial_ridge,41,82266307,-0.4403015075376885,6.839905251474997e-11,0.7793390263702777,1.1818979159196953e-41,True,0.5626641651031896,0.002,0.015011221570236552,0.01159549312872783,0.018575971009924024,0.6041203090920477,True,True,True,True,True
simpson_increment,increment-after-environment-control,True,200,4,polynomial_ridge,42,82266308,-0.4459356483912098,3.652960203249087e-11,0.781053288224467,6.035173150186355e-42,True,0.852532833020638,0.002,0.016815059239608042,0.012558845566631654,0.02090898430837005,0.6561321105961262,True,True,True,True,True
simpson_increment,increment-after-environment-control,True,200,4,polynomial_ridge,43,82266309,-0.34767119177979455,4.5531804981888985e-07,0.8120477945363497,1.0042091124255964e-47,True,0.7369606003752346,0.002,0.01631013018377043,0.012704688509549093,0.01992142422311716,0.6881444347169853,True,True,True,True,True
simpson_increment,increment-after-environment-control,True,200,4,polynomial_ridge,44,82266310,-0.47370434260856525,1.3954605524015088e-12,0.8019038622787016,1.0126835252447647e-45,True,0.8502814258911822,0.002,0.014415481067557944,0.011121918757238072,0.017747937318338864,0.6310538606969536,True,True,True,True,True
simpson_increment,increment-after-environment-control,True,200,4,polynomial_ridge,45,82266311,-0.3907477686942174,1.0625495010584082e-08,0.8077164087487834,7.446388080848393e-47,True,0.7962476547842403,0.002,0.01744391592149981,0.01369435037528366,0.021519996177689918,0.65386297496127,True,True,True,True,True
simpson_increment,increment-after-environment-control,True,200,4,polynomial_ridge,46,82266312,-0.4232085802145054,4.280639308402163e-10,0.7869751603271002,5.6459603343741394e-43,True,0.729080675422139,0.002,0.015727139451624794,0.011638014054185146,0.02074735547289982,0.5879241714562337,True,True,True,True,True
simpson_increment,increment-after-environment-control,True,200,4,polynomial_ridge,47,82266313,-0.36508962724068106,1.0641739808141794e-07,0.8019463425680047,9.938632157738067e-46,True,0.75234521575985,0.002,0.01657942854337163,0.013609440792234383,0.019746149958273635,0.6603730884128859,True,True,True,True,True
simpson_increment,increment-after-environment-control,True,200,4,polynomial_ridge,48,82266314,-0.3507042676066902,3.55702711050547e-07,0.8113379830231162,1.399438060053674e-47,True,0.7409005628517824,0.002,0.015343525622004396,0.01240568539961629,0.01853148905425469,0.6442002664799756,True,True,True,True,True
simpson_increment,increment-after-environment-control,True,200,4,polynomial_ridge,49,82266315,-0.44120753018825476,6.188440092355972e-11,0.7764988002649764,3.551998386419338e-41,True,0.8039399624765479,0.002,0.014497674662656891,0.011160150093859322,0.017558663175044134,0.6238604044938634,True,True,True,True,True
simpson_increment,increment-after-environment-control,True,200,4,polynomial_ridge,50,82266316,-0.3641746043651092,1.1511216012741063e-07,0.8336367145156555,2.0029060120948886e-52,True,0.8461538461538464,0.002,0.018201785939744586,0.014456364000570125,0.022080669562431158,0.7050427658522496,True,True,True,True,True
simpson_increment,increment-after-environment-control,True,200,4,polynomial_ridge,51,82266317,-0.4443621090527264,4.3573995385169334e-11,0.7931619509807397,4.3763023620206044e-44,True,0.8386491557223266,0.002,0.014439222825863797,0.011232417379352894,0.01762975365368624,0.6296017975003184,True,True,True,True,True
simpson_increment,increment-after-environment-control,True,200,4,polynomial_ridge,52,82266318,-0.338871971799295,9.18500859199425e-07,0.8103209248808984,2.2460056701366876e-47,True,0.7960600375234523,0.002,0.019906459394220373,0.01579043427858297,0.024830807563179565,0.6902146370514728,True,True,True,True,True
simpson_increment,increment-after-environment-control,True,200,4,polynomial_ridge,53,82266319,-0.332748818720468,1.478069215792738e-06,0.8168661994180842,1.0162080552134802e-48,True,0.8410881801125705,0.002,0.018721323385497653,0.014805265341485425,0.022773078654669238,0.7001515841566225,True,True,True,True,True
simpson_increment,increment-after-environment-control,True,200,4,polynomial_ridge,54,82266320,-0.3215930398259957,3.4263393419861704e-06,0.8088420012808242,4.44597825552147e-47,True,0.8302063789868669,0.002,0.01797007871372898,0.013817907426289286,0.022203530171884877,0.6785374927102775,True,True,True,True,True
simpson_increment,increment-after-environment-control,True,200,4,polynomial_ridge,55,82266321,-0.35290332258306467,2.969197751087867e-07,0.8198822499979497,2.340044268770859e-49,True,0.7624765478424016,0.002,0.01643076546409599,0.013040181007479976,0.01935126069513531,0.6737001347543173,True,True,True,True,True
simpson_increment,increment-after-environment-control,True,200,4,polynomial_ridge,56,82266322,-0.38353858846471167,2.071456277360647e-08,0.8319247087645043,4.994935814864697e-52,True,0.7694183864915572,0.002,0.02009253785699501,0.015094312442065373,0.02524745859965525,0.711839638470535,True,True,True,True,True
simpson_increment,increment-after-environment-control,True,200,4,polynomial_ridge,57,82266323,-0.4360024000600015,1.095397076255612e-10,0.7854067041935987,1.065211951125962e-42,True,0.6450281425891183,0.002,0.014613713912848908,0.011061800106167906,0.018724289023295967,0.6173737529283052,True,True,True,True,True
simpson_increment,increment-after-environment-control,True,200,4,polynomial_ridge,58,82266324,-0.41282232055801404,1.2420769144760482e-09,0.8078064381257606,7.146369243945708e-47,True,0.8052532833020638,0.002,0.016424437100992367,0.013238203238402895,0.019692220091612343,0.6900758303258662,True,True,True,True,True
simpson_increment,increment-after-environment-control,True,200,4,polynomial_ridge,59,82266325,-0.36536113402835074,1.0396123827091964e-07,0.8182535635959595,5.189059254282514e-49,True,0.7604127579737338,0.002,0.018755780464348927,0.014536692974882293,0.023805577604418444,0.6671366317091642,True,True,True,True,True
simpson_increment,increment-after-environment-control,True,200,4,polynomial_ridge,60,82266326,-0.37898597464936634,3.1317881882592914e-08,0.8327111546140834,3.2868345451210032e-52,True,0.8061913696060039,0.002,0.016242393171758584,0.013055601566258518,0.01926095945434683,0.6845488662027817,True,True,True,True,True
simpson_increment,increment-after-environment-control,True,200,4,polynomial_ridge,61,82266327,-0.3516537913447837,3.2906923007823263e-07,0.8234828124820386,3.9089354991403257e-50,True,0.777110694183865,0.002,0.01605920560716466,0.012010946688510644,0.02030650107414271,0.6848633750483952,True,True,True,True,True
simpson_increment,increment-after-environment-control,True,200,4,polynomial_ridge,62,82266328,-0.4207200180004501,5.543679750662844e-10,0.8078142709090996,7.120838266270627e-47,True,0.6849906191369607,0.002,0.01572477779289548,0.011879837073282443,0.018777719466895968,0.6595067648317777,True,True,True,True,True
simpson_increment,increment-after-environment-control,True,200,4,polynomial_ridge,63,82266329,-0.4290857271431786,2.3049370264645036e-10,0.7935945076662679,3.6478742625392116e-44,True,0.7953095684803003,0.002,0.015766899600366126,0.01177726912634945,0.01995373743182191,0.6342155242026509,True,True,True,True,True
simpson_increment,increment-after-environment-control,True,200,4,polynomial_ridge,64,82266330,-0.35262131553288834,3.0390131658524537e-07,0.799643924949431,2.7293861339657072e-45,True,0.7953095684803003,0.002,0.016841973430518957,0.013899430020049073,0.020036859805749766,0.6836046398411272,True,True,True,True,True
simpson_increment,increment-after-environment-control,True,200,4,polynomial_ridge,65,82266331,-0.4630720768019201,5.0440182882184116e-12,0.7710097588833147,2.8472879026564382e-40,True,0.7801125703564729,0.002,0.014286566036913986,0.009992113074603886,0.018569265167912036,0.5855883797568524,True,True,True,True,True
simpson_increment,increment-after-environment-control,True,200,4,polynomial_ridge,66,82266332,-0.38827420685517144,1.3384882899594793e-08,0.8136130425516842,4.8064209168693415e-48,True,0.8187617260787995,0.002,0.016437915851692315,0.013376169821776333,0.019791096920556875,0.6735100729033869,True,True,True,True,True
simpson_increment,increment-after-environment-control,True,200,4,polynomial_ridge,67,82266333,-0.4183589589739744,7.071163246496394e-10,0.814200491733331,3.638671091666013e-48,True,0.7754221388367731,0.002,0.016565735242582022,0.012690605097499598,0.02027177986440818,0.6704410875861032,True,True,True,True,True
simpson_increment,increment-after-environment-control,True,200,4,polynomial_ridge,68,82266334,-0.4232745818645467,4.251263396293727e-10,0.8013371096305506,1.3001095299330283e-45,True,0.7424015009380863,0.002,0.013503467194460324,0.01084658295510806,0.016042852819297952,0.6044078148624944,True,True,True,True,True
simpson_increment,increment-after-environment-control,True,200,4,polynomial_ridge,69,82266335,-0.3819380484512114,2.397178600242457e-08,0.7933761430918984,3.999249897274369e-44,True,0.6893058161350845,0.002,0.015595695952390238,0.012666787394051795,0.018615577132832965,0.6293637213445876,True,True,True,True,True
simpson_increment,increment-after-environment-control,True,200,4,polynomial_ridge,70,82266336,-0.3575939398484963,2.0105339257466787e-07,0.85372027969264,1.9032935889083013e-57,True,0.7902439024390244,0.002,0.018789972426357486,0.015207968240854748,0.02234790969731262,0.7509647419691606,True,True,True,True,True
simpson_increment,increment-after-environment-control,True,200,4,polynomial_ridge,71,82266337,-0.3665536638415961,9.380318188232623e-08,0.7868593764786018,5.917925094094526e-43,True,0.7382739212007505,0.002,0.015289829037485181,0.011828578405428704,0.01887538534687987,0.6270569817335063,True,True,True,True,True
simpson_increment,increment-after-environment-control,True,200,4,polynomial_ridge,72,82266338,-0.4079696992424811,2.018116309535926e-09,0.7995255965479688,2.873812034570227e-45,True,0.7866791744840527,0.002,0.01629526439179247,0.01202918542242163,0.020421660430734255,0.6391440361359688,True,True,True,True,True
simpson_increment,increment-after-environment-control,True,200,4,polynomial_ridge,73,82266339,-0.40471161779044484,2.7835329297985536e-09,0.8028336713670172,6.709579375469052e-46,True,0.7686679174484053,0.002,0.017553613993436367,0.012700405130790519,0.022992634598281894,0.6673088706341719,True,True,True,True,True
simpson_increment,increment-after-environment-control,True,200,4,polynomial_ridge,74,82266340,-0.3680072001800045,8.270754499216396e-08,0.8079745743919341,6.61766758266554e-47,True,0.8060037523452158,0.002,0.01631112354034192,0.012488387071280091,0.02045405412513079,0.6597243095075217,True,True,True,True,True
simpson_increment,increment-after-environment-control,True,200,4,polynomial_ridge,75,82266341,-0.38485112127803195,1.8365787983272518e-08,0.8358527800894975,6.042028823024072e-53,True,0.803001876172608,0.002,0.017779539393197517,0.01461491494972299,0.021336348073693962,0.7167164396695939,True,True,True,True,True
simpson_increment,increment-after-environment-control,True,200,4,polynomial_ridge,76,82266342,-0.3625170629265732,1.3262882906928336e-07,0.8028344362783245,6.70730150897015e-46,True,0.7540337711069419,0.002,0.015524612991797831,0.011683568401367705,0.019577136103142424,0.6485001225585281,True,True,True,True,True
simpson_increment,increment-after-environment-control,True,200,4,polynomial_ridge,77,82266343,-0.43489987249681245,1.2347015644332642e-10,0.7681215553093655,8.318053401448046e-40,True,0.6994371482176361,0.002,0.013434541516320874,0.009614619700086943,0.017477991896095422,0.5725729932539031,True,True,True,True,True
simpson_increment,increment-after-environment-control,True,200,4,polynomial_ridge,78,82266344,-0.3832250806270157,2.1316994081758402e-08,0.8027615121642452,6.927935069834776e-46,True,0.7482176360225142,0.002,0.016588435861330846,0.013268906540290405,0.02006947759108981,0.6612474203340937,True,True,True,True,True
simpson_increment,increment-after-environment-control,True,200,4,polynomial_ridge,79,82266345,-0.41072976824420615,1.5327179618128142e-09,0.7955270546597825,1.6086619115683503e-44,True,0.7701688555347093,0.002,0.014967342997374341,0.011833937195798052,0.01794957628012833,0.6416663912549406,True,True,True,True,True
simpson_increment,increment-after-environment-control,True,200,4,polynomial_ridge,80,82266346,-0.48295357383934606,4.3988276506404303e-13,0.7676546184135707,9.877779751190833e-40,True,0.7135084427767355,0.002,0.012893655790216283,0.009860060769508622,0.016179684508943772,0.5768880148613669,True,True,True,True,True
simpson_increment,increment-after-environment-control,True,200,4,polynomial_ridge,81,82266347,-0.397286432160804,5.7186536013502915e-09,0.8086089293042199,4.948430772711036e-47,True,0.7484052532833022,0.002,0.017875558684129357,0.013749343893400908,0.022434172568280862,0.6723091207867951,True,True,True,True,True
simpson_increment,increment-after-environment-control,True,200,4,polynomial_ridge,82,82266348,-0.35134478361959054,3.3751966640429986e-07,0.8113544635057577,1.3887183862291214e-47,True,0.7407129455909944,0.002,0.01728806268828894,0.013686834979855254,0.020915935164794206,0.6850012030172389,True,True,True,True,True
simpson_increment,increment-after-environment-control,True,200,4,polynomial_ridge,83,82266349,-0.41629040726018157,8.738138139276262e-10,0.80488179044735,2.6884690004329117e-46,True,0.6696060037523454,0.002,0.016615378980258836,0.013691331419942238,0.01935024431639258,0.6728383780195044,True,True,True,True,True
simpson_increment,increment-after-environment-control,True,200,4,polynomial_ridge,84,82266350,-0.36304957623940604,1.267396565129706e-07,0.8144047530827798,3.302262107007007e-48,True,0.7630393996247656,0.002,0.016925969522252702,0.013904559664481193,0.020272483083652818,0.6790608880334257,True,True,True,True,True
simpson_increment,increment-after-environment-control,True,200,4,polynomial_ridge,85,82266351,-0.4173419335483387,7.848131674698183e-10,0.825014660475924,1.8031813865562242e-50,True,0.7909943714821764,0.002,0.01643582205277564,0.012581830437248415,0.021226214688579263,0.68313957523822,True,True,True,True,True
simpson_increment,increment-after-environment-control,True,200,4,polynomial_ridge,86,82266352,-0.36761269031725796,8.558756654470394e-08,0.8299233178902349,1.4349798934521287e-51,True,0.9135084427767356,0.002,0.021582970574673396,0.018044777133179323,0.02494145630748811,0.7422686702563701,True,True,True,True,True
simpson_increment,increment-after-environment-control,True,200,4,polynomial_ridge,87,82266353,-0.38260856521413045,2.25512819152616e-08,0.8183234739153553,5.015496471536548e-49,True,0.723452157598499,0.002,0.01701615934892993,0.013386942697613409,0.020755573602582483,0.6796665112654142,True,True,True,True,True
simpson_increment,increment-after-environment-control,True,200,4,polynomial_ridge,88,82266354,-0.3999384984624616,4.430868661534434e-09,0.8064839748283532,1.3046498691196573e-46,True,0.7067542213883679,0.002,0.0169906996819622,0.013332802582867277,0.02063178749377319,0.6595558268918383,True,True,True,True,True
simpson_increment,increment-after-environment-control,True,200,4,polynomial_ridge,89,82266355,-0.34297757443936105,6.638065406026504e-07,0.85010115594879,1.7311633560685264e-56,True,0.8898686679174486,0.002,0.01871026832475587,0.014298915382486175,0.023604444500681828,0.7405843849284282,True,True,True,True,True
simpson_increment,increment-after-environment-control,True,200,4,polynomial_ridge,90,82266356,-0.37320333008325207,5.246663476283957e-08,0.8133039802060467,5.562188947809891e-48,True,0.8450281425891184,0.002,0.01851616718516926,0.015164900862462678,0.022310432214617627,0.6856369787709233,True,True,True,True,True
simpson_increment,increment-after-environment-control,True,200,4,polynomial_ridge,91,82266357,-0.431790294757369,1.7266039388805068e-10,0.8232596600262517,4.372572327240789e-50,True,0.8675422138836774,0.002,0.016341452462370253,0.012987660547123626,0.019678006614691934,0.6747312122597482,True,True,True,True,True
simpson_increment,increment-after-environment-control,True,200,4,polynomial_ridge,92,82266358,-0.4527398184954624,1.6863410599591478e-11,0.7812814712338899,5.516173696001144e-42,True,0.8242026266416511,0.002,0.014623264919704913,0.010818938442067258,0.01843941551116757,0.6198484329905537,True,True,True,True,True
simpson_increment,increment-after-environment-control,True,200,4,polynomial_ridge,93,82266359,-0.4400150003750094,7.059425715900481e-11,0.7956333517934758,1.5374317108986378e-44,True,0.6542213883677299,0.002,0.013605710782021722,0.010524981830753786,0.016160176171592898,0.5883464849636837,True,True,True,True,True
simpson_increment,increment-after-environment-control,True,200,4,polynomial_ridge,94,82266360,-0.43991599789994756,7.136858612995855e-11,0.8270385672894961,6.412533775484398e-51,True,0.8429643527204504,0.002,0.016918039010132425,0.013852220284042992,0.019582520139285742,0.6904742237614202,True,True,True,True,True
simpson_increment,increment-after-environment-control,True,200,4,polynomial_ridge,95,82266361,-0.4509322733068327,2.0741984269868743e-11,0.7725937913708519,1.5709738457743648e-40,True,0.7495309568480302,0.002,0.01439517997800757,0.01151083863575669,0.01759773435988844,0.597376443637014,True,True,True,True,True
simpson_increment,increment-after-environment-control,True,200,4,polynomial_ridge,96,82266362,-0.43550438760969035,1.1563221256431611e-10,0.7742332203634956,8.446282279765612e-41,True,0.8067542213883677,0.002,0.01428715172515456,0.011158463114740455,0.017456889580459066,0.623107006039216,True,True,True,True,True
simpson_increment,increment-after-environment-control,True,200,4,polynomial_ridge,97,82266363,-0.4123348083702093,1.3046034816007153e-09,0.795472557767551,1.646433621402594e-44,True,0.7579737335834899,0.002,0.016734792793159998,0.01256362221370753,0.021428467252030087,0.643002209366752,True,True,True,True,True
simpson_increment,increment-after-environment-control,True,200,4,polynomial_ridge,98,82266364,-0.43683192079801997,1.0007637702588889e-10,0.7982218481705604,5.060580152471831e-45,True,0.8960600375234522,0.002,0.015585278883670454,0.01186415330689975,0.019480824465474517,0.6355053074300661,True,True,True,True,True
simpson_increment,increment-after-environment-control,True,200,4,polynomial_ridge,99,82266365,-0.3753633840846022,4.3319837336886256e-08,0.7952590970988744,1.802998235995125e-44,True,0.8716697936210133,0.002,0.020967548724101913,0.01570125369661528,0.02628889814140167,0.6692647112664144,True,True,True,True,True
simpson_increment,increment-after-environment-control,True,400,4,polynomial_ridge,0,84267666,-0.41389214932593327,5.496751101936155e-18,0.8046002828010042,1.1561821114423334e-91,True,0.7266760431317394,0.002,0.016402854988943866,0.013733285720351944,0.018947708323759558,0.6526234462708801,True,True,True,True,True
simpson_increment,increment-after-environment-control,True,400,4,polynomial_ridge,1,84267667,-0.37102994393714955,1.680610773894362e-14,0.8086612271365905,2.8067145931883934e-93,True,0.7310595405532115,0.002,0.016403827540726647,0.013959950221827548,0.01916146781716624,0.6870883371823691,True,True,True,True,True
simpson_increment,increment-after-environment-control,True,400,4,polynomial_ridge,2,84267668,-0.3243359645997787,2.992299677833203e-11,0.8371503512598635,8.203372714314921e-106,True,0.8322784810126583,0.002,0.01937957116284688,0.01626313922317293,0.022337364818031544,0.7360006181761883,True,True,True,True,True
simpson_increment,increment-after-environment-control,True,400,4,polynomial_ridge,3,84267669,-0.35365308533178325,3.151348256147718e-13,0.8153854146642895,4.868638378486706e-96,True,0.8438115330520395,0.002,0.016959342609718202,0.014338008902296813,0.019998634023124982,0.6871682092023512,True,True,True,True,True
simpson_increment,increment-after-environment-control,True,400,4,polynomial_ridge,4,84267670,-0.4183685523034519,2.2189575250561373e-18,0.7944972933201028,8.329918836866802e-88,True,0.8532348804500705,0.002,0.01594316654923144,0.013694227015609545,0.01836925677727331,0.6586871372935044,True,True,True,True,True
simpson_increment,increment-after-environment-control,True,400,4,polynomial_ridge,5,84267671,-0.3902446890293064,5.316937982623549e-16,0.8302112857815525,1.5147071864375792e-102,True,0.8144397562119081,0.002,0.017800424523442077,0.015277114480821686,0.020331533271881298,0.7171759631578857,True,True,True,True,True
simpson_increment,increment-after-environment-control,True,400,4,polynomial_ridge,6,84267672,-0.40339527122044505,4.3757264517207827e-17,0.7743706576188814,9.914001306879075e-81,True,0.7632676980778247,0.002,0.01575354816869738,0.01270018537595603,0.019017715745046765,0.6296505077400889,True,True,True,True,True
simpson_increment,increment-after-environment-control,True,400,4,polynomial_ridge,7,84267673,-0.3867249170307314,1.0182070182283809e-15,0.8224030165923011,4.820088719375756e-99,True,0.8252461322081577,0.002,0.017095790790068264,0.01479288334391291,0.020039459958449284,0.6895042653095986,True,True,True,True,True
simpson_increment,increment-after-environment-control,True,400,4,polynomial_ridge,8,84267674,-0.37285583034893965,1.2222884890662381e-14,0.8175672796549798,5.850792294079296e-97,True,0.8149554617909048,0.002,0.019723527214507354,0.01677749903104374,0.022662159564426604,0.6959831716916609,True,True,True,True,True
simpson_increment,increment-after-environment-control,True,400,4,polynomial_ridge,9,84267675,-0.37331220820130123,1.128420002467289e-14,0.7918818354876305,7.658495524654404e-87,True,0.7892639474917956,0.002,0.016801599348909794,0.014269697678914263,0.019442781004307935,0.6541389179787833,True,True,True,True,True
simpson_increment,increment-after-environment-control,True,400,4,polynomial_ridge,10,84267676,-0.3757191607447546,7.388193925677158e-15,0.8106517006923122,4.3902477188600973e-94,True,0.8397562119081108,0.002,0.01786346839643764,0.015202460647567742,0.020714758022933655,0.6826665997966661,True,True,True,True,True
simpson_increment,increment-after-environment-control,True,400,4,polynomial_ridge,11,84267677,-0.38686291789323685,9.927421610332372e-16,0.8150484726639371,6.736322055668227e-96,True,0.580872011251758,0.002,0.01631370310112618,0.013549072068179754,0.019089171141620703,0.6752356612120098,True,True,True,True,True
simpson_increment,increment-after-environment-control,True,400,4,polynomial_ridge,12,84267678,-0.4214825717660735,1.1711063853642499e-18,0.8089914972944907,2.0661736653036594e-93,True,0.7848570089076419,0.002,0.016217638170441875,0.013303309124250678,0.019092129194587106,0.6649761795735535,True,True,True,True,True
simpson_increment,increment-after-environment-control,True,400,4,polynomial_ridge,13,84267679,-0.39536215851349066,2.038570848712678e-16,0.8124242047830179,8.259083383059433e-95,True,0.7523909985935302,0.002,0.015256793753309184,0.012757879856517334,0.017979425757521678,0.6654689936472191,True,True,True,True,True
simpson_increment,increment-after-environment-control,True,400,4,polynomial_ridge,14,84267680,-0.42775879849249054,3.1649461867501763e-19,0.8138551053519197,2.1161844137063986e-95,True,0.7754805438349742,0.002,0.016711722658555975,0.0140019681425206,0.019478285843080635,0.6792177051762761,True,True,True,True,True
simpson_increment,increment-after-environment-control,True,400,4,polynomial_ridge,15,84267681,-0.38197269982937393,2.418083961530968e-15,0.8114439751575747,2.085109969899177e-94,True,0.7577590248476325,0.002,0.017110331271557838,0.014373688237108858,0.020061630273550967,0.6776511779361383,True,True,True,True,True
simpson_increment,increment-after-environment-control,True,400,4,polynomial_ridge,16,84267682,-0.41088913055706594,1.0025477660266457e-17,0.8146741991550657,9.654372401816023e-96,True,0.8213783403656821,0.002,0.016896479109593583,0.01425098139383414,0.019763196462969035,0.6789381033658061,True,True,True,True,True
simpson_increment,increment-after-environment-control,True,400,4,polynomial_ridge,17,84267683,-0.3482725517034482,7.536409108342356e-13,0.8210959238077926,1.7889745308020638e-98,True,0.8503750586029067,0.002,0.01786080448931884,0.015834672436374216,0.02037559401740483,0.7130603362127577,True,True,True,True,True
simpson_increment,increment-after-environment-control,True,400,4,polynomial_ridge,18,84267684,-0.43315058219113867,1.0061257082222527e-19,0.8044322914694825,1.3458845304706152e-91,True,0.7722222222222223,0.002,0.015609693877055122,0.013008532384881349,0.018089617626491895,0.663516253662936,True,True,True,True,True
simpson_increment,increment-after-environment-control,True,400,4,polynomial_ridge,19,84267685,-0.38398008737554606,1.6809075314984902e-15,0.8254566010859282,2.158010863998671e-100,True,0.7517346460384435,0.002,0.016971014039727835,0.014243227530930554,0.020010709715081936,0.7024668138110433,True,True,True,True,True
simpson_increment,increment-after-environment-control,True,400,4,polynomial_ridge,20,84267686,-0.4212382577391108,1.2316192304677762e-18,0.7994367305394312,1.154092301468399e-89,True,0.809423347398031,0.002,0.016732929243405345,0.014017181191650735,0.01942153818921452,0.6661250091865505,True,True,True,True,True
simpson_increment,increment-after-environment-control,True,400,4,polynomial_ridge,21,84267687,-0.40458065362908513,3.474516999826118e-17,0.7901583084699918,3.2473346790899724e-86,True,0.8012658227848102,0.002,0.01646547548813293,0.01347961541322215,0.01913014446096398,0.659068146103113,True,True,True,True,True
simpson_increment,increment-after-environment-control,True,400,4,polynomial_ridge,22,84267688,-0.36160313501959385,8.426914073115249e-14,0.8211897396926222,1.6288467235057472e-98,True,0.8184481950304736,0.002,0.017071016761994372,0.014407768413875215,0.020219109964859962,0.7047966952659064,True,True,True,True,True
simpson_increment,increment-after-environment-control,True,400,4,polynomial_ridge,23,84267689,-0.39482084263026646,2.2579167636287723e-16,0.7994783457296774,1.1126604569727743e-89,True,0.7942100328176279,0.002,0.015528077302852765,0.012951266508965959,0.01785738140687928,0.6538159050005439,True,True,True,True,True
simpson_increment,increment-after-environment-control,True,400,4,polynomial_ridge,24,84267690,-0.4033230832692704,4.437481727765016e-17,0.7931415006966047,2.6414174375605485e-87,True,0.7257383966244726,0.002,0.01473352151037677,0.01257125035962818,0.01705401084492234,0.6466485144213076,True,True,True,True,True
simpson_increment,increment-after-environment-control,True,400,4,polynomial_ridge,25,84267691,-0.38706148163426013,9.571951128267534e-16,0.7981128814996385,3.67616952358217e-89,True,0.746108766994843,0.002,0.01585574944573446,0.013118384197274886,0.01833212263052801,0.6507119528585354,True,True,True,True,True
simpson_increment,increment-after-environment-control,True,400,4,polynomial_ridge,26,84267692,-0.3540189001181257,2.9681687155613223e-13,0.8381526383149125,2.688432438636385e-106,True,0.8368729488982655,0.002,0.018413572365421158,0.016081175438965215,0.020951795078282823,0.7385106572201587,True,True,True,True,True
simpson_increment,increment-after-environment-control,True,400,4,polynomial_ridge,27,84267693,-0.38019743873399203,3.3283888198690982e-15,0.8310727794687216,6.0663854777992e-103,True,0.826629160806376,0.002,0.018715249177123725,0.015498160944669695,0.021836756893802097,0.717184185994672,True,True,True,True,True
simpson_increment,increment-after-environment-control,True,400,4,polynomial_ridge,28,84267694,-0.38236982731142066,2.250682434470634e-15,0.8144017333911251,1.2539671883237345e-95,True,0.7844116268166902,0.002,0.018165248159221804,0.015233483495450827,0.021486370994507197,0.6990465397294603,True,True,True,True,True
simpson_increment,increment-after-environment-control,True,400,4,polynomial_ridge,29,84267695,-0.4108484428027675,1.0107024671279698e-17,0.8221883402915453,5.98299090883199e-99,True,0.7806375996249414,0.002,0.0178320905016559,0.0150768662449436,0.020164555983031664,0.700382645437285,True,True,True,True,True
simpson_increment,increment-after-environment-control,True,400,4,polynomial_ridge,30,84267696,-0.3476296101850636,8.354710508425689e-13,0.8202079234107771,4.33402918051992e-98,True,0.7645804031879981,0.002,0.01703772246833523,0.014504405391739923,0.020011409029943042,0.6902602044624861,True,True,True,True,True
simpson_increment,increment-after-environment-control,True,400,4,polynomial_ridge,31,84267697,-0.35061950387189916,5.162730952187315e-13,0.824939479502825,3.6673170056984527e-100,True,0.8303797468354431,0.002,0.017963426914081256,0.015401128705856451,0.020311608661026888,0.7128950813466689,True,True,True,True,True
simpson_increment,increment-after-environment-control,True,400,4,polynomial_ridge,32,84267698,-0.4057347233420208,2.7733167524999806e-17,0.8033215954583064,3.66136889307568e-91,True,0.8444913267698079,0.002,0.01652929235931088,0.014143158045507304,0.018834468550836377,0.657671690991289,True,True,True,True,True
simpson_increment,increment-after-environment-control,True,400,4,polynomial_ridge,33,84267699,-0.39540078375489845,2.023745226792127e-16,0.7863795269278959,7.355346689628375e-85,True,0.6287154242850446,0.002,0.016402589482568158,0.01361996613680404,0.018834436689676392,0.6363599231566394,True,True,True,True,True
simpson_increment,increment-after-environment-control,True,400,4,polynomial_ridge,34,84267700,-0.40862017887611796,1.5724200935025246e-17,0.7764020174470506,2.069307233780356e-81,True,0.7478434130332866,0.002,0.015086870830405143,0.012232352391509261,0.017964010657726584,0.6196001023476715,True,True,True,True,True
simpson_increment,increment-after-environment-control,True,400,4,polynomial_ridge,35,84267701,-0.41558378489865555,3.907709639685179e-18,0.8000024562057607,7.015712170063965e-90,True,0.7247069854664792,0.002,0.01672375835665827,0.013409009804737845,0.01970365352966297,0.6675448616956915,True,True,True,True,True
simpson_increment,increment-after-environment-control,True,400,4,polynomial_ridge,36,84267702,-0.36197344983406143,7.917618733590144e-14,0.8121603653933909,1.0602784011029527e-94,True,0.7949132676980779,0.002,0.01758757697999865,0.014362920259467218,0.020717957177037432,0.6782889413208891,True,True,True,True,True
simpson_increment,increment-after-environment-control,True,400,4,polynomial_ridge,37,84267703,-0.37962649766561035,3.687075637443095e-15,0.8187223755987714,1.8838554331654493e-97,True,0.8080637599624942,0.002,0.01656737348544286,0.014007112483457703,0.019027094893312762,0.6820598931054882,True,True,True,True,True
simpson_increment,increment-after-environment-control,True,400,4,polynomial_ridge,38,84267704,-0.40785798661241635,1.827661383983269e-17,0.7896785366374247,4.843055205592128e-86,True,0.7759728082512893,0.002,0.0162123318652628,0.013504708326260363,0.01871217526370519,0.6551805174768469,True,True,True,True,True
simpson_increment,increment-after-environment-control,True,400,4,polynomial_ridge,39,84267705,-0.41605778786117414,3.550176548552612e-18,0.8124603128506973,7.981255604511794e-95,True,0.8336849507735583,0.002,0.01728630690030796,0.014761782549476044,0.01998362791005416,0.682690849892719,True,True,True,True,True
simpson_increment,increment-after-environment-control,True,400,4,polynomial_ridge,40,84267706,-0.37360039750248436,1.0728244394575621e-14,0.8239094604836296,1.0490723917723728e-99,True,0.849085794655415,0.002,0.017645381332962035,0.015196242922399425,0.01985272046224082,0.7087870971284636,True,True,True,True,True
simpson_increment,increment-after-environment-control,True,400,4,polynomial_ridge,41,84267707,-0.38293045581534885,2.0335606449439658e-15,0.8147826673989164,8.698871210338651e-96,True,0.809915611814346,0.002,0.01650044851730911,0.014186493054153329,0.01914317884628138,0.6806067198878738,True,True,True,True,True
simpson_increment,increment-after-environment-control,True,400,4,polynomial_ridge,42,84267708,-0.3467357920987006,9.63821358478206e-13,0.8173438921857353,7.277685358573227e-97,True,0.8340365682137835,0.002,0.017596628645364792,0.015073957614653112,0.020128245019540855,0.6866677994636411,True,True,True,True,True
simpson_increment,increment-after-environment-control,True,400,4,polynomial_ridge,43,84267709,-0.37027075169219803,1.9173958052987303e-14,0.8462017415210881,2.597564969496243e-110,True,0.8550164088138772,0.002,0.0207615788469485,0.017361736710937516,0.023912420727034617,0.7517253182577929,True,True,True,True,True
simpson_increment,increment-after-environment-control,True,400,4,polynomial_ridge,44,84267710,-0.3783771773573585,4.609336946508601e-15,0.8250864110085402,3.154940642454558e-100,True,0.6468120018752931,0.002,0.016553793665041748,0.014071961213684791,0.019273640409364093,0.7098201203068908,True,True,True,True,True
simpson_increment,increment-after-environment-control,True,400,4,polynomial_ridge,45,84267711,-0.39083663022893894,4.762920445239012e-16,0.8124563758464773,8.01109144030735e-95,True,0.844983591186123,0.002,0.01695779844573106,0.014265918147985626,0.01986254894876664,0.6695649211320243,True,True,True,True,True
simpson_increment,increment-after-environment-control,True,400,4,polynomial_ridge,46,84267712,-0.32232088950555937,4.0212270251845336e-11,0.8190224771843407,1.4015357044777051e-97,True,0.8184013127051103,0.002,0.019215195011970984,0.015726598587794363,0.022795099557962693,0.7038048899302779,True,True,True,True,True
simpson_increment,increment-after-environment-control,True,400,4,polynomial_ridge,47,84267713,-0.3965031031443946,1.64253022968625e-16,0.8256129131585924,1.837773385725862e-100,True,0.8117205813408346,0.002,0.017100460768984284,0.014217673943218647,0.02016409846527184,0.6899553037202653,True,True,True,True,True
simpson_increment,increment-after-environment-control,True,400,4,polynomial_ridge,48,84267714,-0.3861680385502409,1.1276401066044272e-15,0.8361209387926402,2.559654881973129e-105,True,0.7537505860290672,0.002,0.01799765211912125,0.015229621805290928,0.02078479046014369,0.7191377309037763,True,True,True,True,True
simpson_increment,increment-after-environment-control,True,400,4,polynomial_ridge,49,84267715,-0.3905203157519734,5.051517123195592e-16,0.8202553027037085,4.1346791263679496e-98,True,0.7537740271917488,0.002,0.016933541619299747,0.014206562701187296,0.019949275642598234,0.6903876865739623,True,True,True,True,True
simpson_increment,increment-after-environment-control,True,400,4,polynomial_ridge,50,84267716,-0.38934055837848985,6.287351258492528e-16,0.8060361753920958,3.136316092613508e-92,True,0.7997655883731833,0.002,0.01625174831191349,0.014175039224675858,0.018552275053021035,0.6806211966360411,True,True,True,True,True
simpson_increment,increment-after-environment-control,True,400,4,polynomial_ridge,51,84267717,-0.41571109819436364,3.808341878649729e-18,0.80331197865233,3.69312970806775e-91,True,0.7772620721987812,0.002,0.015138187224470238,0.01238886636259576,0.017757281723724684,0.653566635450701,True,True,True,True,True
simpson_increment,increment-after-environment-control,True,400,4,polynomial_ridge,52,84267718,-0.37000056250351554,2.009316078298316e-14,0.8213135268427919,1.4391619796017382e-98,True,0.7345991561181436,0.002,0.017673867595567168,0.015058087146081168,0.020744676912149713,0.7068769340203296,True,True,True,True,True
simpson_increment,increment-after-environment-control,True,400,4,polynomial_ridge,53,84267719,-0.37277726735792094,1.2392020519704219e-14,0.813926995902049,1.9756363481745704e-95,True,0.8200421940928271,0.002,0.01782474736728679,0.014775095915992182,0.020872851902657426,0.7026405422899379,True,True,True,True,True
simpson_increment,increment-after-environment-control,True,400,4,polynomial_ridge,54,84267720,-0.41065250407815046,1.0508950304837e-17,0.7902287480153983,3.061978375290338e-86,True,0.8652836380684482,0.002,0.016640241970414887,0.013726871061462543,0.019754909774023978,0.6445311719430494,True,True,True,True,True
simpson_increment,increment-after-environment-control,True,400,4,polynomial_ridge,55,84267721,-0.3972844205276283,1.4159933887010703e-16,0.8047567845180092,1.0034589249476879e-91,True,0.722456633849039,0.002,0.016560401110695004,0.01414433016340563,0.018934253395597126,0.6612544886231383,True,True,True,True,True
simpson_increment,increment-after-environment-control,True,400,4,polynomial_ridge,56,84267722,-0.37103294395589964,1.679734479580502e-14,0.8262015969214491,1.0021606303635628e-100,True,0.8702531645569621,0.002,0.017510529255567488,0.01494489312150562,0.02021138802050641,0.7030198019412471,True,True,True,True,True
simpson_increment,increment-after-environment-control,True,400,4,polynomial_ridge,57,84267723,-0.4231185194907468,8.3488212979342e-19,0.7614505910036233,1.4563099220882468e-76,True,0.7962259728082514,0.002,0.013819269266797145,0.0112045279086343,0.016430518809962408,0.5907070391481586,True,True,True,True,True
simpson_increment,increment-after-environment-control,True,400,4,polynomial_ridge,58,84267724,-0.3604920030750192,1.0155326696092578e-13,0.8167650877106124,1.2792762365439777e-96,True,0.850632911392405,0.002,0.017721204430112658,0.015022506084077467,0.020544717794527375,0.6932660067488893,True,True,True,True,True
simpson_increment,increment-after-environment-control,True,400,4,polynomial_ridge,59,84267725,-0.3657542234638966,4.1702860306023156e-14,0.8188984388290571,1.5838769990619642e-97,True,0.7468588842006565,0.002,0.01801505808856779,0.015591090022742267,0.020774311555609496,0.6998162959315608,True,True,True,True,True
simpson_increment,increment-after-environment-control,True,400,4,polynomial_ridge,60,84267726,-0.3786087413046331,4.422815549079113e-15,0.815637129859927,3.818318495655256e-96,True,0.8316221284575716,0.002,0.018097099891981383,0.015279566347871214,0.02117892202480266,0.6995295660566193,True,True,True,True,True
simpson_increment,increment-after-environment-control,True,400,4,polynomial_ridge,61,84267727,-0.3749607185044906,8.446198729903417e-15,0.8301235756107209,1.6621221886392104e-102,True,0.7901312705110174,0.002,0.01717168099470319,0.014629681730552076,0.0197314599201939,0.7050501281030042,True,True,True,True,True
simpson_increment,increment-after-environment-control,True,400,4,polynomial_ridge,62,84267728,-0.3995398721242007,9.205478504346733e-17,0.7829232129967199,1.2081632888961466e-83,True,0.6960150023441164,0.002,0.014768399313115316,0.012011645865573494,0.01735094817850061,0.6181216448375308,True,True,True,True,True
simpson_increment,increment-after-environment-control,True,400,4,polynomial_ridge,63,84267729,-0.4324977031106444,1.157162664570273e-19,0.7787908239968051,3.209519689292083e-82,True,0.8265353961556494,0.002,0.01588998826676713,0.013435825173808978,0.01843615856708594,0.6202803038001666,True,True,True,True,True
simpson_increment,increment-after-environment-control,True,400,4,polynomial_ridge,64,84267730,-0.37477265482909267,8.730718451462071e-15,0.8107296400762606,4.0808103757784935e-94,True,0.8044772620721987,0.002,0.017874505933698354,0.01543365436831802,0.020522677958234654,0.6894955602039371,True,True,True,True,True
simpson_increment,increment-after-environment-control,True,400,4,polynomial_ridge,65,84267731,-0.3556405977537359,2.2739866271419066e-13,0.8166937455920261,1.3711937036221738e-96,True,0.8083919362400376,0.002,0.01824019138748184,0.015573204664853124,0.021313068654016394,0.7133551535490629,True,True,True,True,True
simpson_increment,increment-after-environment-control,True,400,4,polynomial_ridge,66,84267732,-0.38664504153150947,1.0332379432730535e-15,0.7875084890173876,2.91512655072872e-85,True,0.7494842944210033,0.002,0.016307630879335906,0.0137326386952781,0.018935527435005223,0.6458498240743505,True,True,True,True,True
simpson_increment,increment-after-environment-control,True,400,4,polynomial_ridge,67,84267733,-0.3598704366902293,1.126891325587852e-13,0.8159561578356044,2.8046727443262744e-96,True,0.7353727144866385,0.002,0.017111206752212373,0.014534002448846879,0.019681659517565783,0.6888189189222964,True,True,True,True,True
simpson_increment,increment-after-environment-control,True,400,4,polynomial_ridge,68,84267734,-0.351964637278983,4.1505234703280654e-13,0.7966824102830079,1.2731174474300566e-88,True,0.7885138302859822,0.002,0.01794971668523701,0.015059674382089243,0.02080681831846619,0.6776723393125009,True,True,True,True,True
simpson_increment,increment-after-environment-control,True,400,4,polynomial_ridge,69,84267735,-0.3974332964581028,1.3764513117035379e-16,0.8345950856843719,1.3627556995337315e-104,True,0.8484060009376465,0.002,0.018569079703489397,0.01608390363461516,0.021017635781748895,0.7238273989840137,True,True,True,True,True
simpson_increment,increment-after-environment-control,True,400,4,polynomial_ridge,70,84267736,-0.3893823711398196,6.238865844020538e-16,0.8014737098651692,1.9081950950496032e-90,True,0.7849742147210501,0.002,0.01820578101656706,0.014976480862612489,0.021128230452684273,0.692790725261656,True,True,True,True,True
simpson_increment,increment-after-environment-control,True,400,4,polynomial_ridge,71,84267737,-0.3489109931937074,6.801574927311685e-13,0.8182747949569014,2.9252980846434893e-97,True,0.7784575714955462,0.002,0.01779632662855034,0.015022492603923307,0.02103470762579399,0.7000645469275789,True,True,True,True,True
simpson_increment,increment-after-environment-control,True,400,4,polynomial_ridge,72,84267738,-0.410710629441434,1.03881071215113e-17,0.8201661361069901,4.5177605942427005e-98,True,0.7637599624941397,0.002,0.015729630384686954,0.0134131045670089,0.018123726567943272,0.6759369212081272,True,True,True,True,True
simpson_increment,increment-after-environment-control,True,400,4,polynomial_ridge,73,84267739,-0.35428027675172963,2.843709800470317e-13,0.8268659177555141,5.041385660679615e-101,True,0.7845522737927803,0.002,0.018453331186157218,0.015963930808142162,0.02087193325819386,0.7116586458201057,True,True,True,True,True
simpson_increment,increment-after-environment-control,True,400,4,polynomial_ridge,74,84267740,-0.43670354189713684,4.67497865630213e-20,0.7865939175602974,6.172505443813282e-85,True,0.6885607126113455,0.002,0.015709727645288905,0.012916476062371365,0.01847643510112759,0.6307968893691815,True,True,True,True,True
simpson_increment,increment-after-environment-control,True,400,4,polynomial_ridge,75,84267741,-0.42507171919824494,5.56032539025427e-19,0.7638491908601697,2.5698689082033875e-77,True,0.7386544772620722,0.002,0.01492720095084754,0.012226718738755483,0.0179370893457034,0.6117771823208649,True,True,True,True,True
simpson_increment,increment-after-environment-control,True,400,4,polynomial_ridge,76,84267742,-0.4021152007200045,5.60735194405624e-17,0.8086222772110359,2.9098461560526333e-93,True,0.7389123300515705,0.002,0.016337147400282113,0.013685042717392747,0.019112811924527108,0.6700059461012865,True,True,True,True,True
simpson_increment,increment-after-environment-control,True,400,4,polynomial_ridge,77,84267743,-0.39369696060600373,2.7899368823396136e-16,0.789646074738765,4.975634505105276e-86,True,0.8122128457571496,0.002,0.015368798841931054,0.012967373769600872,0.01771495593828135,0.6462055847974381,True,True,True,True,True
simpson_increment,increment-after-environment-control,True,400,4,polynomial_ridge,78,84267744,-0.40080025500159366,7.226311018167277e-17,0.8172577514138644,7.916008884700259e-97,True,0.8512892639474919,0.002,0.01803968021693579,0.015455962161492356,0.02097436158451888,0.6976185470744457,True,True,True,True,True
simpson_increment,increment-after-environment-control,True,400,4,polynomial_ridge,79,84267745,-0.4017655110344439,5.99930038508587e-17,0.8051137998703323,7.25996128378619e-92,True,0.7610173464603844,0.002,0.016539021108999775,0.013843139765006007,0.019009506059823048,0.6675755283942784,True,True,True,True,True
simpson_increment,increment-after-environment-control,True,400,4,polynomial_ridge,80,84267746,-0.39958430990193683,9.12740625248162e-17,0.7588027879467795,9.651526662087924e-76,True,0.835630567276137,0.002,0.014225624155879673,0.01171131731969401,0.016610178405171303,0.5687210943160909,True,True,True,True,True
simpson_increment,increment-after-environment-control,True,400,4,polynomial_ridge,81,84267747,-0.3665398533740835,3.646257372531641e-14,0.8260072883201084,1.2245408978101394e-100,True,0.7790904828879514,0.002,0.017368082590562217,0.014945354370603818,0.02035906256414661,0.7095971093227827,True,True,True,True,True
simpson_increment,increment-after-environment-control,True,400,4,polynomial_ridge,82,84267748,-0.4111141319633247,9.58607072913786e-18,0.8199876877776962,5.39351178366155e-98,True,0.7969995311767465,0.002,0.016838978616490925,0.014596696941518389,0.019477985413919367,0.6936755271501048,True,True,True,True,True
simpson_increment,increment-after-environment-control,True,400,4,polynomial_ridge,83,84267749,-0.3319560122250764,9.593416373637993e-12,0.8126649822324674,6.573196427553456e-95,True,0.7888185654008439,0.002,0.01855532912742095,0.015767058930921802,0.02131384648343049,0.6861266792247079,True,True,True,True,True
simpson_increment,increment-after-environment-control,True,400,4,polynomial_ridge,84,84267750,-0.4240940880880505,6.817095972716531e-19,0.8146654705882679,9.735650403131882e-96,True,0.7269104547585561,0.002,0.016504684430907378,0.013856137622819032,0.018875900959661483,0.6860881907978349,True,True,True,True,True
simpson_increment,increment-after-environment-control,True,400,4,polynomial_ridge,85,84267751,-0.3842485890536816,1.6008016084914165e-15,0.8311006995433645,5.888614728037108e-103,True,0.7782231598687297,0.002,0.018539843254331903,0.015986325480672664,0.021397664647268617,0.7295091696035263,True,True,True,True,True
simpson_increment,increment-after-environment-control,True,400,4,polynomial_ridge,86,84267752,-0.4215435096469353,1.1564747017404627e-18,0.8061092689751869,2.9339320693960685e-92,True,0.8439521800281293,0.002,0.016128957775064796,0.013416833935285501,0.019187645857708113,0.6625142605915799,True,True,True,True,True
simpson_increment,increment-after-environment-control,True,400,4,polynomial_ridge,87,84267753,-0.40368814805092523,4.1337243854218874e-17,0.7974556881344256,6.513007200361935e-89,True,0.8079231129864042,0.002,0.016452311630855934,0.013817153302315583,0.019002838507443998,0.6590973930953362,True,True,True,True,True
simpson_increment,increment-after-environment-control,True,400,4,polynomial_ridge,88,84267754,-0.39360508503178143,2.8385102292028244e-16,0.7770465373505632,1.2544019125142874e-81,True,0.7443506797937178,0.002,0.014586623440688114,0.012665521624693362,0.01661212154866775,0.6211341542440485,True,True,True,True,True
simpson_increment,increment-after-environment-control,True,400,4,polynomial_ridge,89,84267755,-0.3501886261789136,5.535326690782522e-13,0.833924817788585,2.8255000910671006e-104,True,0.8885138302859822,0.002,0.016822142110377445,0.014953098030341169,0.018672441493334052,0.7096220582037935,True,True,True,True,True
simpson_increment,increment-after-environment-control,True,400,4,polynomial_ridge,90,84267756,-0.3854266589166182,1.2914059571275576e-15,0.8248494899532078,4.0211189413012195e-100,True,0.7403187998124708,0.002,0.016051472453095073,0.013448980300803765,0.01862029867585285,0.6950979338772114,True,True,True,True,True
simpson_increment,increment-after-environment-control,True,400,4,polynomial_ridge,91,84267757,-0.38551290945568406,1.2712151210216045e-15,0.81089162866625,3.5053038434219795e-94,True,0.8218002812939522,0.002,0.01731841971803943,0.01437355919764689,0.020325451289014407,0.6850706015843272,True,True,True,True,True
simpson_increment,increment-after-environment-control,True,400,4,polynomial_ridge,92,84267758,-0.36444809030056435,5.20918150760697e-14,0.8181077847998884,3.4462794215175095e-97,True,0.7501875293014534,0.002,0.01747921276845634,0.014645685039129911,0.02023287708830739,0.6956019002893583,True,True,True,True,True
simpson_increment,increment-after-environment-control,True,400,4,polynomial_ridge,93,84267759,-0.3839641497759361,1.6857841454743352e-15,0.8329649449700841,7.982603459869e-104,True,0.7787388654477262,0.002,0.018236619036867616,0.015628482462000645,0.021099319616837132,0.7137988188163529,True,True,True,True,True
simpson_increment,increment-after-environment-control,True,400,4,polynomial_ridge,94,84267760,-0.3699973749835936,2.010425863250157e-14,0.8282562747183736,1.185522871581867e-101,True,0.844772620721988,0.002,0.018709344535023494,0.01588305633424211,0.021397626251064596,0.7181266846959031,True,True,True,True,True
simpson_increment,increment-after-environment-control,True,400,4,polynomial_ridge,95,84267761,-0.41131775823598893,9.204763621408646e-18,0.8057756125116164,3.9773189188067155e-92,True,0.7881387716830756,0.002,0.016305968966538503,0.013578090561975814,0.01899871835357571,0.6603267497851948,True,True,True,True,True
simpson_increment,increment-after-environment-control,True,400,4,polynomial_ridge,96,84267762,-0.38643129019556366,1.074540846571264e-15,0.784255156480772,4.1339275078146155e-84,True,0.672737927801219,0.002,0.015684204105332437,0.012849355975219032,0.018443125362581376,0.6378595440329334,True,True,True,True,True
simpson_increment,increment-after-environment-control,True,400,4,polynomial_ridge,97,84267763,-0.3967836048975305,1.5573776757994035e-16,0.8108874047269099,3.5192328640181323e-94,True,0.7958040318799813,0.002,0.018026864338391776,0.015195564415624781,0.02094875520499588,0.6922193948069523,True,True,True,True,True
simpson_increment,increment-after-environment-control,True,400,4,polynomial_ridge,98,84267764,-0.4034805842536516,4.3038311096623076e-17,0.8191701450505284,1.2114758666766247e-97,True,0.9082044069385843,0.002,0.016076924723567698,0.013381024994325965,0.018851385318923063,0.6689772076343719,True,True,True,True,True
simpson_increment,increment-after-environment-control,True,400,4,polynomial_ridge,99,84267765,-0.40862280389252426,1.571604655958829e-17,0.804223661507024,1.6250306856752014e-91,True,0.8909985935302391,0.002,0.01693181494969322,0.01443343050971867,0.01984117913076763,0.6852824526352795,True,True,True,True,True
simpson_increment,increment-after-environment-control,True,800,4,polynomial_ridge,0,88270466,-0.38108091575143094,4.7423432149688927e-29,0.8233619692479593,5.039954113109096e-198,True,0.8099671862182117,0.002,0.017824217243101646,0.016066088421781338,0.019885852546030054,0.7070055430314335,True,True,True,True,True
simpson_increment,increment-after-environment-control,True,800,4,polynomial_ridge,1,88270467,-0.39210262828535675,8.46389786015018e-31,0.8313556660144245,2.815846197701432e-205,True,0.8203328255009961,0.002,0.01680369163470357,0.014938567948816957,0.01861472510587477,0.7137117101468048,True,True,True,True,True
simpson_increment,increment-after-environment-control,True,800,4,polynomial_ridge,2,88270468,-0.39034989898421724,1.6221028218218678e-30,0.8073844925051121,1.436194801596418e-184,True,0.8438356967069025,0.002,0.016404919290678006,0.014617476539882943,0.01861592845815692,0.6752806464354113,True,True,True,True,True
simpson_increment,increment-after-environment-control,True,800,4,polynomial_ridge,3,88270469,-0.38484207787824676,1.2212751357780688e-29,0.8030763471825888,3.719349121131929e-181,True,0.7605179889839447,0.002,0.01594603774081697,0.014261953663034711,0.017643296509608924,0.6596564765321752,True,True,True,True,True
simpson_increment,increment-after-environment-control,True,800,4,polynomial_ridge,4,88270470,-0.3802093909521734,6.477722186297126e-29,0.8091901266981032,5.021816788444638e-186,True,0.8002724715809211,0.002,0.015398302562125765,0.013687000271692406,0.017220407815893266,0.658491101980522,True,True,True,True,True
simpson_increment,increment-after-environment-control,True,800,4,polynomial_ridge,5,88270471,-0.3984223022223473,7.847393686001622e-32,0.8191984950929091,2.169596805363266e-194,True,0.817262393062229,0.002,0.016485168056234144,0.014870597201621212,0.018296759962717315,0.6938488511805522,True,True,True,True,True
simpson_increment,increment-after-environment-control,True,800,4,polynomial_ridge,6,88270472,-0.3716475416367839,1.3189873506083342e-27,0.8166789323491195,3.0921916701044014e-192,True,0.8047726473690378,0.002,0.01702393019023269,0.01526188880720509,0.01889616108639456,0.6823473122319552,True,True,True,True,True
simpson_increment,increment-after-environment-control,True,800,4,polynomial_ridge,7,88270473,-0.4049320311437987,6.415469730353194e-33,0.8206099550172726,1.3032179144316258e-195,True,0.7999531231688737,0.002,0.017350710713621497,0.01538274308584818,0.019292512875488072,0.6971047519300092,True,True,True,True,True
simpson_increment,increment-after-environment-control,True,800,4,polynomial_ridge,8,88270474,-0.37105440789751243,1.6198243037690086e-27,0.8163629540512416,5.7284803204981615e-192,True,0.7466863939997657,0.002,0.017062032497777033,0.015113496734582704,0.019094973717153917,0.6928185421913785,True,True,True,True,True
simpson_increment,increment-after-environment-control,True,800,4,polynomial_ridge,9,88270475,-0.37996376556838374,7.071587232697359e-29,0.8139128913827659,6.560138643710799e-190,True,0.8052238368686278,0.002,0.01695601301975053,0.0150787824419215,0.01910471715433131,0.691143997675496,True,True,True,True,True
simpson_increment,increment-after-environment-control,True,800,4,polynomial_ridge,10,88270476,-0.40365780259031664,1.0519643929571495e-32,0.8117811527712925,3.83378716665805e-188,True,0.8418727294034924,0.002,0.01659673621463092,0.015000242930446654,0.018152234849894852,0.6782452167664111,True,True,True,True,True
simpson_increment,increment-after-environment-control,True,800,4,polynomial_ridge,11,88270477,-0.40220577688402637,1.8433517635377132e-32,0.8182486315699573,1.420087914880931e-193,True,0.7792452830188679,0.002,0.01673642444217832,0.014928599732495353,0.018646234140855936,0.6804629281704628,True,True,True,True,True
simpson_increment,increment-after-environment-control,True,800,4,polynomial_ridge,12,88270478,-0.4245696868276357,2.3840565510256422e-36,0.8059957580122081,1.8486139392186249e-183,True,0.7491474276338919,0.002,0.015643279481409082,0.01382087341565642,0.017410579108099275,0.6617552163861811,True,True,True,True,True
simpson_increment,increment-after-environment-control,True,800,4,polynomial_ridge,13,88270479,-0.38658501028907866,6.474021611575358e-30,0.8215527874135298,1.9640784198894309e-196,True,0.8117455759990624,0.002,0.0170070465193934,0.015080462968787779,0.018897985635046056,0.6973833547873284,True,True,True,True,True
simpson_increment,increment-after-environment-control,True,800,4,polynomial_ridge,14,88270480,-0.4150576094650148,1.1671408292126018e-34,0.8107674442502445,2.6053351052492446e-187,True,0.7561877417086603,0.002,0.016268229574039644,0.014380466522103936,0.01808243427522128,0.6725588548583349,True,True,True,True,True
simpson_increment,increment-after-environment-control,True,800,4,polynomial_ridge,15,88270481,-0.3787937871777925,1.0728167291481718e-28,0.8019264762376926,2.932120464488252e-180,True,0.7867660846126803,0.002,0.01644134364180667,0.014619556792897611,0.018161972457956012,0.6731089473626134,True,True,True,True,True
simpson_increment,increment-after-environment-control,True,800,4,polynomial_ridge,16,88270482,-0.35924587382167783,8.863510412242336e-26,0.8206003341949522,1.3285517987463795e-195,True,0.8171246923707958,0.002,0.016862239879729398,0.01501661561443071,0.01880419812386312,0.695473898990809,True,True,True,True,True
simpson_increment,increment-after-environment-control,True,800,4,polynomial_ridge,17,88270483,-0.38316762994942183,2.2390382351632544e-29,0.8263982779353783,9.804231224185517e-201,True,0.8433347005742412,0.002,0.01747176681099613,0.015633378483991912,0.01943172842026915,0.7063407688117394,True,True,True,True,True
simpson_increment,increment-after-environment-control,True,800,4,polynomial_ridge,18,88270484,-0.3823663708849545,2.9887675579043173e-29,0.8068329581772615,3.971762710277886e-184,True,0.7349144497831946,0.002,0.017133016606410825,0.01515682985273273,0.01910989119425159,0.6727763534371296,True,True,True,True,True
simpson_increment,increment-after-environment-control,True,800,4,polynomial_ridge,19,88270485,-0.40192769051201643,2.051755251096043e-32,0.8212719257183966,3.4553372178651026e-196,True,0.8688825735380288,0.002,0.01687074573682187,0.014948485019414327,0.019052659020395747,0.7058857132207016,True,True,True,True,True
simpson_increment,increment-after-environment-control,True,800,4,polynomial_ridge,20,88270486,-0.41513935959274934,1.1293541118263207e-34,0.7742928332758611,2.427710058761477e-160,True,0.7719588655806867,0.002,0.014533022346888462,0.012647324135065224,0.016511662386418047,0.6199074008752629,True,True,True,True,True
simpson_increment,increment-after-environment-control,True,800,4,polynomial_ridge,21,88270487,-0.39927144417413163,5.67853629970821e-32,0.8216898770723876,1.4902345744499159e-196,True,0.7672389546466658,0.002,0.01695739515854584,0.015123576207123143,0.018918172816399872,0.6967625191681011,True,True,True,True,True
simpson_increment,increment-after-environment-control,True,800,4,polynomial_ridge,22,88270488,-0.3991225923790507,6.010258489767902e-32,0.796955419238476,1.891584802509731e-176,True,0.7748915973280206,0.002,0.015505492493243279,0.013700025843030381,0.01745281230627547,0.6611873679297644,True,True,True,True,True
simpson_increment,increment-after-environment-control,True,800,4,polynomial_ridge,23,88270489,-0.3911520018000029,1.2050509160441688e-30,0.8136420004569693,1.1032627701245923e-189,True,0.8033897808508145,0.002,0.01855920477027091,0.016262796946390583,0.021188912159215006,0.6961268404154795,True,True,True,True,True
simpson_increment,increment-after-environment-control,True,800,4,polynomial_ridge,24,88270490,-0.38787733262083224,4.033882393952177e-30,0.806710615446236,4.974900742710224e-184,True,0.807497363178249,0.002,0.01535043100801337,0.013683185125867784,0.017035485769056672,0.6617674761565507,True,True,True,True,True
simpson_increment,increment-after-environment-control,True,800,4,polynomial_ridge,25,88270491,-0.39796993432802247,9.319713890484111e-32,0.8109570541424737,1.8221336974358286e-187,True,0.8059181999296847,0.002,0.016755550605084164,0.01520239945089539,0.018467251326864564,0.6994143359452036,True,True,True,True,True
simpson_increment,increment-after-environment-control,True,800,4,polynomial_ridge,26,88270492,-0.3973305114539242,1.1878510025372887e-31,0.8015454918956508,5.794087326972803e-180,True,0.7952595804523613,0.002,0.01630342161518927,0.014596244373501887,0.018173097328452768,0.6658527616955832,True,True,True,True,True
simpson_increment,increment-after-environment-control,True,800,4,polynomial_ridge,27,88270493,-0.3618100809532515,3.769786613317502e-26,0.8189623596571047,3.464720578960037e-194,True,0.7729169108168288,0.002,0.016825500416592122,0.01508856904231136,0.018855870446988696,0.6967475145764891,True,True,True,True,True
simpson_increment,increment-after-environment-control,True,800,4,polynomial_ridge,28,88270494,-0.36630486141384594,8.265941151780738e-27,0.8237268036460741,2.3957341068699754e-198,True,0.8650826204148601,0.002,0.017577704628772686,0.015968535841179948,0.019631027080843747,0.6997552354627534,True,True,True,True,True
simpson_increment,increment-after-environment-control,True,800,4,polynomial_ridge,29,88270495,-0.3606144384600601,5.621635823495093e-26,0.8248844771312885,2.236596354971812e-199,True,0.8494960740653932,0.002,0.0179886489714741,0.01588034985450051,0.0199067462806974,0.7175847175298338,True,True,True,True,True
simpson_increment,increment-after-environment-control,True,800,4,polynomial_ridge,30,88270496,-0.3841854284147319,1.5496387031932784e-29,0.8154841503642609,3.1627237285979704e-191,True,0.8015264268135475,0.002,0.017445619208723673,0.015365199672950566,0.019564916784969334,0.6857215533897115,True,True,True,True,True
simpson_increment,increment-after-environment-control,True,800,4,polynomial_ridge,31,88270497,-0.3891175533086771,2.556772770783043e-30,0.8161950698075856,7.945130728058998e-192,True,0.8487636235790461,0.002,0.0166050004167186,0.014803398971423604,0.018493213493775442,0.6888847622333707,True,True,True,True,True
simpson_increment,increment-after-environment-control,True,800,4,polynomial_ridge,32,88270498,-0.3756829229420671,3.222839673580784e-28,0.8142382775736157,3.5094597368774666e-190,True,0.7815568967537795,0.002,0.016540817768861765,0.01470062733518127,0.018397962749031622,0.6801126485788509,True,True,True,True,True
simpson_increment,increment-after-environment-control,True,800,4,polynomial_ridge,33,88270499,-0.404944945226477,6.383325747816679e-33,0.7826805416008211,4.4661165545437804e-166,True,0.8095189265205672,0.002,0.014998084351174772,0.013240129691397887,0.016854946693836904,0.6370471807609351,True,True,True,True,True
simpson_increment,increment-after-environment-control,True,800,4,polynomial_ridge,34,88270500,-0.3737539668030732,6.336658728991127e-28,0.823998276306058,1.3760020758833763e-198,True,0.7817942107113559,0.002,0.018795341618704244,0.016848349425822157,0.02112596239289656,0.7170303907237991,True,True,True,True,True
simpson_increment,increment-after-environment-control,True,800,4,polynomial_ridge,35,88270501,-0.410605040007875,6.913037733035695e-34,0.8093966594425002,3.4141920183415185e-186,True,0.7324651353568498,0.002,0.016599554721822552,0.014463347194611995,0.01878183761108501,0.6713757350588838,True,True,True,True,True
simpson_increment,increment-after-environment-control,True,800,4,polynomial_ridge,36,88270502,-0.3858664154162741,8.41431811733505e-30,0.8128158837970524,5.356818140050768e-189,True,0.8476122114145084,0.002,0.017274445440136142,0.015339521260674142,0.019122028467088003,0.6900874325821728,True,True,True,True,True
simpson_increment,increment-after-environment-control,True,800,4,polynomial_ridge,37,88270503,-0.408629630671298,1.5090405180541213e-33,0.7895049136492484,6.189525630073074e-171,True,0.7561144966600258,0.002,0.016308284990572262,0.014223575531737413,0.018448408301284174,0.6530409027592347,True,True,True,True,True
simpson_increment,increment-after-environment-control,True,800,4,polynomial_ridge,38,88270504,-0.3893308583294662,2.3634555690578407e-30,0.8241361816767789,1.0378302403525249e-198,True,0.7769278096800657,0.002,0.01639553659333829,0.014700207644590037,0.018111137697362528,0.6962994534694064,True,True,True,True,True
simpson_increment,increment-after-environment-control,True,800,4,polynomial_ridge,39,88270505,-0.428641138501779,4.338553768585602e-37,0.81318028257895,2.6707544347470856e-189,True,0.8192634477909294,0.002,0.015919941794412112,0.014150823697501862,0.01762767726244346,0.6725326932266511,True,True,True,True,True
simpson_increment,increment-after-environment-control,True,800,4,polynomial_ridge,40,88270506,-0.37966331978643714,7.871717539450105e-29,0.8150735996620262,7.004092443395205e-191,True,0.7877856556896754,0.002,0.017355684548213596,0.015404114278390592,0.01932770860123657,0.6903124595384484,True,True,True,True,True
simpson_increment,increment-after-environment-control,True,800,4,polynomial_ridge,41,88270507,-0.38965455414774086,2.09741344498755e-30,0.8127190287985234,6.443736429176129e-189,True,0.8301242236024844,0.002,0.01666174607807833,0.014942886763961884,0.01858513263903142,0.68419319190481,True,True,True,True,True
simpson_increment,increment-after-environment-control,True,800,4,polynomial_ridge,42,88270508,-0.4027459652280707,1.496653466772882e-32,0.8040640804274455,6.243599408376011e-182,True,0.8420162896988164,0.002,0.016466401107057053,0.014680882614315235,0.018355424138238118,0.6722408875417626,True,True,True,True,True
simpson_increment,increment-after-environment-control,True,800,4,polynomial_ridge,43,88270509,-0.3997319214561273,4.7630004922265937e-32,0.8142955368685246,3.14324123098269e-190,True,0.8008818703855619,0.002,0.01629402091440872,0.014546232736504495,0.01806732216100857,0.6903143544151201,True,True,True,True,True
simpson_increment,increment-after-environment-control,True,800,4,polynomial_ridge,44,88270510,-0.4004080943876475,3.6773978559046017e-32,0.8002794781727628,5.5121927662424876e-179,True,0.7288966365873667,0.002,0.015306884407181472,0.013496848683422573,0.016932529033293158,0.657059413996854,True,True,True,True,True
simpson_increment,increment-after-environment-control,True,800,4,polynomial_ridge,45,88270511,-0.3757682355753681,3.1275686202677033e-28,0.8070759862002072,2.5380368913482147e-184,True,0.7632251259814836,0.002,0.0158933517153587,0.014183723142211543,0.017737726077070998,0.6732651986139676,True,True,True,True,True
simpson_increment,increment-after-environment-control,True,800,4,polynomial_ridge,46,88270512,-0.38097788434044433,4.920676051544459e-29,0.8225077536019251,2.8559987172779373e-197,True,0.7992060236727998,0.002,0.01806493596778236,0.01559686154828103,0.01998592716394056,0.705390350055897,True,True,True,True,True
simpson_increment,increment-after-environment-control,True,800,4,polynomial_ridge,47,88270513,-0.39621338470841366,1.8125146270732577e-31,0.8240633187159498,1.2046456417860908e-198,True,0.8276895581858666,0.002,0.017200710877169033,0.015393059332252136,0.01902010806846084,0.710752524317453,True,True,True,True,True
simpson_increment,increment-after-environment-control,True,800,4,polynomial_ridge,48,88270514,-0.3882309112982989,3.54284505598826e-30,0.8181392637926833,1.7617956590246217e-193,True,0.7899947263564984,0.002,0.01714043450412208,0.015373261167044086,0.01902142180313103,0.6956465755701416,True,True,True,True,True
simpson_increment,increment-after-environment-control,True,800,4,polynomial_ridge,49,88270515,-0.4262766660572908,1.1703336786086018e-36,0.7992060857291384,3.675370209728909e-178,True,0.8033546232274699,0.002,0.016136616607619204,0.014185707861899825,0.01819257659853129,0.6624394375465714,True,True,True,True,True
simpson_increment,increment-after-environment-control,True,800,4,polynomial_ridge,50,88270516,-0.4029427233480053,1.387141908724571e-32,0.8048584983820664,1.4752550682220578e-182,True,0.7691228172975507,0.002,0.015848784474567605,0.014216747943102945,0.01755322456105454,0.6739178058276181,True,True,True,True,True
simpson_increment,increment-after-environment-control,True,800,4,polynomial_ridge,51,88270517,-0.4058043059442281,4.5673876234433893e-33,0.8001079225167786,7.47059031489435e-179,True,0.8226649478495253,0.002,0.01568711559510766,0.014296932741772636,0.017401264486387583,0.6657446758693486,True,True,True,True,True
simpson_increment,increment-after-environment-control,True,800,4,polynomial_ridge,52,88270518,-0.4000634688491701,4.195941625917165e-32,0.8134622279643524,1.557045103520631e-189,True,0.875331067619829,0.002,0.016805522697480445,0.015196689482235091,0.018641313114806667,0.6829617348000329,True,True,True,True,True
simpson_increment,increment-after-environment-control,True,800,4,polynomial_ridge,53,88270519,-0.37714392522488327,1.9254315746289404e-28,0.815374460320228,3.91200789385538e-191,True,0.8174469705847884,0.002,0.016907066841708975,0.015065516165435819,0.018858652029677545,0.6868749290021491,True,True,True,True,True
simpson_increment,increment-after-environment-control,True,800,4,polynomial_ridge,54,88270520,-0.40363832599738436,1.059928616764223e-32,0.8001596678312755,6.816240726228851e-179,True,0.7794181413336458,0.002,0.017322254065271204,0.015164579486585398,0.019323553407255174,0.6749424920753182,True,True,True,True,True
simpson_increment,increment-after-environment-control,True,800,4,polynomial_ridge,55,88270521,-0.37549139139279913,3.447321550405111e-28,0.8078262788223464,6.343317240785764e-185,True,0.7816330716043596,0.002,0.01697553149367042,0.014976216555785777,0.019297197340781634,0.6803793465496873,True,True,True,True,True
simpson_increment,increment-after-environment-control,True,800,4,polynomial_ridge,56,88270522,-0.40450877266995733,7.562623028971372e-33,0.8198214340779522,6.2901310770007e-195,True,0.8300539083557953,0.002,0.016980432218094504,0.015067239241808047,0.018593036176071172,0.6971623691143054,True,True,True,True,True
simpson_increment,increment-after-environment-control,True,800,4,polynomial_ridge,57,88270523,-0.355068179794031,3.5100366310198118e-25,0.8227561765867178,1.726205937163653e-197,True,0.8007822571194187,0.002,0.01700345833918135,0.015017171904020021,0.019129083866374328,0.697323100459391,True,True,True,True,True
simpson_increment,increment-after-environment-control,True,800,4,polynomial_ridge,58,88270524,-0.37094263428536606,1.6836881125294445e-27,0.8253162892959335,9.194043872838997e-200,True,0.8115727176842846,0.002,0.01722725801126891,0.015663369654835023,0.019122003146001102,0.7131998270777701,True,True,True,True,True
simpson_increment,increment-after-environment-control,True,800,4,polynomial_ridge,59,88270525,-0.3682047081323565,4.320927155807632e-27,0.8066751511607414,5.310330784125515e-184,True,0.7248095628735497,0.002,0.01697197244244065,0.01497758378563721,0.019120265342189805,0.6731753048667598,True,True,True,True,True
simpson_increment,increment-after-environment-control,True,800,4,polynomial_ridge,60,88270526,-0.3880247781637159,3.821416161752752e-30,0.7986656759308735,9.51139839479617e-178,True,0.8165123637642094,0.002,0.01633110609190634,0.014328062826162356,0.01813676427878995,0.6606559747529379,True,True,True,True,True
simpson_increment,increment-after-environment-control,True,800,4,polynomial_ridge,61,88270527,-0.3611616815026274,4.682981794798653e-26,0.8238885301612872,1.721960690316104e-198,True,0.8097093636470174,0.002,0.01792594945933198,0.016290699022364897,0.01987248425225825,0.717113516617825,True,True,True,True,True
simpson_increment,increment-after-environment-control,True,800,4,polynomial_ridge,62,88270528,-0.40381715440180377,9.88992632710219e-33,0.8050117910232644,1.115913132347246e-182,True,0.7527510840267198,0.002,0.016371503463238,0.014672438088768516,0.018628035767974376,0.669217197985948,True,True,True,True,True
simpson_increment,increment-after-environment-control,True,800,4,polynomial_ridge,63,88270529,-0.3989178420591283,6.498135960743954e-32,0.815194893322224,5.538963271790608e-191,True,0.7482889956638932,0.002,0.01673144480088333,0.014806655239426682,0.01903980229539063,0.6838080295062373,True,True,True,True,True
simpson_increment,increment-after-environment-control,True,800,4,polynomial_ridge,64,88270530,-0.3987921699877656,6.816816261491409e-32,0.7981794020443992,2.232250803535856e-177,True,0.7158883159498418,0.002,0.016306872078410608,0.014578793677566424,0.0182554857075542,0.660505156567136,True,True,True,True,True
simpson_increment,increment-after-environment-control,True,800,4,polynomial_ridge,65,88270531,-0.39584349350545867,2.0839727319094967e-31,0.8164160989604521,5.1646209030608974e-192,True,0.8509287472166881,0.002,0.01708791839056261,0.015110165674463605,0.01912151665844569,0.6991962641377539,True,True,True,True,True
simpson_increment,increment-after-environment-control,True,800,4,polynomial_ridge,66,88270532,-0.4183479114811118,3.0812192250174813e-35,0.8178287341319489,3.247028418542664e-193,True,0.8183493495839681,0.002,0.015630229375609674,0.01407769424699598,0.017218838850722836,0.6773592244131227,True,True,True,True,True
simpson_increment,increment-after-environment-control,True,800,4,polynomial_ridge,67,88270533,-0.3877394730304266,4.2431029874696266e-30,0.8130130051990828,3.676840620605582e-189,True,0.8234266963553264,0.002,0.017283264305735808,0.015212489101375013,0.019055171224720967,0.690186186406185,True,True,True,True,True
simpson_increment,increment-after-environment-control,True,800,4,polynomial_ridge,68,88270534,-0.43794881710752676,8.078287009295929e-39,0.7795817442763668,6.283551691723715e-164,True,0.7611977030352748,0.002,0.015168806861371096,0.013323579057223825,0.01695216145647901,0.6180586725212234,True,True,True,True,True
simpson_increment,increment-after-environment-control,True,800,4,polynomial_ridge,69,88270535,-0.37247530855516964,9.894777919254578e-28,0.8139968962081195,5.582472304728613e-190,True,0.804834173209891,0.002,0.016757665358617804,0.014778362533926281,0.018662715001027844,0.688353262793232,True,True,True,True,True
simpson_increment,increment-after-environment-control,True,800,4,polynomial_ridge,70,88270536,-0.3630119578311841,2.5183890838391986e-26,0.8217365980085657,1.3563352484005886e-196,True,0.784970116020157,0.002,0.01702567981525955,0.015130842067185886,0.018757831008234027,0.6993131609846099,True,True,True,True,True
simpson_increment,increment-after-environment-control,True,800,4,polynomial_ridge,71,88270537,-0.38811166111197054,3.701450181595971e-30,0.8111751656649445,1.2070846637765686e-187,True,0.7822336810031643,0.002,0.017245677645750107,0.0150549791751567,0.019510586220030584,0.6845069747564693,True,True,True,True,True
simpson_increment,increment-after-environment-control,True,800,4,polynomial_ridge,72,88270538,-0.4068947138979905,2.9825642417006224e-33,0.8116342295856241,5.064795173261977e-188,True,0.7422711824680652,0.002,0.01638026151414364,0.014532282781385814,0.01810215454988788,0.6844333382301517,True,True,True,True,True
simpson_increment,increment-after-environment-control,True,800,4,polynomial_ridge,73,88270539,-0.3881463721037065,3.654571837492907e-30,0.811921810250998,2.935970882049764e-188,True,0.7707517871791867,0.002,0.015828696619038046,0.014069848901961968,0.017536481903134775,0.6773978571541398,True,True,True,True,True
simpson_increment,increment-after-environment-control,True,800,4,polynomial_ridge,74,88270540,-0.3833302161409627,2.111384929014477e-29,0.8074760208283962,1.2127247396985018e-184,True,0.8238632368451891,0.002,0.017611071102783052,0.015533322156773019,0.019785344361181307,0.681345000849112,True,True,True,True,True
simpson_increment,increment-after-environment-control,True,800,4,polynomial_ridge,75,88270541,-0.3917432136612714,9.674763657642786e-31,0.8146181620517855,1.6880584669079854e-190,True,0.7237255361537559,0.002,0.017015874533522612,0.015271129879901145,0.019033073263488375,0.6879059120379566,True,True,True,True,True
simpson_increment,increment-after-environment-control,True,800,4,polynomial_ridge,76,88270542,-0.39633947865543545,1.728232474127708e-31,0.8113325831370095,8.964313999321557e-188,True,0.8050919957810853,0.002,0.016278060331091443,0.014433249348507399,0.018322472184597878,0.6748003017664,True,True,True,True,True
simpson_increment,increment-after-environment-control,True,800,4,polynomial_ridge,77,88270543,-0.3512343144286163,1.2190627428301315e-24,0.8269791061530825,2.9294758930475793e-201,True,0.814080628149537,0.002,0.01762663054934554,0.015889452597719882,0.019384240072847444,0.7094760723935827,True,True,True,True,True
simpson_increment,increment-after-environment-control,True,800,4,polynomial_ridge,78,88270544,-0.3768759404311569,2.1166434153315956e-28,0.8015304176602633,5.952174773844531e-180,True,0.7817619828899566,0.002,0.016372548159900937,0.014579711985016414,0.01835823318228252,0.6794714803210399,True,True,True,True,True
simpson_increment,increment-after-environment-control,True,800,4,polynomial_ridge,79,88270545,-0.3980364500569533,9.087185004821374e-32,0.8027061285208321,7.241452318684547e-181,True,0.7783077463963436,0.002,0.015668744607448132,0.014020026918936031,0.01756295888120974,0.6638006854456356,True,True,True,True,True
simpson_increment,increment-after-environment-control,True,800,4,polynomial_ridge,80,88270546,-0.36965436664744794,2.626310511047536e-27,0.8093857199838881,3.4847285307403323e-186,True,0.7788937067854212,0.002,0.016380326170959122,0.014350308611814631,0.018311070695522066,0.6799174524038609,True,True,True,True,True
simpson_increment,increment-after-environment-control,True,800,4,polynomial_ridge,81,88270547,-0.40142650222890974,2.4880053687169423e-32,0.801877689440377,3.199608549604196e-180,True,0.7994023204031409,0.002,0.015717270534300817,0.013946996208302457,0.017447606487324234,0.6606971794119436,True,True,True,True,True
simpson_increment,increment-after-environment-control,True,800,4,polynomial_ridge,82,88270548,-0.3895375539649282,2.1899631067865363e-30,0.8041564139825642,5.2815137402621816e-182,True,0.758666354154459,0.002,0.01650231358054846,0.014688206928939468,0.018151848907849023,0.6702675394351006,True,True,True,True,True
simpson_increment,increment-after-environment-control,True,800,4,polynomial_ridge,83,88270549,-0.3938405450633517,4.423485350795659e-31,0.8168677231026946,2.138109428340827e-192,True,0.8272061408648775,0.002,0.0167046998240696,0.014883522707669487,0.018493086204202203,0.6999796676088836,True,True,True,True,True
simpson_increment,increment-after-environment-control,True,800,4,polynomial_ridge,84,88270550,-0.39804247350386485,9.066414046315292e-32,0.8010481628538804,1.406535736115014e-179,True,0.743091527012774,0.002,0.01680330925706794,0.014765097368814623,0.01886816287008601,0.6647925727343557,True,True,True,True,True
simpson_increment,increment-after-environment-control,True,800,4,polynomial_ridge,85,88270551,-0.40705819071592303,2.7975848363451334e-33,0.7975784905211946,6.385319824946298e-177,True,0.7668141333645846,0.002,0.016100008374264233,0.01439307575899636,0.01791550524806065,0.6625071190687437,True,True,True,True,True
simpson_increment,increment-after-environment-control,True,800,4,polynomial_ridge,86,88270552,-0.37724498788279365,1.8578517172955864e-28,0.8223959070760307,3.581749897009378e-197,True,0.8248124926754951,0.002,0.01725763345017904,0.015299205732006568,0.0191382758506397,0.7094180560917356,True,True,True,True,True
simpson_increment,increment-after-environment-control,True,800,4,polynomial_ridge,87,88270553,-0.41907649074451686,2.2896840281306866e-35,0.797714630034992,5.033956029194757e-177,True,0.7272559474979492,0.002,0.015096182932734509,0.01349541472873532,0.016617847899406606,0.6486832291158678,True,True,True,True,True
simpson_increment,increment-after-environment-control,True,800,4,polynomial_ridge,88,88270554,-0.39529765671508865,2.559722363650544e-31,0.8155287188945661,2.900850041813498e-191,True,0.8366195945154107,0.002,0.017453617295913198,0.015222492425557928,0.01938696845233944,0.6994103189316901,True,True,True,True,True
simpson_increment,increment-after-environment-control,True,800,4,polynomial_ridge,89,88270555,-0.38962654629147864,2.1192091756964462e-30,0.8229142342229138,1.2525345556613634e-197,True,0.8001933669283956,0.002,0.01850183994944654,0.01639041879840242,0.020473085026043055,0.7109859571198307,True,True,True,True,True
simpson_increment,increment-after-environment-control,True,800,4,polynomial_ridge,90,88270556,-0.3614415256898839,4.264720691430472e-26,0.8168942609949283,2.0299763679329852e-192,True,0.7869594515410758,0.002,0.017158888073387713,0.015421823008385724,0.019016604213531633,0.6876965250569326,True,True,True,True,True
simpson_increment,increment-after-environment-control,True,800,4,polynomial_ridge,91,88270557,-0.40287761387127174,1.4224713684763768e-32,0.8139414063357051,6.21050008379943e-190,True,0.8031993437243642,0.002,0.01715252471405902,0.015282098704460696,0.01904940332879646,0.694414373472142,True,True,True,True,True
simpson_increment,increment-after-environment-control,True,800,4,polynomial_ridge,92,88270558,-0.3730258797279371,8.169102461052082e-28,0.8206398303109678,1.2275784147690405e-195,True,0.8393355209187859,0.002,0.017428364180985895,0.015432358664717665,0.01948558091678629,0.7008670550190762,True,True,True,True,True
simpson_increment,increment-after-environment-control,True,800,4,polynomial_ridge,93,88270559,-0.42099272030112556,1.0450047455075114e-35,0.801157802235843,1.1569980503854626e-179,True,0.8072834876362358,0.002,0.016523958693077913,0.014545528346609073,0.01843633536514771,0.6671556019502589,True,True,True,True,True
simpson_increment,increment-after-environment-control,True,800,4,polynomial_ridge,94,88270560,-0.3827032385988104,2.647284797315588e-29,0.8208224613489699,8.515297889884104e-196,True,0.769058361654752,0.002,0.01709802581387549,0.015152778864350968,0.019220047668873353,0.6975678535971875,True,True,True,True,True
simpson_increment,increment-after-environment-control,True,800,4,polynomial_ridge,95,88270561,-0.38071196204994073,5.412227660240637e-29,0.8101881439404081,7.748248376126371e-187,True,0.8257705379116372,0.002,0.017483095973368556,0.015509088063771485,0.01957481206609995,0.6875290744995919,True,True,True,True,True
simpson_increment,increment-after-environment-control,True,800,4,polynomial_ridge,96,88270562,-0.3700984610913455,2.253638325256688e-27,0.8229562638119503,1.1500689461830053e-197,True,0.8261982889956639,0.002,0.017989527983509807,0.016181371967604243,0.02007965216147921,0.7183215787376371,True,True,True,True,True
simpson_increment,increment-after-environment-control,True,800,4,polynomial_ridge,97,88270563,-0.38950012421894414,2.220416421115055e-30,0.8145196086363312,2.0413540915886605e-190,True,0.8040343372787999,0.002,0.01656748405036982,0.01487275639519503,0.018247700259059762,0.6874279390627366,True,True,True,True,True
simpson_increment,increment-after-environment-control,True,800,4,polynomial_ridge,98,88270564,-0.37728337856777905,1.8328003327548193e-28,0.8216319822047202,1.6745742619198004e-196,True,0.8216776045939295,0.002,0.016993079094935214,0.015284115085115318,0.018751771664402957,0.7033299872400575,True,True,True,True,True
simpson_increment,increment-after-environment-control,True,800,4,polynomial_ridge,99,88270565,-0.3858223997224996,8.550332719642562e-30,0.7956123938870453,1.940246378400667e-175,True,0.7966307277628032,0.002,0.01650432725766355,0.01472269850701913,0.018392684465755132,0.6597209021629054,True,True,True,True,True
post_treatment_control,estimand-warning,False,100,4,polynomial_ridge,0,91265585,0.9282688268826882,6.914346576618551e-44,0.11131477471674608,0.27517756087859174,False,0.31879699248120297,0.17,-0.0010398355876559372,-0.002823300602385599,0.0003322420590502181,-0.095818448874434,False,False,False,False,False
post_treatment_control,estimand-warning,False,100,4,polynomial_ridge,1,91265586,0.9142274227422741,3.1266084341318974e-40,0.06304689521363514,0.5374072505372284,False,0.10977443609022557,0.614,-0.0005115955121714234,-0.0011966814344268636,0.00021989946368326064,-0.0468220793438673,False,False,False,False,True
post_treatment_control,estimand-warning,False,100,4,polynomial_ridge,2,91265587,0.9244644464446444,7.928616156320373e-43,0.05377129582418398,0.5989858150711482,False,-0.10676691729323308,0.664,-0.0009803144155346548,-0.001457059713966745,-0.0005649513914891698,-0.10333049382182656,False,False,False,False,True
post_treatment_control,estimand-warning,False,100,4,polynomial_ridge,3,91265588,0.8847404740474046,2.928848905519013e-34,0.026198923721699786,0.79789495604824,False,0.23458646616541348,0.304,-0.002657266711229282,-0.004481337235881042,-0.0009356640621472822,-0.1609930971234085,False,False,False,False,False
post_treatment_control,estimand-warning,False,100,4,polynomial_ridge,4,91265589,0.8995619561956195,4.979705748591142e-37,-0.2189076928124229,0.030341010587059698,True,-0.6,0.012,-2.680442926592669e-06,-0.001016635627442917,0.00101936749441767,-0.00028507247036682783,True,False,False,False,False
post_treatment_control,estimand-warning,False,100,4,polynomial_ridge,5,91265590,0.9173237323732373,5.567001511586384e-41,-0.12023028769927097,0.2383061593203699,False,-0.156390977443609,0.518,-0.00016239624238074263,-0.0007725237041291762,0.00040232650346131024,-0.01803357793849443,False,False,False,False,False
post_treatment_control,estimand-warning,False,100,4,polynomial_ridge,6,91265591,0.8618061806180618,1.1996342959416958e-30,-0.09950480098799618,0.3296443426321468,False,-0.17593984962406017,0.468,-0.0012029368373093555,-0.001997293384624419,-0.0003874939268665874,-0.07995395419681611,False,False,False,False,False
post_treatment_control,estimand-warning,False,100,4,polynomial_ridge,7,91265592,0.9306090609060905,1.4409228598947434e-44,0.10376565438112045,0.30925069443180103,False,-0.05263157894736842,0.816,-0.0006893116701281749,-0.0017003313231477636,0.00027325470678498444,-0.07453514937274953,False,False,False,False,True
post_treatment_control,estimand-warning,False,100,4,polynomial_ridge,8,91265593,0.921056105610561,6.342073024330409e-42,0.183893782010597,0.0698951964553995,False,-0.28421052631578947,0.242,-0.0012569992331810578,-0.0022462797359126528,-0.000327657741449633,-0.11492858768571887,False,False,False,False,False
post_treatment_control,estimand-warning,False,100,4,polynomial_ridge,9,91265594,0.9099069906990699,3.12454200540143e-39,0.07737060514713501,0.44890687437032695,False,0.34285714285714286,0.158,-0.00043095206004614695,-0.0015656261566852057,0.0006910986112772016,-0.03369111920797971,False,False,False,False,False
post_treatment_control,estimand-warning,False,100,4,polynomial_ridge,10,91265595,0.93011701170117,2.0128305303415785e-44,0.19263801375097975,0.05738177191993724,False,0.306766917293233,0.2,-0.00017634232869358744,-0.001194097599485596,0.0007303376644434177,-0.01799989727604292,False,False,False,False,False
post_treatment_control,estimand-warning,False,100,4,polynomial_ridge,11,91265596,0.9198079807980797,1.3267629142693411e-41,0.2062427992708579,0.04160359772281578,True,-0.1789473684210526,0.466,-0.0004022728748436649,-0.0015717779286274374,0.0007753072806136772,-0.03106383942487679,False,False,False,False,False
post_treatment_control,estimand-warning,False,100,4,polynomial_ridge,12,91265597,0.8756075607560754,9.782721844853343e-33,-0.23019730445019682,0.02258906297613963,True,-0.45112781954887216,0.04,-9.134639128717884e-05,-0.0016405677061094458,0.0013892212244677985,-0.007426695929936093,True,False,False,False,False
post_treatment_control,estimand-warning,False,100,4,polynomial_ridge,13,91265598,0.9220402040204019,3.5134358222936595e-42,0.033777015418766466,0.7412644128938839,False,-0.30526315789473685,0.188,-0.0005069401763638723,-0.0011480725967644748,0.00017189725312154842,-0.05548079737928087,False,False,False,False,False
post_treatment_control,estimand-warning,False,100,4,polynomial_ridge,14,91265599,0.9239123912391238,1.1176577130252714e-42,0.2154281413665544,0.033142848920874296,True,0.1639097744360902,0.484,-0.0005201912137230199,-0.0021483819648282793,0.0007923033540106345,-0.03585038968594085,False,False,False,False,False
post_treatment_control,estimand-warning,False,100,4,polynomial_ridge,15,91265600,0.8990099009900989,6.425772867282364e-37,0.059056878073452446,0.5635094912495623,False,0.4496240601503759,0.056,-0.0008920313381222678,-0.002651628647674491,0.0005846849194304875,-0.06340752484946484,False,False,False,False,False
post_treatment_control,estimand-warning,False,100,4,polynomial_ridge,16,91265601,0.9283528352835281,6.541879435993953e-44,0.26841318721858,0.007533582994355068,True,0.40751879699248117,0.104,-0.000771645393163432,-0.0022992902578390676,0.000631795254966414,-0.062045040885079686,False,False,False,False,False
post_treatment_control,estimand-warning,False,100,4,polynomial_ridge,17,91265602,0.927176717671767,1.411718613121129e-43,0.043639216496074294,0.6696221312880001,False,-0.09774436090225563,0.694,-0.00032089353080031434,-0.0008511487004505291,0.0001614721195896669,-0.034756064771748446,False,False,False,False,True
post_treatment_control,estimand-warning,False,100,4,polynomial_ridge,18,91265603,0.9288568856885687,4.685903043515179e-44,0.03885274632796264,0.7040707916044886,False,0.07218045112781954,0.758,-0.0005855435829315702,-0.0012189489333279324,-1.2067094780431059e-05,-0.06774392025666184,False,False,False,False,True
post_treatment_control,estimand-warning,False,100,4,polynomial_ridge,19,91265604,0.9068946894689468,1.453739623734436e-38,-0.19644382295087792,0.05254059539981707,False,0.21804511278195485,0.366,-0.00039971943949424805,-0.0014840824497269823,0.0006763619945182559,-0.045403987037458654,False,False,False,False,False
post_treatment_control,estimand-warning,False,100,4,polynomial_ridge,20,91265605,0.9136753675367536,4.223953812251254e-40,-0.20473766478888272,0.04314846205125828,True,-0.33383458646616543,0.148,-0.0011601383464815828,-0.003169034207844462,0.0001065994081695692,-0.13887150253564096,False,False,False,False,False
post_treatment_control,estimand-warning,False,100,4,polynomial_ridge,21,91265606,0.9044344434443444,4.911165898197176e-38,0.05365913786790434,0.5997492901775082,False,0.2541353383458646,0.276,0.00019467210221559526,-0.0004658248965777469,0.0010168541093760679,0.014948629300662604,False,True,False,False,False
post_treatment_control,estimand-warning,False,100,4,polynomial_ridge,22,91265607,0.9202520252025201,1.0217562994738692e-41,-0.04389821817935108,0.6677766623605647,False,0.13082706766917293,0.582,0.0001455666600800789,-0.0009285209281891426,0.0011128218986362426,0.014086242467621003,False,True,False,False,True
post_treatment_control,estimand-warning,False,100,4,polynomial_ridge,23,91265608,0.8699789978997898,7.429980518343101e-32,-0.03262614961640374,0.7497846970503561,False,-0.006015037593984962,0.99,-0.002502534391896568,-0.004463321035657335,-0.0006893429647491598,-0.13652483159441925,False,False,False,False,True
post_treatment_control,estimand-warning,False,100,4,polynomial_ridge,24,91265609,0.8907770777077707,2.4382532141953745e-35,-0.042468803379496885,0.6779860632990308,False,0.3203007518796992,0.132,-0.00039509856769395085,-0.0007820111489470999,4.682652518273656e-05,-0.03014571533780596,False,False,False,False,False
post_treatment_control,estimand-warning,False,100,4,polynomial_ridge,25,91265610,0.892085208520852,1.3956196876977321e-35,0.028233688786435004,0.7825725411464356,False,0.29473684210526313,0.222,-0.000301645796009397,-0.0013031919613863705,0.0005087076588450749,-0.02386406337544304,False,False,False,False,False
post_treatment_control,estimand-warning,False,100,4,polynomial_ridge,26,91265611,0.9232883288328831,1.642553296796959e-42,0.12294309572462771,0.22780200546823776,False,0.0631578947368421,0.804,-0.0003376462565953791,-0.0011610976503112277,0.00045658540717880984,-0.03225592294756689,False,False,False,False,True
post_treatment_control,estimand-warning,False,100,4,polynomial_ridge,27,91265612,0.9015541554155415,1.9598865933115865e-37,-0.10939504378068568,0.283593068336895,False,-0.09172932330827067,0.7,-0.0003827788502668659,-0.0013065366777593947,0.0004675722346872733,-0.03214330056895513,False,False,False,False,True
post_treatment_control,estimand-warning,False,100,4,polynomial_ridge,28,91265613,0.9254245424542453,4.336626293492539e-43,0.10470782897815398,0.30485445096373137,False,0.21804511278195485,0.324,-0.0007145837460223545,-0.0014627691348886632,-7.170060303381054e-05,-0.07014202493233121,False,False,False,False,False
post_treatment_control,estimand-warning,False,100,4,polynomial_ridge,29,91265614,0.8926012601260125,1.1176806320936628e-35,-0.041229609989141894,0.6868842573988053,False,-0.613533834586466,0.006,-0.0008086250356056836,-0.0016502368615820807,0.00016165910345695397,-0.056739279422765874,True,False,False,False,False
post_treatment_control,estimand-warning,False,100,4,polynomial_ridge,30,91265615,0.8900210021002098,3.3552857459212934e-35,-0.12826413725589594,0.208151455016208,False,-0.1518796992481203,0.544,-0.0015284052363839663,-0.003085419769377632,-0.00021299769301132964,-0.11535489487324939,False,False,False,False,False
post_treatment_control,estimand-warning,False,100,4,polynomial_ridge,31,91265616,0.8977617761776177,1.137399901812376e-36,-0.023948095452547648,0.8149338888788572,False,-0.29473684210526313,0.214,-0.001078098947210785,-0.0023942264288646675,-0.0001366249431080273,-0.07635788800266285,False,False,False,False,False
post_treatment_control,estimand-warning,False,100,4,polynomial_ridge,32,91265617,0.8958895889588958,2.642140502965194e-36,0.05408355403740689,0.5968625171059608,False,0.13533834586466165,0.584,-0.0014928094942850169,-0.0024007521874381647,-0.0006709156540414252,-0.1226858877643432,False,False,False,False,True
post_treatment_control,estimand-warning,False,100,4,polynomial_ridge,33,91265618,0.8948454845484548,4.1983784006479736e-36,-0.14550124822842267,0.15285267573981384,False,-0.045112781954887216,0.856,-0.00018483843579867806,-0.001867672851692236,0.0010731951874339248,-0.017864183301410826,False,False,False,False,True
post_treatment_control,estimand-warning,False,100,4,polynomial_ridge,34,91265619,0.9141314131413141,3.295016583806541e-40,0.11818349972117695,0.2464509749528373,False,0.3954887218045112,0.104,0.00021216438819488502,-0.0012727170855452274,0.0019178964713663998,0.015518356239745693,False,True,False,False,False
post_treatment_control,estimand-warning,False,100,4,polynomial_ridge,35,91265620,0.8957095709570956,2.862758288742778e-36,-0.14276372807597693,0.16081076501567826,False,-0.09774436090225563,0.652,-0.0009784235528573371,-0.0019484599410090038,-0.00011764487507490959,-0.08610649889152944,False,False,False,False,True
post_treatment_control,estimand-warning,False,100,4,polynomial_ridge,36,91265621,0.9301770177017701,1.9326839205025284e-44,-0.12583160792104273,0.21697918843479214,False,-0.11428571428571428,0.658,0.00018190526466491282,-0.0009021824185082628,0.0015469737112827385,0.0224437296500568,False,True,False,False,True
post_treatment_control,estimand-warning,False,100,4,polynomial_ridge,37,91265622,0.9172037203720371,5.959541026327744e-41,0.1447963153328013,0.15487317414972812,False,-0.20902255639097742,0.39,0.00040533171688763615,-0.00045882718893977634,0.00126196921969662,0.03572219224474034,False,True,False,False,False
post_treatment_control,estimand-warning,False,100,4,polynomial_ridge,38,91265623,0.8835163516351634,4.767336347681413e-34,-0.08934312650524086,0.38165276169673046,False,-0.10526315789473684,0.628,-0.0005014353716858624,-0.00141452850355732,0.0003642905224635631,-0.04060395769393399,False,False,False,False,True
post_treatment_control,estimand-warning,False,100,4,polynomial_ridge,39,91265624,0.9134593459345933,4.749013538156443e-40,0.03568355167843205,0.727218537268999,False,0.29473684210526313,0.21,-0.0011835593645772996,-0.00272305889313886,0.00010499061944485822,-0.11069470229416871,False,False,False,False,False
post_treatment_control,estimand-warning,False,100,4,polynomial_ridge,40,91265625,0.8726072607260725,2.917611991382341e-32,-0.012887068358721119,0.8997763998952469,False,0.02857142857142857,0.888,-0.0017825820455353789,-0.002900118801005332,-0.0005541239598939484,-0.08433866376684732,False,False,False,False,True
post_treatment_control,estimand-warning,False,100,4,polynomial_ridge,41,91265626,0.9073267326732672,1.169840827049828e-38,0.03616046698009902,0.7237188488553428,False,-0.17293233082706763,0.47,-0.0006011511641304933,-0.0009801043178548116,-0.00023055596554431412,-0.05260299961904398,False,False,False,False,False
post_treatment_control,estimand-warning,False,100,4,polynomial_ridge,42,91265627,0.8896969696969695,3.8445153078345776e-35,0.1375686989251927,0.17675331841951608,False,0.3278195488721804,0.166,-0.000611799481463976,-0.0014198601817547126,0.00021639504142564975,-0.04292902949290367,False,False,False,False,False
post_treatment_control,estimand-warning,False,100,4,polynomial_ridge,43,91265628,0.9294929492949295,3.0648080488582733e-44,0.05891535165836229,0.5644462724976256,False,-0.024060150375939848,0.928,-0.00046193809787115243,-0.0010080990372611943,-6.0057717769538214e-05,-0.052027746408113355,False,False,False,False,True
post_treatment_control,estimand-warning,False,100,4,polynomial_ridge,44,91265629,0.9298049804980497,2.484939111689767e-44,0.32753062168082814,0.0009944616736711426,True,0.306766917293233,0.176,0.0010559896836992658,-0.0008704987857876777,0.0028398180864745077,0.08212152369622933,False,True,False,False,False
post_treatment_control,estimand-warning,False,100,4,polynomial_ridge,45,91265630,0.9005940594059406,3.079411558671809e-37,-0.07443069657023145,0.46637880393822057,False,-0.31127819548872177,0.172,-0.00011726763036113037,-0.0006386892158433417,0.0004438700816398607,-0.011487917874391913,False,False,False,False,False
post_treatment_control,estimand-warning,False,100,4,polynomial_ridge,46,91265631,0.922136213621362,3.3153337545754313e-42,0.03080094920066725,0.7633587835416699,False,-0.05563909774436089,0.812,-0.0004544758033789287,-0.0010554974211374952,0.0001067782109143678,-0.045977659338570454,False,False,False,False,True
post_treatment_control,estimand-warning,False,100,4,polynomial_ridge,47,91265632,0.8658745874587458,3.0733259872980417e-31,-0.04603552031400735,0.652623984586587,False,0.11578947368421053,0.634,-0.002693852343678183,-0.004017879273914108,-0.0013249747406600472,-0.14468008453954898,False,False,False,False,True
post_treatment_control,estimand-warning,False,100,4,polynomial_ridge,48,91265633,0.9207200720072006,7.745573731856679e-42,0.11310304741207364,0.26749076123770166,False,0.3037593984962406,0.194,0.0002918793537432709,-0.0005601861254507228,0.0011647319136073283,0.022731682710752876,False,True,False,False,False
post_treatment_control,estimand-warning,False,100,4,polynomial_ridge,49,91265634,0.8828922892289228,6.098580126788039e-34,0.08136616652135291,0.42575835038781223,False,0.4661654135338345,0.042,-0.0010396753257570814,-0.0019417753973375136,-2.4758774870881647e-05,-0.05822080817026157,True,False,False,False,False
post_treatment_control,estimand-warning,False,100,4,polynomial_ridge,50,91265635,0.9236003600360033,1.3554761770728762e-42,-0.1420811249968766,0.1628422801195707,False,-0.3037593984962406,0.188,0.0005611520152320427,-0.00018549938694336856,0.0014055151698275075,0.08079169131795443,False,True,False,False,False
post_treatment_control,estimand-warning,False,100,4,polynomial_ridge,51,91265636,0.8943174317431742,5.296592484746853e-36,-0.01652096867126789,0.8717296830801519,False,-0.23458646616541348,0.338,-0.0005656065592202757,-0.0011603537402557489,5.585965594127696e-05,-0.04405374718841475,False,False,False,False,False
post_treatment_control,estimand-warning,False,100,4,polynomial_ridge,52,91265637,0.9278247824782477,9.255104610431161e-44,-0.003563490223485276,0.9722198937935467,False,-0.20902255639097742,0.398,-0.000893777469194966,-0.0016475991476389167,-0.00021975036221158337,-0.08658437816424235,False,False,False,False,False
post_treatment_control,estimand-warning,False,100,4,polynomial_ridge,53,91265638,0.907122712271227,1.2964121477839642e-38,-0.036448705569964976,0.721606451072107,False,-0.019548872180451125,0.93,-4.228249060044334e-05,-0.0013892702389113427,0.00124540510524966,-0.0034615570471487806,False,False,False,False,True
post_treatment_control,estimand-warning,False,100,4,polynomial_ridge,54,91265639,0.8973417341734172,1.3761049714225707e-36,-0.02862870114387551,0.779607375730402,False,-0.037593984962406006,0.894,0.0005014559569776113,-0.0006864339277291811,0.0016890972861489497,0.03743215754984387,False,True,False,False,True
post_treatment_control,estimand-warning,False,100,4,polynomial_ridge,55,91265640,0.9173597359735972,5.454251302278873e-41,-0.0943452268516255,0.35546029491710873,False,-0.2120300751879699,0.364,-0.0010845158070784434,-0.0019290580588204988,-0.00030267141092665226,-0.10674717122692148,False,False,False,False,False
post_treatment_control,estimand-warning,False,100,4,polynomial_ridge,56,91265641,0.9186918691869187,2.541391170593235e-41,0.02514627854108318,0.8058522872891317,False,0.0706766917293233,0.778,-0.0007289266053616284,-0.0015834723435196151,-8.599841653669087e-05,-0.067529365130508,False,False,False,False,True
post_treatment_control,estimand-warning,False,100,4,polynomial_ridge,57,91265642,0.9046384638463845,4.4451769521937926e-38,0.21599673493467977,0.032670634229459344,True,0.49022556390977434,0.032,-0.001094907215224034,-0.003590187348758835,0.0007630515812675641,-0.07634522658919464,True,False,False,False,False
post_treatment_control,estimand-warning,False,100,4,polynomial_ridge,58,91265643,0.9219441944194418,3.7230980235190134e-42,0.04752646386687577,0.6421362080120907,False,0.5548872180451127,0.016,-0.0008323026586349053,-0.0015009313879698254,-0.00015752535073037662,-0.07131281434160723,True,False,False,False,False
post_treatment_control,estimand-warning,False,100,4,polynomial_ridge,59,91265644,0.8776477647764774,4.578133849686219e-33,-0.09439432766269995,0.35520885263823143,False,0.16842105263157892,0.48,-0.001352538611836979,-0.003016415259992935,-7.428390586823666e-05,-0.09897298452801409,False,False,False,False,False
post_treatment_control,estimand-warning,False,100,4,polynomial_ridge,60,91265645,0.9192319231923191,1.8577775433198987e-41,0.08860157793368538,0.38563254458530094,False,0.22105263157894736,0.372,-0.00045092853066885756,-0.0014467534411255617,0.0004932380731906921,-0.040173143553335726,False,False,False,False,False
post_treatment_control,estimand-warning,False,100,4,polynomial_ridge,61,91265646,0.8937653765376535,6.744177430268276e-36,-0.08881277055360619,0.3844965712559633,False,0.49624060150375937,0.03,0.0006367633794317588,-0.0009742817656136603,0.002172684082450576,0.04940034559979956,True,True,False,False,False
post_treatment_control,estimand-warning,False,100,4,polynomial_ridge,62,91265647,0.8765916591659165,6.793958367404234e-33,0.0077331780786359895,0.9397584705252253,False,-0.27368421052631575,0.2,-0.0010418946033398293,-0.0021344329123104493,-0.00015547746689527218,-0.07008875181230294,False,False,False,False,False
post_treatment_control,estimand-warning,False,100,4,polynomial_ridge,63,91265648,0.9213561356135613,5.3013325770201914e-42,0.06484718916562468,0.5258289456688623,False,0.17744360902255638,0.498,-0.0013000813698723843,-0.002229771768111784,-0.00048023135496616943,-0.1270760803708518,False,False,False,False,False
post_treatment_control,estimand-warning,False,100,4,polynomial_ridge,64,91265649,0.9133513351335132,5.034955916650834e-40,-0.023304753922599283,0.8198202820637261,False,0.09774436090225563,0.686,-0.00035818417251546643,-0.0007808045089176452,8.170176712855937e-05,-0.031195158623229358,False,False,False,False,True
post_treatment_control,estimand-warning,False,100,4,polynomial_ridge,65,91265650,0.8996339633963395,4.816309118082017e-37,-0.1193985851756254,0.2415929148252689,False,-0.4060150375939849,0.062,-0.0005764882069336959,-0.0016176201147686622,0.00028518913841515703,-0.058514023118429535,False,False,False,False,False
post_treatment_control,estimand-warning,False,100,4,polynomial_ridge,66,91265651,0.9103030303030302,2.5425023914351692e-39,0.11630290721661408,0.2541019069149236,False,0.2120300751879699,0.352,-0.0015596008299588113,-0.0026693682009294533,-0.0005383076820629107,-0.12513518151935868,False,False,False,False,False
post_treatment_control,estimand-warning,False,100,4,polynomial_ridge,67,91265652,0.9170597059705969,6.466413555062522e-41,-0.03099031032872825,0.7619470839875851,False,-0.4781954887218045,0.028,-0.0014063921280156513,-0.0021185536295273283,-0.0006460298218247196,-0.1391175620753791,True,False,False,False,False
post_treatment_control,estimand-warning,False,100,4,polynomial_ridge,68,91265653,0.9227842784278427,2.2363690889616533e-42,0.1123797896333508,0.2705819656522211,False,-0.12932330827067667,0.582,-0.00031548396414499656,-0.001465734532147586,0.0007102676263984618,-0.02908526742383381,False,False,False,False,True
post_treatment_control,estimand-warning,False,100,4,polynomial_ridge,69,91265654,0.9218241824182417,4.002438737619558e-42,-0.07062541465204841,0.4895347566601039,False,0.1518796992481203,0.506,-0.0017114122700409955,-0.003313263709463614,-0.00031277518253814806,-0.20551058187673746,False,False,False,False,False
post_treatment_control,estimand-warning,False,100,4,polynomial_ridge,70,91265655,0.8902850285028501,3.002113819481658e-35,-0.00680445834494491,0.9469819997480035,False,0.23609022556390977,0.29,-0.001054843616252325,-0.00310828622710131,0.0004834762240019589,-0.07642505045528714,False,False,False,False,False
post_treatment_control,estimand-warning,False,100,4,polynomial_ridge,71,91265656,0.8794359435943594,2.326886138213615e-33,-0.11351977242471492,0.2657205707162541,False,-0.2706766917293233,0.264,-0.0011596829986055615,-0.0038529273692024164,0.000839375541851255,-0.07794759948615107,False,False,False,False,False
post_treatment_control,estimand-warning,False,100,4,polynomial_ridge,72,91265657,0.8657185718571856,3.2407426601079455e-31,-0.10371534967240088,0.30948657308165817,False,-0.4661654135338345,0.042,0.00012400045013247554,-0.0005412806868520253,0.0007721531685373403,0.009112036937222652,True,True,False,False,False
post_treatment_control,estimand-warning,False,100,4,polynomial_ridge,73,91265658,0.8915811581158114,1.7318178454311426e-35,0.1693732602424907,0.0954615694822787,False,-0.03609022556390977,0.892,-0.0014982613337417988,-0.005496392292602248,0.0013231808606356489,-0.10495872517200663,False,False,False,False,True
post_treatment_control,estimand-warning,False,100,4,polynomial_ridge,74,91265659,0.9226762676267626,2.3886050912308074e-42,0.23855366948561293,0.01800474501235768,True,0.6706766917293233,0.006,-0.00022666318451802087,-0.0030268609899006273,0.002030326044896299,-0.0150412956331588,True,False,False,False,False
post_treatment_control,estimand-warning,False,100,4,polynomial_ridge,75,91265660,0.8614461446144613,1.3504536532421377e-30,-0.11961037073042635,0.24075300732791574,False,0.006015037593984962,0.984,-0.00040560288280333014,-0.001474673599366125,0.0006481039501138997,-0.026128307189197245,False,False,False,False,True
post_treatment_control,estimand-warning,False,100,4,polynomial_ridge,76,91265661,0.9156675667566755,1.4127734365503848e-40,-0.034469257364935134,0.7361544146932254,False,0.10526315789473684,0.64,-0.0011866696703082946,-0.002086823568561729,-0.0002622487703437366,-0.11527742377474269,False,False,False,False,True
post_treatment_control,estimand-warning,False,100,4,polynomial_ridge,77,91265662,0.881116111611161,1.2199311077990814e-33,0.036983192614022366,0.717694922461075,False,0.08721804511278194,0.726,-0.0012263461976651374,-0.0023486243329565457,-0.00017873083005194554,-0.08908901685072337,False,False,False,False,True
post_treatment_control,estimand-warning,False,100,4,polynomial_ridge,78,91265663,0.8858685868586857,1.8602915569796087e-34,-0.22633095507375736,0.025027413007134545,True,-0.5624060150375939,0.008,0.0003636470386521474,-0.0008294526798930917,0.0016513038528275165,0.03296248131543524,True,True,False,False,False
post_treatment_control,estimand-warning,False,100,4,polynomial_ridge,79,91265664,0.9135793579357935,4.449905874029611e-40,-0.04620047893724754,0.6514602333722487,False,-0.0631578947368421,0.808,0.00012489083579284542,-0.0005536646907106036,0.0007228446404146646,0.014369623320178234,False,True,False,False,True
post_treatment_control,estimand-warning,False,100,4,polynomial_ridge,80,91265665,0.9432463246324632,1.031876670693898e-48,0.01258950980862232,0.9020789263722369,False,0.0,1.0,-0.000815328350167295,-0.0015111876110430766,-0.00030487712873062794,-0.1225592739637392,False,False,False,False,True
post_treatment_control,estimand-warning,False,100,4,polynomial_ridge,81,91265666,0.9384938493849384,4.731158646567125e-47,0.0810095305457052,0.4277962389917385,False,0.20300751879699244,0.38,-0.0001677682126451415,-0.0011025006198371607,0.0006063053319890512,-0.020106306082460338,False,False,False,False,False
post_treatment_control,estimand-warning,False,100,4,polynomial_ridge,82,91265667,0.8876207620762075,9.104803089039218e-35,-0.09041820805694997,0.3759271986039568,False,-0.048120300751879695,0.826,-2.2841764940172843e-06,-0.0006966090734145025,0.000631833810735772,-0.00017433963250687405,False,False,False,False,True
post_treatment_control,estimand-warning,False,100,4,polynomial_ridge,83,91265668,0.8508250825082507,3.8524372374328205e-29,-0.18223659179501964,0.0724986111961955,False,0.03308270676691729,0.886,-0.0009491595304849838,-0.0022433943207027024,0.00030414790816677865,-0.07730624239062342,False,False,False,False,True
post_treatment_control,estimand-warning,False,100,4,polynomial_ridge,84,91265669,0.9067626762676267,1.5531986692982314e-38,-0.16072324523440965,0.11388694622229242,False,-0.08721804511278194,0.748,0.00020797688006445048,-0.0013105342063058703,0.0025622628690904,0.019544296777900087,False,True,False,False,True
post_treatment_control,estimand-warning,False,100,4,polynomial_ridge,85,91265670,0.8814401440144014,1.0758790691862035e-33,-0.20326162032031703,0.04470951603045582,True,-0.13533834586466165,0.58,-0.00048632804339525035,-0.0024948910945393472,0.0013526973065467866,-0.04310265250836368,False,False,False,False,True
post_treatment_control,estimand-warning,False,100,4,polynomial_ridge,86,91265671,0.904074407440744,5.852637529952376e-38,0.10765649926407347,0.2913608431766923,False,0.29624060150375936,0.206,-0.00034268039291338037,-0.0017661630382213977,0.0010774301761113214,-0.023472108398313752,False,False,False,False,False
post_treatment_control,estimand-warning,False,100,4,polynomial_ridge,87,91265672,0.9169276927692768,6.967924752373591e-41,0.09666557406687142,0.3436988729462575,False,0.49022556390977434,0.042,-0.0003478320964253913,-0.0017968430156561474,0.0008953149560409067,-0.027722594463350774,True,False,False,False,False
post_treatment_control,estimand-warning,False,100,4,polynomial_ridge,88,91265673,0.9089348934893489,5.161666031680081e-39,0.0709559110747135,0.48749975860412165,False,-0.3443609022556391,0.144,-0.00042926768279792984,-0.0014618496912796259,0.0005189529796453485,-0.03667739913974629,False,False,False,False,False
post_treatment_control,estimand-warning,False,100,4,polynomial_ridge,89,91265674,0.9188118811881186,2.370902596501795e-41,-0.0671521471642045,0.5111904982440002,False,-0.1819548872180451,0.398,-0.0013325682511999767,-0.0028701231695642333,-0.00019575243059226954,-0.13290541601181613,False,False,False,False,False
post_treatment_control,estimand-warning,False,100,4,polynomial_ridge,90,91265675,0.90995499549955,3.047592324837564e-39,0.0403171209058208,0.6934640005806911,False,-0.16240601503759397,0.504,-0.0012132041076083292,-0.0024919054514626242,-0.00019558440963782385,-0.12512215058502632,False,False,False,False,False
post_treatment_control,estimand-warning,False,100,4,polynomial_ridge,91,91265676,0.9403900390039003,1.0679003506646099e-47,0.16023669087175085,0.11499997432165347,False,0.4195488721804511,0.07,3.5687999497970024e-05,-0.0007489647317720941,0.0008430689548845727,0.004188844504334669,False,True,False,False,False
post_treatment_control,estimand-warning,False,100,4,polynomial_ridge,92,91265677,0.8995859585958595,4.92464721037415e-37,-0.1077311165500412,0.2910245910770557,False,-0.1744360902255639,0.424,-0.00018878526758423636,-0.0012141838889784104,0.0008155636753588984,-0.017237291913165063,False,False,False,False,False
post_treatment_control,estimand-warning,False,100,4,polynomial_ridge,93,91265678,0.9245484548454845,7.523278583016454e-43,0.043033888361938534,0.6739429339131157,False,0.10375939849624059,0.666,-0.0010251421609874523,-0.002335799052539411,-0.00013894576097328617,-0.10710992672594431,False,False,False,False,True
post_treatment_control,estimand-warning,False,100,4,polynomial_ridge,94,91265679,0.8631743174317431,7.625729579515933e-31,-0.11166107980773758,0.27367751847790706,False,-0.05263157894736842,0.86,-0.00022777191394534636,-0.0015992902799749362,0.0008559094125062971,-0.015670662950046946,False,False,False,False,True
post_treatment_control,estimand-warning,False,100,4,polynomial_ridge,95,91265680,0.9217881788178818,4.090166228691907e-42,0.1138305171008495,0.26440574901767366,False,-0.02857142857142857,0.914,0.0003566497393293535,-0.000277226247811311,0.0009554371082603019,0.025420506903765246,False,True,False,False,True
post_treatment_control,estimand-warning,False,100,4,polynomial_ridge,96,91265681,0.9218361836183617,3.9736071985765874e-42,-0.11452889664016525,0.26146690000592715,False,0.04060150375939849,0.884,-0.0004463745014853474,-0.0009474738911779004,4.655048387630831e-05,-0.042148644719915924,False,False,False,False,True
post_treatment_control,estimand-warning,False,100,4,polynomial_ridge,97,91265682,0.8908130813081306,2.4013252584188162e-35,0.04257046390537178,0.6772580141444576,False,0.23157894736842105,0.326,-0.0004010811561922182,-0.001289181196898079,0.00036715444860454,-0.031317564729424666,False,False,False,False,False
post_treatment_control,estimand-warning,False,100,4,polynomial_ridge,98,91265683,0.9083828382838284,6.847139472914607e-39,0.004805281151758201,0.9625452899279003,False,-0.2300751879699248,0.318,-0.0015490457634678156,-0.003920737971471126,0.00038694935069064854,-0.11666274983694218,False,False,False,False,False
post_treatment_control,estimand-warning,False,100,4,polynomial_ridge,99,91265684,0.9209360936093609,6.812137148968638e-42,-0.11032759112832723,0.27948387945350556,False,-0.10977443609022557,0.668,-0.00022151913904397587,-0.0014120515146384795,0.000698244717999223,-0.022222794678491354,False,False,False,False,True
post_treatment_control,estimand-warning,False,200,4,polynomial_ridge,0,92266285,0.9065941648541214,4.052951609363129e-76,-0.17617109857989824,0.01303906539230367,True,-0.2560975609756098,0.138,-0.00016063429416884184,-0.0008187411135024073,0.0004451281435955552,-0.01808448763514287,False,False,False,False,False
post_treatment_control,estimand-warning,False,200,4,polynomial_ridge,1,92266286,0.9151173779344485,4.8035907341989394e-80,0.019065895282032796,0.7897721263039524,False,-0.22157598499061917,0.208,-0.0005729025202652303,-0.0008875429093273644,-0.00027619337677693435,-0.053506807759361306,False,False,False,False,False
post_treatment_control,estimand-warning,False,200,4,polynomial_ridge,2,92266287,0.9141993549838747,1.3301071229743451e-79,-0.05756055087898579,0.42053776772895685,False,0.07992495309568483,0.63,-0.0002234403580375216,-0.00046444100594697767,1.717681613924503e-05,-0.025644986813701216,False,False,False,False,True
post_treatment_control,estimand-warning,False,200,4,polynomial_ridge,3,92266288,0.9073081827045678,1.9660918250927526e-76,0.07040171491333494,0.3243337679147229,False,0.05196998123827393,0.73,-0.000483970801152726,-0.0008958971930003004,-6.0556738489872106e-05,-0.041857217563711246,False,False,False,False,True
post_treatment_control,estimand-warning,False,200,4,polynomial_ridge,4,92266289,0.9310417760444012,1.2506994537311953e-88,0.06450439137492378,0.3666049546648128,False,0.04915572232645404,0.77,-0.0002485318046311913,-0.0005164337381708504,4.7473121380387415e-05,-0.030027266642710576,False,False,False,False,True
post_treatment_control,estimand-warning,False,200,4,polynomial_ridge,5,92266290,0.9167704192604816,7.452809955547181e-81,0.033079392106959905,0.6436168243099987,False,-0.18142589118198876,0.29,-0.00037782492407480855,-0.000983058192610941,9.414552267292966e-05,-0.034488227055203276,False,False,False,False,False
post_treatment_control,estimand-warning,False,200,4,polynomial_ridge,6,92266291,0.9169579239480989,6.0182000320889705e-81,-0.015354615710490993,0.829998674922591,False,0.15178236397748596,0.382,-0.0010749034523973786,-0.0016485501540663963,-0.0005598526496192703,-0.11017046473109089,False,False,False,False,False
post_treatment_control,estimand-warning,False,200,4,polynomial_ridge,7,92266292,0.9068101702542565,3.258341149282766e-76,0.03709523590293379,0.6038653806142271,False,0.004315196998123829,0.974,-0.00025129717379208244,-0.0005141479576227545,-2.1571444273199386e-05,-0.020205594449225966,False,False,False,False,True
post_treatment_control,estimand-warning,False,200,4,polynomial_ridge,8,92266293,0.8964044101102528,6.823010268209576e-72,-0.11277306340544055,0.11368136448954917,False,-0.04784240150093809,0.726,-0.00022601626512625678,-0.0006168503006178801,0.0001740995740949393,-0.02157737167455089,False,False,False,False,True
post_treatment_control,estimand-warning,False,200,4,polynomial_ridge,9,92266294,0.9381414535363385,3.8038942398694985e-93,0.11023847334722575,0.12208347886204106,False,0.04821763602251408,0.796,-0.0001930898032912222,-0.0005063109929114766,0.0001306574345259932,-0.02469714250026599,False,False,False,False,True
post_treatment_control,estimand-warning,False,200,4,polynomial_ridge,10,92266295,0.892585314632866,2.0213920984630817e-70,0.012078205811018136,0.8658867048407846,False,-0.06660412757973734,0.688,-0.0004036644472571963,-0.000718943426340887,-0.00010523890174686769,-0.02869290330146094,False,False,False,False,True
post_treatment_control,estimand-warning,False,200,4,polynomial_ridge,11,92266296,0.9032670816770421,1.0941652170593553e-74,-0.02867252188517343,0.6884303617118603,False,0.07448405253283302,0.68,0.0002831361248390226,-0.000278910616815452,0.0009045350545059141,0.026735665022947528,False,True,False,False,True
post_treatment_control,estimand-warning,False,200,4,polynomial_ridge,12,92266297,0.9256296407410186,1.6886948816378046e-85,0.038034911966553335,0.5947242100749668,False,-0.09455909943714824,0.566,-0.00031470905480084424,-0.0007076843287660033,0.00010937087073140043,-0.035524284065476454,False,False,False,False,True
post_treatment_control,estimand-warning,False,200,4,polynomial_ridge,13,92266298,0.915708392709818,2.4782476707786324e-80,0.07762664203233009,0.27702405755121745,False,0.15703564727954974,0.352,-0.0008220567456039257,-0.0015513255703220542,-0.00023413074525624152,-0.08343741890940759,False,False,False,False,False
post_treatment_control,estimand-warning,False,200,4,polynomial_ridge,14,92266299,0.9224000600015002,9.650957566391183e-84,0.00795928396633399,0.9113866228617873,False,0.10544090056285181,0.512,-4.769515020768521e-05,-0.0002904035471791042,0.00020450506032099094,-0.005459465456863281,False,False,False,False,True
post_treatment_control,estimand-warning,False,200,4,polynomial_ridge,15,92266300,0.9323813095327385,1.9183974838020595e-89,0.04274917806513394,0.5498405492020061,False,0.18686679174484055,0.252,-0.00015136154455711384,-0.00032655069262801456,4.854902712351834e-05,-0.019043780021981035,False,False,False,False,False
post_treatment_control,estimand-warning,False,200,4,polynomial_ridge,16,92266301,0.8956543913597841,1.3411745179607717e-71,0.13169230785514544,0.06439934820561999,False,0.1532833020637899,0.364,0.00021681908626425793,-0.0007300665003554161,0.0012225514816241107,0.014651163348816422,False,True,False,False,False
post_treatment_control,estimand-warning,False,200,4,polynomial_ridge,17,92266302,0.8959048976224407,1.0707857033213598e-71,-0.02710468844290376,0.7046495465521456,False,-0.13320825515947468,0.396,3.6565565353759155e-05,-0.0005281508790870537,0.0006753713747078708,0.003213311984411809,False,True,False,False,True
post_treatment_control,estimand-warning,False,200,4,polynomial_ridge,18,92266303,0.9066571664291608,3.80323011330724e-76,0.15928560433685282,0.02499458802510369,True,0.24315196998123828,0.166,0.00021119485079321675,-0.00039073683189046166,0.0007850738248316281,0.017117926697371607,False,True,False,False,False
post_treatment_control,estimand-warning,False,200,4,polynomial_ridge,19,92266304,0.9142068551713795,1.3191464518497491e-79,0.06808052415793137,0.34058061481561774,False,-0.03414634146341464,0.832,5.486353832987595e-05,-0.0002755989737255072,0.00036345651643152754,0.0047467954752453585,False,True,False,False,True
post_treatment_control,estimand-warning,False,200,4,polynomial_ridge,20,92266305,0.9251601290032252,3.07515093554611e-85,0.14607523700277142,0.04002658896187001,True,0.30187617260787997,0.076,9.766879336119832e-05,-0.0007326176755925297,0.0009053935482205726,0.009092130099318236,False,True,False,False,False
post_treatment_control,estimand-warning,False,200,4,polynomial_ridge,21,92266306,0.926916672916823,3.1996792626875905e-86,0.14496392966824326,0.04158152167367136,True,0.08105065666041278,0.642,-0.00022079837885033426,-0.0011252738414364012,0.0006004891035126739,-0.021501515708045198,False,False,False,False,True
post_treatment_control,estimand-warning,False,200,4,polynomial_ridge,22,92266307,0.8872496812420312,1.867217958213682e-68,-0.09115576960556672,0.20152640777346872,False,0.100375234521576,0.542,-0.0005898672997002724,-0.001365845598239761,0.00019219489485102653,-0.04334361839991469,False,False,False,False,True
post_treatment_control,estimand-warning,False,200,4,polynomial_ridge,23,92266308,0.901036525913148,9.330157344474557e-74,0.059621926533011786,0.4040637419793943,False,0.10318949343339588,0.486,-0.0005635519624019054,-0.0010377970668694325,-0.00010969177584545367,-0.04761021465114221,False,False,False,False,True
post_treatment_control,estimand-warning,False,200,4,polynomial_ridge,24,92266309,0.8613335333383336,3.8450764915617307e-60,-0.047785303601442446,0.5037994615140555,False,-0.12757973733583491,0.428,-0.0003987665300181839,-0.0007859868585592273,-7.064145437325424e-05,-0.025789273452295793,False,False,False,False,True
post_treatment_control,estimand-warning,False,200,4,polynomial_ridge,25,92266310,0.8979029475736895,1.7407748166809365e-72,-0.07203301692052066,0.31322048511148826,False,0.14934333958724202,0.338,-0.0004760297539540114,-0.0010432285163308526,1.2613045974767497e-05,-0.04355925263837308,False,False,False,False,True
post_treatment_control,estimand-warning,False,200,4,polynomial_ridge,26,92266311,0.9033030825770646,1.056512563191224e-74,-0.005683068125992817,0.9366650144960033,False,-0.04652908067542214,0.764,-0.000653774011831627,-0.001141123222180927,-7.956032922033402e-05,-0.056530611097238066,False,False,False,False,True
post_treatment_control,estimand-warning,False,200,4,polynomial_ridge,27,92266312,0.9242136053401336,1.0174781705858437e-84,-0.0177733047902667,0.8037253458681742,False,0.0602251407129456,0.682,-0.0003111995935712354,-0.0008233052817548476,0.00018320666161220685,-0.0356723125826193,False,False,False,False,True
post_treatment_control,estimand-warning,False,200,4,polynomial_ridge,28,92266313,0.8959303982599567,1.0464889565545608e-71,0.00678201509806509,0.9244512297770184,False,0.3784240150093809,0.022,-0.00027858601759568613,-0.0006028096904694615,-2.3389569950942306e-06,-0.02542539700293704,True,False,False,False,False
post_treatment_control,estimand-warning,False,200,4,polynomial_ridge,29,92266314,0.9146403660091503,8.16622421680574e-80,-0.030254362685701832,0.6722091279813278,False,-0.003939962476547843,0.982,-0.00041075292204408725,-0.0007579476579648226,-7.85789581760215e-05,-0.04129633727979864,False,False,False,False,True
post_treatment_control,estimand-warning,False,200,4,polynomial_ridge,30,92266315,0.909486237155929,2.0859048843200278e-77,0.15358355584173208,0.03075237552410267,True,0.35196998123827394,0.026,-0.00021093453550508935,-0.000978140482661778,0.0005468077133757385,-0.016655127664151913,True,False,False,False,False
post_treatment_control,estimand-warning,False,200,4,polynomial_ridge,31,92266316,0.9053161329033228,1.4582847900396507e-75,0.07920700196200595,0.2673317431126885,False,0.041275797373358354,0.776,-9.155276333316399e-05,-0.0004790393691317854,0.0002453089878242384,-0.0076688621755046545,False,False,False,False,True
post_treatment_control,estimand-warning,False,200,4,polynomial_ridge,32,92266317,0.9147273681842049,7.414627170390617e-80,0.06772733806187783,0.3430972790282495,False,0.16341463414634147,0.312,-0.0006097288969529133,-0.0011301858016537992,-0.00014809781840001177,-0.057873713572217676,False,False,False,False,False
post_treatment_control,estimand-warning,False,200,4,polynomial_ridge,33,92266318,0.9097697442436062,1.5511835992986856e-77,0.07714196373944404,0.2800436039408908,False,0.13808630393996252,0.394,0.000202517599093191,-0.00019596221272262916,0.0006467936712448996,0.01717633667463577,False,True,False,False,True
post_treatment_control,estimand-warning,False,200,4,polynomial_ridge,34,92266319,0.8969474236855922,4.1693339806172094e-72,0.08127119082775681,0.2550243410440261,False,0.200562851782364,0.208,-0.00033718769137638244,-0.0010852075400975358,0.0003125993826347386,-0.02704631008106424,False,False,False,False,False
post_treatment_control,estimand-warning,False,200,4,polynomial_ridge,35,92266320,0.8895387384684619,2.756369335102283e-69,-0.013699918727777068,0.8480842370503194,False,-0.1853658536585366,0.248,-0.00042083323707106483,-0.0006847094205017409,-0.0001384310297748062,-0.03326450704363777,False,False,False,False,False
post_treatment_control,estimand-warning,False,200,4,polynomial_ridge,36,92266321,0.9260616515412887,9.694210255139281e-86,0.005350236396686563,0.9403671849548488,False,0.1350844277673546,0.432,-0.00012845070229830502,-0.0004639463738816321,0.00015838007606967328,-0.014194871982904853,False,False,False,False,True
post_treatment_control,estimand-warning,False,200,4,polynomial_ridge,37,92266322,0.914770869271732,7.064908107724867e-80,0.050952869402454096,0.475911269201473,False,0.06604127579737337,0.692,1.743247489287801e-05,-0.0005021498618019692,0.0005750856273147193,0.0018544042530493588,False,True,False,False,True
post_treatment_control,estimand-warning,False,200,4,polynomial_ridge,38,92266323,0.8884662116552915,6.790351620492323e-69,-0.05660223677549146,0.4283277478275338,False,-0.06923076923076925,0.652,-0.0006139804791783776,-0.0013173234560726979,-9.118404475509556e-05,-0.048107914874641965,False,False,False,False,True
post_treatment_control,estimand-warning,False,200,4,polynomial_ridge,39,92266324,0.9272676816920424,2.021986152251673e-86,0.12052668972988524,0.09076153542898423,False,0.15872420262664166,0.338,-5.522361912319376e-05,-0.0005457048060985834,0.00040474322099539017,-0.005625622756977221,False,False,False,False,False
post_treatment_control,estimand-warning,False,200,4,polynomial_ridge,40,92266325,0.9080522013050326,9.194216907289149e-77,-0.06549207781671147,0.35929725778240823,False,0.03414634146341464,0.846,-0.0001968490166582796,-0.0004587511579063895,6.141284717037571e-05,-0.018109032854406498,False,False,False,False,True
post_treatment_control,estimand-warning,False,200,4,polynomial_ridge,41,92266326,0.934146853671342,1.5270706038661361e-90,0.10971654768411204,0.12387200239280903,False,0.24596622889305816,0.118,-0.00011023386711963429,-0.0003948972814228546,0.00022093865472006845,-0.01291511990073669,False,False,False,False,False
post_treatment_control,estimand-warning,False,200,4,polynomial_ridge,42,92266327,0.9305812645316134,2.3620177937286043e-88,0.1708228216630445,0.01612015472035334,True,0.2812382739212008,0.08,-0.00024222084826766056,-0.0008344683238628148,0.00041164409730126364,-0.023375486305255627,False,False,False,False,False
post_treatment_control,estimand-warning,False,200,4,polynomial_ridge,43,92266328,0.8980724518112955,1.489568209058391e-72,-0.07807904955022608,0.27422549328604245,False,-0.07711069418386493,0.644,-0.00033375981637954154,-0.000704021845837245,6.898892842843741e-05,-0.028493559509192752,False,False,False,False,True
post_treatment_control,estimand-warning,False,200,4,polynomial_ridge,44,92266329,0.8993774844371111,4.4457462098053105e-73,0.014192754991096559,0.8426888629762578,False,-0.07485928705440902,0.62,-0.0004076553659702088,-0.0007145193943744932,-0.00012418554103450668,-0.029270820214800358,False,False,False,False,True
post_treatment_control,estimand-warning,False,200,4,polynomial_ridge,45,92266330,0.9082877071926799,7.218470412764222e-77,-0.11466129343922891,0.1077210177134793,False,-0.24690431519699815,0.154,-3.0242440285845745e-05,-0.0004052742440146844,0.0002962761308748282,-0.003151543029390429,False,False,False,False,False
post_treatment_control,estimand-warning,False,200,4,polynomial_ridge,46,92266331,0.9099587489687243,1.272544129811992e-77,0.060119621783393064,0.40014449151331644,False,0.20900562851782367,0.158,0.0003137153520234408,-0.0004034511086733851,0.0010447670746075563,0.027669279193616263,False,True,False,False,False
post_treatment_control,estimand-warning,False,200,4,polynomial_ridge,47,92266332,0.9227270681767046,6.459007190697984e-84,-0.002597413546467615,0.9710291975052466,False,0.26735459662288935,0.09,-4.830345890755386e-05,-0.0005507211416456826,0.0004602136260032453,-0.005563959242589335,False,False,False,False,False
post_treatment_control,estimand-warning,False,200,4,polynomial_ridge,48,92266333,0.8993459836495914,4.5783030299177886e-73,0.010854588587787631,0.8793643965494438,False,0.16697936210131334,0.29,-0.0002838407081412909,-0.0006016311364035547,-1.785958832223368e-05,-0.02094976598397993,False,False,False,False,False
post_treatment_control,estimand-warning,False,200,4,polynomial_ridge,49,92266334,0.9264246606165156,6.065088561552414e-86,0.08464381513623831,0.2357677050304937,False,0.3864915572232646,0.016,-0.0002633928737755288,-0.0005239347972143187,1.577777032784154e-06,-0.026957845231458992,True,False,False,False,False
post_treatment_control,estimand-warning,False,200,4,polynomial_ridge,50,92266335,0.9159528988224707,1.8819987782459466e-80,0.04013429794237236,0.5745315520817875,False,0.13771106941838654,0.408,-0.0003402444055038388,-0.0005616310339937753,-0.00011561279424664297,-0.032886566642291434,False,False,False,False,True
post_treatment_control,estimand-warning,False,200,4,polynomial_ridge,51,92266336,0.9012090302257558,7.919493928247259e-74,0.06074262128568564,0.3952705873301929,False,0.07467166979362101,0.626,0.0003619773537791651,-0.000466003426778127,0.0011861140819092904,0.02847422404576004,False,True,False,False,True
post_treatment_control,estimand-warning,False,200,4,polynomial_ridge,52,92266337,0.9001695042376061,2.117042274995958e-73,-0.06539553762067644,0.3600075079148529,False,-0.13771106941838654,0.38,-0.0003190395536076234,-0.0007011509038564325,9.687094358384557e-05,-0.031452463897364544,False,False,False,False,True
post_treatment_control,estimand-warning,False,200,4,polynomial_ridge,53,92266338,0.8890782269556741,4.063995242447665e-69,-0.0532753687872622,0.4560093801103284,False,-0.054033771106941846,0.724,-0.0002791025357116936,-0.0007043014935053214,0.0001699885188135436,-0.02264426471788037,False,False,False,False,True
post_treatment_control,estimand-warning,False,200,4,polynomial_ridge,54,92266339,0.9100472511812796,1.1596910754393077e-77,-0.0034785923804218012,0.9612074971366166,False,-0.11651031894934337,0.446,-0.00029559901961423614,-0.0007282670346945177,0.0001554606015544454,-0.025716958259292714,False,False,False,False,True
post_treatment_control,estimand-warning,False,200,4,polynomial_ridge,55,92266340,0.9305842646066153,2.352287653903376e-88,0.07410527166071071,0.2994662245609839,False,0.02213883677298312,0.898,-8.742237632893349e-05,-0.000585886607283944,0.0003623052490691137,-0.008712681453134372,False,False,False,False,True
post_treatment_control,estimand-warning,False,200,4,polynomial_ridge,56,92266341,0.9144123603090079,1.051235286342595e-79,-0.026275465983809428,0.7132825743833632,False,-0.1881801125703565,0.236,-8.231932503348013e-06,-0.0004096316432128537,0.00041406385202186506,-0.0009430777102736394,False,False,False,False,False
post_treatment_control,estimand-warning,False,200,4,polynomial_ridge,57,92266342,0.9208280207005176,6.49277725880948e-83,0.015549933840659773,0.8278695717650323,False,0.07917448405253284,0.616,-0.0005201614478070327,-0.0010210594345607632,-0.00015754184135868845,-0.05335427363258411,False,False,False,False,True
post_treatment_control,estimand-warning,False,200,4,polynomial_ridge,58,92266343,0.9165559138978475,9.51209827990701e-81,0.042473997563595045,0.5524143261539052,False,-0.01707317073170732,0.928,-0.00031079259496763663,-0.0007712160963225118,0.00010809920590566651,-0.028544458954526047,False,False,False,False,True
post_treatment_control,estimand-warning,False,200,4,polynomial_ridge,59,92266344,0.914505362634066,9.484175993047359e-80,0.07645078032321137,0.28438793638519755,False,-0.15647279549718576,0.3,-0.00012320624164946503,-0.0005729389918944853,0.00025651845459336286,-0.010952482993984358,False,False,False,False,False
post_treatment_control,estimand-warning,False,200,4,polynomial_ridge,60,92266345,0.9181234530863273,1.575163746371112e-81,0.09036607169145949,0.2054757048447771,False,-0.0033771106941838653,0.98,5.542963288205152e-05,-0.00037297314850326635,0.0005512936915990345,0.005314504358231504,False,True,False,False,True
post_treatment_control,estimand-warning,False,200,4,polynomial_ridge,61,92266346,0.9067306682667068,3.531066021309255e-76,0.1856038806214439,0.00884652790958595,True,-0.029268292682926834,0.876,0.0001343293894485887,-0.0006439728606536479,0.0008719150797163043,0.010836865334272403,False,True,False,False,True
post_treatment_control,estimand-warning,False,200,4,polynomial_ridge,62,92266347,0.9184939623490589,1.0243603971640586e-81,0.0368168667906799,0.606585333159723,False,0.11463414634146342,0.458,-0.000540680544926191,-0.001155567663808069,3.493145929080905e-05,-0.051134819003382,False,False,False,False,True
post_treatment_control,estimand-warning,False,200,4,polynomial_ridge,63,92266348,0.8856806420160506,6.766923474484164e-68,-0.07164869444982293,0.31581602168793704,False,-0.06247654784240151,0.732,-0.00028831053258483383,-0.0006866613794191985,5.4925731470680494e-05,-0.021699496697841655,False,False,False,False,True
post_treatment_control,estimand-warning,False,200,4,polynomial_ridge,64,92266349,0.8997104927623191,3.256834587361144e-73,-0.09169416625199957,0.19886555183614432,False,-0.020637898686679177,0.906,4.442213405769085e-06,-0.0006112988239716801,0.0005577870661349866,0.00036211660127217756,False,True,False,False,True
post_treatment_control,estimand-warning,False,200,4,polynomial_ridge,65,92266350,0.9078016950423762,1.1884102902874345e-76,0.07945932222426264,0.2658059544810236,False,0.2611632270168856,0.112,-4.704201473978466e-05,-0.0003735195106590261,0.00028168237563596407,-0.0038160058407582954,False,False,False,False,False
post_treatment_control,estimand-warning,False,200,4,polynomial_ridge,66,92266351,0.898970974274357,6.490589004713492e-73,0.028847954925899314,0.6866241610788393,False,0.2061913696060038,0.194,-0.0004868409246405938,-0.000890922663668739,-8.831420766539429e-05,-0.03853577774708604,False,False,False,False,False
post_treatment_control,estimand-warning,False,200,4,polynomial_ridge,67,92266352,0.9326723168079203,1.2701164153395478e-89,0.03572612206982472,0.6172949775903859,False,-0.05103189493433397,0.784,-0.00022129104261137643,-0.0005467891388145376,0.00010299768148437817,-0.027000516241607125,False,False,False,False,True
post_treatment_control,estimand-warning,False,200,4,polynomial_ridge,68,92266353,0.9130758268956725,4.5553596242129876e-79,0.02685914195480385,0.7072020561777547,False,-0.02288930581613509,0.898,-0.00023348751014881652,-0.0005457504387817334,5.4728216274371034e-05,-0.023175293753169575,False,False,False,False,True
post_treatment_control,estimand-warning,False,200,4,polynomial_ridge,69,92266354,0.9031395784894622,1.2385040595073259e-74,-0.06621290627586486,0.3540217467571567,False,-0.1204502814258912,0.494,0.00023599171034043367,-0.0004279717310655876,0.0008955800221758525,0.0224423952195979,False,True,False,False,True
post_treatment_control,estimand-warning,False,200,4,polynomial_ridge,70,92266355,0.9242661066526665,9.525294855143495e-85,-0.03934120093158485,0.5821219538600734,False,-0.14671669793621014,0.394,-0.0007450959526137269,-0.0014900147763697894,-0.00016932382661345776,-0.08200833036660667,False,False,False,False,True
post_treatment_control,estimand-warning,False,200,4,polynomial_ridge,71,92266356,0.9075616890422262,1.5186161751014073e-76,0.13185685675900843,0.06406370698800519,False,0.26041275797373364,0.1,-0.00014575484243221568,-0.0005331915606939685,0.0002800911073568399,-0.012332218007305322,False,False,False,False,False
post_treatment_control,estimand-warning,False,200,4,polynomial_ridge,72,92266357,0.9008325208130205,1.1321701437178357e-73,0.03406108566225386,0.6337996687033183,False,-0.11350844277673548,0.466,-0.00021659480336599576,-0.0005190214225080698,3.057917738494543e-05,-0.019840265475635756,False,False,False,False,True
post_treatment_control,estimand-warning,False,200,4,polynomial_ridge,73,92266358,0.916306907672692,1.261588252750817e-80,0.0347963406958788,0.6264884979332822,False,0.021200750469043152,0.904,-0.0004476541370990808,-0.0008265965838457749,-9.032975868542568e-05,-0.04426742774527138,False,False,False,False,True
post_treatment_control,estimand-warning,False,200,4,polynomial_ridge,74,92266359,0.905670141753544,1.0247281532880701e-75,-0.008291119342285713,0.9077082545513898,False,-0.08574108818011258,0.596,-0.0012991086581379142,-0.002706536402132046,-0.0002278767245708808,-0.10464472800208002,False,False,False,False,True
post_treatment_control,estimand-warning,False,200,4,polynomial_ridge,75,92266360,0.9217070426760671,2.2472974006763798e-83,0.06030440240045234,0.3986951734272841,False,-0.1834896810506567,0.258,-0.00016411778839298813,-0.0006382158990576335,0.0002603422035494497,-0.016520394866194357,False,False,False,False,False
post_treatment_control,estimand-warning,False,200,4,polynomial_ridge,76,92266361,0.9235040876021903,2.469729382395901e-84,0.17232369005372197,0.015197197894636678,True,0.3549718574108819,0.024,3.8796546824678216e-05,-0.0004679043638824392,0.0005574672857304854,0.003659185053774069,True,True,False,False,False
post_treatment_control,estimand-warning,False,200,4,polynomial_ridge,77,92266362,0.9074101852546315,1.772208776871246e-76,0.05073796472661821,0.47777640708133784,False,0.04840525328330207,0.772,-0.0003506706923193329,-0.0009114826292806192,7.742854296508399e-05,-0.02900722044171051,False,False,False,False,True
post_treatment_control,estimand-warning,False,200,4,polynomial_ridge,78,92266363,0.9200675016875423,1.609886079931261e-82,0.05196646139163042,0.4671680302676039,False,0.14146341463414636,0.358,-0.0007227715645981014,-0.001283481843433724,-0.0002281366312709818,-0.07300613625547688,False,False,False,False,True
post_treatment_control,estimand-warning,False,200,4,polynomial_ridge,79,92266364,0.8997014925373135,3.2843891719003835e-73,-0.10893336639757564,0.1265937750007801,False,-0.28217636022514075,0.088,-4.512827959268946e-05,-0.0005346568585816189,0.00040618897435828674,-0.004517862061228133,False,False,False,False,False
post_treatment_control,estimand-warning,False,200,4,polynomial_ridge,80,92266365,0.9043996099902499,3.6122165182901757e-75,-0.10769931098548599,0.1309759181175193,False,0.02213883677298312,0.868,-0.00014504994987515202,-0.0007815715609685743,0.0004436688869520419,-0.013948971380431758,False,False,False,False,True
post_treatment_control,estimand-warning,False,200,4,polynomial_ridge,81,92266366,0.9171184279606991,5.009676478408236e-81,0.032552991892932606,0.648906618695625,False,0.10487804878048781,0.514,-0.00026393975026410034,-0.0006259314415554648,6.362931611059649e-05,-0.026528939031282825,False,False,False,False,True
post_treatment_control,estimand-warning,False,200,4,polynomial_ridge,82,92266367,0.9153288832220807,3.792700709268098e-80,0.09392078694775352,0.18813172067673906,False,-0.15984990619136966,0.344,-9.253148387417323e-05,-0.0006187781059218533,0.00044178435430459925,-0.008635461047942567,False,False,False,False,False
post_treatment_control,estimand-warning,False,200,4,polynomial_ridge,83,92266368,0.901035025875647,9.343453951659696e-74,-0.13482733719797999,0.05824716366440201,False,0.036022514071294566,0.79,-0.0001437110205774611,-0.0006837290531296453,0.000307171646067799,-0.013816178136947304,False,False,False,False,True
post_treatment_control,estimand-warning,False,200,4,polynomial_ridge,84,92266369,0.9152673816845421,4.062705465317082e-80,-0.01566880724838988,0.8265743822301542,False,0.26435272045028146,0.104,-0.00028452434992028326,-0.0006164716761154566,2.8360434740354667e-05,-0.029320321086792677,False,False,False,False,False
post_treatment_control,estimand-warning,False,200,4,polynomial_ridge,85,92266370,0.8901177529438237,1.687591014295747e-69,0.00466035083872732,0.9480449379252621,False,-0.04427767354596624,0.806,-0.00012544670861559803,-0.0008237506610863903,0.00044486463269043206,-0.009449594223370487,False,False,False,False,True
post_treatment_control,estimand-warning,False,200,4,polynomial_ridge,86,92266371,0.8968604215105379,4.512525453421344e-72,-0.02205636103394388,0.7577528923574449,False,-0.021763602251407135,0.886,-0.0005094583797809749,-0.0010079821331198575,-0.00010692678227421268,-0.04032133074391533,False,False,False,False,True
post_treatment_control,estimand-warning,False,200,4,polynomial_ridge,87,92266372,0.9338633465836648,2.3035076092180757e-90,0.2294361368144368,0.0011479914974702496,True,0.46285178236397756,0.004,0.0004407461283189029,-0.00031817018345997334,0.0012314944763328962,0.04189394564455427,True,True,False,False,False
post_treatment_control,estimand-warning,False,200,4,polynomial_ridge,88,92266373,0.9067021675541891,3.634233773077222e-76,0.05306476283262981,0.45779472413088995,False,0.13677298311444655,0.422,-0.00020512271694676787,-0.0006533483603621646,0.00024289684466032154,-0.019036192311548045,False,False,False,False,True
post_treatment_control,estimand-warning,False,200,4,polynomial_ridge,89,92266374,0.922163054076352,1.289719997126761e-83,-0.013849190108822471,0.8464493157772089,False,-0.24859287054409007,0.136,-0.00030452329389088484,-0.0007838254575132167,0.00017938751565471935,-0.03305471503297232,False,False,False,False,False
post_treatment_control,estimand-warning,False,200,4,polynomial_ridge,90,92266375,0.9169504237605941,6.069947928821375e-81,-0.0931827711872371,0.19164141514673477,False,0.08123827392120077,0.62,-0.0003037984044013172,-0.0007652377913732383,7.951981430161936e-05,-0.034752843408920986,False,False,False,False,True
post_treatment_control,estimand-warning,False,200,4,polynomial_ridge,91,92266376,0.89395184879622,6.10284571421119e-71,-0.05512037900169013,0.4405360906526655,False,0.10262664165103191,0.548,-0.0004538655071808107,-0.0008782103702907538,7.03705533143932e-05,-0.03732043839984815,False,False,False,False,True
post_treatment_control,estimand-warning,False,200,4,polynomial_ridge,92,92266377,0.8911977799444987,6.70841882121476e-70,-0.1017177472291638,0.15388728869713378,False,-0.1834896810506567,0.232,-0.00011242529873135843,-0.0008363665141813138,0.0005944158001281867,-0.009081610311887856,False,False,False,False,False
post_treatment_control,estimand-warning,False,200,4,polynomial_ridge,93,92266378,0.934145353633841,1.5304030282013833e-90,0.11339252164238856,0.11169823282970062,False,0.301500938086304,0.06,-0.0003452394697023766,-0.0007640658048301824,4.288544264947381e-05,-0.03865365779155799,False,False,False,False,False
post_treatment_control,estimand-warning,False,200,4,polynomial_ridge,94,92266379,0.9187144678616967,7.921637587945773e-82,0.01289009447561042,0.8569651144532369,False,-0.10243902439024392,0.518,6.853999145950244e-05,-0.00026349610946468807,0.00039143282972834657,0.006434473941896922,False,True,False,False,True
post_treatment_control,estimand-warning,False,200,4,polynomial_ridge,95,92266380,0.8974124353108829,2.728560402553707e-72,0.016757904918200218,0.8147302938910328,False,-0.21257035647279554,0.208,-0.00036599100062753055,-0.0006586357851984841,-8.16236362370516e-05,-0.027703454980571498,False,False,False,False,False
post_treatment_control,estimand-warning,False,200,4,polynomial_ridge,96,92266381,0.9123948098702469,9.529547362316693e-79,0.03313289907053136,0.6430801291187266,False,0.013320825515947468,0.938,-0.00013456110520294537,-0.0004149651739633154,0.00010434344857497128,-0.011238890106581223,False,False,False,False,True
post_treatment_control,estimand-warning,False,200,4,polynomial_ridge,97,92266382,0.9013395334883373,6.9944276396625316e-74,0.03932850296562197,0.5822438579637769,False,0.09906191369606004,0.582,6.984215561530588e-05,-0.00023197437512441712,0.00041321613872167536,0.005901935130937436,False,True,False,False,True
post_treatment_control,estimand-warning,False,200,4,polynomial_ridge,98,92266383,0.8892312307807697,3.572841848315399e-69,0.05780328303360623,0.41857782203360777,False,-0.012570356472795498,0.952,-0.0011305096815797788,-0.002048059456776168,-0.00022091089997549476,-0.08052603074621054,False,False,False,False,True
post_treatment_control,estimand-warning,False,200,4,polynomial_ridge,99,92266384,0.9198169954248857,2.1668912365140216e-82,0.1270058764933359,0.07457925385142775,False,0.2600375234521577,0.094,0.00015165545468703856,-0.0005249920233922411,0.0008070093171250462,0.015380957599459368,False,True,False,False,False
post_treatment_control,estimand-warning,False,400,4,polynomial_ridge,0,94267685,0.9173601710010687,2.616440358230486e-161,0.1108944937999376,0.026952362832655147,True,0.03520862634786685,0.756,5.080192029173827e-05,-0.00025169988270234164,0.0003650639031645677,0.00470235690459298,False,True,False,False,True
post_treatment_control,estimand-warning,False,400,4,polynomial_ridge,1,94267686,0.9145825286408039,1.4152411468437062e-158,-0.016203852324966555,0.7472479718512709,False,-0.18028598218471636,0.098,-0.00016615435894289446,-0.00030077744349531145,-4.545835212774094e-05,-0.016838925033993018,False,False,False,False,False
post_treatment_control,estimand-warning,False,400,4,polynomial_ridge,2,94267687,0.91022312639454,1.810589698429799e-154,0.03667784598028341,0.4655950847689099,False,0.0829817158931083,0.454,-0.0001447868594803177,-0.00033381883401007665,4.1138258349000164e-05,-0.013331402902731262,False,False,False,False,True
post_treatment_control,estimand-warning,False,400,4,polynomial_ridge,3,94267688,0.9091939324620778,1.573474328514759e-153,0.012946029535059479,0.7968152483936184,False,0.04256915142991092,0.696,-0.00013113635610111606,-0.00027071893414964564,-1.7269307540013296e-05,-0.01165735941669564,False,False,False,False,True
post_treatment_control,estimand-warning,False,400,4,polynomial_ridge,4,94267689,0.9016492603078768,5.703487645731398e-147,0.018620661505815497,0.7111256414838315,False,0.14306141584622598,0.198,-0.0002314440845864879,-0.0004456706355094904,-7.448680567677346e-05,-0.019548895067554244,False,False,False,False,True
post_treatment_control,estimand-warning,False,400,4,polynomial_ridge,5,94267690,0.9154613466334164,1.9782951186123122e-159,0.06233502878652803,0.2146517179643076,False,-0.02015939990623535,0.882,-4.0451421398555315e-05,-0.00020098938744241604,0.0001383488880244273,-0.003991243940837453,False,False,False,False,True
post_treatment_control,estimand-warning,False,400,4,polynomial_ridge,6,94267691,0.9096591228695179,5.940346520187281e-154,-0.08110628189124634,0.10617245054764879,False,-0.07351148616971402,0.522,-0.00011771569476451936,-0.0002731177565669972,3.8753171690840256e-05,-0.012359550666315087,False,False,False,False,True
post_treatment_control,estimand-warning,False,400,4,polynomial_ridge,7,94267692,0.917789736185851,9.69301508355297e-162,0.02953462342043841,0.5568754465296056,False,-0.12140178152836381,0.246,0.0001449906644507802,-0.0002947759192651644,0.0005363654829834142,0.015050698680318447,False,True,False,False,True
post_treatment_control,estimand-warning,False,400,4,polynomial_ridge,8,94267693,0.9127624547653422,7.792580642813894e-157,-0.08422072097915519,0.09336747213165077,False,-0.09781997187060479,0.378,-9.351275613279919e-06,-0.00020080871967650501,0.0001994303620467636,-0.0009716049181893487,False,False,False,False,True
post_treatment_control,estimand-warning,False,400,4,polynomial_ridge,9,94267694,0.9203898149363433,2.112543490920847e-164,0.059958798661421286,0.23267908330963535,False,0.17824660103141116,0.124,-3.0025896895222517e-05,-0.00024958317107330645,0.00018757837525292315,-0.002997825069634996,False,False,False,False,False
post_treatment_control,estimand-warning,False,400,4,polynomial_ridge,10,94267695,0.8917626985168657,3.8786134334591e-139,0.03088527001032121,0.5389723034812643,False,-0.11125175808720113,0.362,-0.00038945750033245706,-0.0005765985117330333,-0.00020449608035719567,-0.029074096895768724,False,False,False,False,True
post_treatment_control,estimand-warning,False,400,4,polynomial_ridge,11,94267696,0.9182303639397745,3.4805245878214276e-162,0.05969774058141303,0.23472298668775854,False,0.15328176277543368,0.174,-0.0001749147061448405,-0.00038286705469185354,1.6186977401068372e-05,-0.017254690510836248,False,False,False,False,False
post_treatment_control,estimand-warning,False,400,4,polynomial_ridge,12,94267697,0.9164005400033749,2.3588215879905587e-160,-0.021177101231007946,0.6736088468628003,False,-0.003633380215658697,0.982,-0.00012227408850895918,-0.0003089137546265054,7.085113600380678e-05,-0.013237967992153078,False,False,False,False,True
post_treatment_control,estimand-warning,False,400,4,polynomial_ridge,13,94267698,0.9223702023137644,1.721316855818694e-166,0.12951358800229287,0.009693823709303299,True,0.07932489451476794,0.464,-0.00016008589392819614,-0.0005987442591580629,0.00021267958520255554,-0.016420876804411264,False,False,False,False,True
post_treatment_control,estimand-warning,False,400,4,polynomial_ridge,14,94267699,0.9232252076575477,2.0736717719945997e-167,0.09502497544595673,0.05821602787045391,False,0.0871542428504454,0.5,-0.00015734172952967633,-0.0003993223513331079,8.203027074284177e-05,-0.016003833171296826,False,False,False,False,True
post_treatment_control,estimand-warning,False,400,4,polynomial_ridge,15,94267700,0.9166855417846361,1.2310516850308372e-160,-0.02803944449127287,0.5770250633328675,False,-0.008579465541490859,0.94,-0.00016026718153630722,-0.0003491880978308331,4.820251162923902e-06,-0.016790320534754485,False,False,False,False,True
post_treatment_control,estimand-warning,False,400,4,polynomial_ridge,16,94267701,0.9144968406052537,1.7126070768005441e-158,0.046637298523612106,0.3534128424128507,False,0.08209095171120488,0.478,-0.00011697949577509602,-0.00029501351420376627,6.901177410362818e-05,-0.010913458539359005,False,False,False,False,True
post_treatment_control,estimand-warning,False,400,4,polynomial_ridge,17,94267702,0.9143331520822003,2.463994946112754e-158,0.025525838929251064,0.6116497632265301,False,0.0010782934833567747,0.984,-0.0001373413452664691,-0.0003018436224805423,2.541803976001436e-05,-0.013939914087293143,False,False,False,False,True
post_treatment_control,estimand-warning,False,400,4,polynomial_ridge,18,94267703,0.9211452571578572,3.4231072096444605e-165,0.013306947331636898,0.7912794796792155,False,-0.08157524613220817,0.492,0.00012807902750787935,-0.00022357394743308825,0.0004720217248411587,0.013594746390259808,False,True,False,False,True
post_treatment_control,estimand-warning,False,400,4,polynomial_ridge,19,94267704,0.9183079894249339,2.904169787989687e-162,0.03605631943222125,0.47319385970210537,False,0.11169714017815284,0.308,-7.643272466811499e-05,-0.0002460472301992041,8.073909267133271e-05,-0.007492917333423963,False,False,False,False,True
post_treatment_control,estimand-warning,False,400,4,polynomial_ridge,20,94267705,0.9037676485478034,9.321778652990832e-149,0.019773862366306783,0.6941089887038273,False,0.019315518049695266,0.854,-2.7778017699897975e-05,-0.00022963713716863242,0.0001414286909594423,-0.0024270976329946493,False,False,False,False,True
post_treatment_control,estimand-warning,False,400,4,polynomial_ridge,21,94267706,0.9069499184369902,1.607169189998928e-151,-0.045744749256167526,0.36271120583702293,False,-0.019034224097515238,0.88,-0.00014220957681283092,-0.0003607921025893042,0.00011350743598165228,-0.0136913462285813,False,False,False,False,True
post_treatment_control,estimand-warning,False,400,4,polynomial_ridge,22,94267707,0.908001612510078,1.8656915202104256e-152,0.009146910621902276,0.855653236532891,False,0.09308485700890766,0.388,-0.00010849286200058025,-0.00033888886915547955,0.0001234299786758815,-0.009773235933552886,False,False,False,False,True
post_treatment_control,estimand-warning,False,400,4,polynomial_ridge,23,94267708,0.9056645979037368,2.157911933159364e-150,-0.05396822920545879,0.28279609866113326,False,-0.13668541959681202,0.228,5.380127636903792e-06,-0.00039033076911380946,0.00038727708769356546,0.0004893242019691328,False,True,False,False,True
post_treatment_control,estimand-warning,False,400,4,polynomial_ridge,24,94267709,0.8898226238913991,1.0872204189187064e-137,-0.06624532029557618,0.18720843894595116,False,-0.17712142522269106,0.118,1.8856994635302327e-05,-0.0002798735725038536,0.00033128547783477084,0.0015333149717921793,False,True,False,False,False
post_treatment_control,estimand-warning,False,400,4,polynomial_ridge,25,94267710,0.922135075844224,3.0673850608269505e-166,0.017654833572634494,0.7254890257369868,False,0.032653539615564935,0.788,5.371689225376966e-06,-0.00014729574832368663,0.00013475013070943977,0.0005899197220903121,False,True,False,False,True
post_treatment_control,estimand-warning,False,400,4,polynomial_ridge,26,94267711,0.8877839236495226,3.3774763081704924e-136,-0.020157986565531756,0.6884742787026695,False,0.06282231598687295,0.562,-0.00023812078970220085,-0.0005718238235139567,6.637482362324312e-05,-0.018965877833958977,False,False,False,False,True
post_treatment_control,estimand-warning,False,400,4,polynomial_ridge,27,94267712,0.9134250839067743,1.8295421333702237e-157,0.033788305263138724,0.5014905117509768,False,0.061040787623066105,0.548,-8.141884014214659e-05,-0.0002537460503811762,7.172310577079802e-05,-0.00787071996552583,False,False,False,False,True
post_treatment_control,estimand-warning,False,400,4,polynomial_ridge,28,94267713,0.9136774604841279,1.0503046662499102e-157,-0.04894386082262938,0.3300865068162778,False,-0.19814814814814816,0.086,-0.00010415733790834943,-0.00025453288012131325,3.954725915175298e-05,-0.010662040766889173,False,False,False,False,False
post_treatment_control,estimand-warning,False,400,4,polynomial_ridge,29,94267714,0.9187928674554215,9.335549421258518e-163,0.02468624553511991,0.62341591932916,False,0.04369432723863104,0.712,-0.0002243494117652508,-0.0003381783267223146,-0.00011961668631731062,-0.02274345157326415,False,False,False,False,True
post_treatment_control,estimand-warning,False,400,4,polynomial_ridge,30,94267715,0.8982892393077456,3.2223929347317073e-144,0.04122534228041244,0.4120992856083528,False,0.01802625410220347,0.866,-0.00012363818264263596,-0.00023840541956280926,-4.19353360358278e-06,-0.009835315785679146,False,False,False,False,True
post_treatment_control,estimand-warning,False,400,4,polynomial_ridge,31,94267716,0.9024667654172837,1.179014127303246e-147,0.05670922721569102,0.2590262409757345,False,-0.16099390529770277,0.128,-0.00013120698442879372,-0.0003697954622620905,8.936710454250904e-05,-0.010964123448106327,False,False,False,False,False
post_treatment_control,estimand-warning,False,400,4,polynomial_ridge,32,94267717,0.9052807830048937,4.652901446476873e-150,0.016684057363391982,0.7400235859805734,False,0.2433661509610877,0.026,-0.00011997861410154194,-0.0002696884803754436,9.954304920371292e-06,-0.010098978280919277,True,False,False,False,False
post_treatment_control,estimand-warning,False,400,4,polynomial_ridge,33,94267718,0.9009821311383196,2.0435649234178078e-146,-0.09744839133064505,0.052064472245115775,False,-0.19043600562587906,0.114,-7.994886591234512e-05,-0.0003293209525320923,0.00018141394125455157,-0.007381283487607946,False,False,False,False,False
post_treatment_control,estimand-warning,False,400,4,polynomial_ridge,34,94267719,0.9033883336770854,1.960853447642962e-148,-0.049625584484806744,0.3233868166143143,False,-0.0763244256915143,0.476,-0.00011205470963242259,-0.0003801286602415688,0.00019569111997942554,-0.01072178742686511,False,False,False,False,True
post_treatment_control,estimand-warning,False,400,4,polynomial_ridge,35,94267720,0.8965717285733035,7.550494221268305e-143,-0.03280195838070912,0.5140693969146043,False,0.015353961556493202,0.894,-0.00016712693635903726,-0.0003806865380251777,2.3963696017638436e-05,-0.013810752792068295,False,False,False,False,True
post_treatment_control,estimand-warning,False,400,4,polynomial_ridge,36,94267721,0.90329514559466,2.352773544983849e-148,0.042224711398047565,0.4008491900471348,False,-0.051336146272855133,0.632,-0.0002550018368366047,-0.0004212421904785173,-8.890343996060771e-05,-0.022121691839513076,False,False,False,False,True
post_treatment_control,estimand-warning,False,400,4,polynomial_ridge,37,94267722,0.9037357733485833,9.92404659022455e-149,0.011248724307709367,0.8229809462682263,False,-0.04983591186122833,0.684,-0.00011775305623094694,-0.00019248758144727978,-4.368293723758118e-05,-0.010611465542332695,False,False,False,False,True
post_treatment_control,estimand-warning,False,400,4,polynomial_ridge,38,94267723,0.9138143363396021,7.767575444879676e-158,0.0757828479290193,0.1312275150676495,False,0.05368026254102204,0.67,-0.0001409584485653776,-0.0005035918026813798,0.0001783287607094242,-0.01373670065080164,False,False,False,False,True
post_treatment_control,estimand-warning,False,400,4,polynomial_ridge,39,94267724,0.9080486753042205,1.6932707791741244e-152,-0.023860342150052307,0.635084422298322,False,-0.19038912330051572,0.082,-0.00027683430461332946,-0.0005353466466568086,1.5498104328277526e-05,-0.02732124387597692,False,False,False,False,False
post_treatment_control,estimand-warning,False,400,4,polynomial_ridge,40,94267725,0.9232000825005156,2.207502517994004e-167,-0.0074073849942220245,0.882884109920358,False,-0.028879512423816225,0.806,-0.0001635224848840315,-0.0003254418586804822,1.6393497971796284e-06,-0.018886614770856895,False,False,False,False,True
post_treatment_control,estimand-warning,False,400,4,polynomial_ridge,41,94267726,0.9101430633941462,2.1442466172386452e-154,0.07570461298436841,0.13162714352048158,False,0.09385841537740272,0.396,-5.5675180436703595e-05,-0.000265834347251111,0.00016424678557811395,-0.0050346074938042865,False,False,False,False,True
post_treatment_control,estimand-warning,False,400,4,polynomial_ridge,42,94267727,0.9056570978568615,2.1906247289425337e-150,0.013493551497034536,0.7884214272400104,False,-0.11242381622128458,0.322,-0.00016915765163174473,-0.00028828910283412474,-6.262291101405301e-05,-0.013833109991118893,False,False,False,False,True
post_treatment_control,estimand-warning,False,400,4,polynomial_ridge,43,94267728,0.9140007125044531,5.146574048033948e-158,0.04734341457297112,0.3461640689931656,False,-0.006610407876230661,0.95,-1.2473646221755619e-05,-0.00036988575333926984,0.0003203281040704541,-0.0011791545961407652,False,False,False,False,True
post_treatment_control,estimand-warning,False,400,4,polynomial_ridge,44,94267729,0.9159458496615603,6.624970530574714e-160,0.11837801129653049,0.018151234999832594,True,0.05932958274730428,0.588,6.669023648381636e-05,-0.00032099124202966613,0.0004904674804215773,0.006559650170811069,False,True,False,False,True
post_treatment_control,estimand-warning,False,400,4,polynomial_ridge,45,94267730,0.923325333283333,1.6158777397634343e-167,0.11935154865223803,0.01721481632373319,True,0.2922878574777309,0.012,-0.00014264167793672303,-0.0005322471673290794,0.000206819542149461,-0.013767471339086085,True,False,False,False,False
post_treatment_control,estimand-warning,False,400,4,polynomial_ridge,46,94267731,0.9020619503871898,2.578023206292384e-147,-0.08825497252754698,0.0786495045966504,False,-0.13616971401781527,0.204,-6.24167338890945e-05,-0.00039561203896045877,0.00029158636043257813,-0.0058932164590321376,False,False,False,False,True
post_treatment_control,estimand-warning,False,400,4,polynomial_ridge,47,94267732,0.8933930212063825,2.242147481067726e-140,-0.07043301949619814,0.16077880919932533,False,-0.07421472105016409,0.544,-0.00019470474912997374,-0.00046062934411936104,9.201293177306813e-05,-0.016991026484908214,False,False,False,False,True
post_treatment_control,estimand-warning,False,400,4,polynomial_ridge,48,94267733,0.8942842142763392,4.627966054346452e-141,0.004792880874407716,0.9240626597034526,False,-0.11190811064228787,0.342,-0.0002129475097929507,-0.0004544421734677797,6.726084378209152e-05,-0.017171497229898948,False,False,False,False,True
post_treatment_control,estimand-warning,False,400,4,polynomial_ridge,49,94267734,0.9010025687660548,1.9654754654557497e-146,-0.018217408469298934,0.7171105758124653,False,0.020768870135958743,0.87,-0.00016019068736891282,-0.0003173997922259823,-9.103640661332407e-06,-0.013871539794953555,False,False,False,False,True
post_treatment_control,estimand-warning,False,400,4,polynomial_ridge,50,94267735,0.8965925412033824,7.269775372060479e-143,-0.0781361726086426,0.11963938032981476,False,-0.11439287388654479,0.316,-8.444083090480142e-05,-0.0003520213344914261,0.00019545060842470272,-0.007752778537460208,False,False,False,False,True
post_treatment_control,estimand-warning,False,400,4,polynomial_ridge,51,94267736,0.9229863311645697,3.754913851795428e-167,0.08588221129814497,0.08705923782305044,False,0.06488513830285983,0.556,-3.5508593391398585e-05,-0.0002502038315363112,0.00014020965768015692,-0.0036527108704242878,False,False,False,False,True
post_treatment_control,estimand-warning,False,400,4,polynomial_ridge,52,94267737,0.9035574597341233,1.4080493188564857e-148,-0.010589108459841711,0.8332044738493849,False,-0.03263009845288326,0.774,-0.00026733973116375813,-0.0005055454113120157,-3.669282171710145e-05,-0.023367105246091254,False,False,False,False,True
post_treatment_control,estimand-warning,False,400,4,polynomial_ridge,53,94267738,0.9109571934824592,3.811670505205445e-155,-0.012029173648960759,0.8109232749016618,False,-0.04650726676043132,0.656,-0.00022850188371008155,-0.0003748423078709681,-9.661207213145287e-05,-0.021974903401077946,False,False,False,False,True
post_treatment_control,estimand-warning,False,400,4,polynomial_ridge,54,94267739,0.9160540378377363,5.184442816113587e-160,0.06290039100016309,0.2105144000423275,False,0.15337552742616034,0.178,-0.0002501141506339611,-0.0004171580834110019,-8.057780271379445e-05,-0.024957184228719894,False,False,False,False,False
post_treatment_control,estimand-warning,False,400,4,polynomial_ridge,55,94267740,0.9082099263120395,1.2141188410521734e-152,-0.06861847507200788,0.17186382829737948,False,-0.25133614627285517,0.046,-0.00020593301135822702,-0.0004380803756196163,2.6624037412260916e-05,-0.020459988848495217,True,False,False,False,False
post_treatment_control,estimand-warning,False,400,4,polynomial_ridge,56,94267741,0.9036660229126432,1.1380302381123114e-148,0.02310973629512036,0.645768107696446,False,-0.07503516174402251,0.498,-0.0003133261724802463,-0.0005659008990555657,-3.7325546554597946e-05,-0.026494084073574474,False,False,False,False,True
post_treatment_control,estimand-warning,False,400,4,polynomial_ridge,57,94267742,0.8952768454802843,7.849808896477929e-142,-0.09453486160082669,0.05953056341345252,False,0.03771683075480544,0.776,-0.0001528574342503676,-0.00046110399697831504,0.00011227924526321935,-0.013354029868597798,False,False,False,False,True
post_treatment_control,estimand-warning,False,400,4,polynomial_ridge,58,94267743,0.9153047831548946,2.81325272428291e-159,0.09936042980871813,0.04760203784899375,True,0.1329113924050633,0.238,-6.585176576688612e-05,-0.0004050027912630057,0.00027358814823757885,-0.005840886756190942,False,False,False,False,True
post_treatment_control,estimand-warning,False,400,4,polynomial_ridge,59,94267744,0.9060471002943766,1.0001334548494183e-150,0.02918337438429443,0.5615781886199133,False,-0.062447257383966254,0.58,-0.00016828992120446196,-0.0004278797119258284,7.181825264967689e-05,-0.01531165123205435,False,False,False,False,True
post_treatment_control,estimand-warning,False,400,4,polynomial_ridge,60,94267745,0.9088719929499559,3.078234366351444e-153,0.02447235514133923,0.6264289316596482,False,0.002015939990623535,0.988,3.933206530754019e-05,-0.00023263740096436062,0.00030703091168238667,0.0035715482987759358,False,True,False,False,True
post_treatment_control,estimand-warning,False,400,4,polynomial_ridge,61,94267746,0.9014853842836515,7.810076776090674e-147,-0.06718953703923379,0.1809867019122031,False,0.05883731833098922,0.594,-7.975414925545654e-06,-0.00031249565863078406,0.0003000609367323243,-0.000721491997464401,False,False,False,False,True
post_treatment_control,estimand-warning,False,400,4,polynomial_ridge,62,94267747,0.9094903718148237,8.463296367543324e-154,-0.04146758692697987,0.40935530027371386,False,-0.03478668541959681,0.76,-0.0002262029683945642,-0.0004386997563694516,-2.3321276477052667e-05,-0.022720776920728183,False,False,False,False,True
post_treatment_control,estimand-warning,False,400,4,polynomial_ridge,63,94267748,0.9031061444134024,3.4027681934726264e-148,0.018958052494218974,0.7061317829481242,False,-0.003727144866385373,0.978,-9.506772732933294e-05,-0.0003045035234739318,0.00011474034516208606,-0.008261002038722156,False,False,False,False,True
post_treatment_control,estimand-warning,False,400,4,polynomial_ridge,64,94267749,0.9097678735492095,4.726968497203686e-154,-0.027079551473368196,0.5901387558337104,False,0.003352086263478669,0.978,-0.00023541324191502823,-0.0005200202405575714,1.954668946783291e-05,-0.023264845523092176,False,False,False,False,True
post_treatment_control,estimand-warning,False,400,4,polynomial_ridge,65,94267750,0.9275943599647496,2.799061255586726e-172,0.034061789558980114,0.4980317416137348,False,-0.005157055789967183,0.968,-0.0003066684244320602,-0.00045926935511341626,-0.00015263866783003885,-0.03501336513460502,False,False,False,False,True
post_treatment_control,estimand-warning,False,400,4,polynomial_ridge,66,94267751,0.9093049331558323,1.2477342799909676e-153,-0.01778874410564694,0.7234916764917086,False,0.05288326300984529,0.638,-0.00015303403125880265,-0.00040649855518929394,4.509914887606728e-05,-0.015014321327770658,False,False,False,False,True
post_treatment_control,estimand-warning,False,400,4,polynomial_ridge,67,94267752,0.8916666979168619,4.580965680592123e-139,0.02036344087263487,0.6854675044652084,False,-0.15508673230192221,0.198,-0.00013511424418222173,-0.00031025081237619445,7.410118200097019e-05,-0.010217024671840571,False,False,False,False,False
post_treatment_control,estimand-warning,False,400,4,polynomial_ridge,68,94267753,0.8996553728460802,2.5177584050486664e-145,0.02660482268899698,0.5966744588309335,False,-0.017463666197843414,0.872,-0.00024381958919038847,-0.0004263682851551008,-6.305988841058798e-05,-0.021128539911106976,False,False,False,False,True
post_treatment_control,estimand-warning,False,400,4,polynomial_ridge,69,94267754,0.8910456940355876,1.3393138083019125e-138,-0.07963425271232251,0.11268907377910814,False,-0.26769807782466015,0.032,-4.508669862027248e-06,-0.0003976365200166549,0.00045851727258070933,-0.00035705252388146724,True,False,False,False,False
post_treatment_control,estimand-warning,False,400,4,polynomial_ridge,70,94267755,0.9198473740460877,7.71827284833909e-164,0.054221782736665766,0.28053741079401295,False,0.019057665260196907,0.892,-0.0001751041156833489,-0.0003458106451590503,-1.750434159816767e-05,-0.01711453322497401,False,False,False,False,True
post_treatment_control,estimand-warning,False,400,4,polynomial_ridge,71,94267756,0.9079333620835129,2.1471996320052957e-152,0.06457951762531071,0.19856611465220786,False,0.10351617440225036,0.332,-0.00019538739355011783,-0.000487146249630424,9.865546031942805e-05,-0.01709961886801546,False,False,False,False,True
post_treatment_control,estimand-warning,False,400,4,polynomial_ridge,72,94267757,0.9127862674141712,7.398641789994804e-157,0.0824019132167179,0.10068637733550066,False,0.05433661509610877,0.612,-9.775155883304763e-05,-0.00044232818497465866,0.0002368113008772007,-0.008847363612168951,False,False,False,False,True
post_treatment_control,estimand-warning,False,400,4,polynomial_ridge,73,94267758,0.9005454409090056,4.688730659429072e-146,-0.03468878153815699,0.4901501116688706,False,-0.052859821847163625,0.64,-0.00019148039122948712,-0.0003588438996885203,-1.3279060629528607e-05,-0.01727962964468098,False,False,False,False,True
post_treatment_control,estimand-warning,False,400,4,polynomial_ridge,74,94267759,0.9061935387096168,7.444202435530862e-151,-0.0041618986232228195,0.9340353571971524,False,-0.024120956399437413,0.844,-5.9940711147796547e-05,-0.00029646301233682905,0.00017889310478311088,-0.005876977029891581,False,False,False,False,True
post_treatment_control,estimand-warning,False,400,4,polynomial_ridge,75,94267760,0.9282444265276657,4.970686369335441e-173,0.07870691092065314,0.11695301520448347,False,0.05182841068917018,0.614,-0.0001397771084152965,-0.0004050446305507861,9.401264756161351e-05,-0.015123081130860961,False,False,False,False,True
post_treatment_control,estimand-warning,False,400,4,polynomial_ridge,76,94267761,0.9013916336977105,9.346416708581219e-147,-0.01130940677126965,0.8220418896912784,False,0.19170182841068917,0.1,-0.00020456332644702875,-0.0004831872868866433,6.0610848811315686e-05,-0.01821952650056219,False,False,False,False,False
post_treatment_control,estimand-warning,False,400,4,polynomial_ridge,77,94267762,0.9293570584816154,2.484089015527068e-174,0.06974471188386634,0.16491855761813748,False,-0.029254571026722926,0.784,-8.931584208582422e-05,-0.0002910550076110951,0.00013716333073686955,-0.010769184792468314,False,False,False,False,True
post_treatment_control,estimand-warning,False,400,4,polynomial_ridge,78,94267763,0.9012116325727034,1.3187613015858933e-146,-0.03603712870737072,0.4734295620822133,False,0.14315518049695267,0.224,-0.0002052625465307628,-0.0003554585358894201,-7.267466446688176e-05,-0.01968715182853686,False,False,False,False,True
post_treatment_control,estimand-warning,False,400,4,polynomial_ridge,79,94267764,0.8956773479834248,3.817435860241956e-142,-0.007943564370393138,0.8744743987707404,False,-0.013619315518049695,0.9,-0.00012604593940428004,-0.000336402474470616,0.00010367465477310433,-0.010438905223999536,False,False,False,False,True
post_treatment_control,estimand-warning,False,400,4,polynomial_ridge,80,94267765,0.9026516415727598,8.238605239120253e-148,0.014265970870482769,0.7766215105601496,False,0.12543366150961088,0.28,-0.0001930061873179345,-0.00043939550013030363,3.489824350179448e-05,-0.016671915955770302,False,False,False,False,True
post_treatment_control,estimand-warning,False,400,4,polynomial_ridge,81,94267766,0.9154369714810716,2.0898644199932254e-159,0.02340384311379801,0.64157312494939,False,0.18434130332864512,0.096,-0.0003733333069342124,-0.0005901792179948656,-0.00018502885612964618,-0.037085644986126265,False,False,False,False,False
post_treatment_control,estimand-warning,False,400,4,polynomial_ridge,82,94267767,0.9121782011137569,2.7697132699136236e-156,0.03485657483465641,0.48805225282767645,False,0.15511017346460385,0.164,-2.8616895070745357e-05,-0.00024553696169526376,0.000186369470115763,-0.002663315844443125,False,False,False,False,False
post_treatment_control,estimand-warning,False,400,4,polynomial_ridge,83,94267768,0.9079249245307782,2.1848134148182166e-152,0.07484394813800489,0.13608572279751305,False,0.03584153774027192,0.75,-2.416258173632696e-05,-0.0002283044829145193,0.00017181831457119753,-0.002040729927800555,False,False,False,False,True
post_treatment_control,estimand-warning,False,400,4,polynomial_ridge,84,94267769,0.9059915999474996,1.1184226764410185e-150,-0.07907083441642444,0.11526487983822159,False,-0.0032817627754336614,0.978,-3.6988732039135858e-06,-0.00023066012558858797,0.00022185615428439154,-0.0003514569350731222,False,False,False,False,True
post_treatment_control,estimand-warning,False,400,4,polynomial_ridge,85,94267770,0.8976886730542064,9.770721826103316e-144,0.014966401877697506,0.7659654641137856,False,0.07051101734646038,0.528,-0.0002158018600143096,-0.000453433808893434,-2.2466578110880626e-06,-0.01681256928138914,False,False,False,False,True
post_treatment_control,estimand-warning,False,400,4,polynomial_ridge,86,94267771,0.90452534078338,2.0910462638830154e-149,-0.010525172718037075,0.8341969524125934,False,-0.004664791373652133,0.94,-0.0002078901162629685,-0.000491875614031754,0.00010923436770515405,-0.018375188607667407,False,False,False,False,True
post_treatment_control,estimand-warning,False,400,4,polynomial_ridge,87,94267772,0.9061155382221138,8.712672417688463e-151,0.10402389045784319,0.038044633568500706,True,-0.060900140646976096,0.58,-9.448779640662541e-05,-0.00038225025231670794,0.00020675705256558845,-0.007798169959400232,False,False,False,False,True
post_treatment_control,estimand-warning,False,400,4,polynomial_ridge,88,94267773,0.9060092250576565,1.0794237374655169e-150,-0.03742073360212375,0.45660185563436856,False,0.11225972808251292,0.322,-6.469655885604775e-05,-0.00026166687768476815,0.00011835595386590057,-0.006208912987104912,False,False,False,False,True
post_treatment_control,estimand-warning,False,400,4,polynomial_ridge,89,94267774,0.9021416383852399,2.2106541544804216e-147,0.032572326093178554,0.5170211843763592,False,-0.0065400843881856545,0.962,-8.750627285441029e-05,-0.00025561182312697407,6.68868851450869e-05,-0.006966720258391641,False,False,False,False,True
post_treatment_control,estimand-warning,False,400,4,polynomial_ridge,90,94267775,0.9172302326889542,3.5293718200417536e-161,0.12070439208259295,0.015983760565123004,True,0.09142053445850915,0.426,-1.3187502049217745e-05,-0.0002937962111932528,0.0002524299932575159,-0.0011907234181719021,False,False,False,False,True
post_treatment_control,estimand-warning,False,400,4,polynomial_ridge,91,94267776,0.9036442727767048,1.1876469565942554e-148,0.027398556955846424,0.5857654697258932,False,0.023816221284575712,0.822,-5.2783057447934253e-05,-0.0002481940105060003,0.00016879005247795817,-0.004406125756155982,False,False,False,False,True
post_treatment_control,estimand-warning,False,400,4,polynomial_ridge,92,94267777,0.9063984774904843,4.920322334024867e-151,-0.01930468538946858,0.7010142282525986,False,0.0757852789498359,0.484,-0.00012000628150656868,-0.00039930720134639616,9.888109215565669e-05,-0.011591129787406415,False,False,False,False,True
post_treatment_control,estimand-warning,False,400,4,polynomial_ridge,93,94267778,0.9003558772242326,6.715787531512968e-146,-0.07951247636053925,0.11324194038213421,False,-0.020815752461322085,0.864,-0.00015720807956994855,-0.00044182910576802246,7.136391855602644e-05,-0.014746512367366463,False,False,False,False,True
post_treatment_control,estimand-warning,False,400,4,polynomial_ridge,94,94267779,0.9133699585622409,2.0648603365582304e-157,-0.005906095001799572,0.906498189352734,False,0.029231129864041264,0.8,-5.9940172475472786e-05,-0.00021128111655044284,7.401310827823512e-05,-0.0060137143372106265,False,False,False,False,True
post_treatment_control,estimand-warning,False,400,4,polynomial_ridge,95,94267780,0.9003654397839986,6.59527534214127e-146,0.04700264746031085,0.3496504234919373,False,0.0213314580403188,0.862,-0.00022546982646302893,-0.0004110684584014041,-6.134896221451924e-05,-0.018071056381407238,False,False,False,False,True
post_treatment_control,estimand-warning,False,400,4,polynomial_ridge,96,94267781,0.9064978531115817,4.023893631782778e-151,-0.053941932870236985,0.28303105058959804,False,-0.12083919362400375,0.274,-0.00010903133621012993,-0.00033549057835928107,0.0001008134373973876,-0.010362901844456186,False,False,False,False,True
post_treatment_control,estimand-warning,False,400,4,polynomial_ridge,97,94267782,0.9220407627547672,3.8653545656697895e-166,0.05499222006835058,0.27374930167796,False,0.22409751523675572,0.042,0.00014889545692205013,-5.115891936462963e-05,0.00033314557926283314,0.016038891693642362,True,True,False,False,False
post_treatment_control,estimand-warning,False,400,4,polynomial_ridge,98,94267783,0.9152288451802824,3.3363512416907333e-159,-0.006015914375345485,0.9047677667032312,False,-0.013572433192686358,0.896,-5.2745835762455645e-05,-0.0002826303271215178,0.00019081723933175998,-0.005869803309989421,False,False,False,False,True
post_treatment_control,estimand-warning,False,400,4,polynomial_ridge,99,94267784,0.9141814636341475,3.4495138577185752e-158,0.07611096830889098,0.12956165832654698,False,0.10780590717299579,0.368,-2.2236561090491908e-05,-0.00020213502126602194,0.00014483214170736856,-0.0020657471394286966,False,False,False,False,True
post_treatment_control,estimand-warning,False,800,4,polynomial_ridge,0,98270485,0.9024087225136289,5.158143023295456e-294,-0.00712823682190348,0.8406581403839716,False,-0.035345130669166766,0.666,-5.3447778842837315e-05,-0.00013364847251210588,2.5359830485635972e-05,-0.004498465190150168,False,False,False,False,True
post_treatment_control,estimand-warning,False,800,4,polynomial_ridge,1,98270486,0.9161623611911895,0.0,0.04104638563593093,0.2467883380849746,False,-0.08076878003046994,0.308,-7.309900776733547e-05,-0.00021023975726124406,6.846234857071298e-05,-0.007239555933489001,False,False,False,False,True
post_treatment_control,estimand-warning,False,800,4,polynomial_ridge,2,98270487,0.907254245709759,2.1198519289526697e-302,0.07050426734203438,0.04647828662394084,True,0.09306222899332005,0.236,-3.1886390558337474e-07,-0.00014126566938283558,0.00012639418040869674,-2.8099496460973687e-05,False,False,False,False,True
post_treatment_control,estimand-warning,False,800,4,polynomial_ridge,3,98270488,0.9076120665813541,4.884345224939091e-303,0.016744308391113828,0.6367127859028319,False,-0.1316418610101957,0.098,-2.5933012321628646e-05,-0.00010648481123958285,5.4304979397569874e-05,-0.0024248028702922547,False,False,False,False,True
post_treatment_control,estimand-warning,False,800,4,polynomial_ridge,4,98270489,0.9058562904004538,6.199061767590798e-300,-0.041259883290060806,0.2443369760035936,False,-0.13886089300363294,0.106,-7.11816485145459e-05,-0.0001596091117635004,1.0303145419718914e-05,-0.006911755769084734,False,False,False,False,True
post_treatment_control,estimand-warning,False,800,4,polynomial_ridge,5,98270490,0.9141273736365215,0.0,0.01724846242285933,0.6265968351429219,False,-0.10747978436657682,0.186,-5.0875230331049945e-05,-0.0001199994845671651,1.3612554340872211e-05,-0.00502047825201662,False,False,False,False,True
post_treatment_control,estimand-warning,False,800,4,polynomial_ridge,6,98270491,0.902929129576765,6.809727068356758e-295,-0.03128707278477902,0.37742224459102075,False,-0.029385913512246575,0.69,-0.0001143953162690229,-0.00021153540178118818,-2.4719006549098203e-05,-0.010632329558525597,False,False,False,False,True
post_treatment_control,estimand-warning,False,800,4,polynomial_ridge,7,98270492,0.9049323123942382,2.5185211824492055e-298,-0.02463163372775252,0.4871611545452618,False,-0.06996367045587717,0.38,-0.0001206743574053027,-0.0002190268448331273,-2.9993634702130347e-05,-0.011308875178778335,False,False,False,False,True
post_treatment_control,estimand-warning,False,800,4,polynomial_ridge,8,98270493,0.9105528211762831,2.233256068080565e-308,-0.007823880757079633,0.8253471330461825,False,-0.016318996835813896,0.86,-5.60951437159566e-05,-0.0002038858143720274,7.866816928708351e-05,-0.005600226658564657,False,False,False,False,True
post_treatment_control,estimand-warning,False,800,4,polynomial_ridge,9,98270494,0.9076176212775333,4.7740782796232645e-303,-0.0028125102903698187,0.9367733906183988,False,-0.05451189499589828,0.47,-0.0001339352697369324,-0.00019985356376523336,-7.418039289745652e-05,-0.013231545688536524,False,False,False,False,True
post_treatment_control,estimand-warning,False,800,4,polynomial_ridge,10,98270495,0.8979302545785228,1.205492502038459e-286,-0.017456011798117944,0.6224524587991868,False,0.020948083909527716,0.8,-7.950964339596342e-05,-0.00019952345530128068,2.8852636258544902e-05,-0.006853592681717919,False,False,False,False,True
post_treatment_control,estimand-warning,False,800,4,polynomial_ridge,11,98270496,0.9166273150426798,0.0,-0.014453477297904778,0.6835115458040545,False,-0.17653814602132895,0.03,-4.9213453934679116e-05,-0.00013797869531537038,3.932132028068571e-05,-0.0050265241588949815,True,False,False,False,False
post_treatment_control,estimand-warning,False,800,4,polynomial_ridge,12,98270497,0.9050554297741091,1.5407409427619084e-298,-0.00406299583907912,0.908765591679745,False,0.020054494316184227,0.792,-0.0001163835977493876,-0.00024369564745376564,1.042221743067686e-05,-0.010481612372698011,False,False,False,False,True
post_treatment_control,estimand-warning,False,800,4,polynomial_ridge,13,98270498,0.9086279900437345,7.320725740115858e-305,-0.04646077930764606,0.18981846288123314,False,-0.010268955818586663,0.876,-7.626499648565738e-06,-0.00016010424188486017,0.00011741001425678402,-0.0007459188633868708,False,False,False,False,True
post_treatment_control,estimand-warning,False,800,4,polynomial_ridge,14,98270499,0.9047172026831293,5.933699924616142e-298,-0.055996820425204465,0.11396748182794357,False,-0.10335169342552443,0.19,-9.112786153142247e-05,-0.00024320401732961855,5.4610962298600776e-05,-0.008494842134219163,False,False,False,False,True
post_treatment_control,estimand-warning,False,800,4,polynomial_ridge,15,98270500,0.9089880609188453,1.6325278915983444e-305,0.00016029983703865448,0.9963926207700969,False,0.11442927458103831,0.146,-6.17968805679079e-05,-0.0002387265652752046,0.00010688185380092198,-0.006062826770527145,False,False,False,False,True
post_treatment_control,estimand-warning,False,800,4,polynomial_ridge,16,98270501,0.9191652486957012,0.0,-0.020507091438405855,0.5629567043923603,False,-0.0406304933786476,0.636,-9.249893309561108e-05,-0.0001912972777803597,1.3728540145348808e-06,-0.009884655595787092,False,False,False,False,True
post_treatment_control,estimand-warning,False,800,4,polynomial_ridge,17,98270502,0.9226080587625919,0.0,0.019867505494952274,0.5751994005260338,False,0.08252080159381225,0.314,-4.104066107435411e-05,-0.00013098625027807933,4.025112445637073e-05,-0.004515914912280613,False,False,False,False,True
post_treatment_control,estimand-warning,False,800,4,polynomial_ridge,18,98270503,0.9134419663155724,0.0,-0.028442247759440004,0.42234191184267317,False,-0.06131782491503574,0.44,-0.00019676814853415887,-0.0003188919280944565,-8.632222345134252e-05,-0.019129529015360466,False,False,False,False,True
post_treatment_control,estimand-warning,False,800,4,polynomial_ridge,19,98270504,0.9123381286533261,0.0,0.012017689563964557,0.7346349548505632,False,0.14340501582093051,0.074,-6.67004876592249e-05,-0.00016716994756267651,3.638715994622721e-05,-0.006557958942372475,False,False,False,False,True
post_treatment_control,estimand-warning,False,800,4,polynomial_ridge,20,98270505,0.9063521349252109,8.357745863289493e-301,0.043197375888429576,0.2228691498833359,False,-0.08824563459510136,0.318,-4.8792483284508525e-05,-0.00015176751365247713,5.1075404643402276e-05,-0.004379577350732493,False,False,False,False,True
post_treatment_control,estimand-warning,False,800,4,polynomial_ridge,21,98270506,0.9098421013157834,4.5312706121131335e-307,0.008294200698030356,0.8150325379733412,False,0.06499765615844369,0.424,-0.00011120564492380844,-0.00018893692424397504,-3.0343715737539343e-05,-0.010614003795225976,False,False,False,False,True
post_treatment_control,estimand-warning,False,800,4,polynomial_ridge,22,98270507,0.9088052950082735,3.499352106168785e-305,-0.024885411664157163,0.4826840883209301,False,-0.09642271182468065,0.28,-8.563792048160192e-05,-0.00016339114823694313,-1.822549206219511e-05,-0.008343802651418543,False,False,False,False,True
post_treatment_control,estimand-warning,False,800,4,polynomial_ridge,23,98270508,0.9046367181823723,8.1724256478726e-298,-0.03318337547778732,0.3491794545820474,False,0.15671510605883043,0.062,-5.267308612559238e-05,-0.00017212505448695515,6.383525800601528e-05,-0.004960220233494233,False,False,False,False,False
post_treatment_control,estimand-warning,False,800,4,polynomial_ridge,24,98270509,0.903020629719734,4.764328256731066e-295,0.02275848761170458,0.5208878118953599,False,-0.03168873784132192,0.694,-0.00011585228116955427,-0.0002422564614854969,-2.137564535973345e-06,-0.009963874954532534,False,False,False,False,True
post_treatment_control,estimand-warning,False,800,4,polynomial_ridge,25,98270510,0.9016317681746379,1.0379652924675437e-292,0.021235660538271476,0.5491654687755456,False,-0.03690378530411344,0.666,-5.186578432408474e-05,-0.0001546369365357305,3.644719067695433e-05,-0.004586875274910752,False,False,False,False,True
post_treatment_control,estimand-warning,False,800,4,polynomial_ridge,26,98270511,0.9077416058462592,2.8666583110027602e-303,-0.007837059942327123,0.8250576810200392,False,-0.02931266846361186,0.722,-0.00012895572362188468,-0.00022241826262942184,-3.789101192666956e-05,-0.01225970912249393,False,False,False,False,True
post_treatment_control,estimand-warning,False,800,4,polynomial_ridge,27,98270512,0.9034158803373131,1.0141888759057122e-295,0.0015380880117064652,0.9653976624062743,False,-0.01808273760693777,0.82,-2.807245754173765e-05,-6.164365026953323e-05,7.447521647727415e-06,-0.002674531686167871,False,False,False,False,True
post_treatment_control,estimand-warning,False,800,4,polynomial_ridge,28,98270513,0.9060510094547024,2.8259193695391032e-300,0.030312247963439395,0.39247270162323344,False,0.011098089769131606,0.912,-1.0336970156890266e-05,-0.00011101555324742051,8.983586379904954e-05,-0.0009110433782293674,False,False,False,False,True
post_treatment_control,estimand-warning,False,800,4,polynomial_ridge,29,98270514,0.910578016528151,2.0062940103026785e-308,0.0023325518602909873,0.9475459648854223,False,0.06067033868510488,0.45,-8.956499790127755e-05,-0.000232436970677097,2.344480540154288e-05,-0.009019075588664032,False,False,False,False,True
post_treatment_control,estimand-warning,False,800,4,polynomial_ridge,30,98270515,0.9099721093314208,2.6175671726798277e-307,-0.02380912362726681,0.5018241721723911,False,-0.1282110629321458,0.112,5.967630225258043e-05,-0.00011318494154678961,0.00026808763739312566,0.005738608319246198,False,True,False,False,True
post_treatment_control,estimand-warning,False,800,4,polynomial_ridge,31,98270516,0.910754641804128,9.45634213600126e-309,-0.039294882348228796,0.2675487673759525,False,-0.07787120590648072,0.31,-8.685432033702506e-05,-0.00020183248327666976,2.872973589413679e-05,-0.008800510477816334,False,False,False,False,True
post_treatment_control,estimand-warning,False,800,4,polynomial_ridge,32,98270517,0.9084558178997155,1.496975347499984e-304,-0.0174695522019982,0.6221824946573136,False,-0.026939528887847185,0.738,-4.157736770167737e-05,-0.00013272367347254247,4.0483553057295e-05,-0.00410989296164082,False,False,False,False,True
post_treatment_control,estimand-warning,False,800,4,polynomial_ridge,33,98270518,0.8985689977640591,1.1255513227488889e-287,0.011461843880945994,0.7464775327975858,False,-0.0052355560764092346,0.952,-7.960684872776111e-06,-0.00012656328067830699,0.00012303776899771026,-0.0006958920909634888,False,False,False,False,True
post_treatment_control,estimand-warning,False,800,4,polynomial_ridge,34,98270519,0.9073951521799253,1.190074310922223e-302,-0.015550869472654976,0.6609276495590329,False,-0.012053205203328254,0.864,-7.666131650357205e-05,-0.00016608489260511123,3.1227038188303144e-05,-0.007458948364930192,False,False,False,False,True
post_treatment_control,estimand-warning,False,800,4,polynomial_ridge,35,98270520,0.8992354206803449,9.323801480598077e-289,-0.04669859274266824,0.1875589865321129,False,-0.01651236376420954,0.856,-0.0001096737097633256,-0.00023176829183463237,2.372402322965933e-06,-0.009606125419499734,False,False,False,False,True
post_treatment_control,estimand-warning,False,800,4,polynomial_ridge,36,98270521,0.9167100261094159,0.0,-0.00951097158311309,0.7884997062127095,False,-0.13369858197585843,0.116,-4.147826643077432e-05,-0.00013107738374174647,4.969471947208154e-05,-0.004401186754569354,False,False,False,False,True
post_treatment_control,estimand-warning,False,800,4,polynomial_ridge,37,98270522,0.9061298064528226,2.055360841321024e-300,-0.0744447338959197,0.03550048267566702,True,-0.11004922067268251,0.17,-2.8096097456459593e-05,-0.00017704115884883032,0.00011385109142065144,-0.002887001237710156,False,False,False,False,True
post_treatment_control,estimand-warning,False,800,4,polynomial_ridge,38,98270523,0.9119642296316088,0.0,0.05514845138031946,0.11955944270935144,False,0.0758877299894527,0.326,-1.736703880323917e-05,-0.00018626112154293843,0.0001607183696525954,-0.0015945720095592753,False,False,False,False,True
post_treatment_control,estimand-warning,False,800,4,polynomial_ridge,39,98270524,0.9053549146170542,4.6491241673882264e-299,-0.010072169492372504,0.7763422976384621,False,0.07524024375952186,0.376,-3.630611908357617e-05,-0.00013747791266795586,6.93531778618833e-05,-0.0034164072753671043,False,False,False,False,True
post_treatment_control,estimand-warning,False,800,4,polynomial_ridge,40,98270525,0.900605227508168,5.273168498467199e-291,-0.05475883237025425,0.12219844248655516,False,-0.05362709480839095,0.518,2.9046286480918435e-05,-0.0001135543000108689,0.00016794874799329503,0.0027699682789265045,False,True,False,False,True
post_treatment_control,estimand-warning,False,800,4,polynomial_ridge,41,98270526,0.908632654113522,7.180090335056602e-305,0.0023524896639550404,0.947098260454191,False,0.03622114145083792,0.63,-8.827129488093305e-05,-0.00014796783368030728,-3.393880654066858e-05,-0.008823002309760788,False,False,False,False,True
post_treatment_control,estimand-warning,False,800,4,polynomial_ridge,42,98270527,0.9018056746963667,5.312809465029404e-293,0.013840492784077228,0.6962522979523499,False,-0.11873022383686863,0.148,-0.00015889290041690152,-0.0002572251718646091,-7.084573164813714e-05,-0.013690308215791461,False,False,False,False,True
post_treatment_control,estimand-warning,False,800,4,polynomial_ridge,43,98270528,0.911542611785331,3.23620085999577e-310,-0.008249476334954108,0.8160120431392627,False,0.006647720614086488,0.946,-4.026607596546716e-05,-0.00013730949033943543,5.1598879349081184e-05,-0.003939534023453009,False,False,False,False,True
post_treatment_control,estimand-warning,False,800,4,polynomial_ridge,44,98270529,0.9091468267919169,8.40712313130377e-306,0.02237834770178251,0.5278759803972857,False,-0.13405308801125043,0.082,-8.895020504517265e-05,-0.0002499246684165863,6.405288597387314e-05,-0.008110118158785953,False,False,False,False,True
post_treatment_control,estimand-warning,False,800,4,polynomial_ridge,45,98270530,0.9126279337936467,0.0,-0.05615144060605082,0.11297082144488999,False,-0.0046701043009492555,0.968,4.3989298716129444e-07,-0.0001276234279756447,0.00014534078448586875,4.687974524783255e-05,False,True,False,False,True
post_treatment_control,estimand-warning,False,800,4,polynomial_ridge,46,98270531,0.9133303802037191,0.0,0.031528499838199595,0.37375040683228083,False,-0.004957224891597328,0.952,-0.00011184148843853409,-0.00021419732436192478,-1.6938198225358924e-05,-0.011234105545044516,False,False,False,False,True
post_treatment_control,estimand-warning,False,800,4,polynomial_ridge,47,98270532,0.9211999549999299,0.0,-0.006114654156889119,0.8630734982170349,False,-0.07202625102543068,0.4,-6.263789114602757e-05,-0.00012018698019704024,-1.4863136121331827e-05,-0.007289443904424165,False,False,False,False,True
post_treatment_control,estimand-warning,False,800,4,polynomial_ridge,48,98270533,0.9081646299447343,5.002943492746836e-304,0.029277566946521765,0.40883842204605086,False,0.048171803586077575,0.566,-8.953244702687886e-05,-0.0001595838803553542,-2.2698250884721518e-05,-0.00817139609277143,False,False,False,False,True
post_treatment_control,estimand-warning,False,800,4,polynomial_ridge,49,98270534,0.906982229659734,6.444700107961395e-302,-0.06123661513741533,0.08384890080815058,False,-0.0518076878003047,0.478,-2.7215889175594837e-06,-0.00020054540522979096,0.00020336332665603097,-0.0002741356431841348,False,False,False,False,True
post_treatment_control,estimand-warning,False,800,4,polynomial_ridge,50,98270535,0.9138540685219823,0.0,0.008700837879967687,0.8061402219920367,False,-0.08129907418258527,0.286,-9.976729841279161e-05,-0.00019049867999588384,-1.3837744449341773e-05,-0.010401910313682606,False,False,False,False,True
post_treatment_control,estimand-warning,False,800,4,polynomial_ridge,51,98270536,0.9152834066928232,0.0,0.0419907980830187,0.23607407107258346,False,0.068838626508848,0.384,-0.00014850962643957362,-0.0002607190329511768,-4.801672974668651e-05,-0.014811766094297718,False,False,False,False,True
post_treatment_control,estimand-warning,False,800,4,polynomial_ridge,52,98270537,0.9107626808791889,9.13773606385597e-309,0.00010453031937895451,0.9976476505092676,False,-0.002941521153170046,0.98,-0.00010928364209682705,-0.00018673894240319442,-3.760331268375144e-05,-0.010540650537877843,False,False,False,False,True
post_treatment_control,estimand-warning,False,800,4,polynomial_ridge,53,98270538,0.9217277683246381,0.0,0.09602969661669525,0.0066324494688619305,True,0.1943718504629087,0.018,-2.4798431317737957e-05,-0.0002081141138526135,0.00014869889187951217,-0.002523699115194986,True,False,False,False,False
post_treatment_control,estimand-warning,False,800,4,polynomial_ridge,54,98270539,0.8930828329419266,4.79049225741654e-279,0.01228199459065583,0.7290256222009666,False,-0.006132075471698114,0.938,-0.00010089040871227514,-0.00018738703073481098,-2.8626668502914426e-05,-0.008357106705553102,False,False,False,False,True
post_treatment_control,estimand-warning,False,800,4,polynomial_ridge,55,98270540,0.9103185395602181,6.040509370542903e-308,0.01470687646216379,0.6782706143355264,False,0.030300011719207782,0.752,-9.445218290894328e-05,-0.0002035895919191557,8.172867787752692e-06,-0.008901699832285252,False,False,False,False,True
post_treatment_control,estimand-warning,False,800,4,polynomial_ridge,56,98270541,0.9065255258211341,4.13648304194666e-301,0.045706155566218834,0.19712063065338786,False,-0.05684401734442752,0.434,-5.5020848017825474e-05,-0.00013836313394598315,3.326121776896609e-05,-0.0048420399049013095,False,False,False,False,True
post_treatment_control,estimand-warning,False,800,4,polynomial_ridge,57,98270542,0.9209227358167749,0.0,0.08505170204478714,0.016252028523688677,True,-0.026965897105355675,0.706,-2.835551901460634e-05,-0.00018013864530064684,0.00015362059514983147,-0.002857372493568491,False,False,False,False,True
post_treatment_control,estimand-warning,False,800,4,polynomial_ridge,58,98270543,0.9131584893101398,0.0,0.06594231382797267,0.06261658727100472,False,0.008645845540841439,0.898,-1.3381924111917007e-05,-0.00014506583536208473,0.0001214939114844259,-0.0012553596261461511,False,False,False,False,True
post_treatment_control,estimand-warning,False,800,4,polynomial_ridge,59,98270544,0.9171926518635187,0.0,0.04151881238227775,0.2413869359876948,False,0.04202507910465252,0.642,-5.9890318999583636e-05,-0.00017307016583437897,3.9978339626526076e-05,-0.0061201497669623964,False,False,False,False,True
post_treatment_control,estimand-warning,False,800,4,polynomial_ridge,60,98270545,0.900833766927761,2.2075260269402906e-291,-0.007333357994161829,0.8361369243871267,False,0.003688620649244111,0.956,-0.00016045489618107985,-0.00025599624128271346,-7.383137339730982e-05,-0.013991083036955435,False,False,False,False,True
post_treatment_control,estimand-warning,False,800,4,polynomial_ridge,61,98270546,0.908224044100069,3.9124451376403325e-304,0.036023911356159725,0.30945305668281253,False,0.05345716629555842,0.508,-6.731089632711941e-05,-0.00020146197517115542,6.861134273972466e-05,-0.006089698957924609,False,False,False,False,True
post_treatment_control,estimand-warning,False,800,4,polynomial_ridge,62,98270547,0.9045878977935904,9.922494632904818e-298,-0.006807780717682331,0.8477319902258043,False,0.06558947615141215,0.408,-6.722600810882273e-05,-0.00012456794634543508,-8.529340284005964e-06,-0.006096490324926583,False,False,False,False,True
post_treatment_control,estimand-warning,False,800,4,polynomial_ridge,63,98270548,0.8958857982590598,2.1475988612092255e-283,-0.02744139050788948,0.43886009005402093,False,-0.04941696941286769,0.49,-0.00012138256569843749,-0.00023609508196673973,-1.8708135667698105e-05,-0.010339314890997452,False,False,False,False,True
post_treatment_control,estimand-warning,False,800,4,polynomial_ridge,64,98270549,0.9028215981587471,1.0357135372584284e-294,-0.056855353150160104,0.10851988268776258,False,-0.059876362357904604,0.458,-1.229226929974278e-05,-0.00015686682903979192,0.00011914588949939509,-0.0011409876970255128,False,False,False,False,True
post_treatment_control,estimand-warning,False,800,4,polynomial_ridge,65,98270550,0.896340439594437,4.1203953495697973e-284,-0.047180350089638466,0.1830426348935699,False,-0.1818440173444275,0.024,-5.208899203323902e-05,-0.00020614441962597187,0.0001058180099535794,-0.0046270655684004,True,False,False,False,False
post_treatment_control,estimand-warning,False,800,4,polynomial_ridge,66,98270551,0.9161831971612456,0.0,-0.0163083026444204,0.6455162599543868,False,0.08285186921364115,0.248,-5.16676661968668e-05,-0.00012109340149174156,2.700843708323085e-05,-0.005320379095072572,False,False,False,False,True
post_treatment_control,estimand-warning,False,800,4,polynomial_ridge,67,98270552,0.9192763894943586,0.0,0.08382953301752882,0.017857982817152607,True,0.15220907066682293,0.054,-3.8193178758775745e-05,-0.00033187343336124793,0.00020644979007768246,-0.003831637297185502,False,False,False,False,False
post_treatment_control,estimand-warning,False,800,4,polynomial_ridge,68,98270553,0.9045313430177235,1.2421796152779384e-297,-0.013875510644336092,0.695522108892821,False,0.010559006211180125,0.918,-2.5804592948368288e-06,-8.829262415423969e-05,8.059538937260477e-05,-0.00024403540718621682,False,False,False,False,True
post_treatment_control,estimand-warning,False,800,4,polynomial_ridge,69,98270554,0.9106553603990007,1.4435417022133835e-308,0.034932564397597836,0.3243489563766271,False,0.029977733505215046,0.68,-4.2632221620630614e-05,-0.00014335983062883247,5.9316227079746106e-05,-0.003949386581918246,False,False,False,False,True
post_treatment_control,estimand-warning,False,800,4,polynomial_ridge,70,98270555,0.8875707696418277,7.738617614695786e-271,-0.04186834610112906,0.23744444337621073,False,-0.008367514356029532,0.908,1.0991744473699827e-05,-0.00017408792598635933,0.00017948376357950475,0.0008414938596902672,False,True,False,False,True
post_treatment_control,estimand-warning,False,800,4,polynomial_ridge,71,98270556,0.9133311536424276,0.0,0.046675627724378034,0.1877763098955489,False,0.17119125747099495,0.036,-5.182013794481112e-05,-0.00013427856486413397,4.15317291510084e-05,-0.005173824932209119,True,False,False,False,False
post_treatment_control,estimand-warning,False,800,4,polynomial_ridge,72,98270557,0.9052921723315194,5.977647049529012e-299,-0.007342288543838637,0.8359402015913532,False,0.03840384390015235,0.566,-0.00012926793990879377,-0.00021848446564730773,-4.0858522424681905e-05,-0.01235665465650094,False,False,False,False,True
post_treatment_control,estimand-warning,False,800,4,polynomial_ridge,73,98270558,0.9102866410728767,6.915424929829198e-308,-0.05254824609597934,0.13804048834593366,False,-0.02714168522207899,0.69,-8.334469706261158e-05,-0.0002160052582782795,3.189349617601449e-05,-0.008940126248052318,False,False,False,False,True
post_treatment_control,estimand-warning,False,800,4,polynomial_ridge,74,98270559,0.9120828704419852,0.0,-0.0016674714839667523,0.9624889831029454,False,-0.1235761162545412,0.104,-7.805246891112033e-05,-0.00012530240086697616,-2.3425605977660642e-05,-0.00794748359060244,False,False,False,False,True
post_treatment_control,estimand-warning,False,800,4,polynomial_ridge,75,98270560,0.9155728602700942,0.0,-0.025050167534995883,0.4797895082820589,False,0.02026251025430681,0.808,-0.00010647270538477298,-0.0002031045014120994,-8.050444305056177e-06,-0.01122188348829472,False,False,False,False,True
post_treatment_control,estimand-warning,False,800,4,polynomial_ridge,76,98270561,0.9097059292280145,8.04367564178892e-307,0.011340218079341829,0.7490769331290964,False,-0.042165709598031176,0.608,-8.270111124124464e-05,-0.0001790132629910582,2.0156975932839284e-05,-0.0080026024190761,False,False,False,False,True
post_treatment_control,estimand-warning,False,800,4,polynomial_ridge,77,98270562,0.9142053503208599,0.0,0.03915408415971129,0.26926818887115983,False,0.04855853744286886,0.54,-5.282917748490254e-05,-0.00015406431407486836,5.140992724288685e-05,-0.005198310872337507,False,False,False,False,True
post_treatment_control,estimand-warning,False,800,4,polynomial_ridge,78,98270563,0.9127389808421575,0.0,-0.04336841450214086,0.2210408476656529,False,-0.004221844603304817,0.97,-2.1622186051421452e-05,-0.00012473916808340013,9.547564573179639e-05,-0.0022406428111665672,False,False,False,False,True
post_treatment_control,estimand-warning,False,800,4,polynomial_ridge,79,98270564,0.9227341995846869,0.0,0.10358823675829402,0.003394526206654261,True,0.056565686159615616,0.472,-3.185008609989971e-05,-0.00023917420428218027,0.00015798434554691274,-0.0033248831824758433,False,False,False,False,True
post_treatment_control,estimand-warning,False,800,4,polynomial_ridge,80,98270565,0.9118533232083177,8.478376036704e-311,0.04195250899261417,0.23650196676119817,False,-0.02406832298136646,0.756,-3.9935581898275715e-05,-0.00012500071276464494,3.7903229541804976e-05,-0.003818512020980099,False,False,False,False,True
post_treatment_control,estimand-warning,False,800,4,polynomial_ridge,81,98270566,0.9117958074934492,1.08681973932775e-310,0.029114739930228565,0.4114503112051785,False,0.0912926286183054,0.252,-8.312668848763777e-05,-0.00017225328978452058,-6.621638459673994e-06,-0.008674385462629561,False,False,False,False,True
post_treatment_control,estimand-warning,False,800,4,polynomial_ridge,82,98270567,0.8999217889402954,7.038789198087448e-290,0.05497781969366805,0.12070964225397128,False,0.08850345716629557,0.266,-0.00010821675368566548,-0.0002534514180352254,1.7210025496421953e-05,-0.009474558565969824,False,False,False,False,True
post_treatment_control,estimand-warning,False,800,4,polynomial_ridge,83,98270568,0.9194162178378404,0.0,0.030605510127099462,0.3879072380800682,False,0.07672272354388844,0.324,-5.8911648849670206e-05,-0.00011810827313466169,9.555897735135754e-07,-0.006053759880659966,False,False,False,False,True
post_treatment_control,estimand-warning,False,800,4,polynomial_ridge,84,98270569,0.9073956678057311,1.1875607333943634e-302,-0.037084294299221485,0.29541882576360434,False,-0.08109398804640806,0.294,-7.892255238989634e-05,-0.00018793921281553554,2.555999224874768e-05,-0.007856400682268594,False,False,False,False,True
post_treatment_control,estimand-warning,False,800,4,polynomial_ridge,85,98270570,0.9095985384352164,1.2639570506484787e-306,0.04333317663764361,0.22141663926970445,False,0.026731512949724597,0.726,-4.257907560561297e-05,-0.00015823502596774787,7.776381685699376e-05,-0.004059958192373273,False,False,False,False,True
post_treatment_control,estimand-warning,False,800,4,polynomial_ridge,86,98270571,0.9035426305353602,6.166552244450409e-296,-0.007272839194642761,0.8374703058500907,False,-0.03176198288995664,0.702,-7.652420913035335e-05,-0.00016070100993660993,-1.793617914524973e-06,-0.007129373649377279,False,False,False,False,True
post_treatment_control,estimand-warning,False,800,4,polynomial_ridge,87,98270572,0.902854270084797,9.118651049493153e-295,-0.005501985594754411,0.8766774083906613,False,0.034697644439235904,0.638,-0.00017154930656522634,-0.00025474458793454756,-8.284271738270458e-05,-0.015274287632115245,False,False,False,False,True
post_treatment_control,estimand-warning,False,800,4,polynomial_ridge,88,98270573,0.9005849071639176,5.697067132900939e-291,-0.026982236964544153,0.44656024237247627,False,-0.09699109340208602,0.244,-7.078549955497407e-05,-0.00017556535303679376,4.424441187024925e-05,-0.006250865264247577,False,False,False,False,True
post_treatment_control,estimand-warning,False,800,4,polynomial_ridge,89,98270574,0.9024349725546448,4.658604405322905e-294,0.0217944679351036,0.5387016428148678,False,-0.10023438415563106,0.22,-2.9569516015960987e-05,-0.00010630443477117845,5.1225128328055666e-05,-0.0025432309738059444,False,False,False,False,True
post_treatment_control,estimand-warning,False,800,4,polynomial_ridge,90,98270575,0.89420361594315,9.043301876832276e-281,-0.020247045521529457,0.5679192412917309,False,0.010731864525958045,0.904,-3.9064378086949014e-05,-0.0001669963600450797,7.257821519899478e-05,-0.0032680520416107878,False,False,False,False,True
post_treatment_control,estimand-warning,False,800,4,polynomial_ridge,91,98270576,0.9118246591010299,9.5955206703623e-311,0.004111656831221857,0.9076777625254091,False,0.00833235673268487,0.918,-6.508052851576795e-05,-0.00018287778824685683,3.5532569024646546e-05,-0.0065751281582343,False,False,False,False,True
post_treatment_control,estimand-warning,False,800,4,polynomial_ridge,92,98270577,0.9117878621685347,1.12473340191306e-310,0.03799374875498549,0.28372631225855494,False,-0.1268340560178132,0.082,-0.00015740795125291675,-0.0002456195980886534,-6.999471585611807e-05,-0.014763872366526369,False,False,False,False,True
post_treatment_control,estimand-warning,False,800,4,polynomial_ridge,93,98270578,0.9115165023695351,3.6209328427713e-310,0.001272243257159534,0.9713755376353574,False,0.019210711355912343,0.808,-8.136169054170049e-05,-0.0001397381189482408,-2.4700430076745952e-05,-0.007945340889523147,False,False,False,False,True
post_treatment_control,estimand-warning,False,800,4,polynomial_ridge,94,98270579,0.9057705090164203,8.757640087058209e-300,-0.015751092797991056,0.656839416527072,False,0.032008086253369275,0.702,-0.000191270820637841,-0.00032039824243392597,-8.224600165988268e-05,-0.017872639202737732,False,False,False,False,True
post_treatment_control,estimand-warning,False,800,4,polynomial_ridge,95,98270580,0.908689208889389,5.674724933527484e-305,0.018455523910448125,0.6026627054181067,False,0.049841790694949026,0.53,-0.00011779311498288751,-0.00023179763622354843,-1.9034159466596738e-06,-0.010910528313558132,False,False,False,False,True
post_treatment_control,estimand-warning,False,800,4,polynomial_ridge,96,98270581,0.9242598894685774,0.0,0.028404961253239765,0.4229506932130658,False,0.13476502988397984,0.092,-5.132808368208709e-05,-0.0001472401793788946,3.651845418943324e-05,-0.006347055005622066,False,False,False,False,True
post_treatment_control,estimand-warning,False,800,4,polynomial_ridge,97,98270582,0.8983527161761191,2.516678438550093e-287,-0.019330045867747708,0.5855833793790758,False,0.05502168053439587,0.456,-4.9119317083888905e-05,-0.00019201982422657537,8.367098739536997e-05,-0.004296992296694334,False,False,False,False,True
post_treatment_control,estimand-warning,False,800,4,polynomial_ridge,98,98270583,0.9044398194372181,1.786257357338645e-297,-0.02735859028894685,0.4402430222920121,False,-0.0494902144615024,0.526,-0.00016117776203422238,-0.0003316104260730334,-1.9084237990658744e-06,-0.015098469037089814,False,False,False,False,True
post_treatment_control,estimand-warning,False,800,4,polynomial_ridge,99,98270584,0.9092683269817611,5.0550535302758716e-306,0.07397921864920225,0.03667003424797122,True,0.0788937067854213,0.324,-4.032051910958338e-05,-0.00017889870781183614,0.00010408973112117304,-0.0034783515856304623,False,False,False,False,True
