run_uuid,run_id,config_id,environment_id,split_id,task,arch,seed_id,learning_rate,lr_level,weight_decay,dropout,optimizer,epochs,batch_size,n_train,n_val,n_test,metric_n,device,val_loss_ep7,val_acc_ep7,val_loss_ep15,val_acc_ep15,final_train_batch_loss,train_loss,train_acc,val_loss,val_acc,test_loss,test_acc,final_acc,clean_test_loss,clean_test_acc,gaussian_noise_test_loss,gaussian_noise_test_acc,blur_test_loss,blur_test_acc,low_contrast_test_loss,low_contrast_test_acc,corruption_mean_loss,corruption_mean_acc,clean_test_brier,clean_test_ece,asam_sharpness,brier,confidence_mean,distance_from_init_l2,ece,entropy_mean,feature_cosine_mean,feature_erank,feature_erank_norm,feature_norm_mean,fim_erank,fim_loss_scaled_erank,fim_loss_scaled_norm,fim_norm,fim_unit_erank,fim_unit_norm,fisher_condition,fisher_entropy,fisher_spectral,fisher_stable_rank,fisher_trace,grad_l1,grad_linf,grad_loss_logcorr,grad_mean_abs,grad_noise_scale,grad_norm,gradient_energy_entropy,gradient_energy_gini,hessian_top_eig_power,hessian_trace_hutchinson,logit_norm_mean,margin_mean,metric_batch_acc,metric_batch_loss,per_sample_grad_norm_mean,per_sample_grad_norm_std,relative_distance_from_init,sam_sharpness,update_to_weight_ratio,weight_l1,weight_l2,weight_linf,weight_rms,asam_sharpness_metric_batch_std,brier_metric_batch_std,confidence_mean_metric_batch_std,distance_from_init_l2_metric_batch_std,ece_metric_batch_std,entropy_mean_metric_batch_std,feature_cosine_mean_metric_batch_std,feature_erank_metric_batch_std,feature_erank_norm_metric_batch_std,feature_norm_mean_metric_batch_std,fim_erank_metric_batch_std,fim_loss_scaled_erank_metric_batch_std,fim_loss_scaled_norm_metric_batch_std,fim_norm_metric_batch_std,fim_unit_erank_metric_batch_std,fim_unit_norm_metric_batch_std,fisher_condition_metric_batch_std,fisher_entropy_metric_batch_std,fisher_spectral_metric_batch_std,fisher_stable_rank_metric_batch_std,fisher_trace_metric_batch_std,grad_l1_metric_batch_std,grad_linf_metric_batch_std,grad_loss_logcorr_metric_batch_std,grad_mean_abs_metric_batch_std,grad_noise_scale_metric_batch_std,grad_norm_metric_batch_std,gradient_energy_entropy_metric_batch_std,gradient_energy_gini_metric_batch_std,hessian_top_eig_power_metric_batch_std,hessian_trace_hutchinson_metric_batch_std,logit_norm_mean_metric_batch_std,margin_mean_metric_batch_std,metric_batch_acc_metric_batch_std,metric_batch_loss_metric_batch_std,per_sample_grad_norm_mean_metric_batch_std,per_sample_grad_norm_std_metric_batch_std,relative_distance_from_init_metric_batch_std,sam_sharpness_metric_batch_std,update_to_weight_ratio_metric_batch_std,weight_l1_metric_batch_std,weight_l2_metric_batch_std,weight_linf_metric_batch_std,weight_rms_metric_batch_std,random_metric,elapsed_s,error
451364b3-7133-4752-9d6d-b5df26205755,7cddd6cd2cdf-s8311,7cddd6cd2cdf,cifar10-target-transport-v1,cifar10-train-validation-test-20260823,cifar10,cnn,8311,0.0003,low,0.0,0.0,adamw,15,128,20000,5000,5000,16,cuda,1.1493043369293212,0.589,1.0433387098312379,0.628,0.7228755354881287,0.886634074151516,0.6904296875,1.0433387098312379,0.628,1.0304298612594605,0.6318,0.6318,1.0304298612594605,0.6318,2.267163674163818,0.3796,2.330295203971863,0.3026,1.7544167116165161,0.416,2.1172918632507325,0.3660666666666666,0.49263250827789307,0.0342299750627717,2.340797503789266,0.43065013488133747,0.666772186756134,12.169942855834961,0.2145790159702301,0.9280263185501099,0.6841160456339518,7.346207917243494,0.4591379948277184,10.021438280741373,5.259106695985216,6.825340618919474,0.4265837886824671,0.328694168499076,9.276975865365996,0.5798109915853747,49059.544759114586,1.6548631191253662,4578.336181640625,2.4023716626507166,10681.322265625,8387.20166015625,1.8829124768575032,0.968708336353302,0.0224356297403574,11.521138350168863,31.182053248087566,2.055979569753011,0.6133437156677246,1907.455322265625,6236.05810546875,11.435592969258627,0.48800455530484516,0.6666666666666666,0.8660856684048971,80.81106821695964,63.75346247355143,0.49641290307044983,2.663081328074137,0.4256416857242584,8081.43798828125,28.591989517211914,1.2756913900375366,0.04676338657736778,0.752737063087361,0.03087926221886231,0.03406981766599535,0.0,0.015747692282809624,0.0656175710263568,0.04376171686018218,0.6439594899111533,0.04024746811944708,0.18374927834393223,0.637240156978435,0.6008137696201687,0.03755086060126055,0.039827509811152184,1.2015418092251766,0.07509636307657354,59496.963307072816,0.1249104430161634,1549.62389495157,0.34376165993399144,2113.381442774018,2229.7228756268028,0.6899652354397401,0.011106531258178237,0.005964473523450708,6.722114341301443,8.92785556313697,0.18277160036234422,0.08482131224465997,nan,nan,0.16216443956082777,0.04086075968561381,0.07216878364870323,0.08540618399314881,7.04912686292274,8.938296909869784,0.0,0.7463623000284947,0.0,0.0,0.0,0.0,0.0,0.6790999027166149,43.60321235656738,
a963512b-f428-44c6-b729-b2f4cbff6819,7cddd6cd2cdf-s8312,7cddd6cd2cdf,cifar10-target-transport-v1,cifar10-train-validation-test-20260823,cifar10,cnn,8312,0.0003,low,0.0,0.0,adamw,15,128,20000,5000,5000,16,cuda,1.11698427734375,0.6014,0.9433643092155457,0.67,0.7912806272506714,0.7680791541934013,0.7353515625,0.9433643092155457,0.67,0.9305740442276002,0.6702,0.6702,0.9305740442276002,0.6702,1.597479955482483,0.4836,1.9903052882194519,0.3772,1.5557912695884704,0.4648,1.714525504430135,0.4418666666666667,0.44489598274230957,0.02358478341193404,2.2882411082585654,0.3166869630416234,0.6890221436818441,12.305219650268555,0.2723694443702698,0.9154590765635172,0.6820940574010214,7.286724692016835,0.4554202932510522,9.961325963338217,4.964040623461039,6.737316601424609,0.42108228758903804,0.31025253896631494,9.339043119686352,0.583690194980397,24223.859537760418,1.5915263891220093,3846.4746907552085,2.1243581165794714,8000.160481770833,7797.721516927083,1.965399980545044,0.952917476495107,0.02085878048092127,10.599577267964682,27.931613286336262,1.9778952201207478,0.6521089871724447,3244.4609375,8350.93115234375,11.339486440022787,0.5391872127850851,0.8125,0.6740338404973348,68.96518961588542,56.48162968953451,0.5018084049224854,2.907893737157186,0.4292961061000824,8102.96484375,28.663711547851562,1.2690755128860474,0.04688074067234993,0.9149168899387004,0.12589699580985306,0.041872693627081126,0.0,0.06532495579669556,0.08564130889001527,0.047333976739574,0.14415353276106582,0.009009595797566614,0.17575725981223808,0.8654205859720895,0.2645478913443754,0.016534243209023462,0.05408878662325559,1.1873065545097043,0.07420665965685652,33685.05705682042,0.18148604791313877,1029.215401696652,0.31304850738476386,1437.201477838924,2533.071833140462,0.6045558494817356,0.02432496385780387,0.006775926760004608,5.733092679962381,8.036874559619458,0.16483250932475738,0.06764537762667287,nan,nan,0.22723793519836863,0.05888496954167717,0.125,0.24970587358032056,8.33162882401565,3.356735015722843,0.0,1.09316234244013,0.0,0.0,0.0,0.0,0.0,1.4420307934189733,43.210524559020996,
f1b4ca5d-4612-434b-9538-dab6236c0848,7cddd6cd2cdf-s8313,7cddd6cd2cdf,cifar10-target-transport-v1,cifar10-train-validation-test-20260823,cifar10,cnn,8313,0.0003,low,0.0,0.0,adamw,15,128,20000,5000,5000,16,cuda,1.1037472003936768,0.607,1.0283757588386535,0.6328,0.5815294981002808,0.8398884162306786,0.7138671875,1.0283757588386535,0.6328,1.0023311562538146,0.638,0.638,1.0023311562538146,0.638,1.8039750301361084,0.4252,2.2164006563186645,0.3486,1.8532014324188233,0.3914,1.9578590396245321,0.3884,0.4764528274536133,0.022648359066806734,1.9529483318328857,0.29504897197087604,0.6981872121493021,12.172894477844238,0.1836196482181549,0.892617384592692,0.6700631777445475,7.702675225804889,0.48141720161280555,9.310835520426432,4.318529503366773,6.413559220550728,0.4008474512844205,0.2699080939604233,9.247291464532777,0.5779557165332986,194887.47623697916,1.4606568813323975,3821.11279296875,1.9155119826681906,7397.924641927083,6065.118326822917,2.4141685167948403,0.9630824128786722,0.016224094666540623,12.220014572143555,23.952556610107422,1.846472938855489,0.6886489391326904,2792.414794921875,18176.6572265625,10.18524201711019,0.5371660788853964,0.8125,0.645918091138204,64.37803395589192,56.10357920328776,0.49661019444465637,2.374457279841105,0.425436794757843,8052.9736328125,28.61269760131836,1.2677417993545532,0.046797286719083786,0.29130512919856716,0.06532725530243778,0.03082559392568734,0.0,0.029910945688216194,0.05066923792796626,0.04402344325661749,0.3691430810686136,0.02307144256678835,0.146898918642921,0.35093650299976664,0.8026417548877034,0.05016510968048146,0.021933531437485415,1.4688585341117664,0.0918036583819854,322931.9177111363,0.08282344575831845,396.5082463285449,0.3106620242635935,1969.045780310948,1475.815672322967,0.27872595094869007,0.013535068808156062,0.0039477837152386485,2.9598428292290446,5.148185704163623,0.15240058086471273,0.04483051631135911,nan,nan,0.11081313615121748,0.03388970985570752,0.0625,0.12545761525861024,5.739752832931304,11.212783038302709,0.0,0.28793608560497264,0.0,0.0,0.0,0.0,0.0,-0.12420409537250929,43.434526205062866,
eea86f78-15d7-4ad1-b711-b8ea7ecfa978,7cddd6cd2cdf-s8314,7cddd6cd2cdf,cifar10-target-transport-v1,cifar10-train-validation-test-20260823,cifar10,cnn,8314,0.0003,low,0.0,0.0,adamw,15,128,20000,5000,5000,16,cuda,1.3206468019485473,0.5486,1.1103854415893555,0.629,0.7372311353683472,0.8560122549533844,0.701171875,1.1103854415893555,0.629,1.1174358068466186,0.626,0.626,1.1174358068466186,0.626,2.0729914844512938,0.4268,1.821693203163147,0.3808,1.276651872253418,0.5656,1.7237788532892864,0.4577333333333334,0.5097808241844177,0.06244836549740285,4.881412188212077,0.5254338880379995,0.6730578343073527,12.305206298828125,0.2686346669991811,0.8951272567113241,0.7133433024088541,6.991943738936075,0.4369964836835047,10.847775141398111,4.544498720480661,5.638701118017905,0.35241881987611906,0.2840311700300413,8.77273261935642,0.5482957887097762,219881.6171875,1.511242190996806,12079.875651041666,1.978336408035858,23997.264973958332,17217.992513020832,2.6191629568735757,0.9714034001032511,0.04605785384774208,5.367373625437419,65.1288210550944,2.008212924003601,0.6325299143791199,4557.73681640625,18171.93408203125,12.192585627237955,0.490880290667216,0.6666666666666666,1.162612795829773,118.36642201741536,98.27420806884766,0.5022737979888916,7.560293992360433,0.4299003779888153,8076.205078125,28.623390197753906,1.2785494327545166,0.046814754605293274,1.0774458684963668,0.10506368870513555,0.017428202788761362,0.0,0.05577350213041273,0.03142083172149371,0.04040513803765166,0.4986728405881065,0.031167052536756657,0.2656614024399744,0.4100353253223113,0.2688594482958348,0.016803715518489675,0.025627207832644456,0.7892427221175835,0.04932767013234897,159117.51387781432,0.08926159646487256,1017.1506726745512,0.22297058392667518,4367.345036413429,5371.880993385751,0.8529730593995433,0.012131952640316909,0.014369694304993585,2.9549745496693443,19.21868197468569,0.24070726236844225,0.10161919911259382,nan,nan,0.32442409131188665,0.043425950116139304,0.14433756729740646,0.13041747403391224,21.32359052979715,6.2095238368747525,0.0,1.2921500164577853,0.0,0.0,0.0,0.0,0.0,-0.4174155006202315,43.38649296760559,
c2f4ee61-f738-48e0-a66a-ef01ad23cef0,7cddd6cd2cdf-s8315,7cddd6cd2cdf,cifar10-target-transport-v1,cifar10-train-validation-test-20260823,cifar10,cnn,8315,0.0003,low,0.0,0.0,adamw,15,128,20000,5000,5000,16,cuda,1.197040140914917,0.5704,1.016322324371338,0.645,0.9087056517601013,0.7989264577627182,0.728515625,1.016322324371338,0.645,1.007949705696106,0.6558,0.6558,1.007949705696106,0.6558,2.142851114654541,0.3788,1.9853779453277587,0.3486,1.8733226041793822,0.377,2.000517221387227,0.36813333333333337,0.4685514569282532,0.022477057831565617,1.8931596279144287,0.2735620339711507,0.7052018046379089,12.29122543334961,0.19260570158561072,0.8745386401812235,0.6868747075398763,7.594015696038582,0.4746259810024114,9.622109413146973,4.509495295352694,6.499271361990407,0.4062044601244004,0.28184345595954335,8.661388590732626,0.5413367869207891,5387.342203776042,1.4993711312611897,3658.908203125,2.010808491514949,7256.594563802083,6091.259928385417,1.827017863591512,0.9417567054430643,0.01629402271161477,14.982484022776285,22.736338933308918,1.8817747433980305,0.6800756057103475,1896.19921875,6353.9761962890625,10.452069282531738,0.5559636950492859,0.8333333333333334,0.599327027797699,65.12063980102539,54.74444834391276,0.5015531778335571,2.735917329788208,0.4287037253379822,8079.6953125,28.67067527770996,1.2654048204421997,0.04689209535717964,0.3595229550086044,0.042358597073207285,0.039085798828110495,0.0,0.07391578533060487,0.09524846557688507,0.04279963751345664,0.11778678669543102,0.007361674168464439,0.2969337082825714,0.6278699262307199,0.9641431015353795,0.06025894384596122,0.039241870389419994,1.9590516312275432,0.12244072695172145,2806.7977936442976,0.14482987405202366,602.0237368921032,0.28567506545190546,625.8869648947091,2031.2582228891656,0.40643351448408926,0.017168415465699943,0.005433583283928215,7.071593501703313,6.799224995628155,0.17276207467892218,0.05003012946674365,nan,nan,0.3878907314656777,0.03411569162240818,0.03608439182435161,0.06728206876381147,5.1984243323227055,1.178500387789336,0.0,0.6781281529133606,0.0,0.0,0.0,0.0,0.0,-0.1633685594901799,43.801846504211426,
9e861616-968d-400f-9e1d-abe28bd210b9,e6d41b31f768-s8311,e6d41b31f768,cifar10-target-transport-v1,cifar10-train-validation-test-20260823,cifar10,resnet,8311,0.0003,low,0.0,0.0,adamw,15,128,20000,5000,5000,16,cuda,1.2782715676307679,0.5988,1.3641390851974486,0.657,0.04273614659905434,0.1356773655861616,0.9599609375,1.3641390851974486,0.657,1.324017617034912,0.6656,0.6656,1.324017617034912,0.6656,1.503463821220398,0.6124,2.5918466049194335,0.4514,1.5398777976989746,0.6036,1.8783960746129356,0.5558000000000001,0.5155911445617676,0.1915781953393889,4.835733254750569,0.1786738783121109,0.8708235820134481,12.873727798461914,0.1330121929446856,0.35837506254514057,0.6420833667119344,6.700884641603781,0.4188052901002363,15.159879366556803,3.153882393178589,10.914492628689501,0.6821557892930938,0.19711764957366182,11.903028974323506,0.7439393108952191,644672766.1666666,1.1438498497009277,32589.641276041668,1.661754678774544,54255.005208333336,34879.901041666664,2.2581940491994223,0.9970121383666992,0.05007034167647362,8.250922362009684,78.8455073038737,1.2857869863510132,0.823328455289205,23275.8515625,144059.669921875,12.692109107971191,0.7762844959894816,0.875,0.3142293294270833,128.08397928873697,187.23765563964844,0.3327983319759369,9.820926825205484,0.30854886770248413,15997.11328125,41.72346496582031,1.3218365907669067,0.04999060928821564,2.561985041967493,0.1310806135551356,0.011210335939772663,0.0,0.04594605570709039,0.0235184123636316,0.03821215774808452,0.6816785060317999,0.042604906626987495,0.42285452745109325,0.36937884419726225,1.1054490206699337,0.06909056379187085,0.02308617776232889,0.7314127994158663,0.045713299963491646,613319071.6373051,0.12113331290417949,18485.351439157752,0.13420036826155562,31383.91596802991,16802.058963694573,1.035101849492413,0.0012364603743807527,0.024119471823234713,3.1061875156359666,35.11105236876498,0.17611286615579494,0.032948904149891656,nan,nan,0.5789480709311228,0.016218791635176005,0.10825317547305482,0.207602500867896,44.24743951634046,47.21754760374422,0.0,5.178346683442045,0.0,0.0,0.0,0.0,0.0,-0.6156797141644138,66.02948188781738,
5b3db87f-a2d0-4a40-88cf-77bf4c1d3f43,e6d41b31f768-s8312,e6d41b31f768,cifar10-target-transport-v1,cifar10-train-validation-test-20260823,cifar10,resnet,8312,0.0003,low,0.0,0.0,adamw,15,128,20000,5000,5000,16,cuda,1.074936605644226,0.6398,1.4051886380195617,0.6524,0.09646394848823547,0.15485810488462448,0.951171875,1.4051886380195617,0.6524,1.4116870174407958,0.6554,0.6554,1.4116870174407958,0.6554,1.9756393997192383,0.5644,2.9322717922210693,0.419,1.5837612155914307,0.5904,2.1638908025105796,0.5246000000000001,0.5361447334289551,0.20517121466400567,3.122147878011068,0.0693646405513088,0.9499420722325643,13.034067153930664,0.07264123111963272,0.16552562514940897,0.616605281829834,6.526274580453702,0.40789216127835637,15.82832400004069,2.067026682261804,10.79117708338629,0.6744485677116431,0.12918916764136276,11.733074565974087,0.7333171603733805,7452215861.333333,0.5994606564442316,24556.738525390625,1.4183796733661687,27995.1875,18122.862630208332,1.6678053339322407,0.9968924721082052,0.026015495881438255,11.93073844909668,42.475058237711586,0.6519142140944799,0.8857962489128113,6313.09326171875,12201.92041015625,13.32644780476888,0.9117509126663208,0.9583333333333334,0.17299829671780267,59.023398081461586,139.15943654378256,0.3369608521461487,7.445506572723389,0.3121759593486786,16029.1708984375,41.7523078918457,1.3194996118545532,0.050025228410959244,1.5221345522434926,0.06749653514896292,0.018030684763864043,0.0,0.04225419673969261,0.06383604485685188,0.0195284929759016,0.9095057492634134,0.05684410932896334,0.7956740918482677,1.2831738322052955,0.23959819372367488,0.01497488710772968,0.08019836451283097,0.27331972622983647,0.01708248288936478,10690011077.936228,0.6122453643905316,23756.243988436338,0.5873493723863422,26882.266175981676,10333.708173856574,0.6579382229599303,0.0012539538335003906,0.014834110160900851,3.142550537745036,25.36340108942686,0.6593729093875033,0.06583010246022439,nan,nan,0.8021492937632174,0.027819760325575413,0.03608439182435161,0.19111879256960257,33.0736160994534,81.39569068611848,0.0,4.129779793658726,0.0,0.0,0.0,0.0,0.0,-0.46687178460465645,65.97657513618469,
4df4053d-f150-4bb2-9917-df0f2fc142ea,e6d41b31f768-s8313,e6d41b31f768,cifar10-target-transport-v1,cifar10-train-validation-test-20260823,cifar10,resnet,8313,0.0003,low,0.0,0.0,adamw,15,128,20000,5000,5000,16,cuda,1.129278041267395,0.6176,1.2852909900665284,0.6718,0.08433850109577179,0.0778827159665525,0.9765625,1.2852909900665284,0.6718,1.2323609836578369,0.6838,0.6838,1.2323609836578369,0.6838,1.7747471199035645,0.5786,2.6599872937202456,0.4276,1.6937090356826783,0.5582,2.0428144831021626,0.5214666666666666,0.49138203263282776,0.1746322308172239,2.0270553827285767,0.03905787070592245,0.9631040493647257,12.981245994567871,0.04881259426474571,0.13326619813839594,0.6117810805638632,6.504198279082527,0.4065123924426579,15.591848055521647,1.5502130134707839,10.430797937342989,0.6519248710839368,0.09688831334192399,11.584022787059814,0.7240014241912384,460685621.6666667,0.42829171816507977,7672.2750244140625,1.161975256281101,9494.913248697916,10578.877604166666,1.1561553577582042,0.9971777399381002,0.01518605307986339,11.747702280680338,24.414663314819336,0.4569934407869975,0.9147491852442423,7218.03564453125,21406.50439453125,13.4432373046875,0.9360819061597189,0.9791666666666666,0.07567789529760678,33.52447191874186,79.71029663085938,0.335479736328125,5.739510377248128,0.3106223940849304,16029.1328125,41.791080474853516,1.3343886137008667,0.05007162690162659,0.43519642369300165,0.05042597211313791,0.015647288459545175,0.0,0.03565259124141762,0.05615155400306536,0.002711433501918637,0.5307329563234019,0.03317080977021262,0.10596014750535966,0.2716610669808458,0.4249648257085596,0.026560301606784974,0.016978816686302863,1.0120067252286151,0.06325042032678845,715391452.8556467,0.1734766676925451,8288.816827143006,0.12088585813111337,11019.931033021767,6848.033282238176,1.0459535814484668,0.0010702901368498077,0.009830399852742795,0.7431794474429361,16.064698085453006,0.18674688554976124,0.011241468697127787,nan,nan,0.4787853883674768,0.022962914579187015,0.03608439182435161,0.07565897709121489,22.74376248921971,50.08651845342622,0.0,1.9018297438144423,0.0,0.0,0.0,0.0,0.0,0.7357579359776434,65.8885588645935,
90205f23-3f3f-471a-af31-6adc9e5efa31,e6d41b31f768-s8314,e6d41b31f768,cifar10-target-transport-v1,cifar10-train-validation-test-20260823,cifar10,resnet,8314,0.0003,low,0.0,0.0,adamw,15,128,20000,5000,5000,16,cuda,1.089700205230713,0.6406,1.5741781818389893,0.6274,0.114127978682518,0.25724976509809494,0.9052734375,1.5741781818389893,0.6274,1.5063487129211426,0.6418,0.6418,1.5063487129211426,0.6418,2.0352494747161867,0.5482,2.7657641738891603,0.4216,1.6565193942070007,0.573,2.1525110142707824,0.5142666666666666,0.5657892823219299,0.21419545482785907,3.3643922805786133,0.16773592246075472,0.8893732031186422,13.030882835388184,0.11965436736742656,0.302115539709727,0.6558008392651876,6.223276881469506,0.3889548050918441,15.150188446044922,3.4094190441631387,10.403353535567831,0.6502095959729894,0.21308869026019617,11.4305107547318,0.7144069221707375,2569136333.3333335,1.2174797058105469,25161.941731770832,1.942647189800996,49907.02734375,29423.289388020832,1.683726926644643,0.997258722782135,0.04223733767867088,10.007947127024332,64.14440663655598,1.3235084613164265,0.8077791333198547,8498.5712890625,46369.0830078125,12.314222653706869,0.8076116840044657,0.875,0.2951100741823514,112.24375915527344,162.9518280029297,0.33688226342201233,6.02167272567749,0.31191104650497437,16024.30859375,41.77756118774414,1.3405601978302002,0.05005546286702156,1.249315736447677,0.16839694799783606,0.04088350726017051,0.0,0.05691948779105534,0.08085721397746878,0.03210340152347349,0.4265875765944942,0.026661723537155887,0.6267157010301596,0.5770572154128563,0.6418398624903199,0.04011499140564499,0.036066075963303516,0.2837661755522899,0.017735385972018118,3732389592.891644,0.16262246807067646,24813.877091899376,0.13986277738501246,51866.93984822221,19672.596141806414,0.9581341602919915,0.00046232493239477235,0.028240149545437826,3.8920610654721624,43.350647072216276,0.18987633834354858,0.03643621040835873,nan,nan,0.33417960009187225,0.0688391266645998,0.125,0.2659970935308625,76.96493186706252,101.03953624217225,0.0,1.860877877279515,0.0,0.0,0.0,0.0,0.0,0.3677786747125513,65.93152666091919,
4acc178e-68d1-49dc-a8bc-5f40d96a2ad6,e6d41b31f768-s8315,e6d41b31f768,cifar10-target-transport-v1,cifar10-train-validation-test-20260823,cifar10,resnet,8315,0.0003,low,0.0,0.0,adamw,15,128,20000,5000,5000,16,cuda,1.1511869441986085,0.6272,1.5245069787979126,0.6276,0.196655735373497,0.185603778809309,0.9384765625,1.5245069787979126,0.6276,1.4875699110984801,0.634,0.634,1.4875699110984801,0.634,2.0739180837631226,0.527,3.080880123567581,0.3924,2.0453955896377565,0.519,2.4000645989894864,0.4794666666666667,0.5650429129600525,0.21532501444744412,3.515667120615641,0.11672500520944595,0.9422171513239542,13.083104133605957,0.08550470570723216,0.18957016865412393,0.6361487507820129,6.787810258617367,0.42423814116358544,15.701658884684244,1.4881872086951333,10.365956163682002,0.6478722602301251,0.09301170054344583,11.450517886036316,0.7156573678772697,1838511369.3333333,0.36429324994484585,47923.485677083336,1.1152985190487545,53067.78515625,27789.694661458332,2.2968169848124185,0.9956194361050924,0.039892300963401794,12.305710792541504,63.079471588134766,0.38463037833571434,0.9180245995521545,13793.771484375,40607.427734375,12.479860623677572,0.900816281636556,0.9375,0.22312742471694946,85.12180074055989,212.60486857096353,0.33813342452049255,8.569233258565268,0.31288009881973267,16049.9814453125,41.81507110595703,1.33705472946167,0.05010046437382698,0.5133394565027571,0.02482146561145926,0.03686903883500715,0.0,0.020415777649924246,0.09727030397250429,0.013200162187237538,0.4989686746676196,0.031185542166726227,0.17774866210465495,0.4568720794080104,1.0573505959287612,0.06608441224554758,0.02855450496300065,0.983242321534025,0.061452645095876564,1944705508.3653882,0.3204383620289176,10684.832980892328,0.11147519353851769,10143.993467770317,2051.681686346493,0.10915230854821428,0.0025165904642788753,0.002945203412152027,2.0851791864994693,4.31264012519798,0.3324540218784933,0.018566572036611394,nan,nan,0.11966439078003627,0.06222771518780806,0.0,0.028793514680913773,20.038047405388827,23.02862302217299,0.0,0.7329839157188054,0.0,0.0,0.0,0.0,0.0,-0.4086263373807299,65.90315389633179,
64d5a678-d34e-41d7-adca-a7acdcda2f32,565b20ba866e-s8311,565b20ba866e,cifar10-target-transport-v1,cifar10-train-validation-test-20260823,cifar10,wide_resnet,8311,0.0003,low,0.0,0.0,adamw,15,128,20000,5000,5000,16,cuda,1.1974058273315429,0.6506,0.8931338586807251,0.7608,0.01837439462542534,0.00387992020114325,1.0,0.8931338586807251,0.7608,0.9004372036457062,0.7612,0.7612,0.9004372036457062,0.7612,1.2144925665855408,0.6844,2.2647251384735108,0.5134,1.2546251717090606,0.6704,1.5779476255893705,0.6227333333333332,0.3680156171321869,0.1280019395949239,1.1276715596516926,0.0001008629933494376,0.9968879024187723,15.889283180236816,0.0031120975812276206,0.020404089863101642,0.5899519721666971,6.884421780947236,0.43027636130920227,17.940173467000324,2.960242660258898,11.343975022120945,0.7089984388825591,0.1850151662661811,12.027561729943985,0.751722608121499,83728154.78092448,0.9540653824806213,25.98130750656128,1.5543212477638184,28.66541115442912,738.1060078938802,0.02782338298857212,0.9867819348971049,0.0004719076387118548,12.431808789571127,1.1690383156140645,1.0558089713255565,0.8307780822118124,113.83934020996094,141.03348541259766,13.916327794392904,0.9948185880978903,1.0,0.0031465572149803243,1.8296729723612468,3.6779585679372153,0.33549293875694275,3.152383724848429,0.3118736147880554,29513.3984375,50.94782638549805,1.2628916501998901,0.040739599615335464,0.3624638355108076,0.00014563766414235507,0.0019039090315281749,0.0,0.001903909031528175,0.009447157604810309,0.03045927012906207,0.9841190385127792,0.0615074399070487,0.16160326796568095,1.7459052957182128,1.1442050884907315,0.07151281803067072,0.1091190809823883,0.7920876166865451,0.04950547604290907,144961574.1608312,0.6476241419065748,41.96670694482512,0.5446635402461598,44.06422684662093,737.8366453500073,0.018416844718352567,0.014984290814161345,0.0004717354131275913,1.1663454391759298,1.207076535577174,0.7427799314316388,0.1096969581628072,nan,nan,0.2601638338903593,0.003045127605316599,0.0,0.001953493486903289,1.255199745778302,4.013709795825772,0.0,0.8165773957540641,0.0,0.0,0.0,0.0,0.0,-0.7201831688122963,90.77315855026245,
b4a88563-5e4f-440b-849a-00c5b2c97034,565b20ba866e-s8312,565b20ba866e,cifar10-target-transport-v1,cifar10-train-validation-test-20260823,cifar10,wide_resnet,8312,0.0003,low,0.0,0.0,adamw,15,128,20000,5000,5000,16,cuda,0.8926576832771301,0.7168,1.5573787658691407,0.6496,0.10979536175727844,0.27116365544497967,0.896484375,1.5573787658691407,0.6496,1.5042575229644775,0.6536,0.6536,1.5042575229644775,0.6536,1.8201614879608154,0.5932,2.400080813217163,0.498,1.4387339071273804,0.6382,1.8863254027684528,0.5764666666666667,0.54731684923172,0.2170613940579642,2.725186347961426,0.14598326136668524,0.8989527622858683,16.378257751464844,0.12167973568042119,0.27331478397051495,0.641059676806132,6.545279829503684,0.40907998934398027,18.910123189290363,3.4166290431775455,10.515532116720832,0.657220757295052,0.2135393151985966,11.984879216657959,0.7490549510411224,7014817664.0,1.2201958894729614,16960.223958333332,2.0110524679624064,34553.108072916664,29756.044270833332,1.5714321533838909,0.9881609479586283,0.019024509626130264,12.960877100626627,45.002684911092125,1.294626792271932,0.8147205909093221,8084.27001953125,6017.651794433594,15.502135594685873,0.8233776092529297,0.875,0.23145913084348044,91.26850001017253,145.2493642171224,0.3457821309566498,6.439453919728597,0.32041943073272705,29723.85546875,51.11505889892578,1.2643593549728394,0.040873415768146515,0.7193417961723174,0.10614404523909231,0.022910300391809444,0.0,0.061998847381513206,0.04581409653875136,0.021404107005090718,0.41792024215077733,0.026120015134423583,0.47387818295029804,0.525496735134854,0.6507625195760253,0.04067265747350158,0.03284354594592837,0.3195797151943487,0.019973732199646793,7071097054.433506,0.16200453115846594,15486.61814185866,0.2729489726135544,30432.93991011846,12634.906252142608,0.8004884746972701,0.017383786091646293,0.008078119765604245,2.0637877520181767,20.20957171007923,0.16412558833153312,0.030521808922292604,nan,nan,0.7386975615008056,0.04442364475267222,0.125,0.13304916708315803,49.91256603898242,72.0932407974207,0.0,1.8511518171765255,0.0,0.0,0.0,0.0,0.0,0.808842276638805,90.61070466041565,
953bcbc3-d724-4c9d-b9e9-a5cabdaffd6f,565b20ba866e-s8313,565b20ba866e,cifar10-target-transport-v1,cifar10-train-validation-test-20260823,cifar10,wide_resnet,8313,0.0003,low,0.0,0.0,adamw,15,128,20000,5000,5000,16,cuda,1.5111860498428344,0.5736,1.6482406448364257,0.634,0.0683162659406662,0.3465448897331953,0.876953125,1.6482406448364257,0.634,1.5675158571243286,0.6466,0.6466,1.5675158571243286,0.6466,1.7615542808532716,0.6094,2.6621602649688723,0.4536,1.6656743677139283,0.585,2.0297963045120238,0.5493333333333333,0.5516102313995361,0.21664565315586515,2.6152242024739585,0.20206543306509653,0.9056138197580973,16.407445907592773,0.13433067500591278,0.261426438887914,0.6647835969924927,6.976136925623219,0.4360085578514512,18.46065330505371,2.9102940947031093,9.795575390171292,0.6122234618857058,0.18189338091894433,11.092788118159582,0.6932992573849739,3775282346.6666665,1.0625518560409546,20083.988606770832,1.9406347284387415,37953.35546875,39980.923177083336,1.1035550832748413,0.9942736228307089,0.025561780358354252,10.664435386657715,57.708605448404946,1.146467884381612,0.837718645731608,20243.283203125,52197.466796875,14.320053736368815,0.8362271388371786,0.8333333333333334,0.4081909457842509,95.11459350585938,169.8263905843099,0.34647926688194275,6.037138382593791,0.32071253657341003,29743.71875,51.15935134887695,1.2745780944824219,0.040908798575401306,0.9172477183905896,0.02156908442808316,0.01961412832808069,0.0,0.031049326255117277,0.07274342574594098,0.046937946210909964,0.46005607285843064,0.028753504553651915,0.5841965062474787,0.3882339489794731,0.44268626090568675,0.02766789130660542,0.02426462181121707,0.5807238850970252,0.036295242818564076,1409171931.284235,0.12945847307039837,4099.989063297936,0.38615929227901213,2287.8020524914905,4524.808178466297,0.0972940915204868,0.0024315652530838296,0.0028929341058771246,2.2979286561905945,7.536542994090156,0.13566167572759324,0.023099512851589874,nan,nan,0.8582479346272149,0.023542868515100675,0.03608439182435161,0.0972366690070498,5.659368344442219,8.144129842495374,0.0,2.4646154039600243,0.0,0.0,0.0,0.0,0.0,-1.411235610765192,90.99101519584656,
9c179cb2-d3bb-4141-9577-f2af589f5152,565b20ba866e-s8314,565b20ba866e,cifar10-target-transport-v1,cifar10-train-validation-test-20260823,cifar10,wide_resnet,8314,0.0003,low,0.0,0.0,adamw,15,128,20000,5000,5000,16,cuda,1.1839790393829346,0.64,1.1219590463638305,0.7162,0.07744261622428894,0.025886179879307747,0.9931640625,1.1219590463638305,0.7162,1.093341010761261,0.7268,0.7268,1.093341010761261,0.7268,1.616753555393219,0.6168,2.398386539077759,0.5102,1.1267796592712402,0.692,1.713973251247406,0.6063333333333333,0.4278453588485718,0.15586704519955674,2.5541271766026816,0.01039854099508375,0.9689804116884867,16.117244720458984,0.031019560992717743,0.10638204713662465,0.6142053206761678,6.452920350152623,0.40330752188453894,18.552352905273438,2.9261802597571207,10.014455014237521,0.6259034383898451,0.18288626623482004,11.489929811742387,0.7181206132338992,28406317753856.0,1.0594188173611958,1836.4394632975261,1.9644039586157493,3180.2481384277344,9636.947428385416,0.28361169000466663,0.9809666872024536,0.0061613768339157104,10.549751917521158,14.563161214192709,1.124299943447113,0.8404336174329122,1289.412109375,2116.0556030273438,14.457870483398438,0.9427557587623596,1.0,0.03437914761404196,22.394213994344074,42.20719941457113,0.3403434157371521,6.796124617258708,0.31581252813339233,29567.115234375,51.03421401977539,1.2791829109191895,0.040808744728565216,1.1597339333401386,0.011300381266637816,0.018112962068209677,0.0,0.01811294308650547,0.03736936918093164,0.020223846263242088,0.9128718723561287,0.05705449202225804,0.5163094289331978,0.5997121555066977,1.5620700154590599,0.09762937596619124,0.0374820097191686,1.261580585311242,0.07884878658195263,48929283345757.44,0.20799236412882263,2427.9916136161046,0.5013961612864346,3715.3862439902114,7750.1308907711555,0.16693176593820253,0.018243922565818724,0.004955041776185075,1.3895841501673498,11.85406088336694,0.18920857959350781,0.030067163378609936,nan,nan,0.4875561511587427,0.036577539935015446,0.0,0.02155425994744012,15.086293361039354,33.44182435968027,0.0,2.9086345160835463,0.0,0.0,0.0,0.0,0.0,0.7223553230541269,90.94266295433044,
b94db49e-fc0e-4531-ba2a-8a2d6d6eeafc,565b20ba866e-s8315,565b20ba866e,cifar10-target-transport-v1,cifar10-train-validation-test-20260823,cifar10,wide_resnet,8315,0.0003,low,0.0,0.0,adamw,15,128,20000,5000,5000,16,cuda,1.4115916219711304,0.584,1.1077480699539184,0.7036,0.08415692299604416,0.07956682099029422,0.978515625,1.1077480699539184,0.7036,1.130955602645874,0.7026,0.7026,1.130955602645874,0.7026,1.6182210067749023,0.5972,2.8665249106407167,0.3926,1.3455114013671876,0.6254,1.9434191062609356,0.5384,0.45415928959846497,0.16361007332307054,1.5397522846857707,0.057581729255616665,0.94279545545578,16.83548927307129,0.05841918165485064,0.1717954104145368,0.6505010922749838,7.135495433703945,0.4459684646064966,17.76215998331706,1.9907226606418646,11.444033395344855,0.7152520872090534,0.12442016629011654,12.290843083654003,0.7681776927283752,34443601130.666664,0.6560801863670349,4598.788167317708,1.4073722477442103,7509.033121744792,14395.4384765625,0.6909453272819519,0.9975528518358866,0.00920371524989605,12.223552703857422,21.73390515645345,0.703828235467275,0.8919674356778463,10237.765625,36471.9375,13.456398010253906,0.8997514247894287,0.9583333333333334,0.12079986681540807,34.55398813883463,68.94299125671387,0.35545554757118225,3.7192704677581787,0.32790544629096985,30061.587890625,51.34251022338867,1.2704167366027832,0.041055355221033096,0.20621473450012626,0.06935752832430958,0.034863937787385314,0.0,0.036814430588506225,0.08011000419046012,0.0016549073566395043,0.7024781366299292,0.043904883539370575,0.5876264579946758,0.6424335869164834,0.4672539837292057,0.029203373983075355,0.040152099182280215,0.4630632562455374,0.028941453515346088,40480505421.9901,0.30594936255913846,3843.339614330184,0.45609181678081295,8146.321590557802,9367.33117540759,0.4259662233864462,0.0014321986524951072,0.005988998053422166,1.890330347212583,14.15188134123448,0.2943841279294915,0.033465644243753964,nan,nan,0.7285256751172204,0.06084720368517657,0.07216878364870323,0.13123938383861838,24.456694705643923,41.7702287323644,0.0,1.0185318010225763,0.0,0.0,0.0,0.0,0.0,1.1321393404226052,91.05466485023499,
1da35628-4998-4e60-9f3f-9fdc40b4d263,cf20c3e89521-s8311,cf20c3e89521,cifar10-target-transport-v1,cifar10-train-validation-test-20260823,cifar10,cnn,8311,0.0003,low,0.001,0.2,adamw,15,128,20000,5000,5000,16,cuda,1.176057027053833,0.571,1.0633874201774598,0.6178,0.812562882900238,0.9739444330334663,0.6591796875,1.0633874201774598,0.6178,1.0621142852783203,0.6186,0.6186,1.0621142852783203,0.6186,2.3864768871307374,0.3332,2.4342995975494386,0.2752,2.027758645248413,0.3634,2.2828450433095298,0.32393333333333335,0.5060847401618958,0.01050234700414876,1.1911325057347615,0.41981462637583417,0.6383038560549418,13.430431365966797,0.2259158343076706,1.0272079904874165,0.6825986703236898,7.124155983633105,0.44525974897706905,9.337557474772135,5.591504955322279,7.565475873249118,0.47284224207806985,0.3494690597076424,9.854802333853897,0.6159251458658686,9055.3935546875,1.7192540168762207,1110.491231282552,2.4521995498406177,2689.871826171875,3355.213134765625,0.9233641227086385,0.9626395304997762,0.008975141371289888,15.680318514506022,12.888731320699057,2.0895872513453164,0.6036909619967142,524.4401245117188,2170.8929443359375,10.24002774556478,0.460873007774353,0.7291666666666666,0.8786481221516927,41.716050465901695,30.348946889241535,0.5478283166885376,1.0422434012095134,0.47167789936065674,8065.45166015625,28.47373390197754,1.259887456893921,0.046570029109716415,0.3331089900766346,0.023920245477365824,0.06588880058559454,0.0,0.07229345650840785,0.09476425651799839,0.03716637986996013,0.8360868676147779,0.05225542922592362,0.07590336676282576,0.43851572877039935,0.744886239544943,0.04655538997155894,0.02740723304814996,1.0457170026647047,0.06535731266654404,8595.064493133015,0.07680731248873889,225.63683039343414,0.3248587775491803,435.94801958380845,320.67471476522707,0.1438055795778672,0.01046189012754719,0.0008577996066630198,5.545468135319747,0.9852610822837146,0.24216781133668813,0.09298213878517272,nan,nan,0.3096755055120307,0.09083887263821623,0.03608439182435161,0.11960947649788078,2.00595479047484,6.233150803729331,0.0,0.28028642981059754,0.0,0.0,0.0,0.0,0.0,1.4774632325268022,44.50176692008972,
c5fc6cb9-91d9-4645-b5ae-bbc9c6f02df7,cf20c3e89521-s8312,cf20c3e89521,cifar10-target-transport-v1,cifar10-train-validation-test-20260823,cifar10,cnn,8312,0.0003,low,0.001,0.2,adamw,15,128,20000,5000,5000,16,cuda,1.2362495607376098,0.5422,1.0448469551086426,0.6252,0.8955978751182556,0.9725402221083641,0.6513671875,1.0448469551086426,0.6252,1.0421352493286133,0.6256,0.6256,1.0421352493286133,0.6256,2.385648628997803,0.34,1.853705567741394,0.349,1.6743722581863403,0.4042,1.971242151641846,0.3644,0.5019609928131104,0.03238344087731093,1.481507937113444,0.39038996895154315,0.6512123346328735,13.53867244720459,0.23458723227183023,0.998228112856547,0.690233588218689,6.897276601062857,0.43107978756642856,9.407967249552408,4.6493581408918585,6.428037118556311,0.40175231990976945,0.29058488380574116,8.556249900660708,0.5347656187912943,12317.871744791666,1.5169332027435303,1724.2607421875,2.1070918248778256,3373.71337890625,3433.407958984375,2.2280994256337485,0.9454326430956522,0.009184311144053936,13.318458875020346,15.933928807576498,1.9533023834228516,0.6519051988919576,436.1257629394531,3524.4229736328125,9.90782896677653,0.47785723209381104,0.7291666666666666,0.7644529740015665,44.82281494140625,36.42525672912598,0.5521087646484375,1.4159525632858276,0.47452759742736816,8079.5498046875,28.53084373474121,1.2525995969772339,0.04666341468691826,0.5350700196658963,0.03292005607840236,0.048200970794397814,0.0,0.08615444232000434,0.11739727023424455,0.035318556570457134,0.6610339528404215,0.04131462205252635,0.04384111397350763,1.1218800639959932,1.5055716387248923,0.09409822742030577,0.07011750399974957,1.821501824712877,0.11384386404455481,17209.309357773956,0.2449091740307883,698.0584688293106,0.5587746476305933,586.8991094117989,572.0927581513356,0.49640541222106804,0.006821431053682824,0.0015303386990825833,6.3952769791463595,3.0772020517001653,0.2568422217170656,0.09757617549411358,nan,nan,0.15655934475790287,0.054992622712602225,0.07216878364870323,0.07122198297299931,2.006793773213546,7.260636342971115,0.0,0.5157487576156009,0.0,0.0,0.0,0.0,0.0,0.7205972540165251,43.708993673324585,
234cae99-3b87-4d66-b6f2-74bc46ddbb4d,cf20c3e89521-s8313,cf20c3e89521,cifar10-target-transport-v1,cifar10-train-validation-test-20260823,cifar10,cnn,8313,0.0003,low,0.001,0.2,adamw,15,128,20000,5000,5000,16,cuda,1.1942392723083497,0.5646,1.0273549374580384,0.6342,0.8059812188148499,0.917227566242218,0.6708984375,1.0273549374580384,0.6342,1.0143856197357177,0.6334,0.6334,1.0143856197357177,0.6334,1.8882757740020752,0.397,1.916383844947815,0.3698,1.8318739061355591,0.3732,1.8788445083618166,0.38000000000000006,0.48526841402053833,0.02044186078273924,0.877148707707723,0.3487168649832408,0.6626619696617126,13.445878982543945,0.2330828309059143,0.9845841725667318,0.6812097231547037,7.180981311817977,0.44881133198862355,9.03675905863444,4.7478645783330675,7.1711890640191704,0.44819931650119815,0.2967415361458167,9.213034045654505,0.5758146278534065,19363.643229166668,1.5561598936716716,1129.2797037760417,2.002517075241117,2251.700968424479,2546.1187744140625,1.1876517136891682,0.9617504080136617,0.0068108268703023596,19.78895441691081,10.78033701578776,1.9881305694580078,0.6445301373799642,668.6236572265625,1459.5718994140625,9.25667635599772,0.48926158746083576,0.7708333333333334,0.7287509044011434,37.011041005452476,29.29611651102702,0.548543393611908,0.8090031544367472,0.4720548391342163,8051.599609375,28.483722686767578,1.2429893016815186,0.04658633843064308,0.08219543825213142,0.014220461728155427,0.010984151334924575,0.0,0.037989491419173654,0.0073458103856094015,0.039705083589784675,0.32234693153315386,0.020146683220822116,0.08135339577677306,0.3235027003460049,0.28484012982785045,0.017802508114240653,0.020218918771625308,1.2177541378757364,0.07610963361723352,15732.983402761904,0.06772339826138493,169.66638744067168,0.2100763484225033,336.1711890790622,729.5657899278284,0.20044001427932892,0.00920395295530725,0.001951576746699258,8.218407984178176,2.0862066902360645,0.26718112994504,0.07642893056312455,nan,nan,0.13237293465966296,0.030501575278880855,0.03608439182435161,0.0751077467910559,0.6975393800588741,5.911537061800211,0.0,0.09854699956082333,0.0,0.0,0.0,0.0,0.0,0.6046117257403194,43.51177620887756,
cd9cfe6e-cbdb-4ce1-9979-1e945689d368,cf20c3e89521-s8314,cf20c3e89521,cifar10-target-transport-v1,cifar10-train-validation-test-20260823,cifar10,cnn,8314,0.0003,low,0.001,0.2,adamw,15,128,20000,5000,5000,16,cuda,1.2160644706726074,0.5648,1.0490544338226317,0.6378,0.8917731642723083,0.9150247052311897,0.6630859375,1.0490544338226317,0.6378,1.0598892715454102,0.6312,0.6312,1.0598892715454102,0.6312,2.2375961368560793,0.367,1.9277134552001953,0.3348,1.6047684833526612,0.4398,1.9233593584696453,0.38053333333333333,0.49809619784355164,0.02086946420604363,1.33618160088857,0.43705059091250104,0.6449244221051534,13.539117813110352,0.2166109432776769,1.0009657144546509,0.7008949120839437,7.053869641311487,0.44086685258196795,9.777414639790853,5.547747285166509,6.44641183384014,0.4029007396150088,0.34673420532290683,9.277169807312879,0.5798231129570549,13064.596354166666,1.7130770683288574,1374.8193766276042,2.531682233112871,3435.6302083333335,4219.252604166667,1.8712587753931682,0.9571627577145895,0.011286433475712935,13.380882581075033,16.263885180155437,2.0959407885869346,0.6086581548055013,868.778076171875,2966.1430053710938,10.257347424825033,0.4651426374912262,0.7083333333333334,0.8915427923202515,46.69243876139323,35.256263732910156,0.5526395440101624,1.3551913499832153,0.47557806968688965,8067.48291015625,28.468759536743164,1.2442682981491089,0.04656184837222099,0.3253654833732932,0.023379710072613413,0.015049577130003456,0.0,0.031071876867276572,0.05589486753443568,0.0383399058391018,0.19860536621183203,0.012412835388239502,0.30516910908130623,0.16950056023802473,0.5255714821325588,0.032848217633284924,0.010593785014876546,0.7071200392917503,0.04419500245573439,16744.74101232535,0.03083007867889613,180.84983266989724,0.4103900571221194,234.82413153023955,1066.0854590317433,0.47901980326110066,0.011836220888625964,0.0028517615580238805,7.202706072492098,3.1213569734876287,0.14267906971799496,0.05551643932574677,nan,nan,0.42526523612009826,0.007128424598602569,0.03608439182435161,0.06934018538782204,2.377476079344594,3.60705127518803,0.0,0.3336168396913336,0.0,0.0,0.0,0.0,0.0,-0.7096997918583358,43.448652029037476,
3539ab34-d962-4499-9afa-6f5527628ea6,cf20c3e89521-s8315,cf20c3e89521,cifar10-target-transport-v1,cifar10-train-validation-test-20260823,cifar10,cnn,8315,0.0003,low,0.001,0.2,adamw,15,128,20000,5000,5000,16,cuda,1.179118100166321,0.57,1.160224889945984,0.581,0.9711976051330566,1.0526969134807587,0.6201171875,1.160224889945984,0.581,1.158894240474701,0.5728,0.5728,1.158894240474701,0.5728,2.3105126972198486,0.3384,2.0369326139450075,0.3266,1.9765270486831665,0.3448,2.1079907866160075,0.3366,0.5537360906600952,0.04761703385520377,1.4452816247940063,0.39712268114089966,0.6582110126813253,13.506054878234863,0.29498768349488574,0.9986446698506674,0.7058267394701639,7.20629980035503,0.45039373752218936,9.425712585449219,5.18436472944235,6.802212865912883,0.42513830411955517,0.32402279559014685,8.949103235543625,0.5593189522214765,1538.425048828125,1.6404588222503662,1375.4620768229167,2.1347537573371027,2883.1796061197915,3822.1593424479165,1.5539403756459553,0.9245196580886841,0.010224215065439543,10.401131788889566,16.002546628316242,2.0713188648223877,0.6181988716125488,618.1482543945312,1841.7664794921875,9.591621398925781,0.4795138438542684,0.7916666666666666,0.8470873236656189,43.428489685058594,31.191338221232098,0.5511252284049988,1.3798035383224487,0.473501980304718,8076.4931640625,28.52375602722168,1.2336797714233398,0.04665181785821915,0.2878099841743081,0.037259886124185904,0.02360682980465549,0.0,0.0531580856783474,0.07623040245117536,0.042671885479758136,0.41255017204522004,0.025784385752826253,0.1343167544773782,0.6344230238507113,1.3009758253508774,0.08131098908442984,0.03965143899066945,1.9836538823030774,0.12397836764394234,1282.9443277679018,0.12594747503037157,356.0862195992856,0.25928175662290215,434.27681373313936,382.5692705610501,0.2808728581705328,0.004154889306994302,0.0010233664421864632,2.362647617233303,1.3057242317079696,0.19020744538919132,0.062431000850542484,nan,nan,0.19506289405046046,0.042403614188749404,0.03608439182435161,0.04628223408446768,4.012880644505816,4.501801795467773,0.0,0.29455028992141846,0.0,0.0,0.0,0.0,0.0,0.6734961648739325,44.134138345718384,
4efdb660-1c41-4791-98c5-39c4c7fe2b2f,d7bf160d4d1b-s8311,d7bf160d4d1b,cifar10-target-transport-v1,cifar10-train-validation-test-20260823,cifar10,resnet,8311,0.0003,low,0.001,0.2,adamw,15,128,20000,5000,5000,16,cuda,0.9512961549758912,0.6588,0.7490325847625733,0.7356,0.4567548930644989,0.5076127983629704,0.8330078125,0.7490325847625733,0.7356,0.7254139432907104,0.7474,0.7474,0.7254139432907104,0.7474,1.1359846162796021,0.6084,1.7077841665267943,0.463,1.1302467559814453,0.6146,1.324671846262614,0.562,0.35123705863952637,0.013465473715768894,0.5997474988301595,0.1824606036146482,0.7618873516718546,14.278729438781738,0.22443337241808572,0.696795642375946,0.6577828725179037,5.851675854733652,0.36572974092085325,13.666401545206705,6.046330316621268,10.890206375667425,0.6806378984792141,0.37789564478882925,12.417966676372188,0.7761229172732618,6735757.5,1.7860161860783894,448.5939025878906,2.757520031909839,1292.430155436198,3912.240478515625,0.7126546303431193,0.9897060791651408,0.005616048661371072,16.067079544067383,8.525735855102539,1.9255921840667725,0.668628454208374,535.6485595703125,2600.330612182617,10.000396410624186,0.6275498668352762,0.9375,0.3748137950897217,26.29162534077962,23.08226776123047,0.36911898851394653,0.7184236248334249,0.34398984909057617,16216.73828125,41.509159088134766,1.226680040359497,0.049733903259038925,0.17079899281698174,0.09758244728583203,0.05612325847543939,0.0,0.04390793673637786,0.16413241722123947,0.014164025638386363,0.9398605711596825,0.058741285697480154,0.3260966242086771,1.2322318302807898,0.5259897957660246,0.032874362235376535,0.07701448939254936,0.5980195898975754,0.037376224368598464,11034514.94519641,0.19919335523880613,169.0908280807053,0.5115154722880545,719.1761380589872,154.20050199664445,0.1834109797597328,0.006854239688211786,0.00022135592488094915,7.175511632556011,0.5848567080724079,0.17812405670994091,0.06257035009182411,nan,nan,0.4805296845618875,0.07474437553545878,0.0625,0.15986945696782542,8.878645426175925,4.873841531876789,0.0,0.16863869635939843,0.0,0.0,0.0,0.0,0.0,-0.9064119742879669,67.68384861946106,
fba4e8d1-0e60-47aa-b3cb-7dea45d09ccf,d7bf160d4d1b-s8312,d7bf160d4d1b,cifar10-target-transport-v1,cifar10-train-validation-test-20260823,cifar10,resnet,8312,0.0003,low,0.001,0.2,adamw,15,128,20000,5000,5000,16,cuda,0.9435943390846252,0.6656,0.7287145307064057,0.7468,0.6769228577613831,0.517279788851738,0.828125,0.7287145307064057,0.7468,0.7318730416297913,0.7458,0.7458,0.7318730416297913,0.7458,1.0321019735336303,0.6392,1.538018879699707,0.4826,1.138988345336914,0.5998,1.2363697328567504,0.5738666666666666,0.35259783267974854,0.013013938929361757,0.6792863011360168,0.2186852147181829,0.789772649606069,14.283802032470703,0.1284035990635554,0.6082633237044016,0.6527587374051412,5.860634286901351,0.3662896429313344,14.270716349283854,4.744693535533717,9.78556073262102,0.6115975457888138,0.2965433459708573,11.952562623324036,0.7470351639577523,164153.12825520834,1.5201470454533894,681.219970703125,2.2752406276832957,1606.7709554036458,4567.11083984375,0.7393562396367391,0.9837632179260254,0.006556119692201416,15.439918518066406,9.839263598124186,1.6609882513682048,0.7347220977147421,554.5304565429688,3593.6201171875,10.543622652689615,0.6628525455792745,0.8541666666666666,0.42494748532772064,26.528295516967773,28.10181172688802,0.36926940083503723,0.7674721479415894,0.3441579341888428,16209.984375,41.503623962402344,1.2503621578216553,0.04972724989056587,0.09770167001200132,0.10524894113862199,0.06861861671360994,0.0,0.0431209135926767,0.21026049728084353,0.01338114246792445,1.0786081896025326,0.06741301185015829,0.46502299104838213,1.5950501190189617,0.47544658269483353,0.029715411418427096,0.0996906324386851,0.6225706677130259,0.03891066673206412,223757.37940457385,0.3306686396129295,320.09354697072257,0.36666490564374166,858.0338453402179,1910.8785163490575,0.07751860616664992,0.011152661117263644,0.0027430797263401597,4.067202651589709,3.7625367925367206,0.3450069848723869,0.08849528444177177,nan,nan,0.6744193143641004,0.09658144446302964,0.09547032697824667,0.21039902356938098,10.75970876791377,7.3614939639099415,0.0,0.1692312714434014,0.0,0.0,0.0,0.0,0.0,0.8703401112086113,67.39894223213196,
2391f04c-041d-4a82-9c4b-18d59efbce1e,d7bf160d4d1b-s8313,d7bf160d4d1b,cifar10-target-transport-v1,cifar10-train-validation-test-20260823,cifar10,resnet,8313,0.0003,low,0.001,0.2,adamw,15,128,20000,5000,5000,16,cuda,0.9436536499023438,0.6612,0.7203806823730469,0.7462,0.5024851560592651,0.4883761666715145,0.84765625,0.7203806823730469,0.7462,0.7135750529289245,0.7552,0.7552,0.7135750529289245,0.7552,1.0287526498794555,0.6454,1.6750960680007934,0.4718,1.0574107862472535,0.6364,1.2537531680425007,0.5845333333333333,0.3409809470176697,0.01465508053661324,0.48818745215733844,0.14530367404222488,0.8065605560938517,14.37263298034668,0.18116929133733115,0.6073578794797262,0.6640663544336954,6.052965447594073,0.3783103404746296,13.771313349405924,4.918183129069983,10.68856657134805,0.6680354107092531,0.30738644556687394,12.133405322354058,0.7583378326471286,43715579.32779948,1.5922616720199585,571.4869995117188,2.003837204166626,1174.0531921386719,3803.876017252604,0.6624734997749329,0.9828154444694519,0.005460490550224979,13.293595314025879,8.43862795829773,1.7452679475148518,0.7169525225957235,637.67138671875,4430.744873046875,10.276339848836264,0.6956795454025269,0.9166666666666666,0.3465532610813777,22.153823852539062,22.330990473429363,0.3714379072189331,0.6025644938151041,0.34575000405311584,16214.15234375,41.569435119628906,1.2806856632232666,0.049806106835603714,0.12648370817829963,0.09559348136989144,0.06907393140932239,0.0,0.06046666245482057,0.17143207214428455,0.006020537804407567,1.1041147333763748,0.06900717083602342,0.5510691703628029,0.22317200984900856,0.684696585715809,0.042793536607238065,0.013948250615563035,0.6506478153967417,0.040665488462296354,75665781.92970024,0.044936269624561945,439.46351589210445,0.2097850319831424,976.7917210810135,1933.5547306357425,0.2798797903101478,0.012274080933448853,0.0027756311946320242,3.805903635259785,4.2418977080397315,0.09848279116373958,0.037419732323731934,nan,nan,0.8049001887739403,0.10835775297160834,0.09547032697824667,0.20307314381685262,10.824749163400233,12.637535380283381,0.0,0.21544570467693364,0.0,0.0,0.0,0.0,0.0,-0.061254050198532285,67.42571806907654,
426d9a59-fcde-44e4-b9be-391ec233ac1c,d7bf160d4d1b-s8314,d7bf160d4d1b,cifar10-target-transport-v1,cifar10-train-validation-test-20260823,cifar10,resnet,8314,0.0003,low,0.001,0.2,adamw,15,128,20000,5000,5000,16,cuda,0.9258879408836365,0.667,0.7295414814949036,0.7376,0.6028422117233276,0.47158756479620934,0.837890625,0.7295414814949036,0.7376,0.7211950857162476,0.7504,0.7504,0.7211950857162476,0.7504,1.0539112195968627,0.6392,1.650833831691742,0.4704,1.0079936663627624,0.6402,1.2375795725504555,0.5832666666666667,0.34926655888557434,0.009932886605383828,0.6966405312220255,0.23130268355210623,0.738387942314148,14.485489845275879,0.20308889945348105,0.771678606669108,0.6765371958414713,6.127775619360464,0.382985976210029,13.606855392456055,5.201828108423103,10.523798575274206,0.6577374109546379,0.32511425677644396,12.381504701305282,0.7738440438315801,2610626.116861979,1.6353936990102131,848.7733357747396,2.2883660680039877,2015.4483235677083,5436.646321614583,0.6321289042631785,0.9867775440216064,0.007804343942552805,13.944995244344076,11.357690811157227,1.7754517396291096,0.7133763829867045,368.35406494140625,1632.9299926757812,9.54183260599772,0.5924798448880514,0.8333333333333334,0.4951572120189667,31.756434122721355,30.533735275268555,0.37448766827583313,0.8585643768310547,0.34846624732017517,16253.119140625,41.56927490234375,1.2697051763534546,0.049806058406829834,0.1399347242657815,0.1189477734293205,0.05818392679925824,0.0,0.02271807180348404,0.13094381271641373,0.009447172625358604,0.9998485687902877,0.06249053554939298,0.2725672471467278,1.0328020544526395,0.8385334334729296,0.0524083395920581,0.06455012840328997,0.37170054349105247,0.02323128396819078,4119612.8865773403,0.2039013416303112,209.21988524489993,0.5244239070506284,869.8485695333615,1212.0400455069,0.2999773515984217,0.00710892009610655,0.0017398921426811764,2.5135547760564045,2.129953148575714,0.19153792889425145,0.044633747141017546,nan,nan,0.34564003272131794,0.08382770697675242,0.14433756729740646,0.22147942091624934,8.48893532015305,6.319837469206291,0.0,0.13711632918074318,0.0,0.0,0.0,0.0,0.0,-0.570641282842106,67.48971891403198,
ea67d9ed-5d5b-420d-ac61-c4a9b8538237,d7bf160d4d1b-s8315,d7bf160d4d1b,cifar10-target-transport-v1,cifar10-train-validation-test-20260823,cifar10,resnet,8315,0.0003,low,0.001,0.2,adamw,15,128,20000,5000,5000,16,cuda,0.9596109422683716,0.6604,0.7585278744697571,0.738,0.6704269051551819,0.4872644506394863,0.8369140625,0.7585278744697571,0.738,0.7336143591880798,0.7482,0.7482,0.7336143591880798,0.7482,1.0650710906982421,0.6354,1.5793760210990906,0.4864,1.048696879005432,0.6226,1.231047996934255,0.5814666666666667,0.3524494171142578,0.015289514914911706,0.5940893689791361,0.17105196913083395,0.788407027721405,14.434076309204102,0.1395411640405655,0.6195118029912313,0.6695941487948099,5.957885145166297,0.37236782157289355,13.949167569478353,5.047298033239194,10.871156073202533,0.6794472545751583,0.31545612707744963,12.436980920766075,0.7773113075478797,2940657.747721354,1.6092859506607056,437.48797607421875,2.9802941011681607,1322.1376546223958,4090.25634765625,0.5742981930573782,0.9920457998911539,0.0058715916238725185,16.061140378316242,8.667644341786703,1.7022204796473186,0.7308937311172485,683.882568359375,2052.0563049316406,9.527305603027344,0.6737275322278341,0.8541666666666666,0.3459617992242177,24.026445388793945,26.685075759887695,0.37304937839508057,0.7043784260749817,0.3471035659313202,16250.95703125,41.5843505859375,1.2609748840332031,0.04982401430606842,0.06828467581583646,0.0588309844517307,0.04322523483266572,0.0,0.04374974795986666,0.12107358071488182,0.015272481014061442,0.9288899377623339,0.058055621110145866,0.30222603792157643,0.8789056344230981,0.2355747738818664,0.01472342336761665,0.05493160215144363,0.6944142387960934,0.04340088992475584,3645916.977389055,0.16696726485927443,82.03710062642892,0.7754674720861857,503.4304576539326,659.5240244224021,0.10327104093562653,0.004028736378922972,0.0009467514687439819,1.7010117939970424,1.2412652692564436,0.13511854985853428,0.047071362402882205,nan,nan,0.34867488163733484,0.05706274935163296,0.03608439182435161,0.10796867596725203,5.7160973039209875,4.060512398410048,0.0,0.016203866332485356,0.0,0.0,0.0,0.0,0.0,1.4719751180104077,67.49973726272583,
0176e52d-6c76-45ac-8f1e-3fcfd93fe5f7,8c944a41e598-s8311,8c944a41e598,cifar10-target-transport-v1,cifar10-train-validation-test-20260823,cifar10,wide_resnet,8311,0.0003,low,0.001,0.2,adamw,15,128,20000,5000,5000,16,cuda,0.8557533018112182,0.7,0.6708094973564148,0.7678,0.37713193893432617,0.33473958633840084,0.8876953125,0.6708094973564148,0.7678,0.6523928833007813,0.7804,0.7804,0.6523928833007813,0.7804,0.9751767950057983,0.6728,1.3743755242347717,0.5546,0.874330700969696,0.7042,1.0746276734034221,0.6438666666666667,0.31276068091392517,0.02491824117532815,0.6442482471466064,0.10779024163881938,0.8329014380772909,18.881254196166992,0.16023188829421997,0.5316876371701559,0.6756505370140076,6.224718502599457,0.3890449064124661,16.230929056803387,4.238853715969678,11.55856340108879,0.7224102125680494,0.2649283572481049,12.985226529583427,0.8115766580989642,630547600.8020834,1.432154893875122,464.4915771484375,2.1288763072965415,998.4702555338541,6097.265625,0.6854137778282166,0.9922801852226257,0.0038982832338660955,11.55307706197103,8.844211419423422,1.5291626850763957,0.7712592681248983,458.162109375,1404.9984130859375,11.39736525217692,0.7379900415738424,0.9375,0.2472539742787679,20.35393778483073,23.724916458129883,0.398666650056839,0.8697717984517416,0.3675175905227661,30683.7421875,51.37510299682617,1.225317120552063,0.04108140245079994,0.2750995814799874,0.03391675061305729,0.03659682039586097,0.0,0.015011314521364626,0.12305003721194659,0.012221376939238346,0.7714288914407541,0.04821430571504713,0.45882801594678735,0.8175835808361561,0.5278633330460053,0.03299145831537533,0.05109897380225976,0.29224636508925267,0.018265397818078292,1063031581.031033,0.1897662723248449,67.43774956885372,0.5660062957745158,330.66273938660305,911.448910434792,0.12084724404917041,0.003896306686654196,0.0005827344117749142,1.6962950557041496,1.346665724293664,0.17331932168905598,0.0364444893751677,nan,nan,0.5377954071033149,0.04418037995659736,0.0625,0.0811092203195298,4.473200959121285,3.459034663263712,0.0,0.26539922780328323,0.0,0.0,0.0,0.0,0.0,0.2986301559070846,92.85523748397827,
f8555968-5b27-49ec-b88a-60c86a597cf4,8c944a41e598-s8312,8c944a41e598,cifar10-target-transport-v1,cifar10-train-validation-test-20260823,cifar10,wide_resnet,8312,0.0003,low,0.001,0.2,adamw,15,128,20000,5000,5000,16,cuda,0.8822984361648559,0.6884,0.6421899432659149,0.7746,0.6242761611938477,0.3268427923321724,0.90234375,0.6421899432659149,0.7746,0.6428719219684601,0.7784,0.7784,0.6428719219684601,0.7784,0.9713218047142029,0.6648,1.3904619578361512,0.5262,0.9480769189834595,0.6722,1.1032868938446045,0.6210666666666667,0.31035539507865906,0.016757957462687045,0.5201510588328043,0.11995372051994006,0.821215013662974,18.939899444580078,0.1723195215066274,0.5167734126249949,0.674099862575531,6.138717530077663,0.38366984562985396,16.25475788116455,4.905807116821671,11.209712919924025,0.7006070574952515,0.3066129448013544,12.789681564671623,0.7993550977919764,26189776.916666668,1.5815043052037556,399.99908955891925,2.4040009484441796,935.0604858398438,5744.534912109375,0.46336405475934345,0.9925598700841268,0.0036727651798476777,12.54972012837728,8.337769826253256,1.70909849802653,0.7282270590464274,626.7568969726562,3717.849609375,12.116901397705078,0.719073752562205,0.9583333333333334,0.2591384947299957,19.975999514261883,21.9662446975708,0.39986419677734375,0.6926159063975016,0.36863574385643005,30697.455078125,51.37835693359375,1.2340630292892456,0.041084013879299164,0.13052839535531158,0.058685133284742765,0.06063305237000183,0.0,0.05489018085048444,0.18174314013458806,0.017527481909155717,1.027868296680447,0.06424176854252794,0.5461961325149112,0.8175057778217366,0.03615476023859869,0.002259672514912418,0.05109411111385854,0.3855617547804985,0.024097609673781155,38242109.73945719,0.16194633845969722,220.3620251119773,0.24660971513662083,469.86935186966275,2343.986077530481,0.2092982922041867,0.0051340540914391235,0.0014986262153066435,3.006373398712617,3.0842502755583983,0.18871985255107537,0.047655189502606,nan,nan,0.6328023982191177,0.08530848930188697,0.03608439182435161,0.1093337403363543,7.1970810730681025,5.334615977761629,0.0,0.17782161447511513,0.0,0.0,0.0,0.0,0.0,-2.3646575458990564,92.77642059326172,
6bce7a2a-f634-4572-8f5a-be7c10d24b05,8c944a41e598-s8313,8c944a41e598,cifar10-target-transport-v1,cifar10-train-validation-test-20260823,cifar10,wide_resnet,8313,0.0003,low,0.001,0.2,adamw,15,128,20000,5000,5000,16,cuda,0.8385409893035889,0.6982,0.6440943248271942,0.7798,0.43238088488578796,0.3173115514218807,0.8974609375,0.6440943248271942,0.7798,0.6277756159782409,0.7824,0.7824,0.6277756159782409,0.7824,0.9988476467132569,0.6718,1.6762591032028198,0.5106,0.9728090915679931,0.6622,1.2159719471613566,0.6148666666666666,0.30304622650146484,0.03102080011740327,0.4617413878440857,0.1360615479449431,0.8421251773834229,18.9398136138916,0.10452450190981229,0.46380675832430523,0.6637214422225952,6.149296259848568,0.3843310162405355,16.652385075887043,4.125594856611061,10.42422765988876,0.6515142287430475,0.2578496785381913,12.51280560831537,0.7820503505197106,4040398.3645833335,1.400051474571228,515.8016611735026,2.2501999970463857,1133.9643046061199,6052.440348307292,0.4513128499190013,0.9921388626098633,0.0038696242263540626,12.908290386199951,8.625872691472372,1.5219912926355998,0.7751987973848978,841.6690063476562,2237.85302734375,11.773510932922363,0.7504657904307047,0.9166666666666666,0.28990447769562405,19.331649780273438,23.992013613382976,0.39995577931404114,0.61146812637647,0.36855074763298035,30690.3984375,51.38997268676758,1.1998777389526367,0.04109320789575577,0.1329878688714324,0.10056982302078202,0.07085414227061515,0.0,0.054857997542435755,0.17216852494446758,0.018125680081019262,1.0095716767073246,0.06309822979420779,0.5668620960270332,0.902488226023088,0.6761934760990216,0.04226209225618885,0.056405514126443,0.7553607557964848,0.0472100472372803,3758713.831754428,0.23093425065375328,383.0131029797511,0.7199773484585323,1025.4178537718028,3238.605931930246,0.18398510212945618,0.005962368648174258,0.0020706008559933397,4.867132062013899,4.552875875347866,0.1321752157424197,0.02851657025260694,nan,nan,0.6774319853965355,0.0970890302750993,0.09547032697824667,0.19296685416046735,10.700327283002945,12.745783848062514,0.0,0.22524064043555095,0.0,0.0,0.0,0.0,0.0,1.0698012000462365,92.73581004142761,
e33702f9-5a75-48f6-a411-8e0a3e065ef3,8c944a41e598-s8314,8c944a41e598,cifar10-target-transport-v1,cifar10-train-validation-test-20260823,cifar10,wide_resnet,8314,0.0003,low,0.001,0.2,adamw,15,128,20000,5000,5000,16,cuda,0.8439035350799561,0.6982,0.6852891131401062,0.7604,0.42477795481681824,0.3658941425383091,0.8896484375,0.6852891131401062,0.7604,0.6799583036422729,0.7678,0.7678,0.6799583036422729,0.7678,1.179546000289917,0.6244,1.6450544032096863,0.4902,0.9019353094100953,0.682,1.2421785709698996,0.5988666666666668,0.3281779885292053,0.029324127342988504,0.5767483313878378,0.10959053163727124,0.8467355767885844,18.972936630249023,0.15430704752604166,0.5015246272087097,0.6747194528579712,6.22435272286599,0.38902204517912436,16.40411313374837,5.346877516971937,11.220705963562791,0.7012941227226744,0.3341798448107461,12.395633802878066,0.7747271126798791,22267803.75,1.6738110780715942,365.4769541422526,2.4887522601646417,934.357177734375,5360.063720703125,0.42256219188372296,0.9958644111951193,0.003426953684538603,12.848037719726562,7.837324619293213,1.7962754170099895,0.7077125906944275,674.1082763671875,1117.1873779296875,11.438145319620768,0.7537927031517029,0.9375,0.2485794797539711,20.087127685546875,20.88475799560547,0.40064626932144165,0.733169694741567,0.3691695034503937,30718.048828125,51.3935661315918,1.219416856765747,0.041096076369285583,0.0649276614219564,0.08210878889372134,0.03950135863865679,0.0,0.04148350416826302,0.10402498520236654,0.014007625763931558,0.7627864473575732,0.04767415295984832,0.39274951844146805,0.4851647070537056,0.8031325918566603,0.05019578699104127,0.0303227941908566,0.5852341523785294,0.036577134523658086,18289108.83963489,0.08966859755499781,236.76619530059423,0.3637430751659138,704.3339720058451,2221.074728164599,0.19393820651430363,0.0027151019806801535,0.0014200428335947842,1.3107067677467297,3.2061086389816182,0.10346109630380268,0.029630324201759047,nan,nan,0.41904863156837824,0.0567482626781472,0.0625,0.12938682176960853,7.16014452914592,9.527331897462233,0.0,0.1378582430005567,0.0,0.0,0.0,0.0,0.0,-0.606629193268736,92.73422932624817,
fa5ab949-cfd5-4bb4-8bbe-c836653b93ed,8c944a41e598-s8315,8c944a41e598,cifar10-target-transport-v1,cifar10-train-validation-test-20260823,cifar10,wide_resnet,8315,0.0003,low,0.001,0.2,adamw,15,128,20000,5000,5000,16,cuda,0.8500878279685974,0.6928,0.6775436089038849,0.7572,0.5573374629020691,0.34189117327332497,0.880859375,0.6775436089038849,0.7572,0.6714330903530121,0.7722,0.7722,0.6714330903530121,0.7722,0.9331262069702149,0.6838,1.7521799655914307,0.482,0.9825284599304199,0.6656,1.2226115441640217,0.6104666666666666,0.32069751620292664,0.02278814499732107,0.635408361752828,0.1752137839794159,0.8112634023030599,18.89411735534668,0.15526905159155527,0.5206595261891683,0.6836787660916647,6.275421082724272,0.392213817670267,16.360733032226562,4.045268569598389,10.425992018107953,0.6516245011317471,0.2528292855998993,12.463647393712309,0.7789779621070193,39713946.5,1.2985324064890544,783.9270426432291,2.185661415426752,1821.5601399739583,6850.89111328125,0.7496397097905477,0.9925383528073629,0.00438011313478152,14.323630650838217,10.474291324615479,1.3780131538709004,0.7794295350710551,616.5743408203125,5083.215087890625,11.12055238087972,0.6923358837763468,0.875,0.34830719729264575,25.944035212198894,31.766525268554688,0.39892032742500305,0.7797735730806986,0.3676832616329193,30699.58984375,51.386940002441406,1.2436782121658325,0.04109067842364311,0.11034502127885094,0.10593342683754954,0.07820963608882657,0.0,0.0611953116331577,0.16887919440116098,0.014685947920604583,0.5072861913628017,0.03170538696017511,0.3498657191824145,1.8897092243089768,0.060508156737198615,0.0037817597960749134,0.11810682651931105,0.6688920945997936,0.0418057559124871,56809702.279483974,0.584594661470875,200.8084510812245,0.8912384702953856,1038.556643622469,2487.2430261582135,0.1506637538673982,0.0008610848341347831,0.0015902172755139588,2.0090706147381683,3.1214529694750044,0.6270849906346238,0.09548455907137247,nan,nan,0.27169098775985534,0.13162963225132224,0.10825317547305482,0.1856765106464365,11.714871868100353,8.473175542463256,0.0,0.14754253125954805,0.0,0.0,0.0,0.0,0.0,-0.3152719495710596,92.70807719230652,
6098cafc-9c1c-4c01-9ea9-3ed7a824f9d4,3fc08eb08f40-s8311,3fc08eb08f40,cifar10-target-transport-v1,cifar10-train-validation-test-20260823,cifar10,cnn,8311,0.001,high,0.0,0.2,adamw,15,128,20000,5000,5000,16,cuda,1.0167268396377565,0.6372,1.0120449426651001,0.6482,0.5881742238998413,0.8621365129947662,0.705078125,1.0120449426651001,0.6482,0.9889530868530273,0.652,0.652,0.9889530868530273,0.652,2.5750181159973144,0.3454,2.4164719541549684,0.316,1.894213639831543,0.4124,2.2952345699946086,0.35793333333333327,0.4687885344028473,0.03912495874828892,1.4124680757522583,0.40696609020233154,0.6931785742441813,31.50909423828125,0.21537862718105316,0.8543340365091959,0.7274120648701986,8.312945356292865,0.519559084768304,9.893416404724121,5.599277336424374,6.919427495674047,0.43246421847962796,0.3499548335265234,9.887327503220906,0.6179579689513066,134503.94563802084,1.7145055532455444,548.8026835123698,2.5748137599118235,1387.3241780598958,2299.9921061197915,0.9508266647656759,0.9650681614875793,0.0061524420355757075,12.022518157958984,10.73077138264974,2.00378410021464,0.6290371219317118,324.3556213378906,768.4230346679688,14.503811518351236,0.5208312471707662,0.7083333333333334,0.845259447892507,28.55143102010091,23.64599609375,1.285258412361145,0.7775669892628988,0.7659885883331299,15865.10546875,41.13520050048828,1.5034489631652832,0.06727837771177292,0.38723096248156297,0.039659101493524695,0.014380254853338185,0.0,0.06236903855083201,0.03412478176675973,0.04097326923325348,0.2361941450324914,0.014762134064530712,0.03624226212938002,0.8955208364807841,1.7609876540309446,0.11006172837693404,0.055970052280049004,1.2949788783352345,0.08093617989595216,115289.4857762782,0.15426122065658524,162.2613984292815,0.3079522525883032,289.9382335938269,298.4336892119695,0.2158242280201523,0.0109010816335718,0.0007983051957502172,6.690562205596071,1.4074231031936761,0.21064110091325824,0.07128837490008424,nan,nan,0.25115441262788346,0.01256700149494583,0.07216878364870323,0.15337541451659578,1.9045322190614067,3.9853524721129103,0.0,0.24488876808247073,0.0,0.0,0.0,0.0,0.0,0.32992114062949507,43.601372718811035,
488cfc81-b4aa-407e-8f0c-3bddd8650a2d,3fc08eb08f40-s8312,3fc08eb08f40,cifar10-target-transport-v1,cifar10-train-validation-test-20260823,cifar10,cnn,8312,0.001,high,0.0,0.2,adamw,15,128,20000,5000,5000,16,cuda,1.0845507431030272,0.6122,0.8438102741241456,0.7032,0.8219266533851624,0.6918859258294106,0.7734375,0.8438102741241456,0.7032,0.8337543050765991,0.7098,0.7098,0.8337543050765991,0.7098,1.8895406801223755,0.4296,1.93181133518219,0.3818,1.5317757261276246,0.4686,1.78437591381073,0.4266666666666666,0.3996884524822235,0.025993181974627078,0.9948667089144388,0.28644312421480816,0.6989503701527914,31.725996017456055,0.20804428060849509,0.8527472019195557,0.7198776602745056,8.03405470022683,0.5021284187641769,9.704825083414713,5.085742923271105,6.008088281618954,0.3755055176011846,0.31785893270444404,9.37107235210925,0.5856920220068281,19532.288736979168,1.6158128182093303,473.72576904296875,2.039974800469255,951.9055379231771,1532.6346435546875,0.9596646229426066,0.9273341695467631,0.0040997731654594345,16.659447352091473,7.66044282913208,1.9692021608352661,0.652791162331899,697.669677734375,651.986572265625,14.040615399678549,0.5430057247479757,0.8125,0.6209730108579,23.761290232340496,19.082870483398438,1.2937901020050049,0.5799108346303304,0.7683776617050171,15946.6796875,41.28958511352539,1.459368348121643,0.06753086298704147,0.07956189674825033,0.10420589749775244,0.0767229429701074,0.0,0.08985542849530133,0.16926767266786097,0.047218399041525444,0.39143185726508006,0.024464491079067504,0.03586379770669538,0.911559597403792,1.5922946534963467,0.09951841584352167,0.056972474837737,1.794651768528652,0.11216573553304075,26463.774543144973,0.17821684978472754,203.64123823237946,0.16211792522253504,350.5810208652749,550.0183253322223,0.28256885047451175,0.041582822219066666,0.0014712902199839589,8.897489136764625,1.8552299775335332,0.18022408051843739,0.06148892061738932,nan,nan,0.18066807113553904,0.1076825417722635,0.125,0.21439642763076588,4.66300308898271,3.603144888252345,0.0,0.05671757555018323,0.0,0.0,0.0,0.0,0.0,-0.2650082634478193,43.52658796310425,
6f178723-241f-40c8-b6d8-e105a0f00a99,3fc08eb08f40-s8313,3fc08eb08f40,cifar10-target-transport-v1,cifar10-train-validation-test-20260823,cifar10,cnn,8313,0.001,high,0.0,0.2,adamw,15,128,20000,5000,5000,16,cuda,0.9943620265007019,0.6498,0.8986559678554535,0.6922,0.6174174547195435,0.7237086668610573,0.7421875,0.8986559678554535,0.6922,0.8764494757652282,0.693,0.693,0.8764494757652282,0.693,2.0070295948028565,0.416,1.9876879962921143,0.3658,1.7048812456130982,0.4366,1.8998662789026897,0.4061333333333333,0.41784414649009705,0.017156605681520887,0.9336529970169067,0.2931695183118184,0.7383919358253479,31.49547576904297,0.1610770175854365,0.7601797978083292,0.7167779604593912,8.093176591960642,0.5058235369975401,9.423185348510742,4.080251570104571,7.109414288187193,0.4443383930116996,0.2550157231315357,9.660452222400325,0.6037782639000203,37475.990885416664,1.3849608500798543,619.1498107910156,1.817143225518696,1071.3227132161458,1532.8782552083333,1.1148364345232646,0.9663938879966736,0.0041004247808208065,13.277239163716635,8.806302388509115,1.7360765933990479,0.712693989276886,361.8246154785156,378.8207702636719,13.202545801798502,0.5926052530606588,0.7708333333333334,0.6000643968582153,22.424367904663086,22.616472244262695,1.2849018573760986,0.5732351541519165,0.7658814787864685,15844.30859375,41.123172760009766,1.4651669263839722,0.06725866347551346,0.0713176104400477,0.07680134853386789,0.043724464032479225,0.0,0.021031891956159905,0.055562660977700316,0.04002616288854809,0.2391176346767973,0.014944852167299832,0.13048360762159858,1.0672634434609576,0.782748715863965,0.04892179474149781,0.06670396521630985,0.9606679327489601,0.06004174579681001,26523.50210533148,0.24717327419294574,397.2033306577875,0.41218227134737667,584.1153606940131,160.82272833798757,0.4381600434228903,0.010906458917159467,0.0004301982182633325,5.554532379524789,3.1016064757695387,0.3377304440606378,0.08927597981152251,nan,nan,0.07972485642931428,0.075911518308816,0.03608439182435161,0.17296455434194957,4.42692441364967,8.114846799562601,0.0,0.13223420806721312,0.0,0.0,0.0,0.0,0.0,-0.926716937448894,43.83240866661072,
fb483170-de3d-484b-869a-0343aac51c7e,3fc08eb08f40-s8314,3fc08eb08f40,cifar10-target-transport-v1,cifar10-train-validation-test-20260823,cifar10,cnn,8314,0.001,high,0.0,0.2,adamw,15,128,20000,5000,5000,16,cuda,1.1189413827896117,0.6084,0.9053528381347656,0.6882,0.698727548122406,0.6877126693725586,0.744140625,0.9053528381347656,0.6882,0.8853689308166504,0.6878,0.6878,0.8853689308166504,0.6878,2.066101075363159,0.4232,1.8921616006851196,0.3636,1.4472361528396607,0.501,1.8018329429626465,0.42926666666666663,0.4241432249546051,0.02848285396612482,1.1800666848818462,0.34215741356213886,0.7200362284978231,31.918357849121094,0.2267701675494512,0.7982747157414755,0.7306281328201294,7.92548099324409,0.4953425620777556,10.125506083170572,5.124789170544613,7.4116506023565805,0.4632281626472863,0.3202993231590383,10.265607986227602,0.6416004991392251,34773.77734375,1.633992036183675,563.5996500651041,2.374331572585295,1318.722880045573,1833.34765625,0.8053885499636332,0.9630182981491089,0.004904175642877817,14.978838920593262,8.968256314595541,1.914061705271403,0.6743768056233724,357.49755859375,826.7747192382812,14.589619954427084,0.5616743564605713,0.75,0.7017620404561361,26.28350893656413,24.44605890909831,1.3028432130813599,0.5914216041564941,0.7702969908714294,16030.9580078125,41.436431884765625,1.5165222883224487,0.06777103990316391,0.2772776407757921,0.09890368875033746,0.011271977520369382,0.0,0.021645281864179088,0.03201850791028274,0.04741726113553068,0.41079819982162336,0.02567488748885146,0.16067836655179854,0.08764885390134208,0.47578983161601107,0.029736864476000692,0.00547805336883388,0.7544650588626824,0.04715406617891765,17633.694689271004,0.017079344609872833,234.54569272727943,0.23795471056783957,469.0567561028244,261.28719862759175,0.26907516582633423,0.013791414013214848,0.0006989391500074905,1.573930370120007,1.4138363047449545,0.08413897978899611,0.0289787433405758,nan,nan,0.11943950401172103,0.020941627555514614,0.125,0.21038471221244875,4.463094909591488,5.051313583126081,0.0,0.0844404476040208,0.0,0.0,0.0,0.0,0.0,1.347060048524431,43.8436233997345,
45cc98bd-db32-44e5-86fc-f6b7d7668490,3fc08eb08f40-s8315,3fc08eb08f40,cifar10-target-transport-v1,cifar10-train-validation-test-20260823,cifar10,cnn,8315,0.001,high,0.0,0.2,adamw,15,128,20000,5000,5000,16,cuda,1.089888829421997,0.612,0.9212228715896607,0.675,0.8382222056388855,0.7539100423455238,0.740234375,0.9212228715896607,0.675,0.9156059454917908,0.677,0.677,0.9156059454917908,0.677,2.4657209438323973,0.3494,1.7524116416931153,0.3924,1.6826799365997314,0.4228,1.9669375073750812,0.38820000000000005,0.43715450167655945,0.022545344188984018,1.2607375780741374,0.3016655345757802,0.7112771272659302,31.824630737304688,0.18052178621292114,0.8174741466840109,0.7410148978233337,8.089895043096336,0.505618440193521,9.948355674743652,4.4803320904480275,6.076942171643334,0.3798088857277084,0.2800207556530017,9.31495096633625,0.5821844353960156,1164729.0748697917,1.4975496530532837,647.9985148111979,1.8810474336706584,1213.1124267578125,1682.8141276041667,1.1521045764287312,0.9650253653526306,0.004501500865444541,11.587081591288248,9.873166720072428,1.8542165358861287,0.6920105814933777,490.57928466796875,620.4120483398438,13.714127540588379,0.5486953457196554,0.7708333333333334,0.6566617488861084,25.339096069335938,23.58440653483073,1.2986291646957397,0.8166962067286173,0.7687731385231018,15991.9208984375,41.39664840698242,1.4679875373840332,0.06770595908164978,0.2863275975959439,0.0017135322171125966,0.02788529699778378,0.0,0.034263452742731494,0.06882572407104434,0.04499116016919616,0.1598730050059107,0.009992062812869419,0.16210447508920772,0.3647676723787758,1.0904678417528402,0.06815424010955251,0.022797979523673486,1.4858672288076331,0.09286670180047707,1505421.0389686378,0.0796825461710601,173.3935952385547,0.10344207735494303,290.31792490736433,257.37408842727734,0.018457920144615066,0.016501532186658695,0.0006884714672807274,3.771895285640867,0.7696312576568607,0.17544778386297413,0.04964715455017056,nan,nan,0.07587098983464052,0.027794609407473386,0.03608439182435161,0.038976761395814595,2.1351429895617007,4.203410976812217,0.0,0.2212243681017885,0.0,0.0,0.0,0.0,0.0,0.30029792228565677,43.9893479347229,
55a9fd41-ced6-4db3-b01b-9527f0fbd425,c440d35d2d95-s8311,c440d35d2d95,cifar10-target-transport-v1,cifar10-train-validation-test-20260823,cifar10,resnet,8311,0.001,high,0.0,0.2,adamw,15,128,20000,5000,5000,16,cuda,0.879849993133545,0.6912,0.6898204591751098,0.7636,0.31108978390693665,0.34403255209326744,0.884765625,0.6898204591751098,0.7636,0.6626048681735992,0.7748,0.7748,0.6626048681735992,0.7748,1.0837278564453126,0.6482,1.578799852848053,0.504,0.9178244917869568,0.6954,1.1934507336934408,0.6158666666666667,0.31575721502304077,0.03302076298859902,0.4316435654958089,0.0922421645373106,0.8605918884277344,39.443119049072266,0.11986040572325389,0.45075035095214844,0.6788235704104105,6.04044223565685,0.37752763972855313,13.47073777516683,4.214071766804416,10.811531018904335,0.6757206886815209,0.263379485425276,12.697824305555814,0.7936140190972384,21447070.46875,1.4195043643315632,136.90135192871094,2.2643864031570913,327.10316212972003,1365.5384928385417,0.4588544964790344,0.991454005241394,0.0019602400328343115,14.742367108662924,4.403142213821411,1.4734481970469158,0.784898042678833,356.87689208984375,624.9583740234375,13.801920255025228,0.780664841334025,0.9583333333333334,0.21419919530550638,10.857059637705484,13.544299125671387,1.0196428298950195,0.29519076148668927,0.7059803009033203,29617.53125,55.869998931884766,1.4233384132385254,0.06694004684686661,0.15538700872492,0.053790799357681066,0.04397203054431853,0.0,0.04276384635263691,0.11094443804946108,0.013689137324453239,0.6131320019102754,0.03832075011939221,0.5180724189006541,0.985619359266025,0.6555810189842682,0.040973813686516765,0.06160120995412656,0.5170373600176346,0.03231483500110216,36957194.96832265,0.2404888863278796,62.59370905369914,0.6308675072450057,214.03297877122856,563.8350878297921,0.1488291241105026,0.0031018950690211537,0.0008093892415042181,1.059505647704008,1.6050983688426168,0.2430663444495719,0.04845044012763856,nan,nan,0.5706530664369146,0.05575828822275581,0.03608439182435161,0.09589806377029968,3.9494803478321177,4.803204976385922,0.0,0.08983877383870212,0.0,0.0,0.0,0.0,0.0,0.17358493128891617,67.66957569122314,
4ed10e3a-9aed-4ca3-a5b2-e44dbada5410,c440d35d2d95-s8312,c440d35d2d95,cifar10-target-transport-v1,cifar10-train-validation-test-20260823,cifar10,resnet,8312,0.001,high,0.0,0.2,adamw,15,128,20000,5000,5000,16,cuda,0.8793340780258179,0.6898,0.6617882115364074,0.7752,0.7996127009391785,0.31568562239408493,0.892578125,0.6617882115364074,0.7752,0.655097225189209,0.7828,0.7828,0.655097225189209,0.7828,0.8894006724357605,0.6976,1.5124845916748046,0.5282,0.8775740781784057,0.6928,1.0931531140963235,0.6395333333333334,0.3098393678665161,0.0234996102299192,0.5633833010991415,0.11021396766106288,0.8358410596847534,39.43506622314453,0.14570300032695135,0.477713276942571,0.6760272979736328,6.193911667481607,0.3871194792176004,13.418922742207846,4.441586285401223,10.03742008118378,0.6273387550739863,0.2775991428375764,12.476072773222105,0.7797545483263816,24083532.135416668,1.4701757431030273,155.72094217936197,2.346349549987728,371.4132995605469,1612.9915771484375,0.34786317745844525,0.9932267268498739,0.002315460704267025,16.945433616638184,4.433463891347249,1.5738434394200642,0.7602771321932474,324.8946533203125,1007.3730163574219,13.809755325317383,0.7433687448501587,0.9375,0.2424382617076238,11.999977906545004,14.512779235839844,1.0194878578186035,0.3324428200721741,0.7062622904777527,29544.162109375,55.83628845214844,1.5244590044021606,0.0668996274471283,0.07669346329276117,0.04803044872342397,0.05215317102883417,0.0,0.036679641812953884,0.1653540172846444,0.021513559870305426,1.012780838694861,0.0632988024184288,0.07328681306739962,1.1393930304180806,0.40097093431759767,0.025060683394849854,0.07121206440113004,0.6268078871542646,0.03917549294714154,40753534.95576018,0.24657190436075505,47.31797425178526,0.7199780061017257,175.4298804787665,395.6124955365208,0.05163641595591805,0.0029528897634486647,0.0005679044628777127,2.319710026884979,0.8328603888370447,0.22906015685406908,0.04886675980339579,nan,nan,0.20025235613084727,0.07180651749712642,0.0625,0.10734020360240876,4.404096263516186,2.406914733934144,0.0,0.027277518323120163,0.0,0.0,0.0,0.0,0.0,-0.19340070818376642,67.73798942565918,
fba5d6af-1528-4738-bb0e-30e8cb420997,c440d35d2d95-s8313,c440d35d2d95,cifar10-target-transport-v1,cifar10-train-validation-test-20260823,cifar10,resnet,8313,0.001,high,0.0,0.2,adamw,15,128,20000,5000,5000,16,cuda,0.8542475999832153,0.693,0.6867952507972718,0.7678,0.38123467564582825,0.3409171663224697,0.880859375,0.6867952507972718,0.7678,0.6793055844783783,0.7718,0.7718,0.6793055844783783,0.7718,1.1130743907928466,0.6378,2.019138704872131,0.4286,0.9161455774307251,0.693,1.349452891031901,0.5864666666666666,0.31892552971839905,0.035324132040841505,0.33793627719084424,0.07180326307813327,0.8923377990722656,38.74419021606445,0.10880883658925693,0.3942270527283351,0.6779649456342062,6.5690026336879255,0.41056266460549534,13.09719467163086,5.1049981424408575,10.893188444579287,0.6808242777862055,0.3190623839025536,12.92323187641315,0.8077019922758218,3735923.805786133,1.503397564093272,177.1419858932495,2.7459497362494893,252.56426556905112,1121.6606038411458,0.2517283732692401,0.9894967873891195,0.0016101516860847671,16.672933260599773,3.2405637900034585,1.590177834033966,0.7255863746007284,78.06852722167969,463.9473419189453,13.563316345214844,0.8289997180302938,0.9583333333333334,0.2124109317859014,8.093154350916544,10.59818204243978,1.0012822151184082,0.20865810414155325,0.6988231539726257,29148.14453125,55.44205093383789,1.4806464910507202,0.06642737984657288,0.18467311052875096,0.07803332330688023,0.04165357952248674,0.0,0.042584083988030666,0.1403651004896697,0.00748660582430868,0.8291637295874188,0.051822733099213675,0.38089086807940553,2.6248002546864817,0.7379246356218594,0.04612028972636621,0.1640500159179051,0.6155351584169533,0.03847094740105958,6206112.605326575,0.6696862549963246,272.9236315477828,1.298943531058507,318.56888301958116,691.3257153524376,0.17784290573426279,0.00575874183341912,0.0009924029513269845,4.809441807801196,2.205196872708917,0.7226451303128875,0.14293673943593033,nan,nan,0.7360661298391762,0.05995592716661291,0.07216878364870323,0.18730768193569086,4.210190076325431,9.715452497358458,0.0,0.10037764384638402,0.0,0.0,0.0,0.0,0.0,1.2392652333866878,67.67145538330078,
fffc4368-2e7a-4257-acb1-7006e7a08125,c440d35d2d95-s8314,c440d35d2d95,cifar10-target-transport-v1,cifar10-train-validation-test-20260823,cifar10,resnet,8314,0.001,high,0.0,0.2,adamw,15,128,20000,5000,5000,16,cuda,0.894189995098114,0.679,0.6968481727600098,0.7612,0.4450474977493286,0.34766362607479095,0.8916015625,0.6968481727600098,0.7612,0.6718925659179688,0.7732,0.7732,0.6718925659179688,0.7732,0.9622995874404907,0.6772,2.0411315214157106,0.429,0.9556362518310547,0.6752,1.3196891202290855,0.5938,0.3168462812900543,0.018660951100173406,0.6485349734624227,0.17222100992997488,0.8175626595815023,39.97100830078125,0.15891419351100922,0.5336351295312246,0.6843711932500204,6.542152514389477,0.40888453214934234,13.061118761698404,4.583425948671642,10.808688930929867,0.6755430581831167,0.2864641217919776,12.76690891510872,0.797931807194295,60331738.583333336,1.515230377515157,251.4173126220703,2.511261210835388,686.8235473632812,2244.7642415364585,0.8149636288483938,0.9936687350273132,0.0032223747111856937,12.065622011820475,6.796696821848552,1.597130298614502,0.749350368976593,333.26763916015625,769.2735290527344,12.989643732706705,0.7092653711636862,0.8541666666666666,0.3497132360935211,15.86489454905192,18.803919156392414,1.0333547592163086,0.4113193054993947,0.7110792994499207,29874.3359375,56.21174621582031,1.5058673620224,0.06734956055879593,0.08987463361816915,0.12808373068850493,0.041794593385534,0.0,0.02598456942384301,0.0928769622796856,0.01663105160585375,0.5812312857002321,0.036326955356264505,0.3549126994918267,0.6551622441029554,0.12647003487559885,0.007904377179724928,0.040947640256434714,0.38319149391108887,0.023949468369443054,79459002.16882843,0.1492103231841517,167.7843295051806,0.7657043088871864,595.968501123215,912.0425046852791,0.39319828560595765,0.0012631419541228753,0.0013092434495893947,0.6411483110172951,3.0194112393705983,0.14503591422468115,0.03372589138809266,nan,nan,0.25924155274083877,0.05153470496576311,0.14433756729740646,0.21877490460839183,6.629905984361649,8.851887323761796,0.0,0.06678973119463709,0.0,0.0,0.0,0.0,0.0,-0.25877678704954216,67.46549129486084,
701edff3-5f54-4597-980a-d270a2df9939,c440d35d2d95-s8315,c440d35d2d95,cifar10-target-transport-v1,cifar10-train-validation-test-20260823,cifar10,resnet,8315,0.001,high,0.0,0.2,adamw,15,128,20000,5000,5000,16,cuda,0.8370490515708924,0.7044,0.6465048798561096,0.7758,0.4188454747200012,0.2979315686970949,0.908203125,0.6465048798561096,0.7758,0.6314003477573394,0.781,0.781,0.6314003477573394,0.781,0.8594508135795593,0.7016,1.582487705898285,0.513,0.8309114015579223,0.7102,1.0909499736785888,0.6416,0.3054234981536865,0.024128211654897314,0.5266501903533936,0.07875203713774681,0.8550626039505005,39.47702407836914,0.1226288303732872,0.47785093386967975,0.6838251153628031,6.470232458149183,0.4043895286343239,13.074703216552734,4.110658603997119,11.251455054207582,0.7032159408879739,0.25691616274981993,13.222678306625701,0.8264173941641063,2855942.9049479165,1.3976158301035564,143.08073933919272,1.8088798102477641,260.8993631998698,1365.9236857096355,0.362021545569102,0.9912201762199402,0.0019607930056129894,14.123881022135416,4.128410339355469,1.4787431160608928,0.7818939685821533,419.6119079589844,1044.8953857421875,12.557867368062338,0.7750040888786316,0.9583333333333334,0.1956861913204193,10.187878608703613,12.366405804951986,1.0202854871749878,0.34720704952875775,0.7061262726783752,29581.94140625,55.906463623046875,1.5020301342010498,0.06698375195264816,0.017824509867146916,0.034198349459859625,0.035817799029227555,0.0,0.03297276370757728,0.11144795733989932,0.012886162488674814,0.8279725861519548,0.051748286634497175,0.3808297431366002,0.8572440013536725,0.2385442051510294,0.014909012821939337,0.05357775008460453,0.5036595959885147,0.03147872474928217,3714195.577088272,0.22396020165405497,22.371002741199693,0.28896069070099656,70.37370331897037,364.6375668345123,0.035249547758067185,0.005450062678717158,0.0005234397582463714,2.3746827650398337,0.352037175161245,0.2624188684360691,0.045169156063284914,nan,nan,0.7518645530897271,0.04682207720109513,0.03608439182435161,0.06623985057581208,2.0504373061015286,1.4364430441082616,0.0,0.048482282131636724,0.0,0.0,0.0,0.0,0.0,-0.8513576355805211,67.4056487083435,
ddcdb4d7-5ae2-4f87-8328-73f84528eb88,a88a29ebbf53-s8311,a88a29ebbf53,cifar10-target-transport-v1,cifar10-train-validation-test-20260823,cifar10,wide_resnet,8311,0.001,high,0.0,0.2,adamw,15,128,20000,5000,5000,16,cuda,0.8435225101470947,0.7096,0.6639143355846405,0.7736,0.3471328914165497,0.2746101338416338,0.916015625,0.6639143355846405,0.7736,0.6578375891685486,0.7826,0.7826,0.6578375891685486,0.7826,0.9576198369979858,0.6956,1.660515933418274,0.5022,1.0257333311080932,0.6646,1.214623033841451,0.6208,0.3128185272216797,0.05080714348878246,0.5492889980475107,0.10004870531459649,0.8907235662142435,54.43767166137695,0.11461086571216583,0.3553478866815567,0.6709136366844177,6.683930064162857,0.4177456290101786,15.034111340840658,3.2901830724264602,11.313015090120281,0.7070634431325176,0.20563644202665377,12.889759272130382,0.8056099545081489,6846090.614583333,1.1798861622810364,177.54418563842773,1.6527162641925683,325.121342976888,2120.7459309895835,0.48131152987480164,0.9936775962511698,0.0013558977225329727,13.411398887634277,4.563826243082683,1.2348357439041138,0.8226142923037211,49.00331497192383,141.10772705078125,14.875978151957193,0.8204387426376343,0.9375,0.2117893509566784,9.62915269533793,13.186970392862955,1.1494196653366089,0.3428795288006465,0.7480114698410034,59556.93359375,72.77651977539062,1.4552286863327026,0.05819360911846161,0.2515816082929654,0.10500097163158441,0.054559951003814194,0.0,0.059847714760667296,0.1518270958033684,0.011088218571422323,0.7937878728157863,0.049611742050986646,0.22474519462542245,0.5833363256239887,0.6786300189013205,0.04241437618133253,0.036458520351499296,0.8238808325830633,0.05149255203644146,8971407.032399531,0.18453388412830352,137.57618368500943,0.3779693322344286,295.75777752842873,1390.7114477289967,0.35314914913687795,0.0004314459900238278,0.0008891505744984829,3.463748549504696,3.001164548910321,0.19664806060286275,0.029086299433305794,nan,nan,0.08018623420605638,0.08444135732808425,0.10825317547305482,0.18079615742647698,5.6299963933392005,7.487315530908479,0.0,0.16106574395533751,0.0,0.0,0.0,0.0,0.0,-0.3253704482027674,92.70147562026978,
2c603e2d-e715-49b6-83c8-c2e9540f6768,a88a29ebbf53-s8312,a88a29ebbf53,cifar10-target-transport-v1,cifar10-train-validation-test-20260823,cifar10,wide_resnet,8312,0.001,high,0.0,0.2,adamw,15,128,20000,5000,5000,16,cuda,0.8451433101654052,0.6998,0.6492371553897858,0.7796,0.5118005275726318,0.26536344178020954,0.916015625,0.6492371553897858,0.7796,0.6350512516021729,0.7924,0.7924,0.6350512516021729,0.7924,0.9628248610496521,0.6848,1.4406856609344483,0.5518,0.8842972569465637,0.6966,1.0959359263102213,0.6444,0.29563140869140625,0.04034976761613507,0.5657216509183248,0.09080856045087178,0.8662553628285726,54.4454345703125,0.10194415723284085,0.3884380062421163,0.674747904141744,6.076809851673342,0.3798006157295839,15.348060925801596,3.7962841678527064,9.236909668289444,0.5773068542680903,0.23726776049079415,12.423673389558685,0.7764795868474178,11007681.0,1.2531017462412517,193.21988423665366,2.077471828776486,356.4785461425781,2213.182820638021,0.4452270170052846,0.9924795031547546,0.0014149971539154649,14.728402137756348,4.766819477081299,1.3251484831174214,0.798437217871348,345.2931823730469,1202.7205810546875,15.485465049743652,0.7725348869959513,0.9375,0.1847205658753713,10.956422487894693,15.180434544881185,1.1494665145874023,0.3732369045416514,0.7484742999076843,59624.0078125,72.74188995361328,1.5046395063400269,0.05816611647605896,0.027849063542416733,0.02402552026000723,0.044239097529555536,0.0,0.06819485797450885,0.13946684554042718,0.019539731999139852,1.1504796657496612,0.07190497910935383,0.5493937698384284,1.7227862995408691,1.2526632177991937,0.0782914511124496,0.10767414372130432,0.44773725813605736,0.027983578633503585,8604975.013942515,0.5128911789375521,98.07616987689457,0.6944109984586765,37.04190675636316,277.854407200069,0.08078403690115338,0.003991353891243172,0.0001776460262803324,1.2426268488356629,0.36736594460990585,0.5614288690466918,0.09536977134629109,nan,nan,1.024842789369727,0.06487001729698463,0.0625,0.05186471479282233,1.8063629529924885,2.391973779386959,0.0,0.005447557093629789,0.0,0.0,0.0,0.0,0.0,0.7444533435319576,92.72540736198425,
775f264b-0d9c-4322-a612-a8685164f02d,a88a29ebbf53-s8313,a88a29ebbf53,cifar10-target-transport-v1,cifar10-train-validation-test-20260823,cifar10,wide_resnet,8313,0.001,high,0.0,0.2,adamw,15,128,20000,5000,5000,16,cuda,0.8188462323188782,0.7126,0.6394864088058472,0.7878,0.3396809995174408,0.27954345382750034,0.896484375,0.6394864088058472,0.7878,0.6455294012069702,0.787,0.787,0.6455294012069702,0.787,0.9019580646514893,0.7082,1.7265804194450378,0.5178,0.904749369430542,0.7004,1.1777626178423564,0.6421333333333333,0.30191606283187866,0.04681291937595233,0.5022156238555908,0.05189841613173485,0.8993678490320841,53.5305061340332,0.08956857025623322,0.32190273702144623,0.6704499920209249,6.276577752494668,0.39228610953091675,15.340984026590982,2.9609111787534697,10.325468784459757,0.6453417990287348,0.18505694867209185,12.750988248952524,0.7969367655595327,656586505.1666666,1.0671010812123616,102.16309865315755,1.5802015729823917,156.16837565104166,1751.4862467447917,0.3015616138776143,0.9900300900141398,0.0011198117087284725,11.66218376159668,3.505836566289266,1.17624165614446,0.8350846171379089,166.56698608398438,888.5728454589844,15.328841209411621,0.8340920209884644,0.9583333333333334,0.13072327772776285,6.712658564249675,10.319094181060791,1.1304142475128174,0.3269209216038386,0.7424663305282593,58750.67578125,72.09822845458984,1.3829110860824585,0.0576513409614563,0.14929237678223747,0.026722269624537293,0.02174426444567139,0.0,0.014213393375745245,0.07270659085257807,0.009954689607089654,0.9787566479842353,0.06117229049901471,0.3239799400985074,0.7001719831171952,0.9096036513091497,0.056850228206821854,0.0437607489448247,0.8427977408373167,0.052674858802332296,1055506117.7435513,0.23410885027754244,49.61244159229924,0.16267340412614817,59.32673288972004,193.42466576944187,0.0531013959839995,0.01006499562445487,0.00012366591989519866,4.431001966412501,0.1205100793395652,0.34570251334766644,0.05450712767611896,nan,nan,0.40714925390848966,0.026642886600856574,0.07216878364870323,0.046484990058597186,0.6385530605162152,2.5553258171353113,0.0,0.09753782306755658,0.0,0.0,0.0,0.0,0.0,0.3564724670075402,92.62822103500366,
71c791cc-3fe6-4703-842b-fd3a4fec1b67,a88a29ebbf53-s8314,a88a29ebbf53,cifar10-target-transport-v1,cifar10-train-validation-test-20260823,cifar10,wide_resnet,8314,0.001,high,0.0,0.2,adamw,15,128,20000,5000,5000,16,cuda,0.8038316102981568,0.7174,0.6961943340301514,0.7742,0.28922924399375916,0.28945517167449,0.908203125,0.6961943340301514,0.7742,0.6679256428718567,0.7792,0.7792,0.6679256428718567,0.7792,1.015120248413086,0.669,1.7442471274375915,0.4902,0.9044388154029847,0.6914,1.2212687304178873,0.6168666666666667,0.31398677825927734,0.04594663227908313,0.5659748911857605,0.12370872435470422,0.8612546324729919,54.617759704589844,0.10714969287316005,0.45144690076510113,0.681030809879303,6.777981937205527,0.42362387107534544,14.670296669006348,4.816715141256825,10.369679674555249,0.648104979659703,0.3010446963285516,12.702782140840709,0.7939238838025443,39331698.0,1.5639218091964722,170.3706080118815,2.3780875087076794,363.34200795491535,2313.76611328125,0.33489008247852325,0.9923166632652283,0.001479305074705432,12.924914042154947,4.707131544748942,1.6824671824773152,0.7378507852554321,211.78724670410156,919.7953338623047,14.287040074666342,0.7824434240659078,0.9166666666666666,0.2696668629844983,11.293163140614828,13.437640031178793,1.1533480882644653,0.3612629473209381,0.7491584420204163,59713.2578125,72.90548706054688,1.4255362749099731,0.05829683691263199,0.19555645429682025,0.10628086216374776,0.043928549473671856,0.0,0.019181660791989564,0.10636778772289718,0.020066071128971467,1.019903981423322,0.06374399883895762,0.5975392486293154,0.7662982124735426,0.6073595790198741,0.037959973688742134,0.04789363827959641,0.34775037557769256,0.021734398473605785,29046172.797415014,0.15526125712142377,163.553291040497,0.48076636115475574,328.3838494163514,1159.9918313369028,0.1535538025492535,0.0054748170832055205,0.0007416401443407997,0.26832710927283326,2.402581772269486,0.2109862300532108,0.06035282739191881,nan,nan,0.8306360310208177,0.06609927374319521,0.09547032697824667,0.1851468730457661,5.08719538862907,7.548186017204524,0.0,0.14879331821864208,0.0,0.0,0.0,0.0,0.0,-0.796067702269593,92.82903695106506,
c73a2c39-5e59-48cd-ae24-16199d23431b,a88a29ebbf53-s8315,a88a29ebbf53,cifar10-target-transport-v1,cifar10-train-validation-test-20260823,cifar10,wide_resnet,8315,0.001,high,0.0,0.2,adamw,15,128,20000,5000,5000,16,cuda,0.7957079195022583,0.7144,0.6435496535778046,0.7802,0.44396933913230896,0.22541603073477745,0.9384765625,0.6435496535778046,0.7802,0.6285347839832306,0.7902,0.7902,0.6285347839832306,0.7902,0.9429669430732727,0.6916,1.709429583454132,0.5102,0.8367558270931243,0.7132,1.1630507845401763,0.6383333333333333,0.30162882804870605,0.0380383576884924,0.4007222354412079,0.08674946241080761,0.8814387520154318,54.953468322753906,0.08678969740867615,0.3921640117963155,0.6915592749913534,6.4700492715050615,0.40437807946906634,15.071678479512533,3.908493048010671,9.74306329198594,0.6089414557491213,0.24428081550066694,12.534348024915678,0.7833967515572299,101385204.66666667,1.35123610496521,109.81098556518555,2.017316082385569,211.79312642415366,1612.3975423177083,0.30762235323588055,0.9909608364105225,0.0010308854495330404,14.248540242513021,3.5826541582743325,1.411873420079549,0.7975921034812927,242.61300659179688,1276.2413940429688,14.366407712300619,0.8171471953392029,0.9375,0.21834150701761246,8.253029505411783,11.091618378957113,1.160258173942566,0.25611503918965656,0.7509635090827942,60081.359375,73.17728424072266,1.4962612390518188,0.05851416662335396,0.12702287740348095,0.061035055714722994,0.04449009919737415,0.0,0.017496091849374153,0.11511493916099425,0.016461971448107477,0.48829239230767557,0.030518274519229723,0.6041508519961211,0.7558649766245106,0.751501664024453,0.04696885400152831,0.04724156103903191,1.0135786080732527,0.0633486630045783,82410821.38877453,0.1868282480826817,79.27949945819287,0.2348922252158551,137.9664887497449,783.0987222653752,0.2007264175643695,0.003532684826362966,0.00050067374165094,2.4877621344768617,1.5429496230192359,0.2212410734675946,0.04522264111589745,nan,nan,0.7783793051944937,0.06504845894902601,0.0625,0.12693204452413934,2.980507719266196,4.701229831095811,0.0,0.05238482275675949,0.0,0.0,0.0,0.0,0.0,0.4963769488129361,92.86071252822876,
7f8ab123-ad96-4c8e-ad4f-597e0675bf78,67b41c1f13bf-s8311,67b41c1f13bf,cifar10-target-transport-v1,cifar10-train-validation-test-20260823,cifar10,cnn,8311,0.001,high,0.001,0.0,adamw,15,128,20000,5000,5000,16,cuda,0.9998674696922302,0.6396,1.0500728002548219,0.6408,0.41672810912132263,0.7821092158555984,0.7294921875,1.0500728002548219,0.6408,1.0199630480766297,0.6538,0.6538,1.0199630480766297,0.6538,1.9710059101104735,0.4268,2.3298264860153197,0.356,1.9044678913116455,0.3958,2.068433429145813,0.39286666666666664,0.47668173909187317,0.07381449268723372,2.1698060830434165,0.4019370923439662,0.7650580207506815,30.362594604492188,0.2415624459584554,0.665969967842102,0.7227575580279032,8.37760903474727,0.5236005646717043,10.559305508931478,4.771663547384786,7.324465384777316,0.45777908654858224,0.2982289717115491,10.055390559473976,0.6284619099671235,1798157.953125,1.5431145032246907,1575.399169921875,2.15762519972178,3269.4415690104165,4128.828287760417,1.4188380241394043,0.9779423872629801,0.011044549600531658,9.75851027170817,17.925873120625813,1.8639851808547974,0.6874802112579346,606.581298828125,2183.6368408203125,16.799081802368164,0.6182683408260345,0.7291666666666666,0.8932819366455078,40.87061436971029,38.67645390828451,1.2384926080703735,1.1905782620112102,0.7409507036209106,15684.3896484375,40.97788619995117,1.5441312789916992,0.06702101230621338,0.25126575746672,0.17352622399456144,0.0768004567843729,0.0,0.06934539069240102,0.15443393279849355,0.03913402630754653,0.4514571529175838,0.02821607205734899,0.19197740184318196,1.1888454981580605,1.2300479291980606,0.07687799557487879,0.07430284363487878,1.2641438038759445,0.07900898774224653,2257161.5488509983,0.23878649848152664,833.9495311052232,0.4937768267357367,1379.1007140335378,1558.559796163755,0.6018411469620983,0.005642411316390624,0.004169122473569811,3.255994766319073,6.357454065886179,0.14169731404365143,0.04729431927289242,nan,nan,0.16153521448314298,0.11824263228691143,0.13010412496663332,0.3741749818587649,9.364692158634167,8.188519949489514,0.0,0.14626947667036463,0.0,0.0,0.0,0.0,0.0,-0.918557789702507,43.83298635482788,
272d5d2b-93d7-4dc4-a75f-099fced000f7,67b41c1f13bf-s8312,67b41c1f13bf,cifar10-target-transport-v1,cifar10-train-validation-test-20260823,cifar10,cnn,8312,0.001,high,0.001,0.0,adamw,15,128,20000,5000,5000,16,cuda,1.3318352657318115,0.5112,1.0576855090618134,0.6588,0.5903041958808899,0.755314365029335,0.7490234375,1.0576855090618134,0.6588,1.0374333912849427,0.651,0.651,1.0374333912849427,0.651,1.763167414855957,0.46,1.8731655890464782,0.4138,1.315106714630127,0.5338,1.6504799061775206,0.4692,0.47548604011535645,0.08155614780844189,2.543934424718221,0.38490208983421326,0.7579955458641052,30.62637710571289,0.2182124157746633,0.7084309458732605,0.734859049320221,8.092328302927372,0.5057705189329608,11.002786000569662,4.430841260543671,6.028520798322599,0.3767825498951624,0.27692757878397944,10.085309908543259,0.6303318692839537,6259039.6015625,1.4664958715438843,2255.576619466146,2.328064812782911,4949.584554036458,5320.200113932292,2.2678151528040567,0.9724365075429281,0.01423144992440939,7.479310671488444,24.515369415283203,1.7804672718048096,0.708037257194519,1652.38134765625,3636.4600219726562,17.382518768310547,0.6229457855224609,0.7083333333333334,0.9119718869527181,47.05381647745768,50.97795104980469,1.2489475011825562,1.6200976371765137,0.7432380318641663,15808.212890625,41.206687927246094,1.5273712873458862,0.06739524006843567,0.649426512184705,0.11945550931295082,0.061919646152790477,0.0,0.036964627838986915,0.1397635368450443,0.04524959111456437,0.7394213074541829,0.04621383171588643,0.11580995659524693,1.1036605094551422,0.6362407710618577,0.03976504819136611,0.06897878184094638,0.41275616498542483,0.025797260311589052,10511897.449075812,0.2616506156575617,1258.5821232575765,0.3856645234576456,1862.571617708276,1168.3151270846586,1.2072481278538563,0.01064334575275796,0.003125224044092028,2.085975955238547,6.997195306437341,0.21281575991387194,0.05435701316028608,nan,nan,0.2797475086509094,0.0860325136919452,0.07216878364870323,0.29623807691521514,3.993597424098559,13.755278547144737,0.0,0.27473437059238454,0.0,0.0,0.0,0.0,0.0,0.9447943740213202,43.333184480667114,
94fc0917-b15e-41c0-a076-34053ff7f3c4,67b41c1f13bf-s8313,67b41c1f13bf,cifar10-target-transport-v1,cifar10-train-validation-test-20260823,cifar10,cnn,8313,0.001,high,0.001,0.0,adamw,15,128,20000,5000,5000,16,cuda,1.0780588468551635,0.6202,1.2187576500415802,0.5946,0.573725700378418,0.9189766049385071,0.6806640625,1.2187576500415802,0.5946,1.1971436483383178,0.6046,0.6046,1.1971436483383178,0.6046,2.3601957403182983,0.3684,2.795571534347534,0.284,2.2427317317962645,0.3328,2.4661663354873657,0.32839999999999997,0.5361998081207275,0.10132355475798249,2.5347837607065835,0.37435996532440186,0.7113559444745382,30.379009246826172,0.20373844106992087,0.8286812901496887,0.7135009765625,8.356647565267744,0.522290472829234,9.783873240152994,4.741189505972501,7.621882644228016,0.476367665264251,0.2963243441232813,10.081503245184157,0.6300939528240098,53794.405029296875,1.555849512418111,1754.4288736979167,2.167479133022805,3779.8284505208335,4330.81591796875,1.9966579675674438,0.956087072690328,0.011584863066673279,8.7057097752889,19.93975575764974,1.9319136142730713,0.6669833262761434,962.2440185546875,5299.666748046875,14.973265329996744,0.5568755070368449,0.75,0.848377505938212,45.03172302246094,41.008321126302086,1.2393540143966675,1.5438932577768962,0.7414024472236633,15661.50390625,40.975059509277344,1.5179857015609741,0.06701648235321045,0.43945366889103377,0.059803019963484735,0.005754521394934866,0.0,0.0345388329821796,0.023202942934665304,0.039418016252484964,0.32964589035487596,0.020602868147179747,0.29234664240027763,0.1727532962194743,0.6075957100937617,0.037974731880860105,0.010797081013717144,1.1847788699127135,0.0740486793695446,71846.51898115179,0.03618973875926673,573.653918015895,0.1804657219385344,1208.5273829413325,695.5305867680223,0.6259934961879756,0.006263819809077333,0.0018605332322740712,1.739877058771195,5.123980068821703,0.15074627218568876,0.0525354539663531,nan,nan,0.5564107320870401,0.017111691197584183,0.0,0.21249061632504465,4.4714439147653655,9.243460135815564,0.0,0.370783390082717,0.0,0.0,0.0,0.0,0.0,0.5180109685755845,43.778950214385986,
cb574424-22ff-45e5-8abc-27c3f954f8c3,67b41c1f13bf-s8314,67b41c1f13bf,cifar10-target-transport-v1,cifar10-train-validation-test-20260823,cifar10,cnn,8314,0.001,high,0.001,0.0,adamw,15,128,20000,5000,5000,16,cuda,1.1553967683792115,0.6102,1.0066535495758058,0.67,0.4707527160644531,0.6654339581727982,0.7548828125,1.0066535495758058,0.67,0.9868658689498901,0.6676,0.6676,0.9868658689498901,0.6676,1.7373181232452393,0.4936,1.9824200372695924,0.368,1.297154839706421,0.5658,1.6722976667404177,0.4758,0.45700401067733765,0.08554921380709857,2.9275965690612793,0.3521682471036911,0.7634908358256022,30.59196662902832,0.1817175696293513,0.6775641043980917,0.7217294176419576,8.170272120760139,0.5106420075475087,10.570600827534994,4.513014926772244,7.061772966952628,0.44136081043453923,0.28206343292326524,10.237239400620775,0.6398274625387984,4762488.864583333,1.479219675064087,1517.0986328125,2.2568250732874398,3516.8986002604165,4525.383707682292,1.6120410760243733,0.984535793463389,0.0121053292726477,8.403297265370687,19.275237401326496,1.6981375217437744,0.7209425369898478,652.3338623046875,3752.9175415039062,16.08583132425944,0.6448068221410116,0.7291666666666666,0.764823834101359,39.32031567891439,42.98988342285156,1.2487025260925293,1.6412049134572346,0.7432578206062317,15774.7041015625,41.15929412841797,1.5434616804122925,0.06731776893138885,0.9091212261324194,0.12024268074946623,0.07925687917626695,0.0,0.02365606481491801,0.1836085568174337,0.04639747133588544,0.6894117957205512,0.04308823723253445,0.24127039926554245,1.2175088893897947,0.6077010390904063,0.03798131494315039,0.07609430558686217,1.088686251945788,0.06804289074661175,4399003.089566348,0.2977714159546106,287.83561310518047,0.48505933272508656,1309.084879197499,1224.6679267568115,0.09659601374548132,0.001931834864266919,0.003275966930956323,1.8247723474989535,4.558879567838942,0.37889985221738476,0.0944714135587736,nan,nan,0.20155000384552332,0.11170053816106683,0.07216878364870323,0.2576516838632414,12.661258434301777,4.869798671453801,0.0,0.5204500114613996,0.0,0.0,0.0,0.0,0.0,1.1328566717225923,43.226905822753906,
315259b2-220c-4d4f-b487-0391f9e452ed,67b41c1f13bf-s8315,67b41c1f13bf,cifar10-target-transport-v1,cifar10-train-validation-test-20260823,cifar10,cnn,8315,0.001,high,0.001,0.0,adamw,15,128,20000,5000,5000,16,cuda,1.1913475610733033,0.5734,1.2674119338989258,0.6,0.6370993256568909,0.971083253622055,0.6552734375,1.2674119338989258,0.6,1.2767740728378296,0.597,0.597,1.2767740728378296,0.597,2.695301446914673,0.41,2.543575235748291,0.2882,1.9933589172363282,0.4138,2.410745199966431,0.37066666666666664,0.56276935338974,0.1331405597520643,2.4866058031717935,0.3957673708597819,0.747956911722819,30.73797035217285,0.18286888798077902,0.7103813290596008,0.7436979214350382,8.01717208153009,0.5010732550956306,10.697794278462728,4.184851355272782,6.4760946023195,0.40475591264496874,0.2615532097045489,10.061258538691687,0.6288286586682305,8109428.578125,1.4283097585042317,1957.8907877604167,2.226542329115846,4243.497802734375,4601.660481770833,1.8840023676554363,0.9725022713343302,0.012309368078907331,9.177210330963135,20.632545471191406,1.738718589146932,0.7196601827939352,691.3588256835938,2378.6441040039062,16.064428965250652,0.5966514746348063,0.6875,0.9074675043423971,45.38145955403646,46.62575912475586,1.2542871236801147,1.4687904119491577,0.7438854575157166,15829.603515625,41.320838928222656,1.5020462274551392,0.06758195161819458,0.16850326733980533,0.0906258719122698,0.029313754375856697,0.0,0.04717144368247554,0.06698245151137558,0.03929919940890336,0.4090955141553763,0.02556846963471102,0.3792648518644139,0.4028686642593219,0.7717227585965681,0.04823267241228551,0.025179291516207618,1.5261434374106946,0.09538396483816841,12230331.363414101,0.09794413856297267,351.7680342735889,0.49826882358732943,300.21152822157586,1150.498937046004,0.0697016349890261,0.012349342063192803,0.0030775659415231103,1.9838786943930837,2.5222064372919792,0.24296735300428957,0.06627801900708626,nan,nan,0.507734353884964,0.03873347540360085,0.10825317547305482,0.14288572212819506,3.698505734174977,1.1883941531053068,0.0,0.11402680910776486,0.0,0.0,0.0,0.0,0.0,0.6499768192816949,44.397361278533936,
12c785b0-5f82-4ad2-9037-0984fa46810c,64227caa429c-s8311,64227caa429c,cifar10-target-transport-v1,cifar10-train-validation-test-20260823,cifar10,resnet,8311,0.001,high,0.001,0.0,adamw,15,128,20000,5000,5000,16,cuda,1.077937725543976,0.6588,1.090617714214325,0.718,0.04769247770309448,0.1901850439608097,0.9345703125,1.090617714214325,0.718,1.0476227222442627,0.7366,0.7366,1.0476227222442627,0.7366,1.5228415499687196,0.6414,2.463357074928284,0.488,1.3662207775115967,0.6548,1.7841398008028666,0.5947333333333333,0.41310828924179077,0.14665140659053577,1.935802976290385,0.15893569588661194,0.9196534554163615,36.63685607910156,0.10301901400089264,0.24322041620810828,0.6602457960446676,6.91344808469255,0.43209050529328435,15.23713493347168,2.2919576906017274,10.920205617348785,0.682512851084299,0.14324735566260796,12.190065515223852,0.7618790947014907,359966907.6666667,0.7280399004618326,3788.4961751302085,1.5503751896349653,6070.6806640625,7999.171223958333,1.373043378194173,0.9958886504173279,0.011482866170505682,12.425262451171875,20.094531059265137,0.7908296485741934,0.8717067837715149,1988.137939453125,4315.884765625,17.436350504557293,0.8767762184143066,0.8958333333333334,0.3314523249864578,32.99160575866699,66.34446207682292,0.9470982551574707,1.4086290995279949,0.6661731600761414,28404.99609375,54.995994567871094,1.5322370529174805,0.0658930316567421,0.16389184411530722,0.09025853232341302,0.055297077459224304,0.0,0.04316031027084496,0.15021634871873016,0.02805264736154399,0.6317424596969754,0.03948390373106096,0.5154921750556604,1.2434038974843404,0.551282303056831,0.03445514394105194,0.07771274359277128,0.6093637231916935,0.038085232699480845,349269914.89578253,0.5557682750223563,1778.3814319838348,0.5931492510978674,4330.922068827393,2376.620284705742,0.6500308207326523,0.002047666975650189,0.0034116550216175905,3.358062755027138,5.307583379165464,0.5905713295774903,0.0668318385282674,nan,nan,1.0244293034500764,0.08171525105141066,0.07216878364870323,0.1487321539284397,20.362771138726437,21.361881601914153,0.0,0.07775190719941238,0.0,0.0,0.0,0.0,0.0,-0.3342885764951907,65.85524535179138,
24de4ff8-95cc-47d2-be16-fc9196fb04c7,64227caa429c-s8312,64227caa429c,cifar10-target-transport-v1,cifar10-train-validation-test-20260823,cifar10,resnet,8312,0.001,high,0.001,0.0,adamw,15,128,20000,5000,5000,16,cuda,0.8830806667327881,0.6966,1.0920489320755005,0.733,0.4172680079936981,0.12454676534980536,0.9580078125,1.0920489320755005,0.733,1.093098344182968,0.739,0.739,1.093098344182968,0.739,1.4578028303146362,0.6564,2.246726664352417,0.5414,1.0775786848068238,0.7198,1.5940360598246255,0.6392,0.41108036041259766,0.15694253368565114,1.8936925729115803,0.032606855034828186,0.9446340004603068,37.027366638183594,0.05938402687509855,0.17400989681482315,0.6469570795694987,5.986507594819181,0.3741567246761988,16.80115509033203,2.4512013178526977,10.909715006763017,0.6818571879226886,0.1532000823657936,12.295395010244997,0.7684621881403123,212325669546.66666,0.7831777843336264,758.3563334147135,1.6290895718222764,1050.3424886067708,3547.7869466145835,0.6704566975434622,0.9549477497736613,0.005092872927586238,12.366641680399576,8.81842835744222,0.8174899592995644,0.8676895300547282,1552.0687255859375,6245.332763671875,19.840473810831707,0.9053306380907694,0.9791666666666666,0.07447603344917297,13.797537803649902,28.86881383260091,0.9572432637214661,1.300753116607666,0.669521689414978,28654.5703125,55.30420684814453,1.5563987493515015,0.06626227498054504,0.7437889569188826,0.012430579683826302,0.02193402436627866,0.0,0.015083549657267754,0.08841394994796294,0.005166647823736696,0.877718676136312,0.0548574172585195,0.7021458092431915,1.2069048063525212,0.20667045983310636,0.012916903739569148,0.07543155039703257,0.2590050734921614,0.016187817093260087,190366594914.36328,0.6297579053330083,505.34071456418377,0.5560523815924562,263.91210280324384,120.08546886493696,0.23121759862686223,0.04021263421132805,0.00017238363084614517,1.5097115827621745,0.7656399516917003,0.6551655282390579,0.059292497250789306,nan,nan,1.064281415898026,0.031476429514824884,0.03608439182435161,0.00886053243952429,2.9754288168144867,5.566918965066448,0.0,0.4161832748841299,0.0,0.0,0.0,0.0,0.0,0.7086280280284891,65.81328344345093,
96881d83-b7b9-461d-a4e6-621b16df6dde,64227caa429c-s8313,64227caa429c,cifar10-target-transport-v1,cifar10-train-validation-test-20260823,cifar10,resnet,8313,0.001,high,0.001,0.0,adamw,15,128,20000,5000,5000,16,cuda,0.9853592670440674,0.6738,1.022330645275116,0.7442,0.04145428165793419,0.11927614687010646,0.9541015625,1.022330645275116,0.7442,1.0551206860303879,0.737,0.737,1.0551206860303879,0.737,1.645659014415741,0.6328,3.386463322067261,0.3756,1.305389928627014,0.669,2.1125040883700055,0.5591333333333334,0.41038110852241516,0.15274018263835387,1.4321704705556233,0.05678342655301094,0.957127571105957,36.92219161987305,0.0577975499133269,0.11785812179247539,0.6348381837209066,7.177041795970101,0.44856511224813134,15.679473876953125,1.5337938759911214,11.155226193682845,0.6972016371051778,0.09586211724944509,12.184971761823086,0.7615607351139428,21345873711.333332,0.4188270668188731,1469.1078287760417,1.1443621503583865,1715.6116027832031,4260.749837239583,0.673367997010549,0.9880448381106058,0.006116336289172371,13.911693255106607,10.235079129536947,0.43277403712272644,0.9166736205418905,28.857118606567383,98.3417739868164,18.45721435546875,0.9183465242385864,0.9583333333333334,0.0928119346499443,14.025546709696451,36.1785093943278,0.954195499420166,0.942654033501943,0.6679744720458984,28601.5390625,55.27485275268555,1.5965638160705566,0.06622711569070816,0.4648981648701809,0.05329369592499916,0.0006657205178409689,0.0,0.026542589373190387,0.016438322688418536,0.014790129065542104,0.6778717554258801,0.042366984714117505,0.29478351392392066,0.24345057454291844,0.7991366533939513,0.04994604083712196,0.015215660908932402,0.22380031426148514,0.013987519641342821,36831753207.92664,0.16595444649264363,1155.4889723760136,0.0806455039901677,1445.2340104171692,2203.103403863563,0.31116180632468565,0.017683165774951715,0.003162570475951573,1.4749355403185542,5.154132861904047,0.1746389447214248,0.011608215465137716,nan,nan,0.4499385644630068,0.00197665704690386,0.03608439182435161,0.06748634689724951,5.651984691048467,16.824738126801833,0.0,0.18278405293758654,0.0,0.0,0.0,0.0,0.0,-0.5697687851007249,66.33731293678284,
bebcd8c5-96da-4f5f-99a3-be663ae1082f,64227caa429c-s8314,64227caa429c,cifar10-target-transport-v1,cifar10-train-validation-test-20260823,cifar10,resnet,8314,0.001,high,0.001,0.0,adamw,15,128,20000,5000,5000,16,cuda,0.9010385374069214,0.7048,1.3897756753921509,0.6934,0.05072050541639328,0.33798264525830746,0.89453125,1.3897756753921509,0.6934,1.3577404812812806,0.6924,0.6924,1.3577404812812806,0.6924,2.2028658821105958,0.5564,3.3709834825515745,0.3988,1.5423616805076599,0.6358,2.372070348389943,0.5303333333333334,0.4894924759864807,0.19883676613972057,2.7114540735880532,0.24665558834870657,0.9338174859682719,37.03476333618164,0.1590119997660319,0.19758093853791556,0.6526288390159607,6.764256630259162,0.4227660393911976,15.695609092712402,2.732556117478641,10.916872807972057,0.6823045504982536,0.17078475734241505,12.438986540585548,0.7774366587865967,133839688192.0,0.9947214921315511,4867.909586588542,1.6998524733967333,8681.1416015625,11221.419270833334,1.2527519663174946,0.9953750371932983,0.016108425644536812,11.33145523071289,26.251174926757812,1.0591731866200764,0.8523605863253275,502.13232421875,132.85018920898438,18.29750378926595,0.8774963021278381,0.8541666666666666,0.5723038663466772,43.55086199442545,78.09382502237956,0.9574451446533203,1.8407352368036907,0.6693869829177856,28640.671875,55.32638931274414,1.606105923652649,0.06628874689340591,0.5126052135884497,0.1343750560882633,0.012073415677802112,0.0,0.05852580100553135,0.02477828259237221,0.013005167232308455,0.5366732286643201,0.033542076791520006,0.11426271295459857,0.4664661114984629,0.08089497099659161,0.005055935687286976,0.02915413196865393,0.7827708311797403,0.04892317694873377,219995121357.16022,0.18102355395643144,2554.814259897364,0.25763014277610224,5534.229306373296,4474.266943764664,0.5121801757019628,0.0019773993926329374,0.006422841502708087,3.5232148534744785,10.025687058427343,0.242589507026431,0.033900524866345774,nan,nan,0.3266390568626148,0.023298292726677855,0.07216878364870323,0.3992210166925964,17.63028743150056,26.793667107267517,0.0,0.4679665101089343,0.0,0.0,0.0,0.0,0.0,-1.226455023998015,66.22888112068176,
727f010c-12a0-4c4b-bf13-7661cab53665,64227caa429c-s8315,64227caa429c,cifar10-target-transport-v1,cifar10-train-validation-test-20260823,cifar10,resnet,8315,0.001,high,0.001,0.0,adamw,15,128,20000,5000,5000,16,cuda,0.8697843505859375,0.7094,1.2461379196166993,0.7208,0.13377299904823303,0.2038564532995224,0.931640625,1.2461379196166993,0.7208,1.2011983204364776,0.7252,0.7252,1.2011983204364776,0.7252,2.42072733669281,0.5442,2.2703593047142028,0.495,1.4505448740959168,0.6458,2.047210505167643,0.5616666666666666,0.4387363791465759,0.17356421856675297,1.472643295923869,0.046608671778813004,0.9556947549184164,36.963035583496094,0.0530831404030323,0.13495164612929025,0.6750092705090841,6.698385504958122,0.4186490940598826,16.794894536336262,1.814000826351126,10.6313695743368,0.66446059839605,0.11337505164694538,12.051957612431769,0.7532473507769856,14070556864.0,0.5357174997528394,795.3687998453776,1.248485626002855,1043.369160970052,3230.044637044271,0.3996336758136749,0.9703422586123148,0.004636751681876679,11.354294459025065,7.7788450717926025,0.5983142505089442,0.893668552239736,1187.7392578125,3245.981201171875,18.173573176066082,0.9236769477526346,0.9791666666666666,0.09345951179663341,11.413865566253662,23.426491419474285,0.9553113579750061,1.0209135015805562,0.668827474117279,28547.443359375,55.26542663574219,1.650307297706604,0.06621580570936203,0.47302414680131644,0.07177373048555992,0.04522657589561384,0.0,0.06043024531633772,0.11891169812245761,0.0342525091395931,1.1546777470462941,0.07216735919039338,0.5845533865861016,0.7034412405663838,0.5275154016420847,0.03296971260263029,0.04396507753539899,0.1458531567303047,0.009115822295644043,22620391835.2135,0.4417580479662956,1101.5729516543513,0.2118526980048967,1505.1870266261926,3146.5508527760676,0.35373176449447896,0.046612477999511265,0.004516895682615834,3.1403293436196593,7.451369898835689,0.4886256667696138,0.03699002514025325,nan,nan,1.04300426352667,0.07484180598863824,0.03608439182435161,0.12747186093653623,12.138323812280111,19.9774556793053,0.0,0.28974478979304435,0.0,0.0,0.0,0.0,0.0,0.016199981458751504,66.00921630859375,
1c4aa48d-b58b-4aac-bff7-6320fd9f9126,dd02e0262ea4-s8311,dd02e0262ea4,cifar10-target-transport-v1,cifar10-train-validation-test-20260823,cifar10,wide_resnet,8311,0.001,high,0.001,0.0,adamw,15,128,20000,5000,5000,16,cuda,0.9500228221893311,0.6896,0.9572747128009796,0.7708,0.017494577914476395,0.06101852236315608,0.9794921875,0.9572747128009796,0.7708,0.9075378540039063,0.7754,0.7754,0.9075378540039063,0.7754,1.668051125717163,0.6384,2.7599207646369934,0.4538,1.2602832449436188,0.6918,1.8960850450992581,0.5946666666666667,0.3486897051334381,0.1288933618197916,0.7757117748260498,0.002699882936819146,0.983718991279602,51.31326675415039,0.016280970225731533,0.0726926935215791,0.6614389419555664,7.2364680201921585,0.4522792512620099,17.751073201497395,2.6897822942745635,11.213846050077962,0.7008653781298726,0.16811139339216022,12.473469020825155,0.7795918138015722,181092885617.33334,0.8519746301074823,43.361121813456215,1.6698070614728378,50.5167350769043,899.7140909830729,0.14733672390381494,0.9870102405548096,0.0005752316889508317,14.317207972208658,1.651940127213796,0.8802735010782877,0.8608456452687582,78.33506774902344,224.58715057373047,19.339210510253906,0.9721771279970804,1.0,0.017236918831864994,2.6915576457977295,5.815463701883952,1.0834496021270752,0.4542153278986613,0.7187379598617554,57158.1171875,71.39356994628906,1.5090965032577515,0.05708805099129677,0.17903020810217654,0.0017841531816979222,0.006144854833813121,0.0,0.006144838633405884,0.024031989944898854,0.027736220503477887,0.8165503108948778,0.051034394430929865,0.28219278636111367,1.4330112538975968,0.5257341669194103,0.032858385432463146,0.0895632033685998,0.578274689830274,0.03614216811439212,313556545432.9533,0.69906040269603,55.53465233545592,0.6013884749007687,50.74612117134419,477.92979475908874,0.07560900479357464,0.014449455926861565,0.00030556413347212547,0.8692267378708377,0.8933885362869936,0.7196271586731419,0.06535264783786894,nan,nan,0.4133852786203363,0.010302148580118521,0.0,0.006689581244638834,0.7221211364150308,3.695609186838397,0.0,0.14146960558744553,0.0,0.0,0.0,0.0,0.0,0.4482379391168143,90.7885890007019,
5136514c-3b53-40af-a9c5-9bd06f252041,dd02e0262ea4-s8312,dd02e0262ea4,cifar10-target-transport-v1,cifar10-train-validation-test-20260823,cifar10,wide_resnet,8312,0.001,high,0.001,0.0,adamw,15,128,20000,5000,5000,16,cuda,0.8081349549770355,0.7234,1.0864189997673035,0.7364,0.2868041396141052,0.11299929954111576,0.958984375,1.0864189997673035,0.7364,1.0897760923981668,0.7388,0.7388,1.0897760923981668,0.7388,1.4415671015501021,0.6662,2.7096296182632447,0.5094,1.4311841187477112,0.6712,1.8607936128536862,0.6156,0.41284093260765076,0.16010208450097707,1.2259531617164612,0.0827868531147639,0.9571869969367981,51.294132232666016,0.07503167539834976,0.14191942662000656,0.6479197939236959,6.207147342706527,0.38794670891915795,18.90404001871745,1.777425217818573,10.734872691778302,0.6709295432361438,0.11108907611366081,12.052065574519112,0.7532540984074445,585174917632.0,0.5389773547649384,1220.0877736409504,1.24993608475435,1788.0314636230469,5013.1275634765625,0.45476111272970837,0.9639631907145182,0.003205140237696469,15.065080324808756,8.620272636413574,0.5513660411039988,0.9047326842943827,661.1747436523438,1289.57470703125,21.360663731892902,0.9258289933204651,0.9583333333333334,0.14880877050260702,14.853913307189941,31.54367796579997,1.0829353332519531,0.791402260462443,0.7186232209205627,57183.8671875,71.37834167480469,1.4775394201278687,0.057076048105955124,0.4551732954203686,0.11828568604659238,0.019801094833311474,0.0,0.06879754441555436,0.06581721921775124,0.025570338648065384,0.6798190448374893,0.042488690302343084,0.7347551417580225,0.5625270029815743,0.6266382626562266,0.03916489141601416,0.035157937686348395,0.48557279589789937,0.03034829974361871,998552074794.7689,0.336094550666677,1539.6172463470205,0.2577708074587575,2437.4124649537002,4673.881164694238,0.270252914506463,0.04727666327776602,0.0029882432373832374,1.2428774249225807,6.9710626282250265,0.3400026052716416,0.024736556599151957,nan,nan,1.4057345654773585,0.03462286947186904,0.07216878364870323,0.18675190354025517,13.22627417233239,26.14669151445008,0.0,0.2709773911536449,0.0,0.0,0.0,0.0,0.0,-0.44009355987405707,90.88967967033386,
b2c78091-b176-4700-88c7-74a5c72e9883,dd02e0262ea4-s8313,dd02e0262ea4,cifar10-target-transport-v1,cifar10-train-validation-test-20260823,cifar10,wide_resnet,8313,0.001,high,0.001,0.0,adamw,15,128,20000,5000,5000,16,cuda,0.79549912109375,0.742,0.9440455228805542,0.7758,0.017028339207172394,0.033048720797523856,0.9912109375,0.9440455228805542,0.7758,0.9451649927139282,0.7776,0.7776,0.9451649927139282,0.7776,1.4974187316894532,0.6726,2.6125791405200958,0.48,1.0263552441596986,0.7378,1.7121177054564158,0.6301333333333333,0.34783515334129333,0.13316748275246937,0.8619473973910013,0.002673634633538313,0.9879268010457357,49.73487854003906,0.01207320640484492,0.049179895470539726,0.6512729128201803,6.99701181972453,0.4373132387327831,17.88058344523112,1.613447009908923,11.148048794554285,0.6967530496596428,0.1008404381193077,12.01220639534935,0.7507628997093344,10686476544.0,0.4367748697598775,54.62837187449137,1.2545230661459232,58.40272911389669,1068.8831176757812,0.09587275236845016,0.997507373491923,0.0006833898223703727,13.376460711161295,1.761106053988139,0.4523279095689456,0.9119546214739481,68.84933471679688,21.63773947954178,19.437145868937176,0.9779815077781677,1.0,0.012963427075495323,2.3171666661898294,6.344099283218384,1.0502612590789795,0.5765669147173563,0.7069222927093506,55889.0,70.35409545898438,1.5062586069107056,0.05625692382454872,0.22557989429363776,0.0023409044260304115,0.006901598942689064,0.0,0.0069016107969237265,0.022567262938089076,0.02660371159366317,0.7537254092737997,0.04710783807961248,0.6778635480610472,0.5692609194686301,0.9713254848975679,0.06070784280609799,0.03557880746678938,0.5426850080769227,0.033917813004807666,7255186512.655711,0.353409444512786,52.153949253181864,0.3040345186077056,52.43568559644578,689.2210273234242,0.06507729341846107,0.002599338478285847,0.00044065308643197084,1.1372211573692375,1.1025349549469683,0.3636805792006833,0.025842417701777216,nan,nan,1.1393839335559586,0.012619213317988673,0.0,0.0077015897939077555,1.3259569325301377,4.173796216740822,0.0,0.1767291714903964,0.0,0.0,0.0,0.0,0.0,0.2641860079246205,90.87917590141296,
57e8f66f-653b-4e4b-a04e-4b215ec92c68,dd02e0262ea4-s8314,dd02e0262ea4,cifar10-target-transport-v1,cifar10-train-validation-test-20260823,cifar10,wide_resnet,8314,0.001,high,0.001,0.0,adamw,15,128,20000,5000,5000,16,cuda,0.8747458585739136,0.716,1.138593448829651,0.736,0.03581772372126579,0.19943552557379007,0.9248046875,1.138593448829651,0.736,1.1578810037612914,0.7372,0.7372,1.1578810037612914,0.7372,1.8973832454681396,0.6234,3.389340607833862,0.4148,1.1394842853069305,0.7234,2.1420693795363106,0.5872,0.41515645384788513,0.1645336663350463,1.6794991890589397,0.13958965986967087,0.9135201772054037,51.53326416015625,0.09595818693439166,0.2197050154209137,0.6476631164550781,6.451342041887943,0.40320887761799645,18.852062861124676,2.540364358340732,9.711835100337433,0.6069896937710896,0.15877277239629575,11.840196853167612,0.7400123033229757,10694008221696.0,0.8048999657233556,1738.0075276692708,1.7200174875071195,3044.032918294271,8685.181640625,1.1568362911542256,0.9483824372291565,0.005552865952874224,11.366970221201578,16.05349636077881,0.8639375964800516,0.8562628825505575,210.20169067382812,476.60044860839844,20.80495325724284,0.8428254127502441,0.8958333333333334,0.3400761807958285,25.11244010925293,45.78518549601237,1.0882136821746826,1.2438524266084034,0.719629168510437,57457.65625,71.6108627319336,1.493120789527893,0.057261839509010315,0.9154910678667895,0.12120839129579877,0.03549997350283717,0.0,0.06323923879948118,0.07109506687116704,0.03359691660052013,0.9144705985071918,0.05715441240669949,1.0976788602182903,1.3616955256757515,0.22787746323351113,0.014242341452094446,0.08510597035473447,0.5248186543671065,0.03280116589794416,11419469957359.082,0.6614950695450282,1055.9267444989434,0.6280256829156391,2350.0420614104637,5580.141452605426,0.6467529313424978,0.0387617911919113,0.0035676604501252047,3.933628265877981,9.023916870250973,0.7210115017040345,0.07499594146341802,nan,nan,1.385685342423874,0.07898448110227049,0.13010412496663332,0.2927560946042231,16.314599292716743,14.474318086928855,0.0,0.6599281169023077,0.0,0.0,0.0,0.0,0.0,0.05419338769590531,91.14271402359009,
eb3ad215-bd7b-48f2-bbe9-c94ba2499ce5,dd02e0262ea4-s8315,dd02e0262ea4,cifar10-target-transport-v1,cifar10-train-validation-test-20260823,cifar10,wide_resnet,8315,0.001,high,0.001,0.0,adamw,15,128,20000,5000,5000,16,cuda,0.8262493446826935,0.7126,0.9950305155754089,0.7532,0.11157077550888062,0.09041144140064716,0.96875,0.9950305155754089,0.7532,0.9849823622107505,0.758,0.758,0.9849823622107505,0.758,1.4513792062282562,0.6592,3.379575728750229,0.3926,1.4172574622631073,0.646,2.0827374657471975,0.5659333333333333,0.3780003786087036,0.14077526435721666,1.1859997312227886,0.06960737456878026,0.953994870185852,51.61366271972656,0.06372163444757462,0.13878169159094492,0.6420332590738932,6.72394663165706,0.42024666447856623,17.785013834635418,1.4630404738553846,10.85876595346167,0.6786728720913544,0.09144002961596154,12.536006657614474,0.7835004161009046,54328204074.666664,0.3645261252919833,1297.570536295573,1.1297381270176277,1406.3756306966145,5220.657552083333,0.4884616434574127,0.9709100524584452,0.0033378244067231813,14.760252634684244,9.31945530573527,0.3767520586649577,0.9208502372105917,1369.9366455078125,2297.7328491210938,19.21590805053711,0.9192538062731425,0.9583333333333334,0.16860438883304596,12.714068094889322,34.03528912862142,1.0897433757781982,0.7887469530105591,0.7206789255142212,57463.34375,71.61811065673828,1.5104612112045288,0.05726764351129532,0.5211782527122656,0.04663228174087516,0.018418100635902556,0.0,0.004255556912328475,0.03468211206578939,0.018758541384338613,0.5401117607183944,0.03375698504489965,0.09671482327140926,0.3072834351338675,0.16011133260257768,0.010006958287661105,0.01920521469586672,0.5858436994986078,0.03661523121866299,90649260675.87961,0.22348313039547776,944.2265387118504,0.09483857307602495,892.3560557600134,2218.916131627189,0.11004867889370695,0.04465031645881853,0.0014186626244835309,2.3636695051809484,3.510792238181046,0.22043516793562207,0.011396288419945555,nan,nan,0.06631587289030556,0.029346168923369633,0.03608439182435161,0.1493479686831054,2.59615447747773,11.079331978597754,0.0,0.27431469584801615,0.0,0.0,0.0,0.0,0.0,-0.02004438728107938,90.76530623435974,
7d1d892a-59f0-4581-b458-d833b8a1e10c,ddad3b4d5f5b-s8311,ddad3b4d5f5b,cifar10-target-transport-v1,cifar10-train-validation-test-20260823,cifar10,cnn,8311,0.01,low,0.0,0.0,sgd,15,128,20000,5000,5000,16,cuda,1.6439923442840576,0.5038,1.1258116441726684,0.6272,0.5019007325172424,0.9438579007983208,0.6875,1.1258116441726684,0.6272,1.1048354623794556,0.6316,0.6316,1.1048354623794556,0.6316,1.4580766874313353,0.529,2.235164986038208,0.3376,1.479003571510315,0.4942,1.7240817483266195,0.4536,0.5002626776695251,0.07418132899692864,2.287088473637899,0.4640595813592275,0.7225809494654337,11.944093704223633,0.24228660265604654,0.795011301835378,0.7372740904490153,7.386296897010358,0.4616435560631474,8.900423367818197,5.147028899634558,6.850682431792002,0.42816765198700013,0.32168930622715985,9.217750289188004,0.5761093930742502,430149.6295572917,1.6251036326090496,2793.8888346354165,2.5486949748775527,6772.738606770833,10858.658203125,0.7413503328959147,0.9720261693000793,0.029046736657619476,7.882500807444255,27.865458170572918,2.0195168256759644,0.6341059406598409,881.02880859375,4987.577850341797,9.843891143798828,0.5795174241065979,0.6666666666666666,1.0718479951222737,61.87298075358073,53.711161295572914,0.4872004985809326,2.2643446127573648,0.4214530885219574,7672.654296875,28.340269088745117,1.1998155117034912,0.046351753175258636,0.48804141266606427,0.09593016671770853,0.05707169926295623,0.0,0.07729370543619228,0.1299413967930173,0.04336111832348879,0.26569383469799973,0.016605864668624983,0.12867119770319016,1.059105161779216,0.18571791053985645,0.011607369408741028,0.066194072611201,1.1063037911040774,0.06914398694400484,430614.8778910181,0.19678683867469113,1039.2894989599097,0.5523690482250438,1406.0868626497893,1792.8812748598987,0.17838412144427176,0.01808279967187321,0.004795929267109163,1.606783054639691,4.985922632951209,0.07668938162022984,0.027496660593123248,nan,nan,0.35681064144493746,0.08226924619024806,0.14433756729740646,0.09463567665821326,3.973483349955276,8.578161008731708,0.0,0.4086409857947458,0.0,0.0,0.0,0.0,0.0,0.5635057800286626,44.314969301223755,
bd4467de-f9a7-43e9-8314-8d308dfe2072,ddad3b4d5f5b-s8312,ddad3b4d5f5b,cifar10-target-transport-v1,cifar10-train-validation-test-20260823,cifar10,cnn,8312,0.01,low,0.0,0.0,sgd,15,128,20000,5000,5000,16,cuda,1.4804314804077148,0.4926,1.4324401540756226,0.5428,0.829864501953125,1.2434001192450523,0.552734375,1.4324401540756226,0.5428,1.4185027366638183,0.5558,0.5558,1.4185027366638183,0.5558,2.012303440666199,0.4116,1.9774513679504395,0.3904,1.849867537498474,0.3952,1.9465407820383707,0.3990666666666667,0.6148782968521118,0.15521693805931136,2.383086601893107,0.45485734939575195,0.7219120264053345,12.001957893371582,0.24315125743548074,0.756923258304596,0.7342933019002279,7.749463120016299,0.48434144500101867,8.657050450642904,4.922378390973276,6.7327420739377,0.4207963796211063,0.30764864943582976,8.888950170173809,0.555559385635863,131428.74479166666,1.5564115047454834,3229.2640787760415,2.257613145253947,6673.77880859375,12072.818684895834,0.7988975842793783,0.9672423005104065,0.032294596855839096,6.553007284800212,30.7590815226237,2.0167789856592813,0.6288557251294454,1877.5394287109375,4953.4716796875,10.705625216166178,0.5535016457239786,0.6458333333333334,1.0351239045461018,62.02717590332031,52.719482421875,0.4894413352012634,2.4005974928538003,0.422680139541626,7680.671875,28.394893646240234,1.316817045211792,0.04644107073545456,0.2976952875623205,0.08741931953198537,0.0335183850861019,0.0,0.03232959679021246,0.10471946122996514,0.04388451592465932,0.28144200614254844,0.017590125383909277,0.1072716021581893,1.537040820974373,0.6531344652746967,0.04082090407966854,0.0960650513108983,1.1392860607454343,0.07120537879658964,180195.3476697223,0.34616848061364036,1340.414364978188,0.7014462135653105,895.3426106129376,2553.055799121451,0.06511751035025726,0.02130925952096101,0.006829382808266906,2.6794773798666767,6.626322003977268,0.16496025479960924,0.06596388545031834,nan,nan,0.24289153334376226,0.038612790748692914,0.03608439182435161,0.43811807181197593,6.956209235515297,4.712298986255643,0.0,0.2074130068404223,0.0,0.0,0.0,0.0,0.0,0.7868311303833796,43.376046895980835,
5cbd9321-015c-4ef2-bec4-1f5913c311e7,ddad3b4d5f5b-s8313,ddad3b4d5f5b,cifar10-target-transport-v1,cifar10-train-validation-test-20260823,cifar10,cnn,8313,0.01,low,0.0,0.0,sgd,15,128,20000,5000,5000,16,cuda,1.3526180297851562,0.5202,1.2794666319847108,0.565,0.6136792302131653,1.0062631145119667,0.6298828125,1.2794666319847108,0.565,1.2687716995239258,0.5608,0.5608,1.2687716995239258,0.5608,2.40699807472229,0.3544,2.2465473318099978,0.3114,1.8239994283676146,0.4162,2.159181611633301,0.36066666666666664,0.5846704244613647,0.13983067341541755,2.052310307820638,0.5136228601137797,0.7022721171379089,12.102052688598633,0.23396839698155722,0.8416818380355835,0.7249302466710409,8.370826814874137,0.5231766759296336,7.730362892150879,4.8210375131032395,5.97665104510182,0.3735406903188638,0.30131484456895247,8.126978562742057,0.5079361601713785,38651.793294270836,1.5474446614583333,3483.8123372395835,2.292475623196951,7995.2119140625,11838.387044270834,0.9259037375450134,0.9775243202845255,0.031667495146393776,7.661638259887695,30.934921264648438,2.0072271823883057,0.6387320359547933,1540.80517578125,9164.172119140625,8.589778105417887,0.531798799832662,0.6041666666666666,1.0207753578821819,67.2799301147461,57.31150690714518,0.4937201142311096,2.20607860883077,0.4257723391056061,7684.7607421875,28.423765182495117,1.3955967426300049,0.04648829251527786,0.38239813039658155,0.144945805270578,0.010922331525460181,0.0,0.019478658203783555,0.019095621762853385,0.03808005597497313,0.5060158872529366,0.031625992953308535,0.23250969422961115,1.3675605173008425,0.8215970602827632,0.0513498162676727,0.08547253233130266,0.9318048036079192,0.05823780022549495,43012.93609216127,0.2731815067668481,201.81893567641046,0.8113130899385472,2829.483126454852,2538.238537103837,0.27426954674733584,0.0031810743478556903,0.006789746304134318,3.4210402433597795,5.950342914274031,0.1572510205491656,0.05929370171550295,nan,nan,0.6745019971101989,0.04214740134353249,0.13010412496663332,0.20848156094645579,14.958742996006357,7.228815342959396,0.0,0.5127039452922306,0.0,0.0,0.0,0.0,0.0,1.8961523134097096,43.2636923789978,
082476bf-9113-42bc-b8bd-03b6d275c016,ddad3b4d5f5b-s8314,ddad3b4d5f5b,cifar10-target-transport-v1,cifar10-train-validation-test-20260823,cifar10,cnn,8314,0.01,low,0.0,0.0,sgd,15,128,20000,5000,5000,16,cuda,1.522080950164795,0.5042,1.2493711534500123,0.5982,0.6196921467781067,0.9696704596281052,0.6728515625,1.2493711534500123,0.5982,1.2464007720947266,0.6084,0.6084,1.2464007720947266,0.6084,1.9400751708984374,0.4304,1.9355608074188233,0.3824,1.3806461164474488,0.542,1.7520940315882365,0.4516,0.5533397197723389,0.11008775500522461,3.3603570461273193,0.4879961609840393,0.7157209118207296,12.127479553222656,0.22761518259843191,0.7875925898551941,0.7393844723701477,7.602281908772196,0.47514261929826224,9.013538678487143,4.738375983215545,5.7436059466175235,0.3589753716635952,0.29614849895097156,8.572028938617722,0.5357518086636076,277083.21875,1.550541917483012,3936.1351725260415,2.3711469737596493,9380.3310546875,12049.3388671875,0.7346346775690714,0.9770869016647339,0.03223178846140703,9.72005828221639,32.4993101755778,1.9807390769322712,0.640052874883016,2348.8701171875,2545.8172302246094,9.899150212605795,0.553390234708786,0.625,1.0376480023066204,72.10912322998047,63.53562037150065,0.4950193166732788,3.88689915339152,0.4267119765281677,7699.79541015625,28.420761108398438,1.4313639402389526,0.04648338258266449,1.332109598645384,0.10232614424129487,0.058073149013269085,0.0,0.0057559405793557745,0.10791163757227445,0.044297316569808044,0.5660300809623965,0.03537688006014978,0.2351685821737699,0.5888219674080825,1.0020834938243255,0.06263021836402034,0.036801372963005154,0.8913514169323932,0.05570946355827457,242726.54358810105,0.12436070387498586,318.6276057199966,0.34520334942895814,1961.6363216336688,3028.396983023855,0.12998383682543938,0.011502210873830129,0.008100914115052813,7.708258961935585,8.163219036525911,0.17773892844760242,0.05619457602093141,nan,nan,0.5876674339766235,0.11267755216526605,0.0625,0.2706765228056952,9.846355494932741,10.899361883148329,0.0,1.258624857356096,0.0,0.0,0.0,0.0,0.0,-0.36233885286387657,42.58815670013428,
0283eac8-e9ab-4d13-88dc-8c73ce3b3a35,ddad3b4d5f5b-s8315,ddad3b4d5f5b,cifar10-target-transport-v1,cifar10-train-validation-test-20260823,cifar10,cnn,8315,0.01,low,0.0,0.0,sgd,15,128,20000,5000,5000,16,cuda,1.356455640411377,0.53,1.9349014778137208,0.461,0.717292070388794,1.6225884854793549,0.5048828125,1.9349014778137208,0.461,1.9251507753372192,0.4678,0.4678,1.9251507753372192,0.4678,3.394458869934082,0.288,2.5468118186950686,0.285,2.5978597507476806,0.2868,2.84637681312561,0.28659999999999997,0.720653235912323,0.18148329691030085,3.1496480305989585,0.6616537968317667,0.6179171403249105,11.96712589263916,0.2694950799147288,1.0317554871241252,0.7422215342521667,8.20576503780801,0.5128603148630007,8.067375500996908,4.831010504002772,6.969306160928216,0.4355816350580135,0.30193815650017325,8.397865844491758,0.5248666152807349,48493.2920328776,1.5727062225341797,6396.346516927083,2.0101578859135887,12813.179036458334,20158.386067708332,1.4268862803777058,0.9340542356173197,0.053923361003398895,3.480374574661255,53.339674631754555,2.1642523606618247,0.5785940090815226,2032.88720703125,6243.883544921875,10.787895520528158,0.4122844139734904,0.5625,1.583065152168274,91.45174153645833,65.09413274129231,0.4883280098438263,3.3350574175516763,0.4219661056995392,7674.07421875,28.360395431518555,1.4654122591018677,0.046384673565626144,0.2562143891376733,0.08946447584139816,0.09648072788921577,0.0,0.024599378094509763,0.1711593307258025,0.0345970439594749,0.3860667153464432,0.0241291697091527,0.30858439888502814,0.4022365662546937,0.29003700729868326,0.018127312956167704,0.025139785390918355,0.718972711974048,0.044935794498378,81489.53628390239,0.08429991622645336,1771.0465914191736,0.05509000704881246,3298.223779870835,2035.2698474964805,0.3920017747147631,0.04916737357218585,0.005444313815611452,0.5727478984246844,6.42018913333261,0.14053779333733737,0.06250289233794948,nan,nan,1.0120203900426854,0.1696672706210812,0.10825317547305482,0.37128303539655816,5.198577579397429,17.08041175556463,0.0,0.12669325817764696,0.0,0.0,0.0,0.0,0.0,-1.0658702191124585,43.51197814941406,
59c896d3-c56c-4d1f-9512-3fc555285644,7790471d1374-s8311,7790471d1374,cifar10-target-transport-v1,cifar10-train-validation-test-20260823,cifar10,resnet,8311,0.01,low,0.0,0.0,sgd,15,128,20000,5000,5000,16,cuda,2.0763725437164307,0.4956,2.3096535877227784,0.603,0.15928825736045837,0.8340042904019356,0.787109375,2.3096535877227784,0.603,2.217125431442261,0.6166,0.6166,2.217125431442261,0.6166,2.629765384674072,0.5362,4.099454484939575,0.3522,2.2866304096221923,0.5502,3.0052834264119466,0.47953333333333337,0.6382577419281006,0.27723661993513815,5.8179294268290205,0.37219884991645813,0.8594849507013956,14.074834823608398,0.19068141654133797,0.35478439927101135,0.7341020901997884,6.926686826724904,0.4329179266703065,12.55074691772461,3.9320774818078537,8.649649729869505,0.5406031081168441,0.24575484261299085,10.225167256128714,0.6390729535080446,2631400851.8333335,1.314244031906128,34565.533365885414,2.104050493142997,73737.94270833333,51321.399739583336,1.4063250025113423,0.9887265165646871,0.07367222756147385,7.824789524078369,91.5483767191569,1.5165136257807414,0.7622949282328287,17303.013671875,33258.599609375,14.875874519348145,0.7491519252459208,0.75,0.8570866137742996,161.2552172342936,196.12419891357422,0.36384811997413635,10.596524874369303,0.3352574110031128,16274.4423828125,41.982173919677734,1.177992820739746,0.05030062049627304,2.4794469387969085,0.23579320943312504,0.06524053483390523,0.0,0.12435991776636142,0.14329865923906826,0.018043528540270845,0.46362040987083786,0.028976275616927366,0.5978260197186273,1.6127293151686948,0.15864806811140444,0.009915504256962778,0.10079558219804342,0.6225532154714705,0.038909575966966904,2303677877.637711,0.40343085839622994,23300.359018763156,0.35873371955684985,50573.27280433493,26642.366210636035,0.8788096545957557,0.006658444124242316,0.03824530247628297,2.787808939546273,47.90590852635598,0.4122717809336268,0.0839258127446,nan,nan,1.502033845268649,0.12068118408690699,0.125,0.6768789266509329,92.04703709001461,73.7045323361983,0.0,4.307539790267221,0.0,0.0,0.0,0.0,0.0,0.29746928203000794,66.6953763961792,
050aaed9-2181-49db-bd97-0c50d32fec69,7790471d1374-s8312,7790471d1374,cifar10-target-transport-v1,cifar10-train-validation-test-20260823,cifar10,resnet,8312,0.01,low,0.0,0.0,sgd,15,128,20000,5000,5000,16,cuda,1.1114257464408874,0.638,1.856932838821411,0.636,0.06911919265985489,0.5343163348734379,0.8505859375,1.856932838821411,0.636,1.7807442825317383,0.6538,0.6538,1.7807442825317383,0.6538,2.434481371307373,0.5732,2.7126731744766235,0.482,2.2204086593627927,0.5522,2.4558544017155963,0.5358,0.5645749568939209,0.2308457444742089,2.9935367107391357,0.21280227104822794,0.9153796633084615,13.957797050476074,0.15180697043736777,0.21106895804405212,0.7372821966807047,6.516899461579141,0.4073062163486963,12.867246309916178,3.080108151706631,9.222368192465845,0.5763980120291153,0.19250675948166443,10.10357644521857,0.6314735278261606,907724695957.3334,1.0822508136431377,17205.9111328125,1.735719315756999,28990.920572916668,29712.585611979168,0.8054048220316569,0.997243324915568,0.042652622486154236,10.011149406433105,52.702704111735024,1.2808249592781067,0.8048075238863627,6466.97314453125,3244.876953125,16.417406400044758,0.8422685265541077,0.8541666666666666,0.38919151326020557,84.03356806437175,137.31415049235025,0.36084139347076416,5.888481775919597,0.3330845832824707,16180.5546875,41.9046630859375,1.2176438570022583,0.05020785331726074,0.5636269129339986,0.16496795688954236,0.04427250029292955,0.0,0.0658227169405139,0.10119617675476256,0.017846043193351008,0.5586980948230119,0.034918630926438245,0.32496005129005195,1.0497475675186703,0.7116223473989831,0.044476396712436445,0.06560922296991689,0.40324000132041227,0.025202500082525767,1567086767959.0044,0.36669140331466554,13317.756926262233,0.19233343627996216,22128.29461394085,17341.070114676277,0.4022710257246049,0.0022736527899887594,0.02489322602191819,3.49147365659153,30.94952310538438,0.4902662397637375,0.07349572909282634,nan,nan,0.7307362909048656,0.08647516066159738,0.15728821740147395,0.28482214255493016,39.4462485917441,55.273348766676456,0.0,0.7066451011699888,0.0,0.0,0.0,0.0,0.0,0.7117479793632404,65.71702909469604,
ee413ad8-811e-42db-a57b-d840adcfc36e,7790471d1374-s8313,7790471d1374,cifar10-target-transport-v1,cifar10-train-validation-test-20260823,cifar10,resnet,8313,0.01,low,0.0,0.0,sgd,15,128,20000,5000,5000,16,cuda,1.3704857261657715,0.5838,1.1308899171829223,0.726,0.01799202896654606,0.0747838004026562,0.974609375,1.1308899171829223,0.726,1.1442332013607026,0.7294,0.7294,1.1442332013607026,0.7294,1.8028606145858765,0.6306,3.2399665393829347,0.4158,1.4249051971435547,0.6468,2.155910783704122,0.5644,0.42601069808006287,0.16128554481474566,1.9887955983479817,0.044109388176972665,0.9693983793258667,14.050795555114746,0.04560541113217672,0.10866784552733104,0.6951335668563843,6.663185427426742,0.4164490892141714,12.630969047546387,2.368433391744876,9.400370990538095,0.5875231869086309,0.14802708698405476,10.512682895280493,0.6570426809550308,120437263306.66667,0.7909082820018133,5390.394907633464,1.5319945533896373,5905.698262532552,8958.325764973959,0.2803850720326106,0.9886287848154703,0.01285973951841394,11.492636362711588,16.263270219167072,0.8588973085085551,0.8693771163622538,3955.27978515625,7445.6522216796875,15.54932943979899,0.9433504939079285,0.9791666666666666,0.12064681388437748,22.870850880940754,55.38839022318522,0.36312055587768555,3.7760005791982016,0.3347303867340088,16265.974609375,41.97645568847656,1.1586220264434814,0.05029379576444626,0.7350940346803171,0.06619053438734432,0.006995793500871524,0.0,0.029728539680961362,0.017351173003695625,0.022508366593029534,0.9764077589156885,0.061025484932230534,0.25995289783599407,0.9686046624665016,0.4797856835810731,0.02998660522381707,0.06053779140415635,0.2492616346208133,0.015578852163800831,134632320804.0308,0.48947353391405657,8577.554986696337,0.43641545373342244,8945.463947488408,7833.691595312834,0.28572048706123515,0.01462316639448716,0.011245319412656229,2.18428234537406,14.555549112436372,0.5464015321887182,0.0525514011758679,nan,nan,0.5507112619841681,0.015858560604838548,0.03608439182435161,0.1560634575177626,16.002198737613256,56.710189227910476,0.0,1.4303345176669526,0.0,0.0,0.0,0.0,0.0,-0.7803986931614695,65.92090034484863,
70cf099b-b8c3-42d5-a0a3-4c58457d3b1d,7790471d1374-s8314,7790471d1374,cifar10-target-transport-v1,cifar10-train-validation-test-20260823,cifar10,resnet,8314,0.01,low,0.0,0.0,sgd,15,128,20000,5000,5000,16,cuda,1.539182479286194,0.6014,1.2055861701965331,0.7142,0.08490307629108429,0.11747242324054241,0.958984375,1.2055861701965331,0.7142,1.1875739174842834,0.715,0.715,1.1875739174842834,0.715,1.5556089839935303,0.6364,2.7837535079956055,0.4442,1.2041127717971802,0.6832,1.847825087928772,0.5879333333333333,0.44137701392173767,0.17115637275855988,2.2961217164993286,0.07188807396839063,0.9469572703043619,13.911994934082031,0.07049075017372768,0.18285543223222098,0.6958852608998617,6.431683807099231,0.4019802379437019,12.582219759623209,1.8399019655296271,9.64588634441541,0.6028678965259632,0.1149938728456017,10.719376020862091,0.6699610013038807,26143204608.0,0.5700772305329641,8416.599934895834,1.3653933706222794,10323.565592447916,15114.841471354166,0.4168530156215032,0.9626179138819376,0.02169746005286773,11.130297660827637,27.455420176188152,0.6113874167203903,0.8967302044232687,4233.41845703125,7682.9583740234375,15.552778879801432,0.9148820241292318,0.9583333333333334,0.132380198687315,38.34688631693522,88.52193832397461,0.3596613109111786,4.4824754397074384,0.3320907950401306,16166.763671875,41.89214324951172,1.1594310998916626,0.05019276589155197,0.3020403684099735,0.050251448783338204,0.02004307419986422,0.0,0.03205261821297158,0.039435513617858145,0.0307945205642476,1.0097873606189927,0.06311171003868704,0.14098811383689502,0.5892577607639296,0.18119166161899822,0.011324478851187389,0.0368286100477456,0.33398699915336916,0.020874187447085572,20256806582.992195,0.35709098613324064,5964.862800761726,0.32255007647648276,6646.263092805737,5276.854149445284,0.18095261639283902,0.02545695672829048,0.007574960861279716,1.9535287036388884,9.92233280419818,0.35640281650547084,0.03047085072086844,nan,nan,0.31585964496620933,0.03434283337788706,0.03608439182435161,0.07003379753704236,14.513195998423502,36.26007839631697,0.0,0.6991781681167041,0.0,0.0,0.0,0.0,0.0,0.7908745603476869,65.71553683280945,
435a76c2-74a7-4686-8c3d-d3e9e0acd0ba,7790471d1374-s8315,7790471d1374,cifar10-target-transport-v1,cifar10-train-validation-test-20260823,cifar10,resnet,8315,0.01,low,0.0,0.0,sgd,15,128,20000,5000,5000,16,cuda,1.501057309436798,0.5906,1.7348178796768188,0.679,0.01885402202606201,0.35037730634212494,0.90625,1.7348178796768188,0.679,1.7042369766235352,0.6812,0.6812,1.7042369766235352,0.6812,1.9456134223937989,0.6218,3.413344042491913,0.4234,1.4649903554916381,0.6692,2.274649273459117,0.5714666666666667,0.534744143486023,0.226278706555604,5.187779347101848,0.2181213952911397,0.9483943978945414,13.983622550964355,0.1349226012825966,0.15745329981048903,0.6797299782435099,6.370292234885748,0.39814326468035927,13.387893358866373,2.1365022988837783,9.007593534560675,0.5629745959100422,0.13353139368023614,10.410332976571135,0.650645811035696,3027615307093.3335,0.690950890382131,41164.79132080078,1.3422527008685183,59311.82338460287,42193.24064127604,1.3491376141707103,0.964830239613851,0.06056869293873509,9.532293319702148,78.06688578923543,0.9102010677258173,0.8558424313863119,29249.84765625,51752.6064453125,16.88405418395996,0.9066778421401978,0.875,0.6062941886484623,103.98545551300049,178.00214385986328,0.3614073693752289,8.975968996683756,0.3334042429924011,16215.556640625,41.94194412231445,1.1650649309158325,0.05025241896510124,3.5177982187263455,0.18734638468839038,0.042858053139243416,0.0,0.10273000372842742,0.10606297539151938,0.014007292260386979,1.127652655318961,0.07047829095743506,0.2489992822626263,0.9143462994923413,1.2392968358254943,0.0774560522390934,0.05714664371827133,0.3321830815194844,0.020761442594967774,3570667143935.02,0.4650644032243384,39314.312274271666,0.31867747300469695,53103.9358446085,33800.80436873469,1.1059667192798899,0.054708895312826494,0.04852129202374012,6.574252609446758,62.60699904530548,0.6215675070507996,0.06675313691897723,nan,nan,1.1549272417119396,0.07379967039649347,0.10825317547305482,0.530934431399767,82.4746671251755,135.71685298872623,0.0,5.9664503812156005,0.0,0.0,0.0,0.0,0.0,-2.272711420637477,65.54880952835083,
b5934b37-3ebf-497f-866d-efd8f6640425,3924e15f8f7e-s8311,3924e15f8f7e,cifar10-target-transport-v1,cifar10-train-validation-test-20260823,cifar10,wide_resnet,8311,0.01,low,0.0,0.0,sgd,15,128,20000,5000,5000,16,cuda,1.452881026363373,0.6186,0.8346201313972473,0.7884,0.003617818932980299,0.0029181729041738436,1.0,0.8346201313972473,0.7884,0.8333832967400551,0.7934,0.7934,0.8333832967400551,0.7934,1.131746152305603,0.7204,2.585696365022659,0.495,1.0626983244419097,0.7202,1.5933802805900574,0.6452,0.32806864380836487,0.11725997886969708,0.7637552817662557,0.0004085246155227651,0.995060384273529,13.629064559936523,0.00493960827589035,0.0264195774992307,0.6858565409978231,7.193275726553668,0.44957973290960423,14.250330924987793,2.5588523179356026,10.168979364443707,0.6355612102777317,0.15992826987097516,10.910787902321,0.6819242438950625,539463291.0,0.851194883386294,61.501218835512795,1.4831023080635248,67.13045660654704,1291.660176595052,0.019575830238560837,0.9787319699923197,0.000825822198142608,13.370100021362305,1.601222425699234,0.8991229236125946,0.8647156159083048,378.577880859375,415.285400390625,15.913671493530273,0.9913227756818136,1.0,0.005077839479781687,2.5745655496915183,5.702032208442688,0.28776973485946655,2.8527115186055503,0.2730277180671692,27968.154296875,49.91824722290039,1.1781502962112427,0.039916541427373886,0.2720875487655548,0.0006241144628830681,0.004251883337734865,0.0,0.004251870887178151,0.01778113114600628,0.014336091403178253,0.9415958700441277,0.05884974187775798,0.3578340281725999,1.184367970784437,0.5875533666826654,0.03672208541766659,0.07402299817402731,0.6205296114957969,0.038783100718487305,816043302.730334,0.5417194451159846,97.1479891310995,0.37244597432156773,100.77809663025492,1264.544321647777,0.01692936008814624,0.027417235097002602,0.0008084856786277108,2.084030758032093,1.6018788068387357,0.5864316450406447,0.06029711945058545,nan,nan,0.670225936891046,0.007386176741720025,0.0,0.004462062398348207,2.1229654567713445,6.121804433623327,0.0,0.8700212765257545,0.0,0.0,0.0,0.0,0.0,1.5112100086203006,90.33359169960022,
d63fed2e-4cb2-45b6-a103-79d2e3bb7fd2,3924e15f8f7e-s8312,3924e15f8f7e,cifar10-target-transport-v1,cifar10-train-validation-test-20260823,cifar10,wide_resnet,8312,0.01,low,0.0,0.0,sgd,15,128,20000,5000,5000,16,cuda,1.6228321773529053,0.5854,1.1157340995550156,0.7504,0.026463283225893974,0.03454861545469612,0.98828125,1.1157340995550156,0.7504,1.1020757952690126,0.7532,0.7532,1.1020757952690126,0.7532,1.4061800228118897,0.6908,2.8922248601913454,0.4864,1.3214126987457275,0.6918,1.873272527249654,0.623,0.40478843450546265,0.15880864387145266,1.699463129043579,0.00023707058668757477,0.9941806594530741,13.643473625183105,0.005819340546925862,0.03200750673810641,0.7124515573183695,7.114338315380408,0.4446461447112755,14.7153902053833,2.911053942096354,9.831068468864169,0.6144417793040106,0.18194087138102213,10.46062320427957,0.6537889502674731,4515620640.0,1.0486280918121338,27.220844904581707,1.6649403759787296,44.416815439860024,1653.45263671875,0.01933375249306361,0.9858271876970927,0.001057134009897709,10.881486256917318,1.9401361147562664,1.1415328979492188,0.8392259279886881,373.12786865234375,1299.2339477539062,16.594162623087566,0.9890599250793457,1.0,0.005884426025052865,3.4065427780151367,5.6200151443481445,0.28804466128349304,7.600819110870361,0.2732328772544861,27970.251953125,49.93349838256836,1.1772851943969727,0.03992876410484314,0.5308309004430857,0.00010768957415342219,0.0005881663316442608,0.0,0.0005881663316442609,0.003335484066907933,0.014833897195595814,0.8868005660981136,0.0554250353811321,0.15755065586111192,0.6782346668232266,0.4172252088412551,0.026076575552578442,0.042389666676451665,0.07825349770156785,0.004890843606347991,5738067740.956874,0.24984995296344803,12.285102435412885,0.13601138746504085,16.688966744840698,419.41633756528057,0.003899206679980767,0.02177143321840795,0.00026815361202102336,1.7019767363110916,0.5117597996456285,0.26619005524570133,0.029482293045078507,nan,nan,0.5358806168792,0.0010865398870605093,0.0,0.000611964012168305,0.23470007219096678,1.3365860239765737,0.0,2.6801672824805785,0.0,0.0,0.0,0.0,0.0,0.14922863783093201,90.32323122024536,
bedbc229-5aaf-414f-be91-42fa34ff3936,3924e15f8f7e-s8313,3924e15f8f7e,cifar10-target-transport-v1,cifar10-train-validation-test-20260823,cifar10,wide_resnet,8313,0.01,low,0.0,0.0,sgd,15,128,20000,5000,5000,16,cuda,1.3543973823547364,0.6156,0.8629671235084534,0.789,0.011476851999759674,0.001541710167657584,1.0,0.8629671235084534,0.789,0.8458740416526794,0.7878,0.7878,0.8458740416526794,0.7878,1.292062283706665,0.698,2.425243761634827,0.5126,1.1125057744026183,0.7178,1.6099372732480368,0.6427999999999999,0.33074119687080383,0.12227037821139675,0.9525019725163778,1.4336275247236093e-05,0.9985003670056661,13.364045143127441,0.001499632994333903,0.010791607511540255,0.697497288386027,6.944592926813883,0.43403705792586766,14.196354230244955,2.342815484192069,9.716625868444998,0.6072891167778124,0.1464259677620043,10.21359775637479,0.6383498597734244,8978712.5,0.8086963891983032,2.3290148973464966,1.336000380241915,2.8699742555618286,377.6631317138672,0.0064255367033183575,0.9747424721717834,0.00024145870944873118,13.248037020365397,0.456186905503273,0.971050759156545,0.858846127986908,142.94532775878906,198.57420349121094,15.925811449686686,0.9972744385401408,1.0,0.0015036000016455848,0.8546125094095866,1.3854247331619263,0.28221115469932556,3.5093499024709067,0.2682165801525116,27863.5859375,49.8255729675293,1.1706427335739136,0.0398424006998539,0.4136152520540872,9.058575783536798e-06,0.0004895000464318566,0.0,0.0004895000464318566,0.0027324611599713936,0.02862423565478734,0.9781303673151635,0.061133147957197716,0.10336275632454052,0.7882066162452482,0.585178591661388,0.03657366197883675,0.049262913515328015,0.9183913714983836,0.05739946071864897,6223649.547744615,0.36848269274541007,1.505519692102101,0.2530451960130392,1.6270177022086316,164.53072957900696,0.002182311631250605,0.039499329557943275,0.00010519263186853805,4.4135086243193395,0.20025222202324866,0.4051672635171958,0.04105456636703052,nan,nan,0.4633816161928578,0.0009976440646690197,0.0,0.000491748255300383,0.27100657783400006,0.506825466359902,0.0,1.463638048816619,0.0,0.0,0.0,0.0,0.0,0.9541763502253272,90.33844041824341,
a0599089-48d2-47f5-a74d-6951e79decc3,3924e15f8f7e-s8314,3924e15f8f7e,cifar10-target-transport-v1,cifar10-train-validation-test-20260823,cifar10,wide_resnet,8314,0.01,low,0.0,0.0,sgd,15,128,20000,5000,5000,16,cuda,1.309108244895935,0.6426,1.0273326286315918,0.7534,0.015875907614827156,0.017035650729667395,0.9970703125,1.0273326286315918,0.7534,1.0266377126216888,0.7514,0.7514,1.0266377126216888,0.7514,1.4424950937271117,0.679,2.9531654099464415,0.465,1.3516040199279784,0.672,1.9157548412005105,0.6053333333333334,0.3881807327270508,0.1490345184574835,1.0823800365130107,0.00945627442949141,0.9806087811787924,13.609813690185547,0.019391220062971115,0.06610346150894959,0.7054305473963419,6.6688875317401894,0.41680547073376184,14.252638498942057,1.7360005187392415,9.754723692056002,0.6096702307535001,0.1085000324212026,10.383552498850827,0.6489720311781767,7612267746.666667,0.5316819846630096,1676.4752597808838,1.1974597092754191,1775.800230662028,6262.0512288411455,0.0970598328858614,0.990752657254537,0.00400363882848372,13.198532104492188,7.657581488291423,0.5601851940155029,0.9038623571395874,3255.55224609375,3262.4208984375,16.019699732462566,0.9670356909434,1.0,0.024450192227959633,10.542001008987427,26.600645065307617,0.2873946726322174,3.6798438231150308,0.27266380190849304,27942.16796875,49.914268493652344,1.1231545209884644,0.039913251996040344,0.3408818397746345,0.015985159717447527,0.024204836869513646,0.0,0.02420483901967917,0.06098962388263674,0.027319030483976603,0.5595581665234267,0.03497238540771417,0.33176589066188206,0.40880698070127536,0.3537839983613173,0.02211149989758233,0.02555043629382971,0.5420499134926925,0.03387811959329328,12257476860.436022,0.24877470749236585,2840.642832850817,0.16237334255710584,2994.479587562122,8265.818433678238,0.13596843810867126,0.012988285376847737,0.005284746231645107,0.7553627315347077,10.168949599125632,0.26251419788161023,0.019900024063444717,nan,nan,0.7577704762120608,0.04059964603623597,0.0,0.03284883724738783,12.883943461869034,35.63161431971141,0.0,0.7140119685433443,0.0,0.0,0.0,0.0,0.0,-0.5095866489490314,90.414794921875,
cb855f71-227a-4974-8d1e-0b333a494c85,3924e15f8f7e-s8315,3924e15f8f7e,cifar10-target-transport-v1,cifar10-train-validation-test-20260823,cifar10,wide_resnet,8315,0.01,low,0.0,0.0,sgd,15,128,20000,5000,5000,16,cuda,1.1173080869674683,0.6546,1.4292532573699952,0.7128,0.031433459371328354,0.08889420051127672,0.97265625,1.4292532573699952,0.7128,1.3368259498596191,0.7204,0.7204,1.3368259498596191,0.7204,1.5818900100708009,0.6642,3.494253973579407,0.4148,1.2677584146499634,0.6914,2.114634132766724,0.5901333333333333,0.4497116804122925,0.1861331163891009,2.208871761957804,0.07469092744092147,0.966134786605835,13.634355545043945,0.06232193733255068,0.1063852533698082,0.6883610884348551,6.772235257083618,0.4232647035677261,15.04185962677002,1.6160661195601278,9.664761162807624,0.6040475726754765,0.10100413247250799,11.0138483184865,0.6883655199054063,93072023168.0,0.4480231727162997,11336.238850911459,1.310309490997363,16183.017659505209,24642.776692708332,0.3783739407857259,0.9445896744728088,0.01575534511357546,13.22978432973226,29.573365847269695,0.45420404771963757,0.9098981221516927,2359.37060546875,3535.9920654296875,16.71512285868327,0.9382511774698893,0.9375,0.11486885696649551,40.177895863850914,103.8733622233073,0.2878684997558594,6.501886526743571,0.2729954123497009,27984.21484375,49.94353103637695,1.1463086605072021,0.03993671387434006,0.04577984512630678,0.09426995470962042,0.007523741040968814,0.0,0.048968316454428756,0.014021829081109048,0.029203660398888803,1.0285531954079827,0.06428457471299892,0.24732043911047838,0.47262021410578564,0.6386934123418788,0.039918338271367426,0.029538763381611603,0.7129912008563055,0.044561950053519095,139827821847.6866,0.3183296869026007,10934.517312907348,0.29396525049554517,18454.58305812577,16824.31042441257,0.31210383631908917,0.09274995316981213,0.010756613126130363,0.11410962729084215,20.026769876146975,0.3176559752970458,0.023105184754462434,nan,nan,0.9916450473937917,0.017124015766757178,0.0625,0.12455696176521139,30.787672196462015,68.7076392014308,0.0,0.2893764224021549,0.0,0.0,0.0,0.0,0.0,1.4218478153675924,90.63031268119812,
903587d9-79be-4d98-87a2-135436a1238b,d76a251a81d8-s8311,d76a251a81d8,cifar10-target-transport-v1,cifar10-train-validation-test-20260823,cifar10,cnn,8311,0.01,low,0.001,0.2,sgd,15,128,20000,5000,5000,16,cuda,1.1708314477920532,0.5746,1.1077769172668457,0.5986,0.8149270415306091,1.0224651992321014,0.6396484375,1.1077769172668457,0.5986,1.1078163761138915,0.6002,0.6002,1.1078163761138915,0.6002,1.7894012405395507,0.4136,2.464093386077881,0.2586,1.9688629583358765,0.3636,2.0741191949844358,0.34526666666666667,0.5235849022865295,0.02629534616426099,0.8711771368980408,0.4209127028783162,0.6487699349721273,11.211309432983398,0.21937005718549094,0.9957411090532938,0.6913538575172424,7.11537610416525,0.44471100651032813,6.668083508809407,5.771061245722405,7.731474183343963,0.48321713645899766,0.3606913278576503,9.537656988082981,0.5961035617551863,9952.944661458334,1.738242268562317,741.3886515299479,2.642859839847567,1945.29345703125,4538.4287109375,0.500881185134252,0.9712441762288412,0.012140224066873392,13.446617126464844,11.744787216186523,2.0877676804860434,0.5937475860118866,233.7142333984375,718.2726745605469,8.02652645111084,0.47672732671101886,0.7083333333333334,0.8897308508555094,35.42709223429362,25.992775599161785,0.45731016993522644,0.8105334440867106,0.4943799674510956,5921.732421875,22.677515029907227,0.9839365482330322,0.037090037018060684,0.16178127922479957,0.027576666811278176,0.080131933609046,0.0,0.027979033182820884,0.12120098362924582,0.03875440889019375,0.6437484958778624,0.0402342809923664,0.06414065812653799,1.172804330167244,0.9947585062467256,0.06217240664042035,0.07330027063545275,1.504510054045101,0.09403187837781882,7100.4609230077995,0.21245639512818157,69.69281227249256,0.3047194689007007,36.70273736121371,476.9947094691381,0.19377166291696876,0.006949766378508032,0.0012759528357851391,3.410131112520132,1.1689382871042335,0.25630940832304716,0.12295743510601309,nan,nan,0.6583373492337945,0.10803122222743222,0.13010412496663332,0.0625765397644918,2.551651647753678,3.9210092156610923,0.0,0.10630183621421037,0.0,0.0,0.0,0.0,0.0,1.0537848745657115,43.23292016983032,
ceb63aa1-fb5f-461a-9b7f-55f079fd05a8,d76a251a81d8-s8312,d76a251a81d8,cifar10-target-transport-v1,cifar10-train-validation-test-20260823,cifar10,cnn,8312,0.01,low,0.001,0.2,sgd,15,128,20000,5000,5000,16,cuda,1.3136079830169678,0.5096,1.0365384433746339,0.6342,0.9625835418701172,1.0168179720640182,0.62109375,1.0365384433746339,0.6342,1.0356143749237061,0.6332,0.6332,1.0356143749237061,0.6332,1.478379016304016,0.484,1.953040136909485,0.3568,1.605134774017334,0.4292,1.678851309076945,0.42333333333333334,0.48739033937454224,0.014292397019744385,0.8096003333727518,0.3539712329705556,0.627592662970225,11.255402565002441,0.270540048678716,1.017462929089864,0.6991691986719767,6.947922338605994,0.43424514616287463,6.7220689455668134,5.77690836537857,7.591652609485777,0.4744782880928611,0.3610567728361606,9.188971729781022,0.5743107331113139,11138.555745442709,1.720949371655782,728.3467102050781,2.7821705406809962,1696.1457112630208,4290.097981770833,0.4577447474002838,0.9640946388244629,0.011475943339367708,14.728628794352213,11.113659222920736,2.1391100883483887,0.5918243527412415,414.393798828125,2512.5020751953125,7.998511632283528,0.42658403515815735,0.7291666666666666,0.7661068240801493,33.80170822143555,23.400744756062824,0.4589967131614685,0.8497652610143026,0.49540528655052185,5932.5869140625,22.719585418701172,1.0471619367599487,0.03715883195400238,0.12680074567751184,0.033878172699732034,0.03842769287826709,0.0,0.04230880220826557,0.10165170818064576,0.04192420953579841,0.6383246729569398,0.03989529205980874,0.12461372789840004,1.757528957426339,1.387260626224723,0.08670378913904518,0.10984555983914619,1.6550696641030163,0.10344185400643852,13335.41393225442,0.31934911998890664,446.8201929780809,1.1538770670562302,196.4258394559802,1311.8540032379253,0.12035612558495065,0.005200115301615026,0.0035091886736489534,6.567019925730861,3.6119414507548315,0.1505028387706675,0.057322513242003575,nan,nan,0.29832019070613885,0.037105706648665075,0.03608439182435161,0.1849557338936135,1.173542533008162,2.759576377991918,0.0,0.17241204040164135,0.0,0.0,0.0,0.0,0.0,-0.5958994152786748,43.87860894203186,
dc9432e4-34b9-4d87-8089-1b34c573c359,d76a251a81d8-s8313,d76a251a81d8,cifar10-target-transport-v1,cifar10-train-validation-test-20260823,cifar10,cnn,8313,0.01,low,0.001,0.2,sgd,15,128,20000,5000,5000,16,cuda,1.2567489274978638,0.5422,1.0729572296142578,0.6042,0.7705485224723816,0.9487031921744347,0.658203125,1.0729572296142578,0.6042,1.0590220008850098,0.6126,0.6126,1.0590220008850098,0.6126,1.6967013233184813,0.425,2.1753788040161135,0.317,1.7417282817840576,0.4226,1.8712694697062175,0.38820000000000005,0.5123223662376404,0.027730369853088632,0.8749817609786987,0.457839032014211,0.6465290983517965,11.24752140045166,0.23274996876716614,1.0025587876637776,0.6899112860361735,7.569847922036523,0.4731154951272827,6.164182027180989,5.541845646524005,6.968530707721752,0.4355331692326095,0.34636535290775033,9.085779877988848,0.567861242374303,75543.171875,1.7082600593566895,852.3398030598959,2.3948736632040686,2077.2190755208335,5031.791015625,0.4670342306296031,0.97939133644104,0.01345996061960856,11.67934767405192,13.010835965474447,2.1335525512695312,0.5873884757359823,495.15936279296875,1216.3116455078125,7.099122206370036,0.4704728325208028,0.6666666666666666,0.8989233573277792,36.04614003499349,27.166027069091797,0.45885831117630005,0.8776414394378662,0.4956737458705902,5932.02880859375,22.69137954711914,1.0415393114089966,0.03711269050836563,0.1416726175832915,0.10306761878826531,0.044124436462831096,0.0,0.05286345066459328,0.08243463833590363,0.042107088435539494,0.6664798113074956,0.04165498820671847,0.11364126958979728,0.6239755770885916,0.8468913181274229,0.05293070738296393,0.03899847356803698,1.290728255038689,0.08067051593991806,28012.942210643905,0.10937990335898895,128.81924833632468,0.465994138621406,692.3050871152986,1095.0683577512423,0.14756439236863153,0.009905023883679804,0.0029292907370994667,4.059453357742422,2.750807181121925,0.08830116185740253,0.040506171569013275,nan,nan,0.5139936154598688,0.04532071840444164,0.07216878364870323,0.19579094865722155,5.3564971364590015,5.582175124982123,0.0,0.18994356026513662,0.0,0.0,0.0,0.0,0.0,1.0176976669158269,43.308252573013306,
c8658566-3bef-45c7-b872-0ccad46c08a3,d76a251a81d8-s8314,d76a251a81d8,cifar10-target-transport-v1,cifar10-train-validation-test-20260823,cifar10,cnn,8314,0.01,low,0.001,0.2,sgd,15,128,20000,5000,5000,16,cuda,1.255389645767212,0.5574,1.0405165964126586,0.6412,0.8218718767166138,0.9151856899261475,0.6650390625,1.0405165964126586,0.6412,1.0299193912506104,0.6398,0.6398,1.0299193912506104,0.6398,1.449894151878357,0.5046,2.0816039768218992,0.3326,1.6128406551361083,0.45,1.7147795946121214,0.4290666666666667,0.4846779406070709,0.020071140548679978,0.9262657562891642,0.4442831079165141,0.6749663750330607,11.262263298034668,0.21123739580313364,0.9542298913002014,0.6995792190233866,7.161280386047655,0.4475800241279784,6.9268544514973955,5.252768414024923,6.901322799605822,0.4313326749753639,0.3282980258765577,9.342979840908228,0.5839362400567643,27045.983642578125,1.6585749387741089,884.132568359375,2.5408225280852785,2249.493204752604,4748.306884765625,0.4698408544063568,0.9792047540346781,0.012701645183066526,16.176148732503254,12.622801462809244,2.047001759211222,0.6288779179255167,429.8082580566406,2670.32568359375,7.685503641764323,0.5143675903479258,0.6666666666666666,0.9175537427266439,36.678131103515625,29.638962427775066,0.4597029387950897,0.9646100997924805,0.49638625979423523,5927.4130859375,22.688507080078125,1.0599024295806885,0.037107985466718674,0.35928468395360247,0.04811707614149714,0.029551191800564935,0.0,0.06675337629938997,0.06550471755747367,0.04745051457858014,0.07179685363247719,0.004487303352029824,0.22836583998672166,0.12218922075130381,0.6597265369880654,0.041232908561754086,0.007636826296956488,0.9646765302316711,0.060292283139479444,22130.000278539017,0.02325222727104318,158.37626655887155,0.2444823515524852,486.3385637586913,1391.6609687410162,0.0749290700041167,0.01169526078629741,0.0037226708740122445,12.577905112960194,3.310976296971368,0.13173720553894644,0.04729624091098238,nan,nan,0.634865924472608,0.04506353427003811,0.07216878364870323,0.17110871074537154,3.210565062722318,5.319923212589704,0.0,0.459026072073758,0.0,0.0,0.0,0.0,0.0,0.7500339596249042,45.129348278045654,
b4324b3d-bc51-47ee-92fc-3f537ebe58f8,d76a251a81d8-s8315,d76a251a81d8,cifar10-target-transport-v1,cifar10-train-validation-test-20260823,cifar10,cnn,8315,0.01,low,0.001,0.2,sgd,15,128,20000,5000,5000,16,cuda,1.3186150648117065,0.526,1.1407789993286133,0.5982,0.8893332481384277,1.0282137393951416,0.638671875,1.1407789993286133,0.5982,1.14243783454895,0.599,0.599,1.14243783454895,0.599,1.9563629886627196,0.3842,2.1782205379486084,0.305,1.9454410596847533,0.3356,2.026674862098694,0.34159999999999996,0.5278457999229431,0.013943697060312843,0.997032086054484,0.38886120915412903,0.6230877240498861,11.189042091369629,0.25862933198610943,1.1030484040578206,0.6924468477567037,7.66699966625162,0.47918747914072624,6.183040777842204,5.726401170888529,7.004874772972418,0.4378046733107761,0.3579000731805331,9.09622919968375,0.5685143249802344,758.9022013346354,1.744867483774821,708.4894205729166,2.311967515690735,1615.361572265625,4147.074137369792,0.589503288269043,0.925713837146759,0.011093356646597385,11.98147996266683,11.148337364196777,2.2223013639450073,0.5558905700842539,297.9718933105469,1008.4872436523438,7.258704821268718,0.43864303827285767,0.75,0.8225828409194946,34.00995381673177,20.99676767985026,0.45657768845558167,0.8710158665974935,0.4933948814868927,5922.28857421875,22.677661895751953,1.1202157735824585,0.037090279161930084,0.14083081125898003,0.028181171444541794,0.03143275945617113,0.0,0.06709101151586103,0.06594090455983045,0.04143999551587793,0.10383465129689246,0.0064896657060557784,0.2051252729130835,0.14648018471652485,0.39550310980892917,0.024718944363058073,0.009155011544782803,1.2753376441180264,0.07970860275737665,565.5863140472228,0.025727427548751694,94.5066784952308,0.40088009660085255,121.56890008272731,101.41899091572819,0.06968409595407846,0.004195220874724478,0.00027129429082235496,0.40637732363875817,0.24296879887489045,0.22410069649586054,0.09388915699870808,nan,nan,0.7409988591573571,0.053588248647870484,0.0625,0.08536883344405471,1.4869657472079512,4.951755100291794,0.0,0.09525830325420026,0.0,0.0,0.0,0.0,0.0,-0.10064740298294515,46.721742153167725,
3afa25c6-0d5b-414a-8291-3c15158945f5,cb448c3adc5e-s8311,cb448c3adc5e,cifar10-target-transport-v1,cifar10-train-validation-test-20260823,cifar10,resnet,8311,0.01,low,0.001,0.2,sgd,15,128,20000,5000,5000,16,cuda,1.0249964287757873,0.6258,0.777322246170044,0.7224,0.4699547290802002,0.583367433398962,0.802734375,0.777322246170044,0.7224,0.7537396022796631,0.7366,0.7366,0.7537396022796631,0.7366,1.0248847526550293,0.644,1.7837191000938415,0.45,1.0543719369888305,0.6342,1.2876585965792338,0.5760666666666667,0.3662034869194031,0.01927740687096957,0.7766361236572266,0.2559949109951655,0.7439496914545695,14.28848934173584,0.19646028677622476,0.7196516990661621,0.702235758304596,5.732568590586948,0.35828553691168424,9.310909271240234,5.658409924946955,9.737155452112638,0.6085722157570399,0.3536506203091847,11.707288576565231,0.731705536035327,10242112.522786459,1.7249391476313274,617.6517740885416,2.9024403912513557,1919.7054036458333,6948.347005208333,0.4292551080385844,0.9919557571411133,0.009974400668094555,10.427970250447592,12.606080373128256,1.9211995204289753,0.659613569577535,681.4383544921875,1661.7481079101562,9.612780253092447,0.6080789764722189,0.8125,0.5120911300182343,30.828837712605793,28.447384516398113,0.36937129497528076,1.0504729747772217,0.43277695775032043,12733.443359375,33.01582717895508,1.0465182065963745,0.03955761715769768,0.3349233723977032,0.12810406907138527,0.059177570380741014,0.0,0.030994737991724038,0.14718735376871905,0.021368195929258874,0.5797382196991634,0.03623363873119771,0.18376632922655242,0.8602579556461768,0.23500359176229152,0.01468772448514322,0.05376612222788605,0.5667871108069384,0.03542419442543365,16865399.49671314,0.15927475090251272,313.8908038642418,0.693374844903637,1236.195440064936,1939.510093130753,0.1969302075441499,0.0028543072107911913,0.002784180393818825,5.497136242006548,3.6788935642522387,0.17962834420997603,0.07958194010126396,nan,nan,0.4985140972156121,0.09092871026262923,0.10825317547305482,0.23801914764899754,11.947508115004583,9.864503929898046,0.0,0.2847541178597032,0.0,0.0,0.0,0.0,0.0,2.346578326251024,67.55796408653259,
3a5b3cf8-bb71-40ba-9c76-3a41bbd16ea8,cb448c3adc5e-s8312,cb448c3adc5e,cifar10-target-transport-v1,cifar10-train-validation-test-20260823,cifar10,resnet,8312,0.01,low,0.001,0.2,sgd,15,128,20000,5000,5000,16,cuda,0.9642296405792237,0.6604,0.690425297498703,0.7594,0.6261096596717834,0.48597976937890053,0.8388671875,0.690425297498703,0.7594,0.6925439578533172,0.7612,0.7612,0.6925439578533172,0.7612,0.8446683099746705,0.7098,1.5584601729393006,0.5104,0.943992993927002,0.6718,1.1157071589469911,0.6306666666666666,0.33180418610572815,0.017715190129820257,0.4904591639836629,0.1881485233704249,0.7742915749549866,14.378440856933594,0.18947504460811615,0.6393978893756866,0.6927665869394938,6.12294081591546,0.38268380099471627,9.392679532368978,5.038604394726935,10.136941775241716,0.6335588609526073,0.31491277467043344,11.567353992789757,0.7229596245493598,69052376.15625,1.5761839946111043,654.2604064941406,2.4506741633396776,1503.812235514323,5309.258951822917,0.2768968890110652,0.9923394521077474,0.007621478289365768,16.376322428385418,9.502067724863688,1.7296859820683796,0.712891419728597,595.27978515625,1471.9118041992188,9.998366991678873,0.6473720669746399,0.9166666666666666,0.3874492843945821,26.28639094034831,27.614144643147785,0.3717160224914551,0.7160346508026123,0.43520769476890564,12742.1953125,33.03811264038086,1.1161351203918457,0.03958430513739586,0.10164133511397014,0.05545531020009186,0.06973111355690008,0.0,0.08598561144881325,0.2069338829737278,0.017668315076312658,0.8849400639364648,0.05530875399602905,0.1239768294392101,1.837154800978488,0.3435408229535349,0.02147130143459593,0.1148221750611555,0.5269057741836085,0.03293161088647553,117922442.27863784,0.3426352756192379,330.1867995838339,0.7936543968642599,520.9540095425975,1342.0024134597465,0.03318704673949495,0.0035011729986323807,0.0019264538071125967,7.054922494138536,2.3159844720036316,0.35815320981898285,0.10844613630155672,nan,nan,0.49356402056140525,0.1002850679955362,0.03608439182435161,0.10927951682015806,7.086192164173085,5.023036394822108,0.0,0.1579640813552834,0.0,0.0,0.0,0.0,0.0,0.4779266326116328,67.38478136062622,
ff58f97f-aa9f-4ebc-8f2a-de3f53286939,cb448c3adc5e-s8313,cb448c3adc5e,cifar10-target-transport-v1,cifar10-train-validation-test-20260823,cifar10,resnet,8313,0.01,low,0.001,0.2,sgd,15,128,20000,5000,5000,16,cuda,0.9732133357048035,0.6542,0.7301311643600464,0.7386,0.6845276355743408,0.5216497033834457,0.828125,0.7301311643600464,0.7386,0.7254529684066773,0.747,0.747,0.7254529684066773,0.747,0.9372585880279541,0.6714,1.4967906635284425,0.5052,0.9973069375991821,0.653,1.1437853963851927,0.6098666666666667,0.3491736054420471,0.013804252386762528,0.4067255109548569,0.20785411695639291,0.7865486343701681,14.233757019042969,0.19248858590920767,0.6400976578394572,0.7079386115074158,6.398630684625279,0.39991441778907993,9.132624626159668,4.722181181510275,9.720934510155095,0.6075584068846934,0.2951363238443922,11.194888711847263,0.6996805444904539,1042351.5748697916,1.5428224802017212,665.8323465983073,2.1132019645266555,1531.5327962239583,4653.2275390625,0.3149818778038025,0.9907643596331278,0.006679740734398365,17.599016189575195,8.58252207438151,1.7446305751800537,0.7261760632197062,269.7730712890625,1359.0753173828125,9.301206588745117,0.6630512078603109,0.875,0.4756917705138524,25.54975700378418,25.50668493906657,0.3678489029407501,0.5657540162404379,0.43143823742866516,12711.8046875,32.99141311645508,1.0308688879013062,0.03952840343117714,0.17264770292744447,0.14818615857833667,0.06034955292654649,0.0,0.0639991316638332,0.1588994322318852,0.016480335368680415,0.9036031699518525,0.05647519812199078,0.1826653741349586,0.7854234635522076,0.658617903594434,0.04116361897465212,0.049088966472012975,0.943256675240183,0.058953542202511436,1759691.6982410504,0.1693791580674342,522.6412557266832,0.36501631480862545,1421.2968868021132,2073.9185918947296,0.17296900760226233,0.004756569096163919,0.00297712469843571,6.180788798192131,3.9873846231478445,0.19079250915997967,0.04845215788018114,nan,nan,0.5102419441848118,0.09581005840751974,0.10825317547305482,0.35503077890399426,13.634650843211235,12.502963064948958,0.0,0.23415643422010196,0.0,0.0,0.0,0.0,0.0,-0.5103858886087609,67.74732565879822,
e8b3e9cb-8761-419f-a27d-ac5481882dba,cb448c3adc5e-s8314,cb448c3adc5e,cifar10-target-transport-v1,cifar10-train-validation-test-20260823,cifar10,resnet,8314,0.01,low,0.001,0.2,sgd,15,128,20000,5000,5000,16,cuda,0.9065627973556518,0.6796,0.7341355927944183,0.739,0.5597789883613586,0.49240802600979805,0.826171875,0.7341355927944183,0.739,0.723255114364624,0.7504,0.7504,0.723255114364624,0.7504,0.968402364730835,0.667,1.5270474882125855,0.4924,0.9727494167327881,0.6638,1.156066423225403,0.6077333333333333,0.34818148612976074,0.010181935009313747,0.576949954032898,0.2659870684146881,0.7471547524134318,14.313682556152344,0.1678643673658371,0.7150177558263143,0.7060250639915466,6.425190980155325,0.4015744362597078,9.226140340169271,5.147124054355469,10.155929611642216,0.6347456007276385,0.32169525339721683,11.606139451588591,0.725383715724287,3695772.5677083335,1.598731279373169,908.4903564453125,2.3891043790215645,2054.733113606771,6543.608072916667,0.39793728788693744,0.9926179846127828,0.009393395235141119,14.577656428019205,11.74315102895101,1.7896056175231934,0.6927831371625265,476.30413818359375,3975.1565551757812,9.327611287434896,0.6003250678380331,0.8125,0.5182531972726186,32.20686721801758,31.49114735921224,0.3700459897518158,0.8500062227249146,0.43369773030281067,12718.330078125,33.003822326660156,1.0413094758987427,0.03954321891069412,0.0657387345810218,0.06248857643573669,0.059848915000810014,0.0,0.06346057826030273,0.1400083730952283,0.010256449402216736,1.055612481112936,0.0659757800695585,0.13541604656075196,1.634211893777544,0.4479461407984958,0.02799663379990599,0.1021382433610965,0.39338435125713705,0.024586521953571066,4680871.977490632,0.35885692657812884,232.8833200290241,0.7792183176879083,296.25324670611883,1044.2754022492165,0.01310114391948915,0.006091808994107683,0.0014990646457566487,5.138181607793334,1.8524099232876006,0.40405807588195386,0.10070283666017547,nan,nan,0.3414044272311214,0.09494786664416964,0.10825317547305482,0.1393375198473058,5.975327103286724,1.7126004438862357,0.0,0.16133365793050605,0.0,0.0,0.0,0.0,0.0,0.4069411896920528,68.12947964668274,
3c3a4c71-d218-496e-acbd-e2c3fc85b89b,cb448c3adc5e-s8315,cb448c3adc5e,cifar10-target-transport-v1,cifar10-train-validation-test-20260823,cifar10,resnet,8315,0.01,low,0.001,0.2,sgd,15,128,20000,5000,5000,16,cuda,0.9474126792907714,0.6554,0.7396154350280761,0.74,0.6910904049873352,0.47699975594878197,0.8232421875,0.7396154350280761,0.74,0.7183168214797974,0.7496,0.7496,0.7183168214797974,0.7496,0.9057005514144898,0.6864,1.7258060168266296,0.4714,1.062403039741516,0.6354,1.2313032026608786,0.5977333333333333,0.34450072050094604,0.018243512080516666,0.6868624885876974,0.30757370094458264,0.720111072063446,14.352134704589844,0.18528490761915842,0.7332563201586405,0.7122069994608561,6.354050450147106,0.39712815313419414,9.163928349812826,5.48900132041405,9.648196873322947,0.6030123045826842,0.3430625825258781,11.612759192451149,0.7257974495281968,8071213.268880208,1.5998161435127258,920.0747273763021,2.7426671136124945,2374.7376302083335,6892.05322265625,0.4845244785149892,0.9922731121381124,0.009893590894838175,13.64020029703776,12.623394330342611,1.7539041837056477,0.6655118068059286,606.457763671875,2209.5330810546875,9.143248558044434,0.5536446670691172,0.7083333333333334,0.594647745291392,34.43990262349447,32.91019185384115,0.37093156576156616,0.9043705662091573,0.4345768988132477,12736.072265625,33.025535583496094,0.9840935468673706,0.03956928476691246,0.13236743382011562,0.11306975477332215,0.10687723714924625,0.0,0.048683926961098474,0.24223681727749263,0.0070960312998157886,0.9366934268604922,0.05854333917878076,0.1308071514850128,2.611770289591157,0.15226859283493666,0.009516787052183541,0.16323564309944733,0.4493172146983878,0.02808232591864924,12716846.067901738,0.5964214113369819,213.02941199068664,1.2509305997350695,864.2652870883057,999.1765313792312,0.09359435383976394,0.000752593409450237,0.0014343248896880668,3.120739073530444,1.7405288512810089,0.683241913332292,0.1730797921453718,nan,nan,0.5775825135438253,0.15701084910798577,0.1301041249666333,0.24148751563521084,12.35841713645324,2.3652852047397364,0.0,0.15202714090354574,0.0,0.0,0.0,0.0,0.0,0.40450852871589144,68.00128316879272,
c5a0fe39-72b0-4a07-984a-8871f9fa0fc0,d973864df9f0-s8311,d973864df9f0,cifar10-target-transport-v1,cifar10-train-validation-test-20260823,cifar10,wide_resnet,8311,0.01,low,0.001,0.2,sgd,15,128,20000,5000,5000,16,cuda,0.9559099694252015,0.6612,0.6661384433746338,0.7628,0.29804831743240356,0.4100007936358452,0.8701171875,0.6661384433746338,0.7628,0.6556691504478455,0.7752,0.7752,0.6556691504478455,0.7752,0.9100259479522705,0.6876,1.5572511207580566,0.4946,1.000867515182495,0.6622,1.1560481946309409,0.6147999999999999,0.3155008554458618,0.020584177094860934,0.4383179843425751,0.14225860933462778,0.800855298837026,15.875039100646973,0.16992077231407166,0.5827557444572449,0.7128273248672485,6.47633829554061,0.4047711434712881,11.016045888264975,4.972573831701724,10.877770434594657,0.6798606521621661,0.31078586448135775,12.080072249652396,0.7550045156032748,292463419.8125,1.5686471462249756,557.224619547526,2.6451040861855097,1471.6973063151042,8287.785807291666,0.2749592661857605,0.9935941894849142,0.005298790987581015,13.748294194539389,9.930377324422201,1.696851412455241,0.7197437485059103,592.7769775390625,2166.9226684570312,10.363528887430826,0.6859153707822164,0.9375,0.29858438670635223,25.824636777242024,27.192020416259766,0.33519217371940613,0.8439043561617533,0.40033575892448425,22387.984375,39.65431213378906,1.0537289381027222,0.03170907497406006,0.09368362078293214,0.055587684277904274,0.06279600995825858,0.0,0.04111035315638124,0.18934083329417256,0.013353259780618121,0.7130572454739322,0.044566077842120765,0.3083852286384168,1.5270670744133619,0.4302447370882174,0.02689029606801359,0.09544169215083512,0.4050434679514091,0.02531521674696307,505836835.01712435,0.33455381613256296,254.1606775107974,0.41631746593898733,644.1553887218477,1790.1728391236677,0.15950766320016393,0.0025709788534605225,0.0011445459235281084,4.702699190795433,2.1363016377085624,0.37395722403563675,0.08771579140952108,nan,nan,0.6709211001812707,0.08951984013471034,0.0625,0.11411577097899289,8.797343082621882,4.547157151737407,0.0,0.14731216650347775,0.0,0.0,0.0,0.0,0.0,-1.4148907415282477,92.8091185092926,
b9133d6e-6593-4ee8-b0a7-8f03c38a1447,d973864df9f0-s8312,d973864df9f0,cifar10-target-transport-v1,cifar10-train-validation-test-20260823,cifar10,wide_resnet,8312,0.01,low,0.001,0.2,sgd,15,128,20000,5000,5000,16,cuda,0.9036027986526489,0.6784,0.669414852809906,0.7656,0.6325886845588684,0.38968735933303833,0.857421875,0.669414852809906,0.7656,0.6574960861206055,0.7718,0.7718,0.6574960861206055,0.7718,0.9079441194534301,0.685,1.3300194873809814,0.5496,0.9203841245651245,0.6784,1.052782577133179,0.6376666666666666,0.31560274958610535,0.02668317196366843,0.5804744362831116,0.18047492702802023,0.8124096194903055,15.899569511413574,0.132241519788901,0.5178636312484741,0.7194696267445883,6.274688809585847,0.3921680505991154,11.278116226196289,4.035632661075179,10.59687577581067,0.6623047359881669,0.2522270413171987,11.791179394541246,0.7369487121588278,204325009.5,1.3878787358601887,1124.5934041341145,2.036671461434531,2286.158935546875,10363.0166015625,0.3731078803539276,0.9955987930297852,0.00662558867285649,13.96667448679606,12.522528330485025,1.5429458618164062,0.775415281454722,732.0390625,2079.4503021240234,10.95285161336263,0.696500817934672,0.8541666666666666,0.334950457016627,29.772239685058594,37.10251235961914,0.3356759548187256,1.0312701066335042,0.40073463320732117,22381.443359375,39.676055908203125,1.089450478553772,0.031726472079753876,0.09702040729537273,0.04930823138013336,0.022200773544177845,0.0,0.0795315853997547,0.11227928697607537,0.01695429163721766,0.895973687490076,0.05599835546812975,0.26209040916044296,0.593301166485582,0.49787983111007517,0.031117489444379698,0.03708132290534887,0.5069674845697625,0.031685467785610155,338521427.993595,0.14823471742842878,174.03913501776535,0.3939239938646178,507.18745954910605,1662.5330300045798,0.04973737430459553,0.0008934776571359695,0.0010629395314267999,4.974449278535837,1.437043511543844,0.08597246802142572,0.016199749019930175,nan,nan,0.6354455839795949,0.01660533759999843,0.03608439182435161,0.09229991475812434,5.055406125113752,3.034204621013714,0.0,0.12748012869528758,0.0,0.0,0.0,0.0,0.0,1.5400987842021354,92.39257526397705,
ca664fd5-a584-458e-ae49-0b8ece5fbf1b,d973864df9f0-s8313,d973864df9f0,cifar10-target-transport-v1,cifar10-train-validation-test-20260823,cifar10,wide_resnet,8313,0.01,low,0.001,0.2,sgd,15,128,20000,5000,5000,16,cuda,1.0088386722564697,0.653,0.7323979946136474,0.7516,0.6437395215034485,0.42605894804000854,0.845703125,0.7323979946136474,0.7516,0.7123942319869995,0.7662,0.7662,0.7123942319869995,0.7662,0.9276546165466308,0.6868,1.556949010372162,0.525,0.8976851768493652,0.6934,1.1274296012560525,0.6350666666666667,0.33246147632598877,0.03530976638558059,0.6669116814931234,0.21336140235265097,0.8240413268407186,15.927902221679688,0.16937986761331558,0.5205619235833486,0.7218459248542786,6.476994516922342,0.40481215730764636,11.534450848897299,3.554745870875912,9.782301212775131,0.6113938257984457,0.2221716169297445,11.758739203166584,0.7349212001979115,436217592.5416667,1.1893040140469868,1410.6676432291667,1.926739283303835,2887.9781901041665,13168.357747395834,0.3971637686093648,0.992331842581431,0.008419181996335586,9.589898109436035,15.796521186828613,1.3679845929145813,0.7959088881810507,783.1487426757812,2367.500732421875,11.199596722920736,0.72207244237264,0.8541666666666666,0.4514702558517456,31.647369384765625,40.34088325500488,0.3363526463508606,1.2610278526941936,0.4013954699039459,22405.041015625,39.68132019042969,1.0588737726211548,0.03173057362437248,0.20284103777628915,0.12680074381017056,0.07750046971713064,0.0,0.0903678093703098,0.20639030942936706,0.0182834653230684,0.923960066948449,0.05774750418427806,0.30454921271968927,1.6322814858214625,0.7036490789036759,0.04397806743147974,0.1020175928638414,0.8279298367939759,0.051745614799623495,431982319.5682725,0.5011805921388497,433.3894706374426,0.8657877347162481,2101.0535450823245,3381.091386157177,0.25097647939545875,0.006775524403100309,0.002161699034648258,2.739512620159767,4.204823266463765,0.5067488984271659,0.08344792503750506,nan,nan,0.8112002908585056,0.11709566333279106,0.09547032697824667,0.2512305152957846,16.176231669761822,11.264129245323005,0.0,0.28580376268820673,0.0,0.0,0.0,0.0,0.0,0.1654888305799072,92.43959856033325,
fa77d342-ab6c-41c8-a222-0d388863e126,d973864df9f0-s8314,d973864df9f0,cifar10-target-transport-v1,cifar10-train-validation-test-20260823,cifar10,wide_resnet,8314,0.01,low,0.001,0.2,sgd,15,128,20000,5000,5000,16,cuda,0.8827513998031616,0.686,0.7032517901420593,0.7584,0.42974939942359924,0.41267842054367065,0.8583984375,0.7032517901420593,0.7584,0.6949837114334106,0.7728,0.7728,0.6949837114334106,0.7728,0.8945248252868653,0.6962,1.5265909160614013,0.5218,0.9083174592018127,0.692,1.1098110668500265,0.6366666666666666,0.3286359906196594,0.025088079579290934,0.47236668070157367,0.13400456681847572,0.8164599537849426,15.890119552612305,0.14420053859551749,0.5281396706899008,0.7224440972010294,6.715156240874947,0.4196972650546842,10.897427876790365,4.265725920936581,10.280044415290927,0.642502775955683,0.2666078700585363,11.529275939535273,0.7205797462209546,13105589.713541666,1.4121214151382446,596.3755086263021,2.173238636373808,1397.648417154948,8232.8212890625,0.26040159662564594,0.9947429299354553,0.005263649392873049,13.518093744913736,9.754521687825521,1.560840090115865,0.7510827382405599,661.6265869140625,2531.870635986328,10.202027320861816,0.7058407068252563,0.8958333333333334,0.2830965419610341,23.83620770772298,26.820119222005207,0.3355472683906555,0.8932093381881714,0.400553435087204,22392.41015625,39.67041015625,1.0981096029281616,0.0317218080163002,0.1509684458483585,0.0747400751581428,0.06833251162802131,0.0,0.04468439987244607,0.15809755784717885,0.012047986562089193,1.1161972576195347,0.06976232860122092,0.2425136334644664,1.3485216307812833,0.5136042676658467,0.032100266729115416,0.0842826019238302,0.6333301622010501,0.03958313513756563,22458544.77004488,0.3516360366533911,230.93260040683472,0.7012628364228567,835.2349735729669,3118.1513371240553,0.08610890029002456,0.0032026129851940735,0.001993588134474108,5.950731439768536,3.683465992107699,0.39613691197145795,0.08395328509457584,nan,nan,0.6937867065253648,0.10138561397776824,0.07216878364870323,0.13719075479381496,9.799768717880394,8.319414917681497,0.0,0.31872910068691473,0.0,0.0,0.0,0.0,0.0,-0.3075980223164369,92.48814058303833,
82bbdc3d-112b-4227-932a-00f43d3b2a90,d973864df9f0-s8315,d973864df9f0,cifar10-target-transport-v1,cifar10-train-validation-test-20260823,cifar10,wide_resnet,8315,0.01,low,0.001,0.2,sgd,15,128,20000,5000,5000,16,cuda,0.8667568644523621,0.6894,0.6925410799980164,0.7586,0.5449088215827942,0.3953203707933426,0.8623046875,0.6925410799980164,0.7586,0.6869025424957276,0.7598,0.7598,0.6869025424957276,0.7598,0.876241588306427,0.694,1.6213038679122924,0.4928,0.9149772029876709,0.6826,1.1375075530687968,0.6231333333333332,0.33215731382369995,0.021375932745286264,0.4640424946943919,0.15896143640081087,0.7984143495559692,15.844176292419434,0.17981412261724472,0.5800552169481913,0.7294128735860189,6.586557206673009,0.4116598254170631,11.075545310974121,4.870423495104561,10.56633385409121,0.6603958658807006,0.30440146844403504,11.950777978371775,0.746923623648236,91433862.0,1.5680861473083496,629.044199625651,2.4759537182719917,1577.4329020182292,8705.767903645834,0.20163928965727487,0.9946800271670023,0.005566027636329333,13.504745801289877,10.162084261576334,1.692851185798645,0.7349774638811747,684.5433349609375,2649.624267578125,10.184748013814291,0.6802734533945719,0.9166666666666666,0.36636800070603687,26.380922317504883,28.07674789428711,0.3345254957675934,0.9037889242172241,0.3995489776134491,22376.33984375,39.655155181884766,1.0975028276443481,0.03170963376760483,0.021954433176082318,0.08681462452900036,0.07894089845588129,0.0,0.05232656702167899,0.2055275307257825,0.0067981766769302345,0.6501030396909065,0.04063143998068166,0.33202199103028635,1.071029058196876,0.3577467540146437,0.02235917212591523,0.06693931613730475,0.4460258267514753,0.027876614171967205,145726114.69050902,0.20906636316333033,295.4395545355286,0.42521742721156885,855.2792340845381,2474.0395666681316,0.06283137150074583,0.0014676483289150133,0.0015817758094135513,2.8337349191742063,2.7947035711404067,0.19219012627354848,0.044053152495932967,nan,nan,0.6431243934223886,0.10585646783520733,0.07216878364870323,0.19468105229874436,9.771023579729537,6.655167138378358,0.0,0.09697301553199178,0.0,0.0,0.0,0.0,0.0,0.1631777693138772,92.39652061462402,
1da1e62d-c0f9-4722-9865-c299fefead4c,1e4941490504-s8311,1e4941490504,cifar10-target-transport-v1,cifar10-train-validation-test-20260823,cifar10,cnn,8311,0.03,high,0.0,0.2,sgd,15,128,20000,5000,5000,16,cuda,1.0723487964630127,0.6236,1.0593232050895691,0.6332,0.4330093562602997,0.8753232881426811,0.7021484375,1.0593232050895691,0.6332,1.0295461647987365,0.6416,0.6416,1.0295461647987365,0.6416,1.7015305334091186,0.468,2.4509114921569823,0.3042,1.8471967880249023,0.4242,1.9998796045303344,0.39880000000000004,0.47762206196784973,0.0559076054560137,1.1860866943995159,0.43053434292475384,0.7299816409746805,20.77299690246582,0.20501488943894705,0.7837506731351217,0.7430496215820312,8.326588888775488,0.520411805548468,7.7117354075113935,5.56458411016714,8.032483630390395,0.5020302268993997,0.34778650688544627,10.180225566913299,0.6362640979320812,3639617.656575521,1.679545005162557,425.3225402832031,2.5404581001983346,1015.8394368489584,4274.263264973958,0.33501094579696655,0.9795968333880106,0.011433585857351622,8.785285949707031,10.282633781433105,1.9782341718673706,0.6451334555943807,164.04359436035156,912.8515930175781,9.973458925882975,0.5834491948286692,0.6666666666666666,0.8946575125058492,24.065842310587566,20.38841183980306,0.8473321795463562,0.6222121119499207,0.6223400235176086,9687.2578125,33.37885284423828,1.376631498336792,0.0545925498008728,0.1272922615233559,0.12249178974113323,0.0931096803639871,0.0,0.05369465337165913,0.22639438548965493,0.03632994939625628,0.2813308948687487,0.017583180929296793,0.17873467553520134,1.9344226032080614,0.7071836965709399,0.044198981035683746,0.12090141270050384,1.3058298404857387,0.08161436503035867,5809288.793524826,0.3243266005742339,171.67015283724922,0.8806376667246691,274.6810802587896,427.1417347267671,0.11030304124935711,0.013374201309742845,0.0011425974540382833,3.053924651715509,1.6025429150723784,0.23289262305237673,0.08445344210928583,nan,nan,0.6816641032326526,0.1256985737181835,0.1301041249666333,0.27469598744430135,5.323818142448355,1.7714331810276662,0.0,0.05466746176658645,0.0,0.0,0.0,0.0,0.0,0.5922102376187548,44.00926637649536,
4717c92a-6e40-4e99-a031-0ff0a8d1e777,1e4941490504-s8312,1e4941490504,cifar10-target-transport-v1,cifar10-train-validation-test-20260823,cifar10,cnn,8312,0.03,high,0.0,0.2,sgd,15,128,20000,5000,5000,16,cuda,1.462477156829834,0.492,0.8731050460815429,0.6958,0.6770471930503845,0.7499698400497437,0.7216796875,0.8731050460815429,0.6958,0.8618905033111572,0.692,0.692,0.8618905033111572,0.692,1.298087490272522,0.5594,1.9041856983184815,0.3932,1.3632010929107665,0.5222,1.52182476050059,0.49160000000000004,0.41443735361099243,0.027527128710062243,1.1675645112991333,0.32711227734883624,0.7105576992034912,20.73863410949707,0.2447581340869268,0.7882227698961893,0.7441189090410868,8.18239875266765,0.5113999220417281,7.969592730204265,5.125430597919222,7.803748354357478,0.4877342721473424,0.3203394123699514,9.992805679611736,0.6245503549757335,57417.682291666664,1.6135038137435913,384.31719970703125,2.1710890344130562,818.4119059244791,3498.197509765625,0.3158332457145055,0.9775265057881674,0.009357622203727564,13.070894559224447,8.429714679718018,1.9036813179651897,0.6695269743601481,182.91256713867188,700.0171508789062,10.330823262532553,0.5400019983450571,0.7708333333333334,0.6947399775187174,21.377578099568684,18.748222986857098,0.8457241058349609,0.5790334542592367,0.6218571662902832,9693.02734375,33.34951400756836,1.4485678672790527,0.054544590413570404,0.3008870654434851,0.05875474907505559,0.0619339747993452,0.0,0.019462422142767208,0.1636124056774357,0.049592462604582395,0.3353817042718427,0.02096135651699017,0.17906313724354767,1.3142992302134964,0.7931470414195895,0.04957169008872434,0.08214370188834352,0.9480262121727204,0.05925163826079503,53364.99677523295,0.24547048143803912,84.25499383938597,0.2870361106320448,85.80148171374773,1168.3193061513073,0.10828582057712041,0.007761173664609522,0.003125235372916403,8.781214905019795,2.736483817563596,0.2891616502251004,0.09115583381087795,nan,nan,0.2719331664451339,0.08511973264147353,0.18042195912175804,0.1767043996811365,1.6846166649004533,3.4691438155952077,0.0,0.13631031533584728,0.0,0.0,0.0,0.0,0.0,0.41621457201939266,45.37734580039978,
a27cd5dc-3aea-4221-bbd9-08c5dfc6be2d,1e4941490504-s8313,1e4941490504,cifar10-target-transport-v1,cifar10-train-validation-test-20260823,cifar10,cnn,8313,0.03,high,0.0,0.2,sgd,15,128,20000,5000,5000,16,cuda,1.3715343761444092,0.5186,0.8632120567321777,0.695,0.6687827110290527,0.6760767921805382,0.765625,0.8632120567321777,0.695,0.8345939968109131,0.7032,0.7032,0.8345939968109131,0.7032,1.4063387212753296,0.53,2.0806998794555662,0.362,1.684701648902893,0.455,1.7239134165445964,0.449,0.4004477262496948,0.020593360139173456,0.7961472471555074,0.314906507730484,0.7345732649167379,20.822118759155273,0.22622822721799216,0.7436371644337972,0.7349602580070496,8.61597125444257,0.5384982034026606,7.3468583424886065,4.691859122944472,8.690098437300088,0.5431311523312555,0.2932411951840295,9.926879028498703,0.620429939281169,503234.0598958333,1.5350021123886108,312.37498982747394,2.2784763428900736,718.3884073893229,2892.1983235677085,0.26624295115470886,0.9870310227076212,0.0077365840164323645,14.395909945170084,6.889742374420166,1.9021859963734944,0.677702009677887,159.08975219726562,451.2578125,9.036197344462076,0.571112056573232,0.7916666666666666,0.6314143141110738,19.405388514200848,17.968741416931152,0.8494673371315002,0.434218426545461,0.6231725215911865,9701.3359375,33.413089752197266,1.4354807138442993,0.054648593068122864,0.06318145567096085,0.06940830666686612,0.002819413477654565,0.0,0.05434019994414449,0.03044898294083104,0.041637214878129526,0.44562097074624873,0.027851310671640546,0.203631795979469,0.8218739358182319,1.29259844294216,0.080787402683885,0.05136712098863949,1.2763472129796054,0.07977170081122534,502671.03517130803,0.18273394112466954,46.127502758880006,0.7068175057752423,289.2639052707839,141.93300713314267,0.019240895982500915,0.0032375764618461944,0.0003796685263766396,7.1346107607681395,0.19707885954837434,0.058371612404494615,0.02019543908498859,nan,nan,0.38728955796997744,0.01416576668701707,0.03608439182435161,0.09119043617121521,3.4744702655400346,4.042695999805239,0.0,0.04569081692832554,0.0,0.0,0.0,0.0,0.0,0.13707714223696993,44.74328827857971,
753872cb-24f0-44d6-9f9d-a7f048b15126,1e4941490504-s8314,1e4941490504,cifar10-target-transport-v1,cifar10-train-validation-test-20260823,cifar10,cnn,8314,0.03,high,0.0,0.2,sgd,15,128,20000,5000,5000,16,cuda,1.114673377418518,0.6156,0.9645053506851197,0.6758,0.6871737837791443,0.7333816811442375,0.7353515625,0.9645053506851197,0.6758,0.9315407468795777,0.687,0.687,0.9315407468795777,0.687,1.4081291606903077,0.5514,1.6347924430847167,0.4452,1.3544947139739991,0.5448,1.4658054392496744,0.5137999999999999,0.43419668078422546,0.05530574380100006,1.001990815003713,0.32714315752188367,0.7637198368708292,20.945253372192383,0.1876197506984075,0.657640258471171,0.7372200886408488,8.306848148431806,0.5191780092769879,7.996253649393718,4.6533339353066285,7.984765025652322,0.49904781410327015,0.2908333709566643,9.869915084834275,0.6168696928021422,309715.9895833333,1.5147621234258015,391.39573160807294,2.284924763028229,891.0591837565104,3167.568359375,0.24723190565903982,0.9872915546099345,0.008473194514711698,13.942120869954428,7.706940174102783,1.7582124471664429,0.7143399914105734,207.523681640625,455.1772918701172,10.245447794596354,0.6226881742477417,0.7708333333333334,0.6923285325368246,20.14600372314453,21.414798100789387,0.8549430966377258,0.5105063120524088,0.6256856918334961,9740.908203125,33.475677490234375,1.4180182218551636,0.05475093796849251,0.05620990662432389,0.1244731114966547,0.044011847022431515,0.0,0.02273166535999468,0.08881551659627218,0.046079908622083714,0.2978759280751341,0.01861724550469588,0.15093653499304316,1.2372786423322133,0.6448175308991604,0.040301095681197524,0.07732991514576333,1.0503158236826708,0.06564473898016693,138355.3289774356,0.25942261951787193,138.0225872788922,0.4058232741638927,348.7325830773248,458.5635578098603,0.052722745681242224,0.003407768612506777,0.001226649883993328,5.280497575467446,1.161393049657951,0.17679778727147527,0.053814135445567325,nan,nan,0.10078698501100068,0.07100863830426497,0.13010412496663332,0.24900673511284943,5.202573963552738,3.58319541700554,0.0,0.05277031472586843,0.0,0.0,0.0,0.0,0.0,-0.9379051428436816,44.190430641174316,
ecd5ba28-009a-43f3-b149-09c5a488192a,1e4941490504-s8315,1e4941490504,cifar10-target-transport-v1,cifar10-train-validation-test-20260823,cifar10,cnn,8315,0.03,high,0.0,0.2,sgd,15,128,20000,5000,5000,16,cuda,1.1240795030593873,0.6028,0.9346230507850647,0.6732,0.7257276773452759,0.7529765218496323,0.734375,0.9346230507850647,0.6732,0.9229904213905334,0.6796,0.6796,0.9229904213905334,0.6796,1.673778137588501,0.4718,2.154911362838745,0.35,1.4688102279663087,0.515,1.7658332427978516,0.4456,0.4380897581577301,0.028385265224642353,0.950336774190267,0.3106958568096161,0.719274123509725,20.702621459960938,0.150908961892128,0.8041865030924479,0.7451991438865662,8.519026119971764,0.5324391324982353,7.555102507273356,5.4272178510925295,8.044778044138642,0.5027986277586651,0.3392011156932831,9.949436882329334,0.6218398051455833,1939049.2734375,1.6855019728342693,260.8868815104167,2.7199747887531704,698.1063741048177,2798.9715983072915,0.21340520679950714,0.9887179136276245,0.007487204081068437,13.876732190450033,6.7983096440633135,1.9743813673655193,0.656355599562327,135.99142456054688,593.3182067871094,9.183833122253418,0.5656567613283793,0.75,0.6551512281099955,19.710456212361652,17.221253712972004,0.8447868227958679,0.4479917287826538,0.6212471723556519,9697.8759765625,33.32429122924805,1.47771155834198,0.05450335517525673,0.18960784061078295,0.08826740659180753,0.024523460699012293,0.0,0.024404408874840498,0.03493371939201191,0.044733427713162716,0.11874971552262478,0.007421857220164049,0.20590675781290935,0.7390679246447811,0.30846243103079607,0.019278901939424754,0.04619174529029882,1.1531744142444533,0.07207340089027833,2791205.2175434665,0.13185334691755318,72.58601590321412,0.7541048763162079,234.0194751963012,483.79121345213315,0.017626297321651888,0.0016286468847185802,0.0012941337331425881,0.9581680972246674,1.1823007510262626,0.016851177575927696,0.009442902334627455,nan,nan,0.5094309892363431,0.040332148832197004,0.0625,0.21020799947014332,3.0402652161905914,3.210280903305288,0.0,0.03584099734488082,0.0,0.0,0.0,0.0,0.0,0.5785788422872163,44.63639426231384,
50cf6b71-b9ff-4fd7-885c-f3881111fbe2,0296324bc054-s8311,0296324bc054,cifar10-target-transport-v1,cifar10-train-validation-test-20260823,cifar10,resnet,8311,0.03,high,0.0,0.2,sgd,15,128,20000,5000,5000,16,cuda,0.8858861799240112,0.6854,0.7159133314132691,0.753,0.2916836440563202,0.386282067745924,0.8642578125,0.7159133314132691,0.753,0.6965892973899841,0.7648,0.7648,0.6965892973899841,0.7648,0.9890595384597778,0.672,1.6613031448364257,0.4936,0.9488357190132141,0.6712,1.1997328007698058,0.6122666666666666,0.333677738904953,0.03930165697238408,0.7799226442972819,0.13808215657869974,0.8148035605748495,24.00739860534668,0.16082780063152313,0.5403962930043539,0.7403655648231506,6.374929347505536,0.398433084219096,8.780657450358072,4.883893243400663,10.822562265678641,0.6764101416049151,0.3052433277125414,12.517011587656183,0.7823132242285115,26165653.095052082,1.577999750773112,198.9182383219401,2.3490850897303948,482.5680643717448,3467.8173014322915,0.20882703363895416,0.9955008427302042,0.004978076089173555,10.591966470082602,6.474063396453857,1.723211367925008,0.7256898283958435,286.7366027832031,566.6212692260742,12.093169848124186,0.6970474521319071,0.8541666666666666,0.2734515219926834,14.576992988586426,15.703070004781088,0.6206145286560059,0.5004829565684,0.527229905128479,19711.828125,45.534969329833984,1.5254632234573364,0.05455738678574562,0.11836067229134084,0.06498490642522867,0.05267314295503595,0.0,0.05433293520560389,0.12566308190666442,0.013786630129456346,0.8550783053352718,0.05344239408345449,0.3619423337581975,0.7606440881920579,0.35185855458247134,0.02199115966140446,0.04754025551200362,0.41004001643761284,0.025627501027350803,35066865.24008625,0.15366039382672247,66.31552705980697,0.6802834367319075,250.2363293622963,1148.5074667255665,0.06659570694971523,0.002774027725145893,0.0016486905073493606,3.300592500709567,2.037512904962758,0.16480763016668448,0.04329449123372344,nan,nan,1.124512055125358,0.08106330279328236,0.09547032697824667,0.09931211840450199,4.390957316337668,3.994866389999979,0.0,0.09069208602608346,0.0,0.0,0.0,0.0,0.0,0.0620779768398516,67.27901864051819,
5cc16602-a26d-458a-96ad-833a42f6d193,0296324bc054-s8312,0296324bc054,cifar10-target-transport-v1,cifar10-train-validation-test-20260823,cifar10,resnet,8312,0.03,high,0.0,0.2,sgd,15,128,20000,5000,5000,16,cuda,0.9369705059051514,0.6666,0.7081705728530884,0.7628,0.6757137179374695,0.3502178378403187,0.8701171875,0.7081705728530884,0.7628,0.6936755369186401,0.7652,0.7652,0.6936755369186401,0.7652,0.846220052909851,0.7118,1.6497968056678771,0.5082,0.9422332196235657,0.6738,1.1460833594004312,0.6312666666666666,0.3292595148086548,0.041977900291385595,0.754174550374349,0.18131554375092188,0.8276612361272176,24.162668228149414,0.15059718986352286,0.48727380235989887,0.7357757687568665,6.525108639121002,0.4078192899450626,8.872652053833008,4.2903822349905765,10.806391528862534,0.6753994705539084,0.26814888968691103,12.479271213974322,0.7799544508733951,26677921.03125,1.430411458015442,332.8848571777344,1.9885330138967046,661.1872762044271,3541.8194986979165,0.26221010585625965,0.9953375061353048,0.005084306700155139,14.652259826660156,6.632318019866943,1.5362515846888225,0.7675273418426514,178.15414428710938,689.1047668457031,12.756102244059244,0.7192625006039938,0.875,0.33590167760849,15.92078685760498,19.367485364278156,0.6246609687805176,0.46044198671976727,0.5297608971595764,19709.03125,45.61051559448242,1.5701148509979248,0.05464780703186989,0.18841162470293266,0.06606211331666367,0.047501674938017935,0.0,0.0265069516107815,0.1578615661133893,0.007274169576892183,0.9188839308257106,0.057430245676606914,0.12309407629933455,1.226775565704403,0.12149589302928294,0.007593493314330184,0.07667347285652519,0.25401990437916805,0.015876244023698003,27265178.674981557,0.2754411233723085,164.3344778673518,0.20193995842650495,312.30209944046516,1274.0918001681143,0.1751048681260542,0.00091167898835883,0.0018289677113921298,5.512727083398936,2.4875663212497474,0.30144232811155913,0.07767430804689664,nan,nan,0.7494475050277867,0.06792165271916498,0.0625,0.11196275935729318,5.180119919569315,4.700112884720235,0.0,0.1292845304468585,0.0,0.0,0.0,0.0,0.0,-1.1794631487028673,67.13021516799927,
644aa2b0-198a-4971-a7fd-6c23e8042140,0296324bc054-s8313,0296324bc054,cifar10-target-transport-v1,cifar10-train-validation-test-20260823,cifar10,resnet,8313,0.03,high,0.0,0.2,sgd,15,128,20000,5000,5000,16,cuda,0.9861447938919068,0.6622,0.6596507939815521,0.7776,0.4014354646205902,0.2940451744943857,0.9072265625,0.6596507939815521,0.7776,0.6552102807044983,0.7776,0.7776,0.6552102807044983,0.7776,0.8769827529907227,0.7074,1.449228000640869,0.547,0.8700675813674926,0.709,1.0654261116663615,0.6544666666666666,0.3104868531227112,0.03884194553393172,0.4531707465648651,0.10716383345425129,0.8909193078676859,24.338516235351562,0.12755552430947623,0.3725898265838623,0.7480593125025431,6.704661937288009,0.41904137108050055,8.53486156463623,3.0783012812480757,11.24216448636186,0.7026352803976162,0.19239383007800473,12.326876400621515,0.7704297750388447,102796098.04947917,1.0350188314914703,317.9920349121094,1.5682034128709708,434.3628514607747,2575.7786458333335,0.14505868901809058,0.9959130883216858,0.003697548216829697,14.927080472310385,4.805383682250977,1.1095981200536091,0.8323788046836853,195.9808807373047,1036.8132019042969,12.245115915934244,0.8266510367393494,0.9583333333333334,0.2399238795042038,10.205185890197754,16.432353655497234,0.6289903521537781,0.325164000193278,0.5324177742004395,19812.740234375,45.713191986083984,1.450091004371643,0.054770875722169876,0.110475666794862,0.0712376365767949,0.035677922059179,0.0,0.048843494201565134,0.10562593290737912,0.01468309635098459,0.8726676457575597,0.05454172785984748,0.394545878368647,1.3788978090058688,0.4511564393765555,0.028197277461034717,0.0861811130628668,0.515968682294306,0.03224804264339413,166503034.15214542,0.5530669851041177,291.79184517001244,0.43196416466315374,311.71206090092954,976.9734905464966,0.06570411886920675,0.0025581846827027617,0.0014024523681734598,3.025674334490558,1.9951538144344871,0.6026563014327553,0.07466878837096902,nan,nan,1.0712203549567707,0.043536190170532514,0.03608439182435161,0.14397461378289506,3.7160936858589704,8.74544050748528,0.0,0.0810851062069653,0.0,0.0,0.0,0.0,0.0,-0.6800653480740304,67.22446942329407,
3cebc356-e0d8-4b6e-a2e1-f7238128bdaa,0296324bc054-s8314,0296324bc054,cifar10-target-transport-v1,cifar10-train-validation-test-20260823,cifar10,resnet,8314,0.03,high,0.0,0.2,sgd,15,128,20000,5000,5000,16,cuda,0.8466262689590454,0.6952,0.7188659368038177,0.7564,0.3710683584213257,0.3319479376077652,0.8974609375,0.7188659368038177,0.7564,0.6900224778175355,0.7708,0.7708,0.6900224778175355,0.7708,0.8995584833145142,0.701,1.3835768357276916,0.554,0.8616056498050689,0.7048,1.0482469896157582,0.6532666666666667,0.3228999376296997,0.0433868118270766,0.7013102769851685,0.14079616218805313,0.8146229982376099,24.342687606811523,0.16113328685363135,0.5330062210559845,0.749404788017273,6.855920166246162,0.4284950103903851,8.727394739786783,4.918484972928692,10.766370713535602,0.6728981695959751,0.30740531080804323,12.144402048576987,0.7590251280360617,42411900.0,1.5352907578150432,191.64578247070312,2.4497149809000223,493.78101603190106,3273.1969401041665,0.1632000058889389,0.9941066304842631,0.004698697089528044,11.467886288960775,5.9475094477335615,1.7046701113382976,0.7223286430040995,200.53897094726562,575.4677581787109,11.847304662068685,0.6946636041005453,0.9166666666666666,0.32007839779059094,14.71229616800944,15.156529426574707,0.6293219327926636,0.46640217304229736,0.5323314070701599,19843.041015625,45.72844314575195,1.6655579805374146,0.05478912591934204,0.0959122345314496,0.11982199991579169,0.0750636306110448,0.0,0.03764136914907304,0.20253905810284908,0.003578718312940842,1.0166252576944634,0.06353907860590396,0.2927882950207175,1.878057368375855,0.48924509350272405,0.030577818343920253,0.11737858552349094,0.37907887400723883,0.023692429625452427,47941174.91385471,0.4334139057292684,79.8020060686038,0.9897390663340485,374.7051308507033,864.7629070091193,0.0332915471893227,0.0045988612645721455,0.001241373181418615,3.0534269391576574,1.5310426223421854,0.3979465020872456,0.09190202640446751,nan,nan,0.7824227859588909,0.10601876655385468,0.14433756729740646,0.25496862117075797,6.967383504486839,4.782173952132426,0.0,0.04653531248316913,0.0,0.0,0.0,0.0,0.0,-1.4457108426354184,67.1245789527893,
5c21131a-fc04-4f1e-bbfa-5a7cec057828,0296324bc054-s8315,0296324bc054,cifar10-target-transport-v1,cifar10-train-validation-test-20260823,cifar10,resnet,8315,0.03,high,0.0,0.2,sgd,15,128,20000,5000,5000,16,cuda,0.8427722407341003,0.7008,0.657314220905304,0.7724,0.6884732246398926,0.2912868671119213,0.9072265625,0.657314220905304,0.7724,0.6427618776321411,0.7766,0.7766,0.6427618776321411,0.7766,0.8561602815628052,0.7098,1.5480814259529114,0.5208,0.8575514970779419,0.7078,1.0872644015312194,0.6461333333333333,0.3072918951511383,0.039563551647006534,0.6339183449745178,0.15733673175175986,0.825570305188497,24.195262908935547,0.1375209540128708,0.47833244999249774,0.7428487340609232,6.459325334579559,0.40370783341122246,8.939132372538248,3.939251238201308,10.844497330827222,0.6777810831767014,0.24620320238758175,12.432091254491468,0.7770057034057167,1250169290.6666667,1.3258972366650899,347.8177897135417,2.027077563743242,647.2616170247396,3527.5665690104165,0.1956648975610733,0.9958890279134115,0.005063846552123626,14.261307716369629,6.485785802205403,1.4064568082491558,0.7913945515950521,348.54510498046875,1297.6552734375,12.598894437154135,0.7140189011891683,0.9166666666666666,0.325003777941068,15.004683494567871,20.137683232625324,0.6253277063369751,0.4335366189479828,0.5302191972732544,19734.16015625,45.632564544677734,1.5461492538452148,0.05467424541711807,0.018837784528115933,0.046088407134573954,0.0431383057026597,0.0,0.026828913584172293,0.14523016312450326,0.009890697751309591,0.7185799796691127,0.04491124872931954,0.1025998872329046,1.3393735041673198,0.3072984319806483,0.01920615199879052,0.08371084401045749,0.12057012144066923,0.007535632590041827,1042168372.9945215,0.3817318037466064,173.63013527556467,0.6936983177260427,192.47788062629573,606.0479579619697,0.021421763711317675,0.0017496320404165417,0.0008699860201864445,1.4469587856653452,1.159318200531952,0.40760259859700243,0.06979385097375754,nan,nan,0.692187149414311,0.048136640298977705,0.03608439182435161,0.09579848151318536,2.890577491347546,4.066543443991138,0.0,0.0454480280392092,0.0,0.0,0.0,0.0,0.0,-0.8878575990985961,67.32042598724365,
9c9ce251-9563-45e9-9bd5-fee9738ecf99,7db0cdb96d72-s8311,7db0cdb96d72,cifar10-target-transport-v1,cifar10-train-validation-test-20260823,cifar10,wide_resnet,8311,0.03,high,0.0,0.2,sgd,15,128,20000,5000,5000,16,cuda,0.8432093873977661,0.6998,0.6611122632980346,0.7778,0.21274107694625854,0.23012476414442062,0.923828125,0.6611122632980346,0.7778,0.6539481790542603,0.784,0.784,0.6539481790542603,0.784,0.9092672088623047,0.7036,1.4323424545288086,0.5338,0.8943100517272949,0.7076,1.0786399050394693,0.6483333333333333,0.30635833740234375,0.05669148423476145,0.6844622790813446,0.10410928105314572,0.8505142331123352,25.231721878051758,0.10659598559141159,0.4116753538449605,0.7450378735860189,6.42537089443132,0.4015856809019575,10.28536319732666,4.065582016597502,10.895784018590161,0.6809865011618851,0.2540988760373439,12.284413998408484,0.7677758749005302,16665580.166666666,1.351884623368581,281.71485900878906,2.09470279091701,667.7961018880209,5501.1435546875,0.1575129876534144,0.9950562516848246,0.003517152896771828,12.009341875712076,6.790800491968791,1.4564234415690105,0.7824263572692871,214.83090209960938,931.9027099609375,13.545562744140625,0.7422934969266256,0.9375,0.2123309870560964,15.405812899271647,18.237860043843586,0.532753050327301,0.6433971027533213,0.4705047607421875,33425.1875,53.626922607421875,1.4351842403411865,0.04288231581449509,0.2808090573372003,0.07632553878626776,0.08036709710508826,0.0,0.04318993641104241,0.1840943692116858,0.009947248999604672,0.7112574308019605,0.04445358942512253,0.38937100821877474,1.459566442723234,0.19049167328580144,0.01190572958036259,0.09122290267020212,0.4866175834280844,0.030413598964255276,14439440.334630324,0.4054282254456179,176.95507571917977,0.7197714440564148,494.0135076632513,2982.8037319754676,0.08059841581285306,0.0017920440215087566,0.0019070538065125698,1.9170095330851291,3.6092005529256515,0.39906974487493385,0.07199798719317987,nan,nan,0.9530838057428211,0.1341401611583091,0.0625,0.13108677576467134,8.722158839761304,8.407169121017066,0.0,0.2410581575333214,0.0,0.0,0.0,0.0,0.0,0.7904038452477318,92.27555584907532,
f7d371b5-2346-4a20-8594-351f3f22dc20,7db0cdb96d72-s8312,7db0cdb96d72,cifar10-target-transport-v1,cifar10-train-validation-test-20260823,cifar10,wide_resnet,8312,0.03,high,0.0,0.2,sgd,15,128,20000,5000,5000,16,cuda,0.8960890892982483,0.679,0.6936939441204071,0.77,0.7156974673271179,0.28727021627128124,0.9013671875,0.6936939441204071,0.77,0.6620674732208252,0.7838,0.7838,0.6620674732208252,0.7838,0.8642719951629638,0.7188,1.5609749396324157,0.5308,0.9297847675323486,0.693,1.1183439007759093,0.6475333333333334,0.3105614185333252,0.042024486072477885,0.5905683040618896,0.16098704437414804,0.8323439757029215,25.14569091796875,0.12431623165806134,0.46838430563608807,0.754799465338389,6.21493021935667,0.38843313870979185,10.50108814239502,4.582830971224915,11.020831582004696,0.6888019738752935,0.2864269357015572,12.409536556449972,0.7755960347781232,165707203.0,1.5186924537022908,306.44031778971356,2.2443891149399113,651.1715087890625,6022.72216796875,0.1774614875515302,0.9965575734774271,0.0038506239652633667,11.973522981007894,7.288640817006429,1.6680399974187214,0.7415715257326762,343.79107666015625,393.99920654296875,13.562687873840332,0.7159123420715332,0.8958333333333334,0.29834071298440296,16.262112617492676,18.946210861206055,0.5308825373649597,0.5446335474650065,0.4693649113178253,33326.62109375,53.57386016845703,1.6707961559295654,0.04283982142806053,0.12548727133428533,0.06576448775416126,0.041398760910704074,0.0,0.05677898693110169,0.12439816024229483,0.016704851115167133,0.5244022362267525,0.03277513976417203,0.26969901966575427,0.47653697817318513,0.07019997436943715,0.004387498398089822,0.02978356113582407,0.3124745282032831,0.019529658012705193,234262232.01993966,0.10442236057109004,179.66440944005393,0.3068689305599344,306.9860541807548,2464.5676579857113,0.0844743247552835,0.0003590358413307909,0.0015757200031914465,4.005557715318616,2.9716579268715146,0.0682313219551683,0.014585589990238202,nan,nan,0.9629420181334495,0.05906756557614856,0.07216878364870323,0.11100376678776686,4.407911015681283,4.7121788900340995,0.0,0.128105495141326,0.0,0.0,0.0,0.0,0.0,0.5562543175252511,92.23770141601562,
407c18fc-431f-4971-b952-ba0ad2ff0f72,7db0cdb96d72-s8313,7db0cdb96d72,cifar10-target-transport-v1,cifar10-train-validation-test-20260823,cifar10,wide_resnet,8313,0.03,high,0.0,0.2,sgd,15,128,20000,5000,5000,16,cuda,1.0365036407470702,0.6526,0.6981608512878418,0.774,0.3900972008705139,0.3001306764781475,0.9052734375,0.6981608512878418,0.774,0.6889589510917663,0.7732,0.7732,0.6889589510917663,0.7732,0.9482337285041809,0.7038,1.984259042072296,0.4646,1.058274834060669,0.6622,1.330255868212382,0.6102,0.3223417103290558,0.05522083560936153,0.45673932631810504,0.0767318569123745,0.8633936047554016,25.362525939941406,0.12980867673953375,0.39181941747665405,0.7428952058156332,6.658784039846641,0.4161740024904151,10.067667643229166,4.031410151491065,10.588274208919513,0.6617671380574696,0.2519631344681916,12.257941667378214,0.7661213542111384,55622630529.333336,1.3316268920898438,148.51953633626303,2.032099724862201,303.1709899902344,3592.0897623697915,0.11512137701114018,0.9928565820058187,0.002296600529613594,15.450189908345541,4.3604592482248945,1.4282018542289734,0.7802839477856954,267.56103515625,998.9368286132812,13.278365770975748,0.7672046422958374,0.9791666666666666,0.17711363236109415,10.729853947957357,13.23488712310791,0.5355854630470276,0.3602744738260905,0.4724031090736389,33489.91796875,53.68831253051758,1.882613182067871,0.04293140396475792,0.05801542406868146,0.028773607219735008,0.0454488161609129,0.0,0.0554348418741281,0.11034608649818242,0.014320855862484733,0.681922878831163,0.042620179926947686,0.09846140954574888,1.706832156758444,0.29204192070443585,0.01825262004402724,0.10667700979740274,0.6374920147769808,0.0398432509235613,96104616027.75664,0.4379141929461774,10.242594540150268,0.89092223251866,142.22658838324506,712.695148558796,0.015130105851230062,0.008725632187560164,0.0004556612513882418,7.206109995364009,0.8281524661733939,0.475320597465698,0.09051280024001918,nan,nan,0.5393609350827105,0.08246089428378611,0.03608439182435161,0.055074737449085774,3.8946419709331828,2.037208330898394,0.0,0.10094491854903714,0.0,0.0,0.0,0.0,0.0,0.252409333055238,92.4282534122467,
b2068027-ee9e-4acd-b4b8-73d55ec863ca,7db0cdb96d72-s8314,7db0cdb96d72,cifar10-target-transport-v1,cifar10-train-validation-test-20260823,cifar10,wide_resnet,8314,0.03,high,0.0,0.2,sgd,15,128,20000,5000,5000,16,cuda,0.8310112189292908,0.7052,0.6715518313407898,0.7766,0.35030755400657654,0.26256571523845196,0.9130859375,0.6715518313407898,0.7766,0.6545660564899445,0.785,0.785,0.6545660564899445,0.785,0.8861547485351563,0.7108,1.3325832133293152,0.576,0.8293993062973023,0.715,1.0160457560539247,0.6672666666666666,0.3077038824558258,0.04928955537980073,0.4214461147785187,0.08827721017102401,0.8913187583287557,25.198183059692383,0.10684523358941078,0.34843533237775165,0.7533535559972128,6.965056056095798,0.43531600350598737,10.425916989644369,3.7845899288264158,10.561220364490737,0.660076272780671,0.23653687055165099,11.95723470206183,0.7473271688788644,13320032.104166666,1.2905927896499634,217.40581385294595,1.9725258298667463,384.5239944458008,3957.7621256510415,0.11221397792299588,0.9924783706665039,0.0025303929578512907,12.389961878458658,4.920578161875407,1.4269976218541462,0.7852465311686198,187.25668334960938,343.84888458251953,13.304967244466146,0.8261061112085978,0.9166666666666666,0.18675870075821877,10.215171019236246,14.675450166066488,0.5321030616760254,0.40900203585624695,0.4700610041618347,33352.0078125,53.606197357177734,1.5092313289642334,0.04286562651395798,0.09218161399902126,0.07655465253081709,0.044617655685434895,0.0,0.05573426711668265,0.11338634022847822,0.01647600187024462,0.7864436475588187,0.04915272797242617,0.4577722070894977,1.3438867725600898,0.11865618175323088,0.00741601135957693,0.08399292328500561,0.3528159070919839,0.022050994193248994,10657531.229917163,0.3439344364081308,179.86664135507738,0.4210785614702782,314.56532600124564,2082.0451413395986,0.06377299672472343,0.005766333931304878,0.0013311543811979293,1.1539276969358323,2.669736533188168,0.3714617485375275,0.08119174859034675,nan,nan,1.3249000754894098,0.06615610104578515,0.07216878364870323,0.12354730552440603,5.065089791676775,8.458896040696334,0.0,0.10057957941248383,0.0,0.0,0.0,0.0,0.0,-0.4252152516715832,92.37154173851013,
1b24b2a4-5f12-4940-94e5-68605125c0c9,7db0cdb96d72-s8315,7db0cdb96d72,cifar10-target-transport-v1,cifar10-train-validation-test-20260823,cifar10,wide_resnet,8315,0.03,high,0.0,0.2,sgd,15,128,20000,5000,5000,16,cuda,0.8319269010543823,0.702,0.6604536747217178,0.779,0.3481137454509735,0.2623588312417269,0.9091796875,0.6604536747217178,0.779,0.6613242297410965,0.7824,0.7824,0.6613242297410965,0.7824,0.8316870161056519,0.7356,1.7324232359409333,0.5062,0.8718805200576782,0.7128,1.145330257368088,0.6515333333333334,0.310983806848526,0.04854729981161654,0.49422475695610046,0.1184617318212986,0.866346518198649,25.315288543701172,0.13060941795508066,0.39249785741170246,0.7454655965169271,6.6765328699241335,0.41728330437025835,10.219297091166178,3.43336197782654,11.082334834803246,0.6926459271752029,0.21458512361415874,12.37953767445439,0.7737211046533994,23362102.0,1.1695359349250793,233.30282084147134,2.1223496533001196,507.22462972005206,4832.615966796875,0.1387547329068184,0.9962565302848816,0.0030897302397837243,11.963799476623535,5.842818021774292,1.2488744656244914,0.8059017459551493,211.88104248046875,1856.0918884277344,13.212542215983072,0.7868778705596924,0.9166666666666666,0.2529112324118614,12.365152359008789,17.287864367167156,0.5344935059547424,0.4530114531517029,0.4714545011520386,33412.88671875,53.696144104003906,1.64801025390625,0.042937710881233215,0.011256222762483628,0.0815505931919407,0.07483723287358945,0.0,0.04938558563931538,0.1763108676447807,0.008196154489828755,0.6670427490265015,0.041690171814156345,0.29114706991369993,1.4755171938343865,0.46647851627620096,0.02915490726726256,0.09221982461464916,0.13294024843485583,0.00830876552717849,21738285.480206367,0.44250934782799833,116.65856431018294,1.0770907538218695,412.39888360846857,1608.9241401527015,0.06440539580275484,0.0023900267005983232,0.0010286647551211617,3.2991856083156517,1.8508293347879288,0.4117635381652391,0.06986740629522399,nan,nan,0.9942785155424407,0.096791532403641,0.09547032697824667,0.15065128510077502,6.467596826464289,6.430878565205744,0.0,0.03496894344774566,0.0,0.0,0.0,0.0,0.0,0.8180676061142027,92.35234451293945,
f3692ee8-e411-4167-a1b1-1f52b51c1803,3786bf8b6437-s8311,3786bf8b6437,cifar10-target-transport-v1,cifar10-train-validation-test-20260823,cifar10,cnn,8311,0.03,high,0.001,0.0,sgd,15,128,20000,5000,5000,16,cuda,1.8839197553634643,0.4608,1.0776320644378663,0.6378,0.45781171321868896,0.892193116247654,0.7060546875,1.0776320644378663,0.6378,1.0802518986701966,0.628,0.628,1.0802518986701966,0.628,1.3153210941314697,0.5556,1.9535241828918457,0.3898,1.3916354299545288,0.5244,1.5534935689926146,0.48993333333333333,0.5003800988197327,0.08299311220616801,2.3096410830815635,0.4540468355019887,0.6623092095057169,19.740720748901367,0.23938551545143127,0.93223504225413,0.7186280488967896,7.678230516466674,0.4798894072791671,5.789549350738525,6.444607882825175,8.067529127769731,0.5042205704856082,0.40278799267657345,9.915301958306364,0.6197063723941477,39102.196126302086,1.8566574652989705,865.0852254231771,3.3127128003391775,2866.4286295572915,5441.636881510417,1.1058106621106465,0.9749921162923177,0.01455629151314497,10.662033875783285,16.030532836914062,2.165239095687866,0.5739535490671793,588.1721801757812,3177.6910400390625,8.725777626037598,0.4808690547943115,0.6666666666666666,0.9219797253608704,42.935943603515625,31.675005594889324,0.8052255511283875,1.2472570737202961,0.8402011394500732,6881.61474609375,23.49523162841797,0.9746009111404419,0.038427501916885376,0.6013336274267664,0.05131221046215135,0.027563451593243596,0.0,0.0494397213044094,0.06578185777784981,0.03169023898394654,0.43816925073444507,0.027385578170902817,0.08063299608241419,0.9227056200000734,0.23872614036013776,0.01492038377250861,0.05766910125000459,0.8011994109306304,0.0500749631831644,50384.94233256461,0.1392305438344769,114.52947227571046,0.3653935252304684,521.5243922003526,997.6484076836301,0.40212789802970716,0.0063329964428315184,0.0026686932222266435,3.1143683546900167,3.5220330517431506,0.08126798835723754,0.02753085941040486,nan,nan,0.2016056743604835,0.04864651385685189,0.09547032697824667,0.1644962110531452,2.418812407566907,4.856948512447493,0.0,0.17615287858923692,0.0,0.0,0.0,0.0,0.0,-0.040206776278174025,42.744598388671875,
4b6f66f8-5a2e-4323-bef0-39eccb7dbb7b,3786bf8b6437-s8312,3786bf8b6437,cifar10-target-transport-v1,cifar10-train-validation-test-20260823,cifar10,cnn,8312,0.03,high,0.001,0.0,sgd,15,128,20000,5000,5000,16,cuda,1.7828443864822388,0.444,2.189767904663086,0.4386,0.8553553819656372,2.03320774435997,0.427734375,2.189767904663086,0.4386,2.1176599908828737,0.4528,0.4528,2.1176599908828737,0.4528,2.3481826148986817,0.408,2.47251181640625,0.3252,2.4572427646636963,0.3268,2.425979065322876,0.35333333333333333,0.7948150038719177,0.28297105769524933,4.281356334686279,0.7437630494435629,0.7506469289461771,19.7207088470459,0.3402630885442098,0.6776090264320374,0.7342093189557394,7.666463663875757,0.47915397899223483,6.29808775583903,5.152660602379341,5.803939388058187,0.3627462117536367,0.3220412876487088,8.590104697447638,0.5368815435904774,19010038.100911457,1.6121979554494221,2826.6541341145835,2.130779487477199,6011.4248046875,12182.449544270834,2.4582648277282715,0.973599890867869,0.03258785791695118,3.406496286392212,36.70998509724935,2.1434166431427,0.571409265200297,756.6578369140625,3170.207275390625,12.09509309132894,0.5922408898671468,0.4583333333333333,1.9146387179692586,60.34128443400065,47.8783073425293,0.8042129874229431,2.5816262563069663,0.8358563780784607,6906.87353515625,23.59341812133789,0.9691064953804016,0.03858807310461998,0.24051129905714244,0.11037525823730857,0.05942270209207443,0.0,0.10354308196531654,0.1352442735637384,0.03666734508728392,0.5073345477150045,0.03170840923218778,0.12161213016024126,1.4402726406817405,1.024057930905397,0.06400362068158731,0.09001704004260878,1.4854633445743775,0.09284145903589859,27780513.195003636,0.2896813902212042,83.95128331855439,0.5176847493861623,1425.544228914211,1127.6398678963617,0.16806380676461763,0.01667585645505416,0.003016418392938072,0.5189083473489686,2.5401248563352237,0.10461600007214368,0.04684910066065552,nan,nan,0.5314649732643464,0.09953452309174324,0.09547032697824666,0.40093222484384944,10.484934080198252,2.6642510350119966,0.0,0.12120378755665381,0.0,0.0,0.0,0.0,0.0,-0.5906094574116081,42.91906499862671,
35e68ddb-48af-4e04-9794-f7f344810fd1,3786bf8b6437-s8313,3786bf8b6437,cifar10-target-transport-v1,cifar10-train-validation-test-20260823,cifar10,cnn,8313,0.03,high,0.001,0.0,sgd,15,128,20000,5000,5000,16,cuda,1.8326094291687012,0.4094,1.3358043815612792,0.5746,0.5473722815513611,1.0596488118171692,0.634765625,1.3358043815612792,0.5746,1.3658200414657593,0.5618,0.5618,1.3658200414657593,0.5618,2.3589006477355956,0.3718,2.3687459386825562,0.316,1.6384429767608644,0.4524,2.122029854393005,0.3800666666666667,0.6019021272659302,0.15585526287031826,2.976186672846476,0.5171449879805247,0.7322880427042643,19.79962730407715,0.25427597761154175,0.7766265869140625,0.7352104187011719,8.177708310251775,0.511106769390736,5.814683596293132,5.09008833095709,6.580879839244318,0.4113049899527699,0.3181305206848181,8.504972261829105,0.531560766364319,160660.30924479166,1.6253755489985149,1702.1981608072917,2.1277018115980812,3585.6416829427085,7903.131510416667,2.2794979413350425,0.9797109166781107,0.021140750497579575,6.024705171585083,23.638286590576172,2.0172952810923257,0.6321602861086527,496.71923828125,4113.10302734375,9.295762379964193,0.584959089756012,0.6041666666666666,0.9925570487976074,45.15859603881836,39.01356633504232,0.8077533841133118,1.742397705713908,0.8396983742713928,6900.83203125,23.579452514648438,1.1251312494277954,0.03856523707509041,0.8352967185879879,0.07264387730046028,0.045983085850647226,0.0,0.0667055453912324,0.10712203842115424,0.04879054542100018,0.3779178934208092,0.023619868338800577,0.21246075355741859,0.38177412841427605,0.5644192818495477,0.03527620511559673,0.023860883025892253,1.0881316426116232,0.06800822766322645,220023.55801547706,0.07632601751863816,411.42653463873404,0.22598852546794396,674.3598663288485,2120.2698222569707,0.40287076560003593,0.004984612920630753,0.005671688226221015,2.7678696491780785,6.511057587018069,0.10815316068974114,0.054032159112385236,nan,nan,0.7023471113540338,0.06004803130326512,0.03608439182435161,0.11117100916270874,4.529957711855398,3.988302605879733,0.0,0.4708814101301721,0.0,0.0,0.0,0.0,0.0,-0.8756447325050356,43.803250312805176,
ee6276ea-9297-4365-9fdc-e39e49956120,3786bf8b6437-s8314,3786bf8b6437,cifar10-target-transport-v1,cifar10-train-validation-test-20260823,cifar10,cnn,8314,0.03,high,0.001,0.0,sgd,15,128,20000,5000,5000,16,cuda,1.299188770675659,0.555,1.1826306623458862,0.6236,0.4863961935043335,0.9033796265721321,0.693359375,1.1826306623458862,0.6236,1.1588957189559936,0.629,0.629,1.1588957189559936,0.629,1.7349982376098634,0.4906,1.7139341306686402,0.4144,1.5572643100738526,0.4926,1.6687322261174522,0.46586666666666665,0.5205792188644409,0.1079889555767295,2.484149614969889,0.42059552669525146,0.745063583056132,19.904014587402344,0.24275626242160797,0.6957061290740967,0.7399310866991679,7.5798748872887485,0.4737421804555468,6.490221659342448,5.066063407831492,7.154163005382347,0.44713518783639666,0.31662896298946824,8.860644639014714,0.5537902899384196,884197.2214355469,1.6216447750727336,1381.7537841796875,2.4088000629497732,3397.27197265625,5611.967610677083,1.1922072172164917,0.9754469990730286,0.015011923387646675,10.572379112243652,16.924668947855633,2.0018752415974936,0.6444867849349976,554.60302734375,1591.2789916992188,10.317061424255371,0.5729339520136515,0.6666666666666666,0.8430583278338114,43.150814056396484,37.55755297342936,0.8124418258666992,1.327707330385844,0.8395153880119324,6963.66796875,23.708932876586914,0.980381429195404,0.03877701237797737,0.3425176119702977,0.15626352044878797,0.0724548547725429,0.0,0.08254193529572852,0.1915684675124712,0.0515235639331132,0.5313267110443519,0.033207919440271995,0.24069367109013956,0.2684671314075065,0.530513619638413,0.033157101227400815,0.016779195712969156,0.7476274773749514,0.04672671733593446,803675.0871052432,0.05227462426992668,485.34508308072276,0.21553192661717357,1502.1934499296212,1019.3239859237677,0.3600794263385231,0.007995118833674606,0.0027266751908665283,1.9752850800770358,3.5746032720683094,0.13559964280229328,0.04318105302203705,nan,nan,0.7422054717512528,0.10690791723164404,0.09547032697824667,0.3065260502038797,7.1189224254520775,11.678389421940652,0.0,0.11577109674089801,0.0,0.0,0.0,0.0,0.0,-0.7243336892774976,43.51849961280823,
f3444a85-c068-46e4-86e6-383706e47724,3786bf8b6437-s8315,3786bf8b6437,cifar10-target-transport-v1,cifar10-train-validation-test-20260823,cifar10,cnn,8315,0.03,high,0.001,0.0,sgd,15,128,20000,5000,5000,16,cuda,1.7065075468063355,0.4612,1.7277959928512574,0.526,0.6901372671127319,1.416039451956749,0.5947265625,1.7277959928512574,0.526,1.7054711229324342,0.5324,0.5324,1.7054711229324342,0.5324,2.608522463989258,0.3742,2.3103765514373777,0.3142,2.133202257156372,0.3724,2.350700424194336,0.35359999999999997,0.6407133340835571,0.12588192598559544,2.6146373748779297,0.5838780999183655,0.6199319163958231,19.669219970703125,0.24627254903316498,1.0315572023391724,0.7426047325134277,8.144408786712074,0.5090255491695046,5.476471900939941,5.572016390355522,6.888538664825007,0.43053366655156294,0.3482510243972201,9.19713025822284,0.5748206411389275,21628.200337727863,1.7109932502110798,1557.853515625,2.4631604855127702,3831.794189453125,8520.938639322916,1.916882594426473,0.9519071578979492,0.022793374334772427,4.8246339956919355,25.79179509480794,2.1605602900187173,0.5755398571491241,627.528564453125,2242.3969116210938,9.59949016571045,0.4182991087436676,0.5833333333333334,1.3955158591270447,49.82571029663086,35.921732584635414,0.8026180267333984,1.6372369527816772,0.837833821773529,6874.2021484375,23.47627830505371,1.013350009918213,0.038396477699279785,0.32064288656869727,0.13425589360727908,0.034314091128490536,0.0,0.07140296640456928,0.08838133595929343,0.022930767135701333,0.466840570193661,0.02917753563710381,0.3016519654417305,0.7735698159696327,0.5534624416357291,0.03459140260223307,0.048348113498102044,0.8095630055429917,0.05059768784643698,29529.83949819758,0.14423896489064655,453.4541049033926,0.1637135374797316,1129.1062261149962,1333.7194223536828,0.33415594983527896,0.028487221562114782,0.003567677449437587,1.3186310073028495,4.4292297690913704,0.15072416675963854,0.07713675670510445,nan,nan,0.9993621360901215,0.04942619378519228,0.14433756729740646,0.5517588003377909,6.184373677633288,7.070049836876853,0.0,0.1685499961291109,0.0,0.0,0.0,0.0,0.0,1.4069472220632195,42.479774951934814,
c0c6cde2-1b37-4482-8777-d1b792659274,f69560e12e37-s8311,f69560e12e37,cifar10-target-transport-v1,cifar10-train-validation-test-20260823,cifar10,resnet,8311,0.03,high,0.001,0.0,sgd,15,128,20000,5000,5000,16,cuda,0.9837094354629516,0.6856,1.5646521873474122,0.6312,0.09812043607234955,0.6273350939154625,0.8076171875,1.5646521873474122,0.6312,1.4887676515579225,0.6394,0.6394,1.4887676515579225,0.6394,1.776086534690857,0.5636,3.9672926792144776,0.3064,1.82076086769104,0.546,2.5213800271987914,0.472,0.5609318614006042,0.2092322112016518,4.0142708619435625,0.22444776197274527,0.8402925531069437,27.287630081176758,0.16334626823663712,0.43884233633677167,0.6584888299306234,6.979620722541402,0.43622629515883765,6.753954728444417,3.7047929506276915,10.179116485054516,0.6361947803159073,0.23154955941423072,11.313850955969135,0.707115684748071,2357186167.78125,1.3080332676569622,5045.507893880208,1.9388305848857266,9523.689127604166,19076.71875,0.8606956998507181,0.993610660235087,0.0273847629626592,6.948424339294434,34.60560417175293,1.4639387130737305,0.7896636525789896,2101.085205078125,13974.4638671875,11.058196067810059,0.7287733753522238,0.8541666666666666,0.5202158788839976,57.169272104899086,75.94441731770833,0.7054116725921631,4.175400892893474,0.9163277745246887,14294.68359375,29.779333114624023,0.9071189761161804,0.035679932683706284,1.1896451566328647,0.11131003319131737,0.01947633189358845,0.0,0.07958454802113064,0.05220389264967497,0.025849077819287865,0.771339782823721,0.04820873642648256,0.01831646165791393,0.25415642040131253,0.6396627651290272,0.0399789228205642,0.015884776275082033,0.2075834898462835,0.012973968115392719,4065546090.1131315,0.06943121421657017,3102.831512379883,0.12726601607677893,5285.102238938015,7219.877179149661,0.27772473039202944,0.0046479424874445825,0.010364184132507018,1.4163100093484196,13.034243490946071,0.13629062782235407,0.023844989482311924,nan,nan,0.28431058845121654,0.023356077426177728,0.09547032697824667,0.3905096936381777,18.169768065916777,20.039365329218487,0.0,1.232828528782312,0.0,0.0,0.0,0.0,0.0,2.2234419325345107,66.17752695083618,
76cd9832-fc20-45ea-9801-3a9128c7edf9,f69560e12e37-s8312,f69560e12e37,cifar10-target-transport-v1,cifar10-train-validation-test-20260823,cifar10,resnet,8312,0.03,high,0.001,0.0,sgd,15,128,20000,5000,5000,16,cuda,1.6846852619171142,0.5668,1.1030960578918456,0.7094,0.21265484392642975,0.2300509875640273,0.916015625,1.1030960578918456,0.7094,1.1139365994215011,0.7164,0.7164,1.1139365994215011,0.7164,1.5140222942352295,0.6424,2.3198554433345793,0.4838,1.2110891686916352,0.6846,1.6816556354204815,0.6036,0.434283971786499,0.1532615085634461,1.1731164654095967,0.1134006604552269,0.8964066704114279,27.41748046875,0.09864846616983414,0.2706085691849391,0.6297341585159302,6.068916715372052,0.37930729471075325,7.633663336435954,2.7281840670585993,9.757753092977465,0.6098595683110916,0.17051150419116246,11.053604233829063,0.6908502646143164,486014389.3333333,0.98082967599233,2064.6974487304688,1.8242265272070366,4020.05615234375,9351.315266927084,0.35499220589796704,0.9932578007380167,0.013423878544320663,12.134748458862305,16.63787778218587,1.0698411862055461,0.8443259596824646,1354.079833984375,2171.8834533691406,13.31287924448649,0.8352456092834473,0.9166666666666666,0.21520701299111047,28.948631922403973,53.07833480834961,0.7088054418563843,1.3900534709294636,0.9173703789710999,14407.291015625,29.887035369873047,0.9222414493560791,0.035808973014354706,0.33631084955386575,0.06788950278527689,0.035185295533459976,0.0,0.031391428814234526,0.07556880575672056,0.005868744194418695,0.8006183554123247,0.050038647213270296,0.28880352199015896,0.7249650371189004,0.5329320552888204,0.03330825345555127,0.04531031481993127,0.5066234727664385,0.031663967047902405,252490078.54072306,0.2593728301452915,1157.8204942760417,0.40520181951543105,2661.2182677021087,3559.966758551948,0.10326633512087947,0.0036534942483538984,0.005110357302215745,1.2659653620710347,5.980690345164042,0.24238402331866754,0.04216824188403766,nan,nan,0.8647256565471625,0.05552776416893471,0.03608439182435161,0.12118367260827724,13.490163157271349,19.107610039917112,0.0,0.40509621657981065,0.0,0.0,0.0,0.0,0.0,-0.008286001487862337,66.40610027313232,
ed11aef0-fc4b-4933-9e63-9af73632e765,f69560e12e37-s8313,f69560e12e37,cifar10-target-transport-v1,cifar10-train-validation-test-20260823,cifar10,resnet,8313,0.03,high,0.001,0.0,sgd,15,128,20000,5000,5000,16,cuda,0.813241728401184,0.7306,1.377994188785553,0.6506,0.07867798954248428,0.4683012403547764,0.837890625,1.377994188785553,0.6506,1.3570408546447754,0.661,0.661,1.3570408546447754,0.661,2.229238692474365,0.5248,2.36386597070694,0.4348,1.7298578399658202,0.5652,2.1076541677157086,0.5082666666666666,0.5350651741027832,0.20611545571591705,1.614911397298177,0.17414791882038116,0.8754221002260844,27.3150691986084,0.1551919827858607,0.328046773870786,0.6555318435033163,6.229794548771236,0.3893621592982022,7.2728837331136065,3.1748292088483523,9.959859173922359,0.6224911983701474,0.19842682555302202,11.25482578024878,0.7034266112655487,37865958912.0,1.0510831077893574,3494.8038330078125,1.9195102968790982,6073.5009765625,12911.347330729166,0.4973091383775075,0.9912998477617899,0.018534329098959763,10.094243049621582,22.942707061767578,1.224020500977834,0.8136989076932272,2197.712646484375,4292.4609375,12.41933822631836,0.7834881544113159,0.8541666666666666,0.2844201425711314,41.232714335123696,63.697583516438804,0.7059146761894226,1.9782251914342244,0.9169162511825562,14324.0712890625,29.790145874023438,0.9560526013374329,0.035692885518074036,0.3831565505757399,0.06569922213990091,0.06648734572192908,0.0,0.05352688494834298,0.17503530120846827,0.014885270034522355,0.8443658782168969,0.052772867388556056,0.20685705160329723,1.6000922237089739,0.7307083399035018,0.04566927124396886,0.10000576398181087,0.456473405724839,0.02852958785780244,51774254134.05238,0.587903660708907,1899.8535958722089,0.7304719331901341,2602.177680166789,2107.6104716190175,0.13891461936178823,0.010624222146681322,0.0030254895437602266,1.898100315699525,3.8310570729817304,0.5451994106059931,0.08433238509368358,nan,nan,0.7709001287892842,0.11388045859406905,0.03608439182435161,0.09266120773588486,17.74882112093598,12.607666477772113,0.0,0.4653974341262179,0.0,0.0,0.0,0.0,0.0,-0.8303615663392452,66.05268740653992,
fa449719-dda8-4398-b0ab-eff69e4cb98a,f69560e12e37-s8314,f69560e12e37,cifar10-target-transport-v1,cifar10-train-validation-test-20260823,cifar10,resnet,8314,0.03,high,0.001,0.0,sgd,15,128,20000,5000,5000,16,cuda,0.9716785650730133,0.6776,0.8818929499626159,0.7586,0.15911096334457397,0.15595784690231085,0.9462890625,0.8818929499626159,0.7586,0.8446700601577759,0.769,0.769,0.8446700601577759,0.769,1.272907583808899,0.6794,2.328642190313339,0.4394,1.045701522922516,0.696,1.5490837656815846,0.6049333333333333,0.3508315980434418,0.11170936845155666,0.8866420785586039,0.044401510579821966,0.9420851667722067,27.33783721923828,0.05636555701494217,0.18921496719121933,0.6269818743069967,6.284561491683276,0.3927850932302048,7.535210609436035,2.367207456404524,10.221889069841117,0.6388680668650698,0.14795046602528275,11.306086783408817,0.7066304239630511,145030073728.0,0.7813849399487177,1214.2763856252034,1.6146823575788842,1535.4587415059407,4295.374755859375,0.19604330509901047,0.9935569961865743,0.0061660404317080975,17.95291550954183,7.854832172393799,0.8460344870885214,0.8661913673082987,743.5819091796875,453.49717903137207,12.807902336120605,0.9063429236412048,0.9791666666666666,0.10194961975018184,14.32832702000936,30.723304589589436,0.7067543268203735,1.0326724847157795,0.9162941575050354,14343.0625,29.835220336914062,0.8896904587745667,0.035746946930885315,0.18280983452846167,0.037447106035532716,0.04371001279377516,0.0,0.04399783384830164,0.11459555886363405,0.030407173650583253,0.5358481348013907,0.03349050842508692,0.2094404742063157,1.0199850235281502,0.9665461248991799,0.060409132806198744,0.06374906397050939,0.6599569700747074,0.041247310629669215,169517281916.88754,0.5212012716342914,1343.129916711097,0.5016051504087358,1374.4414104187115,3211.2517068781444,0.13737596279556344,0.008320617178586261,0.004609774162158782,6.9425781517640415,5.823277620011256,0.5698798057796272,0.05633723641003637,nan,nan,1.0105480416563337,0.07135839914315394,0.03608439182435161,0.07432474400760182,9.395720729354485,22.1602028086347,0.0,0.19283903217171366,0.0,0.0,0.0,0.0,0.0,0.6491924611855693,65.86232137680054,
b8d499c4-b412-416d-bc5c-32beebb85263,f69560e12e37-s8315,f69560e12e37,cifar10-target-transport-v1,cifar10-train-validation-test-20260823,cifar10,resnet,8315,0.03,high,0.001,0.0,sgd,15,128,20000,5000,5000,16,cuda,0.8026865820884704,0.724,1.3468079925537109,0.676,0.24131987988948822,0.40997395664453506,0.869140625,1.3468079925537109,0.676,1.2708296391487122,0.6924,0.6924,1.2708296391487122,0.6924,1.7338095148086548,0.5916,2.5450215660095217,0.4194,1.4732432916641236,0.616,1.9173581241607665,0.5423333333333334,0.4785328209400177,0.17522147951240186,1.700129469235738,0.2252710685133934,0.8867276906967163,27.401208877563477,0.12638818472623825,0.309726357460022,0.6563355724016825,6.626238920736822,0.41413993254605136,7.843809445699056,2.9888743939628264,9.65743396945359,0.6035896230908494,0.18680464962267665,11.100478062207133,0.6937798788879458,391410670589.3333,1.0269920825958252,4087.875,1.6824702500210436,7160.029947916667,15040.552734375,0.6102232933044434,0.993790864944458,0.021590818961461384,9.754233519236246,27.033639589945476,1.1750409404436748,0.8198480804761251,3338.8994140625,6826.698486328125,13.094344774881998,0.815663198630015,0.8541666666666666,0.47154367963473004,43.38097953796387,69.98848978678386,0.7081854939460754,1.9120947519938152,0.9177704453468323,14361.27734375,29.856277465820312,0.9839774966239929,0.03577215224504471,0.781989872758082,0.10656822268797118,0.0624924559068722,0.0,0.04064393582667322,0.14878111179973025,0.019306534687199933,0.934650397051146,0.05841564981569663,0.05372065820848137,1.2852381848285943,0.3516207176707194,0.021976294854419962,0.08032738655178714,0.7811319374754055,0.04882074609221285,673656661048.5901,0.46243936500342,1082.1791585844762,0.3917410325657455,3370.588020049181,6154.580898479655,0.24809816311461724,0.0012902759450861656,0.008834944282762784,4.570400518688018,10.586030678785189,0.5754079166451869,0.08559427129518478,nan,nan,0.5366936268942012,0.10938311729244145,0.09547032697824667,0.22665839884407596,20.779352909336037,11.739482814496975,0.0,0.859936265621871,0.0,0.0,0.0,0.0,0.0,1.1129941681137847,66.02265191078186,
f09da33e-7906-4f7f-b642-55aff9ca054a,5f74d3fe4471-s8311,5f74d3fe4471,cifar10-target-transport-v1,cifar10-train-validation-test-20260823,cifar10,wide_resnet,8311,0.03,high,0.001,0.0,sgd,15,128,20000,5000,5000,16,cuda,1.3581877204895019,0.6172,1.0373233825922012,0.7286,0.030637431889772415,0.1827394962310791,0.931640625,1.0373233825922012,0.7286,1.0241726147651673,0.729,0.729,1.0241726147651673,0.729,1.5859905059814454,0.6148,2.946303261756897,0.4,1.1899827023506164,0.678,1.907425490029653,0.5642666666666667,0.4143534302711487,0.1450619340321282,0.8648060162862142,0.0757301530490319,0.9432250261306763,30.264123916625977,0.047767401983340584,0.17259980738162994,0.6483657757441202,6.285312067195535,0.3928320041997209,7.930308977762858,2.354151704829657,10.153262532776331,0.6345789082985207,0.14713448155185357,10.987440731296203,0.6867150457060127,31426718344.666668,0.7966401278972626,1805.9960530598958,1.6051256123606095,3169.8266805013022,11188.074381510416,0.20922723909219107,0.988357941309611,0.007153089003016551,13.19116497039795,13.353959083557129,0.831378718217214,0.8748231331507365,1402.5450439453125,1915.174789428711,12.645466804504395,0.8999250928560892,0.9375,0.13319425284862518,21.87279160817464,43.33755238850912,0.6390092968940735,1.620537241299947,0.9354566931724548,22189.296875,32.35224533081055,0.776777446269989,0.02586979605257511,0.41376318750463503,0.07886811565713202,0.026446513774303387,0.0,0.007098328081184645,0.033005295154468525,0.02403557871266944,0.623974986396562,0.038998436649785126,0.24005922464620605,0.8909244212406375,0.6677685279623489,0.041735532997646804,0.055682776327539846,0.26733942764131013,0.016708714227581883,54389887784.35082,0.44470315575269304,1841.6491852808285,0.48475954401243687,3921.318307689161,8941.280030620977,0.16700610498090393,0.015494043061077883,0.005716602490623849,1.8129792993755065,10.440371400300407,0.4677120766804496,0.04386801766767607,nan,nan,0.640258487531253,0.05226376637830996,0.0625,0.11638303056548932,16.636001080338684,30.71057749601949,0.0,0.5763096333584095,0.0,0.0,0.0,0.0,0.0,-1.4781434088976149,90.49875998497009,
305601a6-099b-4fb7-8b26-ee16bc68a43e,5f74d3fe4471-s8312,5f74d3fe4471,cifar10-target-transport-v1,cifar10-train-validation-test-20260823,cifar10,wide_resnet,8312,0.03,high,0.001,0.0,sgd,15,128,20000,5000,5000,16,cuda,0.8614421725273133,0.7184,1.26894839553833,0.685,0.17335695028305054,0.3536572139710188,0.869140625,1.26894839553833,0.685,1.2571712535858155,0.7012,0.7012,1.2571712535858155,0.7012,1.577689299583435,0.6282,3.1628670713424683,0.4096,1.4443712202072143,0.6346,2.0616425303777057,0.5574666666666667,0.4793158173561096,0.18292532641498838,1.967471440633138,0.20131961752971014,0.8958584070205688,30.189855575561523,0.1554517721136411,0.2717102070649465,0.6213905811309814,6.453418205960573,0.4033386378725358,8.339075406392416,3.1803515606810233,9.845649003504965,0.6153530627190603,0.19877197254256396,11.08653642521949,0.6929085265762182,1723736416.0,1.1568692922592163,7371.308675130208,1.7237096472306692,12708.451904296875,27782.049479166668,0.6873709956804911,0.9958571592966715,0.0177624374628067,10.017180760701498,32.77829933166504,1.2522741158803303,0.8293938239415487,5568.748046875,2978.9248046875,13.585858980814615,0.8079580863316854,0.875,0.47524256507555646,57.478790283203125,90.51906331380208,0.6373762488365173,3.404736121495565,0.9365982413291931,22013.796875,32.233516693115234,0.79934161901474,0.025774821639060974,0.21335760130132678,0.13119500594050823,0.006430373211795605,0.0,0.049776796284472936,0.012347737263509632,0.02022629113400487,0.41284436895176113,0.02580277305948507,0.22441056210874602,0.061171728321072066,0.5514861410082206,0.034467883813013786,0.003823233020067004,0.1579319572500845,0.00987074732813028,2764688646.141184,0.019132708632950926,4681.746575632738,0.1127456354284821,8107.607951143582,11716.344767782726,0.36894131753100773,0.0013659640883680714,0.007490838160960665,1.158275555707792,13.977543526008576,0.04100878154692024,0.009553169836359954,nan,nan,0.5374922944892141,0.014064566112201575,0.10825317547305482,0.3105926029098999,21.661281440345054,36.704268174314045,0.0,0.14795095862252863,0.0,0.0,0.0,0.0,0.0,-0.2767716872499582,90.56313514709473,
71cd6e0a-178c-4bbc-ad4c-3d37901eece9,5f74d3fe4471-s8313,5f74d3fe4471,cifar10-target-transport-v1,cifar10-train-validation-test-20260823,cifar10,wide_resnet,8313,0.03,high,0.001,0.0,sgd,15,128,20000,5000,5000,16,cuda,0.9693480521202087,0.6892,1.177279267978668,0.7072,0.11252471059560776,0.2782124951481819,0.91015625,1.177279267978668,0.7072,1.1699667713165283,0.7134,0.7134,1.1699667713165283,0.7134,1.300032527923584,0.6762,4.549627893829346,0.3018,1.5393434883117676,0.6266,2.463001303354899,0.5348666666666667,0.44900327920913696,0.17076747118699132,1.7363087733586628,0.10583906791483362,0.9410122831662496,30.2503604888916,0.09078068037827809,0.18127383291721344,0.6447328925132751,6.784150536278943,0.42400940851743396,8.154787381490072,2.1676115433326353,9.894918058366274,0.6184323786478921,0.1354757214582897,10.478173265894464,0.654885829118404,4006941183.3333335,0.7114669432242712,3826.4248860677085,1.3293629182358269,5764.08930460612,18169.704508463543,0.3959270790219307,0.9906492431958517,0.011616789968684316,9.660985787709555,21.716361045837402,0.83576533695062,0.8686869343121847,455.2774658203125,1363.8502197265625,13.001023610432943,0.8937093615531921,0.9166666666666666,0.16480685149629912,29.869741598765057,51.959771156311035,0.6388028264045715,3.371020952860514,0.9346139430999756,22202.255859375,32.36669158935547,0.8024565577507019,0.02588130347430706,1.0654197160253014,0.14140334563556917,0.04365201422508339,0.0,0.09602400551984554,0.09638799161369872,0.032397570193323406,0.9197805067435276,0.05748628167147048,0.10661646126312219,0.8455644932652213,0.4744130020282507,0.02965081262676567,0.05284778082907633,0.29784692033806076,0.018615432521128798,4693579962.642623,0.4528474882495564,5057.225392916913,0.27940150209033215,8286.558670692013,20312.51273995495,0.4579683968428168,0.013801043559959845,0.012986793000159693,3.817585419277803,24.26521628463094,0.5824818443067472,0.061534542063313984,nan,nan,0.12051699871413706,0.0822978542513855,0.09547032697824667,0.1920476097498013,32.546699110597565,46.8915159870119,0.0,1.4766451798080649,0.0,0.0,0.0,0.0,0.0,-0.0011230951417990818,90.40323185920715,
6329f6e7-0ffe-49f4-8f27-b609cde819f1,5f74d3fe4471-s8314,5f74d3fe4471,cifar10-target-transport-v1,cifar10-train-validation-test-20260823,cifar10,wide_resnet,8314,0.03,high,0.001,0.0,sgd,15,128,20000,5000,5000,16,cuda,1.3265547382354737,0.6192,0.9714639183044433,0.7266,0.1541053205728531,0.17219570837914944,0.9453125,0.9714639183044433,0.7266,0.9676327421665192,0.727,0.727,0.9676327421665192,0.727,1.4974801931858064,0.6078,2.0414792051315307,0.5068,1.1037549852848052,0.6752,1.5475714612007139,0.5966,0.4096392095088959,0.13289649205398746,1.2384358247121174,0.18891374270121256,0.9103096723556519,30.44300651550293,0.14626677334308624,0.2611095408598582,0.6640946666399637,6.133305636496504,0.3833316022810315,7.47728172938029,2.278403546376408,9.912289463436437,0.6195180914647773,0.1424002216485255,10.96177313813478,0.6851108211334237,241856434.66666666,0.8048760692278544,5071.414388020833,1.3352415569466463,6838.71044921875,22488.172200520832,0.4437870929638545,0.9907589356104533,0.01437780043731133,9.807449499766031,26.795673688252766,1.0130222241083782,0.8497224052747091,1454.52734375,4046.7752685546875,11.897805531819662,0.8503566980361938,0.8541666666666666,0.31839295228322345,39.19844436645508,67.39846165974934,0.6428565382957458,2.1045998334884644,0.935772180557251,22369.6953125,32.53249740600586,0.828987717628479,0.02601390704512596,0.5920627186455684,0.14052680397453776,0.03573852219217773,0.0,0.07222123759486826,0.07606515762512663,0.01958170205037145,0.7730387493133676,0.048314921832085474,0.3625531646763665,0.5159502387657341,0.7723199010113091,0.04826999381320682,0.03224688992285838,0.5517201603729976,0.03448251002331235,203423842.20163682,0.24106616502384173,4085.6394986471605,0.0924940845282132,5702.934625149523,15686.911067331335,0.28319290139906517,0.012416298169267845,0.01002941782028786,4.285258112311491,18.0631201238367,0.49268126953077,0.07415928976714184,nan,nan,1.0251261297351633,0.05922958299083174,0.14433756729740646,0.23800159351813488,23.95487164398004,23.782876930351495,0.0,0.6987954674799064,0.0,0.0,0.0,0.0,0.0,-0.5086971357906094,90.54185104370117,
4c259425-d04f-43c6-ab64-058d83260b26,5f74d3fe4471-s8315,5f74d3fe4471,cifar10-target-transport-v1,cifar10-train-validation-test-20260823,cifar10,wide_resnet,8315,0.03,high,0.001,0.0,sgd,15,128,20000,5000,5000,16,cuda,1.0266917858123779,0.6892,1.1799634746551513,0.6962,0.07785918563604355,0.23133866116404533,0.912109375,1.1799634746551513,0.6962,1.1569656817436218,0.6998,0.6998,1.1569656817436218,0.6998,1.3746911500930785,0.6392,3.2262077251434325,0.3884,1.2751174369812013,0.6482,1.9586721040725708,0.5586000000000001,0.46293550729751587,0.1683714738173876,1.5668316682179768,0.3149798313776652,0.905299444993337,30.37624168395996,0.16622363527615866,0.26489198207855225,0.674281895160675,6.7799589707634,0.4237474356727125,8.284968376159668,3.00725531505835,9.964263138673084,0.6227664461670678,0.18795345719114687,10.920032347346217,0.6825020217091385,493495296.0,1.098718245824178,8504.766927083334,1.799836058519694,14664.752604166666,33062.317057291664,0.7268950442473093,0.9948830803235372,0.0211383734519283,9.125662962595621,39.44012641906738,1.315463940302531,0.798755427201589,3459.26513671875,13363.2080078125,12.555702527364096,0.832847515741984,0.7708333333333334,0.7056116263071696,62.31472905476888,101.60783131917317,0.6413477659225464,2.4722886880238852,0.9364995956420898,22140.33984375,32.435935974121094,0.8209577202796936,0.025936715304851532,0.5334777096079298,0.045168081285699914,0.03547760233639792,0.0,0.0740411638278251,0.09084239638913531,0.013104198627496275,0.42481187765751505,0.02655074235359469,0.2294084430691694,0.25147309632399323,0.020847926829925072,0.001302995426870317,0.015717068520249577,0.6264620847767021,0.03915388029854388,728187716.449336,0.08304653241873061,4455.184136642537,0.28552305051445814,6448.671224469471,10749.877161387023,0.4031465565507302,0.002246021851389721,0.006872927531593201,3.9504138164788647,13.668370729841454,0.05137650210338813,0.013983335333186997,nan,nan,0.43234687060731025,0.05403906403978794,0.03608439182435161,0.16335201918258985,16.440654735490625,20.394307782297926,0.0,0.6907202275835295,0.0,0.0,0.0,0.0,0.0,-1.861536787245943,90.99335932731628,
