geometry,n_configurations,baseline,scenario,icc,beta,method,planned_repetitions,estimated_repetitions,estimability_rate,positive_support_count_a05,positive_support_rate_a05,positive_support_wilson_low_a05,positive_support_wilson_high_a05,positive_support_count_a001,positive_support_rate_a001,positive_support_wilson_low_a001,positive_support_wilson_high_a001
image_like,24,B1_design,additive_proxy_null,0.3,0.0,latent_ceiling,500,500,1.0,8,0.016,0.008129253033388314,0.03125110853339426,0,0.0,4.336808689942018e-19,0.007624340461552241
image_like,24,B1_design,additive_proxy_null,0.3,0.0,observable_oracle,500,500,1.0,12,0.024,0.013781314655496986,0.041477057463900756,0,0.0,4.336808689942018e-19,0.007624340461552241
image_like,24,B1_design,additive_proxy_null,0.3,0.0,learned_raw_d2,500,500,1.0,76,0.152,0.12319239267380164,0.18611414828743875,5,0.01,0.004278753896590496,0.023193099755730702
image_like,24,B1_design,additive_proxy_null,0.3,0.0,learned_rank_d2,500,500,1.0,85,0.17,0.13962036610396117,0.20541169860066333,5,0.01,0.004278753896590496,0.023193099755730702
image_like,24,B1_design,additive_proxy_null,0.8,0.0,latent_ceiling,500,500,1.0,5,0.01,0.004278753896590496,0.023193099755730702,0,0.0,4.336808689942018e-19,0.007624340461552241
image_like,24,B1_design,additive_proxy_null,0.8,0.0,observable_oracle,500,500,1.0,8,0.016,0.008129253033388314,0.03125110853339426,0,0.0,4.336808689942018e-19,0.007624340461552241
image_like,24,B1_design,additive_proxy_null,0.8,0.0,learned_raw_d2,500,500,1.0,76,0.152,0.12319239267380164,0.18611414828743875,5,0.01,0.004278753896590496,0.023193099755730702
image_like,24,B1_design,additive_proxy_null,0.8,0.0,learned_rank_d2,500,500,1.0,83,0.166,0.13595774323101012,0.2011353161973068,3,0.006,0.0020425962719602363,0.01749025210405338
image_like,24,B1_design,heteroskedastic_proxy_null,0.3,0.0,latent_ceiling,500,500,1.0,10,0.02,0.010899183596210813,0.036420183246879345,0,0.0,4.336808689942018e-19,0.007624340461552241
image_like,24,B1_design,heteroskedastic_proxy_null,0.3,0.0,observable_oracle,500,500,1.0,9,0.018,0.009498193296197078,0.033851670908739286,0,0.0,4.336808689942018e-19,0.007624340461552241
image_like,24,B1_design,heteroskedastic_proxy_null,0.3,0.0,learned_raw_d2,500,500,1.0,64,0.128,0.10152682399523652,0.16014568530815834,5,0.01,0.004278753896590496,0.023193099755730702
image_like,24,B1_design,heteroskedastic_proxy_null,0.3,0.0,learned_rank_d2,500,500,1.0,64,0.128,0.10152682399523652,0.16014568530815834,6,0.012,0.005510995174027703,0.025930361116447292
image_like,24,B1_design,heteroskedastic_proxy_null,0.8,0.0,latent_ceiling,500,500,1.0,11,0.022,0.012328008269927582,0.03896086121131637,0,0.0,4.336808689942018e-19,0.007624340461552241
image_like,24,B1_design,heteroskedastic_proxy_null,0.8,0.0,observable_oracle,500,500,1.0,12,0.024,0.013781314655496986,0.041477057463900756,1,0.002,0.00035313639455927456,0.011240706705146758
image_like,24,B1_design,heteroskedastic_proxy_null,0.8,0.0,learned_raw_d2,500,500,1.0,84,0.168,0.13778823297684417,0.20327432908962656,6,0.012,0.005510995174027703,0.025930361116447292
image_like,24,B1_design,heteroskedastic_proxy_null,0.8,0.0,learned_rank_d2,500,500,1.0,87,0.174,0.14328947208106416,0.20968159789986787,6,0.012,0.005510995174027703,0.025930361116447292
image_like,24,B1_design,independent_null,0.3,0.0,latent_ceiling,500,500,1.0,21,0.042,0.027632310108451703,0.06335158575433016,0,0.0,4.336808689942018e-19,0.007624340461552241
image_like,24,B1_design,independent_null,0.3,0.0,observable_oracle,500,500,1.0,14,0.028,0.01675097472075645,0.04644640267494888,1,0.002,0.00035313639455927456,0.011240706705146758
image_like,24,B1_design,independent_null,0.3,0.0,learned_raw_d2,500,500,1.0,80,0.16,0.13047637235016407,0.19470817916369149,5,0.01,0.004278753896590496,0.023193099755730702
image_like,24,B1_design,independent_null,0.3,0.0,learned_rank_d2,500,500,1.0,84,0.168,0.13778823297684417,0.20327432908962656,4,0.008,0.00311531518006224,0.020387035834105168
image_like,24,B1_design,independent_null,0.8,0.0,latent_ceiling,500,500,1.0,12,0.024,0.013781314655496986,0.041477057463900756,1,0.002,0.00035313639455927456,0.011240706705146758
image_like,24,B1_design,independent_null,0.8,0.0,observable_oracle,500,500,1.0,7,0.014,0.00679778979084349,0.02861306913778529,0,0.0,4.336808689942018e-19,0.007624340461552241
image_like,24,B1_design,independent_null,0.8,0.0,learned_raw_d2,500,500,1.0,86,0.172,0.1414541198436514,0.20754744749912687,5,0.01,0.004278753896590496,0.023193099755730702
image_like,24,B1_design,independent_null,0.8,0.0,learned_rank_d2,500,500,1.0,78,0.156,0.126830791403845,0.19041475483370296,8,0.016,0.008129253033388314,0.03125110853339426
image_like,24,B1_design,interaction_proxy_null,0.3,0.0,latent_ceiling,500,500,1.0,10,0.02,0.010899183596210813,0.036420183246879345,0,0.0,4.336808689942018e-19,0.007624340461552241
image_like,24,B1_design,interaction_proxy_null,0.3,0.0,observable_oracle,500,500,1.0,10,0.02,0.010899183596210813,0.036420183246879345,0,0.0,4.336808689942018e-19,0.007624340461552241
image_like,24,B1_design,interaction_proxy_null,0.3,0.0,learned_raw_d2,500,500,1.0,75,0.15,0.12137595769138819,0.18396108063169836,2,0.004,0.0010976305226827934,0.014465715215177033
image_like,24,B1_design,interaction_proxy_null,0.3,0.0,learned_rank_d2,500,500,1.0,76,0.152,0.12319239267380164,0.18611414828743875,3,0.006,0.0020425962719602363,0.01749025210405338
image_like,24,B1_design,interaction_proxy_null,0.8,0.0,latent_ceiling,500,500,1.0,11,0.022,0.012328008269927582,0.03896086121131637,0,0.0,4.336808689942018e-19,0.007624340461552241
image_like,24,B1_design,interaction_proxy_null,0.8,0.0,observable_oracle,500,500,1.0,12,0.024,0.013781314655496986,0.041477057463900756,0,0.0,4.336808689942018e-19,0.007624340461552241
image_like,24,B1_design,interaction_proxy_null,0.8,0.0,learned_raw_d2,500,500,1.0,64,0.128,0.10152682399523652,0.16014568530815834,5,0.01,0.004278753896590496,0.023193099755730702
image_like,24,B1_design,interaction_proxy_null,0.8,0.0,learned_rank_d2,500,500,1.0,68,0.136,0.10871544340723721,0.16883507644877283,8,0.016,0.008129253033388314,0.03125110853339426
image_like,24,B1_design,nonlinear_proxy_null,0.3,0.0,latent_ceiling,500,500,1.0,10,0.02,0.010899183596210813,0.036420183246879345,0,0.0,4.336808689942018e-19,0.007624340461552241
image_like,24,B1_design,nonlinear_proxy_null,0.3,0.0,observable_oracle,500,500,1.0,7,0.014,0.00679778979084349,0.02861306913778529,0,0.0,4.336808689942018e-19,0.007624340461552241
image_like,24,B1_design,nonlinear_proxy_null,0.3,0.0,learned_raw_d2,500,500,1.0,66,0.132,0.10511672384831994,0.1644947907313825,4,0.008,0.00311531518006224,0.020387035834105168
image_like,24,B1_design,nonlinear_proxy_null,0.3,0.0,learned_rank_d2,500,500,1.0,67,0.134,0.10691500187152081,0.16666601534633546,6,0.012,0.005510995174027703,0.025930361116447292
image_like,24,B1_design,nonlinear_proxy_null,0.8,0.0,latent_ceiling,500,500,1.0,11,0.022,0.012328008269927582,0.03896086121131637,0,0.0,4.336808689942018e-19,0.007624340461552241
image_like,24,B1_design,nonlinear_proxy_null,0.8,0.0,observable_oracle,500,500,1.0,8,0.016,0.008129253033388314,0.03125110853339426,0,0.0,4.336808689942018e-19,0.007624340461552241
image_like,24,B1_design,nonlinear_proxy_null,0.8,0.0,learned_raw_d2,500,500,1.0,70,0.14,0.11232266018786358,0.17316686494445405,5,0.01,0.004278753896590496,0.023193099755730702
image_like,24,B1_design,nonlinear_proxy_null,0.8,0.0,learned_rank_d2,500,500,1.0,72,0.144,0.11593807411034973,0.17749045629827542,7,0.014,0.00679778979084349,0.02861306913778529
image_like,24,B1_design,shared_signal,0.3,0.25,latent_ceiling,500,500,1.0,125,0.25,0.21404849674782103,0.2897636734829552,2,0.004,0.0010976305226827934,0.014465715215177033
image_like,24,B1_design,shared_signal,0.3,0.25,observable_oracle,500,500,1.0,57,0.114,0.08903690099400285,0.1448490898423155,0,0.0,4.336808689942018e-19,0.007624340461552241
image_like,24,B1_design,shared_signal,0.3,0.25,learned_raw_d2,500,500,1.0,156,0.312,0.27295294872528497,0.3539138032882587,11,0.022,0.012328008269927582,0.03896086121131637
image_like,24,B1_design,shared_signal,0.3,0.25,learned_rank_d2,500,500,1.0,144,0.288,0.250043271115854,0.32918944923984417,10,0.02,0.010899183596210813,0.036420183246879345
image_like,24,B1_design,shared_signal,0.3,0.5,latent_ceiling,500,500,1.0,366,0.732,0.6915162794621877,0.768946026563652,29,0.058,0.0406837291117572,0.08205618785625499
image_like,24,B1_design,shared_signal,0.3,0.5,observable_oracle,500,500,1.0,182,0.364,0.32301143591892645,0.4070623846866158,5,0.01,0.004278753896590496,0.023193099755730702
image_like,24,B1_design,shared_signal,0.3,0.5,learned_raw_d2,500,500,1.0,239,0.478,0.43455096039387586,0.5217845105864325,29,0.058,0.0406837291117572,0.08205618785625499
image_like,24,B1_design,shared_signal,0.3,0.5,learned_rank_d2,500,500,1.0,224,0.448,0.4049726694186174,0.4918202619893841,33,0.066,0.04737852635977387,0.09123940116085351
image_like,24,B1_design,shared_signal,0.8,0.25,latent_ceiling,500,500,1.0,126,0.252,0.21593384838137186,0.2918478244875581,1,0.002,0.00035313639455927456,0.011240706705146758
image_like,24,B1_design,shared_signal,0.8,0.25,observable_oracle,500,500,1.0,120,0.24,0.204637860033381,0.2793267970066262,7,0.014,0.00679778979084349,0.02861306913778529
image_like,24,B1_design,shared_signal,0.8,0.25,learned_raw_d2,500,500,1.0,188,0.376,0.3346400158192325,0.4192508206152326,25,0.05,0.034093745243849435,0.0727681611715476
image_like,24,B1_design,shared_signal,0.8,0.25,learned_rank_d2,500,500,1.0,168,0.336,0.29598800782704915,0.37851277584434007,21,0.042,0.027632310108451703,0.06335158575433016
image_like,24,B1_design,shared_signal,0.8,0.5,latent_ceiling,500,500,1.0,357,0.714,0.6728768354985485,0.7518599467839072,21,0.042,0.027632310108451703,0.06335158575433016
image_like,24,B1_design,shared_signal,0.8,0.5,observable_oracle,500,500,1.0,321,0.642,0.5990422907102082,0.682792396598711,20,0.04,0.026040797389777257,0.060973595834850805
image_like,24,B1_design,shared_signal,0.8,0.5,learned_raw_d2,500,500,1.0,320,0.64,0.597006617075836,0.6808585675949294,63,0.126,0.09973528894537706,0.15796771771986404
image_like,24,B1_design,shared_signal,0.8,0.5,learned_rank_d2,500,500,1.0,298,0.596,0.5524153513244502,0.6381207753069317,55,0.11,0.0854914151566031,0.14045557040340767
image_like,24,B2_training_state,additive_proxy_null,0.3,0.0,latent_ceiling,500,500,1.0,11,0.022,0.012328008269927582,0.03896086121131637,0,0.0,4.336808689942018e-19,0.007624340461552241
image_like,24,B2_training_state,additive_proxy_null,0.3,0.0,observable_oracle,500,500,1.0,13,0.026,0.015256383923327248,0.04397149083422428,0,0.0,4.336808689942018e-19,0.007624340461552241
image_like,24,B2_training_state,additive_proxy_null,0.3,0.0,learned_raw_d2,500,500,1.0,71,0.142,0.114129360445696,0.1753296673247754,2,0.004,0.0010976305226827934,0.014465715215177033
image_like,24,B2_training_state,additive_proxy_null,0.3,0.0,learned_rank_d2,500,500,1.0,79,0.158,0.1286526978644355,0.19256235101126623,3,0.006,0.0020425962719602363,0.01749025210405338
image_like,24,B2_training_state,additive_proxy_null,0.8,0.0,latent_ceiling,500,500,1.0,4,0.008,0.00311531518006224,0.020387035834105168,0,0.0,4.336808689942018e-19,0.007624340461552241
image_like,24,B2_training_state,additive_proxy_null,0.8,0.0,observable_oracle,500,500,1.0,9,0.018,0.009498193296197078,0.033851670908739286,0,0.0,4.336808689942018e-19,0.007624340461552241
image_like,24,B2_training_state,additive_proxy_null,0.8,0.0,learned_raw_d2,500,500,1.0,71,0.142,0.114129360445696,0.1753296673247754,5,0.01,0.004278753896590496,0.023193099755730702
image_like,24,B2_training_state,additive_proxy_null,0.8,0.0,learned_rank_d2,500,500,1.0,71,0.142,0.114129360445696,0.1753296673247754,5,0.01,0.004278753896590496,0.023193099755730702
image_like,24,B2_training_state,heteroskedastic_proxy_null,0.3,0.0,latent_ceiling,500,500,1.0,5,0.01,0.004278753896590496,0.023193099755730702,0,0.0,4.336808689942018e-19,0.007624340461552241
image_like,24,B2_training_state,heteroskedastic_proxy_null,0.3,0.0,observable_oracle,500,500,1.0,7,0.014,0.00679778979084349,0.02861306913778529,0,0.0,4.336808689942018e-19,0.007624340461552241
image_like,24,B2_training_state,heteroskedastic_proxy_null,0.3,0.0,learned_raw_d2,500,500,1.0,59,0.118,0.09259300825150649,0.14923198786111944,4,0.008,0.00311531518006224,0.020387035834105168
image_like,24,B2_training_state,heteroskedastic_proxy_null,0.3,0.0,learned_rank_d2,500,500,1.0,69,0.138,0.1105180088988837,0.17100201359528017,9,0.018,0.009498193296197078,0.033851670908739286
image_like,24,B2_training_state,heteroskedastic_proxy_null,0.8,0.0,latent_ceiling,500,500,1.0,12,0.024,0.013781314655496986,0.041477057463900756,0,0.0,4.336808689942018e-19,0.007624340461552241
image_like,24,B2_training_state,heteroskedastic_proxy_null,0.8,0.0,observable_oracle,500,500,1.0,15,0.03,0.018263213197913384,0.04890366683594573,0,0.0,4.336808689942018e-19,0.007624340461552241
image_like,24,B2_training_state,heteroskedastic_proxy_null,0.8,0.0,learned_raw_d2,500,500,1.0,77,0.154,0.1250106802783401,0.18826536332105404,4,0.008,0.00311531518006224,0.020387035834105168
image_like,24,B2_training_state,heteroskedastic_proxy_null,0.8,0.0,learned_rank_d2,500,500,1.0,75,0.15,0.12137595769138819,0.18396108063169836,2,0.004,0.0010976305226827934,0.014465715215177033
image_like,24,B2_training_state,independent_null,0.3,0.0,latent_ceiling,500,500,1.0,15,0.03,0.018263213197913384,0.04890366683594573,0,0.0,4.336808689942018e-19,0.007624340461552241
image_like,24,B2_training_state,independent_null,0.3,0.0,observable_oracle,500,500,1.0,18,0.036,0.02289106098029272,0.056184326968027755,0,0.0,4.336808689942018e-19,0.007624340461552241
image_like,24,B2_training_state,independent_null,0.3,0.0,learned_raw_d2,500,500,1.0,71,0.142,0.114129360445696,0.1753296673247754,3,0.006,0.0020425962719602363,0.01749025210405338
image_like,24,B2_training_state,independent_null,0.3,0.0,learned_rank_d2,500,500,1.0,74,0.148,0.1195614053892054,0.18180613029572734,5,0.01,0.004278753896590496,0.023193099755730702
image_like,24,B2_training_state,independent_null,0.8,0.0,latent_ceiling,500,500,1.0,13,0.026,0.015256383923327248,0.04397149083422428,0,0.0,4.336808689942018e-19,0.007624340461552241
image_like,24,B2_training_state,independent_null,0.8,0.0,observable_oracle,500,500,1.0,7,0.014,0.00679778979084349,0.02861306913778529,0,0.0,4.336808689942018e-19,0.007624340461552241
image_like,24,B2_training_state,independent_null,0.8,0.0,learned_raw_d2,500,500,1.0,69,0.138,0.1105180088988837,0.17100201359528017,6,0.012,0.005510995174027703,0.025930361116447292
image_like,24,B2_training_state,independent_null,0.8,0.0,learned_rank_d2,500,500,1.0,62,0.124,0.09794609113930344,0.15578741288778383,6,0.012,0.005510995174027703,0.025930361116447292
image_like,24,B2_training_state,interaction_proxy_null,0.3,0.0,latent_ceiling,500,500,1.0,12,0.024,0.013781314655496986,0.041477057463900756,0,0.0,4.336808689942018e-19,0.007624340461552241
image_like,24,B2_training_state,interaction_proxy_null,0.3,0.0,observable_oracle,500,500,1.0,11,0.022,0.012328008269927582,0.03896086121131637,0,0.0,4.336808689942018e-19,0.007624340461552241
image_like,24,B2_training_state,interaction_proxy_null,0.3,0.0,learned_raw_d2,500,500,1.0,82,0.164,0.13412892031587176,0.1989946364742914,8,0.016,0.008129253033388314,0.03125110853339426
image_like,24,B2_training_state,interaction_proxy_null,0.3,0.0,learned_rank_d2,500,500,1.0,81,0.162,0.13230178838983928,0.19685226576217005,5,0.01,0.004278753896590496,0.023193099755730702
image_like,24,B2_training_state,interaction_proxy_null,0.8,0.0,latent_ceiling,500,500,1.0,15,0.03,0.018263213197913384,0.04890366683594573,0,0.0,4.336808689942018e-19,0.007624340461552241
image_like,24,B2_training_state,interaction_proxy_null,0.8,0.0,observable_oracle,500,500,1.0,12,0.024,0.013781314655496986,0.041477057463900756,0,0.0,4.336808689942018e-19,0.007624340461552241
image_like,24,B2_training_state,interaction_proxy_null,0.8,0.0,learned_raw_d2,500,500,1.0,70,0.14,0.11232266018786358,0.17316686494445405,7,0.014,0.00679778979084349,0.02861306913778529
image_like,24,B2_training_state,interaction_proxy_null,0.8,0.0,learned_rank_d2,500,500,1.0,65,0.13,0.10332065036463456,0.16232136157691412,8,0.016,0.008129253033388314,0.03125110853339426
image_like,24,B2_training_state,nonlinear_proxy_null,0.3,0.0,latent_ceiling,500,500,1.0,7,0.014,0.00679778979084349,0.02861306913778529,0,0.0,4.336808689942018e-19,0.007624340461552241
image_like,24,B2_training_state,nonlinear_proxy_null,0.3,0.0,observable_oracle,500,500,1.0,11,0.022,0.012328008269927582,0.03896086121131637,0,0.0,4.336808689942018e-19,0.007624340461552241
image_like,24,B2_training_state,nonlinear_proxy_null,0.3,0.0,learned_raw_d2,500,500,1.0,61,0.122,0.0961592783150937,0.15360472307383977,0,0.0,4.336808689942018e-19,0.007624340461552241
image_like,24,B2_training_state,nonlinear_proxy_null,0.3,0.0,learned_rank_d2,500,500,1.0,63,0.126,0.09973528894537706,0.15796771771986404,4,0.008,0.00311531518006224,0.020387035834105168
image_like,24,B2_training_state,nonlinear_proxy_null,0.8,0.0,latent_ceiling,500,500,1.0,9,0.018,0.009498193296197078,0.033851670908739286,0,0.0,4.336808689942018e-19,0.007624340461552241
image_like,24,B2_training_state,nonlinear_proxy_null,0.8,0.0,observable_oracle,500,500,1.0,7,0.014,0.00679778979084349,0.02861306913778529,0,0.0,4.336808689942018e-19,0.007624340461552241
image_like,24,B2_training_state,nonlinear_proxy_null,0.8,0.0,learned_raw_d2,500,500,1.0,78,0.156,0.126830791403845,0.19041475483370296,5,0.01,0.004278753896590496,0.023193099755730702
image_like,24,B2_training_state,nonlinear_proxy_null,0.8,0.0,learned_rank_d2,500,500,1.0,76,0.152,0.12319239267380164,0.18611414828743875,4,0.008,0.00311531518006224,0.020387035834105168
image_like,24,B2_training_state,shared_signal,0.3,0.25,latent_ceiling,500,500,1.0,141,0.282,0.2443364332272433,0.32298777921399346,0,0.0,4.336808689942018e-19,0.007624340461552241
image_like,24,B2_training_state,shared_signal,0.3,0.25,observable_oracle,500,500,1.0,60,0.12,0.09437490012636912,0.1514195986244106,1,0.002,0.00035313639455927456,0.011240706705146758
image_like,24,B2_training_state,shared_signal,0.3,0.25,learned_raw_d2,500,500,1.0,135,0.27,0.2329485392031058,0.3105586574092084,14,0.028,0.01675097472075645,0.04644640267494888
image_like,24,B2_training_state,shared_signal,0.3,0.25,learned_rank_d2,500,500,1.0,133,0.266,0.2291604018204711,0.30640778951553543,10,0.02,0.010899183596210813,0.036420183246879345
image_like,24,B2_training_state,shared_signal,0.3,0.5,latent_ceiling,500,500,1.0,376,0.752,0.7123215407533253,0.7878357916540525,29,0.058,0.0406837291117572,0.08205618785625499
image_like,24,B2_training_state,shared_signal,0.3,0.5,observable_oracle,500,500,1.0,183,0.366,0.32494760488221347,0.40909571836148256,7,0.014,0.00679778979084349,0.02861306913778529
image_like,24,B2_training_state,shared_signal,0.3,0.5,learned_raw_d2,500,500,1.0,202,0.404,0.36187922469306827,0.44758464867554987,29,0.058,0.0406837291117572,0.08205618785625499
image_like,24,B2_training_state,shared_signal,0.3,0.5,learned_rank_d2,500,500,1.0,194,0.388,0.3462960293500537,0.4314118229133341,24,0.048,0.03246520694135317,0.07042719683589006
image_like,24,B2_training_state,shared_signal,0.8,0.25,latent_ceiling,500,500,1.0,132,0.264,0.22726783141305193,0.3043308572848008,1,0.002,0.00035313639455927456,0.011240706705146758
image_like,24,B2_training_state,shared_signal,0.8,0.25,observable_oracle,500,500,1.0,121,0.242,0.20651780855112864,0.28141635112703234,5,0.01,0.004278753896590496,0.023193099755730702
image_like,24,B2_training_state,shared_signal,0.8,0.25,learned_raw_d2,500,500,1.0,153,0.306,0.26721346373113636,0.3477447803679459,12,0.024,0.013781314655496986,0.041477057463900756
image_like,24,B2_training_state,shared_signal,0.8,0.25,learned_rank_d2,500,500,1.0,141,0.282,0.2443364332272433,0.32298777921399346,14,0.028,0.01675097472075645,0.04644640267494888
image_like,24,B2_training_state,shared_signal,0.8,0.5,latent_ceiling,500,500,1.0,375,0.75,0.7102363265170449,0.785951503252179,24,0.048,0.03246520694135317,0.07042719683589006
image_like,24,B2_training_state,shared_signal,0.8,0.5,observable_oracle,500,500,1.0,343,0.686,0.6440316011844003,0.7251321441639025,19,0.038,0.024460118055830385,0.05858477253064388
image_like,24,B2_training_state,shared_signal,0.8,0.5,learned_raw_d2,500,500,1.0,302,0.604,0.5604958406867544,0.6459182964972427,49,0.098,0.07492391886460623,0.12720605086648182
image_like,24,B2_training_state,shared_signal,0.8,0.5,learned_rank_d2,500,500,1.0,276,0.552,0.508179738010616,0.5950273305813826,44,0.088,0.06620598447492893,0.11607647206539012
image_like,24,B3_validation,additive_proxy_null,0.3,0.0,latent_ceiling,500,500,1.0,15,0.03,0.018263213197913384,0.04890366683594573,0,0.0,4.336808689942018e-19,0.007624340461552241
image_like,24,B3_validation,additive_proxy_null,0.3,0.0,observable_oracle,500,500,1.0,13,0.026,0.015256383923327248,0.04397149083422428,0,0.0,4.336808689942018e-19,0.007624340461552241
image_like,24,B3_validation,additive_proxy_null,0.3,0.0,learned_raw_d2,500,500,1.0,73,0.146,0.11774876682646929,0.1796492662203097,4,0.008,0.00311531518006224,0.020387035834105168
image_like,24,B3_validation,additive_proxy_null,0.3,0.0,learned_rank_d2,500,500,1.0,63,0.126,0.09973528894537706,0.15796771771986404,4,0.008,0.00311531518006224,0.020387035834105168
image_like,24,B3_validation,additive_proxy_null,0.8,0.0,latent_ceiling,500,500,1.0,5,0.01,0.004278753896590496,0.023193099755730702,0,0.0,4.336808689942018e-19,0.007624340461552241
image_like,24,B3_validation,additive_proxy_null,0.8,0.0,observable_oracle,500,500,1.0,11,0.022,0.012328008269927582,0.03896086121131637,0,0.0,4.336808689942018e-19,0.007624340461552241
image_like,24,B3_validation,additive_proxy_null,0.8,0.0,learned_raw_d2,500,500,1.0,72,0.144,0.11593807411034973,0.17749045629827542,4,0.008,0.00311531518006224,0.020387035834105168
image_like,24,B3_validation,additive_proxy_null,0.8,0.0,learned_rank_d2,500,500,1.0,75,0.15,0.12137595769138819,0.18396108063169836,4,0.008,0.00311531518006224,0.020387035834105168
image_like,24,B3_validation,heteroskedastic_proxy_null,0.3,0.0,latent_ceiling,500,500,1.0,5,0.01,0.004278753896590496,0.023193099755730702,0,0.0,4.336808689942018e-19,0.007624340461552241
image_like,24,B3_validation,heteroskedastic_proxy_null,0.3,0.0,observable_oracle,500,500,1.0,8,0.016,0.008129253033388314,0.03125110853339426,0,0.0,4.336808689942018e-19,0.007624340461552241
image_like,24,B3_validation,heteroskedastic_proxy_null,0.3,0.0,learned_raw_d2,500,500,1.0,54,0.108,0.08372280963705037,0.13825467328480662,4,0.008,0.00311531518006224,0.020387035834105168
image_like,24,B3_validation,heteroskedastic_proxy_null,0.3,0.0,learned_rank_d2,500,500,1.0,76,0.152,0.12319239267380164,0.18611414828743875,0,0.0,4.336808689942018e-19,0.007624340461552241
image_like,24,B3_validation,heteroskedastic_proxy_null,0.8,0.0,latent_ceiling,500,500,1.0,10,0.02,0.010899183596210813,0.036420183246879345,0,0.0,4.336808689942018e-19,0.007624340461552241
image_like,24,B3_validation,heteroskedastic_proxy_null,0.8,0.0,observable_oracle,500,500,1.0,13,0.026,0.015256383923327248,0.04397149083422428,0,0.0,4.336808689942018e-19,0.007624340461552241
image_like,24,B3_validation,heteroskedastic_proxy_null,0.8,0.0,learned_raw_d2,500,500,1.0,69,0.138,0.1105180088988837,0.17100201359528017,4,0.008,0.00311531518006224,0.020387035834105168
image_like,24,B3_validation,heteroskedastic_proxy_null,0.8,0.0,learned_rank_d2,500,500,1.0,73,0.146,0.11774876682646929,0.1796492662203097,2,0.004,0.0010976305226827934,0.014465715215177033
image_like,24,B3_validation,independent_null,0.3,0.0,latent_ceiling,500,500,1.0,18,0.036,0.02289106098029272,0.056184326968027755,0,0.0,4.336808689942018e-19,0.007624340461552241
image_like,24,B3_validation,independent_null,0.3,0.0,observable_oracle,500,500,1.0,12,0.024,0.013781314655496986,0.041477057463900756,0,0.0,4.336808689942018e-19,0.007624340461552241
image_like,24,B3_validation,independent_null,0.3,0.0,learned_raw_d2,500,500,1.0,68,0.136,0.10871544340723721,0.16883507644877283,6,0.012,0.005510995174027703,0.025930361116447292
image_like,24,B3_validation,independent_null,0.3,0.0,learned_rank_d2,500,500,1.0,68,0.136,0.10871544340723721,0.16883507644877283,4,0.008,0.00311531518006224,0.020387035834105168
image_like,24,B3_validation,independent_null,0.8,0.0,latent_ceiling,500,500,1.0,12,0.024,0.013781314655496986,0.041477057463900756,0,0.0,4.336808689942018e-19,0.007624340461552241
image_like,24,B3_validation,independent_null,0.8,0.0,observable_oracle,500,500,1.0,8,0.016,0.008129253033388314,0.03125110853339426,0,0.0,4.336808689942018e-19,0.007624340461552241
image_like,24,B3_validation,independent_null,0.8,0.0,learned_raw_d2,500,500,1.0,75,0.15,0.12137595769138819,0.18396108063169836,5,0.01,0.004278753896590496,0.023193099755730702
image_like,24,B3_validation,independent_null,0.8,0.0,learned_rank_d2,500,500,1.0,62,0.124,0.09794609113930344,0.15578741288778383,5,0.01,0.004278753896590496,0.023193099755730702
image_like,24,B3_validation,interaction_proxy_null,0.3,0.0,latent_ceiling,500,500,1.0,13,0.026,0.015256383923327248,0.04397149083422428,0,0.0,4.336808689942018e-19,0.007624340461552241
image_like,24,B3_validation,interaction_proxy_null,0.3,0.0,observable_oracle,500,500,1.0,13,0.026,0.015256383923327248,0.04397149083422428,0,0.0,4.336808689942018e-19,0.007624340461552241
image_like,24,B3_validation,interaction_proxy_null,0.3,0.0,learned_raw_d2,500,500,1.0,83,0.166,0.13595774323101012,0.2011353161973068,5,0.01,0.004278753896590496,0.023193099755730702
image_like,24,B3_validation,interaction_proxy_null,0.3,0.0,learned_rank_d2,500,500,1.0,77,0.154,0.1250106802783401,0.18826536332105404,2,0.004,0.0010976305226827934,0.014465715215177033
image_like,24,B3_validation,interaction_proxy_null,0.8,0.0,latent_ceiling,500,500,1.0,6,0.012,0.005510995174027703,0.025930361116447292,0,0.0,4.336808689942018e-19,0.007624340461552241
image_like,24,B3_validation,interaction_proxy_null,0.8,0.0,observable_oracle,500,500,1.0,9,0.018,0.009498193296197078,0.033851670908739286,1,0.002,0.00035313639455927456,0.011240706705146758
image_like,24,B3_validation,interaction_proxy_null,0.8,0.0,learned_raw_d2,500,500,1.0,67,0.134,0.10691500187152081,0.16666601534633546,5,0.01,0.004278753896590496,0.023193099755730702
image_like,24,B3_validation,interaction_proxy_null,0.8,0.0,learned_rank_d2,500,500,1.0,71,0.142,0.114129360445696,0.1753296673247754,7,0.014,0.00679778979084349,0.02861306913778529
image_like,24,B3_validation,nonlinear_proxy_null,0.3,0.0,latent_ceiling,500,500,1.0,8,0.016,0.008129253033388314,0.03125110853339426,0,0.0,4.336808689942018e-19,0.007624340461552241
image_like,24,B3_validation,nonlinear_proxy_null,0.3,0.0,observable_oracle,500,500,1.0,9,0.018,0.009498193296197078,0.033851670908739286,0,0.0,4.336808689942018e-19,0.007624340461552241
image_like,24,B3_validation,nonlinear_proxy_null,0.3,0.0,learned_raw_d2,500,500,1.0,64,0.128,0.10152682399523652,0.16014568530815834,1,0.002,0.00035313639455927456,0.011240706705146758
image_like,24,B3_validation,nonlinear_proxy_null,0.3,0.0,learned_rank_d2,500,500,1.0,69,0.138,0.1105180088988837,0.17100201359528017,1,0.002,0.00035313639455927456,0.011240706705146758
image_like,24,B3_validation,nonlinear_proxy_null,0.8,0.0,latent_ceiling,500,500,1.0,12,0.024,0.013781314655496986,0.041477057463900756,0,0.0,4.336808689942018e-19,0.007624340461552241
image_like,24,B3_validation,nonlinear_proxy_null,0.8,0.0,observable_oracle,500,500,1.0,8,0.016,0.008129253033388314,0.03125110853339426,0,0.0,4.336808689942018e-19,0.007624340461552241
image_like,24,B3_validation,nonlinear_proxy_null,0.8,0.0,learned_raw_d2,500,500,1.0,67,0.134,0.10691500187152081,0.16666601534633546,7,0.014,0.00679778979084349,0.02861306913778529
image_like,24,B3_validation,nonlinear_proxy_null,0.8,0.0,learned_rank_d2,500,500,1.0,72,0.144,0.11593807411034973,0.17749045629827542,7,0.014,0.00679778979084349,0.02861306913778529
image_like,24,B3_validation,shared_signal,0.3,0.25,latent_ceiling,500,500,1.0,152,0.304,0.26530206305726467,0.34568667840366385,1,0.002,0.00035313639455927456,0.011240706705146758
image_like,24,B3_validation,shared_signal,0.3,0.25,observable_oracle,500,500,1.0,70,0.14,0.11232266018786358,0.17316686494445405,1,0.002,0.00035313639455927456,0.011240706705146758
image_like,24,B3_validation,shared_signal,0.3,0.25,learned_raw_d2,500,500,1.0,134,0.268,0.23105397343634806,0.30848372053781226,6,0.012,0.005510995174027703,0.025930361116447292
image_like,24,B3_validation,shared_signal,0.3,0.25,learned_rank_d2,500,500,1.0,131,0.262,0.22537626941723765,0.30225291664246134,7,0.014,0.00679778979084349,0.02861306913778529
image_like,24,B3_validation,shared_signal,0.3,0.5,latent_ceiling,500,500,1.0,380,0.76,0.7206732029933738,0.7953621399666191,35,0.07,0.0507597429450181,0.09579718985191686
image_like,24,B3_validation,shared_signal,0.3,0.5,observable_oracle,500,500,1.0,202,0.404,0.36187922469306827,0.44758464867554987,8,0.016,0.008129253033388314,0.03125110853339426
image_like,24,B3_validation,shared_signal,0.3,0.5,learned_raw_d2,500,500,1.0,212,0.424,0.381424117793864,0.46773478195629203,29,0.058,0.0406837291117572,0.08205618785625499
image_like,24,B3_validation,shared_signal,0.3,0.5,learned_rank_d2,500,500,1.0,183,0.366,0.32494760488221347,0.40909571836148256,23,0.046,0.030845108370816204,0.06807779276827323
image_like,24,B3_validation,shared_signal,0.8,0.25,latent_ceiling,500,500,1.0,143,0.286,0.24814005321609287,0.3271231645014515,2,0.004,0.0010976305226827934,0.014465715215177033
image_like,24,B3_validation,shared_signal,0.8,0.25,observable_oracle,500,500,1.0,131,0.262,0.22537626941723765,0.30225291664246134,6,0.012,0.005510995174027703,0.025930361116447292
image_like,24,B3_validation,shared_signal,0.8,0.25,learned_raw_d2,500,500,1.0,162,0.324,0.2844552822318157,0.3662284856106508,20,0.04,0.026040797389777257,0.060973595834850805
image_like,24,B3_validation,shared_signal,0.8,0.25,learned_rank_d2,500,500,1.0,138,0.276,0.23863813294339814,0.31677757158337744,21,0.042,0.027632310108451703,0.06335158575433016
image_like,24,B3_validation,shared_signal,0.8,0.5,latent_ceiling,500,500,1.0,387,0.774,0.7353316422926235,0.8084902191344461,24,0.048,0.03246520694135317,0.07042719683589006
image_like,24,B3_validation,shared_signal,0.8,0.5,observable_oracle,500,500,1.0,358,0.716,0.674944056876268,0.7537622280443413,20,0.04,0.026040797389777257,0.060973595834850805
image_like,24,B3_validation,shared_signal,0.8,0.5,learned_raw_d2,500,500,1.0,298,0.596,0.5524153513244502,0.6381207753069317,48,0.096,0.07317350466541904,0.12498696242751521
image_like,24,B3_validation,shared_signal,0.8,0.5,learned_rank_d2,500,500,1.0,269,0.538,0.494176845283715,0.581243704841207,48,0.096,0.07317350466541904,0.12498696242751521
image_like,48,B1_design,additive_proxy_null,0.3,0.0,latent_ceiling,500,500,1.0,12,0.024,0.013781314655496986,0.041477057463900756,0,0.0,4.336808689942018e-19,0.007624340461552241
image_like,48,B1_design,additive_proxy_null,0.3,0.0,observable_oracle,500,500,1.0,10,0.02,0.010899183596210813,0.036420183246879345,0,0.0,4.336808689942018e-19,0.007624340461552241
image_like,48,B1_design,additive_proxy_null,0.3,0.0,learned_raw_d2,500,500,1.0,71,0.142,0.114129360445696,0.1753296673247754,7,0.014,0.00679778979084349,0.02861306913778529
image_like,48,B1_design,additive_proxy_null,0.3,0.0,learned_rank_d2,500,500,1.0,67,0.134,0.10691500187152081,0.16666601534633546,5,0.01,0.004278753896590496,0.023193099755730702
image_like,48,B1_design,additive_proxy_null,0.8,0.0,latent_ceiling,500,500,1.0,15,0.03,0.018263213197913384,0.04890366683594573,0,0.0,4.336808689942018e-19,0.007624340461552241
image_like,48,B1_design,additive_proxy_null,0.8,0.0,observable_oracle,500,500,1.0,9,0.018,0.009498193296197078,0.033851670908739286,0,0.0,4.336808689942018e-19,0.007624340461552241
image_like,48,B1_design,additive_proxy_null,0.8,0.0,learned_raw_d2,500,500,1.0,44,0.088,0.06620598447492893,0.11607647206539012,9,0.018,0.009498193296197078,0.033851670908739286
image_like,48,B1_design,additive_proxy_null,0.8,0.0,learned_rank_d2,500,500,1.0,50,0.1,0.07667756273730172,0.1294219096319401,9,0.018,0.009498193296197078,0.033851670908739286
image_like,48,B1_design,heteroskedastic_proxy_null,0.3,0.0,latent_ceiling,500,500,1.0,12,0.024,0.013781314655496986,0.041477057463900756,1,0.002,0.00035313639455927456,0.011240706705146758
image_like,48,B1_design,heteroskedastic_proxy_null,0.3,0.0,observable_oracle,500,500,1.0,13,0.026,0.015256383923327248,0.04397149083422428,0,0.0,4.336808689942018e-19,0.007624340461552241
image_like,48,B1_design,heteroskedastic_proxy_null,0.3,0.0,learned_raw_d2,500,500,1.0,70,0.14,0.11232266018786358,0.17316686494445405,9,0.018,0.009498193296197078,0.033851670908739286
image_like,48,B1_design,heteroskedastic_proxy_null,0.3,0.0,learned_rank_d2,500,500,1.0,76,0.152,0.12319239267380164,0.18611414828743875,6,0.012,0.005510995174027703,0.025930361116447292
image_like,48,B1_design,heteroskedastic_proxy_null,0.8,0.0,latent_ceiling,500,500,1.0,14,0.028,0.01675097472075645,0.04644640267494888,0,0.0,4.336808689942018e-19,0.007624340461552241
image_like,48,B1_design,heteroskedastic_proxy_null,0.8,0.0,observable_oracle,500,500,1.0,11,0.022,0.012328008269927582,0.03896086121131637,0,0.0,4.336808689942018e-19,0.007624340461552241
image_like,48,B1_design,heteroskedastic_proxy_null,0.8,0.0,learned_raw_d2,500,500,1.0,60,0.12,0.09437490012636912,0.1514195986244106,7,0.014,0.00679778979084349,0.02861306913778529
image_like,48,B1_design,heteroskedastic_proxy_null,0.8,0.0,learned_rank_d2,500,500,1.0,60,0.12,0.09437490012636912,0.1514195986244106,10,0.02,0.010899183596210813,0.036420183246879345
image_like,48,B1_design,independent_null,0.3,0.0,latent_ceiling,500,500,1.0,12,0.024,0.013781314655496986,0.041477057463900756,0,0.0,4.336808689942018e-19,0.007624340461552241
image_like,48,B1_design,independent_null,0.3,0.0,observable_oracle,500,500,1.0,12,0.024,0.013781314655496986,0.041477057463900756,0,0.0,4.336808689942018e-19,0.007624340461552241
image_like,48,B1_design,independent_null,0.3,0.0,learned_raw_d2,500,500,1.0,61,0.122,0.0961592783150937,0.15360472307383977,7,0.014,0.00679778979084349,0.02861306913778529
image_like,48,B1_design,independent_null,0.3,0.0,learned_rank_d2,500,500,1.0,55,0.11,0.0854914151566031,0.14045557040340767,5,0.01,0.004278753896590496,0.023193099755730702
image_like,48,B1_design,independent_null,0.8,0.0,latent_ceiling,500,500,1.0,3,0.006,0.0020425962719602363,0.01749025210405338,0,0.0,4.336808689942018e-19,0.007624340461552241
image_like,48,B1_design,independent_null,0.8,0.0,observable_oracle,500,500,1.0,8,0.016,0.008129253033388314,0.03125110853339426,0,0.0,4.336808689942018e-19,0.007624340461552241
image_like,48,B1_design,independent_null,0.8,0.0,learned_raw_d2,500,500,1.0,55,0.11,0.0854914151566031,0.14045557040340767,4,0.008,0.00311531518006224,0.020387035834105168
image_like,48,B1_design,independent_null,0.8,0.0,learned_rank_d2,500,500,1.0,48,0.096,0.07317350466541904,0.12498696242751521,4,0.008,0.00311531518006224,0.020387035834105168
image_like,48,B1_design,interaction_proxy_null,0.3,0.0,latent_ceiling,500,500,1.0,8,0.016,0.008129253033388314,0.03125110853339426,0,0.0,4.336808689942018e-19,0.007624340461552241
image_like,48,B1_design,interaction_proxy_null,0.3,0.0,observable_oracle,500,500,1.0,9,0.018,0.009498193296197078,0.033851670908739286,0,0.0,4.336808689942018e-19,0.007624340461552241
image_like,48,B1_design,interaction_proxy_null,0.3,0.0,learned_raw_d2,500,500,1.0,51,0.102,0.07843435210316954,0.13163462290422606,2,0.004,0.0010976305226827934,0.014465715215177033
image_like,48,B1_design,interaction_proxy_null,0.3,0.0,learned_rank_d2,500,500,1.0,69,0.138,0.1105180088988837,0.17100201359528017,8,0.016,0.008129253033388314,0.03125110853339426
image_like,48,B1_design,interaction_proxy_null,0.8,0.0,latent_ceiling,500,500,1.0,17,0.034,0.02133451980853219,0.053771365501634506,0,0.0,4.336808689942018e-19,0.007624340461552241
image_like,48,B1_design,interaction_proxy_null,0.8,0.0,observable_oracle,500,500,1.0,18,0.036,0.02289106098029272,0.056184326968027755,0,0.0,4.336808689942018e-19,0.007624340461552241
image_like,48,B1_design,interaction_proxy_null,0.8,0.0,learned_raw_d2,500,500,1.0,55,0.11,0.0854914151566031,0.14045557040340767,4,0.008,0.00311531518006224,0.020387035834105168
image_like,48,B1_design,interaction_proxy_null,0.8,0.0,learned_rank_d2,500,500,1.0,65,0.13,0.10332065036463456,0.16232136157691412,5,0.01,0.004278753896590496,0.023193099755730702
image_like,48,B1_design,nonlinear_proxy_null,0.3,0.0,latent_ceiling,500,500,1.0,15,0.03,0.018263213197913384,0.04890366683594573,0,0.0,4.336808689942018e-19,0.007624340461552241
image_like,48,B1_design,nonlinear_proxy_null,0.3,0.0,observable_oracle,500,500,1.0,17,0.034,0.02133451980853219,0.053771365501634506,0,0.0,4.336808689942018e-19,0.007624340461552241
image_like,48,B1_design,nonlinear_proxy_null,0.3,0.0,learned_raw_d2,500,500,1.0,62,0.124,0.09794609113930344,0.15578741288778383,6,0.012,0.005510995174027703,0.025930361116447292
image_like,48,B1_design,nonlinear_proxy_null,0.3,0.0,learned_rank_d2,500,500,1.0,62,0.124,0.09794609113930344,0.15578741288778383,4,0.008,0.00311531518006224,0.020387035834105168
image_like,48,B1_design,nonlinear_proxy_null,0.8,0.0,latent_ceiling,500,500,1.0,6,0.012,0.005510995174027703,0.025930361116447292,0,0.0,4.336808689942018e-19,0.007624340461552241
image_like,48,B1_design,nonlinear_proxy_null,0.8,0.0,observable_oracle,500,500,1.0,8,0.016,0.008129253033388314,0.03125110853339426,0,0.0,4.336808689942018e-19,0.007624340461552241
image_like,48,B1_design,nonlinear_proxy_null,0.8,0.0,learned_raw_d2,500,500,1.0,59,0.118,0.09259300825150649,0.14923198786111944,5,0.01,0.004278753896590496,0.023193099755730702
image_like,48,B1_design,nonlinear_proxy_null,0.8,0.0,learned_rank_d2,500,500,1.0,52,0.104,0.08019420676989107,0.1338442708756583,6,0.012,0.005510995174027703,0.025930361116447292
image_like,48,B1_design,shared_signal,0.3,0.25,latent_ceiling,500,500,1.0,277,0.554,0.5101829628154826,0.5969936084146699,20,0.04,0.026040797389777257,0.060973595834850805
image_like,48,B1_design,shared_signal,0.3,0.25,observable_oracle,500,500,1.0,140,0.28,0.2424360430412755,0.3209186667618076,7,0.014,0.00679778979084349,0.02861306913778529
image_like,48,B1_design,shared_signal,0.3,0.25,learned_raw_d2,500,500,1.0,176,0.352,0.31141084189074275,0.3948459628858768,32,0.064,0.04569601604478943,0.08895240883768415
image_like,48,B1_design,shared_signal,0.3,0.25,learned_rank_d2,500,500,1.0,169,0.338,0.29791302434501227,0.3805572619645308,31,0.062,0.044019209142681565,0.08665971310163822
image_like,48,B1_design,shared_signal,0.3,0.5,latent_ceiling,500,500,1.0,487,0.974,0.9560285091657758,0.9847436160766728,232,0.464,0.42072818700752684,0.5078207655057051
image_like,48,B1_design,shared_signal,0.3,0.5,observable_oracle,500,500,1.0,360,0.72,0.6790813332381924,0.7575639569587245,54,0.108,0.08372280963705037,0.13825467328480662
image_like,48,B1_design,shared_signal,0.3,0.5,learned_raw_d2,500,500,1.0,347,0.694,0.652255219632054,0.7327865362688636,101,0.202,0.16914122067557874,0.23940288623950645
image_like,48,B1_design,shared_signal,0.3,0.5,learned_rank_d2,500,500,1.0,327,0.654,0.6112729349259212,0.6943787682119209,99,0.198,0.1654311225691935,0.2351739790695841
image_like,48,B1_design,shared_signal,0.8,0.25,latent_ceiling,500,500,1.0,292,0.584,0.5403165775956056,0.6264025332068537,32,0.064,0.04569601604478943,0.08895240883768415
image_like,48,B1_design,shared_signal,0.8,0.25,observable_oracle,500,500,1.0,260,0.52,0.47622345295527013,0.5634715734262677,31,0.062,0.044019209142681565,0.08665971310163822
image_like,48,B1_design,shared_signal,0.8,0.25,learned_raw_d2,500,500,1.0,264,0.528,0.48419577166421596,0.5713772652699372,71,0.142,0.114129360445696,0.1753296673247754
image_like,48,B1_design,shared_signal,0.8,0.25,learned_rank_d2,500,500,1.0,260,0.52,0.47622345295527013,0.5634715734262677,78,0.156,0.126830791403845,0.19041475483370296
image_like,48,B1_design,shared_signal,0.8,0.5,latent_ceiling,500,500,1.0,485,0.97,0.9510963331640543,0.9817367868020865,227,0.454,0.4108757266738578,0.49782571264860515
image_like,48,B1_design,shared_signal,0.8,0.5,observable_oracle,500,500,1.0,474,0.948,0.9248988560621544,0.9642697348842947,185,0.37,0.32882226377423945,0.4131600647457642
image_like,48,B1_design,shared_signal,0.8,0.5,learned_raw_d2,500,500,1.0,429,0.858,0.8246703326752246,0.885870639554304,234,0.468,0.4246740659219794,0.5118138918675601
image_like,48,B1_design,shared_signal,0.8,0.5,learned_rank_d2,500,500,1.0,423,0.846,0.811734636678946,0.8749893197216598,211,0.422,0.37946637498097113,0.4657230221310311
image_like,48,B2_training_state,additive_proxy_null,0.3,0.0,latent_ceiling,500,500,1.0,13,0.026,0.015256383923327248,0.04397149083422428,0,0.0,4.336808689942018e-19,0.007624340461552241
image_like,48,B2_training_state,additive_proxy_null,0.3,0.0,observable_oracle,500,500,1.0,9,0.018,0.009498193296197078,0.033851670908739286,0,0.0,4.336808689942018e-19,0.007624340461552241
image_like,48,B2_training_state,additive_proxy_null,0.3,0.0,learned_raw_d2,500,500,1.0,66,0.132,0.10511672384831994,0.1644947907313825,10,0.02,0.010899183596210813,0.036420183246879345
image_like,48,B2_training_state,additive_proxy_null,0.3,0.0,learned_rank_d2,500,500,1.0,63,0.126,0.09973528894537706,0.15796771771986404,7,0.014,0.00679778979084349,0.02861306913778529
image_like,48,B2_training_state,additive_proxy_null,0.8,0.0,latent_ceiling,500,500,1.0,13,0.026,0.015256383923327248,0.04397149083422428,0,0.0,4.336808689942018e-19,0.007624340461552241
image_like,48,B2_training_state,additive_proxy_null,0.8,0.0,observable_oracle,500,500,1.0,10,0.02,0.010899183596210813,0.036420183246879345,0,0.0,4.336808689942018e-19,0.007624340461552241
image_like,48,B2_training_state,additive_proxy_null,0.8,0.0,learned_raw_d2,500,500,1.0,68,0.136,0.10871544340723721,0.16883507644877283,9,0.018,0.009498193296197078,0.033851670908739286
image_like,48,B2_training_state,additive_proxy_null,0.8,0.0,learned_rank_d2,500,500,1.0,64,0.128,0.10152682399523652,0.16014568530815834,8,0.016,0.008129253033388314,0.03125110853339426
image_like,48,B2_training_state,heteroskedastic_proxy_null,0.3,0.0,latent_ceiling,500,500,1.0,16,0.032,0.019791513626571118,0.051344869045441784,0,0.0,4.336808689942018e-19,0.007624340461552241
image_like,48,B2_training_state,heteroskedastic_proxy_null,0.3,0.0,observable_oracle,500,500,1.0,14,0.028,0.01675097472075645,0.04644640267494888,0,0.0,4.336808689942018e-19,0.007624340461552241
image_like,48,B2_training_state,heteroskedastic_proxy_null,0.3,0.0,learned_raw_d2,500,500,1.0,53,0.106,0.08195705027297034,0.13605093001073285,6,0.012,0.005510995174027703,0.025930361116447292
image_like,48,B2_training_state,heteroskedastic_proxy_null,0.3,0.0,learned_rank_d2,500,500,1.0,65,0.13,0.10332065036463456,0.16232136157691412,2,0.004,0.0010976305226827934,0.014465715215177033
image_like,48,B2_training_state,heteroskedastic_proxy_null,0.8,0.0,latent_ceiling,500,500,1.0,14,0.028,0.01675097472075645,0.04644640267494888,0,0.0,4.336808689942018e-19,0.007624340461552241
image_like,48,B2_training_state,heteroskedastic_proxy_null,0.8,0.0,observable_oracle,500,500,1.0,12,0.024,0.013781314655496986,0.041477057463900756,0,0.0,4.336808689942018e-19,0.007624340461552241
image_like,48,B2_training_state,heteroskedastic_proxy_null,0.8,0.0,learned_raw_d2,500,500,1.0,53,0.106,0.08195705027297034,0.13605093001073285,7,0.014,0.00679778979084349,0.02861306913778529
image_like,48,B2_training_state,heteroskedastic_proxy_null,0.8,0.0,learned_rank_d2,500,500,1.0,54,0.108,0.08372280963705037,0.13825467328480662,5,0.01,0.004278753896590496,0.023193099755730702
image_like,48,B2_training_state,independent_null,0.3,0.0,latent_ceiling,500,500,1.0,10,0.02,0.010899183596210813,0.036420183246879345,0,0.0,4.336808689942018e-19,0.007624340461552241
image_like,48,B2_training_state,independent_null,0.3,0.0,observable_oracle,500,500,1.0,13,0.026,0.015256383923327248,0.04397149083422428,0,0.0,4.336808689942018e-19,0.007624340461552241
image_like,48,B2_training_state,independent_null,0.3,0.0,learned_raw_d2,500,500,1.0,56,0.112,0.08726280019410226,0.1426536880040623,3,0.006,0.0020425962719602363,0.01749025210405338
image_like,48,B2_training_state,independent_null,0.3,0.0,learned_rank_d2,500,500,1.0,57,0.114,0.08903690099400285,0.1448490898423155,4,0.008,0.00311531518006224,0.020387035834105168
image_like,48,B2_training_state,independent_null,0.8,0.0,latent_ceiling,500,500,1.0,8,0.016,0.008129253033388314,0.03125110853339426,0,0.0,4.336808689942018e-19,0.007624340461552241
image_like,48,B2_training_state,independent_null,0.8,0.0,observable_oracle,500,500,1.0,7,0.014,0.00679778979084349,0.02861306913778529,0,0.0,4.336808689942018e-19,0.007624340461552241
image_like,48,B2_training_state,independent_null,0.8,0.0,learned_raw_d2,500,500,1.0,45,0.09,0.0679425478891394,0.11830941128933344,4,0.008,0.00311531518006224,0.020387035834105168
image_like,48,B2_training_state,independent_null,0.8,0.0,learned_rank_d2,500,500,1.0,49,0.098,0.07492391886460623,0.12720605086648182,4,0.008,0.00311531518006224,0.020387035834105168
image_like,48,B2_training_state,interaction_proxy_null,0.3,0.0,latent_ceiling,500,500,1.0,7,0.014,0.00679778979084349,0.02861306913778529,0,0.0,4.336808689942018e-19,0.007624340461552241
image_like,48,B2_training_state,interaction_proxy_null,0.3,0.0,observable_oracle,500,500,1.0,6,0.012,0.005510995174027703,0.025930361116447292,0,0.0,4.336808689942018e-19,0.007624340461552241
image_like,48,B2_training_state,interaction_proxy_null,0.3,0.0,learned_raw_d2,500,500,1.0,60,0.12,0.09437490012636912,0.1514195986244106,5,0.01,0.004278753896590496,0.023193099755730702
image_like,48,B2_training_state,interaction_proxy_null,0.3,0.0,learned_rank_d2,500,500,1.0,66,0.132,0.10511672384831994,0.1644947907313825,3,0.006,0.0020425962719602363,0.01749025210405338
image_like,48,B2_training_state,interaction_proxy_null,0.8,0.0,latent_ceiling,500,500,1.0,12,0.024,0.013781314655496986,0.041477057463900756,0,0.0,4.336808689942018e-19,0.007624340461552241
image_like,48,B2_training_state,interaction_proxy_null,0.8,0.0,observable_oracle,500,500,1.0,16,0.032,0.019791513626571118,0.051344869045441784,0,0.0,4.336808689942018e-19,0.007624340461552241
image_like,48,B2_training_state,interaction_proxy_null,0.8,0.0,learned_raw_d2,500,500,1.0,51,0.102,0.07843435210316954,0.13163462290422606,11,0.022,0.012328008269927582,0.03896086121131637
image_like,48,B2_training_state,interaction_proxy_null,0.8,0.0,learned_rank_d2,500,500,1.0,50,0.1,0.07667756273730172,0.1294219096319401,5,0.01,0.004278753896590496,0.023193099755730702
image_like,48,B2_training_state,nonlinear_proxy_null,0.3,0.0,latent_ceiling,500,500,1.0,16,0.032,0.019791513626571118,0.051344869045441784,0,0.0,4.336808689942018e-19,0.007624340461552241
image_like,48,B2_training_state,nonlinear_proxy_null,0.3,0.0,observable_oracle,500,500,1.0,16,0.032,0.019791513626571118,0.051344869045441784,0,0.0,4.336808689942018e-19,0.007624340461552241
image_like,48,B2_training_state,nonlinear_proxy_null,0.3,0.0,learned_raw_d2,500,500,1.0,55,0.11,0.0854914151566031,0.14045557040340767,4,0.008,0.00311531518006224,0.020387035834105168
image_like,48,B2_training_state,nonlinear_proxy_null,0.3,0.0,learned_rank_d2,500,500,1.0,57,0.114,0.08903690099400285,0.1448490898423155,3,0.006,0.0020425962719602363,0.01749025210405338
image_like,48,B2_training_state,nonlinear_proxy_null,0.8,0.0,latent_ceiling,500,500,1.0,11,0.022,0.012328008269927582,0.03896086121131637,0,0.0,4.336808689942018e-19,0.007624340461552241
image_like,48,B2_training_state,nonlinear_proxy_null,0.8,0.0,observable_oracle,500,500,1.0,14,0.028,0.01675097472075645,0.04644640267494888,0,0.0,4.336808689942018e-19,0.007624340461552241
image_like,48,B2_training_state,nonlinear_proxy_null,0.8,0.0,learned_raw_d2,500,500,1.0,65,0.13,0.10332065036463456,0.16232136157691412,9,0.018,0.009498193296197078,0.033851670908739286
image_like,48,B2_training_state,nonlinear_proxy_null,0.8,0.0,learned_rank_d2,500,500,1.0,68,0.136,0.10871544340723721,0.16883507644877283,7,0.014,0.00679778979084349,0.02861306913778529
image_like,48,B2_training_state,shared_signal,0.3,0.25,latent_ceiling,500,500,1.0,285,0.57,0.5262342399257419,0.6126983524096407,30,0.06,0.0423483564809462,0.08436106312521979
image_like,48,B2_training_state,shared_signal,0.3,0.25,observable_oracle,500,500,1.0,152,0.304,0.26530206305726467,0.34568667840366385,9,0.018,0.009498193296197078,0.033851670908739286
image_like,48,B2_training_state,shared_signal,0.3,0.25,learned_raw_d2,500,500,1.0,158,0.316,0.27678362811990814,0.3580221291699432,24,0.048,0.03246520694135317,0.07042719683589006
image_like,48,B2_training_state,shared_signal,0.3,0.25,learned_rank_d2,500,500,1.0,154,0.308,0.26912574805455886,0.3498019986826773,24,0.048,0.03246520694135317,0.07042719683589006
image_like,48,B2_training_state,shared_signal,0.3,0.5,latent_ceiling,500,500,1.0,492,0.984,0.9687488914666058,0.9918707469666117,264,0.528,0.48419577166421596,0.5713772652699372
image_like,48,B2_training_state,shared_signal,0.3,0.5,observable_oracle,500,500,1.0,372,0.744,0.7039870300464813,0.7802922918082812,68,0.136,0.10871544340723721,0.16883507644877283
image_like,48,B2_training_state,shared_signal,0.3,0.5,learned_raw_d2,500,500,1.0,319,0.638,0.5949717262107974,0.6789239558218143,103,0.206,0.17285664127336728,0.24362647091802545
image_like,48,B2_training_state,shared_signal,0.3,0.5,learned_rank_d2,500,500,1.0,312,0.624,0.5807491793847674,0.6653599841807676,94,0.188,0.15617996413496654,0.22457762431304207
image_like,48,B2_training_state,shared_signal,0.8,0.25,latent_ceiling,500,500,1.0,301,0.602,0.5584746124497376,0.6439700220961057,33,0.066,0.04737852635977387,0.09123940116085351
image_like,48,B2_training_state,shared_signal,0.8,0.25,observable_oracle,500,500,1.0,276,0.552,0.508179738010616,0.5950273305813826,31,0.062,0.044019209142681565,0.08665971310163822
image_like,48,B2_training_state,shared_signal,0.8,0.25,learned_raw_d2,500,500,1.0,255,0.51,0.4662736879310782,0.5535738252596908,63,0.126,0.09973528894537706,0.15796771771986404
image_like,48,B2_training_state,shared_signal,0.8,0.25,learned_rank_d2,500,500,1.0,251,0.502,0.45832636322986225,0.5456431394082917,63,0.126,0.09973528894537706,0.15796771771986404
image_like,48,B2_training_state,shared_signal,0.8,0.5,latent_ceiling,500,500,1.0,491,0.982,0.9661483290912607,0.990501806703803,244,0.488,0.4444452370209479,0.5317377471501294
image_like,48,B2_training_state,shared_signal,0.8,0.5,observable_oracle,500,500,1.0,479,0.958,0.9366484142456699,0.9723676898915483,207,0.414,0.37164260890980144,0.45766877764958563
image_like,48,B2_training_state,shared_signal,0.8,0.5,learned_raw_d2,500,500,1.0,436,0.872,0.8398543146918417,0.8984731760047634,220,0.44,0.397111794441699,0.4838031264136874
image_like,48,B2_training_state,shared_signal,0.8,0.5,learned_rank_d2,500,500,1.0,420,0.84,0.8052918208363085,0.8695236276498359,192,0.384,0.34240767461779237,0.4273611723692879
image_like,48,B3_validation,additive_proxy_null,0.3,0.0,latent_ceiling,500,500,1.0,13,0.026,0.015256383923327248,0.04397149083422428,0,0.0,4.336808689942018e-19,0.007624340461552241
image_like,48,B3_validation,additive_proxy_null,0.3,0.0,observable_oracle,500,500,1.0,10,0.02,0.010899183596210813,0.036420183246879345,0,0.0,4.336808689942018e-19,0.007624340461552241
image_like,48,B3_validation,additive_proxy_null,0.3,0.0,learned_raw_d2,500,500,1.0,57,0.114,0.08903690099400285,0.1448490898423155,7,0.014,0.00679778979084349,0.02861306913778529
image_like,48,B3_validation,additive_proxy_null,0.3,0.0,learned_rank_d2,500,500,1.0,61,0.122,0.0961592783150937,0.15360472307383977,7,0.014,0.00679778979084349,0.02861306913778529
image_like,48,B3_validation,additive_proxy_null,0.8,0.0,latent_ceiling,500,500,1.0,10,0.02,0.010899183596210813,0.036420183246879345,0,0.0,4.336808689942018e-19,0.007624340461552241
image_like,48,B3_validation,additive_proxy_null,0.8,0.0,observable_oracle,500,500,1.0,9,0.018,0.009498193296197078,0.033851670908739286,0,0.0,4.336808689942018e-19,0.007624340461552241
image_like,48,B3_validation,additive_proxy_null,0.8,0.0,learned_raw_d2,500,500,1.0,60,0.12,0.09437490012636912,0.1514195986244106,8,0.016,0.008129253033388314,0.03125110853339426
image_like,48,B3_validation,additive_proxy_null,0.8,0.0,learned_rank_d2,500,500,1.0,69,0.138,0.1105180088988837,0.17100201359528017,7,0.014,0.00679778979084349,0.02861306913778529
image_like,48,B3_validation,heteroskedastic_proxy_null,0.3,0.0,latent_ceiling,500,500,1.0,14,0.028,0.01675097472075645,0.04644640267494888,0,0.0,4.336808689942018e-19,0.007624340461552241
image_like,48,B3_validation,heteroskedastic_proxy_null,0.3,0.0,observable_oracle,500,500,1.0,13,0.026,0.015256383923327248,0.04397149083422428,0,0.0,4.336808689942018e-19,0.007624340461552241
image_like,48,B3_validation,heteroskedastic_proxy_null,0.3,0.0,learned_raw_d2,500,500,1.0,61,0.122,0.0961592783150937,0.15360472307383977,6,0.012,0.005510995174027703,0.025930361116447292
image_like,48,B3_validation,heteroskedastic_proxy_null,0.3,0.0,learned_rank_d2,500,500,1.0,69,0.138,0.1105180088988837,0.17100201359528017,5,0.01,0.004278753896590496,0.023193099755730702
image_like,48,B3_validation,heteroskedastic_proxy_null,0.8,0.0,latent_ceiling,500,500,1.0,13,0.026,0.015256383923327248,0.04397149083422428,1,0.002,0.00035313639455927456,0.011240706705146758
image_like,48,B3_validation,heteroskedastic_proxy_null,0.8,0.0,observable_oracle,500,500,1.0,13,0.026,0.015256383923327248,0.04397149083422428,1,0.002,0.00035313639455927456,0.011240706705146758
image_like,48,B3_validation,heteroskedastic_proxy_null,0.8,0.0,learned_raw_d2,500,500,1.0,57,0.114,0.08903690099400285,0.1448490898423155,4,0.008,0.00311531518006224,0.020387035834105168
image_like,48,B3_validation,heteroskedastic_proxy_null,0.8,0.0,learned_rank_d2,500,500,1.0,65,0.13,0.10332065036463456,0.16232136157691412,9,0.018,0.009498193296197078,0.033851670908739286
image_like,48,B3_validation,independent_null,0.3,0.0,latent_ceiling,500,500,1.0,11,0.022,0.012328008269927582,0.03896086121131637,0,0.0,4.336808689942018e-19,0.007624340461552241
image_like,48,B3_validation,independent_null,0.3,0.0,observable_oracle,500,500,1.0,20,0.04,0.026040797389777257,0.060973595834850805,1,0.002,0.00035313639455927456,0.011240706705146758
image_like,48,B3_validation,independent_null,0.3,0.0,learned_raw_d2,500,500,1.0,51,0.102,0.07843435210316954,0.13163462290422606,7,0.014,0.00679778979084349,0.02861306913778529
image_like,48,B3_validation,independent_null,0.3,0.0,learned_rank_d2,500,500,1.0,56,0.112,0.08726280019410226,0.1426536880040623,5,0.01,0.004278753896590496,0.023193099755730702
image_like,48,B3_validation,independent_null,0.8,0.0,latent_ceiling,500,500,1.0,9,0.018,0.009498193296197078,0.033851670908739286,0,0.0,4.336808689942018e-19,0.007624340461552241
image_like,48,B3_validation,independent_null,0.8,0.0,observable_oracle,500,500,1.0,8,0.016,0.008129253033388314,0.03125110853339426,0,0.0,4.336808689942018e-19,0.007624340461552241
image_like,48,B3_validation,independent_null,0.8,0.0,learned_raw_d2,500,500,1.0,50,0.1,0.07667756273730172,0.1294219096319401,5,0.01,0.004278753896590496,0.023193099755730702
image_like,48,B3_validation,independent_null,0.8,0.0,learned_rank_d2,500,500,1.0,55,0.11,0.0854914151566031,0.14045557040340767,7,0.014,0.00679778979084349,0.02861306913778529
image_like,48,B3_validation,interaction_proxy_null,0.3,0.0,latent_ceiling,500,500,1.0,6,0.012,0.005510995174027703,0.025930361116447292,0,0.0,4.336808689942018e-19,0.007624340461552241
image_like,48,B3_validation,interaction_proxy_null,0.3,0.0,observable_oracle,500,500,1.0,6,0.012,0.005510995174027703,0.025930361116447292,0,0.0,4.336808689942018e-19,0.007624340461552241
image_like,48,B3_validation,interaction_proxy_null,0.3,0.0,learned_raw_d2,500,500,1.0,47,0.094,0.0714264085922213,0.12276455586255913,8,0.016,0.008129253033388314,0.03125110853339426
image_like,48,B3_validation,interaction_proxy_null,0.3,0.0,learned_rank_d2,500,500,1.0,60,0.12,0.09437490012636912,0.1514195986244106,9,0.018,0.009498193296197078,0.033851670908739286
image_like,48,B3_validation,interaction_proxy_null,0.8,0.0,latent_ceiling,500,500,1.0,10,0.02,0.010899183596210813,0.036420183246879345,0,0.0,4.336808689942018e-19,0.007624340461552241
image_like,48,B3_validation,interaction_proxy_null,0.8,0.0,observable_oracle,500,500,1.0,15,0.03,0.018263213197913384,0.04890366683594573,0,0.0,4.336808689942018e-19,0.007624340461552241
image_like,48,B3_validation,interaction_proxy_null,0.8,0.0,learned_raw_d2,500,500,1.0,63,0.126,0.09973528894537706,0.15796771771986404,9,0.018,0.009498193296197078,0.033851670908739286
image_like,48,B3_validation,interaction_proxy_null,0.8,0.0,learned_rank_d2,500,500,1.0,65,0.13,0.10332065036463456,0.16232136157691412,8,0.016,0.008129253033388314,0.03125110853339426
image_like,48,B3_validation,nonlinear_proxy_null,0.3,0.0,latent_ceiling,500,500,1.0,18,0.036,0.02289106098029272,0.056184326968027755,0,0.0,4.336808689942018e-19,0.007624340461552241
image_like,48,B3_validation,nonlinear_proxy_null,0.3,0.0,observable_oracle,500,500,1.0,18,0.036,0.02289106098029272,0.056184326968027755,0,0.0,4.336808689942018e-19,0.007624340461552241
image_like,48,B3_validation,nonlinear_proxy_null,0.3,0.0,learned_raw_d2,500,500,1.0,64,0.128,0.10152682399523652,0.16014568530815834,8,0.016,0.008129253033388314,0.03125110853339426
image_like,48,B3_validation,nonlinear_proxy_null,0.3,0.0,learned_rank_d2,500,500,1.0,58,0.116,0.09081365651103794,0.1470418369634342,7,0.014,0.00679778979084349,0.02861306913778529
image_like,48,B3_validation,nonlinear_proxy_null,0.8,0.0,latent_ceiling,500,500,1.0,15,0.03,0.018263213197913384,0.04890366683594573,0,0.0,4.336808689942018e-19,0.007624340461552241
image_like,48,B3_validation,nonlinear_proxy_null,0.8,0.0,observable_oracle,500,500,1.0,12,0.024,0.013781314655496986,0.041477057463900756,0,0.0,4.336808689942018e-19,0.007624340461552241
image_like,48,B3_validation,nonlinear_proxy_null,0.8,0.0,learned_raw_d2,500,500,1.0,66,0.132,0.10511672384831994,0.1644947907313825,7,0.014,0.00679778979084349,0.02861306913778529
image_like,48,B3_validation,nonlinear_proxy_null,0.8,0.0,learned_rank_d2,500,500,1.0,64,0.128,0.10152682399523652,0.16014568530815834,5,0.01,0.004278753896590496,0.023193099755730702
image_like,48,B3_validation,shared_signal,0.3,0.25,latent_ceiling,500,500,1.0,302,0.604,0.5604958406867544,0.6459182964972427,34,0.068,0.04906650742490687,0.0935209227338743
image_like,48,B3_validation,shared_signal,0.3,0.25,observable_oracle,500,500,1.0,158,0.316,0.27678362811990814,0.3580221291699432,12,0.024,0.013781314655496986,0.041477057463900756
image_like,48,B3_validation,shared_signal,0.3,0.25,learned_raw_d2,500,500,1.0,149,0.298,0.2595732118784324,0.3395070216680347,22,0.044,0.02923395562860718,0.06571944287232845
image_like,48,B3_validation,shared_signal,0.3,0.25,learned_rank_d2,500,500,1.0,157,0.314,0.27486785583609774,0.35596839881559983,18,0.036,0.02289106098029272,0.056184326968027755
image_like,48,B3_validation,shared_signal,0.3,0.5,latent_ceiling,500,500,1.0,493,0.986,0.9713869308622147,0.9932022102091564,283,0.566,0.5222171596922527,0.6087764273668224
image_like,48,B3_validation,shared_signal,0.3,0.5,observable_oracle,500,500,1.0,386,0.772,0.7332341279039163,0.8066182308849994,74,0.148,0.1195614053892054,0.18180613029572734
image_like,48,B3_validation,shared_signal,0.3,0.5,learned_raw_d2,500,500,1.0,298,0.596,0.5524153513244502,0.6381207753069317,81,0.162,0.13230178838983928,0.19685226576217005
image_like,48,B3_validation,shared_signal,0.3,0.5,learned_rank_d2,500,500,1.0,287,0.574,0.5302541759784422,0.616617421633248,81,0.162,0.13230178838983928,0.19685226576217005
image_like,48,B3_validation,shared_signal,0.8,0.25,latent_ceiling,500,500,1.0,311,0.622,0.5787204544668169,0.6634192064605645,39,0.078,0.05758139347616159,0.10485354987338852
image_like,48,B3_validation,shared_signal,0.8,0.25,observable_oracle,500,500,1.0,295,0.59,0.5463626881245969,0.6322649305923236,38,0.076,0.055869027037427826,0.10259641367396849
image_like,48,B3_validation,shared_signal,0.8,0.25,learned_raw_d2,500,500,1.0,250,0.5,0.4563412653024843,0.5436587346975157,59,0.118,0.09259300825150649,0.14923198786111944
image_like,48,B3_validation,shared_signal,0.8,0.25,learned_rank_d2,500,500,1.0,242,0.484,0.4404854432314528,0.527758535663317,57,0.114,0.08903690099400285,0.1448490898423155
image_like,48,B3_validation,shared_signal,0.8,0.5,latent_ceiling,500,500,1.0,494,0.988,0.9740696388835527,0.9944890048259724,256,0.512,0.46826225284987066,0.5555547629790522
image_like,48,B3_validation,shared_signal,0.8,0.5,observable_oracle,500,500,1.0,486,0.972,0.9535535973250511,0.9832490252792436,214,0.428,0.38534175538940585,0.4717561496370578
image_like,48,B3_validation,shared_signal,0.8,0.5,learned_raw_d2,500,500,1.0,417,0.834,0.7988646838026932,0.8640422567689898,206,0.412,0.369688475931219,0.4556534079900142
image_like,48,B3_validation,shared_signal,0.8,0.5,learned_rank_d2,500,500,1.0,382,0.764,0.7248556437078593,0.7991187045284411,177,0.354,0.3133423051969017,0.3968840022178716
image_like,96,B1_design,additive_proxy_null,0.3,0.0,latent_ceiling,250,250,1.0,6,0.024,0.01104477730613677,0.051362123813526464,0,0.0,8.673617379884035e-19,0.015133299495444574
image_like,96,B1_design,additive_proxy_null,0.3,0.0,observable_oracle,250,250,1.0,7,0.028,0.013628058600839217,0.05665777612286046,0,0.0,8.673617379884035e-19,0.015133299495444574
image_like,96,B1_design,additive_proxy_null,0.3,0.0,learned_raw_d2,250,250,1.0,12,0.048,0.02766820153069461,0.08201230121318728,0,0.0,8.673617379884035e-19,0.015133299495444574
image_like,96,B1_design,additive_proxy_null,0.3,0.0,learned_rank_d2,250,250,1.0,14,0.056,0.03364764921901088,0.0917907207329439,1,0.004,0.0007064475340650966,0.02230578556541592
image_like,96,B1_design,additive_proxy_null,0.8,0.0,latent_ceiling,250,250,1.0,2,0.008,0.0021966371203094217,0.02869452958320804,0,0.0,8.673617379884035e-19,0.015133299495444574
image_like,96,B1_design,additive_proxy_null,0.8,0.0,observable_oracle,250,250,1.0,4,0.016,0.006239224570471175,0.04040980934111918,0,0.0,8.673617379884035e-19,0.015133299495444574
image_like,96,B1_design,additive_proxy_null,0.8,0.0,learned_raw_d2,250,250,1.0,12,0.048,0.02766820153069461,0.08201230121318728,1,0.004,0.0007064475340650966,0.02230578556541592
image_like,96,B1_design,additive_proxy_null,0.8,0.0,learned_rank_d2,250,250,1.0,10,0.04,0.021869911954542545,0.07205272358126646,2,0.008,0.0021966371203094217,0.02869452958320804
image_like,96,B1_design,heteroskedastic_proxy_null,0.3,0.0,latent_ceiling,250,250,1.0,0,0.0,8.673617379884035e-19,0.015133299495444574,0,0.0,8.673617379884035e-19,0.015133299495444574
image_like,96,B1_design,heteroskedastic_proxy_null,0.3,0.0,observable_oracle,250,250,1.0,5,0.02,0.008572324384058198,0.045955643131568594,0,0.0,8.673617379884035e-19,0.015133299495444574
image_like,96,B1_design,heteroskedastic_proxy_null,0.3,0.0,learned_raw_d2,250,250,1.0,20,0.08,0.052382328372331775,0.12032964320384165,0,0.0,8.673617379884035e-19,0.015133299495444574
image_like,96,B1_design,heteroskedastic_proxy_null,0.3,0.0,learned_rank_d2,250,250,1.0,23,0.092,0.06208701511330671,0.13426175727497602,0,0.0,8.673617379884035e-19,0.015133299495444574
image_like,96,B1_design,heteroskedastic_proxy_null,0.8,0.0,latent_ceiling,250,250,1.0,11,0.044,0.02474379816749356,0.07705777097235189,0,0.0,8.673617379884035e-19,0.015133299495444574
image_like,96,B1_design,heteroskedastic_proxy_null,0.8,0.0,observable_oracle,250,250,1.0,11,0.044,0.02474379816749356,0.07705777097235189,0,0.0,8.673617379884035e-19,0.015133299495444574
image_like,96,B1_design,heteroskedastic_proxy_null,0.8,0.0,learned_raw_d2,250,250,1.0,19,0.076,0.04919164066173632,0.11564139731040066,0,0.0,8.673617379884035e-19,0.015133299495444574
image_like,96,B1_design,heteroskedastic_proxy_null,0.8,0.0,learned_rank_d2,250,250,1.0,16,0.064,0.039774745277095874,0.10142149188293179,0,0.0,8.673617379884035e-19,0.015133299495444574
image_like,96,B1_design,independent_null,0.3,0.0,latent_ceiling,250,250,1.0,4,0.016,0.006239224570471175,0.04040980934111918,0,0.0,8.673617379884035e-19,0.015133299495444574
image_like,96,B1_design,independent_null,0.3,0.0,observable_oracle,250,250,1.0,3,0.012,0.0040893198805342975,0.0346807804270196,0,0.0,8.673617379884035e-19,0.015133299495444574
image_like,96,B1_design,independent_null,0.3,0.0,learned_raw_d2,250,250,1.0,9,0.036,0.019053279530003277,0.06699042240176928,0,0.0,8.673617379884035e-19,0.015133299495444574
image_like,96,B1_design,independent_null,0.3,0.0,learned_rank_d2,250,250,1.0,10,0.04,0.021869911954542545,0.07205272358126646,0,0.0,8.673617379884035e-19,0.015133299495444574
image_like,96,B1_design,independent_null,0.8,0.0,latent_ceiling,250,250,1.0,7,0.028,0.013628058600839217,0.05665777612286046,0,0.0,8.673617379884035e-19,0.015133299495444574
image_like,96,B1_design,independent_null,0.8,0.0,observable_oracle,250,250,1.0,9,0.036,0.019053279530003277,0.06699042240176928,0,0.0,8.673617379884035e-19,0.015133299495444574
image_like,96,B1_design,independent_null,0.8,0.0,learned_raw_d2,250,250,1.0,19,0.076,0.04919164066173632,0.11564139731040066,2,0.008,0.0021966371203094217,0.02869452958320804
image_like,96,B1_design,independent_null,0.8,0.0,learned_rank_d2,250,250,1.0,22,0.088,0.05883135595378163,0.12963848283046467,3,0.012,0.0040893198805342975,0.0346807804270196
image_like,96,B1_design,interaction_proxy_null,0.3,0.0,latent_ceiling,250,250,1.0,5,0.02,0.008572324384058198,0.045955643131568594,0,0.0,8.673617379884035e-19,0.015133299495444574
image_like,96,B1_design,interaction_proxy_null,0.3,0.0,observable_oracle,250,250,1.0,7,0.028,0.013628058600839217,0.05665777612286046,1,0.004,0.0007064475340650966,0.02230578556541592
image_like,96,B1_design,interaction_proxy_null,0.3,0.0,learned_raw_d2,250,250,1.0,18,0.072,0.04602556925826497,0.11092853510983557,0,0.0,8.673617379884035e-19,0.015133299495444574
image_like,96,B1_design,interaction_proxy_null,0.3,0.0,learned_rank_d2,250,250,1.0,16,0.064,0.039774745277095874,0.10142149188293179,1,0.004,0.0007064475340650966,0.02230578556541592
image_like,96,B1_design,interaction_proxy_null,0.8,0.0,latent_ceiling,250,250,1.0,5,0.02,0.008572324384058198,0.045955643131568594,0,0.0,8.673617379884035e-19,0.015133299495444574
image_like,96,B1_design,interaction_proxy_null,0.8,0.0,observable_oracle,250,250,1.0,8,0.032,0.01630236549364963,0.06186240283408649,0,0.0,8.673617379884035e-19,0.015133299495444574
image_like,96,B1_design,interaction_proxy_null,0.8,0.0,learned_raw_d2,250,250,1.0,15,0.06,0.036694410839108495,0.09662289271688271,1,0.004,0.0007064475340650966,0.02230578556541592
image_like,96,B1_design,interaction_proxy_null,0.8,0.0,learned_rank_d2,250,250,1.0,15,0.06,0.036694410839108495,0.09662289271688271,0,0.0,8.673617379884035e-19,0.015133299495444574
image_like,96,B1_design,nonlinear_proxy_null,0.3,0.0,latent_ceiling,250,250,1.0,3,0.012,0.0040893198805342975,0.0346807804270196,0,0.0,8.673617379884035e-19,0.015133299495444574
image_like,96,B1_design,nonlinear_proxy_null,0.3,0.0,observable_oracle,250,250,1.0,7,0.028,0.013628058600839217,0.05665777612286046,0,0.0,8.673617379884035e-19,0.015133299495444574
image_like,96,B1_design,nonlinear_proxy_null,0.3,0.0,learned_raw_d2,250,250,1.0,17,0.068,0.04288591857836033,0.10618925218570377,0,0.0,8.673617379884035e-19,0.015133299495444574
image_like,96,B1_design,nonlinear_proxy_null,0.3,0.0,learned_rank_d2,250,250,1.0,16,0.064,0.039774745277095874,0.10142149188293179,1,0.004,0.0007064475340650966,0.02230578556541592
image_like,96,B1_design,nonlinear_proxy_null,0.8,0.0,latent_ceiling,250,250,1.0,6,0.024,0.01104477730613677,0.051362123813526464,0,0.0,8.673617379884035e-19,0.015133299495444574
image_like,96,B1_design,nonlinear_proxy_null,0.8,0.0,observable_oracle,250,250,1.0,9,0.036,0.019053279530003277,0.06699042240176928,0,0.0,8.673617379884035e-19,0.015133299495444574
image_like,96,B1_design,nonlinear_proxy_null,0.8,0.0,learned_raw_d2,250,250,1.0,15,0.06,0.036694410839108495,0.09662289271688271,1,0.004,0.0007064475340650966,0.02230578556541592
image_like,96,B1_design,nonlinear_proxy_null,0.8,0.0,learned_rank_d2,250,250,1.0,13,0.052,0.030637655164191247,0.08692178118372709,0,0.0,8.673617379884035e-19,0.015133299495444574
image_like,96,B1_design,shared_signal,0.3,0.25,latent_ceiling,250,250,1.0,209,0.836,0.7850819159453526,0.8767485067937086,73,0.292,0.23912535589430275,0.3511700966958021
image_like,96,B1_design,shared_signal,0.3,0.25,observable_oracle,250,250,1.0,135,0.54,0.47808008556646064,0.6007092504739038,16,0.064,0.039774745277095874,0.10142149188293179
image_like,96,B1_design,shared_signal,0.3,0.25,learned_raw_d2,250,250,1.0,135,0.54,0.47808008556646064,0.6007092504739038,30,0.12,0.08536319974216687,0.166138107874371
image_like,96,B1_design,shared_signal,0.3,0.25,learned_rank_d2,250,250,1.0,124,0.496,0.4345537335304875,0.557567332865476,28,0.112,0.07863430779240635,0.1571091326160586
image_like,96,B1_design,shared_signal,0.3,0.5,latent_ceiling,250,250,1.0,250,1.0,0.9848667005045553,0.9999999999999998,238,0.952,0.9179876987868126,0.9723317984693053
image_like,96,B1_design,shared_signal,0.3,0.5,observable_oracle,250,250,1.0,233,0.932,0.8938107478142963,0.9571140814216397,134,0.536,0.4741036818936376,0.5968067205426905
image_like,96,B1_design,shared_signal,0.3,0.5,learned_raw_d2,250,250,1.0,227,0.908,0.8657382427250239,0.9379129848866933,139,0.556,0.49402492245642526,0.616280148000085
image_like,96,B1_design,shared_signal,0.3,0.5,learned_rank_d2,250,250,1.0,222,0.888,0.8428908673839414,0.9213656922075936,120,0.48,0.4188424092318671,0.5417629227479506
image_like,96,B1_design,shared_signal,0.8,0.25,latent_ceiling,250,250,1.0,217,0.868,0.8204199080951821,0.9044419834761707,84,0.336,0.2803229470521072,0.39664077518239854
image_like,96,B1_design,shared_signal,0.8,0.25,observable_oracle,250,250,1.0,213,0.852,0.8026659811384634,0.8906801760167434,62,0.248,0.19855156651487427,0.3050756164308297
image_like,96,B1_design,shared_signal,0.8,0.25,learned_raw_d2,250,250,1.0,195,0.78,0.7246272763980252,0.8268980758845258,74,0.296,0.24284603162900242,0.3553283545651389
image_like,96,B1_design,shared_signal,0.8,0.25,learned_rank_d2,250,250,1.0,190,0.76,0.7033795246798652,0.8087511595825035,67,0.268,0.21691132145905745,0.32611052950682884
image_like,96,B1_design,shared_signal,0.8,0.5,latent_ceiling,250,250,1.0,250,1.0,0.9848667005045553,0.9999999999999998,241,0.964,0.9330095775982306,0.9809467204699966
image_like,96,B1_design,shared_signal,0.8,0.5,observable_oracle,250,250,1.0,250,1.0,0.9848667005045553,0.9999999999999998,234,0.936,0.8985785081170682,0.9602252547229041
image_like,96,B1_design,shared_signal,0.8,0.5,learned_raw_d2,250,250,1.0,249,0.996,0.9776942144345839,0.9992935524659348,227,0.908,0.8657382427250239,0.9379129848866933
image_like,96,B1_design,shared_signal,0.8,0.5,learned_rank_d2,250,250,1.0,248,0.992,0.9713054704167919,0.9978033628796906,206,0.824,0.7719933833943993,0.8662002385325525
image_like,96,B2_training_state,additive_proxy_null,0.3,0.0,latent_ceiling,250,250,1.0,7,0.028,0.013628058600839217,0.05665777612286046,0,0.0,8.673617379884035e-19,0.015133299495444574
image_like,96,B2_training_state,additive_proxy_null,0.3,0.0,observable_oracle,250,250,1.0,7,0.028,0.013628058600839217,0.05665777612286046,0,0.0,8.673617379884035e-19,0.015133299495444574
image_like,96,B2_training_state,additive_proxy_null,0.3,0.0,learned_raw_d2,250,250,1.0,19,0.076,0.04919164066173632,0.11564139731040066,2,0.008,0.0021966371203094217,0.02869452958320804
image_like,96,B2_training_state,additive_proxy_null,0.3,0.0,learned_rank_d2,250,250,1.0,24,0.096,0.06536188077872192,0.1388658252135973,3,0.012,0.0040893198805342975,0.0346807804270196
image_like,96,B2_training_state,additive_proxy_null,0.8,0.0,latent_ceiling,250,250,1.0,3,0.012,0.0040893198805342975,0.0346807804270196,0,0.0,8.673617379884035e-19,0.015133299495444574
image_like,96,B2_training_state,additive_proxy_null,0.8,0.0,observable_oracle,250,250,1.0,6,0.024,0.01104477730613677,0.051362123813526464,0,0.0,8.673617379884035e-19,0.015133299495444574
image_like,96,B2_training_state,additive_proxy_null,0.8,0.0,learned_raw_d2,250,250,1.0,13,0.052,0.030637655164191247,0.08692178118372709,0,0.0,8.673617379884035e-19,0.015133299495444574
image_like,96,B2_training_state,additive_proxy_null,0.8,0.0,learned_rank_d2,250,250,1.0,13,0.052,0.030637655164191247,0.08692178118372709,0,0.0,8.673617379884035e-19,0.015133299495444574
image_like,96,B2_training_state,heteroskedastic_proxy_null,0.3,0.0,latent_ceiling,250,250,1.0,1,0.004,0.0007064475340650966,0.02230578556541592,0,0.0,8.673617379884035e-19,0.015133299495444574
image_like,96,B2_training_state,heteroskedastic_proxy_null,0.3,0.0,observable_oracle,250,250,1.0,5,0.02,0.008572324384058198,0.045955643131568594,0,0.0,8.673617379884035e-19,0.015133299495444574
image_like,96,B2_training_state,heteroskedastic_proxy_null,0.3,0.0,learned_raw_d2,250,250,1.0,19,0.076,0.04919164066173632,0.11564139731040066,0,0.0,8.673617379884035e-19,0.015133299495444574
image_like,96,B2_training_state,heteroskedastic_proxy_null,0.3,0.0,learned_rank_d2,250,250,1.0,17,0.068,0.04288591857836033,0.10618925218570377,0,0.0,8.673617379884035e-19,0.015133299495444574
image_like,96,B2_training_state,heteroskedastic_proxy_null,0.8,0.0,latent_ceiling,250,250,1.0,11,0.044,0.02474379816749356,0.07705777097235189,0,0.0,8.673617379884035e-19,0.015133299495444574
image_like,96,B2_training_state,heteroskedastic_proxy_null,0.8,0.0,observable_oracle,250,250,1.0,10,0.04,0.021869911954542545,0.07205272358126646,0,0.0,8.673617379884035e-19,0.015133299495444574
image_like,96,B2_training_state,heteroskedastic_proxy_null,0.8,0.0,learned_raw_d2,250,250,1.0,22,0.088,0.05883135595378163,0.12963848283046467,2,0.008,0.0021966371203094217,0.02869452958320804
image_like,96,B2_training_state,heteroskedastic_proxy_null,0.8,0.0,learned_rank_d2,250,250,1.0,22,0.088,0.05883135595378163,0.12963848283046467,1,0.004,0.0007064475340650966,0.02230578556541592
image_like,96,B2_training_state,independent_null,0.3,0.0,latent_ceiling,250,250,1.0,5,0.02,0.008572324384058198,0.045955643131568594,0,0.0,8.673617379884035e-19,0.015133299495444574
image_like,96,B2_training_state,independent_null,0.3,0.0,observable_oracle,250,250,1.0,6,0.024,0.01104477730613677,0.051362123813526464,0,0.0,8.673617379884035e-19,0.015133299495444574
image_like,96,B2_training_state,independent_null,0.3,0.0,learned_raw_d2,250,250,1.0,15,0.06,0.036694410839108495,0.09662289271688271,2,0.008,0.0021966371203094217,0.02869452958320804
image_like,96,B2_training_state,independent_null,0.3,0.0,learned_rank_d2,250,250,1.0,11,0.044,0.02474379816749356,0.07705777097235189,2,0.008,0.0021966371203094217,0.02869452958320804
image_like,96,B2_training_state,independent_null,0.8,0.0,latent_ceiling,250,250,1.0,6,0.024,0.01104477730613677,0.051362123813526464,0,0.0,8.673617379884035e-19,0.015133299495444574
image_like,96,B2_training_state,independent_null,0.8,0.0,observable_oracle,250,250,1.0,8,0.032,0.01630236549364963,0.06186240283408649,0,0.0,8.673617379884035e-19,0.015133299495444574
image_like,96,B2_training_state,independent_null,0.8,0.0,learned_raw_d2,250,250,1.0,18,0.072,0.04602556925826497,0.11092853510983557,1,0.004,0.0007064475340650966,0.02230578556541592
image_like,96,B2_training_state,independent_null,0.8,0.0,learned_rank_d2,250,250,1.0,19,0.076,0.04919164066173632,0.11564139731040066,0,0.0,8.673617379884035e-19,0.015133299495444574
image_like,96,B2_training_state,interaction_proxy_null,0.3,0.0,latent_ceiling,250,250,1.0,6,0.024,0.01104477730613677,0.051362123813526464,0,0.0,8.673617379884035e-19,0.015133299495444574
image_like,96,B2_training_state,interaction_proxy_null,0.3,0.0,observable_oracle,250,250,1.0,6,0.024,0.01104477730613677,0.051362123813526464,0,0.0,8.673617379884035e-19,0.015133299495444574
image_like,96,B2_training_state,interaction_proxy_null,0.3,0.0,learned_raw_d2,250,250,1.0,21,0.084,0.05559603876664466,0.12499486641356522,2,0.008,0.0021966371203094217,0.02869452958320804
image_like,96,B2_training_state,interaction_proxy_null,0.3,0.0,learned_rank_d2,250,250,1.0,18,0.072,0.04602556925826497,0.11092853510983557,2,0.008,0.0021966371203094217,0.02869452958320804
image_like,96,B2_training_state,interaction_proxy_null,0.8,0.0,latent_ceiling,250,250,1.0,6,0.024,0.01104477730613677,0.051362123813526464,0,0.0,8.673617379884035e-19,0.015133299495444574
image_like,96,B2_training_state,interaction_proxy_null,0.8,0.0,observable_oracle,250,250,1.0,5,0.02,0.008572324384058198,0.045955643131568594,0,0.0,8.673617379884035e-19,0.015133299495444574
image_like,96,B2_training_state,interaction_proxy_null,0.8,0.0,learned_raw_d2,250,250,1.0,16,0.064,0.039774745277095874,0.10142149188293179,0,0.0,8.673617379884035e-19,0.015133299495444574
image_like,96,B2_training_state,interaction_proxy_null,0.8,0.0,learned_rank_d2,250,250,1.0,12,0.048,0.02766820153069461,0.08201230121318728,1,0.004,0.0007064475340650966,0.02230578556541592
image_like,96,B2_training_state,nonlinear_proxy_null,0.3,0.0,latent_ceiling,250,250,1.0,1,0.004,0.0007064475340650966,0.02230578556541592,0,0.0,8.673617379884035e-19,0.015133299495444574
image_like,96,B2_training_state,nonlinear_proxy_null,0.3,0.0,observable_oracle,250,250,1.0,9,0.036,0.019053279530003277,0.06699042240176928,0,0.0,8.673617379884035e-19,0.015133299495444574
image_like,96,B2_training_state,nonlinear_proxy_null,0.3,0.0,learned_raw_d2,250,250,1.0,25,0.1,0.06865492898829106,0.14345171060806458,1,0.004,0.0007064475340650966,0.02230578556541592
image_like,96,B2_training_state,nonlinear_proxy_null,0.3,0.0,learned_rank_d2,250,250,1.0,21,0.084,0.05559603876664466,0.12499486641356522,1,0.004,0.0007064475340650966,0.02230578556541592
image_like,96,B2_training_state,nonlinear_proxy_null,0.8,0.0,latent_ceiling,250,250,1.0,4,0.016,0.006239224570471175,0.04040980934111918,0,0.0,8.673617379884035e-19,0.015133299495444574
image_like,96,B2_training_state,nonlinear_proxy_null,0.8,0.0,observable_oracle,250,250,1.0,7,0.028,0.013628058600839217,0.05665777612286046,0,0.0,8.673617379884035e-19,0.015133299495444574
image_like,96,B2_training_state,nonlinear_proxy_null,0.8,0.0,learned_raw_d2,250,250,1.0,18,0.072,0.04602556925826497,0.11092853510983557,1,0.004,0.0007064475340650966,0.02230578556541592
image_like,96,B2_training_state,nonlinear_proxy_null,0.8,0.0,learned_rank_d2,250,250,1.0,12,0.048,0.02766820153069461,0.08201230121318728,0,0.0,8.673617379884035e-19,0.015133299495444574
image_like,96,B2_training_state,shared_signal,0.3,0.25,latent_ceiling,250,250,1.0,216,0.864,0.8159642285705384,0.901018729396778,88,0.352,0.29544464804913095,0.41303480860152053
image_like,96,B2_training_state,shared_signal,0.3,0.25,observable_oracle,250,250,1.0,142,0.568,0.5060249967174061,0.6279168745512133,16,0.064,0.039774745277095874,0.10142149188293179
image_like,96,B2_training_state,shared_signal,0.3,0.25,learned_raw_d2,250,250,1.0,133,0.532,0.4701311851522348,0.5929002836800568,31,0.124,0.08874849146643424,0.17063174975414006
image_like,96,B2_training_state,shared_signal,0.3,0.25,learned_rank_d2,250,250,1.0,118,0.472,0.4110100538102362,0.5338374109615085,28,0.112,0.07863430779240635,0.1571091326160586
image_like,96,B2_training_state,shared_signal,0.3,0.5,latent_ceiling,250,250,1.0,250,1.0,0.9848667005045553,0.9999999999999998,244,0.976,0.9486378761864735,0.9889552226938632
image_like,96,B2_training_state,shared_signal,0.3,0.5,observable_oracle,250,250,1.0,236,0.944,0.908209279267056,0.966352350780989,144,0.576,0.5140449538388132,0.6356547846378791
image_like,96,B2_training_state,shared_signal,0.3,0.5,learned_raw_d2,250,250,1.0,222,0.888,0.8428908673839414,0.9213656922075936,138,0.552,0.4900328126787554,0.6123933241737185
image_like,96,B2_training_state,shared_signal,0.3,0.5,learned_rank_d2,250,250,1.0,214,0.856,0.8070876594372886,0.8941374313219549,123,0.492,0.4306200826658989,0.553622050126028
image_like,96,B2_training_state,shared_signal,0.8,0.25,latent_ceiling,250,250,1.0,218,0.872,0.824887758249811,0.9078530669255781,100,0.4,0.34122832313654916,0.4617983367625397
image_like,96,B2_training_state,shared_signal,0.8,0.25,observable_oracle,250,250,1.0,216,0.864,0.8159642285705384,0.901018729396778,78,0.312,0.25777888902447976,0.3719112315858073
image_like,96,B2_training_state,shared_signal,0.8,0.25,learned_raw_d2,250,250,1.0,189,0.756,0.699148919960885,0.8051028306974474,77,0.308,0.25403826197731444,0.36777292502893616
image_like,96,B2_training_state,shared_signal,0.8,0.25,learned_rank_d2,250,250,1.0,189,0.756,0.699148919960885,0.8051028306974474,65,0.26,0.20955021872073462,0.3177137650370787
image_like,96,B2_training_state,shared_signal,0.8,0.5,latent_ceiling,250,250,1.0,250,1.0,0.9848667005045553,0.9999999999999998,246,0.984,0.9595901906588808,0.9937607754295288
image_like,96,B2_training_state,shared_signal,0.8,0.5,observable_oracle,250,250,1.0,250,1.0,0.9848667005045553,0.9999999999999998,243,0.972,0.9433422238771394,0.9863719413991607
image_like,96,B2_training_state,shared_signal,0.8,0.5,learned_raw_d2,250,250,1.0,250,1.0,0.9848667005045553,0.9999999999999998,215,0.86,0.8115202816735541,0.8975837426897257
image_like,96,B2_training_state,shared_signal,0.8,0.5,learned_rank_d2,250,250,1.0,243,0.972,0.9433422238771394,0.9863719413991607,201,0.804,0.7503491896964016,0.8484497642103681
image_like,96,B3_validation,additive_proxy_null,0.3,0.0,latent_ceiling,250,250,1.0,3,0.012,0.0040893198805342975,0.0346807804270196,0,0.0,8.673617379884035e-19,0.015133299495444574
image_like,96,B3_validation,additive_proxy_null,0.3,0.0,observable_oracle,250,250,1.0,4,0.016,0.006239224570471175,0.04040980934111918,0,0.0,8.673617379884035e-19,0.015133299495444574
image_like,96,B3_validation,additive_proxy_null,0.3,0.0,learned_raw_d2,250,250,1.0,24,0.096,0.06536188077872192,0.1388658252135973,0,0.0,8.673617379884035e-19,0.015133299495444574
image_like,96,B3_validation,additive_proxy_null,0.3,0.0,learned_rank_d2,250,250,1.0,21,0.084,0.05559603876664466,0.12499486641356522,1,0.004,0.0007064475340650966,0.02230578556541592
image_like,96,B3_validation,additive_proxy_null,0.8,0.0,latent_ceiling,250,250,1.0,3,0.012,0.0040893198805342975,0.0346807804270196,0,0.0,8.673617379884035e-19,0.015133299495444574
image_like,96,B3_validation,additive_proxy_null,0.8,0.0,observable_oracle,250,250,1.0,5,0.02,0.008572324384058198,0.045955643131568594,0,0.0,8.673617379884035e-19,0.015133299495444574
image_like,96,B3_validation,additive_proxy_null,0.8,0.0,learned_raw_d2,250,250,1.0,10,0.04,0.021869911954542545,0.07205272358126646,0,0.0,8.673617379884035e-19,0.015133299495444574
image_like,96,B3_validation,additive_proxy_null,0.8,0.0,learned_rank_d2,250,250,1.0,10,0.04,0.021869911954542545,0.07205272358126646,1,0.004,0.0007064475340650966,0.02230578556541592
image_like,96,B3_validation,heteroskedastic_proxy_null,0.3,0.0,latent_ceiling,250,250,1.0,2,0.008,0.0021966371203094217,0.02869452958320804,0,0.0,8.673617379884035e-19,0.015133299495444574
image_like,96,B3_validation,heteroskedastic_proxy_null,0.3,0.0,observable_oracle,250,250,1.0,4,0.016,0.006239224570471175,0.04040980934111918,0,0.0,8.673617379884035e-19,0.015133299495444574
image_like,96,B3_validation,heteroskedastic_proxy_null,0.3,0.0,learned_raw_d2,250,250,1.0,21,0.084,0.05559603876664466,0.12499486641356522,2,0.008,0.0021966371203094217,0.02869452958320804
image_like,96,B3_validation,heteroskedastic_proxy_null,0.3,0.0,learned_rank_d2,250,250,1.0,26,0.104,0.07196523249243102,0.14802034070796105,1,0.004,0.0007064475340650966,0.02230578556541592
image_like,96,B3_validation,heteroskedastic_proxy_null,0.8,0.0,latent_ceiling,250,250,1.0,13,0.052,0.030637655164191247,0.08692178118372709,0,0.0,8.673617379884035e-19,0.015133299495444574
image_like,96,B3_validation,heteroskedastic_proxy_null,0.8,0.0,observable_oracle,250,250,1.0,10,0.04,0.021869911954542545,0.07205272358126646,0,0.0,8.673617379884035e-19,0.015133299495444574
image_like,96,B3_validation,heteroskedastic_proxy_null,0.8,0.0,learned_raw_d2,250,250,1.0,27,0.108,0.07529194840055528,0.15257255840387324,3,0.012,0.0040893198805342975,0.0346807804270196
image_like,96,B3_validation,heteroskedastic_proxy_null,0.8,0.0,learned_rank_d2,250,250,1.0,25,0.1,0.06865492898829106,0.14345171060806458,2,0.008,0.0021966371203094217,0.02869452958320804
image_like,96,B3_validation,independent_null,0.3,0.0,latent_ceiling,250,250,1.0,4,0.016,0.006239224570471175,0.04040980934111918,0,0.0,8.673617379884035e-19,0.015133299495444574
image_like,96,B3_validation,independent_null,0.3,0.0,observable_oracle,250,250,1.0,7,0.028,0.013628058600839217,0.05665777612286046,0,0.0,8.673617379884035e-19,0.015133299495444574
image_like,96,B3_validation,independent_null,0.3,0.0,learned_raw_d2,250,250,1.0,13,0.052,0.030637655164191247,0.08692178118372709,0,0.0,8.673617379884035e-19,0.015133299495444574
image_like,96,B3_validation,independent_null,0.3,0.0,learned_rank_d2,250,250,1.0,9,0.036,0.019053279530003277,0.06699042240176928,0,0.0,8.673617379884035e-19,0.015133299495444574
image_like,96,B3_validation,independent_null,0.8,0.0,latent_ceiling,250,250,1.0,6,0.024,0.01104477730613677,0.051362123813526464,1,0.004,0.0007064475340650966,0.02230578556541592
image_like,96,B3_validation,independent_null,0.8,0.0,observable_oracle,250,250,1.0,8,0.032,0.01630236549364963,0.06186240283408649,0,0.0,8.673617379884035e-19,0.015133299495444574
image_like,96,B3_validation,independent_null,0.8,0.0,learned_raw_d2,250,250,1.0,23,0.092,0.06208701511330671,0.13426175727497602,1,0.004,0.0007064475340650966,0.02230578556541592
image_like,96,B3_validation,independent_null,0.8,0.0,learned_rank_d2,250,250,1.0,22,0.088,0.05883135595378163,0.12963848283046467,0,0.0,8.673617379884035e-19,0.015133299495444574
image_like,96,B3_validation,interaction_proxy_null,0.3,0.0,latent_ceiling,250,250,1.0,6,0.024,0.01104477730613677,0.051362123813526464,0,0.0,8.673617379884035e-19,0.015133299495444574
image_like,96,B3_validation,interaction_proxy_null,0.3,0.0,observable_oracle,250,250,1.0,6,0.024,0.01104477730613677,0.051362123813526464,0,0.0,8.673617379884035e-19,0.015133299495444574
image_like,96,B3_validation,interaction_proxy_null,0.3,0.0,learned_raw_d2,250,250,1.0,18,0.072,0.04602556925826497,0.11092853510983557,2,0.008,0.0021966371203094217,0.02869452958320804
image_like,96,B3_validation,interaction_proxy_null,0.3,0.0,learned_rank_d2,250,250,1.0,16,0.064,0.039774745277095874,0.10142149188293179,1,0.004,0.0007064475340650966,0.02230578556541592
image_like,96,B3_validation,interaction_proxy_null,0.8,0.0,latent_ceiling,250,250,1.0,5,0.02,0.008572324384058198,0.045955643131568594,0,0.0,8.673617379884035e-19,0.015133299495444574
image_like,96,B3_validation,interaction_proxy_null,0.8,0.0,observable_oracle,250,250,1.0,5,0.02,0.008572324384058198,0.045955643131568594,0,0.0,8.673617379884035e-19,0.015133299495444574
image_like,96,B3_validation,interaction_proxy_null,0.8,0.0,learned_raw_d2,250,250,1.0,27,0.108,0.07529194840055528,0.15257255840387324,2,0.008,0.0021966371203094217,0.02869452958320804
image_like,96,B3_validation,interaction_proxy_null,0.8,0.0,learned_rank_d2,250,250,1.0,24,0.096,0.06536188077872192,0.1388658252135973,2,0.008,0.0021966371203094217,0.02869452958320804
image_like,96,B3_validation,nonlinear_proxy_null,0.3,0.0,latent_ceiling,250,250,1.0,2,0.008,0.0021966371203094217,0.02869452958320804,0,0.0,8.673617379884035e-19,0.015133299495444574
image_like,96,B3_validation,nonlinear_proxy_null,0.3,0.0,observable_oracle,250,250,1.0,7,0.028,0.013628058600839217,0.05665777612286046,0,0.0,8.673617379884035e-19,0.015133299495444574
image_like,96,B3_validation,nonlinear_proxy_null,0.3,0.0,learned_raw_d2,250,250,1.0,22,0.088,0.05883135595378163,0.12963848283046467,1,0.004,0.0007064475340650966,0.02230578556541592
image_like,96,B3_validation,nonlinear_proxy_null,0.3,0.0,learned_rank_d2,250,250,1.0,23,0.092,0.06208701511330671,0.13426175727497602,0,0.0,8.673617379884035e-19,0.015133299495444574
image_like,96,B3_validation,nonlinear_proxy_null,0.8,0.0,latent_ceiling,250,250,1.0,4,0.016,0.006239224570471175,0.04040980934111918,0,0.0,8.673617379884035e-19,0.015133299495444574
image_like,96,B3_validation,nonlinear_proxy_null,0.8,0.0,observable_oracle,250,250,1.0,7,0.028,0.013628058600839217,0.05665777612286046,0,0.0,8.673617379884035e-19,0.015133299495444574
image_like,96,B3_validation,nonlinear_proxy_null,0.8,0.0,learned_raw_d2,250,250,1.0,15,0.06,0.036694410839108495,0.09662289271688271,1,0.004,0.0007064475340650966,0.02230578556541592
image_like,96,B3_validation,nonlinear_proxy_null,0.8,0.0,learned_rank_d2,250,250,1.0,16,0.064,0.039774745277095874,0.10142149188293179,2,0.008,0.0021966371203094217,0.02869452958320804
image_like,96,B3_validation,shared_signal,0.3,0.25,latent_ceiling,250,250,1.0,223,0.892,0.8474274415961268,0.9247080515994447,104,0.416,0.35662335915134685,0.47791903516388773
image_like,96,B3_validation,shared_signal,0.3,0.25,observable_oracle,250,250,1.0,151,0.604,0.5422420845485156,0.6626101891564318,23,0.092,0.06208701511330671,0.13426175727497602
image_like,96,B3_validation,shared_signal,0.3,0.25,learned_raw_d2,250,250,1.0,139,0.556,0.49402492245642526,0.616280148000085,36,0.144,0.10586256867804505,0.19291234056271145
image_like,96,B3_validation,shared_signal,0.3,0.25,learned_rank_d2,250,250,1.0,129,0.516,0.45428015272974154,0.5772355816864043,33,0.132,0.09555801652382931,0.1795800919048179
image_like,96,B3_validation,shared_signal,0.3,0.5,latent_ceiling,250,250,1.0,250,1.0,0.9848667005045553,0.9999999999999998,246,0.984,0.9595901906588808,0.9937607754295288
image_like,96,B3_validation,shared_signal,0.3,0.5,observable_oracle,250,250,1.0,240,0.96,0.9279472764187334,0.9781300880454574,154,0.616,0.554388269038006,0.6741008054790509
image_like,96,B3_validation,shared_signal,0.3,0.5,learned_raw_d2,250,250,1.0,226,0.904,0.8611341747864028,0.934638119221278,129,0.516,0.45428015272974154,0.5772355816864043
image_like,96,B3_validation,shared_signal,0.3,0.5,learned_rank_d2,250,250,1.0,218,0.872,0.824887758249811,0.9078530669255781,122,0.488,0.42669031031533017,0.5496728888725603
image_like,96,B3_validation,shared_signal,0.8,0.25,latent_ceiling,250,250,1.0,224,0.896,0.8519796592920389,0.928034767507569,109,0.436,0.3759580654118184,0.49797899692359837
image_like,96,B3_validation,shared_signal,0.8,0.25,observable_oracle,250,250,1.0,217,0.868,0.8204199080951821,0.9044419834761707,84,0.336,0.2803229470521072,0.39664077518239854
image_like,96,B3_validation,shared_signal,0.8,0.25,learned_raw_d2,250,250,1.0,186,0.744,0.6864931320715649,0.7941218177746582,82,0.328,0.2727894639149596,0.3884163911114733
image_like,96,B3_validation,shared_signal,0.8,0.25,learned_rank_d2,250,250,1.0,168,0.672,0.6115836088885267,0.7272105360850405,69,0.276,0.2242945999169993,0.3344851182569598
image_like,96,B3_validation,shared_signal,0.8,0.5,latent_ceiling,250,250,1.0,250,1.0,0.9848667005045553,0.9999999999999998,247,0.988,0.9653192195729803,0.9959106801194657
image_like,96,B3_validation,shared_signal,0.8,0.5,observable_oracle,250,250,1.0,250,1.0,0.9848667005045553,0.9999999999999998,242,0.968,0.9381375971659135,0.9836976345063503
image_like,96,B3_validation,shared_signal,0.8,0.5,learned_raw_d2,250,250,1.0,248,0.992,0.9713054704167919,0.9978033628796906,223,0.892,0.8474274415961268,0.9247080515994447
image_like,96,B3_validation,shared_signal,0.8,0.5,learned_rank_d2,250,250,1.0,246,0.984,0.9595901906588808,0.9937607754295288,213,0.852,0.8026659811384634,0.8906801760167434
image_like,192,B1_design,additive_proxy_null,0.3,0.0,latent_ceiling,250,250,1.0,5,0.02,0.008572324384058198,0.045955643131568594,0,0.0,8.673617379884035e-19,0.015133299495444574
image_like,192,B1_design,additive_proxy_null,0.3,0.0,observable_oracle,250,250,1.0,10,0.04,0.021869911954542545,0.07205272358126646,1,0.004,0.0007064475340650966,0.02230578556541592
image_like,192,B1_design,additive_proxy_null,0.3,0.0,learned_raw_d2,250,250,1.0,12,0.048,0.02766820153069461,0.08201230121318728,2,0.008,0.0021966371203094217,0.02869452958320804
image_like,192,B1_design,additive_proxy_null,0.3,0.0,learned_rank_d2,250,250,1.0,11,0.044,0.02474379816749356,0.07705777097235189,0,0.0,8.673617379884035e-19,0.015133299495444574
image_like,192,B1_design,additive_proxy_null,0.8,0.0,latent_ceiling,250,250,1.0,5,0.02,0.008572324384058198,0.045955643131568594,0,0.0,8.673617379884035e-19,0.015133299495444574
image_like,192,B1_design,additive_proxy_null,0.8,0.0,observable_oracle,250,250,1.0,6,0.024,0.01104477730613677,0.051362123813526464,0,0.0,8.673617379884035e-19,0.015133299495444574
image_like,192,B1_design,additive_proxy_null,0.8,0.0,learned_raw_d2,250,250,1.0,9,0.036,0.019053279530003277,0.06699042240176928,0,0.0,8.673617379884035e-19,0.015133299495444574
image_like,192,B1_design,additive_proxy_null,0.8,0.0,learned_rank_d2,250,250,1.0,11,0.044,0.02474379816749356,0.07705777097235189,0,0.0,8.673617379884035e-19,0.015133299495444574
image_like,192,B1_design,heteroskedastic_proxy_null,0.3,0.0,latent_ceiling,250,250,1.0,6,0.024,0.01104477730613677,0.051362123813526464,0,0.0,8.673617379884035e-19,0.015133299495444574
image_like,192,B1_design,heteroskedastic_proxy_null,0.3,0.0,observable_oracle,250,250,1.0,4,0.016,0.006239224570471175,0.04040980934111918,0,0.0,8.673617379884035e-19,0.015133299495444574
image_like,192,B1_design,heteroskedastic_proxy_null,0.3,0.0,learned_raw_d2,250,250,1.0,6,0.024,0.01104477730613677,0.051362123813526464,0,0.0,8.673617379884035e-19,0.015133299495444574
image_like,192,B1_design,heteroskedastic_proxy_null,0.3,0.0,learned_rank_d2,250,250,1.0,10,0.04,0.021869911954542545,0.07205272358126646,0,0.0,8.673617379884035e-19,0.015133299495444574
image_like,192,B1_design,heteroskedastic_proxy_null,0.8,0.0,latent_ceiling,250,250,1.0,4,0.016,0.006239224570471175,0.04040980934111918,0,0.0,8.673617379884035e-19,0.015133299495444574
image_like,192,B1_design,heteroskedastic_proxy_null,0.8,0.0,observable_oracle,250,250,1.0,4,0.016,0.006239224570471175,0.04040980934111918,0,0.0,8.673617379884035e-19,0.015133299495444574
image_like,192,B1_design,heteroskedastic_proxy_null,0.8,0.0,learned_raw_d2,250,250,1.0,10,0.04,0.021869911954542545,0.07205272358126646,0,0.0,8.673617379884035e-19,0.015133299495444574
image_like,192,B1_design,heteroskedastic_proxy_null,0.8,0.0,learned_rank_d2,250,250,1.0,12,0.048,0.02766820153069461,0.08201230121318728,0,0.0,8.673617379884035e-19,0.015133299495444574
image_like,192,B1_design,independent_null,0.3,0.0,latent_ceiling,250,250,1.0,9,0.036,0.019053279530003277,0.06699042240176928,0,0.0,8.673617379884035e-19,0.015133299495444574
image_like,192,B1_design,independent_null,0.3,0.0,observable_oracle,250,250,1.0,7,0.028,0.013628058600839217,0.05665777612286046,0,0.0,8.673617379884035e-19,0.015133299495444574
image_like,192,B1_design,independent_null,0.3,0.0,learned_raw_d2,250,250,1.0,13,0.052,0.030637655164191247,0.08692178118372709,0,0.0,8.673617379884035e-19,0.015133299495444574
image_like,192,B1_design,independent_null,0.3,0.0,learned_rank_d2,250,250,1.0,12,0.048,0.02766820153069461,0.08201230121318728,1,0.004,0.0007064475340650966,0.02230578556541592
image_like,192,B1_design,independent_null,0.8,0.0,latent_ceiling,250,250,1.0,4,0.016,0.006239224570471175,0.04040980934111918,0,0.0,8.673617379884035e-19,0.015133299495444574
image_like,192,B1_design,independent_null,0.8,0.0,observable_oracle,250,250,1.0,7,0.028,0.013628058600839217,0.05665777612286046,0,0.0,8.673617379884035e-19,0.015133299495444574
image_like,192,B1_design,independent_null,0.8,0.0,learned_raw_d2,250,250,1.0,8,0.032,0.01630236549364963,0.06186240283408649,1,0.004,0.0007064475340650966,0.02230578556541592
image_like,192,B1_design,independent_null,0.8,0.0,learned_rank_d2,250,250,1.0,10,0.04,0.021869911954542545,0.07205272358126646,0,0.0,8.673617379884035e-19,0.015133299495444574
image_like,192,B1_design,interaction_proxy_null,0.3,0.0,latent_ceiling,250,250,1.0,5,0.02,0.008572324384058198,0.045955643131568594,0,0.0,8.673617379884035e-19,0.015133299495444574
image_like,192,B1_design,interaction_proxy_null,0.3,0.0,observable_oracle,250,250,1.0,1,0.004,0.0007064475340650966,0.02230578556541592,0,0.0,8.673617379884035e-19,0.015133299495444574
image_like,192,B1_design,interaction_proxy_null,0.3,0.0,learned_raw_d2,250,250,1.0,7,0.028,0.013628058600839217,0.05665777612286046,0,0.0,8.673617379884035e-19,0.015133299495444574
image_like,192,B1_design,interaction_proxy_null,0.3,0.0,learned_rank_d2,250,250,1.0,5,0.02,0.008572324384058198,0.045955643131568594,0,0.0,8.673617379884035e-19,0.015133299495444574
image_like,192,B1_design,interaction_proxy_null,0.8,0.0,latent_ceiling,250,250,1.0,6,0.024,0.01104477730613677,0.051362123813526464,0,0.0,8.673617379884035e-19,0.015133299495444574
image_like,192,B1_design,interaction_proxy_null,0.8,0.0,observable_oracle,250,250,1.0,6,0.024,0.01104477730613677,0.051362123813526464,0,0.0,8.673617379884035e-19,0.015133299495444574
image_like,192,B1_design,interaction_proxy_null,0.8,0.0,learned_raw_d2,250,250,1.0,9,0.036,0.019053279530003277,0.06699042240176928,0,0.0,8.673617379884035e-19,0.015133299495444574
image_like,192,B1_design,interaction_proxy_null,0.8,0.0,learned_rank_d2,250,250,1.0,11,0.044,0.02474379816749356,0.07705777097235189,0,0.0,8.673617379884035e-19,0.015133299495444574
image_like,192,B1_design,nonlinear_proxy_null,0.3,0.0,latent_ceiling,250,250,1.0,7,0.028,0.013628058600839217,0.05665777612286046,0,0.0,8.673617379884035e-19,0.015133299495444574
image_like,192,B1_design,nonlinear_proxy_null,0.3,0.0,observable_oracle,250,250,1.0,10,0.04,0.021869911954542545,0.07205272358126646,0,0.0,8.673617379884035e-19,0.015133299495444574
image_like,192,B1_design,nonlinear_proxy_null,0.3,0.0,learned_raw_d2,250,250,1.0,12,0.048,0.02766820153069461,0.08201230121318728,0,0.0,8.673617379884035e-19,0.015133299495444574
image_like,192,B1_design,nonlinear_proxy_null,0.3,0.0,learned_rank_d2,250,250,1.0,10,0.04,0.021869911954542545,0.07205272358126646,2,0.008,0.0021966371203094217,0.02869452958320804
image_like,192,B1_design,nonlinear_proxy_null,0.8,0.0,latent_ceiling,250,250,1.0,9,0.036,0.019053279530003277,0.06699042240176928,0,0.0,8.673617379884035e-19,0.015133299495444574
image_like,192,B1_design,nonlinear_proxy_null,0.8,0.0,observable_oracle,250,250,1.0,10,0.04,0.021869911954542545,0.07205272358126646,0,0.0,8.673617379884035e-19,0.015133299495444574
image_like,192,B1_design,nonlinear_proxy_null,0.8,0.0,learned_raw_d2,250,250,1.0,17,0.068,0.04288591857836033,0.10618925218570377,1,0.004,0.0007064475340650966,0.02230578556541592
image_like,192,B1_design,nonlinear_proxy_null,0.8,0.0,learned_rank_d2,250,250,1.0,16,0.064,0.039774745277095874,0.10142149188293179,2,0.008,0.0021966371203094217,0.02869452958320804
image_like,192,B1_design,shared_signal,0.3,0.25,latent_ceiling,250,250,1.0,247,0.988,0.9653192195729803,0.9959106801194657,204,0.816,0.7633112722157498,0.859124482503129
image_like,192,B1_design,shared_signal,0.3,0.25,observable_oracle,250,250,1.0,204,0.816,0.7633112722157498,0.859124482503129,77,0.308,0.25403826197731444,0.36777292502893616
image_like,192,B1_design,shared_signal,0.3,0.25,learned_raw_d2,250,250,1.0,192,0.768,0.711859348258913,0.8160292032115287,84,0.336,0.2803229470521072,0.39664077518239854
image_like,192,B1_design,shared_signal,0.3,0.25,learned_rank_d2,250,250,1.0,187,0.748,0.6907058185756487,0.7977880648746107,70,0.28,0.22799436777790152,0.338664284000094
image_like,192,B1_design,shared_signal,0.3,0.5,latent_ceiling,250,250,1.0,250,1.0,0.9848667005045553,0.9999999999999998,250,1.0,0.9848667005045553,0.9999999999999998
image_like,192,B1_design,shared_signal,0.3,0.5,observable_oracle,250,250,1.0,250,1.0,0.9848667005045553,0.9999999999999998,242,0.968,0.9381375971659135,0.9836976345063503
image_like,192,B1_design,shared_signal,0.3,0.5,learned_raw_d2,250,250,1.0,249,0.996,0.9776942144345839,0.9992935524659348,239,0.956,0.9229422290276481,0.9752562018325064
image_like,192,B1_design,shared_signal,0.3,0.5,learned_rank_d2,250,250,1.0,249,0.996,0.9776942144345839,0.9992935524659348,227,0.908,0.8657382427250239,0.9379129848866933
image_like,192,B1_design,shared_signal,0.8,0.25,latent_ceiling,250,250,1.0,250,1.0,0.9848667005045553,0.9999999999999998,199,0.796,0.7417463408228052,0.8412947458758916
image_like,192,B1_design,shared_signal,0.8,0.25,observable_oracle,250,250,1.0,246,0.984,0.9595901906588808,0.9937607754295288,183,0.732,0.6738894704931712,0.7830886785409424
image_like,192,B1_design,shared_signal,0.8,0.25,learned_raw_d2,250,250,1.0,242,0.968,0.9381375971659135,0.9836976345063503,175,0.7,0.6405184593182177,0.7534282208836044
image_like,192,B1_design,shared_signal,0.8,0.25,learned_rank_d2,250,250,1.0,233,0.932,0.8938107478142963,0.9571140814216397,159,0.636,0.574716410018678,0.6931673325185611
image_like,192,B1_design,shared_signal,0.8,0.5,latent_ceiling,250,250,1.0,250,1.0,0.9848667005045553,0.9999999999999998,250,1.0,0.9848667005045553,0.9999999999999998
image_like,192,B1_design,shared_signal,0.8,0.5,observable_oracle,250,250,1.0,250,1.0,0.9848667005045553,0.9999999999999998,250,1.0,0.9848667005045553,0.9999999999999998
image_like,192,B1_design,shared_signal,0.8,0.5,learned_raw_d2,250,250,1.0,250,1.0,0.9848667005045553,0.9999999999999998,250,1.0,0.9848667005045553,0.9999999999999998
image_like,192,B1_design,shared_signal,0.8,0.5,learned_rank_d2,250,250,1.0,250,1.0,0.9848667005045553,0.9999999999999998,250,1.0,0.9848667005045553,0.9999999999999998
image_like,192,B2_training_state,additive_proxy_null,0.3,0.0,latent_ceiling,250,250,1.0,6,0.024,0.01104477730613677,0.051362123813526464,0,0.0,8.673617379884035e-19,0.015133299495444574
image_like,192,B2_training_state,additive_proxy_null,0.3,0.0,observable_oracle,250,250,1.0,11,0.044,0.02474379816749356,0.07705777097235189,0,0.0,8.673617379884035e-19,0.015133299495444574
image_like,192,B2_training_state,additive_proxy_null,0.3,0.0,learned_raw_d2,250,250,1.0,23,0.092,0.06208701511330671,0.13426175727497602,2,0.008,0.0021966371203094217,0.02869452958320804
image_like,192,B2_training_state,additive_proxy_null,0.3,0.0,learned_rank_d2,250,250,1.0,18,0.072,0.04602556925826497,0.11092853510983557,1,0.004,0.0007064475340650966,0.02230578556541592
image_like,192,B2_training_state,additive_proxy_null,0.8,0.0,latent_ceiling,250,250,1.0,5,0.02,0.008572324384058198,0.045955643131568594,0,0.0,8.673617379884035e-19,0.015133299495444574
image_like,192,B2_training_state,additive_proxy_null,0.8,0.0,observable_oracle,250,250,1.0,7,0.028,0.013628058600839217,0.05665777612286046,0,0.0,8.673617379884035e-19,0.015133299495444574
image_like,192,B2_training_state,additive_proxy_null,0.8,0.0,learned_raw_d2,250,250,1.0,10,0.04,0.021869911954542545,0.07205272358126646,1,0.004,0.0007064475340650966,0.02230578556541592
image_like,192,B2_training_state,additive_proxy_null,0.8,0.0,learned_rank_d2,250,250,1.0,7,0.028,0.013628058600839217,0.05665777612286046,0,0.0,8.673617379884035e-19,0.015133299495444574
image_like,192,B2_training_state,heteroskedastic_proxy_null,0.3,0.0,latent_ceiling,250,250,1.0,8,0.032,0.01630236549364963,0.06186240283408649,0,0.0,8.673617379884035e-19,0.015133299495444574
image_like,192,B2_training_state,heteroskedastic_proxy_null,0.3,0.0,observable_oracle,250,250,1.0,8,0.032,0.01630236549364963,0.06186240283408649,0,0.0,8.673617379884035e-19,0.015133299495444574
image_like,192,B2_training_state,heteroskedastic_proxy_null,0.3,0.0,learned_raw_d2,250,250,1.0,8,0.032,0.01630236549364963,0.06186240283408649,0,0.0,8.673617379884035e-19,0.015133299495444574
image_like,192,B2_training_state,heteroskedastic_proxy_null,0.3,0.0,learned_rank_d2,250,250,1.0,12,0.048,0.02766820153069461,0.08201230121318728,1,0.004,0.0007064475340650966,0.02230578556541592
image_like,192,B2_training_state,heteroskedastic_proxy_null,0.8,0.0,latent_ceiling,250,250,1.0,5,0.02,0.008572324384058198,0.045955643131568594,0,0.0,8.673617379884035e-19,0.015133299495444574
image_like,192,B2_training_state,heteroskedastic_proxy_null,0.8,0.0,observable_oracle,250,250,1.0,3,0.012,0.0040893198805342975,0.0346807804270196,0,0.0,8.673617379884035e-19,0.015133299495444574
image_like,192,B2_training_state,heteroskedastic_proxy_null,0.8,0.0,learned_raw_d2,250,250,1.0,9,0.036,0.019053279530003277,0.06699042240176928,0,0.0,8.673617379884035e-19,0.015133299495444574
image_like,192,B2_training_state,heteroskedastic_proxy_null,0.8,0.0,learned_rank_d2,250,250,1.0,12,0.048,0.02766820153069461,0.08201230121318728,1,0.004,0.0007064475340650966,0.02230578556541592
image_like,192,B2_training_state,independent_null,0.3,0.0,latent_ceiling,250,250,1.0,8,0.032,0.01630236549364963,0.06186240283408649,0,0.0,8.673617379884035e-19,0.015133299495444574
image_like,192,B2_training_state,independent_null,0.3,0.0,observable_oracle,250,250,1.0,5,0.02,0.008572324384058198,0.045955643131568594,0,0.0,8.673617379884035e-19,0.015133299495444574
image_like,192,B2_training_state,independent_null,0.3,0.0,learned_raw_d2,250,250,1.0,17,0.068,0.04288591857836033,0.10618925218570377,0,0.0,8.673617379884035e-19,0.015133299495444574
image_like,192,B2_training_state,independent_null,0.3,0.0,learned_rank_d2,250,250,1.0,13,0.052,0.030637655164191247,0.08692178118372709,1,0.004,0.0007064475340650966,0.02230578556541592
image_like,192,B2_training_state,independent_null,0.8,0.0,latent_ceiling,250,250,1.0,6,0.024,0.01104477730613677,0.051362123813526464,0,0.0,8.673617379884035e-19,0.015133299495444574
image_like,192,B2_training_state,independent_null,0.8,0.0,observable_oracle,250,250,1.0,7,0.028,0.013628058600839217,0.05665777612286046,0,0.0,8.673617379884035e-19,0.015133299495444574
image_like,192,B2_training_state,independent_null,0.8,0.0,learned_raw_d2,250,250,1.0,9,0.036,0.019053279530003277,0.06699042240176928,0,0.0,8.673617379884035e-19,0.015133299495444574
image_like,192,B2_training_state,independent_null,0.8,0.0,learned_rank_d2,250,250,1.0,9,0.036,0.019053279530003277,0.06699042240176928,0,0.0,8.673617379884035e-19,0.015133299495444574
image_like,192,B2_training_state,interaction_proxy_null,0.3,0.0,latent_ceiling,250,250,1.0,3,0.012,0.0040893198805342975,0.0346807804270196,0,0.0,8.673617379884035e-19,0.015133299495444574
image_like,192,B2_training_state,interaction_proxy_null,0.3,0.0,observable_oracle,250,250,1.0,2,0.008,0.0021966371203094217,0.02869452958320804,0,0.0,8.673617379884035e-19,0.015133299495444574
image_like,192,B2_training_state,interaction_proxy_null,0.3,0.0,learned_raw_d2,250,250,1.0,6,0.024,0.01104477730613677,0.051362123813526464,0,0.0,8.673617379884035e-19,0.015133299495444574
image_like,192,B2_training_state,interaction_proxy_null,0.3,0.0,learned_rank_d2,250,250,1.0,8,0.032,0.01630236549364963,0.06186240283408649,0,0.0,8.673617379884035e-19,0.015133299495444574
image_like,192,B2_training_state,interaction_proxy_null,0.8,0.0,latent_ceiling,250,250,1.0,7,0.028,0.013628058600839217,0.05665777612286046,0,0.0,8.673617379884035e-19,0.015133299495444574
image_like,192,B2_training_state,interaction_proxy_null,0.8,0.0,observable_oracle,250,250,1.0,6,0.024,0.01104477730613677,0.051362123813526464,0,0.0,8.673617379884035e-19,0.015133299495444574
image_like,192,B2_training_state,interaction_proxy_null,0.8,0.0,learned_raw_d2,250,250,1.0,10,0.04,0.021869911954542545,0.07205272358126646,0,0.0,8.673617379884035e-19,0.015133299495444574
image_like,192,B2_training_state,interaction_proxy_null,0.8,0.0,learned_rank_d2,250,250,1.0,10,0.04,0.021869911954542545,0.07205272358126646,1,0.004,0.0007064475340650966,0.02230578556541592
image_like,192,B2_training_state,nonlinear_proxy_null,0.3,0.0,latent_ceiling,250,250,1.0,8,0.032,0.01630236549364963,0.06186240283408649,0,0.0,8.673617379884035e-19,0.015133299495444574
image_like,192,B2_training_state,nonlinear_proxy_null,0.3,0.0,observable_oracle,250,250,1.0,6,0.024,0.01104477730613677,0.051362123813526464,0,0.0,8.673617379884035e-19,0.015133299495444574
image_like,192,B2_training_state,nonlinear_proxy_null,0.3,0.0,learned_raw_d2,250,250,1.0,15,0.06,0.036694410839108495,0.09662289271688271,0,0.0,8.673617379884035e-19,0.015133299495444574
image_like,192,B2_training_state,nonlinear_proxy_null,0.3,0.0,learned_rank_d2,250,250,1.0,12,0.048,0.02766820153069461,0.08201230121318728,1,0.004,0.0007064475340650966,0.02230578556541592
image_like,192,B2_training_state,nonlinear_proxy_null,0.8,0.0,latent_ceiling,250,250,1.0,9,0.036,0.019053279530003277,0.06699042240176928,0,0.0,8.673617379884035e-19,0.015133299495444574
image_like,192,B2_training_state,nonlinear_proxy_null,0.8,0.0,observable_oracle,250,250,1.0,12,0.048,0.02766820153069461,0.08201230121318728,0,0.0,8.673617379884035e-19,0.015133299495444574
image_like,192,B2_training_state,nonlinear_proxy_null,0.8,0.0,learned_raw_d2,250,250,1.0,21,0.084,0.05559603876664466,0.12499486641356522,1,0.004,0.0007064475340650966,0.02230578556541592
image_like,192,B2_training_state,nonlinear_proxy_null,0.8,0.0,learned_rank_d2,250,250,1.0,20,0.08,0.052382328372331775,0.12032964320384165,2,0.008,0.0021966371203094217,0.02869452958320804
image_like,192,B2_training_state,shared_signal,0.3,0.25,latent_ceiling,250,250,1.0,249,0.996,0.9776942144345839,0.9992935524659348,217,0.868,0.8204199080951821,0.9044419834761707
image_like,192,B2_training_state,shared_signal,0.3,0.25,observable_oracle,250,250,1.0,209,0.836,0.7850819159453526,0.8767485067937086,80,0.32,0.26527465872568123,0.38017332909267876
image_like,192,B2_training_state,shared_signal,0.3,0.25,learned_raw_d2,250,250,1.0,197,0.788,0.7331727674153838,0.83411045207524,85,0.34,0.2840965884370376,0.4007460674015046
image_like,192,B2_training_state,shared_signal,0.3,0.25,learned_rank_d2,250,250,1.0,187,0.748,0.6907058185756487,0.7977880648746107,69,0.276,0.2242945999169993,0.3344851182569598
image_like,192,B2_training_state,shared_signal,0.3,0.5,latent_ceiling,250,250,1.0,250,1.0,0.9848667005045553,0.9999999999999998,250,1.0,0.9848667005045553,0.9999999999999998
image_like,192,B2_training_state,shared_signal,0.3,0.5,observable_oracle,250,250,1.0,250,1.0,0.9848667005045553,0.9999999999999998,247,0.988,0.9653192195729803,0.9959106801194657
image_like,192,B2_training_state,shared_signal,0.3,0.5,learned_raw_d2,250,250,1.0,250,1.0,0.9848667005045553,0.9999999999999998,239,0.956,0.9229422290276481,0.9752562018325064
image_like,192,B2_training_state,shared_signal,0.3,0.5,learned_rank_d2,250,250,1.0,250,1.0,0.9848667005045553,0.9999999999999998,234,0.936,0.8985785081170682,0.9602252547229041
image_like,192,B2_training_state,shared_signal,0.8,0.25,latent_ceiling,250,250,1.0,250,1.0,0.9848667005045553,0.9999999999999998,218,0.872,0.824887758249811,0.9078530669255781
image_like,192,B2_training_state,shared_signal,0.8,0.25,observable_oracle,250,250,1.0,248,0.992,0.9713054704167919,0.9978033628796906,194,0.776,0.7203647189638117,0.8232816997147029
image_like,192,B2_training_state,shared_signal,0.8,0.25,learned_raw_d2,250,250,1.0,243,0.972,0.9433422238771394,0.9863719413991607,185,0.74,0.6822862349629212,0.7904497812792654
image_like,192,B2_training_state,shared_signal,0.8,0.25,learned_rank_d2,250,250,1.0,236,0.944,0.908209279267056,0.966352350780989,164,0.656,0.5951531877270251,0.7121252228303963
image_like,192,B2_training_state,shared_signal,0.8,0.5,latent_ceiling,250,250,1.0,250,1.0,0.9848667005045553,0.9999999999999998,250,1.0,0.9848667005045553,0.9999999999999998
image_like,192,B2_training_state,shared_signal,0.8,0.5,observable_oracle,250,250,1.0,250,1.0,0.9848667005045553,0.9999999999999998,250,1.0,0.9848667005045553,0.9999999999999998
image_like,192,B2_training_state,shared_signal,0.8,0.5,learned_raw_d2,250,250,1.0,250,1.0,0.9848667005045553,0.9999999999999998,250,1.0,0.9848667005045553,0.9999999999999998
image_like,192,B2_training_state,shared_signal,0.8,0.5,learned_rank_d2,250,250,1.0,250,1.0,0.9848667005045553,0.9999999999999998,250,1.0,0.9848667005045553,0.9999999999999998
image_like,192,B3_validation,additive_proxy_null,0.3,0.0,latent_ceiling,250,250,1.0,4,0.016,0.006239224570471175,0.04040980934111918,0,0.0,8.673617379884035e-19,0.015133299495444574
image_like,192,B3_validation,additive_proxy_null,0.3,0.0,observable_oracle,250,250,1.0,10,0.04,0.021869911954542545,0.07205272358126646,0,0.0,8.673617379884035e-19,0.015133299495444574
image_like,192,B3_validation,additive_proxy_null,0.3,0.0,learned_raw_d2,250,250,1.0,11,0.044,0.02474379816749356,0.07705777097235189,1,0.004,0.0007064475340650966,0.02230578556541592
image_like,192,B3_validation,additive_proxy_null,0.3,0.0,learned_rank_d2,250,250,1.0,9,0.036,0.019053279530003277,0.06699042240176928,0,0.0,8.673617379884035e-19,0.015133299495444574
image_like,192,B3_validation,additive_proxy_null,0.8,0.0,latent_ceiling,250,250,1.0,8,0.032,0.01630236549364963,0.06186240283408649,0,0.0,8.673617379884035e-19,0.015133299495444574
image_like,192,B3_validation,additive_proxy_null,0.8,0.0,observable_oracle,250,250,1.0,6,0.024,0.01104477730613677,0.051362123813526464,1,0.004,0.0007064475340650966,0.02230578556541592
image_like,192,B3_validation,additive_proxy_null,0.8,0.0,learned_raw_d2,250,250,1.0,12,0.048,0.02766820153069461,0.08201230121318728,0,0.0,8.673617379884035e-19,0.015133299495444574
image_like,192,B3_validation,additive_proxy_null,0.8,0.0,learned_rank_d2,250,250,1.0,13,0.052,0.030637655164191247,0.08692178118372709,0,0.0,8.673617379884035e-19,0.015133299495444574
image_like,192,B3_validation,heteroskedastic_proxy_null,0.3,0.0,latent_ceiling,250,250,1.0,5,0.02,0.008572324384058198,0.045955643131568594,0,0.0,8.673617379884035e-19,0.015133299495444574
image_like,192,B3_validation,heteroskedastic_proxy_null,0.3,0.0,observable_oracle,250,250,1.0,6,0.024,0.01104477730613677,0.051362123813526464,0,0.0,8.673617379884035e-19,0.015133299495444574
image_like,192,B3_validation,heteroskedastic_proxy_null,0.3,0.0,learned_raw_d2,250,250,1.0,9,0.036,0.019053279530003277,0.06699042240176928,0,0.0,8.673617379884035e-19,0.015133299495444574
image_like,192,B3_validation,heteroskedastic_proxy_null,0.3,0.0,learned_rank_d2,250,250,1.0,10,0.04,0.021869911954542545,0.07205272358126646,0,0.0,8.673617379884035e-19,0.015133299495444574
image_like,192,B3_validation,heteroskedastic_proxy_null,0.8,0.0,latent_ceiling,250,250,1.0,3,0.012,0.0040893198805342975,0.0346807804270196,0,0.0,8.673617379884035e-19,0.015133299495444574
image_like,192,B3_validation,heteroskedastic_proxy_null,0.8,0.0,observable_oracle,250,250,1.0,4,0.016,0.006239224570471175,0.04040980934111918,0,0.0,8.673617379884035e-19,0.015133299495444574
image_like,192,B3_validation,heteroskedastic_proxy_null,0.8,0.0,learned_raw_d2,250,250,1.0,10,0.04,0.021869911954542545,0.07205272358126646,0,0.0,8.673617379884035e-19,0.015133299495444574
image_like,192,B3_validation,heteroskedastic_proxy_null,0.8,0.0,learned_rank_d2,250,250,1.0,15,0.06,0.036694410839108495,0.09662289271688271,1,0.004,0.0007064475340650966,0.02230578556541592
image_like,192,B3_validation,independent_null,0.3,0.0,latent_ceiling,250,250,1.0,9,0.036,0.019053279530003277,0.06699042240176928,0,0.0,8.673617379884035e-19,0.015133299495444574
image_like,192,B3_validation,independent_null,0.3,0.0,observable_oracle,250,250,1.0,2,0.008,0.0021966371203094217,0.02869452958320804,0,0.0,8.673617379884035e-19,0.015133299495444574
image_like,192,B3_validation,independent_null,0.3,0.0,learned_raw_d2,250,250,1.0,15,0.06,0.036694410839108495,0.09662289271688271,0,0.0,8.673617379884035e-19,0.015133299495444574
image_like,192,B3_validation,independent_null,0.3,0.0,learned_rank_d2,250,250,1.0,15,0.06,0.036694410839108495,0.09662289271688271,1,0.004,0.0007064475340650966,0.02230578556541592
image_like,192,B3_validation,independent_null,0.8,0.0,latent_ceiling,250,250,1.0,11,0.044,0.02474379816749356,0.07705777097235189,0,0.0,8.673617379884035e-19,0.015133299495444574
image_like,192,B3_validation,independent_null,0.8,0.0,observable_oracle,250,250,1.0,9,0.036,0.019053279530003277,0.06699042240176928,0,0.0,8.673617379884035e-19,0.015133299495444574
image_like,192,B3_validation,independent_null,0.8,0.0,learned_raw_d2,250,250,1.0,18,0.072,0.04602556925826497,0.11092853510983557,3,0.012,0.0040893198805342975,0.0346807804270196
image_like,192,B3_validation,independent_null,0.8,0.0,learned_rank_d2,250,250,1.0,16,0.064,0.039774745277095874,0.10142149188293179,0,0.0,8.673617379884035e-19,0.015133299495444574
image_like,192,B3_validation,interaction_proxy_null,0.3,0.0,latent_ceiling,250,250,1.0,2,0.008,0.0021966371203094217,0.02869452958320804,0,0.0,8.673617379884035e-19,0.015133299495444574
image_like,192,B3_validation,interaction_proxy_null,0.3,0.0,observable_oracle,250,250,1.0,0,0.0,8.673617379884035e-19,0.015133299495444574,0,0.0,8.673617379884035e-19,0.015133299495444574
image_like,192,B3_validation,interaction_proxy_null,0.3,0.0,learned_raw_d2,250,250,1.0,14,0.056,0.03364764921901088,0.0917907207329439,0,0.0,8.673617379884035e-19,0.015133299495444574
image_like,192,B3_validation,interaction_proxy_null,0.3,0.0,learned_rank_d2,250,250,1.0,11,0.044,0.02474379816749356,0.07705777097235189,0,0.0,8.673617379884035e-19,0.015133299495444574
image_like,192,B3_validation,interaction_proxy_null,0.8,0.0,latent_ceiling,250,250,1.0,5,0.02,0.008572324384058198,0.045955643131568594,0,0.0,8.673617379884035e-19,0.015133299495444574
image_like,192,B3_validation,interaction_proxy_null,0.8,0.0,observable_oracle,250,250,1.0,4,0.016,0.006239224570471175,0.04040980934111918,0,0.0,8.673617379884035e-19,0.015133299495444574
image_like,192,B3_validation,interaction_proxy_null,0.8,0.0,learned_raw_d2,250,250,1.0,15,0.06,0.036694410839108495,0.09662289271688271,0,0.0,8.673617379884035e-19,0.015133299495444574
image_like,192,B3_validation,interaction_proxy_null,0.8,0.0,learned_rank_d2,250,250,1.0,14,0.056,0.03364764921901088,0.0917907207329439,1,0.004,0.0007064475340650966,0.02230578556541592
image_like,192,B3_validation,nonlinear_proxy_null,0.3,0.0,latent_ceiling,250,250,1.0,8,0.032,0.01630236549364963,0.06186240283408649,0,0.0,8.673617379884035e-19,0.015133299495444574
image_like,192,B3_validation,nonlinear_proxy_null,0.3,0.0,observable_oracle,250,250,1.0,9,0.036,0.019053279530003277,0.06699042240176928,0,0.0,8.673617379884035e-19,0.015133299495444574
image_like,192,B3_validation,nonlinear_proxy_null,0.3,0.0,learned_raw_d2,250,250,1.0,12,0.048,0.02766820153069461,0.08201230121318728,1,0.004,0.0007064475340650966,0.02230578556541592
image_like,192,B3_validation,nonlinear_proxy_null,0.3,0.0,learned_rank_d2,250,250,1.0,8,0.032,0.01630236549364963,0.06186240283408649,1,0.004,0.0007064475340650966,0.02230578556541592
image_like,192,B3_validation,nonlinear_proxy_null,0.8,0.0,latent_ceiling,250,250,1.0,10,0.04,0.021869911954542545,0.07205272358126646,0,0.0,8.673617379884035e-19,0.015133299495444574
image_like,192,B3_validation,nonlinear_proxy_null,0.8,0.0,observable_oracle,250,250,1.0,9,0.036,0.019053279530003277,0.06699042240176928,0,0.0,8.673617379884035e-19,0.015133299495444574
image_like,192,B3_validation,nonlinear_proxy_null,0.8,0.0,learned_raw_d2,250,250,1.0,11,0.044,0.02474379816749356,0.07705777097235189,2,0.008,0.0021966371203094217,0.02869452958320804
image_like,192,B3_validation,nonlinear_proxy_null,0.8,0.0,learned_rank_d2,250,250,1.0,16,0.064,0.039774745277095874,0.10142149188293179,2,0.008,0.0021966371203094217,0.02869452958320804
image_like,192,B3_validation,shared_signal,0.3,0.25,latent_ceiling,250,250,1.0,249,0.996,0.9776942144345839,0.9992935524659348,218,0.872,0.824887758249811,0.9078530669255781
image_like,192,B3_validation,shared_signal,0.3,0.25,observable_oracle,250,250,1.0,211,0.844,0.793854055172539,0.8837342347745949,85,0.34,0.2840965884370376,0.4007460674015046
image_like,192,B3_validation,shared_signal,0.3,0.25,learned_raw_d2,250,250,1.0,194,0.776,0.7203647189638117,0.8232816997147029,86,0.344,0.2878747771696037,0.40484681227297487
image_like,192,B3_validation,shared_signal,0.3,0.25,learned_rank_d2,250,250,1.0,182,0.728,0.6696994423569462,0.779399773073131,61,0.244,0.19489716930255266,0.3008510800391149
image_like,192,B3_validation,shared_signal,0.3,0.5,latent_ceiling,250,250,1.0,250,1.0,0.9848667005045553,0.9999999999999998,250,1.0,0.9848667005045553,0.9999999999999998
image_like,192,B3_validation,shared_signal,0.3,0.5,observable_oracle,250,250,1.0,250,1.0,0.9848667005045553,0.9999999999999998,247,0.988,0.9653192195729803,0.9959106801194657
image_like,192,B3_validation,shared_signal,0.3,0.5,learned_raw_d2,250,250,1.0,249,0.996,0.9776942144345839,0.9992935524659348,242,0.968,0.9381375971659135,0.9836976345063503
image_like,192,B3_validation,shared_signal,0.3,0.5,learned_rank_d2,250,250,1.0,249,0.996,0.9776942144345839,0.9992935524659348,229,0.916,0.8750051335864347,0.9444039612333553
image_like,192,B3_validation,shared_signal,0.8,0.25,latent_ceiling,250,250,1.0,249,0.996,0.9776942144345839,0.9992935524659348,222,0.888,0.8428908673839414,0.9213656922075936
image_like,192,B3_validation,shared_signal,0.8,0.25,observable_oracle,250,250,1.0,248,0.992,0.9713054704167919,0.9978033628796906,213,0.852,0.8026659811384634,0.8906801760167434
image_like,192,B3_validation,shared_signal,0.8,0.25,learned_raw_d2,250,250,1.0,243,0.972,0.9433422238771394,0.9863719413991607,197,0.788,0.7331727674153838,0.83411045207524
image_like,192,B3_validation,shared_signal,0.8,0.25,learned_rank_d2,250,250,1.0,238,0.952,0.9179876987868126,0.9723317984693053,177,0.708,0.6488299033041979,0.7608746441056972
image_like,192,B3_validation,shared_signal,0.8,0.5,latent_ceiling,250,250,1.0,250,1.0,0.9848667005045553,0.9999999999999998,250,1.0,0.9848667005045553,0.9999999999999998
image_like,192,B3_validation,shared_signal,0.8,0.5,observable_oracle,250,250,1.0,250,1.0,0.9848667005045553,0.9999999999999998,250,1.0,0.9848667005045553,0.9999999999999998
image_like,192,B3_validation,shared_signal,0.8,0.5,learned_raw_d2,250,250,1.0,250,1.0,0.9848667005045553,0.9999999999999998,250,1.0,0.9848667005045553,0.9999999999999998
image_like,192,B3_validation,shared_signal,0.8,0.5,learned_rank_d2,250,250,1.0,250,1.0,0.9848667005045553,0.9999999999999998,250,1.0,0.9848667005045553,0.9999999999999998
text_like,24,B1_design,additive_proxy_null,0.3,0.0,latent_ceiling,500,500,1.0,16,0.032,0.019791513626571118,0.051344869045441784,0,0.0,4.336808689942018e-19,0.007624340461552241
text_like,24,B1_design,additive_proxy_null,0.3,0.0,observable_oracle,500,500,1.0,10,0.02,0.010899183596210813,0.036420183246879345,0,0.0,4.336808689942018e-19,0.007624340461552241
text_like,24,B1_design,additive_proxy_null,0.3,0.0,learned_raw_d2,500,500,1.0,72,0.144,0.11593807411034973,0.17749045629827542,3,0.006,0.0020425962719602363,0.01749025210405338
text_like,24,B1_design,additive_proxy_null,0.3,0.0,learned_rank_d2,500,500,1.0,82,0.164,0.13412892031587176,0.1989946364742914,6,0.012,0.005510995174027703,0.025930361116447292
text_like,24,B1_design,additive_proxy_null,0.8,0.0,latent_ceiling,500,500,1.0,9,0.018,0.009498193296197078,0.033851670908739286,0,0.0,4.336808689942018e-19,0.007624340461552241
text_like,24,B1_design,additive_proxy_null,0.8,0.0,observable_oracle,500,500,1.0,7,0.014,0.00679778979084349,0.02861306913778529,0,0.0,4.336808689942018e-19,0.007624340461552241
text_like,24,B1_design,additive_proxy_null,0.8,0.0,learned_raw_d2,500,500,1.0,79,0.158,0.1286526978644355,0.19256235101126623,7,0.014,0.00679778979084349,0.02861306913778529
text_like,24,B1_design,additive_proxy_null,0.8,0.0,learned_rank_d2,500,500,1.0,86,0.172,0.1414541198436514,0.20754744749912687,6,0.012,0.005510995174027703,0.025930361116447292
text_like,24,B1_design,heteroskedastic_proxy_null,0.3,0.0,latent_ceiling,500,500,1.0,12,0.024,0.013781314655496986,0.041477057463900756,0,0.0,4.336808689942018e-19,0.007624340461552241
text_like,24,B1_design,heteroskedastic_proxy_null,0.3,0.0,observable_oracle,500,500,1.0,16,0.032,0.019791513626571118,0.051344869045441784,0,0.0,4.336808689942018e-19,0.007624340461552241
text_like,24,B1_design,heteroskedastic_proxy_null,0.3,0.0,learned_raw_d2,500,500,1.0,81,0.162,0.13230178838983928,0.19685226576217005,4,0.008,0.00311531518006224,0.020387035834105168
text_like,24,B1_design,heteroskedastic_proxy_null,0.3,0.0,learned_rank_d2,500,500,1.0,82,0.164,0.13412892031587176,0.1989946364742914,8,0.016,0.008129253033388314,0.03125110853339426
text_like,24,B1_design,heteroskedastic_proxy_null,0.8,0.0,latent_ceiling,500,500,1.0,8,0.016,0.008129253033388314,0.03125110853339426,0,0.0,4.336808689942018e-19,0.007624340461552241
text_like,24,B1_design,heteroskedastic_proxy_null,0.8,0.0,observable_oracle,500,500,1.0,12,0.024,0.013781314655496986,0.041477057463900756,0,0.0,4.336808689942018e-19,0.007624340461552241
text_like,24,B1_design,heteroskedastic_proxy_null,0.8,0.0,learned_raw_d2,500,500,1.0,83,0.166,0.13595774323101012,0.2011353161973068,6,0.012,0.005510995174027703,0.025930361116447292
text_like,24,B1_design,heteroskedastic_proxy_null,0.8,0.0,learned_rank_d2,500,500,1.0,84,0.168,0.13778823297684417,0.20327432908962656,9,0.018,0.009498193296197078,0.033851670908739286
text_like,24,B1_design,independent_null,0.3,0.0,latent_ceiling,500,500,1.0,11,0.022,0.012328008269927582,0.03896086121131637,0,0.0,4.336808689942018e-19,0.007624340461552241
text_like,24,B1_design,independent_null,0.3,0.0,observable_oracle,500,500,1.0,14,0.028,0.01675097472075645,0.04644640267494888,0,0.0,4.336808689942018e-19,0.007624340461552241
text_like,24,B1_design,independent_null,0.3,0.0,learned_raw_d2,500,500,1.0,67,0.134,0.10691500187152081,0.16666601534633546,4,0.008,0.00311531518006224,0.020387035834105168
text_like,24,B1_design,independent_null,0.3,0.0,learned_rank_d2,500,500,1.0,67,0.134,0.10691500187152081,0.16666601534633546,8,0.016,0.008129253033388314,0.03125110853339426
text_like,24,B1_design,independent_null,0.8,0.0,latent_ceiling,500,500,1.0,9,0.018,0.009498193296197078,0.033851670908739286,0,0.0,4.336808689942018e-19,0.007624340461552241
text_like,24,B1_design,independent_null,0.8,0.0,observable_oracle,500,500,1.0,14,0.028,0.01675097472075645,0.04644640267494888,0,0.0,4.336808689942018e-19,0.007624340461552241
text_like,24,B1_design,independent_null,0.8,0.0,learned_raw_d2,500,500,1.0,69,0.138,0.1105180088988837,0.17100201359528017,5,0.01,0.004278753896590496,0.023193099755730702
text_like,24,B1_design,independent_null,0.8,0.0,learned_rank_d2,500,500,1.0,66,0.132,0.10511672384831994,0.1644947907313825,3,0.006,0.0020425962719602363,0.01749025210405338
text_like,24,B1_design,interaction_proxy_null,0.3,0.0,latent_ceiling,500,500,1.0,12,0.024,0.013781314655496986,0.041477057463900756,0,0.0,4.336808689942018e-19,0.007624340461552241
text_like,24,B1_design,interaction_proxy_null,0.3,0.0,observable_oracle,500,500,1.0,6,0.012,0.005510995174027703,0.025930361116447292,0,0.0,4.336808689942018e-19,0.007624340461552241
text_like,24,B1_design,interaction_proxy_null,0.3,0.0,learned_raw_d2,500,500,1.0,78,0.156,0.126830791403845,0.19041475483370296,7,0.014,0.00679778979084349,0.02861306913778529
text_like,24,B1_design,interaction_proxy_null,0.3,0.0,learned_rank_d2,500,500,1.0,83,0.166,0.13595774323101012,0.2011353161973068,6,0.012,0.005510995174027703,0.025930361116447292
text_like,24,B1_design,interaction_proxy_null,0.8,0.0,latent_ceiling,500,500,1.0,19,0.038,0.024460118055830385,0.05858477253064388,0,0.0,4.336808689942018e-19,0.007624340461552241
text_like,24,B1_design,interaction_proxy_null,0.8,0.0,observable_oracle,500,500,1.0,20,0.04,0.026040797389777257,0.060973595834850805,0,0.0,4.336808689942018e-19,0.007624340461552241
text_like,24,B1_design,interaction_proxy_null,0.8,0.0,learned_raw_d2,500,500,1.0,85,0.17,0.13962036610396117,0.20541169860066333,6,0.012,0.005510995174027703,0.025930361116447292
text_like,24,B1_design,interaction_proxy_null,0.8,0.0,learned_rank_d2,500,500,1.0,75,0.15,0.12137595769138819,0.18396108063169836,6,0.012,0.005510995174027703,0.025930361116447292
text_like,24,B1_design,nonlinear_proxy_null,0.3,0.0,latent_ceiling,500,500,1.0,12,0.024,0.013781314655496986,0.041477057463900756,0,0.0,4.336808689942018e-19,0.007624340461552241
text_like,24,B1_design,nonlinear_proxy_null,0.3,0.0,observable_oracle,500,500,1.0,11,0.022,0.012328008269927582,0.03896086121131637,0,0.0,4.336808689942018e-19,0.007624340461552241
text_like,24,B1_design,nonlinear_proxy_null,0.3,0.0,learned_raw_d2,500,500,1.0,69,0.138,0.1105180088988837,0.17100201359528017,8,0.016,0.008129253033388314,0.03125110853339426
text_like,24,B1_design,nonlinear_proxy_null,0.3,0.0,learned_rank_d2,500,500,1.0,77,0.154,0.1250106802783401,0.18826536332105404,7,0.014,0.00679778979084349,0.02861306913778529
text_like,24,B1_design,nonlinear_proxy_null,0.8,0.0,latent_ceiling,500,500,1.0,10,0.02,0.010899183596210813,0.036420183246879345,0,0.0,4.336808689942018e-19,0.007624340461552241
text_like,24,B1_design,nonlinear_proxy_null,0.8,0.0,observable_oracle,500,500,1.0,8,0.016,0.008129253033388314,0.03125110853339426,0,0.0,4.336808689942018e-19,0.007624340461552241
text_like,24,B1_design,nonlinear_proxy_null,0.8,0.0,learned_raw_d2,500,500,1.0,73,0.146,0.11774876682646929,0.1796492662203097,7,0.014,0.00679778979084349,0.02861306913778529
text_like,24,B1_design,nonlinear_proxy_null,0.8,0.0,learned_rank_d2,500,500,1.0,76,0.152,0.12319239267380164,0.18611414828743875,2,0.004,0.0010976305226827934,0.014465715215177033
text_like,24,B1_design,shared_signal,0.3,0.25,latent_ceiling,500,500,1.0,155,0.31,0.2710389112735686,0.3518583381018213,0,0.0,4.336808689942018e-19,0.007624340461552241
text_like,24,B1_design,shared_signal,0.3,0.25,observable_oracle,500,500,1.0,80,0.16,0.13047637235016407,0.19470817916369149,0,0.0,4.336808689942018e-19,0.007624340461552241
text_like,24,B1_design,shared_signal,0.3,0.25,learned_raw_d2,500,500,1.0,170,0.34,0.29983885845371416,0.3826009304939827,14,0.028,0.01675097472075645,0.04644640267494888
text_like,24,B1_design,shared_signal,0.3,0.25,learned_rank_d2,500,500,1.0,156,0.312,0.27295294872528497,0.3539138032882587,15,0.03,0.018263213197913384,0.04890366683594573
text_like,24,B1_design,shared_signal,0.3,0.5,latent_ceiling,500,500,1.0,372,0.744,0.7039870300464813,0.7802922918082812,26,0.052,0.035730265115705276,0.07510114393784553
text_like,24,B1_design,shared_signal,0.3,0.5,observable_oracle,500,500,1.0,189,0.378,0.3365807935394356,0.42127954553318325,7,0.014,0.00679778979084349,0.02861306913778529
text_like,24,B1_design,shared_signal,0.3,0.5,learned_raw_d2,500,500,1.0,267,0.534,0.4901823223055243,0.5772992225430903,38,0.076,0.055869027037427826,0.10259641367396849
text_like,24,B1_design,shared_signal,0.3,0.5,learned_rank_d2,500,500,1.0,248,0.496,0.45237314911404547,0.539687845609647,40,0.08,0.059298129409852594,0.1071063165778513
text_like,24,B1_design,shared_signal,0.8,0.25,latent_ceiling,500,500,1.0,127,0.254,0.21782025491518664,0.2939309205918972,1,0.002,0.00035313639455927456,0.011240706705146758
text_like,24,B1_design,shared_signal,0.8,0.25,observable_oracle,500,500,1.0,117,0.234,0.1990046985940334,0.2730514505315124,3,0.006,0.0020425962719602363,0.01749025210405338
text_like,24,B1_design,shared_signal,0.8,0.25,learned_raw_d2,500,500,1.0,201,0.402,0.359928740326145,0.44556563040431935,27,0.054,0.03737435018105752,0.07742656151064709
text_like,24,B1_design,shared_signal,0.8,0.25,learned_rank_d2,500,500,1.0,198,0.396,0.35408170350275736,0.4395041593132456,21,0.042,0.027632310108451703,0.06335158575433016
text_like,24,B1_design,shared_signal,0.8,0.5,latent_ceiling,500,500,1.0,361,0.722,0.6811514003636959,0.7594633924713748,25,0.05,0.034093745243849435,0.0727681611715476
text_like,24,B1_design,shared_signal,0.8,0.5,observable_oracle,500,500,1.0,331,0.662,0.6194427380354692,0.7020869756549879,16,0.032,0.019791513626571118,0.051344869045441784
text_like,24,B1_design,shared_signal,0.8,0.5,learned_raw_d2,500,500,1.0,331,0.662,0.6194427380354692,0.7020869756549879,46,0.092,0.06968272368045207,0.12053873813617456
text_like,24,B1_design,shared_signal,0.8,0.5,learned_rank_d2,500,500,1.0,317,0.634,0.5909042816385175,0.6750523951177865,45,0.09,0.0679425478891394,0.11830941128933344
text_like,24,B2_training_state,additive_proxy_null,0.3,0.0,latent_ceiling,500,500,1.0,16,0.032,0.019791513626571118,0.051344869045441784,0,0.0,4.336808689942018e-19,0.007624340461552241
text_like,24,B2_training_state,additive_proxy_null,0.3,0.0,observable_oracle,500,500,1.0,10,0.02,0.010899183596210813,0.036420183246879345,0,0.0,4.336808689942018e-19,0.007624340461552241
text_like,24,B2_training_state,additive_proxy_null,0.3,0.0,learned_raw_d2,500,500,1.0,62,0.124,0.09794609113930344,0.15578741288778383,3,0.006,0.0020425962719602363,0.01749025210405338
text_like,24,B2_training_state,additive_proxy_null,0.3,0.0,learned_rank_d2,500,500,1.0,75,0.15,0.12137595769138819,0.18396108063169836,7,0.014,0.00679778979084349,0.02861306913778529
text_like,24,B2_training_state,additive_proxy_null,0.8,0.0,latent_ceiling,500,500,1.0,14,0.028,0.01675097472075645,0.04644640267494888,0,0.0,4.336808689942018e-19,0.007624340461552241
text_like,24,B2_training_state,additive_proxy_null,0.8,0.0,observable_oracle,500,500,1.0,10,0.02,0.010899183596210813,0.036420183246879345,0,0.0,4.336808689942018e-19,0.007624340461552241
text_like,24,B2_training_state,additive_proxy_null,0.8,0.0,learned_raw_d2,500,500,1.0,68,0.136,0.10871544340723721,0.16883507644877283,3,0.006,0.0020425962719602363,0.01749025210405338
text_like,24,B2_training_state,additive_proxy_null,0.8,0.0,learned_rank_d2,500,500,1.0,70,0.14,0.11232266018786358,0.17316686494445405,2,0.004,0.0010976305226827934,0.014465715215177033
text_like,24,B2_training_state,heteroskedastic_proxy_null,0.3,0.0,latent_ceiling,500,500,1.0,9,0.018,0.009498193296197078,0.033851670908739286,0,0.0,4.336808689942018e-19,0.007624340461552241
text_like,24,B2_training_state,heteroskedastic_proxy_null,0.3,0.0,observable_oracle,500,500,1.0,12,0.024,0.013781314655496986,0.041477057463900756,1,0.002,0.00035313639455927456,0.011240706705146758
text_like,24,B2_training_state,heteroskedastic_proxy_null,0.3,0.0,learned_raw_d2,500,500,1.0,85,0.17,0.13962036610396117,0.20541169860066333,3,0.006,0.0020425962719602363,0.01749025210405338
text_like,24,B2_training_state,heteroskedastic_proxy_null,0.3,0.0,learned_rank_d2,500,500,1.0,72,0.144,0.11593807411034973,0.17749045629827542,5,0.01,0.004278753896590496,0.023193099755730702
text_like,24,B2_training_state,heteroskedastic_proxy_null,0.8,0.0,latent_ceiling,500,500,1.0,12,0.024,0.013781314655496986,0.041477057463900756,0,0.0,4.336808689942018e-19,0.007624340461552241
text_like,24,B2_training_state,heteroskedastic_proxy_null,0.8,0.0,observable_oracle,500,500,1.0,14,0.028,0.01675097472075645,0.04644640267494888,0,0.0,4.336808689942018e-19,0.007624340461552241
text_like,24,B2_training_state,heteroskedastic_proxy_null,0.8,0.0,learned_raw_d2,500,500,1.0,86,0.172,0.1414541198436514,0.20754744749912687,8,0.016,0.008129253033388314,0.03125110853339426
text_like,24,B2_training_state,heteroskedastic_proxy_null,0.8,0.0,learned_rank_d2,500,500,1.0,86,0.172,0.1414541198436514,0.20754744749912687,4,0.008,0.00311531518006224,0.020387035834105168
text_like,24,B2_training_state,independent_null,0.3,0.0,latent_ceiling,500,500,1.0,11,0.022,0.012328008269927582,0.03896086121131637,0,0.0,4.336808689942018e-19,0.007624340461552241
text_like,24,B2_training_state,independent_null,0.3,0.0,observable_oracle,500,500,1.0,11,0.022,0.012328008269927582,0.03896086121131637,0,0.0,4.336808689942018e-19,0.007624340461552241
text_like,24,B2_training_state,independent_null,0.3,0.0,learned_raw_d2,500,500,1.0,66,0.132,0.10511672384831994,0.1644947907313825,2,0.004,0.0010976305226827934,0.014465715215177033
text_like,24,B2_training_state,independent_null,0.3,0.0,learned_rank_d2,500,500,1.0,63,0.126,0.09973528894537706,0.15796771771986404,2,0.004,0.0010976305226827934,0.014465715215177033
text_like,24,B2_training_state,independent_null,0.8,0.0,latent_ceiling,500,500,1.0,9,0.018,0.009498193296197078,0.033851670908739286,0,0.0,4.336808689942018e-19,0.007624340461552241
text_like,24,B2_training_state,independent_null,0.8,0.0,observable_oracle,500,500,1.0,15,0.03,0.018263213197913384,0.04890366683594573,0,0.0,4.336808689942018e-19,0.007624340461552241
text_like,24,B2_training_state,independent_null,0.8,0.0,learned_raw_d2,500,500,1.0,68,0.136,0.10871544340723721,0.16883507644877283,1,0.002,0.00035313639455927456,0.011240706705146758
text_like,24,B2_training_state,independent_null,0.8,0.0,learned_rank_d2,500,500,1.0,62,0.124,0.09794609113930344,0.15578741288778383,2,0.004,0.0010976305226827934,0.014465715215177033
text_like,24,B2_training_state,interaction_proxy_null,0.3,0.0,latent_ceiling,500,500,1.0,10,0.02,0.010899183596210813,0.036420183246879345,0,0.0,4.336808689942018e-19,0.007624340461552241
text_like,24,B2_training_state,interaction_proxy_null,0.3,0.0,observable_oracle,500,500,1.0,7,0.014,0.00679778979084349,0.02861306913778529,0,0.0,4.336808689942018e-19,0.007624340461552241
text_like,24,B2_training_state,interaction_proxy_null,0.3,0.0,learned_raw_d2,500,500,1.0,70,0.14,0.11232266018786358,0.17316686494445405,4,0.008,0.00311531518006224,0.020387035834105168
text_like,24,B2_training_state,interaction_proxy_null,0.3,0.0,learned_rank_d2,500,500,1.0,78,0.156,0.126830791403845,0.19041475483370296,3,0.006,0.0020425962719602363,0.01749025210405338
text_like,24,B2_training_state,interaction_proxy_null,0.8,0.0,latent_ceiling,500,500,1.0,15,0.03,0.018263213197913384,0.04890366683594573,0,0.0,4.336808689942018e-19,0.007624340461552241
text_like,24,B2_training_state,interaction_proxy_null,0.8,0.0,observable_oracle,500,500,1.0,16,0.032,0.019791513626571118,0.051344869045441784,0,0.0,4.336808689942018e-19,0.007624340461552241
text_like,24,B2_training_state,interaction_proxy_null,0.8,0.0,learned_raw_d2,500,500,1.0,67,0.134,0.10691500187152081,0.16666601534633546,3,0.006,0.0020425962719602363,0.01749025210405338
text_like,24,B2_training_state,interaction_proxy_null,0.8,0.0,learned_rank_d2,500,500,1.0,66,0.132,0.10511672384831994,0.1644947907313825,3,0.006,0.0020425962719602363,0.01749025210405338
text_like,24,B2_training_state,nonlinear_proxy_null,0.3,0.0,latent_ceiling,500,500,1.0,13,0.026,0.015256383923327248,0.04397149083422428,0,0.0,4.336808689942018e-19,0.007624340461552241
text_like,24,B2_training_state,nonlinear_proxy_null,0.3,0.0,observable_oracle,500,500,1.0,12,0.024,0.013781314655496986,0.041477057463900756,0,0.0,4.336808689942018e-19,0.007624340461552241
text_like,24,B2_training_state,nonlinear_proxy_null,0.3,0.0,learned_raw_d2,500,500,1.0,69,0.138,0.1105180088988837,0.17100201359528017,0,0.0,4.336808689942018e-19,0.007624340461552241
text_like,24,B2_training_state,nonlinear_proxy_null,0.3,0.0,learned_rank_d2,500,500,1.0,71,0.142,0.114129360445696,0.1753296673247754,3,0.006,0.0020425962719602363,0.01749025210405338
text_like,24,B2_training_state,nonlinear_proxy_null,0.8,0.0,latent_ceiling,500,500,1.0,11,0.022,0.012328008269927582,0.03896086121131637,0,0.0,4.336808689942018e-19,0.007624340461552241
text_like,24,B2_training_state,nonlinear_proxy_null,0.8,0.0,observable_oracle,500,500,1.0,8,0.016,0.008129253033388314,0.03125110853339426,0,0.0,4.336808689942018e-19,0.007624340461552241
text_like,24,B2_training_state,nonlinear_proxy_null,0.8,0.0,learned_raw_d2,500,500,1.0,57,0.114,0.08903690099400285,0.1448490898423155,3,0.006,0.0020425962719602363,0.01749025210405338
text_like,24,B2_training_state,nonlinear_proxy_null,0.8,0.0,learned_rank_d2,500,500,1.0,54,0.108,0.08372280963705037,0.13825467328480662,3,0.006,0.0020425962719602363,0.01749025210405338
text_like,24,B2_training_state,shared_signal,0.3,0.25,latent_ceiling,500,500,1.0,158,0.316,0.27678362811990814,0.3580221291699432,1,0.002,0.00035313639455927456,0.011240706705146758
text_like,24,B2_training_state,shared_signal,0.3,0.25,observable_oracle,500,500,1.0,83,0.166,0.13595774323101012,0.2011353161973068,4,0.008,0.00311531518006224,0.020387035834105168
text_like,24,B2_training_state,shared_signal,0.3,0.25,learned_raw_d2,500,500,1.0,151,0.302,0.26339155087985655,0.3436276879429182,10,0.02,0.010899183596210813,0.036420183246879345
text_like,24,B2_training_state,shared_signal,0.3,0.25,learned_rank_d2,500,500,1.0,141,0.282,0.2443364332272433,0.32298777921399346,13,0.026,0.015256383923327248,0.04397149083422428
text_like,24,B2_training_state,shared_signal,0.3,0.5,latent_ceiling,500,500,1.0,376,0.752,0.7123215407533253,0.7878357916540525,28,0.056,0.03902562068315149,0.0797447936467069
text_like,24,B2_training_state,shared_signal,0.3,0.5,observable_oracle,500,500,1.0,203,0.406,0.3638304421340635,0.4496029338727085,6,0.012,0.005510995174027703,0.025930361116447292
text_like,24,B2_training_state,shared_signal,0.3,0.5,learned_raw_d2,500,500,1.0,232,0.464,0.42072818700752684,0.5078207655057051,18,0.036,0.02289106098029272,0.056184326968027755
text_like,24,B2_training_state,shared_signal,0.3,0.5,learned_rank_d2,500,500,1.0,212,0.424,0.381424117793864,0.46773478195629203,15,0.03,0.018263213197913384,0.04890366683594573
text_like,24,B2_training_state,shared_signal,0.8,0.25,latent_ceiling,500,500,1.0,140,0.28,0.2424360430412755,0.3209186667618076,2,0.004,0.0010976305226827934,0.014465715215177033
text_like,24,B2_training_state,shared_signal,0.8,0.25,observable_oracle,500,500,1.0,131,0.262,0.22537626941723765,0.30225291664246134,4,0.008,0.00311531518006224,0.020387035834105168
text_like,24,B2_training_state,shared_signal,0.8,0.25,learned_raw_d2,500,500,1.0,187,0.374,0.33269999999487937,0.41722133380143184,14,0.028,0.01675097472075645,0.04644640267494888
text_like,24,B2_training_state,shared_signal,0.8,0.25,learned_rank_d2,500,500,1.0,178,0.356,0.3152745600260401,0.398921250026887,16,0.032,0.019791513626571118,0.051344869045441784
text_like,24,B2_training_state,shared_signal,0.8,0.5,latent_ceiling,500,500,1.0,376,0.752,0.7123215407533253,0.7878357916540525,20,0.04,0.026040797389777257,0.060973595834850805
text_like,24,B2_training_state,shared_signal,0.8,0.5,observable_oracle,500,500,1.0,363,0.726,0.685294423777199,0.7632593743341793,16,0.032,0.019791513626571118,0.051344869045441784
text_like,24,B2_training_state,shared_signal,0.8,0.5,learned_raw_d2,500,500,1.0,311,0.622,0.5787204544668169,0.6634192064605645,46,0.092,0.06968272368045207,0.12053873813617456
text_like,24,B2_training_state,shared_signal,0.8,0.5,learned_rank_d2,500,500,1.0,288,0.576,0.532265218043708,0.618575882206136,47,0.094,0.0714264085922213,0.12276455586255913
text_like,24,B3_validation,additive_proxy_null,0.3,0.0,latent_ceiling,500,500,1.0,15,0.03,0.018263213197913384,0.04890366683594573,0,0.0,4.336808689942018e-19,0.007624340461552241
text_like,24,B3_validation,additive_proxy_null,0.3,0.0,observable_oracle,500,500,1.0,8,0.016,0.008129253033388314,0.03125110853339426,0,0.0,4.336808689942018e-19,0.007624340461552241
text_like,24,B3_validation,additive_proxy_null,0.3,0.0,learned_raw_d2,500,500,1.0,57,0.114,0.08903690099400285,0.1448490898423155,3,0.006,0.0020425962719602363,0.01749025210405338
text_like,24,B3_validation,additive_proxy_null,0.3,0.0,learned_rank_d2,500,500,1.0,58,0.116,0.09081365651103794,0.1470418369634342,2,0.004,0.0010976305226827934,0.014465715215177033
text_like,24,B3_validation,additive_proxy_null,0.8,0.0,latent_ceiling,500,500,1.0,13,0.026,0.015256383923327248,0.04397149083422428,0,0.0,4.336808689942018e-19,0.007624340461552241
text_like,24,B3_validation,additive_proxy_null,0.8,0.0,observable_oracle,500,500,1.0,8,0.016,0.008129253033388314,0.03125110853339426,0,0.0,4.336808689942018e-19,0.007624340461552241
text_like,24,B3_validation,additive_proxy_null,0.8,0.0,learned_raw_d2,500,500,1.0,77,0.154,0.1250106802783401,0.18826536332105404,6,0.012,0.005510995174027703,0.025930361116447292
text_like,24,B3_validation,additive_proxy_null,0.8,0.0,learned_rank_d2,500,500,1.0,77,0.154,0.1250106802783401,0.18826536332105404,5,0.01,0.004278753896590496,0.023193099755730702
text_like,24,B3_validation,heteroskedastic_proxy_null,0.3,0.0,latent_ceiling,500,500,1.0,10,0.02,0.010899183596210813,0.036420183246879345,0,0.0,4.336808689942018e-19,0.007624340461552241
text_like,24,B3_validation,heteroskedastic_proxy_null,0.3,0.0,observable_oracle,500,500,1.0,8,0.016,0.008129253033388314,0.03125110853339426,1,0.002,0.00035313639455927456,0.011240706705146758
text_like,24,B3_validation,heteroskedastic_proxy_null,0.3,0.0,learned_raw_d2,500,500,1.0,75,0.15,0.12137595769138819,0.18396108063169836,5,0.01,0.004278753896590496,0.023193099755730702
text_like,24,B3_validation,heteroskedastic_proxy_null,0.3,0.0,learned_rank_d2,500,500,1.0,82,0.164,0.13412892031587176,0.1989946364742914,5,0.01,0.004278753896590496,0.023193099755730702
text_like,24,B3_validation,heteroskedastic_proxy_null,0.8,0.0,latent_ceiling,500,500,1.0,10,0.02,0.010899183596210813,0.036420183246879345,0,0.0,4.336808689942018e-19,0.007624340461552241
text_like,24,B3_validation,heteroskedastic_proxy_null,0.8,0.0,observable_oracle,500,500,1.0,10,0.02,0.010899183596210813,0.036420183246879345,0,0.0,4.336808689942018e-19,0.007624340461552241
text_like,24,B3_validation,heteroskedastic_proxy_null,0.8,0.0,learned_raw_d2,500,500,1.0,84,0.168,0.13778823297684417,0.20327432908962656,5,0.01,0.004278753896590496,0.023193099755730702
text_like,24,B3_validation,heteroskedastic_proxy_null,0.8,0.0,learned_rank_d2,500,500,1.0,81,0.162,0.13230178838983928,0.19685226576217005,6,0.012,0.005510995174027703,0.025930361116447292
text_like,24,B3_validation,independent_null,0.3,0.0,latent_ceiling,500,500,1.0,11,0.022,0.012328008269927582,0.03896086121131637,0,0.0,4.336808689942018e-19,0.007624340461552241
text_like,24,B3_validation,independent_null,0.3,0.0,observable_oracle,500,500,1.0,14,0.028,0.01675097472075645,0.04644640267494888,0,0.0,4.336808689942018e-19,0.007624340461552241
text_like,24,B3_validation,independent_null,0.3,0.0,learned_raw_d2,500,500,1.0,60,0.12,0.09437490012636912,0.1514195986244106,3,0.006,0.0020425962719602363,0.01749025210405338
text_like,24,B3_validation,independent_null,0.3,0.0,learned_rank_d2,500,500,1.0,65,0.13,0.10332065036463456,0.16232136157691412,5,0.01,0.004278753896590496,0.023193099755730702
text_like,24,B3_validation,independent_null,0.8,0.0,latent_ceiling,500,500,1.0,10,0.02,0.010899183596210813,0.036420183246879345,0,0.0,4.336808689942018e-19,0.007624340461552241
text_like,24,B3_validation,independent_null,0.8,0.0,observable_oracle,500,500,1.0,14,0.028,0.01675097472075645,0.04644640267494888,0,0.0,4.336808689942018e-19,0.007624340461552241
text_like,24,B3_validation,independent_null,0.8,0.0,learned_raw_d2,500,500,1.0,57,0.114,0.08903690099400285,0.1448490898423155,7,0.014,0.00679778979084349,0.02861306913778529
text_like,24,B3_validation,independent_null,0.8,0.0,learned_rank_d2,500,500,1.0,60,0.12,0.09437490012636912,0.1514195986244106,3,0.006,0.0020425962719602363,0.01749025210405338
text_like,24,B3_validation,interaction_proxy_null,0.3,0.0,latent_ceiling,500,500,1.0,13,0.026,0.015256383923327248,0.04397149083422428,0,0.0,4.336808689942018e-19,0.007624340461552241
text_like,24,B3_validation,interaction_proxy_null,0.3,0.0,observable_oracle,500,500,1.0,7,0.014,0.00679778979084349,0.02861306913778529,0,0.0,4.336808689942018e-19,0.007624340461552241
text_like,24,B3_validation,interaction_proxy_null,0.3,0.0,learned_raw_d2,500,500,1.0,61,0.122,0.0961592783150937,0.15360472307383977,4,0.008,0.00311531518006224,0.020387035834105168
text_like,24,B3_validation,interaction_proxy_null,0.3,0.0,learned_rank_d2,500,500,1.0,69,0.138,0.1105180088988837,0.17100201359528017,4,0.008,0.00311531518006224,0.020387035834105168
text_like,24,B3_validation,interaction_proxy_null,0.8,0.0,latent_ceiling,500,500,1.0,14,0.028,0.01675097472075645,0.04644640267494888,0,0.0,4.336808689942018e-19,0.007624340461552241
text_like,24,B3_validation,interaction_proxy_null,0.8,0.0,observable_oracle,500,500,1.0,12,0.024,0.013781314655496986,0.041477057463900756,0,0.0,4.336808689942018e-19,0.007624340461552241
text_like,24,B3_validation,interaction_proxy_null,0.8,0.0,learned_raw_d2,500,500,1.0,68,0.136,0.10871544340723721,0.16883507644877283,6,0.012,0.005510995174027703,0.025930361116447292
text_like,24,B3_validation,interaction_proxy_null,0.8,0.0,learned_rank_d2,500,500,1.0,68,0.136,0.10871544340723721,0.16883507644877283,3,0.006,0.0020425962719602363,0.01749025210405338
text_like,24,B3_validation,nonlinear_proxy_null,0.3,0.0,latent_ceiling,500,500,1.0,14,0.028,0.01675097472075645,0.04644640267494888,0,0.0,4.336808689942018e-19,0.007624340461552241
text_like,24,B3_validation,nonlinear_proxy_null,0.3,0.0,observable_oracle,500,500,1.0,15,0.03,0.018263213197913384,0.04890366683594573,1,0.002,0.00035313639455927456,0.011240706705146758
text_like,24,B3_validation,nonlinear_proxy_null,0.3,0.0,learned_raw_d2,500,500,1.0,74,0.148,0.1195614053892054,0.18180613029572734,6,0.012,0.005510995174027703,0.025930361116447292
text_like,24,B3_validation,nonlinear_proxy_null,0.3,0.0,learned_rank_d2,500,500,1.0,76,0.152,0.12319239267380164,0.18611414828743875,6,0.012,0.005510995174027703,0.025930361116447292
text_like,24,B3_validation,nonlinear_proxy_null,0.8,0.0,latent_ceiling,500,500,1.0,14,0.028,0.01675097472075645,0.04644640267494888,0,0.0,4.336808689942018e-19,0.007624340461552241
text_like,24,B3_validation,nonlinear_proxy_null,0.8,0.0,observable_oracle,500,500,1.0,6,0.012,0.005510995174027703,0.025930361116447292,0,0.0,4.336808689942018e-19,0.007624340461552241
text_like,24,B3_validation,nonlinear_proxy_null,0.8,0.0,learned_raw_d2,500,500,1.0,59,0.118,0.09259300825150649,0.14923198786111944,4,0.008,0.00311531518006224,0.020387035834105168
text_like,24,B3_validation,nonlinear_proxy_null,0.8,0.0,learned_rank_d2,500,500,1.0,53,0.106,0.08195705027297034,0.13605093001073285,5,0.01,0.004278753896590496,0.023193099755730702
text_like,24,B3_validation,shared_signal,0.3,0.25,latent_ceiling,500,500,1.0,163,0.326,0.28637531603524746,0.3682779544453728,1,0.002,0.00035313639455927456,0.011240706705146758
text_like,24,B3_validation,shared_signal,0.3,0.25,observable_oracle,500,500,1.0,86,0.172,0.1414541198436514,0.20754744749912687,1,0.002,0.00035313639455927456,0.011240706705146758
text_like,24,B3_validation,shared_signal,0.3,0.25,learned_raw_d2,500,500,1.0,144,0.288,0.250043271115854,0.32918944923984417,9,0.018,0.009498193296197078,0.033851670908739286
text_like,24,B3_validation,shared_signal,0.3,0.25,learned_rank_d2,500,500,1.0,132,0.264,0.22726783141305193,0.3043308572848008,10,0.02,0.010899183596210813,0.036420183246879345
text_like,24,B3_validation,shared_signal,0.3,0.5,latent_ceiling,500,500,1.0,388,0.776,0.7374303353251315,0.8103610287400917,25,0.05,0.034093745243849435,0.0727681611715476
text_like,24,B3_validation,shared_signal,0.3,0.5,observable_oracle,500,500,1.0,215,0.43,0.38730164759035934,0.4737657600742581,4,0.008,0.00311531518006224,0.020387035834105168
text_like,24,B3_validation,shared_signal,0.3,0.5,learned_raw_d2,500,500,1.0,225,0.45,0.4069396517813318,0.4938227822648235,25,0.05,0.034093745243849435,0.0727681611715476
text_like,24,B3_validation,shared_signal,0.3,0.5,learned_rank_d2,500,500,1.0,203,0.406,0.3638304421340635,0.4496029338727085,21,0.042,0.027632310108451703,0.06335158575433016
text_like,24,B3_validation,shared_signal,0.8,0.25,latent_ceiling,500,500,1.0,156,0.312,0.27295294872528497,0.3539138032882587,3,0.006,0.0020425962719602363,0.01749025210405338
text_like,24,B3_validation,shared_signal,0.8,0.25,observable_oracle,500,500,1.0,143,0.286,0.24814005321609287,0.3271231645014515,4,0.008,0.00311531518006224,0.020387035834105168
text_like,24,B3_validation,shared_signal,0.8,0.25,learned_raw_d2,500,500,1.0,186,0.372,0.3307607484885237,0.4151910826696337,11,0.022,0.012328008269927582,0.03896086121131637
text_like,24,B3_validation,shared_signal,0.8,0.25,learned_rank_d2,500,500,1.0,178,0.356,0.3152745600260401,0.398921250026887,10,0.02,0.010899183596210813,0.036420183246879345
text_like,24,B3_validation,shared_signal,0.8,0.5,latent_ceiling,500,500,1.0,379,0.758,0.7185836488729677,0.7934821914488713,31,0.062,0.044019209142681565,0.08665971310163822
text_like,24,B3_validation,shared_signal,0.8,0.5,observable_oracle,500,500,1.0,364,0.728,0.6873673929547526,0.7651559077947796,22,0.044,0.02923395562860718,0.06571944287232845
text_like,24,B3_validation,shared_signal,0.8,0.5,learned_raw_d2,500,500,1.0,289,0.578,0.534276977868969,0.6205336250190289,39,0.078,0.05758139347616159,0.10485354987338852
text_like,24,B3_validation,shared_signal,0.8,0.5,learned_rank_d2,500,500,1.0,270,0.54,0.4961751552930624,0.5832148974700135,32,0.064,0.04569601604478943,0.08895240883768415
text_like,48,B1_design,additive_proxy_null,0.3,0.0,latent_ceiling,500,500,1.0,16,0.032,0.019791513626571118,0.051344869045441784,0,0.0,4.336808689942018e-19,0.007624340461552241
text_like,48,B1_design,additive_proxy_null,0.3,0.0,observable_oracle,500,500,1.0,18,0.036,0.02289106098029272,0.056184326968027755,0,0.0,4.336808689942018e-19,0.007624340461552241
text_like,48,B1_design,additive_proxy_null,0.3,0.0,learned_raw_d2,500,500,1.0,42,0.084,0.06274413680383038,0.1115993144601811,2,0.004,0.0010976305226827934,0.014465715215177033
text_like,48,B1_design,additive_proxy_null,0.3,0.0,learned_rank_d2,500,500,1.0,50,0.1,0.07667756273730172,0.1294219096319401,3,0.006,0.0020425962719602363,0.01749025210405338
text_like,48,B1_design,additive_proxy_null,0.8,0.0,latent_ceiling,500,500,1.0,11,0.022,0.012328008269927582,0.03896086121131637,0,0.0,4.336808689942018e-19,0.007624340461552241
text_like,48,B1_design,additive_proxy_null,0.8,0.0,observable_oracle,500,500,1.0,9,0.018,0.009498193296197078,0.033851670908739286,0,0.0,4.336808689942018e-19,0.007624340461552241
text_like,48,B1_design,additive_proxy_null,0.8,0.0,learned_raw_d2,500,500,1.0,28,0.056,0.03902562068315149,0.0797447936467069,2,0.004,0.0010976305226827934,0.014465715215177033
text_like,48,B1_design,additive_proxy_null,0.8,0.0,learned_rank_d2,500,500,1.0,38,0.076,0.055869027037427826,0.10259641367396849,2,0.004,0.0010976305226827934,0.014465715215177033
text_like,48,B1_design,heteroskedastic_proxy_null,0.3,0.0,latent_ceiling,500,500,1.0,13,0.026,0.015256383923327248,0.04397149083422428,0,0.0,4.336808689942018e-19,0.007624340461552241
text_like,48,B1_design,heteroskedastic_proxy_null,0.3,0.0,observable_oracle,500,500,1.0,11,0.022,0.012328008269927582,0.03896086121131637,0,0.0,4.336808689942018e-19,0.007624340461552241
text_like,48,B1_design,heteroskedastic_proxy_null,0.3,0.0,learned_raw_d2,500,500,1.0,38,0.076,0.055869027037427826,0.10259641367396849,0,0.0,4.336808689942018e-19,0.007624340461552241
text_like,48,B1_design,heteroskedastic_proxy_null,0.3,0.0,learned_rank_d2,500,500,1.0,38,0.076,0.055869027037427826,0.10259641367396849,1,0.002,0.00035313639455927456,0.011240706705146758
text_like,48,B1_design,heteroskedastic_proxy_null,0.8,0.0,latent_ceiling,500,500,1.0,11,0.022,0.012328008269927582,0.03896086121131637,0,0.0,4.336808689942018e-19,0.007624340461552241
text_like,48,B1_design,heteroskedastic_proxy_null,0.8,0.0,observable_oracle,500,500,1.0,10,0.02,0.010899183596210813,0.036420183246879345,0,0.0,4.336808689942018e-19,0.007624340461552241
text_like,48,B1_design,heteroskedastic_proxy_null,0.8,0.0,learned_raw_d2,500,500,1.0,34,0.068,0.04906650742490687,0.0935209227338743,1,0.002,0.00035313639455927456,0.011240706705146758
text_like,48,B1_design,heteroskedastic_proxy_null,0.8,0.0,learned_rank_d2,500,500,1.0,41,0.082,0.06101908946846894,0.10935485915738875,3,0.006,0.0020425962719602363,0.01749025210405338
text_like,48,B1_design,independent_null,0.3,0.0,latent_ceiling,500,500,1.0,16,0.032,0.019791513626571118,0.051344869045441784,0,0.0,4.336808689942018e-19,0.007624340461552241
text_like,48,B1_design,independent_null,0.3,0.0,observable_oracle,500,500,1.0,11,0.022,0.012328008269927582,0.03896086121131637,0,0.0,4.336808689942018e-19,0.007624340461552241
text_like,48,B1_design,independent_null,0.3,0.0,learned_raw_d2,500,500,1.0,28,0.056,0.03902562068315149,0.0797447936467069,1,0.002,0.00035313639455927456,0.011240706705146758
text_like,48,B1_design,independent_null,0.3,0.0,learned_rank_d2,500,500,1.0,32,0.064,0.04569601604478943,0.08895240883768415,2,0.004,0.0010976305226827934,0.014465715215177033
text_like,48,B1_design,independent_null,0.8,0.0,latent_ceiling,500,500,1.0,14,0.028,0.01675097472075645,0.04644640267494888,0,0.0,4.336808689942018e-19,0.007624340461552241
text_like,48,B1_design,independent_null,0.8,0.0,observable_oracle,500,500,1.0,9,0.018,0.009498193296197078,0.033851670908739286,0,0.0,4.336808689942018e-19,0.007624340461552241
text_like,48,B1_design,independent_null,0.8,0.0,learned_raw_d2,500,500,1.0,37,0.074,0.054161184751011976,0.10033475332223055,0,0.0,4.336808689942018e-19,0.007624340461552241
text_like,48,B1_design,independent_null,0.8,0.0,learned_rank_d2,500,500,1.0,33,0.066,0.04737852635977387,0.09123940116085351,2,0.004,0.0010976305226827934,0.014465715215177033
text_like,48,B1_design,interaction_proxy_null,0.3,0.0,latent_ceiling,500,500,1.0,11,0.022,0.012328008269927582,0.03896086121131637,0,0.0,4.336808689942018e-19,0.007624340461552241
text_like,48,B1_design,interaction_proxy_null,0.3,0.0,observable_oracle,500,500,1.0,9,0.018,0.009498193296197078,0.033851670908739286,0,0.0,4.336808689942018e-19,0.007624340461552241
text_like,48,B1_design,interaction_proxy_null,0.3,0.0,learned_raw_d2,500,500,1.0,31,0.062,0.044019209142681565,0.08665971310163822,1,0.002,0.00035313639455927456,0.011240706705146758
text_like,48,B1_design,interaction_proxy_null,0.3,0.0,learned_rank_d2,500,500,1.0,43,0.086,0.06447314240360771,0.11383981149855754,0,0.0,4.336808689942018e-19,0.007624340461552241
text_like,48,B1_design,interaction_proxy_null,0.8,0.0,latent_ceiling,500,500,1.0,14,0.028,0.01675097472075645,0.04644640267494888,0,0.0,4.336808689942018e-19,0.007624340461552241
text_like,48,B1_design,interaction_proxy_null,0.8,0.0,observable_oracle,500,500,1.0,17,0.034,0.02133451980853219,0.053771365501634506,0,0.0,4.336808689942018e-19,0.007624340461552241
text_like,48,B1_design,interaction_proxy_null,0.8,0.0,learned_raw_d2,500,500,1.0,30,0.06,0.0423483564809462,0.08436106312521979,2,0.004,0.0010976305226827934,0.014465715215177033
text_like,48,B1_design,interaction_proxy_null,0.8,0.0,learned_rank_d2,500,500,1.0,36,0.072,0.0524580314181262,0.09806840401696253,2,0.004,0.0010976305226827934,0.014465715215177033
text_like,48,B1_design,nonlinear_proxy_null,0.3,0.0,latent_ceiling,500,500,1.0,19,0.038,0.024460118055830385,0.05858477253064388,1,0.002,0.00035313639455927456,0.011240706705146758
text_like,48,B1_design,nonlinear_proxy_null,0.3,0.0,observable_oracle,500,500,1.0,19,0.038,0.024460118055830385,0.05858477253064388,0,0.0,4.336808689942018e-19,0.007624340461552241
text_like,48,B1_design,nonlinear_proxy_null,0.3,0.0,learned_raw_d2,500,500,1.0,38,0.076,0.055869027037427826,0.10259641367396849,2,0.004,0.0010976305226827934,0.014465715215177033
text_like,48,B1_design,nonlinear_proxy_null,0.3,0.0,learned_rank_d2,500,500,1.0,39,0.078,0.05758139347616159,0.10485354987338852,1,0.002,0.00035313639455927456,0.011240706705146758
text_like,48,B1_design,nonlinear_proxy_null,0.8,0.0,latent_ceiling,500,500,1.0,12,0.024,0.013781314655496986,0.041477057463900756,1,0.002,0.00035313639455927456,0.011240706705146758
text_like,48,B1_design,nonlinear_proxy_null,0.8,0.0,observable_oracle,500,500,1.0,15,0.03,0.018263213197913384,0.04890366683594573,1,0.002,0.00035313639455927456,0.011240706705146758
text_like,48,B1_design,nonlinear_proxy_null,0.8,0.0,learned_raw_d2,500,500,1.0,40,0.08,0.059298129409852594,0.1071063165778513,2,0.004,0.0010976305226827934,0.014465715215177033
text_like,48,B1_design,nonlinear_proxy_null,0.8,0.0,learned_rank_d2,500,500,1.0,54,0.108,0.08372280963705037,0.13825467328480662,0,0.0,4.336808689942018e-19,0.007624340461552241
text_like,48,B1_design,shared_signal,0.3,0.25,latent_ceiling,500,500,1.0,276,0.552,0.508179738010616,0.5950273305813826,28,0.056,0.03902562068315149,0.0797447936467069
text_like,48,B1_design,shared_signal,0.3,0.25,observable_oracle,500,500,1.0,152,0.304,0.26530206305726467,0.34568667840366385,6,0.012,0.005510995174027703,0.025930361116447292
text_like,48,B1_design,shared_signal,0.3,0.25,learned_raw_d2,500,500,1.0,179,0.358,0.317207603401289,0.40095770928979185,25,0.05,0.034093745243849435,0.0727681611715476
text_like,48,B1_design,shared_signal,0.3,0.25,learned_rank_d2,500,500,1.0,173,0.346,0.30562123178807926,0.3887270650740789,23,0.046,0.030845108370816204,0.06807779276827323
text_like,48,B1_design,shared_signal,0.3,0.5,latent_ceiling,500,500,1.0,489,0.978,0.9610391387886836,0.9876719917300725,221,0.442,0.3990759531428234,0.4858084703507167
text_like,48,B1_design,shared_signal,0.3,0.5,observable_oracle,500,500,1.0,361,0.722,0.6811514003636959,0.7594633924713748,47,0.094,0.0714264085922213,0.12276455586255913
text_like,48,B1_design,shared_signal,0.3,0.5,learned_raw_d2,500,500,1.0,338,0.676,0.6337715143893493,0.7155447177681845,96,0.192,0.15987621859588308,0.22882037512843312
text_like,48,B1_design,shared_signal,0.3,0.5,learned_rank_d2,500,500,1.0,329,0.658,0.6153562150800094,0.6982344933341402,78,0.156,0.126830791403845,0.19041475483370296
text_like,48,B1_design,shared_signal,0.8,0.25,latent_ceiling,500,500,1.0,288,0.576,0.532265218043708,0.618575882206136,29,0.058,0.0406837291117572,0.08205618785625499
text_like,48,B1_design,shared_signal,0.8,0.25,observable_oracle,500,500,1.0,262,0.524,0.48020822109105976,0.5674258105667859,13,0.026,0.015256383923327248,0.04397149083422428
text_like,48,B1_design,shared_signal,0.8,0.25,learned_raw_d2,500,500,1.0,258,0.516,0.4722414643366831,0.5595145567685472,47,0.094,0.0714264085922213,0.12276455586255913
text_like,48,B1_design,shared_signal,0.8,0.25,learned_rank_d2,500,500,1.0,251,0.502,0.45832636322986225,0.5456431394082917,45,0.09,0.0679425478891394,0.11830941128933344
text_like,48,B1_design,shared_signal,0.8,0.5,latent_ceiling,500,500,1.0,488,0.976,0.9585229425360993,0.986218685344503,212,0.424,0.381424117793864,0.46773478195629203
text_like,48,B1_design,shared_signal,0.8,0.5,observable_oracle,500,500,1.0,478,0.956,0.9342805571276716,0.9707660443713928,191,0.382,0.3404646252341933,0.4253347191147331
text_like,48,B1_design,shared_signal,0.8,0.5,learned_raw_d2,500,500,1.0,455,0.91,0.8816905887106666,0.9320574521108606,188,0.376,0.3346400158192325,0.4192508206152326
text_like,48,B1_design,shared_signal,0.8,0.5,learned_rank_d2,500,500,1.0,424,0.848,0.8138858517125613,0.8768076073261983,171,0.342,0.3017655066658599,0.38464378491999074
text_like,48,B2_training_state,additive_proxy_null,0.3,0.0,latent_ceiling,500,500,1.0,12,0.024,0.013781314655496986,0.041477057463900756,0,0.0,4.336808689942018e-19,0.007624340461552241
text_like,48,B2_training_state,additive_proxy_null,0.3,0.0,observable_oracle,500,500,1.0,16,0.032,0.019791513626571118,0.051344869045441784,0,0.0,4.336808689942018e-19,0.007624340461552241
text_like,48,B2_training_state,additive_proxy_null,0.3,0.0,learned_raw_d2,500,500,1.0,45,0.09,0.0679425478891394,0.11830941128933344,0,0.0,4.336808689942018e-19,0.007624340461552241
text_like,48,B2_training_state,additive_proxy_null,0.3,0.0,learned_rank_d2,500,500,1.0,44,0.088,0.06620598447492893,0.11607647206539012,0,0.0,4.336808689942018e-19,0.007624340461552241
text_like,48,B2_training_state,additive_proxy_null,0.8,0.0,latent_ceiling,500,500,1.0,11,0.022,0.012328008269927582,0.03896086121131637,0,0.0,4.336808689942018e-19,0.007624340461552241
text_like,48,B2_training_state,additive_proxy_null,0.8,0.0,observable_oracle,500,500,1.0,11,0.022,0.012328008269927582,0.03896086121131637,0,0.0,4.336808689942018e-19,0.007624340461552241
text_like,48,B2_training_state,additive_proxy_null,0.8,0.0,learned_raw_d2,500,500,1.0,40,0.08,0.059298129409852594,0.1071063165778513,3,0.006,0.0020425962719602363,0.01749025210405338
text_like,48,B2_training_state,additive_proxy_null,0.8,0.0,learned_rank_d2,500,500,1.0,45,0.09,0.0679425478891394,0.11830941128933344,2,0.004,0.0010976305226827934,0.014465715215177033
text_like,48,B2_training_state,heteroskedastic_proxy_null,0.3,0.0,latent_ceiling,500,500,1.0,17,0.034,0.02133451980853219,0.053771365501634506,0,0.0,4.336808689942018e-19,0.007624340461552241
text_like,48,B2_training_state,heteroskedastic_proxy_null,0.3,0.0,observable_oracle,500,500,1.0,8,0.016,0.008129253033388314,0.03125110853339426,0,0.0,4.336808689942018e-19,0.007624340461552241
text_like,48,B2_training_state,heteroskedastic_proxy_null,0.3,0.0,learned_raw_d2,500,500,1.0,34,0.068,0.04906650742490687,0.0935209227338743,0,0.0,4.336808689942018e-19,0.007624340461552241
text_like,48,B2_training_state,heteroskedastic_proxy_null,0.3,0.0,learned_rank_d2,500,500,1.0,35,0.07,0.0507597429450181,0.09579718985191686,0,0.0,4.336808689942018e-19,0.007624340461552241
text_like,48,B2_training_state,heteroskedastic_proxy_null,0.8,0.0,latent_ceiling,500,500,1.0,11,0.022,0.012328008269927582,0.03896086121131637,0,0.0,4.336808689942018e-19,0.007624340461552241
text_like,48,B2_training_state,heteroskedastic_proxy_null,0.8,0.0,observable_oracle,500,500,1.0,10,0.02,0.010899183596210813,0.036420183246879345,0,0.0,4.336808689942018e-19,0.007624340461552241
text_like,48,B2_training_state,heteroskedastic_proxy_null,0.8,0.0,learned_raw_d2,500,500,1.0,44,0.088,0.06620598447492893,0.11607647206539012,1,0.002,0.00035313639455927456,0.011240706705146758
text_like,48,B2_training_state,heteroskedastic_proxy_null,0.8,0.0,learned_rank_d2,500,500,1.0,38,0.076,0.055869027037427826,0.10259641367396849,1,0.002,0.00035313639455927456,0.011240706705146758
text_like,48,B2_training_state,independent_null,0.3,0.0,latent_ceiling,500,500,1.0,14,0.028,0.01675097472075645,0.04644640267494888,0,0.0,4.336808689942018e-19,0.007624340461552241
text_like,48,B2_training_state,independent_null,0.3,0.0,observable_oracle,500,500,1.0,10,0.02,0.010899183596210813,0.036420183246879345,0,0.0,4.336808689942018e-19,0.007624340461552241
text_like,48,B2_training_state,independent_null,0.3,0.0,learned_raw_d2,500,500,1.0,27,0.054,0.03737435018105752,0.07742656151064709,1,0.002,0.00035313639455927456,0.011240706705146758
text_like,48,B2_training_state,independent_null,0.3,0.0,learned_rank_d2,500,500,1.0,32,0.064,0.04569601604478943,0.08895240883768415,2,0.004,0.0010976305226827934,0.014465715215177033
text_like,48,B2_training_state,independent_null,0.8,0.0,latent_ceiling,500,500,1.0,16,0.032,0.019791513626571118,0.051344869045441784,0,0.0,4.336808689942018e-19,0.007624340461552241
text_like,48,B2_training_state,independent_null,0.8,0.0,observable_oracle,500,500,1.0,12,0.024,0.013781314655496986,0.041477057463900756,0,0.0,4.336808689942018e-19,0.007624340461552241
text_like,48,B2_training_state,independent_null,0.8,0.0,learned_raw_d2,500,500,1.0,33,0.066,0.04737852635977387,0.09123940116085351,1,0.002,0.00035313639455927456,0.011240706705146758
text_like,48,B2_training_state,independent_null,0.8,0.0,learned_rank_d2,500,500,1.0,33,0.066,0.04737852635977387,0.09123940116085351,1,0.002,0.00035313639455927456,0.011240706705146758
text_like,48,B2_training_state,interaction_proxy_null,0.3,0.0,latent_ceiling,500,500,1.0,10,0.02,0.010899183596210813,0.036420183246879345,0,0.0,4.336808689942018e-19,0.007624340461552241
text_like,48,B2_training_state,interaction_proxy_null,0.3,0.0,observable_oracle,500,500,1.0,9,0.018,0.009498193296197078,0.033851670908739286,0,0.0,4.336808689942018e-19,0.007624340461552241
text_like,48,B2_training_state,interaction_proxy_null,0.3,0.0,learned_raw_d2,500,500,1.0,44,0.088,0.06620598447492893,0.11607647206539012,1,0.002,0.00035313639455927456,0.011240706705146758
text_like,48,B2_training_state,interaction_proxy_null,0.3,0.0,learned_rank_d2,500,500,1.0,36,0.072,0.0524580314181262,0.09806840401696253,1,0.002,0.00035313639455927456,0.011240706705146758
text_like,48,B2_training_state,interaction_proxy_null,0.8,0.0,latent_ceiling,500,500,1.0,15,0.03,0.018263213197913384,0.04890366683594573,0,0.0,4.336808689942018e-19,0.007624340461552241
text_like,48,B2_training_state,interaction_proxy_null,0.8,0.0,observable_oracle,500,500,1.0,17,0.034,0.02133451980853219,0.053771365501634506,0,0.0,4.336808689942018e-19,0.007624340461552241
text_like,48,B2_training_state,interaction_proxy_null,0.8,0.0,learned_raw_d2,500,500,1.0,47,0.094,0.0714264085922213,0.12276455586255913,2,0.004,0.0010976305226827934,0.014465715215177033
text_like,48,B2_training_state,interaction_proxy_null,0.8,0.0,learned_rank_d2,500,500,1.0,45,0.09,0.0679425478891394,0.11830941128933344,4,0.008,0.00311531518006224,0.020387035834105168
text_like,48,B2_training_state,nonlinear_proxy_null,0.3,0.0,latent_ceiling,500,500,1.0,17,0.034,0.02133451980853219,0.053771365501634506,0,0.0,4.336808689942018e-19,0.007624340461552241
text_like,48,B2_training_state,nonlinear_proxy_null,0.3,0.0,observable_oracle,500,500,1.0,15,0.03,0.018263213197913384,0.04890366683594573,0,0.0,4.336808689942018e-19,0.007624340461552241
text_like,48,B2_training_state,nonlinear_proxy_null,0.3,0.0,learned_raw_d2,500,500,1.0,35,0.07,0.0507597429450181,0.09579718985191686,4,0.008,0.00311531518006224,0.020387035834105168
text_like,48,B2_training_state,nonlinear_proxy_null,0.3,0.0,learned_rank_d2,500,500,1.0,37,0.074,0.054161184751011976,0.10033475332223055,3,0.006,0.0020425962719602363,0.01749025210405338
text_like,48,B2_training_state,nonlinear_proxy_null,0.8,0.0,latent_ceiling,500,500,1.0,13,0.026,0.015256383923327248,0.04397149083422428,1,0.002,0.00035313639455927456,0.011240706705146758
text_like,48,B2_training_state,nonlinear_proxy_null,0.8,0.0,observable_oracle,500,500,1.0,14,0.028,0.01675097472075645,0.04644640267494888,1,0.002,0.00035313639455927456,0.011240706705146758
text_like,48,B2_training_state,nonlinear_proxy_null,0.8,0.0,learned_raw_d2,500,500,1.0,38,0.076,0.055869027037427826,0.10259641367396849,4,0.008,0.00311531518006224,0.020387035834105168
text_like,48,B2_training_state,nonlinear_proxy_null,0.8,0.0,learned_rank_d2,500,500,1.0,37,0.074,0.054161184751011976,0.10033475332223055,1,0.002,0.00035313639455927456,0.011240706705146758
text_like,48,B2_training_state,shared_signal,0.3,0.25,latent_ceiling,500,500,1.0,301,0.602,0.5584746124497376,0.6439700220961057,33,0.066,0.04737852635977387,0.09123940116085351
text_like,48,B2_training_state,shared_signal,0.3,0.25,observable_oracle,500,500,1.0,149,0.298,0.2595732118784324,0.3395070216680347,7,0.014,0.00679778979084349,0.02861306913778529
text_like,48,B2_training_state,shared_signal,0.3,0.25,learned_raw_d2,500,500,1.0,170,0.34,0.29983885845371416,0.3826009304939827,23,0.046,0.030845108370816204,0.06807779276827323
text_like,48,B2_training_state,shared_signal,0.3,0.25,learned_rank_d2,500,500,1.0,153,0.306,0.26721346373113636,0.3477447803679459,25,0.05,0.034093745243849435,0.0727681611715476
text_like,48,B2_training_state,shared_signal,0.3,0.5,latent_ceiling,500,500,1.0,490,0.98,0.9635798167531208,0.9891008164037892,236,0.472,0.42862273473006285,0.5158042283357841
text_like,48,B2_training_state,shared_signal,0.3,0.5,observable_oracle,500,500,1.0,382,0.764,0.7248556437078593,0.7991187045284411,54,0.108,0.08372280963705037,0.13825467328480662
text_like,48,B2_training_state,shared_signal,0.3,0.5,learned_raw_d2,500,500,1.0,345,0.69,0.6481416618981787,0.7289610887264314,86,0.172,0.1414541198436514,0.20754744749912687
text_like,48,B2_training_state,shared_signal,0.3,0.5,learned_rank_d2,500,500,1.0,322,0.644,0.601078749973113,0.68472543997396,76,0.152,0.12319239267380164,0.18611414828743875
text_like,48,B2_training_state,shared_signal,0.8,0.25,latent_ceiling,500,500,1.0,300,0.6,0.5564541227024271,0.6420210092052625,33,0.066,0.04737852635977387,0.09123940116085351
text_like,48,B2_training_state,shared_signal,0.8,0.25,observable_oracle,500,500,1.0,265,0.53,0.4861905914242533,0.5733519481480536,17,0.034,0.02133451980853219,0.053771365501634506
text_like,48,B2_training_state,shared_signal,0.8,0.25,learned_raw_d2,500,500,1.0,253,0.506,0.4622986388334935,0.5496098690809679,34,0.068,0.04906650742490687,0.0935209227338743
text_like,48,B2_training_state,shared_signal,0.8,0.25,learned_rank_d2,500,500,1.0,235,0.47,0.4266480518519465,0.5138094085757468,39,0.078,0.05758139347616159,0.10485354987338852
text_like,48,B2_training_state,shared_signal,0.8,0.5,latent_ceiling,500,500,1.0,492,0.984,0.9687488914666058,0.9918707469666117,246,0.492,0.44840780608924286,0.535714183358142
text_like,48,B2_training_state,shared_signal,0.8,0.5,observable_oracle,500,500,1.0,482,0.964,0.9438156730319722,0.9771089390197072,214,0.428,0.38534175538940585,0.4717561496370578
text_like,48,B2_training_state,shared_signal,0.8,0.5,learned_raw_d2,500,500,1.0,453,0.906,0.8772354441374409,0.9285735914077787,204,0.408,0.3657823909308153,0.45162048771411034
text_like,48,B2_training_state,shared_signal,0.8,0.5,learned_rank_d2,500,500,1.0,423,0.846,0.811734636678946,0.8749893197216598,189,0.378,0.3365807935394356,0.42127954553318325
text_like,48,B3_validation,additive_proxy_null,0.3,0.0,latent_ceiling,500,500,1.0,12,0.024,0.013781314655496986,0.041477057463900756,0,0.0,4.336808689942018e-19,0.007624340461552241
text_like,48,B3_validation,additive_proxy_null,0.3,0.0,observable_oracle,500,500,1.0,16,0.032,0.019791513626571118,0.051344869045441784,0,0.0,4.336808689942018e-19,0.007624340461552241
text_like,48,B3_validation,additive_proxy_null,0.3,0.0,learned_raw_d2,500,500,1.0,45,0.09,0.0679425478891394,0.11830941128933344,1,0.002,0.00035313639455927456,0.011240706705146758
text_like,48,B3_validation,additive_proxy_null,0.3,0.0,learned_rank_d2,500,500,1.0,45,0.09,0.0679425478891394,0.11830941128933344,1,0.002,0.00035313639455927456,0.011240706705146758
text_like,48,B3_validation,additive_proxy_null,0.8,0.0,latent_ceiling,500,500,1.0,11,0.022,0.012328008269927582,0.03896086121131637,0,0.0,4.336808689942018e-19,0.007624340461552241
text_like,48,B3_validation,additive_proxy_null,0.8,0.0,observable_oracle,500,500,1.0,12,0.024,0.013781314655496986,0.041477057463900756,0,0.0,4.336808689942018e-19,0.007624340461552241
text_like,48,B3_validation,additive_proxy_null,0.8,0.0,learned_raw_d2,500,500,1.0,35,0.07,0.0507597429450181,0.09579718985191686,4,0.008,0.00311531518006224,0.020387035834105168
text_like,48,B3_validation,additive_proxy_null,0.8,0.0,learned_rank_d2,500,500,1.0,42,0.084,0.06274413680383038,0.1115993144601811,6,0.012,0.005510995174027703,0.025930361116447292
text_like,48,B3_validation,heteroskedastic_proxy_null,0.3,0.0,latent_ceiling,500,500,1.0,19,0.038,0.024460118055830385,0.05858477253064388,0,0.0,4.336808689942018e-19,0.007624340461552241
text_like,48,B3_validation,heteroskedastic_proxy_null,0.3,0.0,observable_oracle,500,500,1.0,12,0.024,0.013781314655496986,0.041477057463900756,0,0.0,4.336808689942018e-19,0.007624340461552241
text_like,48,B3_validation,heteroskedastic_proxy_null,0.3,0.0,learned_raw_d2,500,500,1.0,44,0.088,0.06620598447492893,0.11607647206539012,0,0.0,4.336808689942018e-19,0.007624340461552241
text_like,48,B3_validation,heteroskedastic_proxy_null,0.3,0.0,learned_rank_d2,500,500,1.0,49,0.098,0.07492391886460623,0.12720605086648182,0,0.0,4.336808689942018e-19,0.007624340461552241
text_like,48,B3_validation,heteroskedastic_proxy_null,0.8,0.0,latent_ceiling,500,500,1.0,6,0.012,0.005510995174027703,0.025930361116447292,1,0.002,0.00035313639455927456,0.011240706705146758
text_like,48,B3_validation,heteroskedastic_proxy_null,0.8,0.0,observable_oracle,500,500,1.0,7,0.014,0.00679778979084349,0.02861306913778529,1,0.002,0.00035313639455927456,0.011240706705146758
text_like,48,B3_validation,heteroskedastic_proxy_null,0.8,0.0,learned_raw_d2,500,500,1.0,41,0.082,0.06101908946846894,0.10935485915738875,5,0.01,0.004278753896590496,0.023193099755730702
text_like,48,B3_validation,heteroskedastic_proxy_null,0.8,0.0,learned_rank_d2,500,500,1.0,43,0.086,0.06447314240360771,0.11383981149855754,8,0.016,0.008129253033388314,0.03125110853339426
text_like,48,B3_validation,independent_null,0.3,0.0,latent_ceiling,500,500,1.0,15,0.03,0.018263213197913384,0.04890366683594573,0,0.0,4.336808689942018e-19,0.007624340461552241
text_like,48,B3_validation,independent_null,0.3,0.0,observable_oracle,500,500,1.0,11,0.022,0.012328008269927582,0.03896086121131637,0,0.0,4.336808689942018e-19,0.007624340461552241
text_like,48,B3_validation,independent_null,0.3,0.0,learned_raw_d2,500,500,1.0,34,0.068,0.04906650742490687,0.0935209227338743,2,0.004,0.0010976305226827934,0.014465715215177033
text_like,48,B3_validation,independent_null,0.3,0.0,learned_rank_d2,500,500,1.0,44,0.088,0.06620598447492893,0.11607647206539012,2,0.004,0.0010976305226827934,0.014465715215177033
text_like,48,B3_validation,independent_null,0.8,0.0,latent_ceiling,500,500,1.0,11,0.022,0.012328008269927582,0.03896086121131637,0,0.0,4.336808689942018e-19,0.007624340461552241
text_like,48,B3_validation,independent_null,0.8,0.0,observable_oracle,500,500,1.0,12,0.024,0.013781314655496986,0.041477057463900756,0,0.0,4.336808689942018e-19,0.007624340461552241
text_like,48,B3_validation,independent_null,0.8,0.0,learned_raw_d2,500,500,1.0,32,0.064,0.04569601604478943,0.08895240883768415,1,0.002,0.00035313639455927456,0.011240706705146758
text_like,48,B3_validation,independent_null,0.8,0.0,learned_rank_d2,500,500,1.0,35,0.07,0.0507597429450181,0.09579718985191686,0,0.0,4.336808689942018e-19,0.007624340461552241
text_like,48,B3_validation,interaction_proxy_null,0.3,0.0,latent_ceiling,500,500,1.0,8,0.016,0.008129253033388314,0.03125110853339426,0,0.0,4.336808689942018e-19,0.007624340461552241
text_like,48,B3_validation,interaction_proxy_null,0.3,0.0,observable_oracle,500,500,1.0,7,0.014,0.00679778979084349,0.02861306913778529,0,0.0,4.336808689942018e-19,0.007624340461552241
text_like,48,B3_validation,interaction_proxy_null,0.3,0.0,learned_raw_d2,500,500,1.0,40,0.08,0.059298129409852594,0.1071063165778513,0,0.0,4.336808689942018e-19,0.007624340461552241
text_like,48,B3_validation,interaction_proxy_null,0.3,0.0,learned_rank_d2,500,500,1.0,35,0.07,0.0507597429450181,0.09579718985191686,0,0.0,4.336808689942018e-19,0.007624340461552241
text_like,48,B3_validation,interaction_proxy_null,0.8,0.0,latent_ceiling,500,500,1.0,15,0.03,0.018263213197913384,0.04890366683594573,0,0.0,4.336808689942018e-19,0.007624340461552241
text_like,48,B3_validation,interaction_proxy_null,0.8,0.0,observable_oracle,500,500,1.0,19,0.038,0.024460118055830385,0.05858477253064388,0,0.0,4.336808689942018e-19,0.007624340461552241
text_like,48,B3_validation,interaction_proxy_null,0.8,0.0,learned_raw_d2,500,500,1.0,40,0.08,0.059298129409852594,0.1071063165778513,5,0.01,0.004278753896590496,0.023193099755730702
text_like,48,B3_validation,interaction_proxy_null,0.8,0.0,learned_rank_d2,500,500,1.0,38,0.076,0.055869027037427826,0.10259641367396849,2,0.004,0.0010976305226827934,0.014465715215177033
text_like,48,B3_validation,nonlinear_proxy_null,0.3,0.0,latent_ceiling,500,500,1.0,21,0.042,0.027632310108451703,0.06335158575433016,0,0.0,4.336808689942018e-19,0.007624340461552241
text_like,48,B3_validation,nonlinear_proxy_null,0.3,0.0,observable_oracle,500,500,1.0,12,0.024,0.013781314655496986,0.041477057463900756,0,0.0,4.336808689942018e-19,0.007624340461552241
text_like,48,B3_validation,nonlinear_proxy_null,0.3,0.0,learned_raw_d2,500,500,1.0,37,0.074,0.054161184751011976,0.10033475332223055,4,0.008,0.00311531518006224,0.020387035834105168
text_like,48,B3_validation,nonlinear_proxy_null,0.3,0.0,learned_rank_d2,500,500,1.0,49,0.098,0.07492391886460623,0.12720605086648182,2,0.004,0.0010976305226827934,0.014465715215177033
text_like,48,B3_validation,nonlinear_proxy_null,0.8,0.0,latent_ceiling,500,500,1.0,15,0.03,0.018263213197913384,0.04890366683594573,1,0.002,0.00035313639455927456,0.011240706705146758
text_like,48,B3_validation,nonlinear_proxy_null,0.8,0.0,observable_oracle,500,500,1.0,16,0.032,0.019791513626571118,0.051344869045441784,1,0.002,0.00035313639455927456,0.011240706705146758
text_like,48,B3_validation,nonlinear_proxy_null,0.8,0.0,learned_raw_d2,500,500,1.0,54,0.108,0.08372280963705037,0.13825467328480662,6,0.012,0.005510995174027703,0.025930361116447292
text_like,48,B3_validation,nonlinear_proxy_null,0.8,0.0,learned_rank_d2,500,500,1.0,58,0.116,0.09081365651103794,0.1470418369634342,4,0.008,0.00311531518006224,0.020387035834105168
text_like,48,B3_validation,shared_signal,0.3,0.25,latent_ceiling,500,500,1.0,326,0.652,0.6092325025566356,0.6924496979430526,33,0.066,0.04737852635977387,0.09123940116085351
text_like,48,B3_validation,shared_signal,0.3,0.25,observable_oracle,500,500,1.0,171,0.342,0.3017655066658599,0.38464378491999074,6,0.012,0.005510995174027703,0.025930361116447292
text_like,48,B3_validation,shared_signal,0.3,0.25,learned_raw_d2,500,500,1.0,170,0.34,0.29983885845371416,0.3826009304939827,27,0.054,0.03737435018105752,0.07742656151064709
text_like,48,B3_validation,shared_signal,0.3,0.25,learned_rank_d2,500,500,1.0,164,0.328,0.28829618984058974,0.3703265832781843,19,0.038,0.024460118055830385,0.05858477253064388
text_like,48,B3_validation,shared_signal,0.3,0.5,latent_ceiling,500,500,1.0,490,0.98,0.9635798167531208,0.9891008164037892,256,0.512,0.46826225284987066,0.5555547629790522
text_like,48,B3_validation,shared_signal,0.3,0.5,observable_oracle,500,500,1.0,387,0.774,0.7353316422926235,0.8084902191344461,63,0.126,0.09973528894537706,0.15796771771986404
text_like,48,B3_validation,shared_signal,0.3,0.5,learned_raw_d2,500,500,1.0,328,0.656,0.6133141713377337,0.696307034438262,79,0.158,0.1286526978644355,0.19256235101126623
text_like,48,B3_validation,shared_signal,0.3,0.5,learned_rank_d2,500,500,1.0,310,0.62,0.576692489073785,0.6614776692154425,59,0.118,0.09259300825150649,0.14923198786111944
text_like,48,B3_validation,shared_signal,0.8,0.25,latent_ceiling,500,500,1.0,325,0.65,0.6071928710061952,0.6905198268553391,34,0.068,0.04906650742490687,0.0935209227338743
text_like,48,B3_validation,shared_signal,0.8,0.25,observable_oracle,500,500,1.0,290,0.58,0.5362894568035539,0.6224906487225976,15,0.03,0.018263213197913384,0.04890366683594573
text_like,48,B3_validation,shared_signal,0.8,0.25,learned_raw_d2,500,500,1.0,257,0.514,0.47025151158007206,0.5575350068870044,50,0.1,0.07667756273730172,0.1294219096319401
text_like,48,B3_validation,shared_signal,0.8,0.25,learned_rank_d2,500,500,1.0,223,0.446,0.4030063915853302,0.4898170371845176,47,0.094,0.0714264085922213,0.12276455586255913
text_like,48,B3_validation,shared_signal,0.8,0.5,latent_ceiling,500,500,1.0,494,0.988,0.9740696388835527,0.9944890048259724,267,0.534,0.4901823223055243,0.5772992225430903
text_like,48,B3_validation,shared_signal,0.8,0.5,observable_oracle,500,500,1.0,487,0.974,0.9560285091657758,0.9847436160766728,233,0.466,0.42270077745690987,0.5098176776944758
text_like,48,B3_validation,shared_signal,0.8,0.5,learned_raw_d2,500,500,1.0,440,0.88,0.8485804013755894,0.9056250998736309,192,0.384,0.34240767461779237,0.4273611723692879
text_like,48,B3_validation,shared_signal,0.8,0.5,learned_rank_d2,500,500,1.0,411,0.822,0.7860548114500956,0.8530351132926648,170,0.34,0.29983885845371416,0.3826009304939827
text_like,96,B1_design,additive_proxy_null,0.3,0.0,latent_ceiling,250,250,1.0,10,0.04,0.021869911954542545,0.07205272358126646,0,0.0,8.673617379884035e-19,0.015133299495444574
text_like,96,B1_design,additive_proxy_null,0.3,0.0,observable_oracle,250,250,1.0,7,0.028,0.013628058600839217,0.05665777612286046,0,0.0,8.673617379884035e-19,0.015133299495444574
text_like,96,B1_design,additive_proxy_null,0.3,0.0,learned_raw_d2,250,250,1.0,17,0.068,0.04288591857836033,0.10618925218570377,0,0.0,8.673617379884035e-19,0.015133299495444574
text_like,96,B1_design,additive_proxy_null,0.3,0.0,learned_rank_d2,250,250,1.0,16,0.064,0.039774745277095874,0.10142149188293179,0,0.0,8.673617379884035e-19,0.015133299495444574
text_like,96,B1_design,additive_proxy_null,0.8,0.0,latent_ceiling,250,250,1.0,5,0.02,0.008572324384058198,0.045955643131568594,0,0.0,8.673617379884035e-19,0.015133299495444574
text_like,96,B1_design,additive_proxy_null,0.8,0.0,observable_oracle,250,250,1.0,5,0.02,0.008572324384058198,0.045955643131568594,0,0.0,8.673617379884035e-19,0.015133299495444574
text_like,96,B1_design,additive_proxy_null,0.8,0.0,learned_raw_d2,250,250,1.0,9,0.036,0.019053279530003277,0.06699042240176928,0,0.0,8.673617379884035e-19,0.015133299495444574
text_like,96,B1_design,additive_proxy_null,0.8,0.0,learned_rank_d2,250,250,1.0,10,0.04,0.021869911954542545,0.07205272358126646,0,0.0,8.673617379884035e-19,0.015133299495444574
text_like,96,B1_design,heteroskedastic_proxy_null,0.3,0.0,latent_ceiling,250,250,1.0,7,0.028,0.013628058600839217,0.05665777612286046,1,0.004,0.0007064475340650966,0.02230578556541592
text_like,96,B1_design,heteroskedastic_proxy_null,0.3,0.0,observable_oracle,250,250,1.0,7,0.028,0.013628058600839217,0.05665777612286046,0,0.0,8.673617379884035e-19,0.015133299495444574
text_like,96,B1_design,heteroskedastic_proxy_null,0.3,0.0,learned_raw_d2,250,250,1.0,14,0.056,0.03364764921901088,0.0917907207329439,1,0.004,0.0007064475340650966,0.02230578556541592
text_like,96,B1_design,heteroskedastic_proxy_null,0.3,0.0,learned_rank_d2,250,250,1.0,15,0.06,0.036694410839108495,0.09662289271688271,1,0.004,0.0007064475340650966,0.02230578556541592
text_like,96,B1_design,heteroskedastic_proxy_null,0.8,0.0,latent_ceiling,250,250,1.0,4,0.016,0.006239224570471175,0.04040980934111918,0,0.0,8.673617379884035e-19,0.015133299495444574
text_like,96,B1_design,heteroskedastic_proxy_null,0.8,0.0,observable_oracle,250,250,1.0,5,0.02,0.008572324384058198,0.045955643131568594,0,0.0,8.673617379884035e-19,0.015133299495444574
text_like,96,B1_design,heteroskedastic_proxy_null,0.8,0.0,learned_raw_d2,250,250,1.0,8,0.032,0.01630236549364963,0.06186240283408649,0,0.0,8.673617379884035e-19,0.015133299495444574
text_like,96,B1_design,heteroskedastic_proxy_null,0.8,0.0,learned_rank_d2,250,250,1.0,8,0.032,0.01630236549364963,0.06186240283408649,1,0.004,0.0007064475340650966,0.02230578556541592
text_like,96,B1_design,independent_null,0.3,0.0,latent_ceiling,250,250,1.0,7,0.028,0.013628058600839217,0.05665777612286046,0,0.0,8.673617379884035e-19,0.015133299495444574
text_like,96,B1_design,independent_null,0.3,0.0,observable_oracle,250,250,1.0,7,0.028,0.013628058600839217,0.05665777612286046,0,0.0,8.673617379884035e-19,0.015133299495444574
text_like,96,B1_design,independent_null,0.3,0.0,learned_raw_d2,250,250,1.0,11,0.044,0.02474379816749356,0.07705777097235189,0,0.0,8.673617379884035e-19,0.015133299495444574
text_like,96,B1_design,independent_null,0.3,0.0,learned_rank_d2,250,250,1.0,11,0.044,0.02474379816749356,0.07705777097235189,1,0.004,0.0007064475340650966,0.02230578556541592
text_like,96,B1_design,independent_null,0.8,0.0,latent_ceiling,250,250,1.0,10,0.04,0.021869911954542545,0.07205272358126646,1,0.004,0.0007064475340650966,0.02230578556541592
text_like,96,B1_design,independent_null,0.8,0.0,observable_oracle,250,250,1.0,8,0.032,0.01630236549364963,0.06186240283408649,1,0.004,0.0007064475340650966,0.02230578556541592
text_like,96,B1_design,independent_null,0.8,0.0,learned_raw_d2,250,250,1.0,17,0.068,0.04288591857836033,0.10618925218570377,2,0.008,0.0021966371203094217,0.02869452958320804
text_like,96,B1_design,independent_null,0.8,0.0,learned_rank_d2,250,250,1.0,14,0.056,0.03364764921901088,0.0917907207329439,3,0.012,0.0040893198805342975,0.0346807804270196
text_like,96,B1_design,interaction_proxy_null,0.3,0.0,latent_ceiling,250,250,1.0,5,0.02,0.008572324384058198,0.045955643131568594,0,0.0,8.673617379884035e-19,0.015133299495444574
text_like,96,B1_design,interaction_proxy_null,0.3,0.0,observable_oracle,250,250,1.0,10,0.04,0.021869911954542545,0.07205272358126646,0,0.0,8.673617379884035e-19,0.015133299495444574
text_like,96,B1_design,interaction_proxy_null,0.3,0.0,learned_raw_d2,250,250,1.0,11,0.044,0.02474379816749356,0.07705777097235189,0,0.0,8.673617379884035e-19,0.015133299495444574
text_like,96,B1_design,interaction_proxy_null,0.3,0.0,learned_rank_d2,250,250,1.0,16,0.064,0.039774745277095874,0.10142149188293179,0,0.0,8.673617379884035e-19,0.015133299495444574
text_like,96,B1_design,interaction_proxy_null,0.8,0.0,latent_ceiling,250,250,1.0,4,0.016,0.006239224570471175,0.04040980934111918,0,0.0,8.673617379884035e-19,0.015133299495444574
text_like,96,B1_design,interaction_proxy_null,0.8,0.0,observable_oracle,250,250,1.0,5,0.02,0.008572324384058198,0.045955643131568594,0,0.0,8.673617379884035e-19,0.015133299495444574
text_like,96,B1_design,interaction_proxy_null,0.8,0.0,learned_raw_d2,250,250,1.0,10,0.04,0.021869911954542545,0.07205272358126646,0,0.0,8.673617379884035e-19,0.015133299495444574
text_like,96,B1_design,interaction_proxy_null,0.8,0.0,learned_rank_d2,250,250,1.0,16,0.064,0.039774745277095874,0.10142149188293179,0,0.0,8.673617379884035e-19,0.015133299495444574
text_like,96,B1_design,nonlinear_proxy_null,0.3,0.0,latent_ceiling,250,250,1.0,10,0.04,0.021869911954542545,0.07205272358126646,0,0.0,8.673617379884035e-19,0.015133299495444574
text_like,96,B1_design,nonlinear_proxy_null,0.3,0.0,observable_oracle,250,250,1.0,12,0.048,0.02766820153069461,0.08201230121318728,0,0.0,8.673617379884035e-19,0.015133299495444574
text_like,96,B1_design,nonlinear_proxy_null,0.3,0.0,learned_raw_d2,250,250,1.0,15,0.06,0.036694410839108495,0.09662289271688271,0,0.0,8.673617379884035e-19,0.015133299495444574
text_like,96,B1_design,nonlinear_proxy_null,0.3,0.0,learned_rank_d2,250,250,1.0,15,0.06,0.036694410839108495,0.09662289271688271,0,0.0,8.673617379884035e-19,0.015133299495444574
text_like,96,B1_design,nonlinear_proxy_null,0.8,0.0,latent_ceiling,250,250,1.0,5,0.02,0.008572324384058198,0.045955643131568594,0,0.0,8.673617379884035e-19,0.015133299495444574
text_like,96,B1_design,nonlinear_proxy_null,0.8,0.0,observable_oracle,250,250,1.0,3,0.012,0.0040893198805342975,0.0346807804270196,0,0.0,8.673617379884035e-19,0.015133299495444574
text_like,96,B1_design,nonlinear_proxy_null,0.8,0.0,learned_raw_d2,250,250,1.0,8,0.032,0.01630236549364963,0.06186240283408649,0,0.0,8.673617379884035e-19,0.015133299495444574
text_like,96,B1_design,nonlinear_proxy_null,0.8,0.0,learned_rank_d2,250,250,1.0,8,0.032,0.01630236549364963,0.06186240283408649,0,0.0,8.673617379884035e-19,0.015133299495444574
text_like,96,B1_design,shared_signal,0.3,0.25,latent_ceiling,250,250,1.0,210,0.84,0.7894631614651632,0.8802461948779344,74,0.296,0.24284603162900242,0.3553283545651389
text_like,96,B1_design,shared_signal,0.3,0.25,observable_oracle,250,250,1.0,133,0.532,0.4701311851522348,0.5929002836800568,13,0.052,0.030637655164191247,0.08692178118372709
text_like,96,B1_design,shared_signal,0.3,0.25,learned_raw_d2,250,250,1.0,136,0.544,0.48206040323620214,0.6046078664081989,24,0.096,0.06536188077872192,0.1388658252135973
text_like,96,B1_design,shared_signal,0.3,0.25,learned_rank_d2,250,250,1.0,127,0.508,0.4463779498739719,0.569379917334101,21,0.084,0.05559603876664466,0.12499486641356522
text_like,96,B1_design,shared_signal,0.3,0.5,latent_ceiling,250,250,1.0,249,0.996,0.9776942144345839,0.9992935524659348,241,0.964,0.9330095775982306,0.9809467204699966
text_like,96,B1_design,shared_signal,0.3,0.5,observable_oracle,250,250,1.0,233,0.932,0.8938107478142963,0.9571140814216397,133,0.532,0.4701311851522348,0.5929002836800568
text_like,96,B1_design,shared_signal,0.3,0.5,learned_raw_d2,250,250,1.0,230,0.92,0.8796703567961583,0.9476176716276683,129,0.516,0.45428015272974154,0.5772355816864043
text_like,96,B1_design,shared_signal,0.3,0.5,learned_rank_d2,250,250,1.0,223,0.892,0.8474274415961268,0.9247080515994447,122,0.488,0.42669031031533017,0.5496728888725603
text_like,96,B1_design,shared_signal,0.8,0.25,latent_ceiling,250,250,1.0,218,0.872,0.824887758249811,0.9078530669255781,79,0.316,0.26152437100054704,0.3760446832137765
text_like,96,B1_design,shared_signal,0.8,0.25,observable_oracle,250,250,1.0,202,0.808,0.7546619985365359,0.8520158889742702,57,0.228,0.18034129807610466,0.2838912168494172
text_like,96,B1_design,shared_signal,0.8,0.25,learned_raw_d2,250,250,1.0,204,0.816,0.7633112722157498,0.859124482503129,68,0.272,0.22060022692686898,0.33030055764305366
text_like,96,B1_design,shared_signal,0.8,0.25,learned_rank_d2,250,250,1.0,198,0.792,0.7374559719572936,0.8377061811373668,62,0.248,0.19855156651487427,0.3050756164308297
text_like,96,B1_design,shared_signal,0.8,0.5,latent_ceiling,250,250,1.0,250,1.0,0.9848667005045553,0.9999999999999998,242,0.968,0.9381375971659135,0.9836976345063503
text_like,96,B1_design,shared_signal,0.8,0.5,observable_oracle,250,250,1.0,250,1.0,0.9848667005045553,0.9999999999999998,235,0.94,0.9033771072831172,0.9633055891608915
text_like,96,B1_design,shared_signal,0.8,0.5,learned_raw_d2,250,250,1.0,250,1.0,0.9848667005045553,0.9999999999999998,235,0.94,0.9033771072831172,0.9633055891608915
text_like,96,B1_design,shared_signal,0.8,0.5,learned_rank_d2,250,250,1.0,249,0.996,0.9776942144345839,0.9992935524659348,229,0.916,0.8750051335864347,0.9444039612333553
text_like,96,B2_training_state,additive_proxy_null,0.3,0.0,latent_ceiling,250,250,1.0,7,0.028,0.013628058600839217,0.05665777612286046,0,0.0,8.673617379884035e-19,0.015133299495444574
text_like,96,B2_training_state,additive_proxy_null,0.3,0.0,observable_oracle,250,250,1.0,7,0.028,0.013628058600839217,0.05665777612286046,0,0.0,8.673617379884035e-19,0.015133299495444574
text_like,96,B2_training_state,additive_proxy_null,0.3,0.0,learned_raw_d2,250,250,1.0,10,0.04,0.021869911954542545,0.07205272358126646,0,0.0,8.673617379884035e-19,0.015133299495444574
text_like,96,B2_training_state,additive_proxy_null,0.3,0.0,learned_rank_d2,250,250,1.0,17,0.068,0.04288591857836033,0.10618925218570377,1,0.004,0.0007064475340650966,0.02230578556541592
text_like,96,B2_training_state,additive_proxy_null,0.8,0.0,latent_ceiling,250,250,1.0,4,0.016,0.006239224570471175,0.04040980934111918,0,0.0,8.673617379884035e-19,0.015133299495444574
text_like,96,B2_training_state,additive_proxy_null,0.8,0.0,observable_oracle,250,250,1.0,4,0.016,0.006239224570471175,0.04040980934111918,0,0.0,8.673617379884035e-19,0.015133299495444574
text_like,96,B2_training_state,additive_proxy_null,0.8,0.0,learned_raw_d2,250,250,1.0,16,0.064,0.039774745277095874,0.10142149188293179,0,0.0,8.673617379884035e-19,0.015133299495444574
text_like,96,B2_training_state,additive_proxy_null,0.8,0.0,learned_rank_d2,250,250,1.0,15,0.06,0.036694410839108495,0.09662289271688271,0,0.0,8.673617379884035e-19,0.015133299495444574
text_like,96,B2_training_state,heteroskedastic_proxy_null,0.3,0.0,latent_ceiling,250,250,1.0,7,0.028,0.013628058600839217,0.05665777612286046,1,0.004,0.0007064475340650966,0.02230578556541592
text_like,96,B2_training_state,heteroskedastic_proxy_null,0.3,0.0,observable_oracle,250,250,1.0,7,0.028,0.013628058600839217,0.05665777612286046,0,0.0,8.673617379884035e-19,0.015133299495444574
text_like,96,B2_training_state,heteroskedastic_proxy_null,0.3,0.0,learned_raw_d2,250,250,1.0,11,0.044,0.02474379816749356,0.07705777097235189,1,0.004,0.0007064475340650966,0.02230578556541592
text_like,96,B2_training_state,heteroskedastic_proxy_null,0.3,0.0,learned_rank_d2,250,250,1.0,12,0.048,0.02766820153069461,0.08201230121318728,1,0.004,0.0007064475340650966,0.02230578556541592
text_like,96,B2_training_state,heteroskedastic_proxy_null,0.8,0.0,latent_ceiling,250,250,1.0,6,0.024,0.01104477730613677,0.051362123813526464,0,0.0,8.673617379884035e-19,0.015133299495444574
text_like,96,B2_training_state,heteroskedastic_proxy_null,0.8,0.0,observable_oracle,250,250,1.0,5,0.02,0.008572324384058198,0.045955643131568594,0,0.0,8.673617379884035e-19,0.015133299495444574
text_like,96,B2_training_state,heteroskedastic_proxy_null,0.8,0.0,learned_raw_d2,250,250,1.0,7,0.028,0.013628058600839217,0.05665777612286046,1,0.004,0.0007064475340650966,0.02230578556541592
text_like,96,B2_training_state,heteroskedastic_proxy_null,0.8,0.0,learned_rank_d2,250,250,1.0,10,0.04,0.021869911954542545,0.07205272358126646,1,0.004,0.0007064475340650966,0.02230578556541592
text_like,96,B2_training_state,independent_null,0.3,0.0,latent_ceiling,250,250,1.0,8,0.032,0.01630236549364963,0.06186240283408649,0,0.0,8.673617379884035e-19,0.015133299495444574
text_like,96,B2_training_state,independent_null,0.3,0.0,observable_oracle,250,250,1.0,8,0.032,0.01630236549364963,0.06186240283408649,0,0.0,8.673617379884035e-19,0.015133299495444574
text_like,96,B2_training_state,independent_null,0.3,0.0,learned_raw_d2,250,250,1.0,15,0.06,0.036694410839108495,0.09662289271688271,0,0.0,8.673617379884035e-19,0.015133299495444574
text_like,96,B2_training_state,independent_null,0.3,0.0,learned_rank_d2,250,250,1.0,13,0.052,0.030637655164191247,0.08692178118372709,1,0.004,0.0007064475340650966,0.02230578556541592
text_like,96,B2_training_state,independent_null,0.8,0.0,latent_ceiling,250,250,1.0,7,0.028,0.013628058600839217,0.05665777612286046,0,0.0,8.673617379884035e-19,0.015133299495444574
text_like,96,B2_training_state,independent_null,0.8,0.0,observable_oracle,250,250,1.0,6,0.024,0.01104477730613677,0.051362123813526464,0,0.0,8.673617379884035e-19,0.015133299495444574
text_like,96,B2_training_state,independent_null,0.8,0.0,learned_raw_d2,250,250,1.0,20,0.08,0.052382328372331775,0.12032964320384165,1,0.004,0.0007064475340650966,0.02230578556541592
text_like,96,B2_training_state,independent_null,0.8,0.0,learned_rank_d2,250,250,1.0,21,0.084,0.05559603876664466,0.12499486641356522,1,0.004,0.0007064475340650966,0.02230578556541592
text_like,96,B2_training_state,interaction_proxy_null,0.3,0.0,latent_ceiling,250,250,1.0,6,0.024,0.01104477730613677,0.051362123813526464,0,0.0,8.673617379884035e-19,0.015133299495444574
text_like,96,B2_training_state,interaction_proxy_null,0.3,0.0,observable_oracle,250,250,1.0,5,0.02,0.008572324384058198,0.045955643131568594,0,0.0,8.673617379884035e-19,0.015133299495444574
text_like,96,B2_training_state,interaction_proxy_null,0.3,0.0,learned_raw_d2,250,250,1.0,13,0.052,0.030637655164191247,0.08692178118372709,0,0.0,8.673617379884035e-19,0.015133299495444574
text_like,96,B2_training_state,interaction_proxy_null,0.3,0.0,learned_rank_d2,250,250,1.0,13,0.052,0.030637655164191247,0.08692178118372709,0,0.0,8.673617379884035e-19,0.015133299495444574
text_like,96,B2_training_state,interaction_proxy_null,0.8,0.0,latent_ceiling,250,250,1.0,2,0.008,0.0021966371203094217,0.02869452958320804,0,0.0,8.673617379884035e-19,0.015133299495444574
text_like,96,B2_training_state,interaction_proxy_null,0.8,0.0,observable_oracle,250,250,1.0,6,0.024,0.01104477730613677,0.051362123813526464,0,0.0,8.673617379884035e-19,0.015133299495444574
text_like,96,B2_training_state,interaction_proxy_null,0.8,0.0,learned_raw_d2,250,250,1.0,17,0.068,0.04288591857836033,0.10618925218570377,0,0.0,8.673617379884035e-19,0.015133299495444574
text_like,96,B2_training_state,interaction_proxy_null,0.8,0.0,learned_rank_d2,250,250,1.0,14,0.056,0.03364764921901088,0.0917907207329439,0,0.0,8.673617379884035e-19,0.015133299495444574
text_like,96,B2_training_state,nonlinear_proxy_null,0.3,0.0,latent_ceiling,250,250,1.0,8,0.032,0.01630236549364963,0.06186240283408649,0,0.0,8.673617379884035e-19,0.015133299495444574
text_like,96,B2_training_state,nonlinear_proxy_null,0.3,0.0,observable_oracle,250,250,1.0,6,0.024,0.01104477730613677,0.051362123813526464,0,0.0,8.673617379884035e-19,0.015133299495444574
text_like,96,B2_training_state,nonlinear_proxy_null,0.3,0.0,learned_raw_d2,250,250,1.0,14,0.056,0.03364764921901088,0.0917907207329439,1,0.004,0.0007064475340650966,0.02230578556541592
text_like,96,B2_training_state,nonlinear_proxy_null,0.3,0.0,learned_rank_d2,250,250,1.0,13,0.052,0.030637655164191247,0.08692178118372709,1,0.004,0.0007064475340650966,0.02230578556541592
text_like,96,B2_training_state,nonlinear_proxy_null,0.8,0.0,latent_ceiling,250,250,1.0,3,0.012,0.0040893198805342975,0.0346807804270196,0,0.0,8.673617379884035e-19,0.015133299495444574
text_like,96,B2_training_state,nonlinear_proxy_null,0.8,0.0,observable_oracle,250,250,1.0,2,0.008,0.0021966371203094217,0.02869452958320804,0,0.0,8.673617379884035e-19,0.015133299495444574
text_like,96,B2_training_state,nonlinear_proxy_null,0.8,0.0,learned_raw_d2,250,250,1.0,10,0.04,0.021869911954542545,0.07205272358126646,0,0.0,8.673617379884035e-19,0.015133299495444574
text_like,96,B2_training_state,nonlinear_proxy_null,0.8,0.0,learned_rank_d2,250,250,1.0,13,0.052,0.030637655164191247,0.08692178118372709,0,0.0,8.673617379884035e-19,0.015133299495444574
text_like,96,B2_training_state,shared_signal,0.3,0.25,latent_ceiling,250,250,1.0,224,0.896,0.8519796592920389,0.928034767507569,93,0.372,0.3144464487445396,0.4334276759262941
text_like,96,B2_training_state,shared_signal,0.3,0.25,observable_oracle,250,250,1.0,143,0.572,0.5100329758142415,0.6317878290584145,17,0.068,0.04288591857836033,0.10618925218570377
text_like,96,B2_training_state,shared_signal,0.3,0.25,learned_raw_d2,250,250,1.0,127,0.508,0.4463779498739719,0.569379917334101,26,0.104,0.07196523249243102,0.14802034070796105
text_like,96,B2_training_state,shared_signal,0.3,0.25,learned_rank_d2,250,250,1.0,124,0.496,0.4345537335304875,0.557567332865476,21,0.084,0.05559603876664466,0.12499486641356522
text_like,96,B2_training_state,shared_signal,0.3,0.5,latent_ceiling,250,250,1.0,250,1.0,0.9848667005045553,0.9999999999999998,243,0.972,0.9433422238771394,0.9863719413991607
text_like,96,B2_training_state,shared_signal,0.3,0.5,observable_oracle,250,250,1.0,235,0.94,0.9033771072831172,0.9633055891608915,143,0.572,0.5100329758142415,0.6317878290584145
text_like,96,B2_training_state,shared_signal,0.3,0.5,learned_raw_d2,250,250,1.0,232,0.928,0.8890714648901645,0.953974430741735,138,0.552,0.4900328126787554,0.6123933241737185
text_like,96,B2_training_state,shared_signal,0.3,0.5,learned_rank_d2,250,250,1.0,229,0.916,0.8750051335864347,0.9444039612333553,136,0.544,0.48206040323620214,0.6046078664081989
text_like,96,B2_training_state,shared_signal,0.8,0.25,latent_ceiling,250,250,1.0,222,0.888,0.8428908673839414,0.9213656922075936,91,0.364,0.3068326674814388,0.425283589981322
text_like,96,B2_training_state,shared_signal,0.8,0.25,observable_oracle,250,250,1.0,213,0.852,0.8026659811384634,0.8906801760167434,65,0.26,0.20955021872073462,0.3177137650370787
text_like,96,B2_training_state,shared_signal,0.8,0.25,learned_raw_d2,250,250,1.0,199,0.796,0.7417463408228052,0.8412947458758916,75,0.3,0.2465717791163956,0.3594815406817822
text_like,96,B2_training_state,shared_signal,0.8,0.25,learned_rank_d2,250,250,1.0,196,0.784,0.7288965817807946,0.8305077041057929,63,0.252,0.2022119351253892,0.3092941814243512
text_like,96,B2_training_state,shared_signal,0.8,0.5,latent_ceiling,250,250,1.0,250,1.0,0.9848667005045553,0.9999999999999998,246,0.984,0.9595901906588808,0.9937607754295288
text_like,96,B2_training_state,shared_signal,0.8,0.5,observable_oracle,250,250,1.0,250,1.0,0.9848667005045553,0.9999999999999998,243,0.972,0.9433422238771394,0.9863719413991607
text_like,96,B2_training_state,shared_signal,0.8,0.5,learned_raw_d2,250,250,1.0,250,1.0,0.9848667005045553,0.9999999999999998,235,0.94,0.9033771072831172,0.9633055891608915
text_like,96,B2_training_state,shared_signal,0.8,0.5,learned_rank_d2,250,250,1.0,249,0.996,0.9776942144345839,0.9992935524659348,227,0.908,0.8657382427250239,0.9379129848866933
text_like,96,B3_validation,additive_proxy_null,0.3,0.0,latent_ceiling,250,250,1.0,4,0.016,0.006239224570471175,0.04040980934111918,0,0.0,8.673617379884035e-19,0.015133299495444574
text_like,96,B3_validation,additive_proxy_null,0.3,0.0,observable_oracle,250,250,1.0,9,0.036,0.019053279530003277,0.06699042240176928,0,0.0,8.673617379884035e-19,0.015133299495444574
text_like,96,B3_validation,additive_proxy_null,0.3,0.0,learned_raw_d2,250,250,1.0,15,0.06,0.036694410839108495,0.09662289271688271,0,0.0,8.673617379884035e-19,0.015133299495444574
text_like,96,B3_validation,additive_proxy_null,0.3,0.0,learned_rank_d2,250,250,1.0,21,0.084,0.05559603876664466,0.12499486641356522,0,0.0,8.673617379884035e-19,0.015133299495444574
text_like,96,B3_validation,additive_proxy_null,0.8,0.0,latent_ceiling,250,250,1.0,4,0.016,0.006239224570471175,0.04040980934111918,0,0.0,8.673617379884035e-19,0.015133299495444574
text_like,96,B3_validation,additive_proxy_null,0.8,0.0,observable_oracle,250,250,1.0,6,0.024,0.01104477730613677,0.051362123813526464,0,0.0,8.673617379884035e-19,0.015133299495444574
text_like,96,B3_validation,additive_proxy_null,0.8,0.0,learned_raw_d2,250,250,1.0,13,0.052,0.030637655164191247,0.08692178118372709,0,0.0,8.673617379884035e-19,0.015133299495444574
text_like,96,B3_validation,additive_proxy_null,0.8,0.0,learned_rank_d2,250,250,1.0,19,0.076,0.04919164066173632,0.11564139731040066,0,0.0,8.673617379884035e-19,0.015133299495444574
text_like,96,B3_validation,heteroskedastic_proxy_null,0.3,0.0,latent_ceiling,250,250,1.0,7,0.028,0.013628058600839217,0.05665777612286046,1,0.004,0.0007064475340650966,0.02230578556541592
text_like,96,B3_validation,heteroskedastic_proxy_null,0.3,0.0,observable_oracle,250,250,1.0,6,0.024,0.01104477730613677,0.051362123813526464,0,0.0,8.673617379884035e-19,0.015133299495444574
text_like,96,B3_validation,heteroskedastic_proxy_null,0.3,0.0,learned_raw_d2,250,250,1.0,16,0.064,0.039774745277095874,0.10142149188293179,1,0.004,0.0007064475340650966,0.02230578556541592
text_like,96,B3_validation,heteroskedastic_proxy_null,0.3,0.0,learned_rank_d2,250,250,1.0,18,0.072,0.04602556925826497,0.11092853510983557,1,0.004,0.0007064475340650966,0.02230578556541592
text_like,96,B3_validation,heteroskedastic_proxy_null,0.8,0.0,latent_ceiling,250,250,1.0,6,0.024,0.01104477730613677,0.051362123813526464,0,0.0,8.673617379884035e-19,0.015133299495444574
text_like,96,B3_validation,heteroskedastic_proxy_null,0.8,0.0,observable_oracle,250,250,1.0,5,0.02,0.008572324384058198,0.045955643131568594,0,0.0,8.673617379884035e-19,0.015133299495444574
text_like,96,B3_validation,heteroskedastic_proxy_null,0.8,0.0,learned_raw_d2,250,250,1.0,11,0.044,0.02474379816749356,0.07705777097235189,1,0.004,0.0007064475340650966,0.02230578556541592
text_like,96,B3_validation,heteroskedastic_proxy_null,0.8,0.0,learned_rank_d2,250,250,1.0,11,0.044,0.02474379816749356,0.07705777097235189,1,0.004,0.0007064475340650966,0.02230578556541592
text_like,96,B3_validation,independent_null,0.3,0.0,latent_ceiling,250,250,1.0,6,0.024,0.01104477730613677,0.051362123813526464,0,0.0,8.673617379884035e-19,0.015133299495444574
text_like,96,B3_validation,independent_null,0.3,0.0,observable_oracle,250,250,1.0,8,0.032,0.01630236549364963,0.06186240283408649,0,0.0,8.673617379884035e-19,0.015133299495444574
text_like,96,B3_validation,independent_null,0.3,0.0,learned_raw_d2,250,250,1.0,14,0.056,0.03364764921901088,0.0917907207329439,0,0.0,8.673617379884035e-19,0.015133299495444574
text_like,96,B3_validation,independent_null,0.3,0.0,learned_rank_d2,250,250,1.0,17,0.068,0.04288591857836033,0.10618925218570377,0,0.0,8.673617379884035e-19,0.015133299495444574
text_like,96,B3_validation,independent_null,0.8,0.0,latent_ceiling,250,250,1.0,8,0.032,0.01630236549364963,0.06186240283408649,0,0.0,8.673617379884035e-19,0.015133299495444574
text_like,96,B3_validation,independent_null,0.8,0.0,observable_oracle,250,250,1.0,6,0.024,0.01104477730613677,0.051362123813526464,0,0.0,8.673617379884035e-19,0.015133299495444574
text_like,96,B3_validation,independent_null,0.8,0.0,learned_raw_d2,250,250,1.0,18,0.072,0.04602556925826497,0.11092853510983557,0,0.0,8.673617379884035e-19,0.015133299495444574
text_like,96,B3_validation,independent_null,0.8,0.0,learned_rank_d2,250,250,1.0,19,0.076,0.04919164066173632,0.11564139731040066,0,0.0,8.673617379884035e-19,0.015133299495444574
text_like,96,B3_validation,interaction_proxy_null,0.3,0.0,latent_ceiling,250,250,1.0,6,0.024,0.01104477730613677,0.051362123813526464,1,0.004,0.0007064475340650966,0.02230578556541592
text_like,96,B3_validation,interaction_proxy_null,0.3,0.0,observable_oracle,250,250,1.0,8,0.032,0.01630236549364963,0.06186240283408649,0,0.0,8.673617379884035e-19,0.015133299495444574
text_like,96,B3_validation,interaction_proxy_null,0.3,0.0,learned_raw_d2,250,250,1.0,18,0.072,0.04602556925826497,0.11092853510983557,1,0.004,0.0007064475340650966,0.02230578556541592
text_like,96,B3_validation,interaction_proxy_null,0.3,0.0,learned_rank_d2,250,250,1.0,13,0.052,0.030637655164191247,0.08692178118372709,2,0.008,0.0021966371203094217,0.02869452958320804
text_like,96,B3_validation,interaction_proxy_null,0.8,0.0,latent_ceiling,250,250,1.0,1,0.004,0.0007064475340650966,0.02230578556541592,0,0.0,8.673617379884035e-19,0.015133299495444574
text_like,96,B3_validation,interaction_proxy_null,0.8,0.0,observable_oracle,250,250,1.0,1,0.004,0.0007064475340650966,0.02230578556541592,0,0.0,8.673617379884035e-19,0.015133299495444574
text_like,96,B3_validation,interaction_proxy_null,0.8,0.0,learned_raw_d2,250,250,1.0,12,0.048,0.02766820153069461,0.08201230121318728,0,0.0,8.673617379884035e-19,0.015133299495444574
text_like,96,B3_validation,interaction_proxy_null,0.8,0.0,learned_rank_d2,250,250,1.0,20,0.08,0.052382328372331775,0.12032964320384165,0,0.0,8.673617379884035e-19,0.015133299495444574
text_like,96,B3_validation,nonlinear_proxy_null,0.3,0.0,latent_ceiling,250,250,1.0,7,0.028,0.013628058600839217,0.05665777612286046,0,0.0,8.673617379884035e-19,0.015133299495444574
text_like,96,B3_validation,nonlinear_proxy_null,0.3,0.0,observable_oracle,250,250,1.0,9,0.036,0.019053279530003277,0.06699042240176928,0,0.0,8.673617379884035e-19,0.015133299495444574
text_like,96,B3_validation,nonlinear_proxy_null,0.3,0.0,learned_raw_d2,250,250,1.0,17,0.068,0.04288591857836033,0.10618925218570377,1,0.004,0.0007064475340650966,0.02230578556541592
text_like,96,B3_validation,nonlinear_proxy_null,0.3,0.0,learned_rank_d2,250,250,1.0,15,0.06,0.036694410839108495,0.09662289271688271,1,0.004,0.0007064475340650966,0.02230578556541592
text_like,96,B3_validation,nonlinear_proxy_null,0.8,0.0,latent_ceiling,250,250,1.0,5,0.02,0.008572324384058198,0.045955643131568594,0,0.0,8.673617379884035e-19,0.015133299495444574
text_like,96,B3_validation,nonlinear_proxy_null,0.8,0.0,observable_oracle,250,250,1.0,4,0.016,0.006239224570471175,0.04040980934111918,0,0.0,8.673617379884035e-19,0.015133299495444574
text_like,96,B3_validation,nonlinear_proxy_null,0.8,0.0,learned_raw_d2,250,250,1.0,12,0.048,0.02766820153069461,0.08201230121318728,1,0.004,0.0007064475340650966,0.02230578556541592
text_like,96,B3_validation,nonlinear_proxy_null,0.8,0.0,learned_rank_d2,250,250,1.0,11,0.044,0.02474379816749356,0.07705777097235189,1,0.004,0.0007064475340650966,0.02230578556541592
text_like,96,B3_validation,shared_signal,0.3,0.25,latent_ceiling,250,250,1.0,227,0.908,0.8657382427250239,0.9379129848866933,101,0.404,0.34507095342004057,0.46583464008308473
text_like,96,B3_validation,shared_signal,0.3,0.25,observable_oracle,250,250,1.0,151,0.604,0.5422420845485156,0.6626101891564318,29,0.116,0.08199160692455615,0.16163076708794527
text_like,96,B3_validation,shared_signal,0.3,0.25,learned_raw_d2,250,250,1.0,122,0.488,0.42669031031533017,0.5496728888725603,31,0.124,0.08874849146643424,0.17063174975414006
text_like,96,B3_validation,shared_signal,0.3,0.25,learned_rank_d2,250,250,1.0,118,0.472,0.4110100538102362,0.5338374109615085,27,0.108,0.07529194840055528,0.15257255840387324
text_like,96,B3_validation,shared_signal,0.3,0.5,latent_ceiling,250,250,1.0,250,1.0,0.9848667005045553,0.9999999999999998,245,0.98,0.9540443568684314,0.9914276756159417
text_like,96,B3_validation,shared_signal,0.3,0.5,observable_oracle,250,250,1.0,242,0.968,0.9381375971659135,0.9836976345063503,147,0.588,0.5261050290746588,0.6472315102141429
text_like,96,B3_validation,shared_signal,0.3,0.5,learned_raw_d2,250,250,1.0,228,0.912,0.8703615171695354,0.9411686440462184,131,0.524,0.46219788800433054,0.5850757136198882
text_like,96,B3_validation,shared_signal,0.3,0.5,learned_rank_d2,250,250,1.0,226,0.904,0.8611341747864028,0.934638119221278,120,0.48,0.4188424092318671,0.5417629227479506
text_like,96,B3_validation,shared_signal,0.8,0.25,latent_ceiling,250,250,1.0,230,0.92,0.8796703567961583,0.9476176716276683,92,0.368,0.3106374013678842,0.42935778969891303
text_like,96,B3_validation,shared_signal,0.8,0.25,observable_oracle,250,250,1.0,217,0.868,0.8204199080951821,0.9044419834761707,75,0.3,0.2465717791163956,0.3594815406817822
text_like,96,B3_validation,shared_signal,0.8,0.25,learned_raw_d2,250,250,1.0,204,0.816,0.7633112722157498,0.859124482503129,77,0.308,0.25403826197731444,0.36777292502893616
text_like,96,B3_validation,shared_signal,0.8,0.25,learned_rank_d2,250,250,1.0,194,0.776,0.7203647189638117,0.8232816997147029,72,0.288,0.23540981157275126,0.34700670741331713
text_like,96,B3_validation,shared_signal,0.8,0.5,latent_ceiling,250,250,1.0,250,1.0,0.9848667005045553,0.9999999999999998,246,0.984,0.9595901906588808,0.9937607754295288
text_like,96,B3_validation,shared_signal,0.8,0.5,observable_oracle,250,250,1.0,250,1.0,0.9848667005045553,0.9999999999999998,245,0.98,0.9540443568684314,0.9914276756159417
text_like,96,B3_validation,shared_signal,0.8,0.5,learned_raw_d2,250,250,1.0,249,0.996,0.9776942144345839,0.9992935524659348,239,0.956,0.9229422290276481,0.9752562018325064
text_like,96,B3_validation,shared_signal,0.8,0.5,learned_rank_d2,250,250,1.0,249,0.996,0.9776942144345839,0.9992935524659348,229,0.916,0.8750051335864347,0.9444039612333553
text_like,192,B1_design,additive_proxy_null,0.3,0.0,latent_ceiling,250,250,1.0,7,0.028,0.013628058600839217,0.05665777612286046,0,0.0,8.673617379884035e-19,0.015133299495444574
text_like,192,B1_design,additive_proxy_null,0.3,0.0,observable_oracle,250,250,1.0,9,0.036,0.019053279530003277,0.06699042240176928,0,0.0,8.673617379884035e-19,0.015133299495444574
text_like,192,B1_design,additive_proxy_null,0.3,0.0,learned_raw_d2,250,250,1.0,13,0.052,0.030637655164191247,0.08692178118372709,1,0.004,0.0007064475340650966,0.02230578556541592
text_like,192,B1_design,additive_proxy_null,0.3,0.0,learned_rank_d2,250,250,1.0,16,0.064,0.039774745277095874,0.10142149188293179,1,0.004,0.0007064475340650966,0.02230578556541592
text_like,192,B1_design,additive_proxy_null,0.8,0.0,latent_ceiling,250,250,1.0,14,0.056,0.03364764921901088,0.0917907207329439,0,0.0,8.673617379884035e-19,0.015133299495444574
text_like,192,B1_design,additive_proxy_null,0.8,0.0,observable_oracle,250,250,1.0,8,0.032,0.01630236549364963,0.06186240283408649,0,0.0,8.673617379884035e-19,0.015133299495444574
text_like,192,B1_design,additive_proxy_null,0.8,0.0,learned_raw_d2,250,250,1.0,12,0.048,0.02766820153069461,0.08201230121318728,1,0.004,0.0007064475340650966,0.02230578556541592
text_like,192,B1_design,additive_proxy_null,0.8,0.0,learned_rank_d2,250,250,1.0,9,0.036,0.019053279530003277,0.06699042240176928,0,0.0,8.673617379884035e-19,0.015133299495444574
text_like,192,B1_design,heteroskedastic_proxy_null,0.3,0.0,latent_ceiling,250,250,1.0,5,0.02,0.008572324384058198,0.045955643131568594,0,0.0,8.673617379884035e-19,0.015133299495444574
text_like,192,B1_design,heteroskedastic_proxy_null,0.3,0.0,observable_oracle,250,250,1.0,6,0.024,0.01104477730613677,0.051362123813526464,0,0.0,8.673617379884035e-19,0.015133299495444574
text_like,192,B1_design,heteroskedastic_proxy_null,0.3,0.0,learned_raw_d2,250,250,1.0,10,0.04,0.021869911954542545,0.07205272358126646,0,0.0,8.673617379884035e-19,0.015133299495444574
text_like,192,B1_design,heteroskedastic_proxy_null,0.3,0.0,learned_rank_d2,250,250,1.0,13,0.052,0.030637655164191247,0.08692178118372709,0,0.0,8.673617379884035e-19,0.015133299495444574
text_like,192,B1_design,heteroskedastic_proxy_null,0.8,0.0,latent_ceiling,250,250,1.0,11,0.044,0.02474379816749356,0.07705777097235189,0,0.0,8.673617379884035e-19,0.015133299495444574
text_like,192,B1_design,heteroskedastic_proxy_null,0.8,0.0,observable_oracle,250,250,1.0,7,0.028,0.013628058600839217,0.05665777612286046,0,0.0,8.673617379884035e-19,0.015133299495444574
text_like,192,B1_design,heteroskedastic_proxy_null,0.8,0.0,learned_raw_d2,250,250,1.0,13,0.052,0.030637655164191247,0.08692178118372709,0,0.0,8.673617379884035e-19,0.015133299495444574
text_like,192,B1_design,heteroskedastic_proxy_null,0.8,0.0,learned_rank_d2,250,250,1.0,14,0.056,0.03364764921901088,0.0917907207329439,0,0.0,8.673617379884035e-19,0.015133299495444574
text_like,192,B1_design,independent_null,0.3,0.0,latent_ceiling,250,250,1.0,7,0.028,0.013628058600839217,0.05665777612286046,0,0.0,8.673617379884035e-19,0.015133299495444574
text_like,192,B1_design,independent_null,0.3,0.0,observable_oracle,250,250,1.0,12,0.048,0.02766820153069461,0.08201230121318728,0,0.0,8.673617379884035e-19,0.015133299495444574
text_like,192,B1_design,independent_null,0.3,0.0,learned_raw_d2,250,250,1.0,10,0.04,0.021869911954542545,0.07205272358126646,0,0.0,8.673617379884035e-19,0.015133299495444574
text_like,192,B1_design,independent_null,0.3,0.0,learned_rank_d2,250,250,1.0,7,0.028,0.013628058600839217,0.05665777612286046,0,0.0,8.673617379884035e-19,0.015133299495444574
text_like,192,B1_design,independent_null,0.8,0.0,latent_ceiling,250,250,1.0,2,0.008,0.0021966371203094217,0.02869452958320804,0,0.0,8.673617379884035e-19,0.015133299495444574
text_like,192,B1_design,independent_null,0.8,0.0,observable_oracle,250,250,1.0,3,0.012,0.0040893198805342975,0.0346807804270196,0,0.0,8.673617379884035e-19,0.015133299495444574
text_like,192,B1_design,independent_null,0.8,0.0,learned_raw_d2,250,250,1.0,4,0.016,0.006239224570471175,0.04040980934111918,0,0.0,8.673617379884035e-19,0.015133299495444574
text_like,192,B1_design,independent_null,0.8,0.0,learned_rank_d2,250,250,1.0,6,0.024,0.01104477730613677,0.051362123813526464,0,0.0,8.673617379884035e-19,0.015133299495444574
text_like,192,B1_design,interaction_proxy_null,0.3,0.0,latent_ceiling,250,250,1.0,8,0.032,0.01630236549364963,0.06186240283408649,0,0.0,8.673617379884035e-19,0.015133299495444574
text_like,192,B1_design,interaction_proxy_null,0.3,0.0,observable_oracle,250,250,1.0,9,0.036,0.019053279530003277,0.06699042240176928,0,0.0,8.673617379884035e-19,0.015133299495444574
text_like,192,B1_design,interaction_proxy_null,0.3,0.0,learned_raw_d2,250,250,1.0,9,0.036,0.019053279530003277,0.06699042240176928,1,0.004,0.0007064475340650966,0.02230578556541592
text_like,192,B1_design,interaction_proxy_null,0.3,0.0,learned_rank_d2,250,250,1.0,10,0.04,0.021869911954542545,0.07205272358126646,1,0.004,0.0007064475340650966,0.02230578556541592
text_like,192,B1_design,interaction_proxy_null,0.8,0.0,latent_ceiling,250,250,1.0,5,0.02,0.008572324384058198,0.045955643131568594,0,0.0,8.673617379884035e-19,0.015133299495444574
text_like,192,B1_design,interaction_proxy_null,0.8,0.0,observable_oracle,250,250,1.0,4,0.016,0.006239224570471175,0.04040980934111918,0,0.0,8.673617379884035e-19,0.015133299495444574
text_like,192,B1_design,interaction_proxy_null,0.8,0.0,learned_raw_d2,250,250,1.0,6,0.024,0.01104477730613677,0.051362123813526464,1,0.004,0.0007064475340650966,0.02230578556541592
text_like,192,B1_design,interaction_proxy_null,0.8,0.0,learned_rank_d2,250,250,1.0,12,0.048,0.02766820153069461,0.08201230121318728,1,0.004,0.0007064475340650966,0.02230578556541592
text_like,192,B1_design,nonlinear_proxy_null,0.3,0.0,latent_ceiling,250,250,1.0,1,0.004,0.0007064475340650966,0.02230578556541592,0,0.0,8.673617379884035e-19,0.015133299495444574
text_like,192,B1_design,nonlinear_proxy_null,0.3,0.0,observable_oracle,250,250,1.0,7,0.028,0.013628058600839217,0.05665777612286046,0,0.0,8.673617379884035e-19,0.015133299495444574
text_like,192,B1_design,nonlinear_proxy_null,0.3,0.0,learned_raw_d2,250,250,1.0,7,0.028,0.013628058600839217,0.05665777612286046,0,0.0,8.673617379884035e-19,0.015133299495444574
text_like,192,B1_design,nonlinear_proxy_null,0.3,0.0,learned_rank_d2,250,250,1.0,9,0.036,0.019053279530003277,0.06699042240176928,0,0.0,8.673617379884035e-19,0.015133299495444574
text_like,192,B1_design,nonlinear_proxy_null,0.8,0.0,latent_ceiling,250,250,1.0,6,0.024,0.01104477730613677,0.051362123813526464,0,0.0,8.673617379884035e-19,0.015133299495444574
text_like,192,B1_design,nonlinear_proxy_null,0.8,0.0,observable_oracle,250,250,1.0,8,0.032,0.01630236549364963,0.06186240283408649,0,0.0,8.673617379884035e-19,0.015133299495444574
text_like,192,B1_design,nonlinear_proxy_null,0.8,0.0,learned_raw_d2,250,250,1.0,6,0.024,0.01104477730613677,0.051362123813526464,1,0.004,0.0007064475340650966,0.02230578556541592
text_like,192,B1_design,nonlinear_proxy_null,0.8,0.0,learned_rank_d2,250,250,1.0,9,0.036,0.019053279530003277,0.06699042240176928,0,0.0,8.673617379884035e-19,0.015133299495444574
text_like,192,B1_design,shared_signal,0.3,0.25,latent_ceiling,250,250,1.0,249,0.996,0.9776942144345839,0.9992935524659348,213,0.852,0.8026659811384634,0.8906801760167434
text_like,192,B1_design,shared_signal,0.3,0.25,observable_oracle,250,250,1.0,203,0.812,0.75898263046598,0.8555741906488626,79,0.316,0.26152437100054704,0.3760446832137765
text_like,192,B1_design,shared_signal,0.3,0.25,learned_raw_d2,250,250,1.0,204,0.816,0.7633112722157498,0.859124482503129,90,0.36,0.3030322765929638,0.42120504726576063
text_like,192,B1_design,shared_signal,0.3,0.25,learned_rank_d2,250,250,1.0,197,0.788,0.7331727674153838,0.83411045207524,77,0.308,0.25403826197731444,0.36777292502893616
text_like,192,B1_design,shared_signal,0.3,0.5,latent_ceiling,250,250,1.0,250,1.0,0.9848667005045553,0.9999999999999998,250,1.0,0.9848667005045553,0.9999999999999998
text_like,192,B1_design,shared_signal,0.3,0.5,observable_oracle,250,250,1.0,250,1.0,0.9848667005045553,0.9999999999999998,243,0.972,0.9433422238771394,0.9863719413991607
text_like,192,B1_design,shared_signal,0.3,0.5,learned_raw_d2,250,250,1.0,250,1.0,0.9848667005045553,0.9999999999999998,240,0.96,0.9279472764187334,0.9781300880454574
text_like,192,B1_design,shared_signal,0.3,0.5,learned_rank_d2,250,250,1.0,250,1.0,0.9848667005045553,0.9999999999999998,231,0.924,0.8843586026895993,0.9508083593382637
text_like,192,B1_design,shared_signal,0.8,0.25,latent_ceiling,250,250,1.0,249,0.996,0.9776942144345839,0.9992935524659348,205,0.82,0.7676481206243572,0.8626665676985582
text_like,192,B1_design,shared_signal,0.8,0.25,observable_oracle,250,250,1.0,248,0.992,0.9713054704167919,0.9978033628796906,195,0.78,0.7246272763980252,0.8268980758845258
text_like,192,B1_design,shared_signal,0.8,0.25,learned_raw_d2,250,250,1.0,247,0.988,0.9653192195729803,0.9959106801194657,190,0.76,0.7033795246798652,0.8087511595825035
text_like,192,B1_design,shared_signal,0.8,0.25,learned_rank_d2,250,250,1.0,240,0.96,0.9279472764187334,0.9781300880454574,178,0.712,0.6529932925866828,0.7645901884272486
text_like,192,B1_design,shared_signal,0.8,0.5,latent_ceiling,250,250,1.0,250,1.0,0.9848667005045553,0.9999999999999998,250,1.0,0.9848667005045553,0.9999999999999998
text_like,192,B1_design,shared_signal,0.8,0.5,observable_oracle,250,250,1.0,250,1.0,0.9848667005045553,0.9999999999999998,250,1.0,0.9848667005045553,0.9999999999999998
text_like,192,B1_design,shared_signal,0.8,0.5,learned_raw_d2,250,250,1.0,250,1.0,0.9848667005045553,0.9999999999999998,250,1.0,0.9848667005045553,0.9999999999999998
text_like,192,B1_design,shared_signal,0.8,0.5,learned_rank_d2,250,250,1.0,250,1.0,0.9848667005045553,0.9999999999999998,249,0.996,0.9776942144345839,0.9992935524659348
text_like,192,B2_training_state,additive_proxy_null,0.3,0.0,latent_ceiling,250,250,1.0,8,0.032,0.01630236549364963,0.06186240283408649,0,0.0,8.673617379884035e-19,0.015133299495444574
text_like,192,B2_training_state,additive_proxy_null,0.3,0.0,observable_oracle,250,250,1.0,10,0.04,0.021869911954542545,0.07205272358126646,0,0.0,8.673617379884035e-19,0.015133299495444574
text_like,192,B2_training_state,additive_proxy_null,0.3,0.0,learned_raw_d2,250,250,1.0,12,0.048,0.02766820153069461,0.08201230121318728,1,0.004,0.0007064475340650966,0.02230578556541592
text_like,192,B2_training_state,additive_proxy_null,0.3,0.0,learned_rank_d2,250,250,1.0,13,0.052,0.030637655164191247,0.08692178118372709,0,0.0,8.673617379884035e-19,0.015133299495444574
text_like,192,B2_training_state,additive_proxy_null,0.8,0.0,latent_ceiling,250,250,1.0,8,0.032,0.01630236549364963,0.06186240283408649,0,0.0,8.673617379884035e-19,0.015133299495444574
text_like,192,B2_training_state,additive_proxy_null,0.8,0.0,observable_oracle,250,250,1.0,9,0.036,0.019053279530003277,0.06699042240176928,0,0.0,8.673617379884035e-19,0.015133299495444574
text_like,192,B2_training_state,additive_proxy_null,0.8,0.0,learned_raw_d2,250,250,1.0,18,0.072,0.04602556925826497,0.11092853510983557,0,0.0,8.673617379884035e-19,0.015133299495444574
text_like,192,B2_training_state,additive_proxy_null,0.8,0.0,learned_rank_d2,250,250,1.0,13,0.052,0.030637655164191247,0.08692178118372709,0,0.0,8.673617379884035e-19,0.015133299495444574
text_like,192,B2_training_state,heteroskedastic_proxy_null,0.3,0.0,latent_ceiling,250,250,1.0,3,0.012,0.0040893198805342975,0.0346807804270196,0,0.0,8.673617379884035e-19,0.015133299495444574
text_like,192,B2_training_state,heteroskedastic_proxy_null,0.3,0.0,observable_oracle,250,250,1.0,4,0.016,0.006239224570471175,0.04040980934111918,0,0.0,8.673617379884035e-19,0.015133299495444574
text_like,192,B2_training_state,heteroskedastic_proxy_null,0.3,0.0,learned_raw_d2,250,250,1.0,8,0.032,0.01630236549364963,0.06186240283408649,0,0.0,8.673617379884035e-19,0.015133299495444574
text_like,192,B2_training_state,heteroskedastic_proxy_null,0.3,0.0,learned_rank_d2,250,250,1.0,15,0.06,0.036694410839108495,0.09662289271688271,1,0.004,0.0007064475340650966,0.02230578556541592
text_like,192,B2_training_state,heteroskedastic_proxy_null,0.8,0.0,latent_ceiling,250,250,1.0,7,0.028,0.013628058600839217,0.05665777612286046,0,0.0,8.673617379884035e-19,0.015133299495444574
text_like,192,B2_training_state,heteroskedastic_proxy_null,0.8,0.0,observable_oracle,250,250,1.0,6,0.024,0.01104477730613677,0.051362123813526464,0,0.0,8.673617379884035e-19,0.015133299495444574
text_like,192,B2_training_state,heteroskedastic_proxy_null,0.8,0.0,learned_raw_d2,250,250,1.0,9,0.036,0.019053279530003277,0.06699042240176928,0,0.0,8.673617379884035e-19,0.015133299495444574
text_like,192,B2_training_state,heteroskedastic_proxy_null,0.8,0.0,learned_rank_d2,250,250,1.0,14,0.056,0.03364764921901088,0.0917907207329439,0,0.0,8.673617379884035e-19,0.015133299495444574
text_like,192,B2_training_state,independent_null,0.3,0.0,latent_ceiling,250,250,1.0,4,0.016,0.006239224570471175,0.04040980934111918,0,0.0,8.673617379884035e-19,0.015133299495444574
text_like,192,B2_training_state,independent_null,0.3,0.0,observable_oracle,250,250,1.0,8,0.032,0.01630236549364963,0.06186240283408649,0,0.0,8.673617379884035e-19,0.015133299495444574
text_like,192,B2_training_state,independent_null,0.3,0.0,learned_raw_d2,250,250,1.0,10,0.04,0.021869911954542545,0.07205272358126646,0,0.0,8.673617379884035e-19,0.015133299495444574
text_like,192,B2_training_state,independent_null,0.3,0.0,learned_rank_d2,250,250,1.0,10,0.04,0.021869911954542545,0.07205272358126646,0,0.0,8.673617379884035e-19,0.015133299495444574
text_like,192,B2_training_state,independent_null,0.8,0.0,latent_ceiling,250,250,1.0,3,0.012,0.0040893198805342975,0.0346807804270196,0,0.0,8.673617379884035e-19,0.015133299495444574
text_like,192,B2_training_state,independent_null,0.8,0.0,observable_oracle,250,250,1.0,2,0.008,0.0021966371203094217,0.02869452958320804,0,0.0,8.673617379884035e-19,0.015133299495444574
text_like,192,B2_training_state,independent_null,0.8,0.0,learned_raw_d2,250,250,1.0,7,0.028,0.013628058600839217,0.05665777612286046,0,0.0,8.673617379884035e-19,0.015133299495444574
text_like,192,B2_training_state,independent_null,0.8,0.0,learned_rank_d2,250,250,1.0,9,0.036,0.019053279530003277,0.06699042240176928,0,0.0,8.673617379884035e-19,0.015133299495444574
text_like,192,B2_training_state,interaction_proxy_null,0.3,0.0,latent_ceiling,250,250,1.0,11,0.044,0.02474379816749356,0.07705777097235189,0,0.0,8.673617379884035e-19,0.015133299495444574
text_like,192,B2_training_state,interaction_proxy_null,0.3,0.0,observable_oracle,250,250,1.0,10,0.04,0.021869911954542545,0.07205272358126646,0,0.0,8.673617379884035e-19,0.015133299495444574
text_like,192,B2_training_state,interaction_proxy_null,0.3,0.0,learned_raw_d2,250,250,1.0,13,0.052,0.030637655164191247,0.08692178118372709,0,0.0,8.673617379884035e-19,0.015133299495444574
text_like,192,B2_training_state,interaction_proxy_null,0.3,0.0,learned_rank_d2,250,250,1.0,12,0.048,0.02766820153069461,0.08201230121318728,1,0.004,0.0007064475340650966,0.02230578556541592
text_like,192,B2_training_state,interaction_proxy_null,0.8,0.0,latent_ceiling,250,250,1.0,6,0.024,0.01104477730613677,0.051362123813526464,0,0.0,8.673617379884035e-19,0.015133299495444574
text_like,192,B2_training_state,interaction_proxy_null,0.8,0.0,observable_oracle,250,250,1.0,6,0.024,0.01104477730613677,0.051362123813526464,0,0.0,8.673617379884035e-19,0.015133299495444574
text_like,192,B2_training_state,interaction_proxy_null,0.8,0.0,learned_raw_d2,250,250,1.0,10,0.04,0.021869911954542545,0.07205272358126646,0,0.0,8.673617379884035e-19,0.015133299495444574
text_like,192,B2_training_state,interaction_proxy_null,0.8,0.0,learned_rank_d2,250,250,1.0,14,0.056,0.03364764921901088,0.0917907207329439,0,0.0,8.673617379884035e-19,0.015133299495444574
text_like,192,B2_training_state,nonlinear_proxy_null,0.3,0.0,latent_ceiling,250,250,1.0,2,0.008,0.0021966371203094217,0.02869452958320804,0,0.0,8.673617379884035e-19,0.015133299495444574
text_like,192,B2_training_state,nonlinear_proxy_null,0.3,0.0,observable_oracle,250,250,1.0,5,0.02,0.008572324384058198,0.045955643131568594,0,0.0,8.673617379884035e-19,0.015133299495444574
text_like,192,B2_training_state,nonlinear_proxy_null,0.3,0.0,learned_raw_d2,250,250,1.0,10,0.04,0.021869911954542545,0.07205272358126646,0,0.0,8.673617379884035e-19,0.015133299495444574
text_like,192,B2_training_state,nonlinear_proxy_null,0.3,0.0,learned_rank_d2,250,250,1.0,8,0.032,0.01630236549364963,0.06186240283408649,0,0.0,8.673617379884035e-19,0.015133299495444574
text_like,192,B2_training_state,nonlinear_proxy_null,0.8,0.0,latent_ceiling,250,250,1.0,4,0.016,0.006239224570471175,0.04040980934111918,0,0.0,8.673617379884035e-19,0.015133299495444574
text_like,192,B2_training_state,nonlinear_proxy_null,0.8,0.0,observable_oracle,250,250,1.0,6,0.024,0.01104477730613677,0.051362123813526464,0,0.0,8.673617379884035e-19,0.015133299495444574
text_like,192,B2_training_state,nonlinear_proxy_null,0.8,0.0,learned_raw_d2,250,250,1.0,7,0.028,0.013628058600839217,0.05665777612286046,0,0.0,8.673617379884035e-19,0.015133299495444574
text_like,192,B2_training_state,nonlinear_proxy_null,0.8,0.0,learned_rank_d2,250,250,1.0,10,0.04,0.021869911954542545,0.07205272358126646,0,0.0,8.673617379884035e-19,0.015133299495444574
text_like,192,B2_training_state,shared_signal,0.3,0.25,latent_ceiling,250,250,1.0,250,1.0,0.9848667005045553,0.9999999999999998,220,0.88,0.8338618921256289,0.9146368002578331
text_like,192,B2_training_state,shared_signal,0.3,0.25,observable_oracle,250,250,1.0,211,0.844,0.793854055172539,0.8837342347745949,86,0.344,0.2878747771696037,0.40484681227297487
text_like,192,B2_training_state,shared_signal,0.3,0.25,learned_raw_d2,250,250,1.0,204,0.816,0.7633112722157498,0.859124482503129,88,0.352,0.29544464804913095,0.41303480860152053
text_like,192,B2_training_state,shared_signal,0.3,0.25,learned_rank_d2,250,250,1.0,196,0.784,0.7288965817807946,0.8305077041057929,81,0.324,0.2690297048761813,0.3842972165462152
text_like,192,B2_training_state,shared_signal,0.3,0.5,latent_ceiling,250,250,1.0,250,1.0,0.9848667005045553,0.9999999999999998,250,1.0,0.9848667005045553,0.9999999999999998
text_like,192,B2_training_state,shared_signal,0.3,0.5,observable_oracle,250,250,1.0,250,1.0,0.9848667005045553,0.9999999999999998,246,0.984,0.9595901906588808,0.9937607754295288
text_like,192,B2_training_state,shared_signal,0.3,0.5,learned_raw_d2,250,250,1.0,249,0.996,0.9776942144345839,0.9992935524659348,236,0.944,0.908209279267056,0.966352350780989
text_like,192,B2_training_state,shared_signal,0.3,0.5,learned_rank_d2,250,250,1.0,249,0.996,0.9776942144345839,0.9992935524659348,227,0.908,0.8657382427250239,0.9379129848866933
text_like,192,B2_training_state,shared_signal,0.8,0.25,latent_ceiling,250,250,1.0,250,1.0,0.9848667005045553,0.9999999999999998,215,0.86,0.8115202816735541,0.8975837426897257
text_like,192,B2_training_state,shared_signal,0.8,0.25,observable_oracle,250,250,1.0,249,0.996,0.9776942144345839,0.9992935524659348,202,0.808,0.7546619985365359,0.8520158889742702
text_like,192,B2_training_state,shared_signal,0.8,0.25,learned_raw_d2,250,250,1.0,247,0.988,0.9653192195729803,0.9959106801194657,197,0.788,0.7331727674153838,0.83411045207524
text_like,192,B2_training_state,shared_signal,0.8,0.25,learned_rank_d2,250,250,1.0,243,0.972,0.9433422238771394,0.9863719413991607,186,0.744,0.6864931320715649,0.7941218177746582
text_like,192,B2_training_state,shared_signal,0.8,0.5,latent_ceiling,250,250,1.0,250,1.0,0.9848667005045553,0.9999999999999998,250,1.0,0.9848667005045553,0.9999999999999998
text_like,192,B2_training_state,shared_signal,0.8,0.5,observable_oracle,250,250,1.0,250,1.0,0.9848667005045553,0.9999999999999998,250,1.0,0.9848667005045553,0.9999999999999998
text_like,192,B2_training_state,shared_signal,0.8,0.5,learned_raw_d2,250,250,1.0,250,1.0,0.9848667005045553,0.9999999999999998,250,1.0,0.9848667005045553,0.9999999999999998
text_like,192,B2_training_state,shared_signal,0.8,0.5,learned_rank_d2,250,250,1.0,250,1.0,0.9848667005045553,0.9999999999999998,249,0.996,0.9776942144345839,0.9992935524659348
text_like,192,B3_validation,additive_proxy_null,0.3,0.0,latent_ceiling,250,250,1.0,11,0.044,0.02474379816749356,0.07705777097235189,0,0.0,8.673617379884035e-19,0.015133299495444574
text_like,192,B3_validation,additive_proxy_null,0.3,0.0,observable_oracle,250,250,1.0,8,0.032,0.01630236549364963,0.06186240283408649,0,0.0,8.673617379884035e-19,0.015133299495444574
text_like,192,B3_validation,additive_proxy_null,0.3,0.0,learned_raw_d2,250,250,1.0,13,0.052,0.030637655164191247,0.08692178118372709,1,0.004,0.0007064475340650966,0.02230578556541592
text_like,192,B3_validation,additive_proxy_null,0.3,0.0,learned_rank_d2,250,250,1.0,13,0.052,0.030637655164191247,0.08692178118372709,0,0.0,8.673617379884035e-19,0.015133299495444574
text_like,192,B3_validation,additive_proxy_null,0.8,0.0,latent_ceiling,250,250,1.0,8,0.032,0.01630236549364963,0.06186240283408649,0,0.0,8.673617379884035e-19,0.015133299495444574
text_like,192,B3_validation,additive_proxy_null,0.8,0.0,observable_oracle,250,250,1.0,12,0.048,0.02766820153069461,0.08201230121318728,0,0.0,8.673617379884035e-19,0.015133299495444574
text_like,192,B3_validation,additive_proxy_null,0.8,0.0,learned_raw_d2,250,250,1.0,11,0.044,0.02474379816749356,0.07705777097235189,1,0.004,0.0007064475340650966,0.02230578556541592
text_like,192,B3_validation,additive_proxy_null,0.8,0.0,learned_rank_d2,250,250,1.0,15,0.06,0.036694410839108495,0.09662289271688271,0,0.0,8.673617379884035e-19,0.015133299495444574
text_like,192,B3_validation,heteroskedastic_proxy_null,0.3,0.0,latent_ceiling,250,250,1.0,3,0.012,0.0040893198805342975,0.0346807804270196,0,0.0,8.673617379884035e-19,0.015133299495444574
text_like,192,B3_validation,heteroskedastic_proxy_null,0.3,0.0,observable_oracle,250,250,1.0,7,0.028,0.013628058600839217,0.05665777612286046,0,0.0,8.673617379884035e-19,0.015133299495444574
text_like,192,B3_validation,heteroskedastic_proxy_null,0.3,0.0,learned_raw_d2,250,250,1.0,7,0.028,0.013628058600839217,0.05665777612286046,0,0.0,8.673617379884035e-19,0.015133299495444574
text_like,192,B3_validation,heteroskedastic_proxy_null,0.3,0.0,learned_rank_d2,250,250,1.0,9,0.036,0.019053279530003277,0.06699042240176928,0,0.0,8.673617379884035e-19,0.015133299495444574
text_like,192,B3_validation,heteroskedastic_proxy_null,0.8,0.0,latent_ceiling,250,250,1.0,8,0.032,0.01630236549364963,0.06186240283408649,0,0.0,8.673617379884035e-19,0.015133299495444574
text_like,192,B3_validation,heteroskedastic_proxy_null,0.8,0.0,observable_oracle,250,250,1.0,9,0.036,0.019053279530003277,0.06699042240176928,0,0.0,8.673617379884035e-19,0.015133299495444574
text_like,192,B3_validation,heteroskedastic_proxy_null,0.8,0.0,learned_raw_d2,250,250,1.0,12,0.048,0.02766820153069461,0.08201230121318728,0,0.0,8.673617379884035e-19,0.015133299495444574
text_like,192,B3_validation,heteroskedastic_proxy_null,0.8,0.0,learned_rank_d2,250,250,1.0,15,0.06,0.036694410839108495,0.09662289271688271,0,0.0,8.673617379884035e-19,0.015133299495444574
text_like,192,B3_validation,independent_null,0.3,0.0,latent_ceiling,250,250,1.0,5,0.02,0.008572324384058198,0.045955643131568594,0,0.0,8.673617379884035e-19,0.015133299495444574
text_like,192,B3_validation,independent_null,0.3,0.0,observable_oracle,250,250,1.0,5,0.02,0.008572324384058198,0.045955643131568594,0,0.0,8.673617379884035e-19,0.015133299495444574
text_like,192,B3_validation,independent_null,0.3,0.0,learned_raw_d2,250,250,1.0,12,0.048,0.02766820153069461,0.08201230121318728,0,0.0,8.673617379884035e-19,0.015133299495444574
text_like,192,B3_validation,independent_null,0.3,0.0,learned_rank_d2,250,250,1.0,15,0.06,0.036694410839108495,0.09662289271688271,2,0.008,0.0021966371203094217,0.02869452958320804
text_like,192,B3_validation,independent_null,0.8,0.0,latent_ceiling,250,250,1.0,6,0.024,0.01104477730613677,0.051362123813526464,0,0.0,8.673617379884035e-19,0.015133299495444574
text_like,192,B3_validation,independent_null,0.8,0.0,observable_oracle,250,250,1.0,5,0.02,0.008572324384058198,0.045955643131568594,0,0.0,8.673617379884035e-19,0.015133299495444574
text_like,192,B3_validation,independent_null,0.8,0.0,learned_raw_d2,250,250,1.0,6,0.024,0.01104477730613677,0.051362123813526464,0,0.0,8.673617379884035e-19,0.015133299495444574
text_like,192,B3_validation,independent_null,0.8,0.0,learned_rank_d2,250,250,1.0,8,0.032,0.01630236549364963,0.06186240283408649,1,0.004,0.0007064475340650966,0.02230578556541592
text_like,192,B3_validation,interaction_proxy_null,0.3,0.0,latent_ceiling,250,250,1.0,11,0.044,0.02474379816749356,0.07705777097235189,0,0.0,8.673617379884035e-19,0.015133299495444574
text_like,192,B3_validation,interaction_proxy_null,0.3,0.0,observable_oracle,250,250,1.0,11,0.044,0.02474379816749356,0.07705777097235189,0,0.0,8.673617379884035e-19,0.015133299495444574
text_like,192,B3_validation,interaction_proxy_null,0.3,0.0,learned_raw_d2,250,250,1.0,12,0.048,0.02766820153069461,0.08201230121318728,2,0.008,0.0021966371203094217,0.02869452958320804
text_like,192,B3_validation,interaction_proxy_null,0.3,0.0,learned_rank_d2,250,250,1.0,13,0.052,0.030637655164191247,0.08692178118372709,1,0.004,0.0007064475340650966,0.02230578556541592
text_like,192,B3_validation,interaction_proxy_null,0.8,0.0,latent_ceiling,250,250,1.0,3,0.012,0.0040893198805342975,0.0346807804270196,0,0.0,8.673617379884035e-19,0.015133299495444574
text_like,192,B3_validation,interaction_proxy_null,0.8,0.0,observable_oracle,250,250,1.0,8,0.032,0.01630236549364963,0.06186240283408649,0,0.0,8.673617379884035e-19,0.015133299495444574
text_like,192,B3_validation,interaction_proxy_null,0.8,0.0,learned_raw_d2,250,250,1.0,11,0.044,0.02474379816749356,0.07705777097235189,1,0.004,0.0007064475340650966,0.02230578556541592
text_like,192,B3_validation,interaction_proxy_null,0.8,0.0,learned_rank_d2,250,250,1.0,16,0.064,0.039774745277095874,0.10142149188293179,0,0.0,8.673617379884035e-19,0.015133299495444574
text_like,192,B3_validation,nonlinear_proxy_null,0.3,0.0,latent_ceiling,250,250,1.0,4,0.016,0.006239224570471175,0.04040980934111918,0,0.0,8.673617379884035e-19,0.015133299495444574
text_like,192,B3_validation,nonlinear_proxy_null,0.3,0.0,observable_oracle,250,250,1.0,4,0.016,0.006239224570471175,0.04040980934111918,0,0.0,8.673617379884035e-19,0.015133299495444574
text_like,192,B3_validation,nonlinear_proxy_null,0.3,0.0,learned_raw_d2,250,250,1.0,6,0.024,0.01104477730613677,0.051362123813526464,0,0.0,8.673617379884035e-19,0.015133299495444574
text_like,192,B3_validation,nonlinear_proxy_null,0.3,0.0,learned_rank_d2,250,250,1.0,9,0.036,0.019053279530003277,0.06699042240176928,0,0.0,8.673617379884035e-19,0.015133299495444574
text_like,192,B3_validation,nonlinear_proxy_null,0.8,0.0,latent_ceiling,250,250,1.0,6,0.024,0.01104477730613677,0.051362123813526464,0,0.0,8.673617379884035e-19,0.015133299495444574
text_like,192,B3_validation,nonlinear_proxy_null,0.8,0.0,observable_oracle,250,250,1.0,7,0.028,0.013628058600839217,0.05665777612286046,0,0.0,8.673617379884035e-19,0.015133299495444574
text_like,192,B3_validation,nonlinear_proxy_null,0.8,0.0,learned_raw_d2,250,250,1.0,8,0.032,0.01630236549364963,0.06186240283408649,1,0.004,0.0007064475340650966,0.02230578556541592
text_like,192,B3_validation,nonlinear_proxy_null,0.8,0.0,learned_rank_d2,250,250,1.0,11,0.044,0.02474379816749356,0.07705777097235189,0,0.0,8.673617379884035e-19,0.015133299495444574
text_like,192,B3_validation,shared_signal,0.3,0.25,latent_ceiling,250,250,1.0,250,1.0,0.9848667005045553,0.9999999999999998,227,0.908,0.8657382427250239,0.9379129848866933
text_like,192,B3_validation,shared_signal,0.3,0.25,observable_oracle,250,250,1.0,220,0.88,0.8338618921256289,0.9146368002578331,98,0.392,0.3335554373002608,0.4537133553907552
text_like,192,B3_validation,shared_signal,0.3,0.25,learned_raw_d2,250,250,1.0,207,0.828,0.7763472799248405,0.8697252756061478,99,0.396,0.33738981084356817,0.4577579154514842
text_like,192,B3_validation,shared_signal,0.3,0.25,learned_rank_d2,250,250,1.0,197,0.788,0.7331727674153838,0.83411045207524,89,0.356,0.29923625944437476,0.4171221308103132
text_like,192,B3_validation,shared_signal,0.3,0.5,latent_ceiling,250,250,1.0,250,1.0,0.9848667005045553,0.9999999999999998,250,1.0,0.9848667005045553,0.9999999999999998
text_like,192,B3_validation,shared_signal,0.3,0.5,observable_oracle,250,250,1.0,250,1.0,0.9848667005045553,0.9999999999999998,246,0.984,0.9595901906588808,0.9937607754295288
text_like,192,B3_validation,shared_signal,0.3,0.5,learned_raw_d2,250,250,1.0,250,1.0,0.9848667005045553,0.9999999999999998,236,0.944,0.908209279267056,0.966352350780989
text_like,192,B3_validation,shared_signal,0.3,0.5,learned_rank_d2,250,250,1.0,250,1.0,0.9848667005045553,0.9999999999999998,224,0.896,0.8519796592920389,0.928034767507569
text_like,192,B3_validation,shared_signal,0.8,0.25,latent_ceiling,250,250,1.0,249,0.996,0.9776942144345839,0.9992935524659348,227,0.908,0.8657382427250239,0.9379129848866933
text_like,192,B3_validation,shared_signal,0.8,0.25,observable_oracle,250,250,1.0,249,0.996,0.9776942144345839,0.9992935524659348,205,0.82,0.7676481206243572,0.8626665676985582
text_like,192,B3_validation,shared_signal,0.8,0.25,learned_raw_d2,250,250,1.0,248,0.992,0.9713054704167919,0.9978033628796906,196,0.784,0.7288965817807946,0.8305077041057929
text_like,192,B3_validation,shared_signal,0.8,0.25,learned_rank_d2,250,250,1.0,244,0.976,0.9486378761864735,0.9889552226938632,185,0.74,0.6822862349629212,0.7904497812792654
text_like,192,B3_validation,shared_signal,0.8,0.5,latent_ceiling,250,250,1.0,250,1.0,0.9848667005045553,0.9999999999999998,250,1.0,0.9848667005045553,0.9999999999999998
text_like,192,B3_validation,shared_signal,0.8,0.5,observable_oracle,250,250,1.0,250,1.0,0.9848667005045553,0.9999999999999998,250,1.0,0.9848667005045553,0.9999999999999998
text_like,192,B3_validation,shared_signal,0.8,0.5,learned_raw_d2,250,250,1.0,250,1.0,0.9848667005045553,0.9999999999999998,250,1.0,0.9848667005045553,0.9999999999999998
text_like,192,B3_validation,shared_signal,0.8,0.5,learned_rank_d2,250,250,1.0,250,1.0,0.9848667005045553,0.9999999999999998,250,1.0,0.9848667005045553,0.9999999999999998
