run_uuid,run_id,config_id,seed_id,split_id,environment_id,model_size,dim,depth,heads,learning_rate,weight_decay,dropout,seed,steps,batch_size,sequence_length,final_train_batch_loss,val_loss,val_perplexity,val_token_accuracy,test_loss,test_perplexity,test_token_accuracy,metric_batch_loss,metric_batch_accuracy,prediction_confidence,prediction_entropy,prediction_margin,gradient_norm,empirical_fisher_trace,fim_erank,fim_norm,feature_erank,parameter_l2,distance_from_initialization_l2,relative_distance_from_initialization,update_to_weight_ratio,sharpness_random_perturbation,random_metric,metric_batch_loss_metric_batch_std,metric_batch_accuracy_metric_batch_std,prediction_confidence_metric_batch_std,prediction_entropy_metric_batch_std,prediction_margin_metric_batch_std,gradient_norm_metric_batch_std,empirical_fisher_trace_metric_batch_std,fim_erank_metric_batch_std,fim_norm_metric_batch_std,feature_erank_metric_batch_std,parameter_l2_metric_batch_std,distance_from_initialization_l2_metric_batch_std,relative_distance_from_initialization_metric_batch_std,update_to_weight_ratio_metric_batch_std,sharpness_random_perturbation_metric_batch_std,elapsed_s,error
9210c3c7-eee1-48a1-a09b-32088e573cb1,47434cae0f98-s2701,47434cae0f98,2701,official-wikitext2-train-valid-test,wikitext2-causal-lm-fixed-splits-v1-replication,small,96,2,4,0.00015,0.0,0.0,2701,6000,48,64,6.71086311340332,6.460521829128266,639.3946242687124,0.15546875,6.399800264835358,601.7248402585984,0.1556640625,6.648310581843059,0.14388020833333334,0.13339651127656302,6.6407060623168945,0.07368925213813782,1.1918378273646038,10.76987361907959,7.573225816090901,0.9466532270113627,1.0128709475199382,1780.64990234375,172.04953002929688,0.09610860794782639,0.09662175923585892,0.008370320002237955,-0.5185102820396423,0.1342990584574774,0.021066002197087808,0.015081088756127296,0.1595367106857303,0.01065462377975069,0.11793390017818066,1.2697121517578682,0.05684015434533017,0.007105019293166271,0.0028804201015019066,0.0,0.0,0.0,0.0,8.687405772949353e-05,145.24608659744263,
9da47708-e503-475a-af1d-be80b754068d,47434cae0f98-s2702,47434cae0f98,2702,official-wikitext2-train-valid-test,wikitext2-causal-lm-fixed-splits-v1-replication,small,96,2,4,0.00015,0.0,0.0,2702,6000,48,64,6.585551738739014,6.435515546798706,623.6039970487767,0.1599609375,6.337674748897553,565.4798987218178,0.164013671875,6.748065531253815,0.14583333333333334,0.14738485713799795,6.516005992889404,0.08404391755660374,1.180466930071513,11.703253110249838,7.5916086832682295,0.9489510854085287,1.011148730913798,1778.943115234375,171.93701171875,0.09613456577062607,0.09665121138095856,0.0032298763593037925,0.7290657758712769,0.19739647275335093,0.014788823817188212,0.011801222117255055,0.11962668485872742,0.008329381402277576,0.02583967349473424,1.596466416921345,0.16606253919307404,0.020757817399134255,0.0032745787774164994,0.0,0.0,0.0,0.0,0.00048316802402987175,142.73827171325684,
008f6b31-e41e-45d1-8f68-3fd786ad3c41,47434cae0f98-s2703,47434cae0f98,2703,official-wikitext2-train-valid-test,wikitext2-causal-lm-fixed-splits-v1-replication,small,96,2,4,0.00015,0.0,0.0,2703,6000,48,64,6.685140609741211,6.43674887418747,624.373579414033,0.15704345703125,6.379813027381897,589.8174176414043,0.15582275390625,6.842572430769603,0.14778645833333334,0.1386314332485199,6.578591982523601,0.0765547255674998,1.1527540683746338,10.163543065388998,7.544943014780681,0.9431178768475851,1.0133746067682903,1779.789794921875,169.72117614746094,0.09484896808862686,0.09536023437976837,0.0041312575340271,-1.0203146934509277,0.13725759636572848,0.010022659061419695,0.013232792691670244,0.12706347414383132,0.011374975174850224,0.091323856308468,0.8457942252187228,0.18348537181094046,0.022935671476367558,0.003536270712712627,0.0,0.0,0.0,0.0,0.0023607810543170345,142.7708237171173,
f96bd50a-ac1d-41a1-aee0-5eef1d4f114b,47434cae0f98-s2704,47434cae0f98,2704,official-wikitext2-train-valid-test,wikitext2-causal-lm-fixed-splits-v1-replication,small,96,2,4,0.00015,0.0,0.0,2704,6000,48,64,6.643775463104248,6.464816880226135,642.1467629088636,0.15780029296875,6.4002036333084105,601.9676060473523,0.153369140625,6.773922979831696,0.13932291666666666,0.1391316850980123,6.553516864776611,0.07600037008523941,1.1830766201019287,10.709052721659342,7.53633975982666,0.9420424699783325,1.0167869726816814,1777.943359375,173.82083129882812,0.09721570461988449,0.09776511043310165,0.006320734818776448,0.0012064753100275993,0.2686282407317607,0.01683921504736662,0.005980576312444547,0.06069278225713131,0.00565378681581694,0.05236882686541267,0.5364151071283519,0.07538706461515485,0.009423383076894356,0.005167611288034161,0.0,0.0,0.0,0.0,0.006685690628403565,142.67177510261536,
f0a149aa-40bd-482b-863a-619c7cf4f92d,47434cae0f98-s2705,47434cae0f98,2705,official-wikitext2-train-valid-test,wikitext2-causal-lm-fixed-splits-v1-replication,small,96,2,4,0.00015,0.0,0.0,2705,6000,48,64,6.641668319702148,6.443273961544037,628.4609924239264,0.1567626953125,6.339812517166138,566.690056763685,0.1616455078125,6.6661317348480225,0.14322916666666666,0.13440490265687308,6.64238707224528,0.07333401342233022,1.224370002746582,11.112874984741211,7.499465465545654,0.9374331831932068,1.0162667036056519,1780.3212890625,172.43508911132812,0.096331886947155,0.09685616195201874,0.0016431013743082683,-1.783803105354309,0.1860598961289326,0.008807128423482215,0.006576179605069718,0.06935384503435986,0.005781351626383677,0.07806687903667978,0.3977954421987725,0.05395105058820172,0.006743881323525215,0.0010890601337186197,0.0,0.0,0.0,0.0,0.0062738560879563145,142.44719457626343,
dd6af351-b88f-4de8-9d42-50c6fb2e35d1,5cb8752413d0-s2701,5cb8752413d0,2701,official-wikitext2-train-valid-test,wikitext2-causal-lm-fixed-splits-v1-replication,small,96,2,4,0.00015,0.0,0.2,2701,6000,48,64,6.998741626739502,6.577236819267273,718.5510970449064,0.12452392578125,6.51953227519989,678.2610716133354,0.12452392578125,6.770709911982219,0.11848958333333333,0.11996040989955266,6.580150922139485,0.056351919968922935,0.9477416475613912,6.801860968271892,7.434898058573405,0.9293622573216757,1.0195908943812053,1772.460693359375,189.6620635986328,0.10594714432954788,0.10700494796037674,0.0017901261647542317,-0.3432933986186981,0.11783704551299203,0.019949939382870523,0.009503241657206216,0.11837718134599043,0.004829905087437019,0.04146136520274704,0.8704251963646569,0.11641972260600354,0.014552465325750443,0.0027192099012454483,0.0,0.0,0.0,0.0,0.002533412064077669,144.15169858932495,
ac55e30a-8271-42e5-85a4-951e6b03bada,5cb8752413d0-s2702,5cb8752413d0,2702,official-wikitext2-train-valid-test,wikitext2-causal-lm-fixed-splits-v1-replication,small,96,2,4,0.00015,0.0,0.2,2702,6000,48,64,6.904757976531982,6.57732744216919,718.6162171811395,0.1269287109375,6.487991571426392,657.2020933583607,0.128662109375,6.866808871428172,0.12109375,0.12398171176513036,6.517077128092448,0.057095846782128014,0.9452207684516907,6.4749579429626465,7.50717814763387,0.9383972684542338,1.0178238948186238,1771.5040283203125,188.43809509277344,0.10536076128482819,0.10637181252241135,-0.0017266074816385906,-0.5721818804740906,0.19932312056572013,0.005859375,0.009673464185659465,0.10049828960436438,0.005537445586633038,0.05420315995872635,0.5368096144612664,0.08591389401481765,0.010739236751852206,0.00506034603077411,0.0,0.0,0.0,0.0,0.002584688218603823,143.3692319393158,
57104659-5d23-440c-96c9-4a18d98f2da0,5cb8752413d0-s2703,5cb8752413d0,2703,official-wikitext2-train-valid-test,wikitext2-causal-lm-fixed-splits-v1-replication,small,96,2,4,0.00015,0.0,0.2,2703,6000,48,64,6.965000152587891,6.548855006694794,698.4440021012092,0.1259765625,6.503104305267334,667.2096439271475,0.12252197265625,6.931479136149089,0.11328125,0.12342678755521774,6.505603313446045,0.05600351095199585,1.076343258221944,7.066629886627197,7.290554364522298,0.9113192955652872,1.02083420753479,1772.2548828125,185.37059020996094,0.10359466820955276,0.10459589958190918,-0.0005160967508951823,-1.0319422483444214,0.15149640786941077,0.01188039556698871,0.009403087105323159,0.10216748983781121,0.00680587770599113,0.05185923278036255,0.3191814743046974,0.1465364625537264,0.0183170578192158,0.004908349462460118,0.0,0.0,0.0,0.0,0.00022548301092011974,143.5878551006317,
83417f8c-f2ef-4d8a-b329-321ad6131cf7,5cb8752413d0-s2704,5cb8752413d0,2704,official-wikitext2-train-valid-test,wikitext2-causal-lm-fixed-splits-v1-replication,small,96,2,4,0.00015,0.0,0.2,2704,6000,48,64,6.958569049835205,6.581555831432342,721.6612395111606,0.124609375,6.5123552799224855,673.4106217536266,0.12222900390625,6.857410172621409,0.11458333333333333,0.1193399007121722,6.56257438659668,0.054259005934000015,0.9956470131874084,6.6913838386535645,7.342586040496826,0.9178232550621033,1.0225685040156047,1770.712890625,189.12071228027344,0.10577273368835449,0.10680484026670456,-0.0011598865191141765,-1.4455528259277344,0.2391199734530629,0.009830513587592123,0.0013694799569075884,0.023028586829737265,0.0015694595143638643,0.04791134769630937,0.9180371339544515,0.3380291770401988,0.04225364713002485,0.0030965618945434717,0.0,0.0,0.0,0.0,0.001659023978992049,143.4476420879364,
f5444097-18e5-47a8-bb0e-024dc0a2553f,5cb8752413d0-s2705,5cb8752413d0,2705,official-wikitext2-train-valid-test,wikitext2-causal-lm-fixed-splits-v1-replication,small,96,2,4,0.00015,0.0,0.2,2705,6000,48,64,6.9438700675964355,6.580645143985748,721.0043308442832,0.1216796875,6.485297501087189,655.4339275427689,0.12486572265625,6.788432856400807,0.111328125,0.12284089624881744,6.554604371388753,0.0568323681751887,1.0412636200586955,7.117399533589681,7.300474802652995,0.9125593503316244,1.0199249188105266,1772.5924072265625,186.20265197753906,0.10402321815490723,0.105045385658741,-0.0005184213320414225,0.8882606029510498,0.14647385158889156,0.00390625,0.004036062461480261,0.042590550849513555,0.005400493963651227,0.04989820113829314,0.1327383982770677,0.09588055583992816,0.01198506947999102,0.0016247773388645725,0.0,0.0,0.0,0.0,0.006881394246102292,143.61957597732544,
b9394205-b377-4e2c-bfa5-146335e6bdf0,7d141837053e-s2701,7d141837053e,2701,official-wikitext2-train-valid-test,wikitext2-causal-lm-fixed-splits-v1-replication,small,96,2,4,0.00015,0.003,0.0,2701,6000,48,64,6.710046291351318,6.459832155704499,638.9538028179475,0.15550537109375,6.399148464202881,601.3327634189876,0.15562744140625,6.647559901078542,0.14388020833333334,0.13346144805351892,6.640561739603679,0.07372329880793889,1.18979545434316,10.735455195109049,7.57377815246582,0.9467222690582275,1.0129542748133342,1775.5675048828125,172.30332946777344,0.09625038504600525,0.09704127162694931,0.008317053318023682,1.3734521865844727,0.13427443167191244,0.021066002197087808,0.015075210299977599,0.1595581317600841,0.010638641875405802,0.11760961489467152,1.2659573291837694,0.05682493761804272,0.00710311720225534,0.0028931325482916955,0.0,0.0,0.0,0.0,9.308121713114211e-05,142.4307017326355,
5992e3ee-628d-42e3-8e7d-19b60fafcd2d,7d141837053e-s2702,7d141837053e,2702,official-wikitext2-train-valid-test,wikitext2-causal-lm-fixed-splits-v1-replication,small,96,2,4,0.00015,0.003,0.0,2702,6000,48,64,6.584893703460693,6.434892618656159,623.2156575355733,0.15992431640625,6.336981415748596,565.087968647722,0.16400146484375,6.747031291325887,0.14518229166666666,0.1474327097336451,6.516402403513591,0.08409402271111806,1.1788668235143025,11.669475873311361,7.591893355051677,0.9489866693814596,1.0112312237421672,1773.8692626953125,172.19686889648438,0.09627985954284668,0.09707415848970413,0.0032041072845458984,-0.44154196977615356,0.19758170597722907,0.016263015620829165,0.011799535145461747,0.11959918822004939,0.008326459086952485,0.026015421855158254,1.5892440714485965,0.16564422930675662,0.020705528663344578,0.003294453765326648,0.0,0.0,0.0,0.0,0.0004783343079902477,143.29998230934143,
e5f56856-7b6a-4512-9159-344ed3963767,7d141837053e-s2703,7d141837053e,2703,official-wikitext2-train-valid-test,wikitext2-causal-lm-fixed-splits-v1-replication,small,96,2,4,0.00015,0.003,0.0,2703,6000,48,64,6.684683322906494,6.4363006234169005,624.0937661938685,0.15704345703125,6.379350221157074,589.544509625646,0.155712890625,6.842045783996582,0.14778645833333334,0.1387150635321935,6.57806921005249,0.07659825185934703,1.1506808598836262,10.12118943532308,7.545772552490234,0.9432215690612793,1.0134567817052205,1774.7138671875,169.97781372070312,0.09499238431453705,0.09577758610248566,0.004088878631591797,-0.46461912989616394,0.1375306771989787,0.010022659061419695,0.013206113075358834,0.12672814365657034,0.011368392898222349,0.0909157041998985,0.8339544381619901,0.18259286372618155,0.022824107965772694,0.003557273417962662,0.0,0.0,0.0,0.0,0.0023320355750469594,142.37909603118896,
4b3715eb-06e8-4e44-a82d-f4d409041047,7d141837053e-s2704,7d141837053e,2704,official-wikitext2-train-valid-test,wikitext2-causal-lm-fixed-splits-v1-replication,small,96,2,4,0.00015,0.003,0.0,2704,6000,48,64,6.643177032470703,6.464257609844208,641.7877296512099,0.1578125,6.399603593349457,601.6065097766582,0.15328369140625,6.773246606190999,0.13932291666666666,0.13917024930318198,6.553196907043457,0.07602033267418544,1.1811391512552898,10.674066861470541,7.536271572113037,0.9420339465141296,1.0169050693511963,1772.8653564453125,174.0965118408203,0.09736989438533783,0.09820064157247543,0.006274064381917317,0.29189610481262207,0.2685481252159001,0.01683921504736662,0.005985192539329904,0.060826151049453075,0.005650802767706134,0.05182920602119381,0.5306931470764531,0.07522008538708298,0.009402510673385373,0.005210935238739135,0.0,0.0,0.0,0.0,0.0066555308401794865,142.58558773994446,
b2961cdf-4781-473f-9bf4-39f1e38a14ad,7d141837053e-s2705,7d141837053e,2705,official-wikitext2-train-valid-test,wikitext2-causal-lm-fixed-splits-v1-replication,small,96,2,4,0.00015,0.003,0.0,2705,6000,48,64,6.640941143035889,6.442553699016571,628.0084984978809,0.156787109375,6.339142179489135,566.3103103608345,0.161669921875,6.665369351704915,0.14322916666666666,0.13443932930628458,6.6424533526102705,0.07334631184736888,1.2222882509231567,11.074522654215494,7.500158309936523,0.9375197887420654,1.0163657267888386,1775.238037109375,172.6971893310547,0.09647831320762634,0.09728114306926727,0.0016105969746907551,0.6667174696922302,0.1858870872875776,0.008807128423482215,0.006612911792615164,0.06952640059737913,0.005813788551250181,0.07760124595092274,0.3922304328472601,0.05412873078513516,0.006766091348141895,0.001100649411523342,0.0,0.0,0.0,0.0,0.006246865215210201,142.65862917900085,
173e7eb3-5d8d-460c-857e-1ad6e055e869,0851d948a220-s2701,0851d948a220,2701,official-wikitext2-train-valid-test,wikitext2-causal-lm-fixed-splits-v1-replication,small,96,2,4,0.00015,0.003,0.2,2701,6000,48,64,6.997190475463867,6.576647174358368,718.1275319375228,0.12457275390625,6.518951547145844,677.8673007290479,0.12457275390625,6.770048379898071,0.11848958333333333,0.11996797720591228,6.580462296803792,0.05635986849665642,0.9446721275647482,6.762436548868815,7.435550212860107,0.9294437766075134,1.019680420557658,1767.4078369140625,190.09661865234375,0.10618989169597626,0.10755673795938492,0.0017778873443603516,-0.12238743156194687,0.11785696822328978,0.019949939382870523,0.009507597688705386,0.11841599020170078,0.004829469898819766,0.04126465461828764,0.8662283847374573,0.11645821998132644,0.014557277497665805,0.002732209676678847,0.0,0.0,0.0,0.0,0.0025065474721802862,143.82089114189148,
ea75e993-aeb0-4765-93e0-c94bf865f596,0851d948a220-s2702,0851d948a220,2702,official-wikitext2-train-valid-test,wikitext2-causal-lm-fixed-splits-v1-replication,small,96,2,4,0.00015,0.003,0.2,2702,6000,48,64,6.903168201446533,6.5766916513443,718.1594727959691,0.1269775390625,6.487320733070374,656.7613648318089,0.12867431640625,6.865968366463979,0.12109375,0.12400068591038386,6.517491817474365,0.05712950974702835,0.9422189990679423,6.43962303797404,7.507673263549805,0.9384591579437256,1.0179019769032795,1766.458984375,188.8543243408203,0.1055934876203537,0.10691124200820923,-0.0017219980557759602,0.5298901796340942,0.19934598819121307,0.005859375,0.009678615315196043,0.10059296133370306,0.0055418432144076,0.05375397555780874,0.5353832308441849,0.08619606967864696,0.01077450870983087,0.005084688096637066,0.0,0.0,0.0,0.0,0.002562561636963732,143.51414918899536,
f3473d50-ccf1-44dd-8c2f-92d482abb8d2,0851d948a220-s2703,0851d948a220,2703,official-wikitext2-train-valid-test,wikitext2-causal-lm-fixed-splits-v1-replication,small,96,2,4,0.00015,0.003,0.2,2703,6000,48,64,6.963392734527588,6.548286962509155,698.0473677104166,0.12603759765625,6.502534544467926,666.8296023037415,0.12254638671875,6.930892785390218,0.11393229166666667,0.12345926463603973,6.5057142575581866,0.0560386007030805,1.072937250137329,7.026153723398845,7.291505813598633,0.9114382266998291,1.02092440923055,1767.20263671875,185.80044555664062,0.10383488982915878,0.10513816773891449,-0.000518798828125,0.4348197877407074,0.15141815084439628,0.013004547106405065,0.009407363128085242,0.10228007495819809,0.006808236755055068,0.0517391433084026,0.31742639568429104,0.1463185057426331,0.01828981321782914,0.004933042078121242,0.0,0.0,0.0,0.0,0.00023032685476276097,143.63601732254028,
828de004-0869-4edf-9a95-22afda764c5e,0851d948a220-s2704,0851d948a220,2704,official-wikitext2-train-valid-test,wikitext2-causal-lm-fixed-splits-v1-replication,small,96,2,4,0.00015,0.003,0.2,2704,6000,48,64,6.957138538360596,6.581004202365875,721.2632599739359,0.12467041015625,6.511783087253571,673.0254113504843,0.1222900390625,6.8566962877909345,0.11458333333333333,0.11938452968994777,6.562558809916179,0.0542984294394652,0.9927177230517069,6.653810977935791,7.34367036819458,0.9179587960243225,1.0226576725641887,1765.664306640625,189.54029846191406,0.1060073971748352,0.10734786838293076,-0.001159985860188802,0.20514163374900818,0.239133169020195,0.009830513587592123,0.0013695107193507452,0.023029917884349962,0.0015731558527525462,0.047714070682388594,0.9121350979192343,0.33743419125683605,0.042179273907104506,0.0031165955333401093,0.0,0.0,0.0,0.0,0.0016506850720779136,143.370352268219,
38b55adc-d1f5-48be-8906-34f7771e3af8,0851d948a220-s2705,0851d948a220,2705,official-wikitext2-train-valid-test,wikitext2-causal-lm-fixed-splits-v1-replication,small,96,2,4,0.00015,0.003,0.2,2705,6000,48,64,6.942325592041016,6.580044102668762,720.5711076572793,0.12176513671875,6.4847154259681705,655.0525267741033,0.12490234375,6.787797490755717,0.111328125,0.12285455813010533,6.554846286773682,0.056854378432035446,1.0379093885421753,7.075833797454834,7.301196257273356,0.9126495321591696,1.0200067361195881,1767.5435791015625,186.64022827148438,0.1042676717042923,0.1055929958820343,-0.0005344152450561523,-0.42984244227409363,0.14645959061392064,0.00390625,0.00403728779629288,0.04250460366184414,0.005407776730939639,0.04960947445279361,0.13160836156684388,0.09592979494001252,0.011991224367501566,0.0016293372991253046,0.0,0.0,0.0,0.0,0.006851243243945656,143.52032208442688,
9fd2f8dc-6e17-411d-a826-7b52811a98fc,d01e49c7e993-s2701,d01e49c7e993,2701,official-wikitext2-train-valid-test,wikitext2-causal-lm-fixed-splits-v1-replication,small,96,2,4,0.00015,0.02,0.0,2701,6000,48,64,6.706106662750244,6.456384408473968,636.7546448626616,0.15557861328125,6.395881330966949,599.3713350304222,0.1556640625,6.643965899944305,0.14453125,0.1338174268603325,6.639872709910075,0.07394511500994365,1.1792853673299153,10.548474311828613,7.578424612681071,0.9473030765851339,1.0134309927622478,1749.0565185546875,176.01722717285156,0.09832500666379929,0.10063552856445312,0.008001466592152914,0.10921525955200195,0.1339856152113304,0.02039122365021592,0.015046277993305972,0.15941910572213971,0.010576508644076485,0.11575734259876586,1.24703698906139,0.05540415934628877,0.006925519918286096,0.0029273582344692016,0.0,0.0,0.0,0.0,0.00015487643111661867,141.71132493019104,
47266d5d-272a-4d70-a37e-110ff5f85db8,d01e49c7e993-s2702,d01e49c7e993,2702,official-wikitext2-train-valid-test,wikitext2-causal-lm-fixed-splits-v1-replication,small,96,2,4,0.00015,0.02,0.0,2702,6000,48,64,6.5815558433532715,6.431775045394898,621.2757625192529,0.16016845703125,6.333490037918091,563.1184731687591,0.1642822265625,6.741757730642955,0.14518229166666666,0.1476962814728419,6.518159866333008,0.08435610433419545,1.170232097307841,11.492317835489908,7.591949939727783,0.9489937424659729,1.011683742205302,1747.37255859375,175.93505859375,0.09836997836828232,0.1006854847073555,0.003083209196726481,1.282556414604187,0.19825825526921478,0.016263015620829165,0.011809592836851457,0.11956201108942945,0.008324172623350395,0.02711528238465135,1.5537033457054847,0.164583405073612,0.0205729256342015,0.0034194269677002864,0.0,0.0,0.0,0.0,0.00044487888815638416,142.08083844184875,
17074e99-f07c-4fdf-850d-00aadc0b0844,d01e49c7e993-s2703,d01e49c7e993,2703,official-wikitext2-train-valid-test,wikitext2-causal-lm-fixed-splits-v1-replication,small,96,2,4,0.00015,0.02,0.0,2703,6000,48,64,6.681135177612305,6.433372104167939,622.2687691601825,0.15682373046875,6.37615737915039,587.665188934048,0.155859375,6.838183919588725,0.14778645833333334,0.13901929060618082,6.576839923858643,0.07677826037009557,1.1374891599019368,9.91153621673584,7.54562775293986,0.9432034691174825,1.0139696995417278,1748.2069091796875,173.76573181152344,0.09710927307605743,0.09939654916524887,0.0038405656814575195,-0.7703909277915955,0.1370124540980413,0.00963453684046142,0.01309305812908598,0.12582519861201658,0.011192091258007136,0.08880051587757387,0.8146354412845835,0.18318531154055973,0.022898163942569966,0.0035945079769788488,0.0,0.0,0.0,0.0,0.0022602568229893164,141.65534925460815,
1f019b7f-7825-4ec1-9c5e-690ca0116996,d01e49c7e993-s2704,d01e49c7e993,2704,official-wikitext2-train-valid-test,wikitext2-causal-lm-fixed-splits-v1-replication,small,96,2,4,0.00015,0.02,0.0,2704,6000,48,64,6.640036106109619,6.46125557422638,639.8639491013715,0.15811767578125,6.396411979198456,599.6894747720523,0.1533203125,6.769594768683116,0.142578125,0.1393940250078837,6.551372210184733,0.07614350070556004,1.1710402965545654,10.494418144226074,7.535653909047444,0.9419567386309305,1.0175291299819946,1746.3756103515625,177.89096069335938,0.09949208050966263,0.10186294466257095,0.006027599175771077,1.5745848417282104,0.2681511634508015,0.021484375,0.006023900493152914,0.06159047300235152,0.005652784437813411,0.049113487155757425,0.5030961835445059,0.07435458659956999,0.009294323324946249,0.005440593358733175,0.0,0.0,0.0,0.0,0.006496111414436365,141.7000572681427,
e5326407-2c2f-4581-ae33-fd34367d0fdc,d01e49c7e993-s2705,d01e49c7e993,2705,official-wikitext2-train-valid-test,wikitext2-causal-lm-fixed-splits-v1-replication,small,96,2,4,0.00015,0.02,0.0,2705,6000,48,64,6.637243747711182,6.438830816745758,625.6748434497482,0.157177734375,6.335656952857971,564.3400260237713,0.1618896484375,6.661579469839732,0.14322916666666666,0.1346223404010137,6.642682711283366,0.07341431826353073,1.2114508549372356,10.875739415486654,7.503749529520671,0.9379686911900839,1.0168697834014893,1748.7161865234375,176.45025634765625,0.09857498109340668,0.1009027436375618,0.0014481345812479656,0.34724679589271545,0.18507141639832791,0.008807128423482215,0.006799375500762071,0.07045902375627278,0.005963178951620379,0.07494872540257139,0.3624910780092314,0.054733224425655896,0.006841653053206987,0.0011677102557311903,0.0,0.0,0.0,0.0,0.00611344696895919,142.1018660068512,
7adb6eb4-e550-4af5-9108-97893335939a,603650f5be83-s2701,603650f5be83,2701,official-wikitext2-train-valid-test,wikitext2-causal-lm-fixed-splits-v1-replication,small,96,2,4,0.00015,0.02,0.2,2701,6000,48,64,6.98919153213501,6.573581087589264,715.9290626843609,0.12471923828125,6.515931701660156,675.82333400621,0.12470703125,6.766611059506734,0.11848958333333333,0.12001227090756099,6.582003593444824,0.05640284841259321,0.9288163383801779,6.5600056648254395,7.438928445180257,0.9298660556475321,1.0201636950174968,1741.0360107421875,194.4824981689453,0.10863988846540451,0.11170504242181778,0.0017217397689819336,0.1654186248779297,0.11795665130013534,0.019949939382870523,0.009533475447000936,0.11865084677557544,0.004827817249117805,0.04018928378336371,0.8445472044236145,0.11663256888113098,0.014579071110141372,0.0027922100860438798,0.0,0.0,0.0,0.0,0.0023710392784001668,143.933265209198,
1aac28ed-d918-428c-92a4-4b248023dc22,603650f5be83-s2702,603650f5be83,2702,official-wikitext2-train-valid-test,wikitext2-causal-lm-fixed-splits-v1-replication,small,96,2,4,0.00015,0.02,0.2,2702,6000,48,64,6.894958019256592,6.573389935493469,715.7922244224654,0.12724609375,6.483839225769043,654.4788209969671,0.12894287109375,6.8616262674331665,0.12109375,0.12409339845180511,6.51967986424764,0.05729812135299047,0.9267250299453735,6.258113066355388,7.510290463765462,0.9387863079706827,1.018312970797221,1740.0906982421875,193.1651611328125,0.10800378769636154,0.1110086739063263,-0.0016995668411254883,1.292994499206543,0.19945029734205807,0.005859375,0.009704377335011751,0.10113210002937946,0.005562596556421316,0.0514129302986295,0.5281058966793964,0.08766613835736121,0.010958267294670152,0.005214933674140468,0.0,0.0,0.0,0.0,0.002448793081740001,143.8826870918274,
dfd5df43-54ec-4be7-a3b3-070e97a124b1,603650f5be83-s2703,603650f5be83,2703,official-wikitext2-train-valid-test,wikitext2-causal-lm-fixed-splits-v1-replication,small,96,2,4,0.00015,0.02,0.2,2703,6000,48,64,6.955127716064453,6.545343053340912,695.9954015477097,0.12613525390625,6.499577009677887,664.8603440662016,0.1228271484375,6.927848239739736,0.11393229166666667,0.12363228450218837,6.506304423014323,0.05622762814164162,1.0552579760551453,6.817984422047933,7.296551704406738,0.9120689630508423,1.021399696667989,1740.82275390625,190.21725463867188,0.10630322992801666,0.10926859080791473,-0.0005301435788472494,-0.8483710289001465,0.150996300901332,0.013004547106405065,0.009428430836660971,0.10287133434417342,0.006821383524700509,0.05108558547648035,0.30785523711995605,0.14514782877096277,0.018143478596370347,0.005058596039453616,0.0,0.0,0.0,0.0,0.0002568906692595441,143.9961380958557,
c6f97c37-dbf5-4e50-b779-931e2f754541,603650f5be83-s2704,603650f5be83,2704,official-wikitext2-train-valid-test,wikitext2-causal-lm-fixed-splits-v1-replication,small,96,2,4,0.00015,0.02,0.2,2704,6000,48,64,6.9497599601745605,6.578141856193542,719.201706689611,0.12501220703125,6.508818936347962,671.0334162135301,0.1226318359375,6.8529941240946455,0.11458333333333333,0.11961998790502548,6.562436421712239,0.054505093644062676,0.9775209426879883,6.460367838541667,7.349275430043538,0.9186594287554423,1.0231401125590007,1739.3277587890625,193.86300659179688,0.10842503607273102,0.11145858466625214,-0.0011598269144694011,0.8681251406669617,0.23919977317623667,0.009830513587592123,0.0013674319124542286,0.022993199518133382,0.0015933210772615138,0.04668869262762326,0.8819707013038486,0.3342953905602472,0.0417869238200309,0.003231049396188454,0.0,0.0,0.0,0.0,0.0016135090542152965,143.61864042282104,
829a1966-a55e-463b-9d5b-4e19cae57149,603650f5be83-s2705,603650f5be83,2705,official-wikitext2-train-valid-test,wikitext2-causal-lm-fixed-splits-v1-replication,small,96,2,4,0.00015,0.02,0.2,2705,6000,48,64,6.934347152709961,6.576917934417724,718.3219985163987,0.1220703125,6.481691133975983,653.0744493125125,0.1253662109375,6.784489075342814,0.111328125,0.12293212860822678,6.556054433186849,0.05697312951087952,1.0205126603444417,6.861581484476726,7.305032253265381,0.9131290316581726,1.020442008972168,1741.16259765625,191.08792114257812,0.10675240308046341,0.10974731296300888,-0.0006109078725179037,0.9312240481376648,0.1463841866304855,0.00390625,0.004044643991916916,0.042073508166395115,0.0054415439164054195,0.04812182712273096,0.12539171126185145,0.09621177681809966,0.012026472102262457,0.0016565626601235954,0.0,0.0,0.0,0.0,0.006690446519566883,143.31005144119263,
a29fe574-1e23-4f9d-b648-686e1539f833,c6a3637f5987-s2701,c6a3637f5987,2701,official-wikitext2-train-valid-test,wikitext2-causal-lm-fixed-splits-v1-replication,small,96,2,4,0.0004,0.0,0.0,2701,6000,48,64,6.2848358154296875,6.112899494171143,451.6463644919617,0.18402099609375,6.044091784954071,421.61466676077913,0.18369140625,6.283846497535706,0.16731770833333334,0.16672937075297037,6.327346483866374,0.10136713832616806,1.1725388367970784,10.76477845509847,7.7190853754679365,0.9648856719334921,1.0308577219645183,1776.3475341796875,229.15553283691406,0.12800860404968262,0.12900377810001373,0.00804730256398519,-1.4527658224105835,0.18548072292591242,0.024576283968980307,0.017073370786856865,0.1636687198874367,0.01467190676804353,0.09857104413168838,1.0246397859614118,0.03962782442439058,0.004953478053048822,0.0100822875667378,0.0,0.0,0.0,0.0,0.0011150822517069154,141.1827108860016,
e615ef61-3428-4c64-b4ac-1d1c88743e3b,c6a3637f5987-s2702,c6a3637f5987,2702,official-wikitext2-train-valid-test,wikitext2-causal-lm-fixed-splits-v1-replication,small,96,2,4,0.0004,0.0,0.0,2702,6000,48,64,6.210257053375244,6.073505568504333,434.2001350623346,0.18740234375,5.959201908111572,387.3008991531859,0.19375,6.287826259930928,0.17903645833333334,0.185655415058136,6.132462978363037,0.11819138626257579,1.261781374613444,13.58542283376058,7.557727813720703,0.9447159767150879,1.040313482284546,1774.0848388671875,232.2613067626953,0.12986348569393158,0.1309189349412918,0.004397352536519368,-0.4549988806247711,0.2556513782732774,0.020515561532016578,0.01764255407726081,0.15405537606802036,0.016575838013555597,0.02813533078359261,1.1687235029374345,0.1404721888078675,0.017559023600983437,0.011633365397779719,0.0,0.0,0.0,0.0,0.002229152549142088,141.15364742279053,
ba340657-7cc7-45ed-9914-3fb5298cc527,c6a3637f5987-s2703,c6a3637f5987,2703,official-wikitext2-train-valid-test,wikitext2-causal-lm-fixed-splits-v1-replication,small,96,2,4,0.0004,0.0,0.0,2703,6000,48,64,6.281840801239014,6.093181800842285,442.8281629790288,0.18349609375,6.0243248462677,413.3624645790337,0.18448486328125,6.505322674910228,0.1640625,0.17678814133008322,6.164138634999593,0.10547984391450882,1.2614728212356567,11.009773254394531,7.666935920715332,0.9583669900894165,1.0379335085550945,1775.1580810546875,230.37173461914062,0.12874363362789154,0.12977533042430878,0.005496760209401448,0.5060405135154724,0.16895733197336085,0.02713367966689415,0.01718781896727313,0.18710081049823785,0.01506242639284458,0.04856939152060929,0.9948802470918621,0.13800244311801954,0.017250305389752443,0.01573679729565909,0.0,0.0,0.0,0.0,0.00218280465225807,141.15361094474792,
f342ddf4-18a2-4ff5-9477-1768da9ec484,c6a3637f5987-s2704,c6a3637f5987,2704,official-wikitext2-train-valid-test,wikitext2-causal-lm-fixed-splits-v1-replication,small,96,2,4,0.0004,0.0,0.0,2704,6000,48,64,6.2535834312438965,6.1050197839736935,448.10150659610593,0.18397216796875,6.046487271785736,422.62584979732145,0.18084716796875,6.376161158084869,0.16015625,0.16937528550624847,6.290103594462077,0.10212115695079167,1.1979037920633953,11.107375144958496,7.564268589019775,0.9455335736274719,1.0388470490773518,1772.8690185546875,235.8255411783854,0.13189412653446198,0.13301915923754373,0.004086911678314209,0.8528973460197449,0.2954148350777253,0.018835255392564365,0.015418409824303415,0.13500608717856272,0.01485327853160347,0.10678108265022963,1.8546073061942074,0.2076117839166705,0.025951472989583814,0.014767531379117196,0.0,8.809665972742094e-06,0.0,8.60318942650595e-09,0.006126968200320695,141.10174870491028,
b0a73f67-d490-40bf-8bc6-882d515358e4,c6a3637f5987-s2705,c6a3637f5987,2705,official-wikitext2-train-valid-test,wikitext2-causal-lm-fixed-splits-v1-replication,small,96,2,4,0.0004,0.0,0.0,2705,6000,48,64,6.269868850708008,6.085844767093659,439.5910078823881,0.1881591796875,5.975846457481384,393.80129610676306,0.19169921875,6.281859914461772,0.16861979166666666,0.17290311058362326,6.225944519042969,0.10559304306904475,1.2150476773579915,11.057632764180502,7.636771361033122,0.9545964201291403,1.0421176354090373,1775.22412109375,237.34104919433594,0.13259199261665344,0.13369639217853546,0.002301176389058431,-0.21226483583450317,0.21680099512567053,0.021602421904996172,0.014227774167706058,0.1339227874754041,0.012161362444973484,0.03816902530857225,0.4070617431207786,0.15633279131023933,0.019541598913779917,0.006911016291828718,0.0,0.0,0.0,0.0,0.0025318359231834343,141.14475774765015,
97ed9d83-fc86-4d08-8066-d23a69066722,db24e764fcf3-s2701,db24e764fcf3,2701,official-wikitext2-train-valid-test,wikitext2-causal-lm-fixed-splits-v1-replication,small,96,2,4,0.0004,0.0,0.2,2701,6000,48,64,6.498812198638916,6.216791939735413,501.0931138157295,0.16082763671875,6.153722417354584,470.46539991615447,0.15977783203125,6.396037459373474,0.14778645833333334,0.14817824959754944,6.280298233032227,0.07775203883647919,0.7090025345484415,4.724672158559163,7.182263215382894,0.8977829019228617,1.0729995965957642,1766.76416015625,273.9933776855469,0.15305547416210175,0.15508203208446503,0.0010914405186971028,1.560604214668274,0.16071023046888505,0.02600909421281013,0.012874702300599002,0.14643533387109325,0.007707063203338742,0.014413319922353738,0.5175470886079615,0.3391017512102379,0.042387718901279736,0.026310684362971584,0.0,0.0,0.0,0.0,0.0006532333574169886,142.89661741256714,
a573db18-7802-4c69-9694-c1488c9190b5,db24e764fcf3-s2702,db24e764fcf3,2702,official-wikitext2-train-valid-test,wikitext2-causal-lm-fixed-splits-v1-replication,small,96,2,4,0.0004,0.0,0.2,2702,6000,48,64,6.431630611419678,6.227335369586944,506.40430378882195,0.16025390625,6.120079922676086,454.9010499559599,0.16204833984375,6.470018645127614,0.14192708333333334,0.16641096770763397,6.089920838673909,0.09192274510860443,0.8044138550758362,4.525229612986247,7.407060464223226,0.9258825580279032,1.0702532529830933,1765.5255126953125,274.90179443359375,0.1537049263715744,0.15570536255836487,-0.0032109618186950684,0.7528116106987,0.22644737674078005,0.01412925417591843,0.013414320529679872,0.15047083768988287,0.009365969555064564,0.11746135222107942,0.45916462154004134,0.15732047085931467,0.019665058857414333,0.022307930881987573,0.0,0.0,0.0,0.0,0.0025498106716034985,142.87576699256897,
c7017461-3e47-4d73-9e85-60a82698161a,db24e764fcf3-s2703,db24e764fcf3,2703,official-wikitext2-train-valid-test,wikitext2-causal-lm-fixed-splits-v1-replication,small,96,2,4,0.0004,0.0,0.2,2703,6000,48,64,6.463951587677002,6.204667484760284,495.05431546459033,0.160546875,6.1481549620628355,467.85338272722555,0.1602783203125,6.612160483996074,0.14518229166666666,0.15569739043712616,6.260928789774577,0.08287333945433299,0.8390886187553406,4.69900369644165,7.046017328898112,0.880752166112264,1.074078361193339,1766.4146728515625,270.7284240722656,0.15129703283309937,0.1532643586397171,-0.0009173949559529623,0.37655577063560486,0.1378479993893123,0.01772221040210443,0.008798335358895988,0.11553971277550643,0.006364124968163482,0.059766220425154934,0.18704518342527796,0.1558614177689315,0.019482677221116438,0.018444590493044814,0.0,0.0,0.0,0.0,0.0010150590546242988,142.83383631706238,
ef0a4d8c-0530-4e42-82a8-a829b03ba984,db24e764fcf3-s2704,db24e764fcf3,2704,official-wikitext2-train-valid-test,wikitext2-causal-lm-fixed-splits-v1-replication,small,96,2,4,0.0004,0.0,0.2,2704,6000,48,64,6.499128818511963,6.242274916172027,514.0265491541027,0.15887451171875,6.178599274158477,482.31589064017044,0.1556884765625,6.507794340451558,0.13932291666666666,0.1574436475833257,6.1831123034159345,0.08430484433968861,0.7603302001953125,4.646288235982259,7.152726809183757,0.8940908511479696,1.0799635251363118,1765.614990234375,273.4821472167969,0.15295496582984924,0.1548934280872345,-0.0012893279393513997,-0.7842457890510559,0.2677331594661411,0.015170807549128962,0.00628464975675354,0.058309147212183686,0.006206019221289519,0.043506387209334446,0.8583925654170922,0.775118721389658,0.09688984017370725,0.02846818005512599,0.0,0.0,0.0,0.0,0.0019314134078135005,142.83501720428467,
23c6f3eb-a99a-41c4-8f4f-4d0afdc6af24,db24e764fcf3-s2705,db24e764fcf3,2705,official-wikitext2-train-valid-test,wikitext2-causal-lm-fixed-splits-v1-replication,small,96,2,4,0.0004,0.0,0.2,2705,6000,48,64,6.495546340942383,6.217370080947876,501.3829001567494,0.15914306640625,6.116919231414795,453.46551801431997,0.16217041015625,6.430839995543162,0.14713541666666666,0.15491133431593576,6.270745913187663,0.08305891354878743,0.8415795763333639,4.955058892567952,7.226132392883301,0.9032665491104126,1.0912936131159465,1766.1202392578125,276.0001525878906,0.1541891247034073,0.15627484023571014,0.0009204745292663574,1.6548961400985718,0.19389521154290515,0.015170807549128964,0.011566063588787335,0.12663598772638598,0.010568329363204461,0.04461579925240167,0.34736195777296175,0.15266754985659275,0.019083443732074094,0.015278859302764626,0.0,0.0,0.0,0.0,0.007606177309271519,142.97176551818848,
c8e3479d-2940-436f-9b84-78eb26d38bc6,124328d392d3-s2701,124328d392d3,2701,official-wikitext2-train-valid-test,wikitext2-causal-lm-fixed-splits-v1-replication,small,96,2,4,0.0004,0.003,0.0,2701,6000,48,64,6.282507419586182,6.110866630077362,450.7291614049753,0.1841552734375,6.042014253139496,420.7396581209572,0.18387451171875,6.281781355539958,0.16666666666666666,0.16701402266820273,6.323412736256917,0.10152747233708699,1.1699297825495403,10.729572296142578,7.721140543619792,0.965142567952474,1.031361738840739,1763.663818359375,230.04059346516928,0.12850299974282584,0.13043335576852164,0.007973988850911459,-0.755744218826294,0.18470917960897873,0.025490588477150904,0.016945927409259702,0.16318410145356238,0.014540584872393608,0.09833803898511309,1.0238510120730493,0.038981020689939756,0.0048726275862424695,0.01044377876980674,0.0,8.809665972742094e-06,8.60318942650595e-09,8.60318942650595e-09,0.0010818941549820018,141.7541184425354,
79e0c565-a5a3-4150-8f48-2a340daea083,124328d392d3-s2702,124328d392d3,2702,official-wikitext2-train-valid-test,wikitext2-causal-lm-fixed-splits-v1-replication,small,96,2,4,0.0004,0.003,0.0,2702,6000,48,64,6.208209991455078,6.071641981601715,433.39171888838035,0.18746337890625,5.9573213934898375,386.57325853316183,0.19368896484375,6.285348474979401,0.17903645833333334,0.18578968942165375,6.130102157592773,0.11826986322800319,1.2616438468297322,13.563178062438965,7.554276784261067,0.9442845980326334,1.0408752759297688,1761.413330078125,233.1980438232422,0.13038724660873413,0.13239257037639618,0.004343767960866292,-0.7752886414527893,0.2563418226457111,0.020515561532016578,0.017704201791763255,0.15458324516699168,0.01661685518835641,0.028732219492552533,1.1673944666158302,0.14113233640909756,0.017641542051137195,0.01183325812752314,0.0,0.0,0.0,0.0,0.002209702618323822,141.5397138595581,
82b4ff03-dbd1-4f6d-9b11-2cacd6ea8a33,124328d392d3-s2703,124328d392d3,2703,official-wikitext2-train-valid-test,wikitext2-causal-lm-fixed-splits-v1-replication,small,96,2,4,0.0004,0.003,0.0,2703,6000,48,64,6.279306411743164,6.091176962852478,441.9412536068016,0.1836669921875,6.021967029571533,412.38897975885266,0.18505859375,6.503295977910359,0.16666666666666666,0.17709574600060782,6.159918467203776,0.10615132252375285,1.2607657512029011,11.038325945536295,7.667409737904866,0.9584262172381083,1.0388941367467244,1762.4725341796875,231.2946319580078,0.129259392619133,0.13123303651809692,0.005274216334025065,-0.17583538591861725,0.16950558208334587,0.03157384284630766,0.017904026103903386,0.19184145405509795,0.0156004363891428,0.04839571278921011,0.8944045525753429,0.125404614429194,0.01567557680364925,0.015872775225407452,0.0,0.0,0.0,0.0,0.0019310951028453675,141.51962685585022,
a9c76279-93a1-4344-8154-3390dce808c3,124328d392d3-s2704,124328d392d3,2704,official-wikitext2-train-valid-test,wikitext2-causal-lm-fixed-splits-v1-replication,small,96,2,4,0.0004,0.003,0.0,2704,6000,48,64,6.251448154449463,6.1030888795852665,447.23710024214034,0.1840087890625,6.044555032253266,421.810023862288,0.1809326171875,6.374034066994985,0.16080729166666666,0.16943072279294333,6.28929328918457,0.10218785951534907,1.1953375736872356,11.061367988586426,7.5662736892700195,0.9457842111587524,1.0391700267791748,1760.2320556640625,236.8133544921875,0.13244660198688507,0.1345352977514267,0.0040192802747090655,0.43902644515037537,0.29553518406732987,0.01814760399058119,0.015506583868837626,0.13579194595951655,0.014934462107007176,0.10671801474223137,1.8566538550708331,0.21252700098591099,0.026565875123238873,0.014922145120082591,0.0,0.0,0.0,0.0,0.006030591581369471,141.6013011932373,
876c858d-e34c-4dbd-b417-2d11d40d61d3,124328d392d3-s2705,124328d392d3,2705,official-wikitext2-train-valid-test,wikitext2-causal-lm-fixed-splits-v1-replication,small,96,2,4,0.0004,0.003,0.0,2705,6000,48,64,6.267393112182617,6.08384495973587,438.71278897740456,0.18792724609375,5.973692274093628,392.9538889595123,0.1923095703125,6.2790854175885515,0.16666666666666666,0.1731617053349813,6.2242081960042315,0.10585076610247295,1.2136648098627727,11.024905522664389,7.6399186452229815,0.9549898306528727,1.042695124944051,1762.5526123046875,238.25662231445312,0.13310347497463226,0.13517703115940094,0.0021661718686421714,-1.3865903615951538,0.21804839311246324,0.01772221040210443,0.01411433670808972,0.1328094451218199,0.012014551298871412,0.03971742483972212,0.41340687329455184,0.15499493713662005,0.019374367142077506,0.007032456489331027,0.0,0.0,0.0,0.0,0.0024956669150144146,141.98349332809448,
2489a7fc-1169-4b9b-b3f8-3f36cc2dad2e,960756f42446-s2701,960756f42446,2701,official-wikitext2-train-valid-test,wikitext2-causal-lm-fixed-splits-v1-replication,small,96,2,4,0.0004,0.003,0.2,2701,6000,48,64,6.495901107788086,6.2145104050636295,499.95115570663927,0.16097412109375,6.151405477523804,469.3766216959634,0.1599609375,6.393746455510457,0.14778645833333334,0.1483465979496638,6.278446515401204,0.0778382271528244,0.7057825326919556,4.677771091461182,7.19205109278361,0.8990063865979513,1.0737331708272297,1754.164794921875,275.0821533203125,0.15366367995738983,0.15681660175323486,0.0010756651560465496,0.07098211348056793,0.16130593769692797,0.02600909421281013,0.012825249074499575,0.14646027736862968,0.007654930592758309,0.014548003318965962,0.5101024412921289,0.33472233151977976,0.04184029143997247,0.0267193507116785,0.0,0.0,0.0,0.0,0.0006657414220383506,143.415465593338,
f468616c-c5f6-4409-b7b9-80364387a045,960756f42446-s2702,960756f42446,2702,official-wikitext2-train-valid-test,wikitext2-causal-lm-fixed-splits-v1-replication,small,96,2,4,0.0004,0.003,0.2,2702,6000,48,64,6.429147720336914,6.225093507766724,505.2702869440552,0.1603515625,6.117744219303131,453.83977593235784,0.16229248046875,6.467240691184998,0.14127604166666666,0.1666238804658254,6.087103684743245,0.09206097324689229,0.8010007540384928,4.486154715220134,7.41177225112915,0.9264715313911438,1.0711567401885986,1752.9249267578125,275.9891662597656,0.1543128937482834,0.15744493901729584,-0.0031703710556030273,0.4028465449810028,0.22640423676335045,0.014788823817188214,0.013375410535723574,0.15024170021412733,0.009332947167625696,0.11705549272033411,0.45696591764778044,0.1560638673720798,0.019507983421509976,0.02271622715718803,0.0,0.0,0.0,0.0,0.002510469019285799,143.31322383880615,
4965dd23-1b0f-4e14-b830-2838ef7b46ab,960756f42446-s2703,960756f42446,2703,official-wikitext2-train-valid-test,wikitext2-causal-lm-fixed-splits-v1-replication,small,96,2,4,0.0004,0.003,0.2,2703,6000,48,64,6.461311340332031,6.202341246604919,493.90403965343444,0.16075439453125,6.145731961727142,466.72114608264724,0.16063232421875,6.609892030556996,0.14518229166666666,0.15578132371107736,6.260327974955241,0.08294941981633504,0.8345404267311096,4.6514512697855634,7.054410298665364,0.8818012873331705,1.0746346314748128,1753.820556640625,271.84521484375,0.15192115306854248,0.15500172972679138,-0.0008819699287414551,0.9164595007896423,0.13786003871054367,0.01772221040210443,0.008806310321768918,0.11612024116738133,0.0063449855590840595,0.06009566492939852,0.18023689944774124,0.15069721002477143,0.01883715125309643,0.01864921902806966,0.0,0.0,0.0,0.0,0.0009953868977465928,143.38637256622314,
fd2ae17d-693b-4dde-a15f-13f8bb91eb66,960756f42446-s2704,960756f42446,2704,official-wikitext2-train-valid-test,wikitext2-causal-lm-fixed-splits-v1-replication,small,96,2,4,0.0004,0.003,0.2,2704,6000,48,64,6.4967122077941895,6.2404192090034485,513.0735509183091,0.15909423828125,6.176924455165863,481.5087749011355,0.1555419921875,6.505827228228251,0.13932291666666666,0.15757503608862558,6.190598011016846,0.0850985199213028,0.7549665570259094,4.599000771840413,7.16389528910319,0.8954869111378988,1.0805430014928181,1753.0240478515625,274.54620361328125,0.15355008840560913,0.15661291778087616,-0.001282811164855957,0.4807156026363373,0.2685894769115527,0.013294647042097745,0.006393194562981326,0.05936496338209749,0.006469862232684478,0.04428250364059502,0.8474786907231965,0.7654319232927321,0.09567899041159152,0.02874810298231469,0.0,0.0,0.0,0.0,0.0018663270875327335,143.2747848033905,
24f2fb42-c252-4dba-bbed-d6d1dbecb6da,960756f42446-s2705,960756f42446,2705,official-wikitext2-train-valid-test,wikitext2-causal-lm-fixed-splits-v1-replication,small,96,2,4,0.0004,0.003,0.2,2705,6000,48,64,6.493114948272705,6.215166842937469,500.27945032103554,0.15931396484375,6.114592134952545,452.411486903296,0.162353515625,6.428410887718201,0.14713541666666666,0.15506907304128012,6.268961429595947,0.08316875249147415,0.8368057012557983,4.904435475667317,7.234137852986653,0.9042672316233317,1.0920089880625408,1753.527099609375,277.1276550292969,0.15481901168823242,0.1580401360988617,0.0008940299352010092,-0.07109259068965912,0.19407520570948844,0.015170807549128964,0.011598104961593775,0.1269351794981259,0.01059646796591973,0.04373804569025195,0.3449916160251038,0.15097635897462533,0.018872044871828166,0.015522142327460756,0.0,0.0,0.0,0.0,0.007519769030699402,143.54855465888977,
6860365b-b002-4c1e-81ea-1c366a2fae06,277198d42ade-s2701,277198d42ade,2701,official-wikitext2-train-valid-test,wikitext2-causal-lm-fixed-splits-v1-replication,small,96,2,4,0.0004,0.02,0.0,2701,6000,48,64,6.269113063812256,6.0995973467826845,445.67828015545143,0.1846435546875,6.030533516407013,415.9368793458388,0.1845947265625,6.270029187202454,0.16796875,0.16874361038208008,6.302091757456462,0.1029679204026858,1.157631516456604,10.537333170572916,7.740366458892822,0.9675458073616028,1.0341717799504597,1693.06494140625,247.17955017089844,0.1380769908428192,0.14599531888961792,0.007391651471455892,0.7430036664009094,0.18777757461443273,0.029296875,0.016564782257127084,0.16202520090502445,0.014051748246082796,0.09383921356053682,0.9845867047503191,0.037094076389692886,0.004636759548711611,0.011722423304088445,0.0,0.0,0.0,0.0,0.0011098302673741682,141.9306058883667,
4ef07019-58d3-4918-918b-264911c7f865,277198d42ade-s2702,277198d42ade,2702,official-wikitext2-train-valid-test,wikitext2-causal-lm-fixed-splits-v1-replication,small,96,2,4,0.0004,0.02,0.0,2702,6000,48,64,6.196643829345703,6.060937321186065,428.7771504697729,0.18814697265625,5.9466068029403685,382.4533950896895,0.19383544921875,6.2708262006441755,0.17838541666666666,0.18633869787057242,6.118427435557048,0.11845736702283223,1.256291389465332,13.36659018198649,7.544161160786946,0.9430201450983683,1.0440049568812053,1690.8583984375,250.42572021484375,0.14001969993114471,0.1481056660413742,0.004036406675974528,-0.11754630506038666,0.25928698708057796,0.021602421904996172,0.01797509211620151,0.15648164422698388,0.016846462946671508,0.030734403123520698,1.1311951245780547,0.13618761106437968,0.01702345138304746,0.013038816277634924,0.0,0.0,0.0,0.0,0.0020777958705008445,142.24503421783447,
d9d9be82-02c8-4a8f-a3cd-02200c745fdf,277198d42ade-s2703,277198d42ade,2703,official-wikitext2-train-valid-test,wikitext2-causal-lm-fixed-splits-v1-replication,small,96,2,4,0.0004,0.02,0.0,2703,6000,48,64,6.263535022735596,6.077971661090851,436.1436497945286,0.18404541015625,6.008500123023987,406.8726035381893,0.18582763671875,6.491633852322896,0.17057291666666666,0.17836013933022818,6.139086723327637,0.10698850452899933,1.2481760581334431,10.871145884195963,7.686265786488851,0.9607832233111063,1.0420906941095989,1691.9058430989583,248.37808736165366,0.13880651195844015,0.1468037317196528,0.0049972931543986005,-0.2684229910373688,0.16637259515789926,0.031814561778308895,0.017324562868819688,0.18716739282958983,0.015140346799452054,0.056443321906222185,0.9291441917866982,0.13924332459862346,0.017405415574827932,0.01770596825363757,7.047732778193675e-05,8.809665972742094e-06,8.60318942650595e-09,8.60318942650595e-09,0.0020017323944329663,141.90783023834229,
1934a39c-5ba1-41a8-8b0c-7753d9893bdc,277198d42ade-s2704,277198d42ade,2704,official-wikitext2-train-valid-test,wikitext2-causal-lm-fixed-splits-v1-replication,small,96,2,4,0.0004,0.02,0.0,2704,6000,48,64,6.240787506103516,6.093830204010009,443.11538727116914,0.184326171875,6.034844303131104,417.7337647356157,0.18211669921875,6.363095919291179,0.16276041666666666,0.16996030509471893,6.2826924324035645,0.10278768837451935,1.1843258142471313,10.856483459472656,7.569265842437744,0.946158230304718,1.0412219365437825,1689.908935546875,253.81155395507812,0.1419534683227539,0.15019243955612183,0.0036980311075846353,-0.9067925214767456,0.29760671919099146,0.023301471573142295,0.0156159351607408,0.13847753085210132,0.014960307781410696,0.10676897658002102,1.879426638835672,0.25198825799954344,0.03149853224994293,0.015850237062253133,0.0,0.0,0.0,0.0,0.0055248139273877525,141.90206789970398,
07ced3fe-a64e-4d4c-b6ad-cde18bc39554,277198d42ade-s2705,277198d42ade,2705,official-wikitext2-train-valid-test,wikitext2-causal-lm-fixed-splits-v1-replication,small,96,2,4,0.0004,0.02,0.0,2705,6000,48,64,6.254058361053467,6.07225068807602,433.6556075407952,0.18851318359375,5.961020612716675,388.00592600549396,0.19234619140625,6.2651432156562805,0.16927083333333334,0.1738573064406713,6.216725031534831,0.10623873521884282,1.2001776297887166,10.798981666564941,7.6495591799418134,0.9561948974927267,1.0464738607406616,1691.9893798828125,255.1668701171875,0.1425504833459854,0.15080879628658295,0.0018517374992370605,-1.0130060911178589,0.220776929836828,0.01772221040210443,0.013832375999632145,0.1312767693111066,0.011707636790277628,0.035284729516297526,0.4398292018048185,0.14411709605045153,0.01801463700630644,0.007958712063797897,0.0,0.0,0.0,0.0,0.0023637960404533902,141.63735723495483,
91e762e0-a7b0-44e8-ada1-3a5cd7b03194,c651076da8fa-s2701,c651076da8fa,2701,official-wikitext2-train-valid-test,wikitext2-causal-lm-fixed-splits-v1-replication,small,96,2,4,0.0004,0.02,0.2,2701,6000,48,64,6.480329990386963,6.201284241676331,493.38225646155433,0.1621337890625,6.137982475757599,463.11827533824106,0.16097412109375,6.380673289299011,0.14908854166666666,0.149210254351298,6.267541408538818,0.07825736204783122,0.688393235206604,4.4306410153706866,7.245853424072266,0.9057316780090332,1.0782535870869954,1684.0123291015625,291.2623596191406,0.16270209848880768,0.1729573756456375,0.0010065635045369465,-0.745354950428009,0.16454885773470287,0.02651746335210456,0.012586225588301806,0.14684493832364642,0.007376893680995093,0.014517655120205832,0.46733668450161336,0.3057800412690368,0.0382225051586296,0.029215238994765073,0.0,0.0,0.0,0.0,0.0007466752866677761,143.37276124954224,
95aff249-6721-4634-8405-8e751c7256e8,c651076da8fa-s2702,c651076da8fa,2702,official-wikitext2-train-valid-test,wikitext2-causal-lm-fixed-splits-v1-replication,small,96,2,4,0.0004,0.02,0.2,2702,6000,48,64,6.4149346351623535,6.212098300457001,498.7466744722345,0.1615966796875,6.104271280765533,447.76622667553903,0.1636474609375,6.451125184694926,0.14192708333333334,0.1677586038907369,6.072483857472737,0.09281346201896667,0.7824119329452515,4.275848468144734,7.437749703725179,0.9297187129656473,1.0765173435211182,1682.826171875,292.10797119140625,0.16332535445690155,0.1735817790031433,-0.0029561122258504233,1.549822449684143,0.22648509981245554,0.01590728088915445,0.013139582663810757,0.1493452718052853,0.009080811746110813,0.11455730330178555,0.4471208774959803,0.14949740760244165,0.018687175950305206,0.025068224491067097,0.0,0.0,0.0,0.0,0.002291630134738868,143.73376727104187,
8b40b848-7cc3-4705-b550-a6635d3c2ca5,c651076da8fa-s2703,c651076da8fa,2703,official-wikitext2-train-valid-test,wikitext2-causal-lm-fixed-splits-v1-replication,small,96,2,4,0.0004,0.02,0.2,2703,6000,48,64,6.446002960205078,6.188914513587951,487.3168432008469,0.16175537109375,6.131761693954468,460.24625995064565,0.16195068359375,6.596789876619975,0.14453125,0.15623401602109274,6.256099700927734,0.08331298331419627,0.8096885085105896,4.396645228068034,7.102156321207683,0.8877695401509603,1.0779674053192139,1683.6907958984375,288.26531982421875,0.16109755635261536,0.1712103635072708,-0.0006982882817586263,-1.8987705707550049,0.13801447962979335,0.01790068630842125,0.008883585331891436,0.11953954938337247,0.006287837211606208,0.061728881600630024,0.1435534791009697,0.12318878302842444,0.015398597878553055,0.019911059039581153,0.0,0.0,0.0,0.0,0.0008860459425249518,143.5349361896515,
802cdb3b-20e1-4d8d-b2d8-048df955c21b,c651076da8fa-s2704,c651076da8fa,2704,official-wikitext2-train-valid-test,wikitext2-causal-lm-fixed-splits-v1-replication,small,96,2,4,0.0004,0.02,0.2,2704,6000,48,64,6.482956409454346,6.227959251403808,506.7203387999351,0.15963134765625,6.164729201793671,475.67231428336544,0.15616455078125,6.49426805973053,0.14192708333333334,0.15808807810147604,6.185665289560954,0.08583175142606099,0.736967126528422,4.377195676167806,7.20703140894572,0.900878926118215,1.084847052892049,1682.929931640625,290.5271911621094,0.16248804330825806,0.17263178527355194,-0.0011669397354125977,-1.0237758159637451,0.27012208487598527,0.011772878463558022,0.006686480114155574,0.0645480265026477,0.00675704770741621,0.04442264059174199,0.730971278899678,0.7118489696797997,0.08898112120997496,0.0312991252499464,0.0,0.0,0.0,0.0,0.0017242212294219458,143.41331815719604,
6ececcae-bffe-4f9e-a2fa-90a8d8ec0580,c651076da8fa-s2705,c651076da8fa,2705,official-wikitext2-train-valid-test,wikitext2-causal-lm-fixed-splits-v1-replication,small,96,2,4,0.0004,0.02,0.2,2705,6000,48,64,6.479156494140625,6.2024767875671385,493.9709884192606,0.16068115234375,6.101198184490204,446.3923101223083,0.16324462890625,6.41400671005249,0.14713541666666666,0.15593722462654114,6.258835156758626,0.08374700446923573,0.8104163606961569,4.629536151885986,7.279537041982015,0.9099421302477518,1.0962204535802205,1683.42333984375,293.426025390625,0.1639241874217987,0.17430317401885986,0.000739892323811849,0.47539833188056946,0.19457533958509823,0.013294647042097745,0.011776141818715499,0.1286767847338926,0.010761498448240113,0.038201705557732765,0.3291928591569155,0.14151268323133348,0.017689085403916685,0.016942067397017486,0.0,0.0,0.0,0.0,0.007063293561544326,143.5527880191803,
bcecd12d-f978-4102-860b-b556e3bd2a2e,a626248ba268-s2701,a626248ba268,2701,official-wikitext2-train-valid-test,wikitext2-causal-lm-fixed-splits-v1-replication,small,96,2,4,0.001,0.0,0.0,2701,6000,48,64,5.763068675994873,5.707689499855041,301.17440027145955,0.205419921875,5.628209590911865,278.1636448134014,0.20460205078125,5.778964499632518,0.20052083333333334,0.19960860908031464,5.803730328877767,0.1273531268040339,1.1508615016937256,9.799869537353516,7.674698988596599,0.9593373735745748,1.2090178330739338,1771.13916015625,404.6242370605469,0.22602719068527222,0.22845423221588135,0.005438188711802165,-0.7680350542068481,0.26948736082191765,0.043027894900672665,0.020572061900226916,0.2218183905594714,0.019186774127983246,0.03398806789948846,0.6618832419991979,0.07858438278981156,0.009823047848726445,0.08433957516265496,0.0,0.0,0.0,0.0,0.0022695649440460856,141.65589427947998,
8f6ba371-e12c-4cd3-b4ee-c33b20b6fc65,a626248ba268-s2702,a626248ba268,2702,official-wikitext2-train-valid-test,wikitext2-causal-lm-fixed-splits-v1-replication,small,96,2,4,0.001,0.0,0.0,2702,6000,48,64,5.716751575469971,5.664015424251557,288.3039842202859,0.20682373046875,5.543301475048065,255.52020200942974,0.21326904296875,5.736014187335968,0.19986979166666666,0.21905766427516937,5.5486555099487305,0.1430146743853887,1.145140528678894,10.410478591918945,7.744293371836345,0.9680366714795431,1.2685128450393677,1768.835205078125,411.8489685058594,0.2302757352590561,0.2328362613916397,0.0010171135266621907,-1.6126511096954346,0.2541315297479346,0.020700668093209175,0.016044602953617666,0.15043092350749573,0.014402003432161737,0.03599909603475076,0.5924349235044453,0.08887678087418882,0.011109597609273603,0.07092722813091597,0.0,0.0,0.0,0.0,0.002648263093845292,141.39081263542175,
d31e94d2-ec22-4e83-adb7-ed7d86a35ecd,a626248ba268-s2703,a626248ba268,2703,official-wikitext2-train-valid-test,wikitext2-causal-lm-fixed-splits-v1-replication,small,96,2,4,0.001,0.0,0.0,2703,6000,48,64,5.69267463684082,5.671507775783539,290.4721712853257,0.20595703125,5.591815543174744,268.22214681249017,0.2090576171875,5.957766890525818,0.18815104166666666,0.20152471462885538,5.662006696065267,0.12472402801116307,1.083364764849345,8.7076629002889,7.7407755851745605,0.9675969481468201,1.2541966438293457,1770.13427734375,419.73016357421875,0.23456691205501556,0.2371176928281784,0.003948489824930827,1.1044042110443115,0.2152415578956125,0.0367651247486862,0.016675187556441394,0.23942206786385248,0.01311297412001886,0.0600686245318775,0.4229289802122629,0.08992034446251843,0.011240043057814803,0.09949280583150141,0.0,0.0,0.0,0.0,0.0028326246753786638,141.97970604896545,
aa749c19-5bbf-4d64-9c39-748933c6fb03,a626248ba268-s2704,a626248ba268,2704,official-wikitext2-train-valid-test,wikitext2-causal-lm-fixed-splits-v1-replication,small,96,2,4,0.001,0.0,0.0,2704,6000,48,64,5.734886646270752,5.668832445144654,289.69610077124156,0.20673828125,5.608176589012146,272.64663760279973,0.20628662109375,5.837643663088481,0.197265625,0.19668779770533243,5.747677008310954,0.12118696918090184,1.110202670097351,9.416674931844076,7.717913309733073,0.9647391637166342,1.246686339378357,1768.0849609375,417.6662902832031,0.23359526693820953,0.23622523248195648,0.000748753547668457,-0.9425987005233765,0.33490184941658785,0.030508787796510367,0.01871444517766736,0.23143342833037736,0.01573258071698826,0.07465513823358502,0.9292906529020968,0.11692289977283075,0.014615362471603844,0.04314667117333153,0.0,0.0,0.0,0.0,0.004820151589427684,141.33825635910034,
5768cccd-09a8-4086-ba92-845ea5477c58,a626248ba268-s2705,a626248ba268,2705,official-wikitext2-train-valid-test,wikitext2-causal-lm-fixed-splits-v1-replication,small,96,2,4,0.001,0.0,0.0,2705,6000,48,64,5.758316516876221,5.67396354675293,291.1863810198115,0.20838623046875,5.557093465328217,259.0687486624966,0.2127197265625,5.749986032644908,0.19596354166666666,0.1927738239367803,5.792923768361409,0.11821719259023666,1.0756053924560547,9.39759890238444,7.726345380147298,0.9657931725184122,1.256106972694397,1770.8045654296875,411.1278991699219,0.22967904806137085,0.23217011988162994,0.002212186654408773,-0.867164671421051,0.19626074568323465,0.016379877116418133,0.010293442260535692,0.14594057779078465,0.009026768099020463,0.05059308663276893,0.9782847585705521,0.07205101337221549,0.009006376671526936,0.05927371291001837,0.0,0.0,0.0,0.0,0.0017276524091830794,141.43335056304932,
a640b14c-adbd-4aac-9d4c-7f4979b59cba,56988bfa4d7d-s2701,56988bfa4d7d,2701,official-wikitext2-train-valid-test,wikitext2-causal-lm-fixed-splits-v1-replication,small,96,2,4,0.001,0.0,0.2,2701,6000,48,64,5.965779781341553,5.7474364876747135,313.3862601409207,0.19508056640625,5.677740395069122,292.2882272559341,0.192626953125,5.88575275739034,0.17708333333333334,0.18353261550267538,5.830722808837891,0.1108753929535548,0.723820149898529,4.286968946456909,7.473420302073161,0.9341775377591451,1.3032979170481365,1766.3668212890625,477.8685302734375,0.26694220304489136,0.27053752541542053,0.0008609294891357422,1.120068073272705,0.21922689853490565,0.024263860877062792,0.01363071083492626,0.1479912614404265,0.011925653800715006,0.04214420328543378,0.5213619485970861,0.2846505187910007,0.035581314848875084,0.12065832991199305,0.0,0.0,0.0,0.0,0.002049006654871255,143.1822657585144,
6000004a-1d9e-4495-bdf9-d19f5bdca5a3,56988bfa4d7d-s2702,56988bfa4d7d,2702,official-wikitext2-train-valid-test,wikitext2-causal-lm-fixed-splits-v1-replication,small,96,2,4,0.001,0.0,0.2,2702,6000,48,64,5.944181442260742,5.781888008117676,324.3710277921429,0.1922607421875,5.664541339874267,288.4556476672695,0.19586181640625,5.942549188931783,0.18033854166666666,0.2048410028219223,5.589605172475179,0.12618717551231384,0.7602567275365194,4.279938220977783,7.396464983622233,0.9245581229527792,1.3460667530695598,1763.7703857421875,473.04876708984375,0.2644941806793213,0.26820313930511475,-0.0017801523208618164,2.734525442123413,0.2731504097542255,0.01772221040210443,0.01339570722773049,0.17922291556815925,0.0100102140461432,0.09916195100688206,0.18526116708391763,0.13284215091970075,0.016605268864962594,0.11023416377725086,0.0,0.0,0.0,0.0,0.0006134429047622889,143.66461062431335,
932146c7-febc-4385-93a1-d55da87f6dc3,56988bfa4d7d-s2703,56988bfa4d7d,2703,official-wikitext2-train-valid-test,wikitext2-causal-lm-fixed-splits-v1-replication,small,96,2,4,0.001,0.0,0.2,2703,6000,48,64,5.92669153213501,5.73601508140564,309.8273111341729,0.19605712890625,5.663624036312103,288.1911675969387,0.19678955078125,6.071141163508098,0.17513020833333334,0.1937611202398936,5.724728425343831,0.11654163400332133,0.7856289148330688,4.432164351145427,7.153983116149902,0.8942478895187378,1.3190653324127197,1765.8870849609375,475.5936279296875,0.2657862901687622,0.26932278275489807,-0.0004696051279703776,0.4437195360660553,0.18416547421780902,0.02255274489021976,0.012063277477836473,0.19035994800237818,0.01027744199358181,0.12242848701695111,0.1315700249770554,0.06198303961664177,0.007747879952080221,0.12245051978294356,0.0,0.0,0.0,0.0,0.0004879704325166578,143.4471595287323,
b6a50418-0393-4275-9896-7e1c4327607a,56988bfa4d7d-s2704,56988bfa4d7d,2704,official-wikitext2-train-valid-test,wikitext2-causal-lm-fixed-splits-v1-replication,small,96,2,4,0.001,0.0,0.2,2704,6000,48,64,5.9701104164123535,5.776862406730652,322.7449577173967,0.19163818359375,5.723866212368011,306.086031878845,0.1884765625,6.033110558986664,0.16536458333333334,0.19947546223799387,5.661767641703288,0.12205410748720169,0.7992292642593384,4.4405091603597,7.279282728830974,0.9099103411038717,1.2741552193959553,1764.0091552734375,472.93017578125,0.2645036280155182,0.2680996060371399,-0.0010273655255635579,-0.19408150017261505,0.3055992513774327,0.027713276892959327,0.014909757852426823,0.16778099895359566,0.013994259686336044,0.05886370999814634,0.2999056715405379,0.3018908932880213,0.037736361661002665,0.055986193819439166,0.0,0.0,0.0,0.0,0.0022782351869312183,144.07296299934387,
ff62d533-2c6c-47ad-83cb-a33e8014f565,56988bfa4d7d-s2705,56988bfa4d7d,2705,official-wikitext2-train-valid-test,wikitext2-causal-lm-fixed-splits-v1-replication,small,96,2,4,0.001,0.0,0.2,2705,6000,48,64,5.973292827606201,5.7650763392448425,318.96339253138086,0.19483642578125,5.64782954454422,283.67509300773384,0.198291015625,5.879629115263621,0.17122395833333334,0.19251576562722525,5.759070873260498,0.1146108756462733,0.7644006808598837,4.490503152211507,7.378053347269694,0.9222566684087118,1.3985973596572876,1765.3309326171875,475.783447265625,0.26579925417900085,0.26951515674591064,0.0013834834098815918,-1.0442801713943481,0.1861586774858724,0.013004547106405064,0.014386982970470847,0.1827846506643963,0.013164322324041782,0.09424404913196388,0.1930566997947368,0.0813637370233004,0.01017046712791255,0.0919424870421039,0.0,0.0,0.0,0.0,0.00534798683298815,144.1802155971527,
8573aa23-7963-4c53-af93-b049258a8dd2,2984bc67cd2b-s2701,2984bc67cd2b,2701,official-wikitext2-train-valid-test,wikitext2-causal-lm-fixed-splits-v1-replication,small,96,2,4,0.001,0.003,0.0,2701,6000,48,64,5.75570821762085,5.702131724357605,299.5051834320833,0.2054931640625,5.622475397586823,276.57316511511857,0.20516357421875,5.769705891609192,0.19986979166666666,0.19978239138921103,5.799149672190349,0.12752720713615417,1.148246963818868,9.782322883605957,7.66334327061971,0.9579179088274637,1.2156250476837158,1739.81494140625,407.6817321777344,0.22773513197898865,0.23432476818561554,0.005338072776794434,-0.6993119716644287,0.2693261867112026,0.04514775637392138,0.020422972923305943,0.22079215402568636,0.019068523125211387,0.03237184292444324,0.6367012550386352,0.0970731271601967,0.012134140895024587,0.08741965330365452,0.0,0.0,0.0,0.0,0.00219881160613099,143.07914638519287,
77b04a6c-c51f-4f0f-b857-17d8d93d01d7,2984bc67cd2b-s2702,2984bc67cd2b,2702,official-wikitext2-train-valid-test,wikitext2-causal-lm-fixed-splits-v1-replication,small,96,2,4,0.001,0.003,0.0,2702,6000,48,64,5.709875106811523,5.658886396884919,286.8290509153632,0.2068359375,5.538099336624145,254.1944020358866,0.2134521484375,5.728110094865163,0.201171875,0.21902934710184732,5.544700622558594,0.1429241547981898,1.1395296653111775,10.323284467061361,7.744716326395671,0.9680895407994589,1.2783280611038208,1737.5465087890625,414.7416687011719,0.2318931221961975,0.23869384825229645,0.0011021892229715984,0.8706099987030029,0.25381966278136286,0.024472586105745445,0.015903207634218576,0.1511954736360613,0.014260409259515211,0.0346293877229729,0.5561590439634042,0.08698130268668655,0.010872662835835819,0.07272978257225567,0.0,0.0,0.0,0.0,0.002666084675949153,143.2578763961792,
9643cb67-daf2-4962-b1d3-32339db69867,2984bc67cd2b-s2703,2984bc67cd2b,2703,official-wikitext2-train-valid-test,wikitext2-causal-lm-fixed-splits-v1-replication,small,96,2,4,0.001,0.003,0.0,2703,6000,48,64,5.683009624481201,5.664917719364166,288.5642368908934,0.20618896484375,5.5855050683021545,266.53486706223873,0.20958251953125,5.953637878100078,0.189453125,0.2029151370127996,5.650195121765137,0.12638340890407562,1.089023470878601,8.617189725240072,7.744123140970866,0.9680153926213583,1.2591849168141682,1738.858154296875,422.2322082519531,0.23596517741680145,0.24282152950763702,0.0032700300216674805,1.8538883924484253,0.2307732437403604,0.03382911733532964,0.017247782558320362,0.250524108204989,0.013848136664161651,0.04937558907955005,0.44718649853396447,0.08750526832682795,0.010938158540853494,0.11268756859845405,0.0,0.0,0.0,0.0,0.002855429081411414,142.5659396648407,
763ebb75-b400-4797-b0ae-0dfa0eb3ec34,2984bc67cd2b-s2704,2984bc67cd2b,2704,official-wikitext2-train-valid-test,wikitext2-causal-lm-fixed-splits-v1-replication,small,96,2,4,0.001,0.003,0.0,2704,6000,48,64,5.725254535675049,5.663079822063446,288.0343725261211,0.20714111328125,5.6025343298912045,271.1126263391265,0.2069580078125,5.829858263333638,0.19986979166666666,0.19692393143971762,5.739887555440267,0.12135871251424153,1.105656901995341,9.35201613108317,7.730429172515869,0.9663036465644836,1.2539027134577434,1736.8160400390625,420.57073974609375,0.23521968722343445,0.2421504259109497,0.0007556676864624023,-1.0238226652145386,0.3350815249727487,0.03163419430535506,0.01871550978396782,0.23169251632005516,0.01569636670503657,0.07385591111332462,0.9192764674838433,0.10491516403488453,0.013114395504360566,0.04270255422700206,0.0,0.0,0.0,0.0,0.004858090308415514,142.29848647117615,
b7ed1cfa-bd60-4eff-8a0c-31d67679f714,2984bc67cd2b-s2705,2984bc67cd2b,2705,official-wikitext2-train-valid-test,wikitext2-causal-lm-fixed-splits-v1-replication,small,96,2,4,0.001,0.003,0.0,2705,6000,48,64,5.749292850494385,5.667877817153931,289.419680724791,0.20911865234375,5.551349508762359,257.5849345840429,0.21273193359375,5.7432095011075335,0.19596354166666666,0.19327949484189352,5.784286181131999,0.1186208724975586,1.0740174452463787,9.355616251627604,7.735909144083659,0.9669886430104574,1.2654646635055542,1739.472900390625,414.0912170410156,0.23133452236652374,0.23805557191371918,0.002029120922088623,-0.1822987049818039,0.19776834757308193,0.016379877116418133,0.010121936683533297,0.14442759303079308,0.008746689980157237,0.050352332982300234,0.9497070737553379,0.07445100616137139,0.009306375770171424,0.06064771808921799,0.0,0.0,0.0,0.0,0.0015418323480463994,142.178617477417,
efbbd139-fa1f-407f-b5ab-da68212ac916,6e527aa0a7d5-s2701,6e527aa0a7d5,2701,official-wikitext2-train-valid-test,wikitext2-causal-lm-fixed-splits-v1-replication,small,96,2,4,0.001,0.003,0.2,2701,6000,48,64,5.957644939422607,5.74117134809494,311.4289891688971,0.19530029296875,5.67128609418869,290.4077860879063,0.19268798828125,5.878555337587993,0.177734375,0.1837985465923945,5.825588703155518,0.11112269510825475,0.7172549366950989,4.203510284423828,7.492240111033122,0.9365300138791403,1.3116982380549114,1735.250732421875,480.30596923828125,0.268303781747818,0.2767934203147888,0.0008987983067830404,0.3998850882053375,0.2207048304708596,0.025390625,0.013813205624209795,0.14923194611387738,0.012111474525297204,0.040431093928479815,0.5127331863446424,0.27129739234055056,0.03391217404256882,0.12460937266449133,0.0,0.0,0.0,0.0,0.001992077792875693,143.9333074092865,
ebfb5fb7-3978-4b0d-8af6-0469f1bd4edd,6e527aa0a7d5-s2702,6e527aa0a7d5,2702,official-wikitext2-train-valid-test,wikitext2-causal-lm-fixed-splits-v1-replication,small,96,2,4,0.001,0.003,0.2,2702,6000,48,64,5.936543941497803,5.775675070285797,322.3619782744235,0.19261474609375,5.658101761341095,286.60408291749945,0.19649658203125,5.93470158179601,0.181640625,0.20534230271975198,5.583520412445068,0.12671094139417013,0.7540420691172282,4.213101704915364,7.411462624867757,0.9264328281084696,1.3559962113698323,1732.701904296875,475.60540771484375,0.2659236490726471,0.2744877338409424,-0.0017421841621398926,-0.6851394176483154,0.2721652480297626,0.0166875073150733,0.013457618896186284,0.17973568427256828,0.010028911046366168,0.09474596425156877,0.17752470700650613,0.13374736251270333,0.016718420314087917,0.1131284114530183,0.0,0.0,0.0,0.0,0.0005238397569073221,143.6746208667755,
5f982813-b94d-4f16-a8c3-71b4833e0854,6e527aa0a7d5-s2703,6e527aa0a7d5,2703,official-wikitext2-train-valid-test,wikitext2-causal-lm-fixed-splits-v1-replication,small,96,2,4,0.001,0.003,0.2,2703,6000,48,64,5.918491840362549,5.729736804962158,307.88822305999673,0.19635009765625,5.657374572753906,286.395743459579,0.19752197265625,6.0629628499348955,0.17643229166666666,0.19429692129294077,5.715382893880208,0.11700263619422913,0.7777315378189087,4.35469929377238,7.181100845336914,0.8976376056671143,1.3294211626052856,1734.79541015625,478.12109375,0.267198771238327,0.27560660243034363,-0.0004552205403645833,-0.8972877264022827,0.1839862077499281,0.021513947450336336,0.012255945957630394,0.19196154402730772,0.010497905919137126,0.11948035399592447,0.12413954134412226,0.061738369711966404,0.0077172962139958005,0.1265630691197886,0.0,0.0,0.0,0.0,0.0004400191109324238,144.86902260780334,
9247abd7-0320-450e-ac63-233e52a352ca,6e527aa0a7d5-s2704,6e527aa0a7d5,2704,official-wikitext2-train-valid-test,wikitext2-causal-lm-fixed-splits-v1-replication,small,96,2,4,0.001,0.003,0.2,2704,6000,48,64,5.962234973907471,5.770618712902069,320.7361148426286,0.19200439453125,5.717687904834747,304.20076810887633,0.188916015625,6.025126755237579,0.16536458333333334,0.20013345777988434,5.652523358662923,0.12259411811828613,0.793720523516337,4.36416753133138,7.303744951883952,0.912968118985494,1.281380573908488,1732.9541015625,475.5867614746094,0.26598942279815674,0.2744370102882385,-0.0010086496671040852,-0.8692522048950195,0.30524510342621913,0.02708677612332646,0.015019512286129506,0.1690226078303322,0.014036999480373673,0.058949899100003325,0.2706391664843104,0.28397889588315023,0.03549736198539378,0.055885967087853206,0.0,0.0,0.0,0.0,0.002214579705149496,144.7539427280426,
e0899236-f42c-46d4-86c4-4bd36216cf67,6e527aa0a7d5-s2705,6e527aa0a7d5,2705,official-wikitext2-train-valid-test,wikitext2-causal-lm-fixed-splits-v1-replication,small,96,2,4,0.001,0.003,0.2,2705,6000,48,64,5.965843677520752,5.758964395523071,317.01985168328156,0.19501953125,5.6417787075042725,281.96380383483853,0.19862060546875,5.871961573759715,0.17122395833333334,0.19282513856887817,5.754389762878418,0.1148332158724467,0.756090501944224,4.39712381362915,7.4030585289001465,0.9253823161125183,1.4086676438649495,1734.24658203125,478.2848205566406,0.2671966552734375,0.27578824758529663,0.001345495382944743,0.8407352566719055,0.18516912506004565,0.013004547106405064,0.01444472099022865,0.18337990592592024,0.01325431360149203,0.09284005815246649,0.19472655629365038,0.08377547153498838,0.010471933941873547,0.09388877659857885,0.0,0.0,0.0,0.0,0.00526627161605827,144.7307059764862,
c930e3b2-530f-4086-a6bf-e04416dc1a06,2f01177cff81-s2701,2f01177cff81,2701,official-wikitext2-train-valid-test,wikitext2-causal-lm-fixed-splits-v1-replication,small,96,2,4,0.001,0.02,0.0,2701,6000,48,64,5.713563442230225,5.668342983722686,289.55434040176584,0.20692138671875,5.588246250152588,267.26648989983687,0.20616455078125,5.717658221721649,0.19986979166666666,0.20189166069030762,5.773719151814778,0.13000541180372238,1.1315345366795857,9.467583656311035,7.719404697418213,0.9649255871772766,1.2647274732589722,1571.06201171875,462.38214111328125,0.2582913339138031,0.2943118214607239,0.003440996011098226,1.5024703741073608,0.2732436551616213,0.04598493069377683,0.021574093492237895,0.2210012373370724,0.020974052984882825,0.03503940500889039,0.8423016003863111,0.015981966538253137,0.001997745817281642,0.11760634110843994,0.0,0.0,0.0,0.0,0.0016205505249426105,142.8420810699463,
c37de1c7-e45b-4834-b348-a05bef0bba60,2f01177cff81-s2702,2f01177cff81,2702,official-wikitext2-train-valid-test,wikitext2-causal-lm-fixed-splits-v1-replication,small,96,2,4,0.001,0.02,0.0,2702,6000,48,64,5.667870044708252,5.629339706897736,278.47817969206426,0.20831298828125,5.508136653900147,246.69102777416427,0.21539306640625,5.684302449226379,0.19921875,0.2191572537024816,5.520195484161377,0.14255171517531076,1.126179536183675,10.167597134908041,7.746639092763265,0.9683298865954081,1.3418067296346028,1568.9716796875,467.9073181152344,0.2616194486618042,0.298225462436676,0.0008128881454467773,-1.091607689857483,0.2508175170687361,0.021484375,0.015479153350931635,0.15273614940122826,0.01327297973772439,0.021823910109203187,0.5517379327090373,0.08309967415015841,0.010387459268769801,0.08360217799882118,0.0,0.0,0.0,0.0,0.002422906064205923,142.91582560539246,
bf22d13b-0a98-41ff-a1b4-eedb0d0870f5,2f01177cff81-s2703,2f01177cff81,2703,official-wikitext2-train-valid-test,wikitext2-causal-lm-fixed-splits-v1-replication,small,96,2,4,0.001,0.02,0.0,2703,6000,48,64,5.636124134063721,5.632399392127991,279.3315401068049,0.20731201171875,5.551763486862183,257.6915911810296,0.21165771484375,5.912309964497884,0.193359375,0.2024511843919754,5.644429524739583,0.12704466034968695,1.0600987275441487,8.465136210123697,7.787007490793864,0.973375936349233,1.312037467956543,1570.16064453125,473.59014892578125,0.2646666467189789,0.30161890387535095,0.0018571217854817708,-0.06556780636310577,0.23332357254396618,0.03901364131921519,0.019665199633862,0.25335523418139483,0.016425877016182165,0.061079211228966875,0.4081650207967946,0.015209586569421554,0.0019011983211776942,0.12177306587455441,0.0,0.0,0.0,0.0,0.001660600187225444,142.98992466926575,
35391e1a-f798-4c1b-b399-6fa16758af15,2f01177cff81-s2704,2f01177cff81,2704,official-wikitext2-train-valid-test,wikitext2-causal-lm-fixed-splits-v1-replication,small,96,2,4,0.001,0.02,0.0,2704,6000,48,64,5.673135280609131,5.629995822906494,278.6609536377491,0.2086669921875,5.57051362991333,262.56892786697045,0.20897216796875,5.778317372004191,0.19661458333333334,0.20028866827487946,5.681520303090413,0.12440261741479237,1.0886917511622112,9.167533238728842,7.7913133303324384,0.9739141662915548,1.2957076231638591,1568.4188232421875,473.19873046875,0.2646538317203522,0.3017043173313141,0.0012764135996500652,-0.35440793633461,0.33475196022003717,0.029898339852096445,0.02008894435051311,0.2360827618488328,0.017598833849765384,0.07050214796692425,0.89110711069776,0.0544894636759359,0.006811182959491987,0.03868544956162663,0.0,0.0,0.0,0.0,0.004265729792023268,143.1448621749878,
3c688d35-9759-4b5d-88e9-99f5999e54af,2f01177cff81-s2705,2f01177cff81,2705,official-wikitext2-train-valid-test,wikitext2-causal-lm-fixed-splits-v1-replication,small,96,2,4,0.001,0.02,0.0,2705,6000,48,64,5.698505401611328,5.6336488127708435,279.68076081556603,0.2113037109375,5.517733263969421,249.06982129602758,0.21473388671875,5.698390265305837,0.20247395833333334,0.1966201364994049,5.734052340189616,0.12122608224550883,1.0639109214146931,9.06053606669108,7.772799015045166,0.9715998768806458,1.3246142069498699,1570.7205810546875,467.7801208496094,0.2613281309604645,0.29781243205070496,0.0015124281247456868,-0.7676283121109009,0.20274002871354424,0.01578692142315383,0.010433015348951169,0.1417165100969218,0.008900116332379037,0.058041282065903865,1.0139595459322681,0.057403505902067824,0.007175438237758478,0.06230178246413484,0.0,0.0,0.0,0.0,0.0010715225254324166,143.21445488929749,
b389f353-32e8-4d7e-a3ab-4a87a1c7b0a5,ec8fae641ea6-s2701,ec8fae641ea6,2701,official-wikitext2-train-valid-test,wikitext2-causal-lm-fixed-splits-v1-replication,small,96,2,4,0.001,0.02,0.2,2701,6000,48,64,5.911489963531494,5.705496168136596,300.5145488076622,0.19710693359375,5.634703254699707,279.97582347234606,0.194921875,5.835581103960673,0.18294270833333334,0.18550349275271097,5.792394797007243,0.11265852799018224,0.6837608218193054,3.799346605936686,7.5897698402404785,0.9487212300300598,1.3677461544672649,1567.6279296875,526.1001586914062,0.29388487339019775,0.33560270071029663,0.0009893178939819336,-0.29676419496536255,0.22899252256230698,0.024263860877062792,0.014567890214440517,0.15824550375700377,0.012600580971524441,0.03262266653853188,0.48083518221589405,0.19100347600320242,0.023875434500400302,0.1510295171381009,0.0,0.0,0.0,0.0,0.0016426260884975044,145.39929509162903,
6a6a43c4-bc36-423c-8781-25f3a694f903,ec8fae641ea6-s2702,ec8fae641ea6,2702,official-wikitext2-train-valid-test,wikitext2-causal-lm-fixed-splits-v1-replication,small,96,2,4,0.001,0.02,0.2,2702,6000,48,64,5.891904830932617,5.7396615743637085,310.9591566215703,0.194482421875,5.621436989307403,276.2861183122794,0.19844970703125,5.887510299682617,0.18294270833333334,0.2072551598151525,5.557901223500569,0.1287804072101911,0.7184511025746664,3.88230307896932,7.491525173187256,0.936440646648407,1.4176406462987263,1565.358154296875,522.2351684570312,0.2919956147670746,0.33362025022506714,-0.0015597343444824219,-0.883737325668335,0.2690623517543872,0.018563251861176112,0.013845571675940565,0.18184958698464845,0.01062064444756788,0.0698791880179751,0.1589857873484322,0.16124280844713376,0.02015535105589172,0.13286521275721305,0.0,0.0,0.0,0.0,0.0003179431093462734,143.88931703567505,
2a6d7069-494e-4791-a465-981089afb764,ec8fae641ea6-s2703,ec8fae641ea6,2703,official-wikitext2-train-valid-test,wikitext2-causal-lm-fixed-splits-v1-replication,small,96,2,4,0.001,0.02,0.2,2703,6000,48,64,5.871253967285156,5.693351817131043,296.8870659405143,0.19793701171875,5.621403610706329,276.2768964220617,0.1993896484375,6.014491597811381,0.17903645833333334,0.19671745598316193,5.6749246915181475,0.11939640839894612,0.7371995647748312,3.9945943355560303,7.3523359298706055,0.9190419912338257,1.3916186491648357,1567.302490234375,524.537109375,0.29313844442367554,0.3346751034259796,-0.0004962682723999023,0.47321411967277527,0.17794515851063653,0.024420572048842515,0.013356888444198498,0.20195426789876886,0.011649357727906082,0.09698750293052087,0.08695686864002257,0.05743441612468448,0.00717930201558556,0.15031195846085205,0.0,0.0,0.0,0.0,0.0002691504015786596,143.61002802848816,
42be41ce-2c63-47a2-93e2-bb7f65df64df,ec8fae641ea6-s2704,ec8fae641ea6,2704,official-wikitext2-train-valid-test,wikitext2-causal-lm-fixed-splits-v1-replication,small,96,2,4,0.001,0.02,0.2,2704,6000,48,64,5.916319370269775,5.7347752213478085,309.4434066693582,0.19437255859375,5.682162821292877,293.58371286039124,0.19090576171875,5.979369203249614,0.17057291666666666,0.20371240874131522,5.600149472554524,0.12540890276432037,0.7653577923774719,4.0216546058654785,7.44221846262614,0.9302773078282675,1.3258953094482422,1565.6773681640625,522.6774291992188,0.2923266291618347,0.333834707736969,-0.0010117292404174805,0.18285351991653442,0.3018080212969309,0.023626624103677156,0.01583053344411498,0.17619632718334283,0.01472583663302514,0.055786887752474854,0.13044377923113135,0.19214626180664524,0.024018282725830654,0.05195466873896173,0.0,0.0,0.0,0.0,0.001844835950150576,143.56051015853882,
08c1ce0c-7b1f-4145-b5ca-1f4c301ba0e7,ec8fae641ea6-s2705,ec8fae641ea6,2705,official-wikitext2-train-valid-test,wikitext2-causal-lm-fixed-splits-v1-replication,small,96,2,4,0.001,0.02,0.2,2705,6000,48,64,5.922826290130615,5.7243389129638675,306.23075313071365,0.19716796875,5.607294595241546,272.40627098337166,0.2002685546875,5.828889807065328,0.17317708333333334,0.19448383152484894,5.730665365854899,0.11608242243528366,0.7154187758763632,3.951636870702108,7.535891691843669,0.9419864614804586,1.4690744876861572,1566.77880859375,524.4844970703125,0.29300639033317566,0.3347533643245697,0.0011562108993530273,-1.4261600971221924,0.1813975921305564,0.016379877116418133,0.014960779347744018,0.18642931061941573,0.013952694458843708,0.08264993156832007,0.20287414411294377,0.08402760711075764,0.010503450888844705,0.10241025437409919,0.0,0.0,0.0,0.0,0.004838943142248588,143.60902285575867,
cc41debe-ba9b-4c6c-aff4-d3b9f94d5e06,4074c07162ad-s2701,4074c07162ad,2701,official-wikitext2-train-valid-test,wikitext2-causal-lm-fixed-splits-v1-replication,medium,160,4,8,0.00015,0.0,0.0,2701,6000,48,64,6.462396144866943,6.23213769197464,508.84206929703237,0.1846435546875,6.170239841938018,478.30080892640433,0.18304443359375,6.406834761301677,0.169921875,0.16463716824849448,6.38179365793864,0.09725091854731242,1.6579649448394775,21.224493662516277,7.710519790649414,0.9638149738311768,1.0085498491923015,2302.2643229166665,176.12975056966147,0.07624508688847224,0.07650283475716908,0.004363854726155599,-0.7748027443885803,0.17236518022078304,0.018835255392564365,0.01765952603195807,0.18257233660424746,0.01430274761251226,0.09452514491367695,1.2567276948568475,0.017965525580512107,0.0022456906975640133,0.003954659799222834,0.0001409546555638735,8.809665972742094e-06,4.301594713252975e-09,8.60318942650595e-09,0.004860672556879131,221.2878065109253,
395acf77-8384-4af2-b476-4bf266f73097,4074c07162ad-s2702,4074c07162ad,2702,official-wikitext2-train-valid-test,wikitext2-causal-lm-fixed-splits-v1-replication,medium,160,4,8,0.00015,0.0,0.0,2702,6000,48,64,6.404933929443359,6.238215219974518,511.94398767079736,0.18516845703125,6.116403603553772,453.23175883077175,0.1903564453125,6.4479713042577105,0.17838541666666666,0.18249986072381338,6.222520192464192,0.11398576945066452,1.7107951243718464,23.72565269470215,7.696216106414795,0.9620270133018494,1.0109477440516155,2301.40966796875,176.52801513671875,0.07644414901733398,0.07670430094003677,0.0061285098393758135,0.37270817160606384,0.21914780010283275,0.018563251861176112,0.016377222095159186,0.13694905334233431,0.015929557934469114,0.1466523827830132,1.9065547150707018,0.04654899323409426,0.005818624154261783,0.00444393252418057,0.0,0.0,0.0,0.0,0.008677845936685732,221.18571281433105,
96fbf16d-1e02-47a7-8ada-4c49765012c5,4074c07162ad-s2703,4074c07162ad,2703,official-wikitext2-train-valid-test,wikitext2-causal-lm-fixed-splits-v1-replication,medium,160,4,8,0.00015,0.0,0.0,2703,6000,48,64,6.4037394523620605,6.21601392030716,500.70340525788964,0.18673095703125,6.143782353401184,465.81210907134204,0.18931884765625,6.601089119911194,0.166015625,0.16784012814362845,6.350982030232747,0.10386969645818074,1.6701313257217407,21.980263392130535,7.791954517364502,0.9739943146705627,1.0113761027654011,2302.170166015625,175.80352783203125,0.07610722631216049,0.07636426389217377,0.005141139030456543,0.8470336198806763,0.16747428216231328,0.02755221871028493,0.011334704742773418,0.07627379363675485,0.011495817362088058,0.14123290157551993,1.51668295747024,0.05908627629477404,0.007385784536846755,0.0040169703111886685,0.0,0.0,0.0,0.0,0.006458024285926525,221.18950486183167,
00332eba-96b5-48b0-9a13-0f89d63e2c5d,4074c07162ad-s2704,4074c07162ad,2704,official-wikitext2-train-valid-test,wikitext2-causal-lm-fixed-splits-v1-replication,medium,160,4,8,0.00015,0.0,0.0,2704,6000,48,64,6.420008182525635,6.231530725955963,508.53331316381525,0.188330078125,6.15528119802475,471.19932415237486,0.18583984375,6.531851589679718,0.17122395833333334,0.16985409458478293,6.335792541503906,0.10447772095600764,1.776389479637146,23.32137107849121,7.680906931559245,0.9601133664449056,1.009519378344218,2300.616943359375,176.7381134033203,0.07656107097864151,0.07682204991579056,0.007175624370574951,-1.815804362297058,0.2918693960149857,0.027713276892959327,0.01465736402216494,0.12143124042461939,0.012757310508150104,0.08621024328736973,1.7663288361942038,0.10729955382379884,0.013412444227974855,0.0036022228975787717,0.0,0.0,0.0,0.0,0.00374595525067121,221.6323070526123,
fc44cecf-48f9-4423-99c6-ef176f1b2f97,4074c07162ad-s2705,4074c07162ad,2705,official-wikitext2-train-valid-test,wikitext2-causal-lm-fixed-splits-v1-replication,medium,160,4,8,0.00015,0.0,0.0,2705,6000,48,64,6.455179214477539,6.245155036449432,515.5091414386436,0.18695068359375,6.139767050743103,463.94548251482274,0.1904296875,6.511094709237416,0.171875,0.16696469485759735,6.351481914520264,0.10271517932415009,1.7803925275802612,23.160398483276367,7.631067276000977,0.9538834095001221,1.008889118830363,2302.0869140625,173.7281036376953,0.07521209120750427,0.07546548545360565,0.00946126381556193,0.6334750056266785,0.22116879395535363,0.020577448736040505,0.01457001648039894,0.11883665288418048,0.012710043266657126,0.08425032341038446,0.39715036539155846,0.024020264794850362,0.0030025330993562953,0.003468600740246298,0.0,0.0,0.0,0.0,0.006223630709436074,221.81289410591125,
9efdf678-b810-4489-ae94-ddb5d4a00783,3117ebd31bab-s2701,3117ebd31bab,2701,official-wikitext2-train-valid-test,wikitext2-causal-lm-fixed-splits-v1-replication,medium,160,4,8,0.00015,0.0,0.2,2701,6000,48,64,6.785407543182373,6.376309418678284,587.754544064517,0.1539794921875,6.317015779018402,553.9175112599576,0.15087890625,6.569078981876373,0.13541666666666666,0.1336513211329778,6.5152974128723145,0.0678727353612582,1.4833126465479534,17.48661931355794,7.54229736328125,0.9427871704101562,1.0153999328613281,2296.558349609375,189.60614013671875,0.08207890391349792,0.08256099373102188,0.010657727718353271,-0.45435526967048645,0.13997528012822058,0.020328769526036454,0.013665047810582384,0.1301856053896412,0.010057453297729887,0.07780898247808547,1.099950999011881,0.13745734915664637,0.017182168644580796,0.00513206690057585,0.0,0.0,0.0,0.0,0.006244216778169718,226.35329914093018,
43155435-3cd0-42f3-8baf-6dc570047598,3117ebd31bab-s2702,3117ebd31bab,2702,official-wikitext2-train-valid-test,wikitext2-causal-lm-fixed-splits-v1-replication,medium,160,4,8,0.00015,0.0,0.2,2702,6000,48,64,6.731143474578857,6.392822396755219,597.5406988734023,0.15667724609375,6.2918778419494625,540.1667250240997,0.16015625,6.63761305809021,0.142578125,0.14799365401268005,6.327411969502767,0.0778227150440216,1.6035114526748657,19.196322758992512,7.492165565490723,0.9365206956863403,1.014116644859314,2295.78564453125,188.61837768554688,0.08167979121208191,0.08215852826833725,0.006857474644978841,-1.3254772424697876,0.19843778840107562,0.015254393898255184,0.013091811317080829,0.1563739822045162,0.008012371979896378,0.09465236497499514,1.038695173263394,0.05451769060020236,0.006814711325025295,0.004945823206102137,0.0,0.0,0.0,0.0,0.006204664144711989,226.09728622436523,
46b7b491-1937-4089-ab96-bbbdd15762a2,3117ebd31bab-s2703,3117ebd31bab,2703,official-wikitext2-train-valid-test,wikitext2-causal-lm-fixed-splits-v1-replication,medium,160,4,8,0.00015,0.0,0.2,2703,6000,48,64,6.760503768920898,6.37201247215271,585.2344125313147,0.15693359375,6.316136598587036,553.4307318382927,0.15501708984375,6.7625346183776855,0.140625,0.14916578431924185,6.314290841420491,0.07624491800864537,1.648171067237854,17.51902135213216,7.507191022237142,0.9383988777796427,1.0158369541168213,2296.767333984375,190.16709899902344,0.08232536911964417,0.08279772102832794,0.007212638854980469,0.49989214539527893,0.17110636524065345,0.024000401811415054,0.007577038848664763,0.08761875770245987,0.005233224211979149,0.06661808632759146,0.8477793778530076,0.27676131952019684,0.034595164940024604,0.0031302015133439416,0.0,0.0,0.0,0.0,0.004060190800258005,226.39745569229126,
27565140-62dd-4235-a067-38a05e904e9d,3117ebd31bab-s2704,3117ebd31bab,2704,official-wikitext2-train-valid-test,wikitext2-causal-lm-fixed-splits-v1-replication,medium,160,4,8,0.00015,0.0,0.2,2704,6000,48,64,6.799807071685791,6.403437387943268,603.9173724173739,0.15357666015625,6.3307636141777035,561.5852646326811,0.15020751953125,6.687820514043172,0.13802083333333334,0.15180479983488718,6.3341064453125,0.08092813193798065,1.7638942003250122,19.24661699930827,7.4327042897542315,0.9290880362192789,1.016962965329488,2295.0224609375,188.81845092773438,0.0817941427230835,0.08227302879095078,0.005972464879353841,-1.6654736995697021,0.26611023511214077,0.014659284178642842,0.008989747357189479,0.08951729902401491,0.007771848007594746,0.0617458483009971,1.3420105907527082,0.038440307589579656,0.004805038448697457,0.005760705055179632,0.0,0.0,0.0,0.0,0.0030868996132006276,226.44143271446228,
84145cac-57ed-4476-a547-8cc3e47a803c,3117ebd31bab-s2705,3117ebd31bab,2705,official-wikitext2-train-valid-test,wikitext2-causal-lm-fixed-splits-v1-replication,medium,160,4,8,0.00015,0.0,0.2,2705,6000,48,64,6.786161422729492,6.3830721259117125,591.7428265645311,0.15570068359375,6.282421445846557,535.082770340622,0.1583984375,6.596644699573517,0.13736979166666666,0.14230877161026,6.430030186971028,0.07586034138997395,1.600149154663086,18.357975006103516,7.509183247884114,0.9386479059855143,1.019377867380778,2296.11572265625,189.21612548828125,0.08191731572151184,0.08240704983472824,0.008343557516733805,-0.22497528791427612,0.15854606086703005,0.010022659061419695,0.009034628588495448,0.09602471193880659,0.007523936657961121,0.1532555374602634,1.3681632910908115,0.16668672302032386,0.020835840377540483,0.005821787455983019,0.0,0.0,0.0,0.0,0.001674146058650915,226.66827583312988,
0856d8d9-7b09-44cf-be4c-c1cd1fefa685,aaadd11fadfb-s2701,aaadd11fadfb,2701,official-wikitext2-train-valid-test,wikitext2-causal-lm-fixed-splits-v1-replication,medium,160,4,8,0.00015,0.003,0.0,2701,6000,48,64,6.4613823890686035,6.2313278913497925,508.4301754698154,0.18465576171875,6.169395411014557,477.89708741408504,0.18304443359375,6.405894160270691,0.169921875,0.1646458556254705,6.381928284962972,0.09723762919505437,1.6555367310841878,21.161656697591145,7.711174647013347,0.9638968308766683,1.0086338520050049,2295.70263671875,176.40834045410156,0.07636568695306778,0.07684285193681717,0.004307230313618978,1.4997873306274414,0.17238351624880266,0.018835255392564365,0.01763484855655345,0.1824460178257047,0.014275765041589042,0.0938554327957215,1.25749139307085,0.01779137688353433,0.0022239221104417913,0.003991086430098311,0.0,0.0,0.0,0.0,0.004831952322559756,222.2662501335144,
476ff7f1-8ef2-4bd0-aa81-a0bd501f8dc0,aaadd11fadfb-s2702,aaadd11fadfb,2702,official-wikitext2-train-valid-test,wikitext2-causal-lm-fixed-splits-v1-replication,medium,160,4,8,0.00015,0.003,0.0,2702,6000,48,64,6.404003620147705,6.237519431114197,511.58790664004033,0.18515625,6.115751421451568,452.93626555769765,0.190283203125,6.446849763393402,0.17838541666666666,0.1825229972600937,6.223066965738933,0.11401647826035817,1.707255760828654,23.6472651163737,7.698242982228597,0.9622803727785746,1.0110710461934407,2294.84716796875,176.80115763346353,0.07656243195136388,0.0770426740248998,0.00605843464533488,-1.0436376333236694,0.2191158779178181,0.01772221040210443,0.01642570137473222,0.13769609502780908,0.015933786384875293,0.14585611676736274,1.9001380154577185,0.04654995887320241,0.005818744859150301,0.004496134915163687,0.0,8.809665972742094e-06,4.301594713252975e-09,4.301594713252975e-09,0.008610704021548095,222.18626809120178,
35f19c11-2657-49ce-a5a2-4d38f9d9c8c9,aaadd11fadfb-s2703,aaadd11fadfb,2703,official-wikitext2-train-valid-test,wikitext2-causal-lm-fixed-splits-v1-replication,medium,160,4,8,0.00015,0.003,0.0,2703,6000,48,64,6.402955532073975,6.215268945693969,500.3305328397223,0.1867919921875,6.1429811954498295,465.43906944810567,0.1893798828125,6.600156744321187,0.16796875,0.1678218444188436,6.352231979370117,0.10385740051666896,1.6606885989507039,21.822837829589844,7.795954545338948,0.9744943181673685,1.0113394260406494,2295.597900390625,176.08277893066406,0.07622811943292618,0.07670453935861588,0.005100925763448079,-0.7896134257316589,0.16773024303655643,0.029491540762776366,0.011178930929169027,0.07615218096955452,0.011185950663716313,0.13942574179244646,1.328653514241547,0.054928150840872096,0.006866018855109012,0.003958773492792536,0.0,0.0,0.0,0.0,0.006515281018766204,221.98596024513245,
b8c8ad69-10ab-4503-b189-2cf8b3afbefd,aaadd11fadfb-s2704,aaadd11fadfb,2704,official-wikitext2-train-valid-test,wikitext2-causal-lm-fixed-splits-v1-replication,medium,160,4,8,0.00015,0.003,0.0,2704,6000,48,64,6.419034957885742,6.230728220939636,508.12537633660025,0.1884033203125,6.154489576816559,470.8264603769984,0.1859130859375,6.530591587225596,0.171875,0.17006478210290274,6.334444363911946,0.10465998947620392,1.7769759893417358,23.320369084676106,7.676036516825358,0.9595045646031698,1.009672482808431,2294.056396484375,177.01304626464844,0.07668016850948334,0.07716159522533417,0.007071236769358317,0.8054252862930298,0.29224790043444937,0.028771327856750458,0.014757228028847201,0.12159115916396049,0.012946949247970208,0.08769596805820647,1.8131024596888385,0.11508025844035953,0.014385032305044941,0.0036490505096978326,0.0,0.0,0.0,0.0,0.0036992618977207876,222.2484929561615,
e15a723f-c96e-438a-96a2-f14376602a90,aaadd11fadfb-s2705,aaadd11fadfb,2705,official-wikitext2-train-valid-test,wikitext2-causal-lm-fixed-splits-v1-replication,medium,160,4,8,0.00015,0.003,0.0,2705,6000,48,64,6.453996181488037,6.244298374652862,515.067713555588,0.18692626953125,6.138873505592346,463.5311114359104,0.19036865234375,6.509855071703593,0.17122395833333334,0.16699044406414032,6.351852893829346,0.10274244099855423,1.7778125603993733,23.093931198120117,7.631903966267903,0.9539879957834879,1.0089763402938843,2295.5166015625,174.0178985595703,0.07533755153417587,0.07580772787332535,0.009395798047383627,0.1970265507698059,0.22131342616680658,0.019661027175184247,0.014586131155544529,0.1190227042914861,0.012719646616012981,0.08435583735413764,0.390475487533889,0.024178067986499623,0.003022258498312453,0.003498134161154165,0.0,0.0,0.0,0.0,0.006175029489897032,222.04883933067322,
d85478e8-0597-4151-9255-f315f34b75f5,359b6d3abd8e-s2701,359b6d3abd8e,2701,official-wikitext2-train-valid-test,wikitext2-causal-lm-fixed-splits-v1-replication,medium,160,4,8,0.00015,0.003,0.2,2701,6000,48,64,6.783924579620361,6.3755286693572994,587.2958341953437,0.1539794921875,6.3162018895149235,553.4668670239329,0.151025390625,6.568271080652873,0.13541666666666666,0.1337001770734787,6.516009012858073,0.067936805387338,1.477426568667094,17.348927179972332,7.5427320798238116,0.9428415099779764,1.015547752380371,2290.005859375,190.05795288085938,0.08227448910474777,0.08299452811479568,0.01056520144144694,0.4262329638004303,0.14007151731773,0.020328769526036454,0.013674808602322952,0.13043051826114696,0.010056243700075587,0.07651490301805146,1.095429784050153,0.13756274450592063,0.017195343063240078,0.005197043786222903,0.0,0.0,0.0,0.0,0.006209000404165282,227.22162675857544,
3d2320d7-6f05-43fd-b954-7602980af0ae,359b6d3abd8e-s2702,359b6d3abd8e,2702,official-wikitext2-train-valid-test,wikitext2-causal-lm-fixed-splits-v1-replication,medium,160,4,8,0.00015,0.003,0.2,2702,6000,48,64,6.729602336883545,6.391877245903015,596.9761995831512,0.156787109375,6.290890026092529,539.6334032229662,0.1602783203125,6.636551896731059,0.142578125,0.14808047811190286,6.327703634897868,0.07790524015824,1.5961680014928181,19.03340212504069,7.492815017700195,0.9366018772125244,1.014252781867981,2289.2294921875,189.0777587890625,0.08187872171401978,0.08259449899196625,0.006807923316955566,0.7624731659889221,0.19839891533983706,0.015254393898255184,0.01314210499749611,0.1567678902319986,0.008060331315910415,0.09320555653521481,1.031438556043809,0.054843642065182725,0.006855455258147841,0.004987413073637197,0.0,0.0,0.0,0.0,0.006182793120080666,226.64769911766052,
7835f4c9-d060-403e-9a72-5fc8890ab378,359b6d3abd8e-s2703,359b6d3abd8e,2703,official-wikitext2-train-valid-test,wikitext2-causal-lm-fixed-splits-v1-replication,medium,160,4,8,0.00015,0.003,0.2,2703,6000,48,64,6.759164810180664,6.371304571628571,584.8202713866009,0.1570068359375,6.315364086627961,553.0033650736494,0.15516357421875,6.761685609817505,0.140625,0.14927969376246134,6.313632647196452,0.07634190718332927,1.6421451965967815,17.38790448506673,7.507495880126953,0.9384369850158691,1.0159413019816081,2290.215087890625,190.60345458984375,0.08251427114009857,0.08322513103485107,0.0071561336517333984,-1.3610509634017944,0.17107883949308714,0.024000401811415054,0.007565528280478263,0.08768245960887322,0.005210942937511717,0.06601152979415686,0.8383830296531114,0.27668811294246143,0.03458601411780768,0.0031602981990811207,0.0,0.0,0.0,0.0,0.004047746767420693,226.74651789665222,
0dea5395-5141-4d8b-9cd4-4dc2ab2d64ea,359b6d3abd8e-s2704,359b6d3abd8e,2704,official-wikitext2-train-valid-test,wikitext2-causal-lm-fixed-splits-v1-replication,medium,160,4,8,0.00015,0.003,0.2,2704,6000,48,64,6.798350811004639,6.402592992782592,603.4076427475766,0.153662109375,6.329925525188446,561.1148033775993,0.15023193359375,6.686769723892212,0.13802083333333334,0.1518910825252533,6.333684921264648,0.08099124332269032,1.7567133506139119,19.093343098958332,7.433341344197591,0.9291676680246989,1.0171013275782268,2288.473388671875,189.27175903320312,0.08199051767587662,0.08270655572414398,0.0059079329172770185,-0.5562142133712769,0.26641194818480657,0.014659284178642842,0.008985432649717127,0.08948588592048325,0.007770899045643791,0.06197400723777525,1.3326005769400384,0.03816480759793541,0.0047706009497419264,0.005809589141344101,0.0,0.0,0.0,0.0,0.0030446005346719167,227.00921273231506,
deb549d8-75db-4b79-b9a1-c5413cd9f482,359b6d3abd8e-s2705,359b6d3abd8e,2705,official-wikitext2-train-valid-test,wikitext2-causal-lm-fixed-splits-v1-replication,medium,160,4,8,0.00015,0.003,0.2,2705,6000,48,64,6.784666061401367,6.382223832607269,591.2410679361353,0.1557861328125,6.28152586221695,534.6037734939028,0.15848388671875,6.595719754695892,0.13736979166666666,0.14241171876589456,6.429925918579102,0.07593995084365208,1.5935057004292805,18.21339734395345,7.509342352549235,0.9386677940686544,1.019536058108012,2289.558837890625,189.6826171875,0.08211927860975266,0.08284679800271988,0.008275250593821207,2.7369675636291504,0.15882531522509566,0.010022659061419695,0.009029302243802885,0.09601323639167895,0.0075219107553209895,0.15223394472244078,1.3549699871418364,0.16646421702175632,0.02080802712771954,0.00588698480731414,0.0,0.0,0.0,0.0,0.0016613287657796282,226.86018776893616,
6e4f35a7-91f1-49b8-9040-99dd673feecf,cb0cb6cd069b-s2701,cb0cb6cd069b,2701,official-wikitext2-train-valid-test,wikitext2-causal-lm-fixed-splits-v1-replication,medium,160,4,8,0.00015,0.02,0.0,2701,6000,48,64,6.456295490264893,6.227246379852295,506.35924100929446,0.184716796875,6.165134167671203,475.8649843493051,0.18309326171875,6.401114185651143,0.17057291666666666,0.16467014451821646,6.38281774520874,0.09716412673393886,1.6426186561584473,20.83801778157552,7.714170773824056,0.964271346728007,1.0090810060501099,2261.4208984375,181.74459838867188,0.07867570966482162,0.08036743849515915,0.0040160417556762695,-0.8053769469261169,0.1725078365873446,0.021066002197087808,0.01752203101125295,0.18185261298591923,0.014150279324035552,0.09006150760800515,1.2643181419316225,0.016721016756171887,0.002090127094521486,0.004176395850417524,0.0,0.0,0.0,0.0,0.004678134875393825,221.92426753044128,
344af3de-8d6b-4b48-9d06-1698c83e8ec1,cb0cb6cd069b-s2702,cb0cb6cd069b,2702,official-wikitext2-train-valid-test,wikitext2-causal-lm-fixed-splits-v1-replication,medium,160,4,8,0.00015,0.02,0.0,2702,6000,48,64,6.399660587310791,6.234150910377503,509.8675113881892,0.1845947265625,6.112466883659363,451.451019784209,0.19029541015625,6.441777427991231,0.177734375,0.18272702395915985,6.22407070795695,0.11398192246754964,1.6900060176849365,23.275399525960285,7.705020586649577,0.9631275733311971,1.0117202997207642,2260.57568359375,182.06118774414062,0.07884024828672409,0.08053753525018692,0.00572359561920166,1.8110289573669434,0.21889788296990134,0.0166875073150733,0.016578028294244686,0.14060201286206345,0.015837365160693884,0.14003194281012507,1.8796642020468322,0.04884343923274029,0.006105429904092536,0.004728307901673635,0.0,0.0,0.0,0.0,0.008293430238064815,222.19056510925293,
58d9571e-20a0-4232-b908-9270877fa8c5,cb0cb6cd069b-s2703,cb0cb6cd069b,2703,official-wikitext2-train-valid-test,wikitext2-causal-lm-fixed-splits-v1-replication,medium,160,4,8,0.00015,0.02,0.0,2703,6000,48,64,6.39884614944458,6.211518466472626,498.45756802575283,0.1864990234375,6.138931775093079,463.5581219492849,0.189404296875,6.595800518989563,0.16796875,0.16782364745934805,6.35646390914917,0.10411279896895091,1.6624655723571777,21.738906860351562,7.7888156572977705,0.9736019571622213,1.0118751128514607,2261.31396484375,181.4088134765625,0.07853381335735321,0.08022274821996689,0.004645705223083496,0.8686048984527588,0.16681900070579642,0.02561499423555469,0.011291983026883948,0.07664698637769608,0.011520813131609598,0.14163225658396103,1.6236945973708656,0.04929623106015058,0.006162028882518823,0.004342626909091242,0.0,0.0,0.0,0.0,0.006219113578191673,222.04919600486755,
293c562d-3ea5-4b09-8cad-76bdbc45ca19,cb0cb6cd069b-s2704,cb0cb6cd069b,2704,official-wikitext2-train-valid-test,wikitext2-causal-lm-fixed-splits-v1-replication,medium,160,4,8,0.00015,0.02,0.0,2704,6000,48,64,6.4140143394470215,6.2263502955436705,505.9057036730924,0.18853759765625,6.150188660621643,468.80582363799573,0.1858642578125,6.524631917476654,0.171875,0.1709111581246058,6.325512886047363,0.1052023818095525,1.762437105178833,22.878140131632488,7.701696554819743,0.9627120693524679,1.0104039907455444,2259.79931640625,182.30120849609375,0.07897094637155533,0.08067141473293304,0.006671806176503499,-2.0538899898529053,0.2937527831079939,0.030067977184259086,0.01478946304058412,0.12091420817680831,0.013115548344287423,0.07889900186798798,1.5924547893698744,0.0872250578525671,0.010903132231570887,0.00383114834603023,0.0,0.0,0.0,0.0,0.003534460437033028,222.17638444900513,
6b09fb2a-2d91-4377-b102-d0f51ada2761,cb0cb6cd069b-s2705,cb0cb6cd069b,2705,official-wikitext2-train-valid-test,wikitext2-causal-lm-fixed-splits-v1-replication,medium,160,4,8,0.00015,0.02,0.0,2705,6000,48,64,6.448054790496826,6.239894545078277,512.8044303402856,0.1870361328125,6.134316349029541,461.42353351809265,0.1904296875,6.5035130977630615,0.171875,0.16714919606844583,6.353653907775879,0.10287826756636302,1.7641822497049968,22.743141810099285,7.638203144073486,0.9547753930091858,1.0094802776972454,2261.2353515625,179.46182250976562,0.07769438624382019,0.07936450093984604,0.009068568547566732,-0.5548319816589355,0.22202850224912057,0.01982205383807074,0.014597042196864017,0.119392664110451,0.012706392540163747,0.08439886198278256,0.36714475928961854,0.023423228011056025,0.002927903501382003,0.0036593774588655546,0.0,0.0,0.0,0.0,0.005952486279006635,222.148118019104,
99072d24-f746-4d63-82f4-8bdde688c197,aee26fc179f0-s2701,aee26fc179f0,2701,official-wikitext2-train-valid-test,wikitext2-causal-lm-fixed-splits-v1-replication,medium,160,4,8,0.00015,0.02,0.2,2701,6000,48,64,6.7762274742126465,6.371522760391235,584.9478865195836,0.15433349609375,6.312018549442291,551.1563630816504,0.15133056640625,6.564139008522034,0.134765625,0.13397822280724844,6.51956828435262,0.06828650832176208,1.447174310684204,16.649517059326172,7.544757048288981,0.9430946310361227,1.0163358847300212,2255.7998046875,195.9905548095703,0.08484266698360443,0.08688295632600784,0.010085145632425943,1.4183348417282104,0.14062494251250818,0.02218323572578232,0.013723247064846731,0.1316915669940174,0.010051901686300364,0.07028070891386345,1.0728009055871133,0.13823106673888663,0.01727888334236083,0.005553290990272911,0.0,0.0,0.0,0.0,0.006036367110599768,227.5058650970459,
b3dc8933-35e1-4d8c-98a2-bccf5cbe6977,aee26fc179f0-s2702,aee26fc179f0,2702,official-wikitext2-train-valid-test,wikitext2-causal-lm-fixed-splits-v1-replication,medium,160,4,8,0.00015,0.02,0.2,2702,6000,48,64,6.72230863571167,6.3875608086586,594.4049426081517,0.1572265625,6.286372971534729,537.2013467006574,0.16094970703125,6.631717363993327,0.14192708333333334,0.1483991195758184,6.329592704772949,0.07821133236090343,1.558698296546936,18.202327092488606,7.496312141418457,0.9370390176773071,1.0149556001027424,2255.04296875,195.05728149414062,0.08446811139583588,0.08649825304746628,0.006541887919108073,-2.345121383666992,0.1983039255495622,0.01578692142315383,0.013408756329656388,0.15895533905705855,0.008319616324719375,0.08641526265757374,0.9942121601828303,0.055863012794492815,0.006982876599311602,0.005184973481536623,0.0,0.0,0.0,0.0,0.00604958171289691,228.31412959098816,
4f0dbae1-6abb-4bb0-a6e1-beaff38ee366,aee26fc179f0-s2703,aee26fc179f0,2703,official-wikitext2-train-valid-test,wikitext2-causal-lm-fixed-splits-v1-replication,medium,160,4,8,0.00015,0.02,0.2,2703,6000,48,64,6.7522807121276855,6.367676293849945,582.7022257439747,0.1574462890625,6.311407279968262,550.8195609703936,0.15533447265625,6.757391234238942,0.140625,0.14987550675868988,6.3101576169331866,0.07685602953036626,1.6109882990519206,16.7143071492513,7.50922950108846,0.9386536876360575,1.016497254371643,2256.010498046875,196.4515380859375,0.08504597097635269,0.08707917481660843,0.0068754156430562334,-1.1587913036346436,0.17084834447727293,0.024000401811415054,0.007492224119176453,0.08793921962512473,0.0050857757942704375,0.06300637774068006,0.7901414845649629,0.2760646163594855,0.034508077044935685,0.0033073857780446664,0.0,0.0,0.0,0.0,0.003975093275937059,227.56760954856873,
204bbf86-1840-4abd-9252-da4994b91578,aee26fc179f0-s2704,aee26fc179f0,2704,official-wikitext2-train-valid-test,wikitext2-causal-lm-fixed-splits-v1-replication,medium,160,4,8,0.00015,0.02,0.2,2704,6000,48,64,6.790853023529053,6.398263013362884,600.8005484783562,0.15390625,6.325628018379211,558.7085827673359,0.15086669921875,6.681402305761973,0.13736979166666666,0.15230915943781534,6.331774552663167,0.08130171646674474,1.7192291816075642,18.31125322977702,7.437060515085856,0.929632564385732,1.0178383986155193,2254.289794921875,195.220703125,0.08456753194332123,0.08659964799880981,0.005571583906809489,1.2927742004394531,0.26790486962713633,0.01761425684696443,0.008962689773213479,0.08923374023647707,0.007768242281320377,0.06265316123809249,1.2835564892106208,0.03698427930940987,0.0046230349136762335,0.006073162130981948,0.0,0.0,0.0,0.0,0.0028270238278290264,227.533451795578,
cd34bf32-5313-41c8-948e-bd4c2d2205d9,aee26fc179f0-s2705,aee26fc179f0,2705,official-wikitext2-train-valid-test,wikitext2-causal-lm-fixed-splits-v1-replication,medium,160,4,8,0.00015,0.02,0.2,2705,6000,48,64,6.776925563812256,6.377776384353638,588.6173925360015,0.15618896484375,6.276841759681702,532.1054902783616,0.1588134765625,6.590902149677277,0.13802083333333334,0.14291457335154215,6.429567654927571,0.07632573942343394,1.5592458248138428,17.476938247680664,7.510477860768636,0.9388097325960795,1.0203874905904133,2255.365234375,195.6988525390625,0.08472388237714767,0.08677036315202713,0.007932047049204508,-0.3045826256275177,0.16024381400514606,0.009230108645024625,0.008968788237518434,0.09569534933605922,0.007477888398556389,0.14713209223085472,1.2904272615832082,0.16561277959255832,0.02070159744906979,0.006234720685444617,0.0,0.0,0.0,0.0,0.0015924304237725385,229.16451334953308,
25910b27-3c31-487f-9b66-795510626629,f0d2f59e232d-s2701,f0d2f59e232d,2701,official-wikitext2-train-valid-test,wikitext2-causal-lm-fixed-splits-v1-replication,medium,160,4,8,0.0004,0.0,0.0,2701,6000,48,64,6.023115158081055,5.913951253890991,370.16588903046306,0.2065185546875,5.828679180145263,339.90942332896424,0.2056396484375,6.019704759120941,0.18880208333333334,0.20154636601607004,6.006604353586833,0.13031481206417084,1.5453242460886638,18.74338150024414,7.799699306488037,0.9749624133110046,1.022507627805074,2298.603759765625,229.17294311523438,0.09920704364776611,0.0997009351849556,0.0008558233578999838,2.028432846069336,0.2786907993146543,0.03211292306025657,0.018108487606545022,0.16475646633956864,0.0181124805600339,0.02679489619357277,1.6212822808500023,0.0968026522362405,0.012100331529530063,0.008490230381052212,0.0,0.0,0.0,0.0,0.00021793688570663448,223.0256004333496,
75647166-6bcd-4cd8-93b2-c08dba39690c,f0d2f59e232d-s2702,f0d2f59e232d,2702,official-wikitext2-train-valid-test,wikitext2-causal-lm-fixed-splits-v1-replication,medium,160,4,8,0.0004,0.0,0.0,2702,6000,48,64,5.9629807472229,5.888311731815338,360.7956500867966,0.2068115234375,5.762288534641266,318.0754232348532,0.21314697265625,5.970573921998342,0.20768229166666666,0.2158786505460739,5.805046717325847,0.14106624821821848,1.5822685559590657,20.113216400146484,7.6771566073099775,0.9596445759137472,1.0308462381362915,2297.38427734375,238.6870574951172,0.10336165875196457,0.10389513522386551,0.004003663857777913,0.7824227213859558,0.2616738931504997,0.025490588477150904,0.01820899539423716,0.14577357662083065,0.017249610299547444,0.09506129046689418,1.81638224207282,0.19624773223645275,0.024530966529556594,0.0029852168859681666,0.0,0.0,0.0,0.0,0.007513578284776575,222.55394649505615,
7cf8abf8-4d64-40dc-869a-9111fcacccc7,f0d2f59e232d-s2703,f0d2f59e232d,2703,official-wikitext2-train-valid-test,wikitext2-causal-lm-fixed-splits-v1-replication,medium,160,4,8,0.0004,0.0,0.0,2703,6000,48,64,5.96978235244751,5.886491596698761,360.1395505302191,0.20772705078125,5.8021186828613285,331.0001017773076,0.21195068359375,6.156317392985026,0.185546875,0.1909409612417221,6.030149618784587,0.12042587995529175,1.544694145520528,18.757626215616863,7.807310740152995,0.9759138425191244,1.0198147694269817,2298.2216796875,227.69610595703125,0.09857207536697388,0.09907490760087967,0.000560919443766276,-0.8188851475715637,0.21341395851531986,0.03331781661959371,0.015657347509363432,0.14201091512969174,0.015491920626485875,0.05813232882894213,1.1767919050998603,0.020659934868996078,0.0025824918586245097,0.0072580249351031296,0.0,0.0,0.0,0.0,0.00652688397764512,222.21054339408875,
792bdcdc-4f6c-48fb-b5f7-4fb205a859f3,f0d2f59e232d-s2704,f0d2f59e232d,2704,official-wikitext2-train-valid-test,wikitext2-causal-lm-fixed-splits-v1-replication,medium,160,4,8,0.0004,0.0,0.0,2704,6000,48,64,5.981857776641846,5.862993168830871,351.7754932439669,0.21038818359375,5.796623647212982,329.18623262048305,0.20645751953125,6.054084142049153,0.20247395833333334,0.19579815864562988,6.024288018544515,0.12450738996267319,1.620525558789571,19.619384765625,7.812376976013184,0.976547122001648,1.027649164199829,2296.158447265625,241.72715759277344,0.10471363365650177,0.10527459532022476,0.005453904469807942,-0.4508272707462311,0.36733068863148555,0.021952754296988758,0.017910568517030972,0.19159655121445424,0.015514973023935244,0.03988834345999767,1.0019199003568384,0.05278546317646677,0.006598182897058346,0.00766180796310916,0.0,0.0,0.0,0.0,0.0010970511521924942,222.07306599617004,
3b7c3385-79d1-46df-963b-0bdd9c544a3d,f0d2f59e232d-s2705,f0d2f59e232d,2705,official-wikitext2-train-valid-test,wikitext2-causal-lm-fixed-splits-v1-replication,medium,160,4,8,0.0004,0.0,0.0,2705,6000,48,64,6.042699813842773,5.902024972438812,365.77740760283285,0.21024169921875,5.7779880404472355,323.10845486760394,0.2132568359375,6.059527953465779,0.20247395833333334,0.1988184650739034,5.986908594767253,0.12658109764258066,1.6406668027242024,19.915045420328777,7.734158356984456,0.966769794623057,1.020999550819397,2298.059814453125,229.22738647460938,0.09923938661813736,0.09974822402000427,0.008459806442260742,0.8225604891777039,0.24501546227612242,0.017505637577797856,0.016671377244092966,0.15412924229022698,0.014555745187905323,0.11012631424930075,1.3437817846352245,0.06471663931625586,0.008089579914531983,0.005643146267644807,0.0,0.0,0.0,0.0,0.003719107371621189,222.5906012058258,
a085144a-9cfe-4717-9eab-21436940681c,25311b5c8eaa-s2701,25311b5c8eaa,2701,official-wikitext2-train-valid-test,wikitext2-causal-lm-fixed-splits-v1-replication,medium,160,4,8,0.0004,0.0,0.2,2701,6000,48,64,6.228246212005615,5.960733997821808,387.89473366325586,0.187939453125,5.886732566356659,360.226343691345,0.1860595703125,6.092677593231201,0.181640625,0.17525926232337952,6.064294656117757,0.10342931499083836,1.123374581336975,9.72681744893392,7.323584874471028,0.9154481093088785,1.1207165718078613,2289.629638671875,285.9097900390625,0.12376794964075089,0.1248716339468956,0.010838826497395834,0.555979311466217,0.2491217371938632,0.01598701713256338,0.01696635299232091,0.17928336190852245,0.01462148713641345,0.04460951839753519,1.0448402687750775,0.22948019077791365,0.028685023847239206,0.05318767889178273,0.0,0.0,0.0,0.0,0.0063091725987226375,226.80988240242004,
e541e894-e631-43c9-b4bf-ceaa9c9fff34,25311b5c8eaa-s2702,25311b5c8eaa,2702,official-wikitext2-train-valid-test,wikitext2-causal-lm-fixed-splits-v1-replication,medium,160,4,8,0.0004,0.0,0.2,2702,6000,48,64,6.182518482208252,5.937841248512268,379.1156290949613,0.18975830078125,5.81882609128952,336.576711294433,0.1967041015625,6.102522134780884,0.17708333333333334,0.19688529272874197,5.89092477162679,0.12515394886334738,1.0761940479278564,10.171406110127768,7.276322682698567,0.9095403353373209,1.140593687693278,2287.938232421875,297.80670166015625,0.12896297872066498,0.1301637887954712,0.004740476608276367,-0.33415162563323975,0.23170502748012833,0.022888536238602795,0.014124700942662294,0.14402001498954659,0.012481995905691523,0.05499898043814835,1.3221226794240508,0.31756827748365674,0.03969603468545709,0.04473859293605811,0.0,0.0,0.0,0.0,0.007407426836984136,227.45116591453552,
5a7d0921-e934-483c-8a98-61ba46f564fb,25311b5c8eaa-s2703,25311b5c8eaa,2703,official-wikitext2-train-valid-test,wikitext2-causal-lm-fixed-splits-v1-replication,medium,160,4,8,0.0004,0.0,0.2,2703,6000,48,64,6.167656421661377,5.92819641828537,375.47669985191175,0.18917236328125,5.850970387458801,347.5714959066537,0.19163818359375,6.293942888577779,0.16796875,0.1826863239208857,5.9694282213846845,0.10714228947957356,1.101438840230306,9.557981808980307,7.277698198954265,0.9097122748692831,1.1193793217341106,2288.373291015625,291.1747741699219,0.12605266273021698,0.12724094092845917,0.005140344301859538,-0.6118356585502625,0.18456912612806836,0.025390625,0.009574024214885637,0.16306289096252902,0.0071928880261908305,0.061310799365116846,0.6206114535951621,0.24331393627528386,0.030414242034410482,0.060168711908012984,0.0,0.0,0.0,0.0,0.0027926168019894626,228.60317611694336,
19441d38-fbbb-4005-a49e-c2dffdc7cb97,25311b5c8eaa-s2704,25311b5c8eaa,2704,official-wikitext2-train-valid-test,wikitext2-causal-lm-fixed-splits-v1-replication,medium,160,4,8,0.0004,0.0,0.2,2704,6000,48,64,6.235649108886719,5.959278964996338,387.33074450382196,0.1888671875,5.889863955974579,361.35612068688016,0.18604736328125,6.2052321036656695,0.16796875,0.17953628301620483,6.078198750813802,0.10789463172356288,1.2717318137486775,10.724085807800293,6.869243303934733,0.8586554129918417,1.100296139717102,2287.512939453125,290.248046875,0.12573236227035522,0.12688367068767548,0.0036747058232625327,-0.29510608315467834,0.31598471032184333,0.01735975472131951,0.016863491795812254,0.20036476140008924,0.014102691593688925,0.1636543884514447,1.6072884770934037,0.6930168498937668,0.08662710623672085,0.03347817072361115,0.0,0.0,0.0,0.0,0.0007798217825877032,227.2866005897522,
53f6a715-7e33-40ae-80e2-1a29dce4a5da,25311b5c8eaa-s2705,25311b5c8eaa,2705,official-wikitext2-train-valid-test,wikitext2-causal-lm-fixed-splits-v1-replication,medium,160,4,8,0.0004,0.0,0.2,2705,6000,48,64,6.206404209136963,5.936888599395752,378.7546369025944,0.19168701171875,5.827125298976898,339.3816546282197,0.19459228515625,6.1384467879931135,0.17447916666666666,0.1800630142291387,6.06631867090861,0.11000483731428783,1.1334473689397175,9.655007362365723,7.292839527130127,0.9116049408912659,1.1196840206782024,2288.94091796875,289.26068115234375,0.1252295970916748,0.12637315690517426,0.004197617371877034,0.7237672805786133,0.25643765963253407,0.018042195912175808,0.018579726105710966,0.20831005550553397,0.016329446071029274,0.0639552516666623,0.6718283281918633,0.16304116400437363,0.020380145500546704,0.02861964352527569,0.0,0.0,0.0,0.0,0.003249377993035187,226.81671404838562,
9de14ef2-27c2-45ff-8547-18ebe4e9e4fd,9f0e0bd4d1f4-s2701,9f0e0bd4d1f4,2701,official-wikitext2-train-valid-test,wikitext2-causal-lm-fixed-splits-v1-replication,medium,160,4,8,0.0004,0.003,0.0,2701,6000,48,64,6.021600723266602,5.912071335315704,369.4706609905404,0.20657958984375,5.8266903281211855,339.23406560028275,0.206005859375,6.017895559469859,0.189453125,0.20132091144720712,6.007755597432454,0.13001080105702081,1.54405681292216,18.72002601623535,7.801035245259603,0.9751294056574503,1.023039976755778,2282.18701171875,230.34584045410156,0.09971477836370468,0.1009320616722107,0.0007120569547017416,0.06037110462784767,0.2776857692098686,0.03250647847088523,0.01781783714531949,0.1630656696612599,0.017706717000542337,0.03547796870958227,1.7710413260487698,0.09570534912016114,0.011963168640020143,0.008679418745940332,0.0,0.0,0.0,0.0,0.00020430133754663354,222.37901973724365,
6895c5e2-da66-42ea-bb1c-1e342efcf4a8,9f0e0bd4d1f4-s2702,9f0e0bd4d1f4,2702,official-wikitext2-train-valid-test,wikitext2-causal-lm-fixed-splits-v1-replication,medium,160,4,8,0.0004,0.003,0.0,2702,6000,48,64,5.9615912437438965,5.886270153522491,360.0598089136936,0.20689697265625,5.760353553295135,317.46054830184266,0.21304931640625,5.965639094511668,0.205078125,0.2161573568979899,5.804489453633626,0.14153925081094107,1.5801995595296223,20.18022918701172,7.680873394012451,0.9601091742515564,1.0317893425623577,2280.974365234375,239.91554260253906,0.10389364510774612,0.10518116503953934,0.003909130891164144,0.16007457673549652,0.26227001186325694,0.02174907954230477,0.019063316780954236,0.15133373810378364,0.018176421818364954,0.09845995836408643,1.941902182237454,0.19587614187742455,0.02448451773467807,0.0028873321658775012,0.0,0.0,0.0,0.0,0.007650371313606081,222.0334861278534,
3fe406e8-4dad-40fc-9df2-d474ae95dd2a,9f0e0bd4d1f4-s2703,9f0e0bd4d1f4,2703,official-wikitext2-train-valid-test,wikitext2-causal-lm-fixed-splits-v1-replication,medium,160,4,8,0.0004,0.003,0.0,2703,6000,48,64,5.967167377471924,5.8856791138648985,359.8470621645964,0.20771484375,5.800387263298035,330.42749757774135,0.21207275390625,6.153632601102193,0.18815104166666666,0.1909907211860021,6.033599217732747,0.12075960387786229,1.5394867658615112,18.64851442972819,7.806919415791829,0.9758649269739786,1.0204825798670452,2281.796875,228.90797424316406,0.09909670799970627,0.10031916946172714,0.0004462003707885742,1.991357445716858,0.21247299255793536,0.03114810862996272,0.01553716332940555,0.14332748705053813,0.015198413750936678,0.05890924192103261,1.1842944131740405,0.019272253617036352,0.002409031702129544,0.007580167987467861,0.0,0.0,0.0,0.0,0.006252694131409776,221.99659967422485,
e4e3082f-859e-409a-9ec4-da448c993efc,9f0e0bd4d1f4-s2704,9f0e0bd4d1f4,2704,official-wikitext2-train-valid-test,wikitext2-causal-lm-fixed-splits-v1-replication,medium,160,4,8,0.0004,0.003,0.0,2704,6000,48,64,5.979110240936279,5.861803615093232,351.35728618037115,0.2101318359375,5.795615947246551,328.8546787463924,0.20667724609375,6.05504576365153,0.201171875,0.19619565705458322,6.023149172465007,0.12503283967574438,1.6272906064987183,19.795475006103516,7.818785508473714,0.9773481885592142,1.028365691502889,2279.75341796875,242.93626403808594,0.10523740947246552,0.10656251758337021,0.005126635233561198,2.101921558380127,0.3664701701193812,0.023027004145608584,0.017661168985520517,0.189848659881993,0.015249427704347987,0.046897878093734496,1.168745479013812,0.04954932589591701,0.0061936657369896266,0.007792569839761094,0.0,0.0,0.0,0.0,0.0010033167427518854,222.06744050979614,
d7f86280-ac19-401b-8efd-3fdfcbf1ac79,9f0e0bd4d1f4-s2705,9f0e0bd4d1f4,2705,official-wikitext2-train-valid-test,wikitext2-causal-lm-fixed-splits-v1-replication,medium,160,4,8,0.0004,0.003,0.0,2705,6000,48,64,6.040189743041992,5.8996095061302185,364.894950799718,0.21031494140625,5.775563371181488,322.3259727411173,0.21314697265625,6.057263334592183,0.20247395833333334,0.1984622279802958,5.988510926564534,0.1262287845214208,1.6375945806503296,19.88914680480957,7.737324396769206,0.9671655495961508,1.0215664704640706,2281.648193359375,230.4541778564453,0.09977050125598907,0.10100337862968445,0.00821991761525472,0.15410619974136353,0.24642015162383102,0.017505637577797856,0.016725663122830043,0.15526414298446198,0.01452717700684713,0.11182227412922358,1.403484291910643,0.06406465342701799,0.008008081678377249,0.005843008214214723,0.0,0.0,0.0,0.0,0.003713545197292191,221.94886350631714,
ab09ac4a-358a-429c-b76f-0d51b9590ac4,937a5c9a14f1-s2701,937a5c9a14f1,2701,official-wikitext2-train-valid-test,wikitext2-causal-lm-fixed-splits-v1-replication,medium,160,4,8,0.0004,0.003,0.2,2701,6000,48,64,6.22515869140625,5.958426082134247,387.0005375838015,0.1881103515625,5.884379029273987,359.379534522585,0.1861328125,6.089932898680369,0.18229166666666666,0.17541502912839255,6.062137126922607,0.10360121478637059,1.1181100606918335,9.634033203125,7.3303860028584795,0.9162982503573099,1.122010310490926,2273.306396484375,287.3837890625,0.12440603226423264,0.1264166533946991,0.01064238945643107,0.28173983097076416,0.24965748535973725,0.014917238590351043,0.016955558694681912,0.1789781732903607,0.01463710168563114,0.04294701656559393,1.0390915515735526,0.22860040444574992,0.02857505055571874,0.05359273129387256,0.0,0.0,0.0,0.0,0.006146627567013182,226.81573510169983,
260a43b5-003e-4fe9-a470-ab9daea4b680,937a5c9a14f1-s2702,937a5c9a14f1,2702,official-wikitext2-train-valid-test,wikitext2-causal-lm-fixed-splits-v1-replication,medium,160,4,8,0.0004,0.003,0.2,2702,6000,48,64,6.179442882537842,5.935567367076874,378.25454447728,0.18988037109375,5.8165119886398315,335.79873873635677,0.196728515625,6.1001214782396955,0.173828125,0.19711598753929138,5.887718200683594,0.125352680683136,1.072470982869466,10.088229815165201,7.279124101003011,0.9098905126253763,1.1421949068705242,2271.6103515625,299.2632548014323,0.1295937349398931,0.13174057503541312,0.0046334465344746905,-0.6136740446090698,0.23166357488188033,0.024000401811415054,0.014195791549021775,0.14440193271387297,0.01257626522200566,0.055593670522771484,1.297744939815231,0.3119587298766161,0.03899484123457701,0.04526711164150901,0.0,1.7619331945484187e-05,8.60318942650595e-09,8.60318942650595e-09,0.007285746429929575,226.72681403160095,
49f1ad47-3e3a-4d64-a0d1-f7644bb99e81,937a5c9a14f1-s2703,937a5c9a14f1,2703,official-wikitext2-train-valid-test,wikitext2-causal-lm-fixed-splits-v1-replication,medium,160,4,8,0.0004,0.003,0.2,2703,6000,48,64,6.164543151855469,5.926030802726745,374.66444150591764,0.1893798828125,5.848715615272522,346.7886842275915,0.19166259765625,6.291017433007558,0.16796875,0.18281535307566324,5.966821670532227,0.10721089194218318,1.0961769421895344,9.468590100606283,7.284170150756836,0.9105212688446045,1.1207120418548584,2272.05126953125,292.6697082519531,0.12669984996318817,0.1288129836320877,0.005078256130218506,-0.564437985420227,0.1844979664277244,0.025390625,0.00963857676469398,0.163771274077252,0.007282442866668729,0.060386390381764396,0.6055089293102667,0.23659228234350926,0.029574035292938658,0.06088378616525112,0.0,0.0,0.0,0.0,0.002788043148078911,226.81859183311462,
7bb8ff8a-bea5-49be-99f9-82bccf147009,937a5c9a14f1-s2704,937a5c9a14f1,2704,official-wikitext2-train-valid-test,wikitext2-causal-lm-fixed-splits-v1-replication,medium,160,4,8,0.0004,0.003,0.2,2704,6000,48,64,6.23272705078125,5.95700969696045,386.45278376688157,0.189013671875,5.887626731395722,360.5485895430401,0.186181640625,6.2026047706604,0.16731770833333334,0.1796217461427053,6.076860586802165,0.1079400231440862,1.2644285360972087,10.61112117767334,6.880762418111165,0.8600953022638956,1.1012911399205525,2271.19140625,291.71575927734375,0.12636816501617432,0.1284417361021042,0.003601710001627604,-1.3293468952178955,0.3161932921787651,0.01772221040210443,0.01687150516497463,0.2002718424411549,0.01412129899867817,0.16251081246672633,1.5801528925486314,0.6857187513936422,0.08571484392420528,0.033536949245918074,0.0,0.0,0.0,0.0,0.0007465278369863976,226.7653694152832,
7ba55d82-787a-4ebd-8707-a103907861e9,937a5c9a14f1-s2705,937a5c9a14f1,2705,official-wikitext2-train-valid-test,wikitext2-causal-lm-fixed-splits-v1-replication,medium,160,4,8,0.0004,0.003,0.2,2705,6000,48,64,6.2034149169921875,5.934637010097504,377.9027963728708,0.19183349609375,5.8248286008834835,338.6030918331703,0.19478759765625,6.135761499404907,0.17447916666666666,0.18022540708382925,6.063831647237142,0.11012508968512218,1.1279194355010986,9.564016024271647,7.297817707061768,0.912227213382721,1.1209234396616619,2272.605224609375,290.73828125,0.1258692890405655,0.12793171405792236,0.004113912582397461,-0.5495367646217346,0.25651341724152477,0.018042195912175808,0.018585868499033313,0.20859335951697125,0.016323605360147014,0.0627295437244867,0.6540965617523101,0.16155316450704374,0.020194145563380467,0.028832351535314223,0.0,0.0,0.0,0.0,0.00320300595223473,226.73828291893005,
6ae8129e-8fd9-46d0-ba1b-1079cad14298,b1464a73ace7-s2701,b1464a73ace7,2701,official-wikitext2-train-valid-test,wikitext2-causal-lm-fixed-splits-v1-replication,medium,160,4,8,0.0004,0.02,0.0,2701,6000,48,64,6.0032267570495605,5.89939843416214,364.8179398320249,0.206884765625,5.813727986812592,334.86517455929595,0.20574951171875,5.999980668226878,0.19205729166666666,0.20133656760056814,5.9989949862162275,0.1297102098663648,1.526264985402425,18.259789148966473,7.80456558863322,0.9755706985791525,1.026869495709737,2190.77587890625,256.92041015625,0.11121869087219238,0.117273710668087,0.0003693302472432454,0.4568990170955658,0.28368599190004634,0.029383552334366556,0.01778155907460508,0.16366596734737485,0.017727424470151562,0.027959331535973072,1.5689045727701305,0.10763941657570424,0.01345492707196303,0.01041477021069118,0.0,0.0,0.0,0.0,0.00021243463603398972,221.89891910552979,
a1c84bc5-aeb6-4003-b286-04bc7219c3b3,b1464a73ace7-s2702,b1464a73ace7,2702,official-wikitext2-train-valid-test,wikitext2-causal-lm-fixed-splits-v1-replication,medium,160,4,8,0.0004,0.02,0.0,2702,6000,48,64,5.945571422576904,5.874077689647675,355.69644682134134,0.207763671875,5.7485677123069765,313.74097098880304,0.2139404296875,5.951692481835683,0.205078125,0.216374471783638,5.794249852498372,0.14143973092238107,1.5797937313715618,19.829103469848633,7.684178193410237,0.9605222741762797,1.0352131525675456,2189.611328125,265.8863525390625,0.11514011770486832,0.12143084406852722,0.0030559897422790527,-0.17191550135612488,0.2652107208581499,0.028370779387370995,0.018141643217938618,0.14511526957427168,0.017491618756736705,0.1154469602212087,1.8825640377501887,0.1895197413881749,0.023689967673521863,0.0031725212917230227,0.0,0.0,0.0,0.0,0.0073541675878214694,222.03655624389648,
a984bc91-2935-44bf-a995-4530ebb90516,b1464a73ace7-s2703,b1464a73ace7,2703,official-wikitext2-train-valid-test,wikitext2-causal-lm-fixed-splits-v1-replication,medium,160,4,8,0.0004,0.02,0.0,2703,6000,48,64,5.950160980224609,5.870895946025849,354.56651045751244,0.2082275390625,5.7862326264381405,325.78336190688486,0.212255859375,6.1334957877794904,0.18815104166666666,0.19214186072349548,6.019893646240234,0.12176741659641266,1.526829759279887,18.334994633992512,7.802584966023763,0.9753231207529703,1.0236430565516155,2190.390869140625,256.012939453125,0.11083073914051056,0.11688002198934555,-0.00017370780309041342,0.4088287055492401,0.21042109365239853,0.03304958371483608,0.015452291222523068,0.1408067468050628,0.015401821434262929,0.052537189719681,1.1475440719193617,0.024257132642572725,0.0030321415803215906,0.00783726173013816,0.0,0.0,0.0,0.0,0.005995726433334267,222.05692768096924,
fb1c96c4-dd06-46a3-bd3a-f4a6efdee137,b1464a73ace7-s2704,b1464a73ace7,2704,official-wikitext2-train-valid-test,wikitext2-causal-lm-fixed-splits-v1-replication,medium,160,4,8,0.0004,0.02,0.0,2704,6000,48,64,5.960887432098389,5.848808300495148,346.8208279035921,0.2104248046875,5.782933449745178,324.7103160895053,0.20728759765625,6.040263473987579,0.19986979166666666,0.1964302361011505,6.01527754465739,0.12481715281804402,1.602246602376302,19.492146809895832,7.82817808787028,0.978522260983785,1.032414158185323,2188.4189453125,268.7196044921875,0.11640647798776627,0.12279166281223297,0.004424909750620524,0.8513285517692566,0.37141323432402745,0.02410613096559065,0.018375172420191335,0.1962299601923151,0.016123772949256238,0.042157370941308836,0.9405868411741072,0.06683690795978799,0.008354613494973498,0.008713493985900102,0.0,0.0,0.0,0.0,0.0005238983212598671,221.85109281539917,
5a0c78c3-28e2-47fc-9ce0-2ec7923094b8,b1464a73ace7-s2705,b1464a73ace7,2705,official-wikitext2-train-valid-test,wikitext2-causal-lm-fixed-splits-v1-replication,medium,160,4,8,0.0004,0.02,0.0,2705,6000,48,64,6.0238776206970215,5.8877054214477536,360.57696224662135,0.210693359375,5.764064633846283,318.6408587273202,0.21416015625,6.041076183319092,0.20377604166666666,0.19750569760799408,5.990744431813558,0.12566070755322775,1.6211680173873901,19.532450993855793,7.74401060740153,0.9680013259251913,1.0250197649002075,2190.26318359375,257.1806945800781,0.1113412156701088,0.11741999536752701,0.007307847340901692,0.6570414900779724,0.2464236255606848,0.013004547106405064,0.01680251674619042,0.15927286761497597,0.01433880529351014,0.13046455413734434,1.7352381021465295,0.06667635554916888,0.00833454444364611,0.006704328405229359,0.0,0.0,0.0,0.0,0.0035731706904304373,222.06623077392578,
254e1ffc-4738-484e-bf40-bed4ef47f921,5dc646926c09-s2701,5dc646926c09,2701,official-wikitext2-train-valid-test,wikitext2-causal-lm-fixed-splits-v1-replication,medium,160,4,8,0.0004,0.02,0.2,2701,6000,48,64,6.207850933074951,5.945555555820465,382.0515533141157,0.1889892578125,5.871204745769501,354.6760174120389,0.1870361328125,6.074235022068024,0.18033854166666666,0.17646158734957376,6.048027038574219,0.10469790796438853,1.0894071658452351,9.127403577168783,7.368316491444905,0.9210395614306132,1.1298080682754517,2182.33740234375,311.6161193847656,0.13489599525928497,0.1427900791168213,0.009648422400156656,-0.12742979824543,0.2523843016504467,0.014917238590351043,0.016952465802711224,0.1770450323987113,0.014758816935641978,0.034660218772526605,1.0005962365385757,0.22357622366606292,0.027947027958257865,0.05595111629828466,0.0,0.0,0.0,0.0,0.005335649687952167,226.8466820716858,
9e30d022-7d65-45a0-bb71-6e2e75fd8441,5dc646926c09-s2702,5dc646926c09,2702,official-wikitext2-train-valid-test,wikitext2-causal-lm-fixed-splits-v1-replication,medium,160,4,8,0.0004,0.02,0.2,2702,6000,48,64,6.161895275115967,5.922756958007812,373.43985395123747,0.1902099609375,5.803413808345795,331.4290661658757,0.19742431640625,6.086630125840505,0.17513020833333334,0.19840596616268158,5.869011243184407,0.12645158668359122,1.052390456199646,9.640164375305176,7.294833660125732,0.9118542075157166,1.1519056955973308,2180.744384765625,322.75787353515625,0.13976790010929108,0.14800353348255157,0.004095455010732015,0.13259895145893097,0.23168407616385112,0.02622817327927563,0.01456835033421155,0.14703963604088208,0.013074452095040554,0.058659139731163,1.1717151809146629,0.28198795758914513,0.03524849469864314,0.04832071765040009,0.0,0.0,0.0,0.0,0.00666235243781048,226.46584725379944,
0f58b1c9-917e-4132-863d-cd87c425bfbf,5dc646926c09-s2703,5dc646926c09,2703,official-wikitext2-train-valid-test,wikitext2-causal-lm-fixed-splits-v1-replication,medium,160,4,8,0.0004,0.02,0.2,2703,6000,48,64,6.147294521331787,5.913527345657348,370.00900591666056,0.18966064453125,5.835839080810547,342.35187445473514,0.192724609375,6.27470721801122,0.16927083333333334,0.1835566908121109,5.951520284016927,0.10763436804215114,1.0695380369822185,9.005452156066895,7.321652094523112,0.915206511815389,1.128639578819275,2181.134033203125,316.6920471191406,0.13709937036037445,0.14519605040550232,0.004772762457529704,-0.7319837212562561,0.18436905566855907,0.02088413402649146,0.009977588521585899,0.1671901316153479,0.007755979678879864,0.05652109434638884,0.5406295496178397,0.19639806337185847,0.02454975792148231,0.0651195350449334,0.0,0.0,0.0,0.0,0.0027856210382914,226.54691100120544,
e8c2f44e-f8c3-451d-888a-73b1f61b75fc,5dc646926c09-s2704,5dc646926c09,2704,official-wikitext2-train-valid-test,wikitext2-causal-lm-fixed-splits-v1-replication,medium,160,4,8,0.0004,0.02,0.2,2704,6000,48,64,6.216230392456055,5.944013917446137,381.4630217465406,0.18995361328125,5.874868655204773,355.977901755465,0.18687744140625,6.187127788861592,0.16861979166666666,0.18012305597464243,6.0685928662618,0.10813502967357635,1.2245114644368489,10.002126057942709,6.948382377624512,0.868547797203064,1.107295274734497,2180.328369140625,315.662353515625,0.13674157857894897,0.14477743208408356,0.0032112995783487954,1.82505464553833,0.3174634909923956,0.016611133883037858,0.016958409511570714,0.20059415060720215,0.014216494304938019,0.15639901526718297,1.4280042580884793,0.6372207864257005,0.07965259830321256,0.03424603983030903,0.0,0.0,0.0,0.0,0.0006548392008489033,226.8293445110321,
96c0a9ae-d755-4d43-aec4-52a0066249d0,5dc646926c09-s2705,5dc646926c09,2705,official-wikitext2-train-valid-test,wikitext2-causal-lm-fixed-splits-v1-replication,medium,160,4,8,0.0004,0.02,0.2,2705,6000,48,64,6.186578750610352,5.921888995170593,373.1158626626104,0.19232177734375,5.811775398254395,334.21195858946487,0.19542236328125,6.120296915372212,0.17513020833333334,0.1811282734076182,6.049672444661458,0.11076479156812032,1.0978779395421345,9.07817300160726,7.326629797617595,0.9158287247021993,1.1282436450322468,2181.70654296875,314.7799072265625,0.13627763092517853,0.1442815065383911,0.003681222597757975,0.3130079209804535,0.2571077491846104,0.017505637577797856,0.018639129953107597,0.20956246248664798,0.01632813249440357,0.055590210040576134,0.5546421411917598,0.15174885951162626,0.018968607438953282,0.03021540577005237,0.0,0.0,0.0,0.0,0.002969594166403342,226.7483959197998,
80633f22-b5e8-4be8-9eab-d4495830b36b,c2381c8047c5-s2701,c2381c8047c5,2701,official-wikitext2-train-valid-test,wikitext2-causal-lm-fixed-splits-v1-replication,medium,160,4,8,0.001,0.0,0.0,2701,6000,48,64,5.410346984863281,5.511127078533173,247.42984283516586,0.2212646484375,5.412692403793335,224.23450550042475,0.22364501953125,5.418426712354024,0.22526041666666666,0.22424206137657166,5.5227508544921875,0.14998748898506165,1.356598933537801,14.303988774617514,7.744261900583903,0.9680327375729879,1.2873295148213704,2293.961669921875,431.49761962890625,0.18679170310497284,0.18810150027275085,-9.572505950927734e-05,-0.02112339809536934,0.3477491723826643,0.035498192396394755,0.02316995830277316,0.20164326801886107,0.023171797475399134,0.07451209234080014,0.29331604777357356,0.02931708568107999,0.003664635710134999,0.1308944659722832,0.0,0.0,0.0,0.0,0.0012838749624571022,221.49323749542236,
ee305898-4a7e-4c4f-9928-ead0f260ff43,c2381c8047c5-s2702,c2381c8047c5,2702,official-wikitext2-train-valid-test,wikitext2-causal-lm-fixed-splits-v1-replication,medium,160,4,8,0.001,0.0,0.0,2702,6000,48,64,5.353651523590088,5.491256654262543,242.56183177359506,0.22315673828125,5.3595593810081485,212.63123644482053,0.2304443359375,5.3733018934726715,0.22591145833333334,0.242563525835673,5.237422625223796,0.16084136068820953,1.359675447146098,14.583284060160318,7.513923645019531,0.9392404556274414,1.3587208986282349,2294.35595703125,448.1498107910156,0.19406795501708984,0.1953270584344864,0.0010055800278981526,-0.5222117900848389,0.23256978695105918,0.024420572048842515,0.020051433710512795,0.1707405030085599,0.021285753650274332,0.12864946331459726,1.5284002655348572,0.4017268405019583,0.050215855062744785,0.06760817102414282,0.0,0.0,0.0,0.0,0.008577656446445096,221.41772961616516,
b92fb166-6c1d-4150-9800-760623de4ba3,c2381c8047c5-s2703,c2381c8047c5,2703,official-wikitext2-train-valid-test,wikitext2-causal-lm-fixed-splits-v1-replication,medium,160,4,8,0.001,0.0,0.0,2703,6000,48,64,5.306048393249512,5.477210450172424,239.17857536008785,0.2239990234375,5.392004835605621,219.64329313002588,0.23017578125,5.5206122398376465,0.23111979166666666,0.23081458608309427,5.313984076182048,0.14851810534795126,1.3806347449620564,15.614096323649088,7.665548483530681,0.9581935604413351,1.3138639529546101,2294.0322265625,433.7698669433594,0.1877836138010025,0.1890862137079239,0.0023751258850097656,0.09058944135904312,0.22572630608667868,0.030654316059879044,0.01714062207146933,0.17093476405539498,0.016236257352982526,0.027922867596347736,0.7915497787437228,0.17677337852818714,0.022096672316023393,0.0718876535404816,0.0,0.0,0.0,0.0,0.004093357289440885,221.3902461528778,
e6ff8be9-9f63-4dbc-af37-d7e67cbe55ef,c2381c8047c5-s2704,c2381c8047c5,2704,official-wikitext2-train-valid-test,wikitext2-causal-lm-fixed-splits-v1-replication,medium,160,4,8,0.001,0.0,0.0,2704,6000,48,64,5.376410007476807,5.473753273487091,238.35312045959793,0.2229248046875,5.418965780735016,225.64563472157613,0.223388671875,5.491907477378845,0.22135416666666666,0.2333155870437622,5.388844648996989,0.15199467043081918,1.4864858388900757,16.7308251063029,7.234115759531657,0.9042644699414571,1.3023484547932942,2292.643310546875,445.2618408203125,0.19288270175457,0.19421330094337463,0.002419590950012207,1.61695396900177,0.31733035486745187,0.021602421904996172,0.026880669194432126,0.29248866029613063,0.022238035530802308,0.04184367586694888,1.2240434098579447,0.2060960767343648,0.0257620095917956,0.03273258944932583,0.0,0.0,0.0,0.0,0.003401078026614955,221.1839635372162,
2fdac609-7bd6-42a3-aa33-37196149b9a7,c2381c8047c5-s2705,c2381c8047c5,2705,official-wikitext2-train-valid-test,wikitext2-causal-lm-fixed-splits-v1-replication,medium,160,4,8,0.001,0.0,0.0,2705,6000,48,64,5.505495071411133,5.510510742664337,247.27738993392782,0.2228759765625,5.382786297798157,217.62780731745283,0.2298828125,5.4748157660166425,0.22200520833333334,0.22679458558559418,5.39199686050415,0.14526085555553436,1.4214086532592773,14.013204256693522,7.654377460479736,0.956797182559967,1.2464098930358887,2294.308837890625,428.7587890625,0.18562249839305878,0.18687927722930908,0.003477970759073893,-0.3911880850791931,0.30031629706029717,0.01772221040210443,0.019015848391851897,0.21104135284864678,0.016925818793787076,0.09939641334000211,0.8945040016823366,0.17432154226768068,0.021790192783460085,0.044287692713825676,0.0,0.0,0.0,0.0,0.005343732319800572,221.56021857261658,
3acb0f02-0245-4e14-9df3-6f8a793e6e1f,d736f52e4795-s2701,d736f52e4795,2701,official-wikitext2-train-valid-test,wikitext2-causal-lm-fixed-splits-v1-replication,medium,160,4,8,0.001,0.0,0.2,2701,6000,48,64,5.619008541107178,5.482335603237152,240.40754881701224,0.2144775390625,5.397239947319031,220.79616538117102,0.214013671875,5.466790636380513,0.21223958333333334,0.20820723474025726,5.542769273122151,0.13469943155845007,0.9284990628560384,7.392323017120361,6.9954783121744795,0.8744347890218099,1.6911176045735676,2289.760986328125,540.4156494140625,0.23394139111042023,0.2360139936208725,0.0038234790166219077,-1.0772932767868042,0.28838414617662217,0.02925344002429814,0.019880738618620622,0.21391273602903074,0.017446004101588763,0.05961425662769396,0.6482772993258389,0.4094816178862489,0.051185202235781116,0.306718566741448,0.0,0.0,0.0,0.0,0.0004556497189480509,226.3074324131012,
2e9b28a0-cdac-443e-a246-8818f39dced4,d736f52e4795-s2702,d736f52e4795,2702,official-wikitext2-train-valid-test,wikitext2-causal-lm-fixed-splits-v1-replication,medium,160,4,8,0.001,0.0,0.2,2702,6000,48,64,5.549818515777588,5.470806646347046,237.65181643410378,0.2125732421875,5.346770763397217,209.92929076969438,0.2197021484375,5.506198902924855,0.21028645833333334,0.2303208957115809,5.217461268107097,0.14883035918076834,1.0890465378761292,8.139225800832113,6.845969518025716,0.8557461897532145,1.7985536257425945,2288.914794921875,548.5958862304688,0.23756538331508636,0.2396751046180725,0.005138854185740153,0.7893735766410828,0.21713553004974823,0.02600909421281013,0.022297092400344273,0.20972495937868857,0.019827074336872766,0.13276452420314608,2.1343163115537442,0.9102270856372403,0.11377838570465504,0.16937427599695312,0.0,0.0,0.0,0.0,0.00716889831797797,226.0952935218811,
a44dbc44-075a-4a3a-8879-d756c539e86e,d736f52e4795-s2703,d736f52e4795,2703,official-wikitext2-train-valid-test,wikitext2-causal-lm-fixed-splits-v1-replication,medium,160,4,8,0.001,0.0,0.2,2703,6000,48,64,5.545682430267334,5.458345222473144,234.70871213560883,0.21402587890625,5.3797253489494326,216.96267821359845,0.2179443359375,5.633240342140198,0.20572916666666666,0.2097786416610082,5.423303763071696,0.12889456748962402,1.0084617137908936,8.575851758321127,6.692078908284505,0.8365098635355631,1.8364404042561848,2288.071044921875,541.0736083984375,0.23423653841018677,0.2364758849143982,0.00420542558034261,0.7481203675270081,0.17220411477044145,0.02736699161065586,0.018666961490496042,0.23156956669341697,0.017355892751106473,0.14228642869072644,1.0602825571033831,0.4740733990841234,0.05925917488551542,0.22527609428967157,0.0,0.0,0.0,0.0,0.004186048892100328,226.15185475349426,
edf5c4a7-af86-4061-93f1-0777d8917d82,d736f52e4795-s2704,d736f52e4795,2704,official-wikitext2-train-valid-test,wikitext2-causal-lm-fixed-splits-v1-replication,medium,160,4,8,0.001,0.0,0.2,2704,6000,48,64,5.628477573394775,5.46925185918808,237.28260553816347,0.21553955078125,5.414988493919372,224.74995967258127,0.21148681640625,5.58219579855601,0.20052083333333334,0.2129370371500651,5.476121584574382,0.1354377716779709,1.1453160444895427,8.780097325642904,6.355150858561198,0.7943938573201498,1.733712116877238,2288.820068359375,547.7109985351562,0.2372625768184662,0.23929840326309204,0.004435340563456218,-0.2564818263053894,0.31392898835949634,0.024731015512008566,0.020976386809027657,0.2646761898980533,0.018078007982053286,0.10598311216755187,1.451120402378236,0.5150197620119575,0.06437747025149469,0.030793582399570404,0.0,0.0,0.0,0.0,0.0006713732206105187,226.12549757957458,
a3e7cc2a-8711-4ed4-9eee-df8992cf3326,d736f52e4795-s2705,d736f52e4795,2705,official-wikitext2-train-valid-test,wikitext2-causal-lm-fixed-splits-v1-replication,medium,160,4,8,0.001,0.0,0.2,2705,6000,48,64,5.661981582641602,5.483131718635559,240.59901717385975,0.2142822265625,5.35545768737793,211.76087445606117,0.21959228515625,5.553493817647298,0.21419270833333334,0.2073082278172175,5.5268168449401855,0.13121609638134638,1.00762673219045,7.663750012715657,6.772412459055583,0.8465515573819479,1.6960535844167073,2289.416259765625,537.495361328125,0.23269781470298767,0.23477397859096527,0.003464380900065104,1.3358741998672485,0.26736540810980713,0.023464611055911588,0.021815594891262634,0.2566208956416698,0.017908815328293633,0.053608654916189345,0.14409868555491012,0.18759598709392725,0.023449498386740906,0.08381550838706012,0.0,0.0,0.0,0.0,0.0024801376184050653,226.18187046051025,
370e3a82-8ed8-4f57-9a69-c34066fdd650,e7ada6fc3e9e-s2701,e7ada6fc3e9e,2701,official-wikitext2-train-valid-test,wikitext2-causal-lm-fixed-splits-v1-replication,medium,160,4,8,0.001,0.003,0.0,2701,6000,48,64,5.39935827255249,5.503801250457764,245.623837664535,0.22159423828125,5.407389712333679,223.0486061112408,0.22418212890625,5.406493445237477,0.228515625,0.22449556986490884,5.511741638183594,0.149646465977033,1.354276140530904,14.310402552286783,7.7577699025472,0.9697212378184,1.2957887252171834,2253.360595703125,435.8038024902344,0.1886558085680008,0.19340170919895172,-0.0008132656415303549,-0.8515006303787231,0.351180685312855,0.029556144434417102,0.02204209415024169,0.2062694239311206,0.021501897256921268,0.0734526264431042,0.3018026795873536,0.021950185405446236,0.0027437731756807795,0.1323227210772211,0.0,0.0,0.0,0.0,0.000359889717492274,222.07928347587585,
0ec72fc2-d6d6-4e20-ab26-5511f758823e,e7ada6fc3e9e-s2702,e7ada6fc3e9e,2702,official-wikitext2-train-valid-test,wikitext2-causal-lm-fixed-splits-v1-replication,medium,160,4,8,0.001,0.003,0.0,2702,6000,48,64,5.344316482543945,5.483046042919159,240.5784045637108,0.22288818359375,5.352179479598999,211.06781492738722,0.23038330078125,5.362154473861058,0.22916666666666666,0.24187107880910239,5.230762799580892,0.15937798221906027,1.3426819642384846,14.241304715474447,7.504632790883382,0.9380790988604227,1.366776744524638,2253.75732421875,452.02130126953125,0.19574446976184845,0.2005634307861328,0.0005278686682383219,-1.433760404586792,0.2359244823715504,0.024884784965646344,0.019862329595443547,0.18022405260281757,0.02014484458382995,0.12031349575455745,1.4406515766939378,0.3740677335775971,0.04675846669719964,0.06935669664867285,0.0,0.0,0.0,0.0,0.008171857053754755,221.91397523880005,
2502609c-05a6-4ef1-9709-81e53eba689d,e7ada6fc3e9e-s2703,e7ada6fc3e9e,2703,official-wikitext2-train-valid-test,wikitext2-causal-lm-fixed-splits-v1-replication,medium,160,4,8,0.001,0.003,0.0,2703,6000,48,64,5.294620513916016,5.471086657047271,237.7183708031663,0.2239990234375,5.387219262123108,218.59468510742684,0.230029296875,5.505330781141917,0.23502604166666666,0.23145171999931335,5.307653268178304,0.14904855688412985,1.3639273643493652,15.319915135701498,7.6796189943949384,0.9599523742993673,1.3322330713272095,2253.4228515625,438.0695495605469,0.18964499235153198,0.1944018453359604,0.002026975154876709,0.6351553201675415,0.22080758783899102,0.03544442080420886,0.017909145584782325,0.18581612149215826,0.01673524593069771,0.014943452540597417,0.7682029603891695,0.16135032829674956,0.020168791037093695,0.0802234875244205,0.0,0.0,0.0,0.0,0.0035979033563955857,222.0888476371765,
3824a74c-7aac-4d92-9c35-290a62027afa,e7ada6fc3e9e-s2704,e7ada6fc3e9e,2704,official-wikitext2-train-valid-test,wikitext2-causal-lm-fixed-splits-v1-replication,medium,160,4,8,0.001,0.003,0.0,2704,6000,48,64,5.365170955657959,5.465394854545593,236.3691681255865,0.223828125,5.411044847965241,223.86537080253868,0.2237548828125,5.480701605478923,0.22591145833333334,0.23572190602620444,5.355263074239095,0.15391970177491507,1.4832257827123005,16.62651189168294,7.288520336151123,0.9110650420188904,1.3145317633946736,2252.0673828125,449.1816711425781,0.19458071887493134,0.19945302605628967,0.0023872057596842446,-0.0781596228480339,0.3164156784301349,0.02938355233436656,0.027324103930367456,0.2884469271295923,0.022831589685861388,0.05549099404899447,1.1691798068786132,0.18564161236666957,0.023205201545833696,0.033682098246843664,0.0,0.0,0.0,0.0,0.0034288342258418057,221.89603304862976,
fd081626-dacd-4c8f-b511-ad63adffc5e4,e7ada6fc3e9e-s2705,e7ada6fc3e9e,2705,official-wikitext2-train-valid-test,wikitext2-causal-lm-fixed-splits-v1-replication,medium,160,4,8,0.001,0.003,0.0,2705,6000,48,64,5.49843168258667,5.502271163463592,245.2482992015914,0.223291015625,5.375383305549621,216.02265912736485,0.23033447265625,5.465185423692067,0.22526041666666666,0.22640113532543182,5.391704241434733,0.14432870844999948,1.4187848567962646,13.929679234822592,7.651051680246989,0.9563814600308737,1.2572271426518757,2253.691650390625,433.1160583496094,0.18750889599323273,0.19218070805072784,0.0029101967811584473,-1.4719889163970947,0.3097098187905247,0.010756973725168168,0.019809322230719767,0.21466936131395362,0.018126491066116204,0.09140547096538343,0.8101529779561994,0.20707781086299498,0.025884726357874373,0.04998552615415823,0.0,0.0,0.0,0.0,0.005521081603195983,222.07256388664246,
b8c22e1c-1c99-4367-99d6-855fe43eb379,704808450608-s2701,704808450608,2701,official-wikitext2-train-valid-test,wikitext2-causal-lm-fixed-splits-v1-replication,medium,160,4,8,0.001,0.003,0.2,2701,6000,48,64,5.611673355102539,5.476239001750946,238.94633853191664,0.21451416015625,5.391256844997406,219.47906343839762,0.2144775390625,5.458477675914764,0.21549479166666666,0.2082110196352005,5.538473924001058,0.134564479192098,0.9197791616121928,7.2406439781188965,7.0278598467508955,0.8784824808438619,1.7088952859242756,2249.37646484375,543.5997314453125,0.23531976342201233,0.24166685342788696,0.0036191741625467935,0.3423216938972473,0.2866269838301531,0.032231494256475424,0.01994793865194856,0.2156438136677166,0.017470127959656818,0.05505325888724864,0.6144797709969485,0.39400556204962794,0.04925069525620349,0.31678131081373456,0.0,0.0,0.0,0.0,0.0006214972890431178,226.8093385696411,
90c81c3d-060e-4be5-a049-11e6f360a082,704808450608-s2702,704808450608,2702,official-wikitext2-train-valid-test,wikitext2-causal-lm-fixed-splits-v1-replication,medium,160,4,8,0.001,0.003,0.2,2702,6000,48,64,5.542191028594971,5.4649517178535465,236.26444747881564,0.2129150390625,5.340891134738922,208.69860602551404,0.22027587890625,5.497186660766602,0.21028645833333334,0.23064196606477103,5.211930751800537,0.14911035199960074,1.075109561284383,7.972880999247233,6.880788962046306,0.8600986202557882,1.8189139763514202,2248.543701171875,551.59130859375,0.2388625293970108,0.2453104704618454,0.004923820495605469,0.6159074306488037,0.2187252596108665,0.02600909421281013,0.022261993138319273,0.20951132943902215,0.019664466543652302,0.12654664395697265,2.038626957598687,0.8867362330507205,0.11084202913134006,0.1721991209291435,0.0,0.0,0.0,0.0,0.006829250265241799,226.8436918258667,
1a8fcfaf-25b0-447e-a87a-ba6e3824f9b9,704808450608-s2703,704808450608,2703,official-wikitext2-train-valid-test,wikitext2-causal-lm-fixed-splits-v1-replication,medium,160,4,8,0.001,0.003,0.2,2703,6000,48,64,5.536731243133545,5.452806162834167,233.4122405128932,0.21446533203125,5.373685348033905,215.65617305667362,0.2181884765625,5.625550409158071,0.20638020833333334,0.21001760164896646,5.415589968363444,0.12896594405174255,0.9987371762593588,8.385871251424154,6.7413255373636884,0.8426656921704611,1.8581157525380452,2247.725830078125,544.263671875,0.23561756312847137,0.24213971197605133,0.004180610179901123,0.24357593059539795,0.17200957806423287,0.027086776123326457,0.01869767318976086,0.23102462378930685,0.017460606096624393,0.13693759485322038,0.9978413152440433,0.4629669469173007,0.05787086836466259,0.22410397627792727,0.0,0.0,0.0,0.0,0.0039347156307668165,226.72924399375916,
5c7ba7e6-b4e8-47a0-bbfe-d14ab262df0c,704808450608-s2704,704808450608,2704,official-wikitext2-train-valid-test,wikitext2-causal-lm-fixed-splits-v1-replication,medium,160,4,8,0.001,0.003,0.2,2704,6000,48,64,5.623616695404053,5.462716448307037,235.7369225542879,0.21597900390625,5.408987462520599,223.40526691490632,0.212353515625,5.575451850891113,0.19986979166666666,0.2127574880917867,5.472409725189209,0.1348832647005717,1.1358822186787922,8.60374387105306,6.410624821980794,0.8013281027475992,1.7484480142593384,2248.47509765625,550.68994140625,0.2385530322790146,0.24491707980632782,0.0041332244873046875,1.1732720136642456,0.31544037894681926,0.023626624103677156,0.02057940869789749,0.2640974578901717,0.017247111564873553,0.10487249246241301,1.416577082506381,0.4898434832712339,0.06123043540890424,0.02709109775919018,0.0,0.0,0.0,0.0,0.000733864385248518,226.89545893669128,
3d451268-4ea4-4cd8-8c0e-a2809c73b57b,704808450608-s2705,704808450608,2705,official-wikitext2-train-valid-test,wikitext2-causal-lm-fixed-splits-v1-replication,medium,160,4,8,0.001,0.003,0.2,2705,6000,48,64,5.655702590942383,5.477176666259766,239.17049510848014,0.21385498046875,5.349647212028503,210.53401089703482,0.22003173828125,5.544654349486033,0.21354166666666666,0.20790788531303406,5.511335055033366,0.13150868813196817,0.9962050914764404,7.524577776590983,6.817053476969401,0.8521316846211752,1.7162259419759114,2249.048583984375,540.59228515625,0.2340385615825653,0.24036487936973572,0.0033443967501322427,0.8002064824104309,0.2697434410429368,0.020515561532016578,0.021873001052511686,0.2565452274269286,0.01811219139931116,0.051416909462136624,0.1512985354115613,0.17399763786036634,0.021749704732545793,0.0792754831084982,0.0,0.0,0.0,0.0,0.0025537782762452216,226.68573665618896,
075c4b52-15e2-4460-aa11-9ce1cf6c5c7e,9d4283a14b81-s2701,9d4283a14b81,2701,official-wikitext2-train-valid-test,wikitext2-causal-lm-fixed-splits-v1-replication,medium,160,4,8,0.001,0.02,0.0,2701,6000,48,64,5.344297885894775,5.467761600017548,236.92925631560752,0.22310791015625,5.370867884159088,215.04942472682455,0.22535400390625,5.361744582653046,0.2265625,0.22765242556730905,5.441030025482178,0.15382757782936096,1.3383713960647583,13.841309547424316,7.792970339457194,0.9741212924321493,1.3906175295511882,2035.2047119140625,516.948486328125,0.22378265857696533,0.2540031969547272,-0.0006955663363138834,0.04138441011309624,0.3513624087272,0.03648738611771368,0.026967100351175964,0.23311888929221578,0.027411240056236387,0.05985788064190603,0.44383531408508664,0.02215302797894004,0.002769128497367505,0.18132314309687228,0.0,0.0,0.0,0.0,0.0009041600107637912,222.0433542728424,
9b3ab928-9620-4722-906b-9e0a7ce1dd27,9d4283a14b81-s2702,9d4283a14b81,2702,official-wikitext2-train-valid-test,wikitext2-causal-lm-fixed-splits-v1-replication,medium,160,4,8,0.001,0.02,0.0,2702,6000,48,64,5.292769908905029,5.454031074047089,233.69832496178498,0.224365234375,5.321854925155639,204.7633506312408,0.23154296875,5.3090687195460005,0.23372395833333334,0.24451523025830588,5.174909432729085,0.16218322018782297,1.3308361768722534,14.289675076802572,7.624096075693767,0.9530120094617208,1.4779388507207234,2035.64111328125,529.6373901367188,0.22935554385185242,0.26018211245536804,-0.000761866569519043,1.083071231842041,0.23671183619396155,0.027713276892959327,0.019852237951026856,0.18942743379556423,0.01996303131909141,0.06475842517095677,1.1155332016057558,0.2594628700670405,0.03243285875838006,0.08224665832711431,0.0,0.0,0.0,0.0,0.006881383241796237,222.09878516197205,
437d26e7-e361-4ed0-be2e-77c2df49970b,9d4283a14b81-s2703,9d4283a14b81,2703,official-wikitext2-train-valid-test,wikitext2-causal-lm-fixed-splits-v1-replication,medium,160,4,8,0.001,0.02,0.0,2703,6000,48,64,5.238144874572754,5.443167722225189,231.17331769050793,0.22470703125,5.356203198432922,211.91880339055174,0.22945556640625,5.451007157564163,0.23046875,0.23573500911394754,5.242630799611409,0.15236719449361166,1.360775113105774,14.984236717224121,7.747333685557048,0.968416710694631,1.4301040172576904,2035.3037109375,518.8201293945312,0.22460277378559113,0.254910409450531,0.0008610586325327555,0.9099262952804565,0.2179704310517484,0.0361723812059612,0.017767030201186907,0.19468029878699233,0.015839130127001895,0.006253951541628442,0.4969989413412551,0.11210104752016227,0.014012630940020284,0.10917239311100888,0.0,0.0,0.0,0.0,0.0033954159837572173,222.11878085136414,
44102445-bf12-4c43-a45a-cd59de55c94a,9d4283a14b81-s2704,9d4283a14b81,2704,official-wikitext2-train-valid-test,wikitext2-causal-lm-fixed-splits-v1-replication,medium,160,4,8,0.001,0.02,0.0,2704,6000,48,64,5.310546875,5.429970693588257,228.14255928625258,0.22542724609375,5.378431987762451,216.68224849412243,0.2250244140625,5.4394416610399885,0.23177083333333334,0.23471625645955405,5.344537893931071,0.15260214606920877,1.4529530207316081,15.99871826171875,7.516832987467448,0.939604123433431,1.3830562035242717,2034.0889892578125,526.9967041015625,0.22828936576843262,0.2590824365615845,0.002134819825490316,0.17615340650081635,0.32105581131980115,0.027782016006968578,0.02508467054250273,0.2746428356906189,0.021531417166536337,0.034436526184854134,0.9540888209750499,0.1409901320677994,0.017623766508474924,0.029321224210877423,0.0,0.0,0.0,0.0,0.004155117429219589,222.3294939994812,
2fb82e30-14b6-49eb-a749-71e91417276d,9d4283a14b81-s2705,9d4283a14b81,2705,official-wikitext2-train-valid-test,wikitext2-causal-lm-fixed-splits-v1-replication,medium,160,4,8,0.001,0.02,0.0,2705,6000,48,64,5.432138442993164,5.468910670280456,237.20166115462996,0.22408447265625,5.341355204582214,208.7954792311357,0.22938232421875,5.4172394673029585,0.22981770833333334,0.22323161363601685,5.398135185241699,0.14266293495893478,1.3919766346613567,13.805923461914062,7.692579905192058,0.9615724881490072,1.3306655089060466,2035.50732421875,514.6776123046875,0.22281932830810547,0.2528497874736786,0.002578139305114746,-0.30219000577926636,0.3119696855002661,0.009230108645024625,0.021483952926942364,0.22394842336110812,0.020715108113427628,0.07287142313487673,0.9246592496702487,0.1758291222789479,0.021978640284868487,0.05073995327888289,0.0,0.0,0.0,0.0,0.005025255353802627,221.99847292900085,
3b268d0b-fad6-483d-b3a8-66140dcd8233,7050fb49066d-s2701,7050fb49066d,2701,official-wikitext2-train-valid-test,wikitext2-causal-lm-fixed-splits-v1-replication,medium,160,4,8,0.001,0.02,0.2,2701,6000,48,64,5.5649237632751465,5.442989981174469,231.1322323535068,0.2156005859375,5.358132600784302,212.3280747256906,0.2154541015625,5.414061784744263,0.21158854166666666,0.20841848850250244,5.509499867757161,0.1342881123224894,0.8768988649050394,6.480049769083659,7.215677579243978,0.9019596974054972,1.8173575401306152,2032.526123046875,608.6324462890625,0.2634718716144562,0.29944631457328796,0.003056128819783529,0.11169511824846268,0.28344152781736665,0.028460277336451033,0.019876521099184027,0.2234599531927149,0.016768756231399794,0.046734642684507784,0.41641627920922003,0.319174321650565,0.03989679020632062,0.372362333337624,0.0,0.0,0.0,0.0,0.0015651167011571925,226.73812294006348,
3f174a41-07b5-4e64-a8cd-12d2a3c986c7,7050fb49066d-s2702,7050fb49066d,2702,official-wikitext2-train-valid-test,wikitext2-causal-lm-fixed-splits-v1-replication,medium,160,4,8,0.001,0.02,0.2,2702,6000,48,64,5.494692325592041,5.4338262438774105,229.0238722782115,0.21365966796875,5.309781849384308,202.30609037578157,0.22073974609375,5.453190167744954,0.2109375,0.23245959480603537,5.17955207824707,0.15152418613433838,1.0082990328470867,7.190702597300212,7.080194155375163,0.8850242694218954,1.9516521294911702,2031.7164306640625,615.396484375,0.2664928734302521,0.30289486050605774,0.0036214192708333335,1.271383285522461,0.22339368053400924,0.026851029462631876,0.023130363910739207,0.20651419427943177,0.02152821995653491,0.09721163201644183,1.516459255818301,0.7440994290040942,0.09301242862551178,0.1830916125306743,0.0,0.0,0.0,0.0,0.005594875462985166,226.78230810165405,
8271130f-5d77-41c6-8e96-341517378e01,7050fb49066d-s2703,7050fb49066d,2703,official-wikitext2-train-valid-test,wikitext2-causal-lm-fixed-splits-v1-replication,medium,160,4,8,0.001,0.02,0.2,2703,6000,48,64,5.485544204711914,5.419921183586121,225.86132022119273,0.216748046875,5.341207611560821,208.76466474955993,0.219921875,5.582958340644836,0.20572916666666666,0.21139810482660928,5.3738932609558105,0.1295787493387858,0.9556600054105123,7.511684894561768,7.028258323669434,0.8785322904586792,1.9825452168782551,2030.9610595703125,609.1969604492188,0.2637278735637665,0.29995501041412354,0.00389707088470459,0.951917827129364,0.17406830733557646,0.03211292306025657,0.01867973800009941,0.23433844449069743,0.01701352180466747,0.10995219213528587,0.7396889926535299,0.3559279392427203,0.04449099240534004,0.22802764709700804,0.0,0.0,0.0,0.0,0.0034459620124867273,226.74935483932495,
47f4e003-ce7d-4afd-9607-8b82fc30cfce,7050fb49066d-s2704,7050fb49066d,2704,official-wikitext2-train-valid-test,wikitext2-causal-lm-fixed-splits-v1-replication,medium,160,4,8,0.001,0.02,0.2,2704,6000,48,64,5.574112415313721,5.429127621650696,227.95029975245143,0.2167724609375,5.374872624874115,215.91236869387046,0.21343994140625,5.528204778830211,0.203125,0.21457168956597647,5.424205938975017,0.13599412639935812,1.065876841545105,7.61323340733846,6.670801321665446,0.8338501652081808,1.863496462504069,2031.7147216796875,614.3330078125,0.2661225199699402,0.30237168073654175,0.0034433801968892417,0.4069938361644745,0.31413673833002304,0.024000401811415054,0.021098341383318772,0.2721829124833718,0.016989328572416487,0.0885012340782767,1.0543061625363401,0.39780946432754927,0.04972618304094366,0.0444930928692054,0.0,0.0,0.0,0.0,0.000622300101761722,226.84895634651184,
cefa2d35-bdbd-4bca-b682-b099e247dcad,7050fb49066d-s2705,7050fb49066d,2705,official-wikitext2-train-valid-test,wikitext2-causal-lm-fixed-splits-v1-replication,medium,160,4,8,0.001,0.02,0.2,2705,6000,48,64,5.609189510345459,5.444427049160003,231.46462386244167,0.2157470703125,5.31725686788559,203.82399827119715,0.2211181640625,5.5014718770980835,0.21875,0.212834432721138,5.432572364807129,0.13532602787017822,0.9612737695376078,6.947155793507894,7.063205242156982,0.8829006552696228,1.8425616423288982,2032.1341552734375,605.4003295898438,0.2620958983898163,0.2979135513305664,0.002285440762837728,-1.2401554584503174,0.275806116230818,0.020577448736040505,0.022889833258576162,0.2684050845503527,0.019790096635994864,0.05095577235382804,0.2099014537509949,0.1410282254358994,0.017628528179487426,0.06711621684778152,0.0,0.0,0.0,0.0,0.0025923858323124217,226.81794714927673,
