repetition,scenario,expected_increment,nuisance_model,refit_draws,simulation_seed,analysis_seed,status,delta_mse,refit_delta_mse_ci_low,refit_delta_mse_ci_high,residual_p,predictive_supported,joint_supported
0,clustered_null,False,polynomial_ridge,99,20260731,20290752,estimated,-0.005057889269421214,-0.015167113963612555,0.027784747830084548,0.025,False,False
0,clustered_null,False,polynomial_ridge,199,20260731,20290752,estimated,-0.005057889269421214,-0.024069240596957645,0.01153798192029151,0.025,False,False
0,clustered_null,False,polynomial_ridge,499,20260731,20290752,estimated,-0.005057889269421214,-0.017224412989657212,0.009613701445260976,0.025,False,False
0,clustered_null,False,polynomial_ridge,999,20260731,20290752,estimated,-0.005057889269421214,-0.018508060184971465,0.009421476511772154,0.025,False,False
0,clustered_null,False,polynomial_ridge_interactions,99,20260731,20291761,estimated,-0.00232090043397698,-0.018011064766400287,0.012873035616076034,0.16,False,False
0,clustered_null,False,polynomial_ridge_interactions,199,20260731,20291761,estimated,-0.00232090043397698,-0.015089057250160668,0.011243635563435985,0.16,False,False
0,clustered_null,False,polynomial_ridge_interactions,499,20260731,20291761,estimated,-0.00232090043397698,-0.014991163647607896,0.012392349503630452,0.16,False,False
0,clustered_null,False,polynomial_ridge_interactions,999,20260731,20291761,estimated,-0.00232090043397698,-0.013765445582850906,0.01123624526220815,0.16,False,False
0,genuine_increment,True,polynomial_ridge,99,20260731,20300759,estimated,0.04740064541388273,0.037906327349785135,0.057156849556529485,0.005,True,True
0,genuine_increment,True,polynomial_ridge,199,20260731,20300759,estimated,0.04740064541388273,0.03761228788632181,0.056636607602087524,0.005,True,True
0,genuine_increment,True,polynomial_ridge,499,20260731,20300759,estimated,0.04740064541388273,0.035591948240081585,0.05667203056558726,0.005,True,True
0,genuine_increment,True,polynomial_ridge,999,20260731,20300759,estimated,0.04740064541388273,0.03733126300238446,0.05686894910057847,0.005,True,True
0,genuine_increment,True,polynomial_ridge_interactions,99,20260731,20301768,estimated,0.04946665817988148,0.03996096035127711,0.055749249347106684,0.005,True,True
0,genuine_increment,True,polynomial_ridge_interactions,199,20260731,20301768,estimated,0.04946665817988148,0.03957846138522572,0.05550705031335065,0.005,True,True
0,genuine_increment,True,polynomial_ridge_interactions,499,20260731,20301768,estimated,0.04946665817988148,0.03691552835027549,0.05556022196461815,0.005,True,True
0,genuine_increment,True,polynomial_ridge_interactions,999,20260731,20301768,estimated,0.04946665817988148,0.03670831604912057,0.055483398464982105,0.005,True,True
0,heteroskedastic_null,False,polynomial_ridge,99,20260731,20280745,estimated,-0.0005442896960237212,-0.00132072488832486,0.0006182775164180464,0.1,False,False
0,heteroskedastic_null,False,polynomial_ridge,199,20260731,20280745,estimated,-0.0005442896960237212,-0.0013390151974375499,0.0005729158173745535,0.1,False,False
0,heteroskedastic_null,False,polynomial_ridge,499,20260731,20280745,estimated,-0.0005442896960237212,-0.0012037156674284436,0.0006125219012792333,0.1,False,False
0,heteroskedastic_null,False,polynomial_ridge,999,20260731,20280745,estimated,-0.0005442896960237212,-0.001171969421899466,0.0006265133159342856,0.1,False,False
0,heteroskedastic_null,False,polynomial_ridge_interactions,99,20260731,20281754,estimated,-0.00014774513538512273,-0.00041461489460424013,0.00027161226302043466,0.01,False,False
0,heteroskedastic_null,False,polynomial_ridge_interactions,199,20260731,20281754,estimated,-0.00014774513538512273,-0.0004140072158764703,0.00025433900298022524,0.01,False,False
0,heteroskedastic_null,False,polynomial_ridge_interactions,499,20260731,20281754,estimated,-0.00014774513538512273,-0.0004365741963325781,0.00025091003204128734,0.01,False,False
0,heteroskedastic_null,False,polynomial_ridge_interactions,999,20260731,20281754,estimated,-0.00014774513538512273,-0.00043861637279209674,0.0002527768157177675,0.01,False,False
0,nonlinear_proxy,False,polynomial_ridge,99,20260731,20270738,estimated,-0.00019624166066533905,-0.0005334608511856624,0.0011888204203515421,0.865,False,False
0,nonlinear_proxy,False,polynomial_ridge,199,20260731,20270738,estimated,-0.00019624166066533905,-0.0005650273368082211,0.0010735588718235026,0.865,False,False
0,nonlinear_proxy,False,polynomial_ridge,499,20260731,20270738,estimated,-0.00019624166066533905,-0.0007249471674683287,0.001085458051377241,0.865,False,False
0,nonlinear_proxy,False,polynomial_ridge,999,20260731,20270738,estimated,-0.00019624166066533905,-0.0007468154150311547,0.0011119911416235262,0.865,False,False
0,nonlinear_proxy,False,polynomial_ridge_interactions,99,20260731,20271747,estimated,-5.099911131119933e-06,-0.0004812298277612295,0.0007673360635946804,0.105,False,False
0,nonlinear_proxy,False,polynomial_ridge_interactions,199,20260731,20271747,estimated,-5.099911131119933e-06,-0.0004412679888867267,0.0007709899983508567,0.105,False,False
0,nonlinear_proxy,False,polynomial_ridge_interactions,499,20260731,20271747,estimated,-5.099911131119933e-06,-0.000480067150866322,0.0006825182455968972,0.105,False,False
0,nonlinear_proxy,False,polynomial_ridge_interactions,999,20260731,20271747,estimated,-5.099911131119933e-06,-0.0004805428500680295,0.0006202341121923795,0.105,False,False
0,null_metric,False,polynomial_ridge,99,20260731,20260731,estimated,-0.0014885885403493962,-0.0028624117000351315,0.001083184211982865,0.1,False,False
0,null_metric,False,polynomial_ridge,199,20260731,20260731,estimated,-0.0014885885403493962,-0.002980268228067859,0.001688484238489593,0.1,False,False
0,null_metric,False,polynomial_ridge,499,20260731,20260731,estimated,-0.0014885885403493962,-0.0026849230460104577,0.0017784399024930709,0.1,False,False
0,null_metric,False,polynomial_ridge,999,20260731,20260731,estimated,-0.0014885885403493962,-0.002664147998745061,0.0018198476634783555,0.1,False,False
0,null_metric,False,polynomial_ridge_interactions,99,20260731,20261740,estimated,-0.0002088272576344155,-0.000816485550284649,0.0008366996647894254,0.135,False,False
0,null_metric,False,polynomial_ridge_interactions,199,20260731,20261740,estimated,-0.0002088272576344155,-0.000928536030057033,0.0008778313037849428,0.135,False,False
0,null_metric,False,polynomial_ridge_interactions,499,20260731,20261740,estimated,-0.0002088272576344155,-0.0008391179947484055,0.000888552722679865,0.135,False,False
0,null_metric,False,polynomial_ridge_interactions,999,20260731,20261740,estimated,-0.0002088272576344155,-0.0009300373056442503,0.0008245696726875218,0.135,False,False
1,clustered_null,False,polynomial_ridge,99,20360734,21290755,estimated,-0.0008844290933244167,-0.006167232563170623,0.006836920798593703,0.155,False,False
1,clustered_null,False,polynomial_ridge,199,20360734,21290755,estimated,-0.0008844290933244167,-0.00645003825182422,0.009797911934622353,0.155,False,False
1,clustered_null,False,polynomial_ridge,499,20360734,21290755,estimated,-0.0008844290933244167,-0.006370694600991206,0.006316416493256528,0.155,False,False
1,clustered_null,False,polynomial_ridge,999,20360734,21290755,estimated,-0.0008844290933244167,-0.007601644865467323,0.007733823177013305,0.155,False,False
1,clustered_null,False,polynomial_ridge_interactions,99,20360734,21291764,estimated,0.0007844755811566139,-0.005907874873783533,0.00828824117183326,0.025,False,False
1,clustered_null,False,polynomial_ridge_interactions,199,20360734,21291764,estimated,0.0007844755811566139,-0.004641945526749542,0.009071167133550146,0.025,False,False
1,clustered_null,False,polynomial_ridge_interactions,499,20360734,21291764,estimated,0.0007844755811566139,-0.004542970242605819,0.007710621434301614,0.025,False,False
1,clustered_null,False,polynomial_ridge_interactions,999,20360734,21291764,estimated,0.0007844755811566139,-0.004641945526749542,0.007208659123506899,0.025,False,False
1,genuine_increment,True,polynomial_ridge,99,20360734,21300762,estimated,0.03978380518238357,0.028647530912076783,0.050434353558746314,0.005,True,True
1,genuine_increment,True,polynomial_ridge,199,20360734,21300762,estimated,0.03978380518238357,0.02897049516783623,0.05060947510742889,0.005,True,True
1,genuine_increment,True,polynomial_ridge,499,20360734,21300762,estimated,0.03978380518238357,0.028387144814189146,0.05057793185805378,0.005,True,True
1,genuine_increment,True,polynomial_ridge,999,20360734,21300762,estimated,0.03978380518238357,0.028067768020096192,0.05054585126528258,0.005,True,True
1,genuine_increment,True,polynomial_ridge_interactions,99,20360734,21301771,estimated,0.04023089690735976,0.026581471386988405,0.05193794630254127,0.005,True,True
1,genuine_increment,True,polynomial_ridge_interactions,199,20360734,21301771,estimated,0.04023089690735976,0.02642224595364418,0.04994908194973836,0.005,True,True
1,genuine_increment,True,polynomial_ridge_interactions,499,20360734,21301771,estimated,0.04023089690735976,0.02672204424085485,0.049979279673255314,0.005,True,True
1,genuine_increment,True,polynomial_ridge_interactions,999,20360734,21301771,estimated,0.04023089690735976,0.02676852948028666,0.04959144020849075,0.005,True,True
1,heteroskedastic_null,False,polynomial_ridge,99,20360734,21280748,estimated,-0.0006054104134776946,-0.001422869896540756,0.0008014841044798491,0.02,False,False
1,heteroskedastic_null,False,polynomial_ridge,199,20360734,21280748,estimated,-0.0006054104134776946,-0.0014634853960620536,0.0009146314633702546,0.02,False,False
1,heteroskedastic_null,False,polynomial_ridge,499,20360734,21280748,estimated,-0.0006054104134776946,-0.0016007177654709449,0.000892266682158202,0.02,False,False
1,heteroskedastic_null,False,polynomial_ridge,999,20360734,21280748,estimated,-0.0006054104134776946,-0.0016054339593626198,0.0007654761617504012,0.02,False,False
1,heteroskedastic_null,False,polynomial_ridge_interactions,99,20360734,21281757,estimated,-0.00030947058831054357,-0.0004969835041903368,0.00031629377497876247,0.03,False,False
1,heteroskedastic_null,False,polynomial_ridge_interactions,199,20360734,21281757,estimated,-0.00030947058831054357,-0.000489238637236707,0.0005026385701299554,0.03,False,False
1,heteroskedastic_null,False,polynomial_ridge_interactions,499,20360734,21281757,estimated,-0.00030947058831054357,-0.0005239373761027331,0.0006115511284189633,0.03,False,False
1,heteroskedastic_null,False,polynomial_ridge_interactions,999,20360734,21281757,estimated,-0.00030947058831054357,-0.0005476222722233968,0.0005823029218614015,0.03,False,False
1,nonlinear_proxy,False,polynomial_ridge,99,20360734,21270741,estimated,-0.0006897253529669278,-0.0007641868971086388,0.0013294673177718754,0.21,False,False
1,nonlinear_proxy,False,polynomial_ridge,199,20360734,21270741,estimated,-0.0006897253529669278,-0.0009667833991708181,0.0013030803002406755,0.21,False,False
1,nonlinear_proxy,False,polynomial_ridge,499,20360734,21270741,estimated,-0.0006897253529669278,-0.0007409643166628716,0.0012997765251198032,0.21,False,False
1,nonlinear_proxy,False,polynomial_ridge,999,20360734,21270741,estimated,-0.0006897253529669278,-0.0007874701681809286,0.0013845761231950553,0.21,False,False
1,nonlinear_proxy,False,polynomial_ridge_interactions,99,20360734,21271750,estimated,-6.303258142886358e-05,-0.00038156646228753736,0.0010704673113941456,0.845,False,False
1,nonlinear_proxy,False,polynomial_ridge_interactions,199,20360734,21271750,estimated,-6.303258142886358e-05,-0.00040794286211799354,0.0014474086412531529,0.845,False,False
1,nonlinear_proxy,False,polynomial_ridge_interactions,499,20360734,21271750,estimated,-6.303258142886358e-05,-0.00048145356310763074,0.0012818947199393518,0.845,False,False
1,nonlinear_proxy,False,polynomial_ridge_interactions,999,20360734,21271750,estimated,-6.303258142886358e-05,-0.0004080887061316,0.001304207015851821,0.845,False,False
1,null_metric,False,polynomial_ridge,99,20360734,21260734,estimated,-0.0013249340261309375,-0.0023918980854980786,0.0029734084387841365,0.42,False,False
1,null_metric,False,polynomial_ridge,199,20360734,21260734,estimated,-0.0013249340261309375,-0.0027181285115694736,0.0022750981673209463,0.42,False,False
1,null_metric,False,polynomial_ridge,499,20360734,21260734,estimated,-0.0013249340261309375,-0.0024311888159987334,0.00288434535102925,0.42,False,False
1,null_metric,False,polynomial_ridge,999,20360734,21260734,estimated,-0.0013249340261309375,-0.00249335733963337,0.00301259399287613,0.42,False,False
1,null_metric,False,polynomial_ridge_interactions,99,20360734,21261743,estimated,-0.00022067414511130548,-0.001084727803985625,0.0008453513437732285,0.44,False,False
1,null_metric,False,polynomial_ridge_interactions,199,20360734,21261743,estimated,-0.00022067414511130548,-0.0012695843009531227,0.0008808118743527674,0.44,False,False
1,null_metric,False,polynomial_ridge_interactions,499,20360734,21261743,estimated,-0.00022067414511130548,-0.0014020041369603015,0.0009105026983563783,0.44,False,False
1,null_metric,False,polynomial_ridge_interactions,999,20360734,21261743,estimated,-0.00022067414511130548,-0.0013141185528397577,0.0009206972830687945,0.44,False,False
2,clustered_null,False,polynomial_ridge,99,20460737,22290758,estimated,-0.0037122326317916496,-0.016961693623922258,0.009919383333620557,0.345,False,False
2,clustered_null,False,polynomial_ridge,199,20460737,22290758,estimated,-0.0037122326317916496,-0.01576291963663692,0.009695338264976441,0.345,False,False
2,clustered_null,False,polynomial_ridge,499,20460737,22290758,estimated,-0.0037122326317916496,-0.015710110389518243,0.009837948604659653,0.345,False,False
2,clustered_null,False,polynomial_ridge,999,20460737,22290758,estimated,-0.0037122326317916496,-0.014891629826856668,0.011373195435086986,0.345,False,False
2,clustered_null,False,polynomial_ridge_interactions,99,20460737,22291767,estimated,-0.001378572995768955,-0.017988901148614105,0.00468123714365296,0.265,False,False
2,clustered_null,False,polynomial_ridge_interactions,199,20460737,22291767,estimated,-0.001378572995768955,-0.014291458002670851,0.005603507348112979,0.265,False,False
2,clustered_null,False,polynomial_ridge_interactions,499,20460737,22291767,estimated,-0.001378572995768955,-0.014091191697383333,0.006784660953454539,0.265,False,False
2,clustered_null,False,polynomial_ridge_interactions,999,20460737,22291767,estimated,-0.001378572995768955,-0.012409057042271611,0.007533179157682749,0.265,False,False
2,genuine_increment,True,polynomial_ridge,99,20460737,22300765,estimated,0.03415110482445478,0.0230535966927351,0.04413219296039947,0.005,True,True
2,genuine_increment,True,polynomial_ridge,199,20460737,22300765,estimated,0.03415110482445478,0.022810564335771583,0.04393467147552654,0.005,True,True
2,genuine_increment,True,polynomial_ridge,499,20460737,22300765,estimated,0.03415110482445478,0.02285978220753502,0.043841294330492976,0.005,True,True
2,genuine_increment,True,polynomial_ridge,999,20460737,22300765,estimated,0.03415110482445478,0.022837411085908015,0.04333468705023409,0.005,True,True
2,genuine_increment,True,polynomial_ridge_interactions,99,20460737,22301774,estimated,0.035307809924083375,0.022524171555036828,0.04320510509397221,0.005,True,True
2,genuine_increment,True,polynomial_ridge_interactions,199,20460737,22301774,estimated,0.035307809924083375,0.02299328747140472,0.04365516148967762,0.005,True,True
2,genuine_increment,True,polynomial_ridge_interactions,499,20460737,22301774,estimated,0.035307809924083375,0.02309082050686119,0.04486841622257073,0.005,True,True
2,genuine_increment,True,polynomial_ridge_interactions,999,20460737,22301774,estimated,0.035307809924083375,0.02299328747140472,0.04397773031508587,0.005,True,True
2,heteroskedastic_null,False,polynomial_ridge,99,20460737,22280751,estimated,-0.00026582745249953237,-0.0010934295476676314,0.001165524270824048,0.415,False,False
2,heteroskedastic_null,False,polynomial_ridge,199,20460737,22280751,estimated,-0.00026582745249953237,-0.001041117064114827,0.001037237335363004,0.415,False,False
2,heteroskedastic_null,False,polynomial_ridge,499,20460737,22280751,estimated,-0.00026582745249953237,-0.001049566631015601,0.001174442691044687,0.415,False,False
2,heteroskedastic_null,False,polynomial_ridge,999,20460737,22280751,estimated,-0.00026582745249953237,-0.001055074390050832,0.0011753095107888342,0.415,False,False
2,heteroskedastic_null,False,polynomial_ridge_interactions,99,20460737,22281760,estimated,3.5998007172084734e-05,-0.0004899915559919226,0.0008736069345659474,0.235,False,False
2,heteroskedastic_null,False,polynomial_ridge_interactions,199,20460737,22281760,estimated,3.5998007172084734e-05,-0.0004796414357576451,0.0006692609466180591,0.235,False,False
2,heteroskedastic_null,False,polynomial_ridge_interactions,499,20460737,22281760,estimated,3.5998007172084734e-05,-0.000441629487293904,0.0006754087354117173,0.235,False,False
2,heteroskedastic_null,False,polynomial_ridge_interactions,999,20460737,22281760,estimated,3.5998007172084734e-05,-0.0004276337964550981,0.0007802272165382861,0.235,False,False
2,nonlinear_proxy,False,polynomial_ridge,99,20460737,22270744,estimated,-0.0005199776423906472,-0.0011229902180713328,0.001359012141077979,0.89,False,False
2,nonlinear_proxy,False,polynomial_ridge,199,20460737,22270744,estimated,-0.0005199776423906472,-0.0012125431210465783,0.001297915502014148,0.89,False,False
2,nonlinear_proxy,False,polynomial_ridge,499,20460737,22270744,estimated,-0.0005199776423906472,-0.0011492239440732692,0.0012303598849569893,0.89,False,False
2,nonlinear_proxy,False,polynomial_ridge,999,20460737,22270744,estimated,-0.0005199776423906472,-0.0011313993066872838,0.0012121797524276118,0.89,False,False
2,nonlinear_proxy,False,polynomial_ridge_interactions,99,20460737,22271753,estimated,-0.0004963071208399037,-0.0009063366917087133,0.0007212410949704326,0.93,False,False
2,nonlinear_proxy,False,polynomial_ridge_interactions,199,20460737,22271753,estimated,-0.0004963071208399037,-0.0009001200973950952,0.0007507438441452895,0.93,False,False
2,nonlinear_proxy,False,polynomial_ridge_interactions,499,20460737,22271753,estimated,-0.0004963071208399037,-0.0008782071340808742,0.0007534517168924792,0.93,False,False
2,nonlinear_proxy,False,polynomial_ridge_interactions,999,20460737,22271753,estimated,-0.0004963071208399037,-0.0008632965776525304,0.0007444366454346218,0.93,False,False
2,null_metric,False,polynomial_ridge,99,20460737,22260737,estimated,-0.0011344937609530682,-0.002363109156045941,0.0021204191119134417,0.465,False,False
2,null_metric,False,polynomial_ridge,199,20460737,22260737,estimated,-0.0011344937609530682,-0.00265257070652519,0.00226955934383856,0.465,False,False
2,null_metric,False,polynomial_ridge,499,20460737,22260737,estimated,-0.0011344937609530682,-0.002539727750055642,0.0023225442187274595,0.465,False,False
2,null_metric,False,polynomial_ridge,999,20460737,22260737,estimated,-0.0011344937609530682,-0.002485426018910519,0.002236888850830028,0.465,False,False
2,null_metric,False,polynomial_ridge_interactions,99,20460737,22261746,estimated,-0.0009181045915421064,-0.0008665914717116913,0.002275495379945424,0.94,False,False
2,null_metric,False,polynomial_ridge_interactions,199,20460737,22261746,estimated,-0.0009181045915421064,-0.0009382631420713773,0.002167846190601988,0.94,False,False
2,null_metric,False,polynomial_ridge_interactions,499,20460737,22261746,estimated,-0.0009181045915421064,-0.001089668183181873,0.0019210679505684129,0.94,False,False
2,null_metric,False,polynomial_ridge_interactions,999,20460737,22261746,estimated,-0.0009181045915421064,-0.001106016350051282,0.0020038108480540445,0.94,False,False
3,clustered_null,False,polynomial_ridge,99,20560740,23290761,estimated,-0.007264484378837836,-0.010461122251398898,0.007087539977126637,0.125,False,False
3,clustered_null,False,polynomial_ridge,199,20560740,23290761,estimated,-0.007264484378837836,-0.012248732978662585,0.006801812026826542,0.125,False,False
3,clustered_null,False,polynomial_ridge,499,20560740,23290761,estimated,-0.007264484378837836,-0.01359055890968309,0.008550306146390648,0.125,False,False
3,clustered_null,False,polynomial_ridge,999,20560740,23290761,estimated,-0.007264484378837836,-0.014942842609029089,0.009122670179576912,0.125,False,False
3,clustered_null,False,polynomial_ridge_interactions,99,20560740,23291770,estimated,-0.0012526675935986657,-0.006462507797874333,0.006707879099097531,0.095,False,False
3,clustered_null,False,polynomial_ridge_interactions,199,20560740,23291770,estimated,-0.0012526675935986657,-0.007112954532960451,0.009295891503333157,0.095,False,False
3,clustered_null,False,polynomial_ridge_interactions,499,20560740,23291770,estimated,-0.0012526675935986657,-0.0074050986592200056,0.008739551383768229,0.095,False,False
3,clustered_null,False,polynomial_ridge_interactions,999,20560740,23291770,estimated,-0.0012526675935986657,-0.007763962853284652,0.007967000811195533,0.095,False,False
3,genuine_increment,True,polynomial_ridge,99,20560740,23300768,estimated,0.04278822510991065,0.030896797192307878,0.05298308673035155,0.005,True,True
3,genuine_increment,True,polynomial_ridge,199,20560740,23300768,estimated,0.04278822510991065,0.030871494433264857,0.05336842605878082,0.005,True,True
3,genuine_increment,True,polynomial_ridge,499,20560740,23300768,estimated,0.04278822510991065,0.030896797192307878,0.05286839324725701,0.005,True,True
3,genuine_increment,True,polynomial_ridge,999,20560740,23300768,estimated,0.04278822510991065,0.03108330445127435,0.05246653331220459,0.005,True,True
3,genuine_increment,True,polynomial_ridge_interactions,99,20560740,23301777,estimated,0.04429188397684522,0.0326150513287486,0.05054565038534059,0.005,True,True
3,genuine_increment,True,polynomial_ridge_interactions,199,20560740,23301777,estimated,0.04429188397684522,0.03178845659304759,0.0529803433886315,0.005,True,True
3,genuine_increment,True,polynomial_ridge_interactions,499,20560740,23301777,estimated,0.04429188397684522,0.0316015685666139,0.05215121458397084,0.005,True,True
3,genuine_increment,True,polynomial_ridge_interactions,999,20560740,23301777,estimated,0.04429188397684522,0.031066477156232536,0.052076072531492754,0.005,True,True
3,heteroskedastic_null,False,polynomial_ridge,99,20560740,23280754,estimated,-0.00035812552583381306,-0.0006452962198022256,0.00108485582912731,0.69,False,False
3,heteroskedastic_null,False,polynomial_ridge,199,20560740,23280754,estimated,-0.00035812552583381306,-0.0007352780099873519,0.0010930717975634456,0.69,False,False
3,heteroskedastic_null,False,polynomial_ridge,499,20560740,23280754,estimated,-0.00035812552583381306,-0.0006821945211762073,0.001133651272797052,0.69,False,False
3,heteroskedastic_null,False,polynomial_ridge,999,20560740,23280754,estimated,-0.00035812552583381306,-0.0007076398496549261,0.001084315406335731,0.69,False,False
3,heteroskedastic_null,False,polynomial_ridge_interactions,99,20560740,23281763,estimated,-0.00014589125678825948,-0.0008384469465566036,0.0003852849400632406,0.705,False,False
3,heteroskedastic_null,False,polynomial_ridge_interactions,199,20560740,23281763,estimated,-0.00014589125678825948,-0.0007970442172763917,0.00032761403778643804,0.705,False,False
3,heteroskedastic_null,False,polynomial_ridge_interactions,499,20560740,23281763,estimated,-0.00014589125678825948,-0.000813759812209919,0.0002990483490985146,0.705,False,False
3,heteroskedastic_null,False,polynomial_ridge_interactions,999,20560740,23281763,estimated,-0.00014589125678825948,-0.000761194045508774,0.00031454988688379233,0.705,False,False
3,nonlinear_proxy,False,polynomial_ridge,99,20560740,23270747,estimated,-0.00013646483792701877,-0.0008092298466863524,0.0006615366353569084,0.38,False,False
3,nonlinear_proxy,False,polynomial_ridge,199,20560740,23270747,estimated,-0.00013646483792701877,-0.0007164721597239037,0.0007102708568794061,0.38,False,False
3,nonlinear_proxy,False,polynomial_ridge,499,20560740,23270747,estimated,-0.00013646483792701877,-0.0006480899138316485,0.0008136043972625502,0.38,False,False
3,nonlinear_proxy,False,polynomial_ridge,999,20560740,23270747,estimated,-0.00013646483792701877,-0.0006771675614850219,0.0008094268985639555,0.38,False,False
3,nonlinear_proxy,False,polynomial_ridge_interactions,99,20560740,23271756,estimated,0.00011037177129824029,-0.0003177350775506591,0.000407462343589558,0.23,False,False
3,nonlinear_proxy,False,polynomial_ridge_interactions,199,20560740,23271756,estimated,0.00011037177129824029,-0.0002996362821514996,0.0004249072378209702,0.23,False,False
3,nonlinear_proxy,False,polynomial_ridge_interactions,499,20560740,23271756,estimated,0.00011037177129824029,-0.0003311127341567266,0.0005404388160431167,0.23,False,False
3,nonlinear_proxy,False,polynomial_ridge_interactions,999,20560740,23271756,estimated,0.00011037177129824029,-0.00035979093809452336,0.00048049725663111494,0.23,False,False
3,null_metric,False,polynomial_ridge,99,20560740,23260740,estimated,-0.0014844861535351778,-0.0032998189430052845,0.005304689973041804,0.32,False,False
3,null_metric,False,polynomial_ridge,199,20560740,23260740,estimated,-0.0014844861535351778,-0.0031746215628735454,0.00491762288799924,0.32,False,False
3,null_metric,False,polynomial_ridge,499,20560740,23260740,estimated,-0.0014844861535351778,-0.003155727356268605,0.0057732195832384285,0.32,False,False
3,null_metric,False,polynomial_ridge,999,20560740,23260740,estimated,-0.0014844861535351778,-0.0031201316458169858,0.004755660198282023,0.32,False,False
3,null_metric,False,polynomial_ridge_interactions,99,20560740,23261749,estimated,-0.0007483091673968698,-0.0025599585995130575,0.0017262345676809468,0.15,False,False
3,null_metric,False,polynomial_ridge_interactions,199,20560740,23261749,estimated,-0.0007483091673968698,-0.002201443172297097,0.0017697085122899909,0.15,False,False
3,null_metric,False,polynomial_ridge_interactions,499,20560740,23261749,estimated,-0.0007483091673968698,-0.0018592970895047736,0.0017198149835645387,0.15,False,False
3,null_metric,False,polynomial_ridge_interactions,999,20560740,23261749,estimated,-0.0007483091673968698,-0.0018628775444393052,0.001631256156374561,0.15,False,False
4,clustered_null,False,polynomial_ridge,99,20660743,24290764,estimated,-0.0045325837418956,-0.016240992834706258,0.02614263161109054,0.14,False,False
4,clustered_null,False,polynomial_ridge,199,20660743,24290764,estimated,-0.0045325837418956,-0.016429098018738212,0.030413599761274626,0.14,False,False
4,clustered_null,False,polynomial_ridge,499,20660743,24290764,estimated,-0.0045325837418956,-0.018194773238620583,0.0317390600844425,0.14,False,False
4,clustered_null,False,polynomial_ridge,999,20660743,24290764,estimated,-0.0045325837418956,-0.0188726222949496,0.034878505717530074,0.14,False,False
4,clustered_null,False,polynomial_ridge_interactions,99,20660743,24291773,estimated,-0.0031071754198648827,-0.022655599612973247,0.01276239294254959,0.175,False,False
4,clustered_null,False,polynomial_ridge_interactions,199,20660743,24291773,estimated,-0.0031071754198648827,-0.02036020336408438,0.01317241032854974,0.175,False,False
4,clustered_null,False,polynomial_ridge_interactions,499,20660743,24291773,estimated,-0.0031071754198648827,-0.02854414366775296,0.018765668697432663,0.175,False,False
4,clustered_null,False,polynomial_ridge_interactions,999,20660743,24291773,estimated,-0.0031071754198648827,-0.028210057017215812,0.020143396344464395,0.175,False,False
4,genuine_increment,True,polynomial_ridge,99,20660743,24300771,estimated,0.04198631888109344,0.032347492617147734,0.05403857017856217,0.005,True,True
4,genuine_increment,True,polynomial_ridge,199,20660743,24300771,estimated,0.04198631888109344,0.03193081374444215,0.053608416353129934,0.005,True,True
4,genuine_increment,True,polynomial_ridge,499,20660743,24300771,estimated,0.04198631888109344,0.031993115068637744,0.054199570890102765,0.005,True,True
4,genuine_increment,True,polynomial_ridge,999,20660743,24300771,estimated,0.04198631888109344,0.0325642869767218,0.05442683873702601,0.005,True,True
4,genuine_increment,True,polynomial_ridge_interactions,99,20660743,24301780,estimated,0.04379620744759696,0.03309911340537839,0.05488784711512525,0.005,True,True
4,genuine_increment,True,polynomial_ridge_interactions,199,20660743,24301780,estimated,0.04379620744759696,0.0337243537398229,0.05552828278712208,0.005,True,True
4,genuine_increment,True,polynomial_ridge_interactions,499,20660743,24301780,estimated,0.04379620744759696,0.03229121773612087,0.0547475413357469,0.005,True,True
4,genuine_increment,True,polynomial_ridge_interactions,999,20660743,24301780,estimated,0.04379620744759696,0.032282630605618694,0.054616085351138655,0.005,True,True
4,heteroskedastic_null,False,polynomial_ridge,99,20660743,24280757,estimated,-0.00011830856345213317,-0.001265276888277538,0.0019861145810752137,0.61,False,False
4,heteroskedastic_null,False,polynomial_ridge,199,20660743,24280757,estimated,-0.00011830856345213317,-0.0012766801112032782,0.0020883898694527567,0.61,False,False
4,heteroskedastic_null,False,polynomial_ridge,499,20660743,24280757,estimated,-0.00011830856345213317,-0.001339540331504466,0.0020757273704139954,0.61,False,False
4,heteroskedastic_null,False,polynomial_ridge,999,20660743,24280757,estimated,-0.00011830856345213317,-0.0014587527704126226,0.002039728875147735,0.61,False,False
4,heteroskedastic_null,False,polynomial_ridge_interactions,99,20660743,24281766,estimated,-0.0003778790836896865,-0.0005815289670240495,0.00031841290463866185,0.655,False,False
4,heteroskedastic_null,False,polynomial_ridge_interactions,199,20660743,24281766,estimated,-0.0003778790836896865,-0.0006655558635166224,0.0003164474918538706,0.655,False,False
4,heteroskedastic_null,False,polynomial_ridge_interactions,499,20660743,24281766,estimated,-0.0003778790836896865,-0.0007386205792991589,0.00029486814357715147,0.655,False,False
4,heteroskedastic_null,False,polynomial_ridge_interactions,999,20660743,24281766,estimated,-0.0003778790836896865,-0.0007599227118345026,0.0002699750296468615,0.655,False,False
4,nonlinear_proxy,False,polynomial_ridge,99,20660743,24270750,estimated,5.366666784198393e-05,-0.0002805246428875553,0.0009064862596664989,0.215,False,False
4,nonlinear_proxy,False,polynomial_ridge,199,20660743,24270750,estimated,5.366666784198393e-05,-0.0003015924783150072,0.0009946746150324185,0.215,False,False
4,nonlinear_proxy,False,polynomial_ridge,499,20660743,24270750,estimated,5.366666784198393e-05,-0.0003240015426776137,0.0010599690236382218,0.215,False,False
4,nonlinear_proxy,False,polynomial_ridge,999,20660743,24270750,estimated,5.366666784198393e-05,-0.0003437763382533152,0.00105068479052365,0.215,False,False
4,nonlinear_proxy,False,polynomial_ridge_interactions,99,20660743,24271759,estimated,1.1510551889376379e-05,-0.00020901363574688894,0.0005171627017897256,0.135,False,False
4,nonlinear_proxy,False,polynomial_ridge_interactions,199,20660743,24271759,estimated,1.1510551889376379e-05,-0.00022104421737461065,0.0005625094766618265,0.135,False,False
4,nonlinear_proxy,False,polynomial_ridge_interactions,499,20660743,24271759,estimated,1.1510551889376379e-05,-0.00023047267000333944,0.0006877127985573303,0.135,False,False
4,nonlinear_proxy,False,polynomial_ridge_interactions,999,20660743,24271759,estimated,1.1510551889376379e-05,-0.000221471445406511,0.0006685161536111118,0.135,False,False
4,null_metric,False,polynomial_ridge,99,20660743,24260743,estimated,-0.0014349849609000473,-0.0024224224460676295,0.001643982925975122,0.46,False,False
4,null_metric,False,polynomial_ridge,199,20660743,24260743,estimated,-0.0014349849609000473,-0.00299600050674161,0.0011574884671667971,0.46,False,False
4,null_metric,False,polynomial_ridge,499,20660743,24260743,estimated,-0.0014349849609000473,-0.0030028488927802918,0.0013144098111239615,0.46,False,False
4,null_metric,False,polynomial_ridge,999,20660743,24260743,estimated,-0.0014349849609000473,-0.0028623005115997087,0.0012935997107969054,0.46,False,False
4,null_metric,False,polynomial_ridge_interactions,99,20660743,24261752,estimated,-0.00043497602926237736,-0.0007880441085507684,0.0004308354015032494,0.895,False,False
4,null_metric,False,polynomial_ridge_interactions,199,20660743,24261752,estimated,-0.00043497602926237736,-0.0009791493698453173,0.0006488175213097655,0.895,False,False
4,null_metric,False,polynomial_ridge_interactions,499,20660743,24261752,estimated,-0.00043497602926237736,-0.0011215890890267936,0.0006558192221311259,0.895,False,False
4,null_metric,False,polynomial_ridge_interactions,999,20660743,24261752,estimated,-0.00043497602926237736,-0.0010881700564883726,0.0006639664650455128,0.895,False,False
5,clustered_null,False,polynomial_ridge,99,20760746,25290767,estimated,-0.015939500057619443,-0.027032642734723666,0.007976125343921506,0.57,False,False
5,clustered_null,False,polynomial_ridge,199,20760746,25290767,estimated,-0.015939500057619443,-0.02154651771642764,0.008917599538882286,0.57,False,False
5,clustered_null,False,polynomial_ridge,499,20760746,25290767,estimated,-0.015939500057619443,-0.02064106331001807,0.008038533570492001,0.57,False,False
5,clustered_null,False,polynomial_ridge,999,20760746,25290767,estimated,-0.015939500057619443,-0.020976887949772205,0.007992423107280506,0.57,False,False
5,clustered_null,False,polynomial_ridge_interactions,99,20760746,25291776,estimated,-0.0013737192847271054,-0.012034599935389046,0.009599138903300249,0.43,False,False
5,clustered_null,False,polynomial_ridge_interactions,199,20760746,25291776,estimated,-0.0013737192847271054,-0.012987938016054888,0.007673732923536892,0.43,False,False
5,clustered_null,False,polynomial_ridge_interactions,499,20760746,25291776,estimated,-0.0013737192847271054,-0.012278981369853843,0.0075644982989514055,0.43,False,False
5,clustered_null,False,polynomial_ridge_interactions,999,20760746,25291776,estimated,-0.0013737192847271054,-0.011647043493925126,0.006838444978154292,0.43,False,False
5,genuine_increment,True,polynomial_ridge,99,20760746,25300774,estimated,0.05277574286404063,0.036646955438413786,0.06319759609070587,0.005,True,True
5,genuine_increment,True,polynomial_ridge,199,20760746,25300774,estimated,0.05277574286404063,0.03654971353087148,0.060978330090305545,0.005,True,True
5,genuine_increment,True,polynomial_ridge,499,20760746,25300774,estimated,0.05277574286404063,0.03644014908434834,0.06225677147929095,0.005,True,True
5,genuine_increment,True,polynomial_ridge,999,20760746,25300774,estimated,0.05277574286404063,0.03635009771693498,0.06193071217985777,0.005,True,True
5,genuine_increment,True,polynomial_ridge_interactions,99,20760746,25301783,estimated,0.04862032009353196,0.033345084889867226,0.05894966614946488,0.005,True,True
5,genuine_increment,True,polynomial_ridge_interactions,199,20760746,25301783,estimated,0.04862032009353196,0.03409767405554707,0.05865305520637857,0.005,True,True
5,genuine_increment,True,polynomial_ridge_interactions,499,20760746,25301783,estimated,0.04862032009353196,0.033660630300427985,0.05856842074130715,0.005,True,True
5,genuine_increment,True,polynomial_ridge_interactions,999,20760746,25301783,estimated,0.04862032009353196,0.034133375045012106,0.059033549921554664,0.005,True,True
5,heteroskedastic_null,False,polynomial_ridge,99,20760746,25280760,estimated,-0.0005627251892352837,-0.0009160760702697482,0.001589151150014398,0.29,False,False
5,heteroskedastic_null,False,polynomial_ridge,199,20760746,25280760,estimated,-0.0005627251892352837,-0.000993394426106048,0.001654878716798791,0.29,False,False
5,heteroskedastic_null,False,polynomial_ridge,499,20760746,25280760,estimated,-0.0005627251892352837,-0.0009642791639236741,0.001567288718296703,0.29,False,False
5,heteroskedastic_null,False,polynomial_ridge,999,20760746,25280760,estimated,-0.0005627251892352837,-0.0008459463618317925,0.0016116710697281565,0.29,False,False
5,heteroskedastic_null,False,polynomial_ridge_interactions,99,20760746,25281769,estimated,-0.0002784105776940521,-0.0006536216109888038,0.00031881512032046146,0.245,False,False
5,heteroskedastic_null,False,polynomial_ridge_interactions,199,20760746,25281769,estimated,-0.0002784105776940521,-0.0007425973572246911,0.00031805776586161497,0.245,False,False
5,heteroskedastic_null,False,polynomial_ridge_interactions,499,20760746,25281769,estimated,-0.0002784105776940521,-0.0007622036217211761,0.0003514206396392901,0.245,False,False
5,heteroskedastic_null,False,polynomial_ridge_interactions,999,20760746,25281769,estimated,-0.0002784105776940521,-0.0007664515335737864,0.00036961430028652616,0.245,False,False
5,nonlinear_proxy,False,polynomial_ridge,99,20760746,25270753,estimated,-0.00027126591980732376,-0.0009272847928016656,0.001398520272043292,0.765,False,False
5,nonlinear_proxy,False,polynomial_ridge,199,20760746,25270753,estimated,-0.00027126591980732376,-0.0006305233545179593,0.001461040643912059,0.765,False,False
5,nonlinear_proxy,False,polynomial_ridge,499,20760746,25270753,estimated,-0.00027126591980732376,-0.0006246337119490938,0.0014681149980109868,0.765,False,False
5,nonlinear_proxy,False,polynomial_ridge,999,20760746,25270753,estimated,-0.00027126591980732376,-0.0006865104254434659,0.001316696306995654,0.765,False,False
5,nonlinear_proxy,False,polynomial_ridge_interactions,99,20760746,25271762,estimated,-3.4244133566806167e-06,-0.0005522042645651577,0.0009391347389148153,0.82,False,False
5,nonlinear_proxy,False,polynomial_ridge_interactions,199,20760746,25271762,estimated,-3.4244133566806167e-06,-0.0004794469007715878,0.0008510823098956216,0.82,False,False
5,nonlinear_proxy,False,polynomial_ridge_interactions,499,20760746,25271762,estimated,-3.4244133566806167e-06,-0.00048803191110387615,0.001056236267230439,0.82,False,False
5,nonlinear_proxy,False,polynomial_ridge_interactions,999,20760746,25271762,estimated,-3.4244133566806167e-06,-0.0004794469007715878,0.0010263495127763374,0.82,False,False
5,null_metric,False,polynomial_ridge,99,20760746,25260746,estimated,-0.0022084351444809393,-0.0030833354131198196,0.002590848152250102,0.925,False,False
5,null_metric,False,polynomial_ridge,199,20760746,25260746,estimated,-0.0022084351444809393,-0.002763724499723935,0.002762265683887845,0.925,False,False
5,null_metric,False,polynomial_ridge,499,20760746,25260746,estimated,-0.0022084351444809393,-0.0029715648460785444,0.0028854716959228178,0.925,False,False
5,null_metric,False,polynomial_ridge,999,20760746,25260746,estimated,-0.0022084351444809393,-0.0029330032907642924,0.0028754597501518637,0.925,False,False
5,null_metric,False,polynomial_ridge_interactions,99,20760746,25261755,estimated,4.8978832498748626e-05,-0.0008625563603241593,0.0010507300612937758,0.43,False,False
5,null_metric,False,polynomial_ridge_interactions,199,20760746,25261755,estimated,4.8978832498748626e-05,-0.0009933517075224932,0.0015171190611774194,0.43,False,False
5,null_metric,False,polynomial_ridge_interactions,499,20760746,25261755,estimated,4.8978832498748626e-05,-0.0009038620138438945,0.0014356162861806651,0.43,False,False
5,null_metric,False,polynomial_ridge_interactions,999,20760746,25261755,estimated,4.8978832498748626e-05,-0.0008688433279602643,0.001522878456224354,0.43,False,False
6,clustered_null,False,polynomial_ridge,99,20860749,26290770,estimated,-0.003708687353933468,-0.02282862384655989,0.023815942819233077,0.15,False,False
6,clustered_null,False,polynomial_ridge,199,20860749,26290770,estimated,-0.003708687353933468,-0.026945612787374656,0.022467158068582654,0.15,False,False
6,clustered_null,False,polynomial_ridge,499,20860749,26290770,estimated,-0.003708687353933468,-0.026192569973881415,0.021760855288568928,0.15,False,False
6,clustered_null,False,polynomial_ridge,999,20860749,26290770,estimated,-0.003708687353933468,-0.02681989544887989,0.0217851898558428,0.15,False,False
6,clustered_null,False,polynomial_ridge_interactions,99,20860749,26291779,estimated,-0.0028176005193978823,-0.013773967964901934,0.022777082059867546,0.455,False,False
6,clustered_null,False,polynomial_ridge_interactions,199,20860749,26291779,estimated,-0.0028176005193978823,-0.01653132911055618,0.012970735991727158,0.455,False,False
6,clustered_null,False,polynomial_ridge_interactions,499,20860749,26291779,estimated,-0.0028176005193978823,-0.021420698674275044,0.016211484528420448,0.455,False,False
6,clustered_null,False,polynomial_ridge_interactions,999,20860749,26291779,estimated,-0.0028176005193978823,-0.0227557718345622,0.01594866866873485,0.455,False,False
6,genuine_increment,True,polynomial_ridge,99,20860749,26300777,estimated,0.03750032047119914,0.029720861521819495,0.04799902537193695,0.005,True,True
6,genuine_increment,True,polynomial_ridge,199,20860749,26300777,estimated,0.03750032047119914,0.02867246688370936,0.047985693593081594,0.005,True,True
6,genuine_increment,True,polynomial_ridge,499,20860749,26300777,estimated,0.03750032047119914,0.028220548528179453,0.04795511505597655,0.005,True,True
6,genuine_increment,True,polynomial_ridge,999,20860749,26300777,estimated,0.03750032047119914,0.02820154220096439,0.047352608890826646,0.005,True,True
6,genuine_increment,True,polynomial_ridge_interactions,99,20860749,26301786,estimated,0.03716744989392584,0.02696726978133467,0.04401678590473452,0.005,True,True
6,genuine_increment,True,polynomial_ridge_interactions,199,20860749,26301786,estimated,0.03716744989392584,0.02730030926730705,0.04459240417922382,0.005,True,True
6,genuine_increment,True,polynomial_ridge_interactions,499,20860749,26301786,estimated,0.03716744989392584,0.027152965584819153,0.04586182917249375,0.005,True,True
6,genuine_increment,True,polynomial_ridge_interactions,999,20860749,26301786,estimated,0.03716744989392584,0.026546172009717012,0.045383408363039494,0.005,True,True
6,heteroskedastic_null,False,polynomial_ridge,99,20860749,26280763,estimated,-0.0007220191386217104,-0.0014101452276648154,0.0009328051142222435,0.09,False,False
6,heteroskedastic_null,False,polynomial_ridge,199,20860749,26280763,estimated,-0.0007220191386217104,-0.001321852818909476,0.0005980605486441131,0.09,False,False
6,heteroskedastic_null,False,polynomial_ridge,499,20860749,26280763,estimated,-0.0007220191386217104,-0.0012035631012534138,0.0006016294830522513,0.09,False,False
6,heteroskedastic_null,False,polynomial_ridge,999,20860749,26280763,estimated,-0.0007220191386217104,-0.0012049800702157666,0.0005925362055310728,0.09,False,False
6,heteroskedastic_null,False,polynomial_ridge_interactions,99,20860749,26281772,estimated,-9.301946561503672e-05,-0.0004937089380478106,0.00043948321316734294,0.245,False,False
6,heteroskedastic_null,False,polynomial_ridge_interactions,199,20860749,26281772,estimated,-9.301946561503672e-05,-0.00048612204505591415,0.0003966568592706738,0.245,False,False
6,heteroskedastic_null,False,polynomial_ridge_interactions,499,20860749,26281772,estimated,-9.301946561503672e-05,-0.00048633521628158234,0.00034471795818814057,0.245,False,False
6,heteroskedastic_null,False,polynomial_ridge_interactions,999,20860749,26281772,estimated,-9.301946561503672e-05,-0.0004675533213951622,0.0003632179930286373,0.245,False,False
6,nonlinear_proxy,False,polynomial_ridge,99,20860749,26270756,estimated,0.0007168149005483872,4.7766199299817795e-05,0.0015235573832090576,0.965,True,False
6,nonlinear_proxy,False,polynomial_ridge,199,20860749,26270756,estimated,0.0007168149005483872,7.387540821830858e-05,0.0016985749292796272,0.965,True,False
6,nonlinear_proxy,False,polynomial_ridge,499,20860749,26270756,estimated,0.0007168149005483872,0.00014918974702399302,0.0018605688098526885,0.965,True,False
6,nonlinear_proxy,False,polynomial_ridge,999,20860749,26270756,estimated,0.0007168149005483872,0.0001296764196244467,0.001932987036364546,0.965,True,False
6,nonlinear_proxy,False,polynomial_ridge_interactions,99,20860749,26271765,estimated,0.0005888898633296885,7.931803489725884e-05,0.0019900184864165052,0.53,True,False
6,nonlinear_proxy,False,polynomial_ridge_interactions,199,20860749,26271765,estimated,0.0005888898633296885,5.4430441721483154e-05,0.0019321625804751047,0.53,True,False
6,nonlinear_proxy,False,polynomial_ridge_interactions,499,20860749,26271765,estimated,0.0005888898633296885,9.01483101624715e-05,0.0019352193206157353,0.53,True,False
6,nonlinear_proxy,False,polynomial_ridge_interactions,999,20860749,26271765,estimated,0.0005888898633296885,9.476587543904826e-05,0.0019423181295392762,0.53,True,False
6,null_metric,False,polynomial_ridge,99,20860749,26260749,estimated,-0.000922584245048718,-0.0022590950023860146,0.0017327792790316021,0.95,False,False
6,null_metric,False,polynomial_ridge,199,20860749,26260749,estimated,-0.000922584245048718,-0.002126752554287288,0.0018069573477268424,0.95,False,False
6,null_metric,False,polynomial_ridge,499,20860749,26260749,estimated,-0.000922584245048718,-0.0019833503753842823,0.002154344105811654,0.95,False,False
6,null_metric,False,polynomial_ridge,999,20860749,26260749,estimated,-0.000922584245048718,-0.0018273052183080823,0.0022122746137057422,0.95,False,False
6,null_metric,False,polynomial_ridge_interactions,99,20860749,26261758,estimated,-0.00028493352787107434,-0.0009192600876083874,0.0003915203073282142,0.795,False,False
6,null_metric,False,polynomial_ridge_interactions,199,20860749,26261758,estimated,-0.00028493352787107434,-0.000802083712383832,0.00041684929781840005,0.795,False,False
6,null_metric,False,polynomial_ridge_interactions,499,20860749,26261758,estimated,-0.00028493352787107434,-0.0009897267446823327,0.00048759052453653285,0.795,False,False
6,null_metric,False,polynomial_ridge_interactions,999,20860749,26261758,estimated,-0.00028493352787107434,-0.0010181553593080507,0.0004311654435536473,0.795,False,False
7,clustered_null,False,polynomial_ridge,99,20960752,27290773,estimated,-0.003018375500384975,-0.005750936153427836,0.0036388836980356036,0.34,False,False
7,clustered_null,False,polynomial_ridge,199,20960752,27290773,estimated,-0.003018375500384975,-0.007123416831828745,0.00972337242447552,0.34,False,False
7,clustered_null,False,polynomial_ridge,499,20960752,27290773,estimated,-0.003018375500384975,-0.008463919909154648,0.006569421223352229,0.34,False,False
7,clustered_null,False,polynomial_ridge,999,20960752,27290773,estimated,-0.003018375500384975,-0.008502971464290429,0.004582757568975607,0.34,False,False
7,clustered_null,False,polynomial_ridge_interactions,99,20960752,27291782,estimated,-0.0012115587401165511,-0.006592839918444148,0.002303743617918118,0.42,False,False
7,clustered_null,False,polynomial_ridge_interactions,199,20960752,27291782,estimated,-0.0012115587401165511,-0.006815671938494148,0.002735236732651803,0.42,False,False
7,clustered_null,False,polynomial_ridge_interactions,499,20960752,27291782,estimated,-0.0012115587401165511,-0.005628800844570119,0.004081520559415566,0.42,False,False
7,clustered_null,False,polynomial_ridge_interactions,999,20960752,27291782,estimated,-0.0012115587401165511,-0.005612268557994772,0.003196248353471612,0.42,False,False
7,genuine_increment,True,polynomial_ridge,99,20960752,27300780,estimated,0.033776575988721996,0.025237841330837087,0.04374545055151293,0.005,True,True
7,genuine_increment,True,polynomial_ridge,199,20960752,27300780,estimated,0.033776575988721996,0.02528425242630091,0.04303171751845562,0.005,True,True
7,genuine_increment,True,polynomial_ridge,499,20960752,27300780,estimated,0.033776575988721996,0.025102834134797417,0.044154836880282426,0.005,True,True
7,genuine_increment,True,polynomial_ridge,999,20960752,27300780,estimated,0.033776575988721996,0.02448734073015326,0.04423195297481007,0.005,True,True
7,genuine_increment,True,polynomial_ridge_interactions,99,20960752,27301789,estimated,0.03610182521924028,0.026576655623734118,0.04567779641814616,0.005,True,True
7,genuine_increment,True,polynomial_ridge_interactions,199,20960752,27301789,estimated,0.03610182521924028,0.025299636953233406,0.04532085301808441,0.005,True,True
7,genuine_increment,True,polynomial_ridge_interactions,499,20960752,27301789,estimated,0.03610182521924028,0.02509574254469707,0.04431566117985201,0.005,True,True
7,genuine_increment,True,polynomial_ridge_interactions,999,20960752,27301789,estimated,0.03610182521924028,0.0244672593617098,0.04491828758417663,0.005,True,True
7,heteroskedastic_null,False,polynomial_ridge,99,20960752,27280766,estimated,-0.0007291248893895909,-0.0016441172467201338,0.0002645314225416819,0.47,False,False
7,heteroskedastic_null,False,polynomial_ridge,199,20960752,27280766,estimated,-0.0007291248893895909,-0.001649170082636605,0.00036622497701281793,0.47,False,False
7,heteroskedastic_null,False,polynomial_ridge,499,20960752,27280766,estimated,-0.0007291248893895909,-0.0014763076033853149,0.0005410772549927392,0.47,False,False
7,heteroskedastic_null,False,polynomial_ridge,999,20960752,27280766,estimated,-0.0007291248893895909,-0.0014271907316266016,0.0005732570150140288,0.47,False,False
7,heteroskedastic_null,False,polynomial_ridge_interactions,99,20960752,27281775,estimated,-0.00010816870077711913,-0.00038567940119281393,0.00018932961167051878,0.57,False,False
7,heteroskedastic_null,False,polynomial_ridge_interactions,199,20960752,27281775,estimated,-0.00010816870077711913,-0.0004063652692374327,0.00020907511128404754,0.57,False,False
7,heteroskedastic_null,False,polynomial_ridge_interactions,499,20960752,27281775,estimated,-0.00010816870077711913,-0.00043194274506313374,0.000247340665776245,0.57,False,False
7,heteroskedastic_null,False,polynomial_ridge_interactions,999,20960752,27281775,estimated,-0.00010816870077711913,-0.00043821783628469966,0.0002657929111460537,0.57,False,False
7,nonlinear_proxy,False,polynomial_ridge,99,20960752,27270759,estimated,0.00028362167414371607,-0.0003108591818536146,0.001317415391830566,0.175,False,False
7,nonlinear_proxy,False,polynomial_ridge,199,20960752,27270759,estimated,0.00028362167414371607,-0.0002779876966781433,0.001398469175442555,0.175,False,False
7,nonlinear_proxy,False,polynomial_ridge,499,20960752,27270759,estimated,0.00028362167414371607,-0.00032176403516529466,0.0014606332426334884,0.175,False,False
7,nonlinear_proxy,False,polynomial_ridge,999,20960752,27270759,estimated,0.00028362167414371607,-0.0003255142387400737,0.001529750128556668,0.175,False,False
7,nonlinear_proxy,False,polynomial_ridge_interactions,99,20960752,27271768,estimated,0.00022685419779890775,2.6728432451660414e-05,0.0019326602040840957,0.295,True,False
7,nonlinear_proxy,False,polynomial_ridge_interactions,199,20960752,27271768,estimated,0.00022685419779890775,4.054928611492991e-06,0.0018077240870194315,0.295,True,False
7,nonlinear_proxy,False,polynomial_ridge_interactions,499,20960752,27271768,estimated,0.00022685419779890775,-2.259654949218494e-05,0.0017010800607390657,0.295,False,False
7,nonlinear_proxy,False,polynomial_ridge_interactions,999,20960752,27271768,estimated,0.00022685419779890775,-5.7682357189070965e-05,0.0017292897831178823,0.295,False,False
7,null_metric,False,polynomial_ridge,99,20960752,27260752,estimated,-0.0016589145600090088,-0.0027885862779147464,0.0012300924157996767,0.06,False,False
7,null_metric,False,polynomial_ridge,199,20960752,27260752,estimated,-0.0016589145600090088,-0.0029467501986025057,0.0012585407900930446,0.06,False,False
7,null_metric,False,polynomial_ridge,499,20960752,27260752,estimated,-0.0016589145600090088,-0.0030717652215434734,0.0013528835403619794,0.06,False,False
7,null_metric,False,polynomial_ridge,999,20960752,27260752,estimated,-0.0016589145600090088,-0.003129170933612528,0.0013721075076955824,0.06,False,False
7,null_metric,False,polynomial_ridge_interactions,99,20960752,27261761,estimated,-0.0006846891468935308,-0.0011577286373971756,0.0006350675882310074,0.115,False,False
7,null_metric,False,polynomial_ridge_interactions,199,20960752,27261761,estimated,-0.0006846891468935308,-0.0011857398119752055,0.0006604491509209338,0.115,False,False
7,null_metric,False,polynomial_ridge_interactions,499,20960752,27261761,estimated,-0.0006846891468935308,-0.0012126762546073111,0.0006068931082290879,0.115,False,False
7,null_metric,False,polynomial_ridge_interactions,999,20960752,27261761,estimated,-0.0006846891468935308,-0.0011844804500365982,0.0006444171842502362,0.115,False,False
8,clustered_null,False,polynomial_ridge,99,21060755,28290776,estimated,-0.0020222563597561624,-0.008721895964097259,0.015539628477949945,0.905,False,False
8,clustered_null,False,polynomial_ridge,199,21060755,28290776,estimated,-0.0020222563597561624,-0.008694899918828054,0.015333054132332099,0.905,False,False
8,clustered_null,False,polynomial_ridge,499,21060755,28290776,estimated,-0.0020222563597561624,-0.010988228799387566,0.016337245115027953,0.905,False,False
8,clustered_null,False,polynomial_ridge,999,21060755,28290776,estimated,-0.0020222563597561624,-0.01106756919436568,0.016498096977288802,0.905,False,False
8,clustered_null,False,polynomial_ridge_interactions,99,21060755,28291785,estimated,-0.0022120701395655813,-0.014808892256192644,0.007256207285992558,0.505,False,False
8,clustered_null,False,polynomial_ridge_interactions,199,21060755,28291785,estimated,-0.0022120701395655813,-0.013556172168469386,0.006552501450344325,0.505,False,False
8,clustered_null,False,polynomial_ridge_interactions,499,21060755,28291785,estimated,-0.0022120701395655813,-0.012539874034835103,0.008987484908617172,0.505,False,False
8,clustered_null,False,polynomial_ridge_interactions,999,21060755,28291785,estimated,-0.0022120701395655813,-0.010550286531435086,0.008965602991617694,0.505,False,False
8,genuine_increment,True,polynomial_ridge,99,21060755,28300783,estimated,0.04073581225179998,0.027994643120609307,0.04948370793360853,0.005,True,True
8,genuine_increment,True,polynomial_ridge,199,21060755,28300783,estimated,0.04073581225179998,0.028502888775671816,0.0526440938048258,0.005,True,True
8,genuine_increment,True,polynomial_ridge,499,21060755,28300783,estimated,0.04073581225179998,0.027598168184917064,0.05013649053080456,0.005,True,True
8,genuine_increment,True,polynomial_ridge,999,21060755,28300783,estimated,0.04073581225179998,0.027784022451719532,0.049968534665335705,0.005,True,True
8,genuine_increment,True,polynomial_ridge_interactions,99,21060755,28301792,estimated,0.04139127572549807,0.02834273855855214,0.049613415410621704,0.005,True,True
8,genuine_increment,True,polynomial_ridge_interactions,199,21060755,28301792,estimated,0.04139127572549807,0.028240575485407683,0.05030162484107859,0.005,True,True
8,genuine_increment,True,polynomial_ridge_interactions,499,21060755,28301792,estimated,0.04139127572549807,0.027511346868728227,0.05091339696063113,0.005,True,True
8,genuine_increment,True,polynomial_ridge_interactions,999,21060755,28301792,estimated,0.04139127572549807,0.02736460449745309,0.050360934043605345,0.005,True,True
8,heteroskedastic_null,False,polynomial_ridge,99,21060755,28280769,estimated,-0.001393897528373272,-0.0017339157929751837,0.0024180198711184287,0.185,False,False
8,heteroskedastic_null,False,polynomial_ridge,199,21060755,28280769,estimated,-0.001393897528373272,-0.0018831804718151765,0.0014044813761529263,0.185,False,False
8,heteroskedastic_null,False,polynomial_ridge,499,21060755,28280769,estimated,-0.001393897528373272,-0.0021820094861129792,0.001343011591944938,0.185,False,False
8,heteroskedastic_null,False,polynomial_ridge,999,21060755,28280769,estimated,-0.001393897528373272,-0.0023308898168698006,0.0013867254918838048,0.185,False,False
8,heteroskedastic_null,False,polynomial_ridge_interactions,99,21060755,28281778,estimated,-6.062022192193997e-05,-0.0009289503863042532,0.0006534344479036478,0.18,False,False
8,heteroskedastic_null,False,polynomial_ridge_interactions,199,21060755,28281778,estimated,-6.062022192193997e-05,-0.000971490115049911,0.0007221464626146725,0.18,False,False
8,heteroskedastic_null,False,polynomial_ridge_interactions,499,21060755,28281778,estimated,-6.062022192193997e-05,-0.0010148699453649554,0.0010228625129389524,0.18,False,False
8,heteroskedastic_null,False,polynomial_ridge_interactions,999,21060755,28281778,estimated,-6.062022192193997e-05,-0.0009740750048040745,0.0009410717432289229,0.18,False,False
8,nonlinear_proxy,False,polynomial_ridge,99,21060755,28270762,estimated,0.00016064100418870624,-0.0005856087821897233,0.0011113634274981016,0.99,False,False
8,nonlinear_proxy,False,polynomial_ridge,199,21060755,28270762,estimated,0.00016064100418870624,-0.0007600740235909625,0.000893929154728482,0.99,False,False
8,nonlinear_proxy,False,polynomial_ridge,499,21060755,28270762,estimated,0.00016064100418870624,-0.0007102304183621644,0.001008094154449894,0.99,False,False
8,nonlinear_proxy,False,polynomial_ridge,999,21060755,28270762,estimated,0.00016064100418870624,-0.0006456207129975083,0.0010200319573511472,0.99,False,False
8,nonlinear_proxy,False,polynomial_ridge_interactions,99,21060755,28271771,estimated,1.644754024159381e-05,-0.0001587708397438588,0.001208895703835226,0.18,False,False
8,nonlinear_proxy,False,polynomial_ridge_interactions,199,21060755,28271771,estimated,1.644754024159381e-05,-0.00019253295921894,0.001255160017349733,0.18,False,False
8,nonlinear_proxy,False,polynomial_ridge_interactions,499,21060755,28271771,estimated,1.644754024159381e-05,-0.0002052620846347567,0.0012178152459176804,0.18,False,False
8,nonlinear_proxy,False,polynomial_ridge_interactions,999,21060755,28271771,estimated,1.644754024159381e-05,-0.0002047916793264383,0.0012074100506819217,0.18,False,False
8,null_metric,False,polynomial_ridge,99,21060755,28260755,estimated,-0.002472226962622219,-0.0023222270251578494,0.0011926879873969682,0.35,False,False
8,null_metric,False,polynomial_ridge,199,21060755,28260755,estimated,-0.002472226962622219,-0.002317138919813333,0.0016199274040505974,0.35,False,False
8,null_metric,False,polynomial_ridge,499,21060755,28260755,estimated,-0.002472226962622219,-0.002477388535085294,0.0016382647491303757,0.35,False,False
8,null_metric,False,polynomial_ridge,999,21060755,28260755,estimated,-0.002472226962622219,-0.0025797361738775985,0.0017393172777694444,0.35,False,False
8,null_metric,False,polynomial_ridge_interactions,99,21060755,28261764,estimated,-0.00021343889656118276,-0.0012491392499731728,0.001011056980044252,0.41,False,False
8,null_metric,False,polynomial_ridge_interactions,199,21060755,28261764,estimated,-0.00021343889656118276,-0.0012827537447821188,0.001136868064543873,0.41,False,False
8,null_metric,False,polynomial_ridge_interactions,499,21060755,28261764,estimated,-0.00021343889656118276,-0.0011589486419080548,0.0011014294303679346,0.41,False,False
8,null_metric,False,polynomial_ridge_interactions,999,21060755,28261764,estimated,-0.00021343889656118276,-0.0011722203002415877,0.0010523684060218875,0.41,False,False
9,clustered_null,False,polynomial_ridge,99,21160758,29290779,estimated,-0.001975998820645964,-0.006038323889746201,0.020646134934927007,0.38,False,False
9,clustered_null,False,polynomial_ridge,199,21160758,29290779,estimated,-0.001975998820645964,-0.011191399604630444,0.014387810527000932,0.38,False,False
9,clustered_null,False,polynomial_ridge,499,21160758,29290779,estimated,-0.001975998820645964,-0.011432015878734355,0.012591374842239468,0.38,False,False
9,clustered_null,False,polynomial_ridge,999,21160758,29290779,estimated,-0.001975998820645964,-0.010428678765196672,0.012989259224553218,0.38,False,False
9,clustered_null,False,polynomial_ridge_interactions,99,21160758,29291788,estimated,-0.0010153001337567767,-0.010497743338932743,0.0058988115011064145,0.145,False,False
9,clustered_null,False,polynomial_ridge_interactions,199,21160758,29291788,estimated,-0.0010153001337567767,-0.0066428779428184676,0.009344434099704098,0.145,False,False
9,clustered_null,False,polynomial_ridge_interactions,499,21160758,29291788,estimated,-0.0010153001337567767,-0.008679096343305378,0.009443978806207303,0.145,False,False
9,clustered_null,False,polynomial_ridge_interactions,999,21160758,29291788,estimated,-0.0010153001337567767,-0.008238025508270738,0.009585927650811926,0.145,False,False
9,genuine_increment,True,polynomial_ridge,99,21160758,29300786,estimated,0.05269181649632982,0.042780029075240256,0.058017745375447786,0.005,True,True
9,genuine_increment,True,polynomial_ridge,199,21160758,29300786,estimated,0.05269181649632982,0.041351853450663195,0.05965875817859766,0.005,True,True
9,genuine_increment,True,polynomial_ridge,499,21160758,29300786,estimated,0.05269181649632982,0.040539511776355,0.059384628761993054,0.005,True,True
9,genuine_increment,True,polynomial_ridge,999,21160758,29300786,estimated,0.05269181649632982,0.040230797596186106,0.05928593492531336,0.005,True,True
9,genuine_increment,True,polynomial_ridge_interactions,99,21160758,29301795,estimated,0.052261554243823116,0.03963155294944183,0.05905002858356513,0.005,True,True
9,genuine_increment,True,polynomial_ridge_interactions,199,21160758,29301795,estimated,0.052261554243823116,0.03941280521994629,0.05884293329359039,0.005,True,True
9,genuine_increment,True,polynomial_ridge_interactions,499,21160758,29301795,estimated,0.052261554243823116,0.03907919883733504,0.0585253590748854,0.005,True,True
9,genuine_increment,True,polynomial_ridge_interactions,999,21160758,29301795,estimated,0.052261554243823116,0.038824635904396165,0.05829552776400602,0.005,True,True
9,heteroskedastic_null,False,polynomial_ridge,99,21160758,29280772,estimated,-0.0009135385487482918,-0.001353101104233068,0.0017676468968948426,0.535,False,False
9,heteroskedastic_null,False,polynomial_ridge,199,21160758,29280772,estimated,-0.0009135385487482918,-0.0013929905791191148,0.0018159108392013473,0.535,False,False
9,heteroskedastic_null,False,polynomial_ridge,499,21160758,29280772,estimated,-0.0009135385487482918,-0.0015281659074086692,0.0018793691122252147,0.535,False,False
9,heteroskedastic_null,False,polynomial_ridge,999,21160758,29280772,estimated,-0.0009135385487482918,-0.0014798229520237858,0.0016467762133886984,0.535,False,False
9,heteroskedastic_null,False,polynomial_ridge_interactions,99,21160758,29281781,estimated,-0.00032563456594669575,-0.0005859305142665403,0.0005750005983112154,0.305,False,False
9,heteroskedastic_null,False,polynomial_ridge_interactions,199,21160758,29281781,estimated,-0.00032563456594669575,-0.0007318211933999911,0.0005706014747919055,0.305,False,False
9,heteroskedastic_null,False,polynomial_ridge_interactions,499,21160758,29281781,estimated,-0.00032563456594669575,-0.0008012022592513397,0.0006133743626207138,0.305,False,False
9,heteroskedastic_null,False,polynomial_ridge_interactions,999,21160758,29281781,estimated,-0.00032563456594669575,-0.000823164316121829,0.0005722308154335391,0.305,False,False
9,nonlinear_proxy,False,polynomial_ridge,99,21160758,29270765,estimated,-3.27976012153711e-05,-0.0006751369028193238,0.001453545968035767,0.1,False,False
9,nonlinear_proxy,False,polynomial_ridge,199,21160758,29270765,estimated,-3.27976012153711e-05,-0.0007584825170932467,0.0014082377036779663,0.1,False,False
9,nonlinear_proxy,False,polynomial_ridge,499,21160758,29270765,estimated,-3.27976012153711e-05,-0.0007792224943809055,0.0015015204377684381,0.1,False,False
9,nonlinear_proxy,False,polynomial_ridge,999,21160758,29270765,estimated,-3.27976012153711e-05,-0.0007945440452578208,0.0014334128859831818,0.1,False,False
9,nonlinear_proxy,False,polynomial_ridge_interactions,99,21160758,29271774,estimated,-4.7610105722963383e-05,-0.0005191342732252281,0.0004850792453031558,0.115,False,False
9,nonlinear_proxy,False,polynomial_ridge_interactions,199,21160758,29271774,estimated,-4.7610105722963383e-05,-0.00045290776977678415,0.000497091170135301,0.115,False,False
9,nonlinear_proxy,False,polynomial_ridge_interactions,499,21160758,29271774,estimated,-4.7610105722963383e-05,-0.0004929455605654616,0.0007306163249722708,0.115,False,False
9,nonlinear_proxy,False,polynomial_ridge_interactions,999,21160758,29271774,estimated,-4.7610105722963383e-05,-0.0005553017328614935,0.0006653374242407439,0.115,False,False
9,null_metric,False,polynomial_ridge,99,21160758,29260758,estimated,-0.0031656928847586217,-0.0027152438901761923,0.003049990276170403,0.77,False,False
9,null_metric,False,polynomial_ridge,199,21160758,29260758,estimated,-0.0031656928847586217,-0.0029132367106362673,0.00288335641012261,0.77,False,False
9,null_metric,False,polynomial_ridge,499,21160758,29260758,estimated,-0.0031656928847586217,-0.0031154594457373855,0.0028083701888163815,0.77,False,False
9,null_metric,False,polynomial_ridge,999,21160758,29260758,estimated,-0.0031656928847586217,-0.0032853832750318413,0.0029053173738984883,0.77,False,False
9,null_metric,False,polynomial_ridge_interactions,99,21160758,29261767,estimated,-0.0011426142876030075,-0.0014518359403949486,0.0006541968753823806,0.42,False,False
9,null_metric,False,polynomial_ridge_interactions,199,21160758,29261767,estimated,-0.0011426142876030075,-0.001439864385487845,0.0007373701733051194,0.42,False,False
9,null_metric,False,polynomial_ridge_interactions,499,21160758,29261767,estimated,-0.0011426142876030075,-0.001628496224908446,0.0009794189946561386,0.42,False,False
9,null_metric,False,polynomial_ridge_interactions,999,21160758,29261767,estimated,-0.0011426142876030075,-0.0017907924201092614,0.0009815939347508776,0.42,False,False
10,clustered_null,False,polynomial_ridge,99,21260761,30290782,estimated,-6.833669933286289e-05,-0.005315585986680869,0.007677976810407001,0.355,False,False
10,clustered_null,False,polynomial_ridge,199,21260761,30290782,estimated,-6.833669933286289e-05,-0.008310637898060854,0.006326965275823842,0.355,False,False
10,clustered_null,False,polynomial_ridge,499,21260761,30290782,estimated,-6.833669933286289e-05,-0.005013243957558791,0.00960057045598176,0.355,False,False
10,clustered_null,False,polynomial_ridge,999,21260761,30290782,estimated,-6.833669933286289e-05,-0.006445047727386832,0.009554998202178004,0.355,False,False
10,clustered_null,False,polynomial_ridge_interactions,99,21260761,30291791,estimated,-0.0017928582098239686,-0.005175024993704865,0.003471803142547215,0.92,False,False
10,clustered_null,False,polynomial_ridge_interactions,199,21260761,30291791,estimated,-0.0017928582098239686,-0.0059374773964466394,0.0033964619908610568,0.92,False,False
10,clustered_null,False,polynomial_ridge_interactions,499,21260761,30291791,estimated,-0.0017928582098239686,-0.006081255059646671,0.0038709888744311743,0.92,False,False
10,clustered_null,False,polynomial_ridge_interactions,999,21260761,30291791,estimated,-0.0017928582098239686,-0.006264906539857469,0.004080732642465866,0.92,False,False
10,genuine_increment,True,polynomial_ridge,99,21260761,30300789,estimated,0.04080379448411539,0.033379074132052225,0.0522251247502629,0.005,True,True
10,genuine_increment,True,polynomial_ridge,199,21260761,30300789,estimated,0.04080379448411539,0.03302145154338677,0.052837939180868806,0.005,True,True
10,genuine_increment,True,polynomial_ridge,499,21260761,30300789,estimated,0.04080379448411539,0.032664649238139325,0.052763549342269234,0.005,True,True
10,genuine_increment,True,polynomial_ridge,999,21260761,30300789,estimated,0.04080379448411539,0.0325685709770437,0.052846001059092505,0.005,True,True
10,genuine_increment,True,polynomial_ridge_interactions,99,21260761,30301798,estimated,0.043387472306509946,0.031835843014767155,0.05310511294758687,0.005,True,True
10,genuine_increment,True,polynomial_ridge_interactions,199,21260761,30301798,estimated,0.043387472306509946,0.031016055325558227,0.05320177616658885,0.005,True,True
10,genuine_increment,True,polynomial_ridge_interactions,499,21260761,30301798,estimated,0.043387472306509946,0.0313239078216859,0.053658424941589795,0.005,True,True
10,genuine_increment,True,polynomial_ridge_interactions,999,21260761,30301798,estimated,0.043387472306509946,0.030975170985064908,0.05336198249223542,0.005,True,True
10,heteroskedastic_null,False,polynomial_ridge,99,21260761,30280775,estimated,4.4888651004685795e-05,-0.0005607009887122893,0.0013284189050002382,0.01,False,False
10,heteroskedastic_null,False,polynomial_ridge,199,21260761,30280775,estimated,4.4888651004685795e-05,-0.0005731076334839001,0.0012440133329992724,0.01,False,False
10,heteroskedastic_null,False,polynomial_ridge,499,21260761,30280775,estimated,4.4888651004685795e-05,-0.0005985118966658053,0.0013796364364043944,0.01,False,False
10,heteroskedastic_null,False,polynomial_ridge,999,21260761,30280775,estimated,4.4888651004685795e-05,-0.0006163336111098572,0.0014090257531690798,0.01,False,False
10,heteroskedastic_null,False,polynomial_ridge_interactions,99,21260761,30281784,estimated,-1.342515804257649e-05,-0.0003770498476192025,0.001002221360444755,0.005,False,False
10,heteroskedastic_null,False,polynomial_ridge_interactions,199,21260761,30281784,estimated,-1.342515804257649e-05,-0.0003751839447133325,0.0009599410678848698,0.005,False,False
10,heteroskedastic_null,False,polynomial_ridge_interactions,499,21260761,30281784,estimated,-1.342515804257649e-05,-0.00039595586969683714,0.0008868850345959889,0.005,False,False
10,heteroskedastic_null,False,polynomial_ridge_interactions,999,21260761,30281784,estimated,-1.342515804257649e-05,-0.00039662575235280793,0.0008343114586418539,0.005,False,False
10,nonlinear_proxy,False,polynomial_ridge,99,21260761,30270768,estimated,-0.0004373422115012118,-0.0005918405208744795,0.0009421517691342973,0.365,False,False
10,nonlinear_proxy,False,polynomial_ridge,199,21260761,30270768,estimated,-0.0004373422115012118,-0.000596846907335519,0.0009600098729131363,0.365,False,False
10,nonlinear_proxy,False,polynomial_ridge,499,21260761,30270768,estimated,-0.0004373422115012118,-0.0007120369933836019,0.0009704782408118014,0.365,False,False
10,nonlinear_proxy,False,polynomial_ridge,999,21260761,30270768,estimated,-0.0004373422115012118,-0.0006799603258368347,0.0009600098729131361,0.365,False,False
10,nonlinear_proxy,False,polynomial_ridge_interactions,99,21260761,30271777,estimated,-0.00014081809093628196,-0.0002871996615876998,0.0009531315791276194,0.8,False,False
10,nonlinear_proxy,False,polynomial_ridge_interactions,199,21260761,30271777,estimated,-0.00014081809093628196,-0.0003427347226608773,0.0008220161153338742,0.8,False,False
10,nonlinear_proxy,False,polynomial_ridge_interactions,499,21260761,30271777,estimated,-0.00014081809093628196,-0.0004071504865218834,0.0009430710064356979,0.8,False,False
10,nonlinear_proxy,False,polynomial_ridge_interactions,999,21260761,30271777,estimated,-0.00014081809093628196,-0.0004016425044340954,0.0009074275508674282,0.8,False,False
10,null_metric,False,polynomial_ridge,99,21260761,30260761,estimated,0.0006141802875975384,-0.002307374641338774,0.0030412928296125958,0.78,False,False
10,null_metric,False,polynomial_ridge,199,21260761,30260761,estimated,0.0006141802875975384,-0.0025919621488031033,0.0034419190940865774,0.78,False,False
10,null_metric,False,polynomial_ridge,499,21260761,30260761,estimated,0.0006141802875975384,-0.0025766467286644553,0.0031473763680908142,0.78,False,False
10,null_metric,False,polynomial_ridge,999,21260761,30260761,estimated,0.0006141802875975384,-0.0026247962760297034,0.003576153108318041,0.78,False,False
10,null_metric,False,polynomial_ridge_interactions,99,21260761,30261770,estimated,-0.00040120880866741787,-0.0019321679808221724,0.0010203925954841197,0.8,False,False
10,null_metric,False,polynomial_ridge_interactions,199,21260761,30261770,estimated,-0.00040120880866741787,-0.0017930283202251683,0.0011348922315639921,0.8,False,False
10,null_metric,False,polynomial_ridge_interactions,499,21260761,30261770,estimated,-0.00040120880866741787,-0.0019079825450061757,0.0009119257537544179,0.8,False,False
10,null_metric,False,polynomial_ridge_interactions,999,21260761,30261770,estimated,-0.00040120880866741787,-0.001916333236863404,0.0009119724938070712,0.8,False,False
11,clustered_null,False,polynomial_ridge,99,21360764,31290785,estimated,-0.006621381487622549,-0.025137641491478006,0.005797819549921608,0.94,False,False
11,clustered_null,False,polynomial_ridge,199,21360764,31290785,estimated,-0.006621381487622549,-0.022199519203352062,0.008031016096546306,0.94,False,False
11,clustered_null,False,polynomial_ridge,499,21360764,31290785,estimated,-0.006621381487622549,-0.014828002002310098,0.007599502081875302,0.94,False,False
11,clustered_null,False,polynomial_ridge,999,21360764,31290785,estimated,-0.006621381487622549,-0.013993991865915264,0.008105897384359698,0.94,False,False
11,clustered_null,False,polynomial_ridge_interactions,99,21360764,31291794,estimated,-0.0023974357717498618,-0.01386118574368207,0.010164928112928111,0.25,False,False
11,clustered_null,False,polynomial_ridge_interactions,199,21360764,31291794,estimated,-0.0023974357717498618,-0.01438622022139428,0.009748733608357757,0.25,False,False
11,clustered_null,False,polynomial_ridge_interactions,499,21360764,31291794,estimated,-0.0023974357717498618,-0.012890737498903751,0.008100127102994114,0.25,False,False
11,clustered_null,False,polynomial_ridge_interactions,999,21360764,31291794,estimated,-0.0023974357717498618,-0.01381524015361612,0.007987209985470325,0.25,False,False
11,genuine_increment,True,polynomial_ridge,99,21360764,31300792,estimated,0.04818844338465875,0.03599428420773297,0.05327112532638405,0.005,True,True
11,genuine_increment,True,polynomial_ridge,199,21360764,31300792,estimated,0.04818844338465875,0.034698831069310314,0.054680544171993535,0.005,True,True
11,genuine_increment,True,polynomial_ridge,499,21360764,31300792,estimated,0.04818844338465875,0.034131789362049754,0.05598013974712523,0.005,True,True
11,genuine_increment,True,polynomial_ridge,999,21360764,31300792,estimated,0.04818844338465875,0.03414841235444024,0.0558205660107194,0.005,True,True
11,genuine_increment,True,polynomial_ridge_interactions,99,21360764,31301801,estimated,0.04783557783858286,0.03512307442328627,0.05425584749952214,0.005,True,True
11,genuine_increment,True,polynomial_ridge_interactions,199,21360764,31301801,estimated,0.04783557783858286,0.03372611149681815,0.05417143402982245,0.005,True,True
11,genuine_increment,True,polynomial_ridge_interactions,499,21360764,31301801,estimated,0.04783557783858286,0.03405483204292031,0.054426253294040924,0.005,True,True
11,genuine_increment,True,polynomial_ridge_interactions,999,21360764,31301801,estimated,0.04783557783858286,0.034328313423685856,0.055035043557795094,0.005,True,True
11,heteroskedastic_null,False,polynomial_ridge,99,21360764,31280778,estimated,0.00017383460260111082,-0.0014709006110282395,0.0022236577438284953,0.375,False,False
11,heteroskedastic_null,False,polynomial_ridge,199,21360764,31280778,estimated,0.00017383460260111082,-0.0014624497658159382,0.001894300780380498,0.375,False,False
11,heteroskedastic_null,False,polynomial_ridge,499,21360764,31280778,estimated,0.00017383460260111082,-0.0014805237230019056,0.0016523432862849707,0.375,False,False
11,heteroskedastic_null,False,polynomial_ridge,999,21360764,31280778,estimated,0.00017383460260111082,-0.001344536318995036,0.001699744229382021,0.375,False,False
11,heteroskedastic_null,False,polynomial_ridge_interactions,99,21360764,31281787,estimated,-3.9501022836336067e-05,-0.00048319265877113667,0.0005902820957285521,0.625,False,False
11,heteroskedastic_null,False,polynomial_ridge_interactions,199,21360764,31281787,estimated,-3.9501022836336067e-05,-0.0004898598738501353,0.0005283019942437806,0.625,False,False
11,heteroskedastic_null,False,polynomial_ridge_interactions,499,21360764,31281787,estimated,-3.9501022836336067e-05,-0.0005160650033545123,0.000575863689165184,0.625,False,False
11,heteroskedastic_null,False,polynomial_ridge_interactions,999,21360764,31281787,estimated,-3.9501022836336067e-05,-0.0005955496994573966,0.0005843078358759065,0.625,False,False
11,nonlinear_proxy,False,polynomial_ridge,99,21360764,31270771,estimated,-0.0005164607726658712,-0.0006832925550099185,0.0013606535824569378,0.795,False,False
11,nonlinear_proxy,False,polynomial_ridge,199,21360764,31270771,estimated,-0.0005164607726658712,-0.0006879229108077196,0.0014799431389950545,0.795,False,False
11,nonlinear_proxy,False,polynomial_ridge,499,21360764,31270771,estimated,-0.0005164607726658712,-0.0009324611805881285,0.001450245282975467,0.795,False,False
11,nonlinear_proxy,False,polynomial_ridge,999,21360764,31270771,estimated,-0.0005164607726658712,-0.0009808868550442206,0.001507318616712584,0.795,False,False
11,nonlinear_proxy,False,polynomial_ridge_interactions,99,21360764,31271780,estimated,-0.0003506654830163665,-0.0005510430469723303,0.0014373496465212943,0.38,False,False
11,nonlinear_proxy,False,polynomial_ridge_interactions,199,21360764,31271780,estimated,-0.0003506654830163665,-0.0005751024868607314,0.0013395947598944542,0.38,False,False
11,nonlinear_proxy,False,polynomial_ridge_interactions,499,21360764,31271780,estimated,-0.0003506654830163665,-0.0006240737537644629,0.001306123279168256,0.38,False,False
11,nonlinear_proxy,False,polynomial_ridge_interactions,999,21360764,31271780,estimated,-0.0003506654830163665,-0.0006287006361863493,0.001225729099342934,0.38,False,False
11,null_metric,False,polynomial_ridge,99,21360764,31260764,estimated,-3.8032583697035494e-05,-0.002618003281518838,0.0023568483196834567,0.225,False,False
11,null_metric,False,polynomial_ridge,199,21360764,31260764,estimated,-3.8032583697035494e-05,-0.002557178758974052,0.00257304219970133,0.225,False,False
11,null_metric,False,polynomial_ridge,499,21360764,31260764,estimated,-3.8032583697035494e-05,-0.002586774556039084,0.0029347629674090175,0.225,False,False
11,null_metric,False,polynomial_ridge,999,21360764,31260764,estimated,-3.8032583697035494e-05,-0.0024649494564977733,0.0034423356256491518,0.225,False,False
11,null_metric,False,polynomial_ridge_interactions,99,21360764,31261773,estimated,-0.0004226872277166456,-0.0013059339646787603,0.0010741305999785909,0.21,False,False
11,null_metric,False,polynomial_ridge_interactions,199,21360764,31261773,estimated,-0.0004226872277166456,-0.0013414533160294969,0.0012003408792842158,0.21,False,False
11,null_metric,False,polynomial_ridge_interactions,499,21360764,31261773,estimated,-0.0004226872277166456,-0.0012990928598858604,0.00125556152593272,0.21,False,False
11,null_metric,False,polynomial_ridge_interactions,999,21360764,31261773,estimated,-0.0004226872277166456,-0.001268526210502709,0.00130364807620208,0.21,False,False
12,clustered_null,False,polynomial_ridge,99,21460767,32290788,estimated,-0.004096505806718807,-0.014790039882900518,0.010543372785238708,0.14,False,False
12,clustered_null,False,polynomial_ridge,199,21460767,32290788,estimated,-0.004096505806718807,-0.011564356393515066,0.011655157064355727,0.14,False,False
12,clustered_null,False,polynomial_ridge,499,21460767,32290788,estimated,-0.004096505806718807,-0.012892288270754086,0.011248063386566379,0.14,False,False
12,clustered_null,False,polynomial_ridge,999,21460767,32290788,estimated,-0.004096505806718807,-0.015207660045546417,0.011094812569670666,0.14,False,False
12,clustered_null,False,polynomial_ridge_interactions,99,21460767,32291797,estimated,-0.0053211390155371505,-0.010706441820578587,0.017126092900992,0.29,False,False
12,clustered_null,False,polynomial_ridge_interactions,199,21460767,32291797,estimated,-0.0053211390155371505,-0.010008258833473052,0.015255302773111568,0.29,False,False
12,clustered_null,False,polynomial_ridge_interactions,499,21460767,32291797,estimated,-0.0053211390155371505,-0.011924866912508492,0.015310562876583608,0.29,False,False
12,clustered_null,False,polynomial_ridge_interactions,999,21460767,32291797,estimated,-0.0053211390155371505,-0.013051003663826334,0.012384199323285086,0.29,False,False
12,genuine_increment,True,polynomial_ridge,99,21460767,32300795,estimated,0.033224944930667424,0.022864757354398968,0.04139914084867544,0.005,True,True
12,genuine_increment,True,polynomial_ridge,199,21460767,32300795,estimated,0.033224944930667424,0.023322787936965215,0.04340747669123089,0.005,True,True
12,genuine_increment,True,polynomial_ridge,499,21460767,32300795,estimated,0.033224944930667424,0.02343977359895018,0.04351893273208514,0.005,True,True
12,genuine_increment,True,polynomial_ridge,999,21460767,32300795,estimated,0.033224944930667424,0.023634975170184678,0.04340015564707288,0.005,True,True
12,genuine_increment,True,polynomial_ridge_interactions,99,21460767,32301804,estimated,0.034233169919598655,0.024036757894335292,0.04339439770691683,0.005,True,True
12,genuine_increment,True,polynomial_ridge_interactions,199,21460767,32301804,estimated,0.034233169919598655,0.023873958603166004,0.04406459200273643,0.005,True,True
12,genuine_increment,True,polynomial_ridge_interactions,499,21460767,32301804,estimated,0.034233169919598655,0.02359487152715452,0.04310385662635753,0.005,True,True
12,genuine_increment,True,polynomial_ridge_interactions,999,21460767,32301804,estimated,0.034233169919598655,0.02358212290584786,0.04318707280813576,0.005,True,True
12,heteroskedastic_null,False,polynomial_ridge,99,21460767,32280781,estimated,-0.0004427777967079237,-0.001184596127545901,0.0013724560215483685,0.73,False,False
12,heteroskedastic_null,False,polynomial_ridge,199,21460767,32280781,estimated,-0.0004427777967079237,-0.001341756407745786,0.0013814983302457796,0.73,False,False
12,heteroskedastic_null,False,polynomial_ridge,499,21460767,32280781,estimated,-0.0004427777967079237,-0.0013793968521053786,0.0013867107484505016,0.73,False,False
12,heteroskedastic_null,False,polynomial_ridge,999,21460767,32280781,estimated,-0.0004427777967079237,-0.001368670740916017,0.0014919744954894382,0.73,False,False
12,heteroskedastic_null,False,polynomial_ridge_interactions,99,21460767,32281790,estimated,-0.00014361167183573297,-0.0005766925293440774,0.00039044284666506994,0.905,False,False
12,heteroskedastic_null,False,polynomial_ridge_interactions,199,21460767,32281790,estimated,-0.00014361167183573297,-0.0005514353795868874,0.00029454262237538947,0.905,False,False
12,heteroskedastic_null,False,polynomial_ridge_interactions,499,21460767,32281790,estimated,-0.00014361167183573297,-0.0006027401647704328,0.0003293631238974889,0.905,False,False
12,heteroskedastic_null,False,polynomial_ridge_interactions,999,21460767,32281790,estimated,-0.00014361167183573297,-0.0006034079410427985,0.0003310463330151442,0.905,False,False
12,nonlinear_proxy,False,polynomial_ridge,99,21460767,32270774,estimated,0.0002035375203964648,-0.00023081334032994103,0.001754344623764809,0.12,False,False
12,nonlinear_proxy,False,polynomial_ridge,199,21460767,32270774,estimated,0.0002035375203964648,-0.0002285425028689122,0.0018922754307597145,0.12,False,False
12,nonlinear_proxy,False,polynomial_ridge,499,21460767,32270774,estimated,0.0002035375203964648,-0.00025372087032340024,0.001870035160665586,0.12,False,False
12,nonlinear_proxy,False,polynomial_ridge,999,21460767,32270774,estimated,0.0002035375203964648,-0.0002650453844879981,0.0019222208195902475,0.12,False,False
12,nonlinear_proxy,False,polynomial_ridge_interactions,99,21460767,32271783,estimated,1.5250542561439859e-05,-0.0002048972067198992,0.00125026148058212,0.315,False,False
12,nonlinear_proxy,False,polynomial_ridge_interactions,199,21460767,32271783,estimated,1.5250542561439859e-05,-0.0002355119946960211,0.0011975782023729475,0.315,False,False
12,nonlinear_proxy,False,polynomial_ridge_interactions,499,21460767,32271783,estimated,1.5250542561439859e-05,-0.00025500484979576124,0.0012683577646863688,0.315,False,False
12,nonlinear_proxy,False,polynomial_ridge_interactions,999,21460767,32271783,estimated,1.5250542561439859e-05,-0.00026362684889822086,0.0011927233547545286,0.315,False,False
12,null_metric,False,polynomial_ridge,99,21460767,32260767,estimated,-0.0018725731810171793,-0.00452451542657644,0.002672695266390699,0.875,False,False
12,null_metric,False,polynomial_ridge,199,21460767,32260767,estimated,-0.0018725731810171793,-0.004688435621952223,0.002731931044795879,0.875,False,False
12,null_metric,False,polynomial_ridge,499,21460767,32260767,estimated,-0.0018725731810171793,-0.004447580628279152,0.0023196547282776227,0.875,False,False
12,null_metric,False,polynomial_ridge,999,21460767,32260767,estimated,-0.0018725731810171793,-0.004912078817912577,0.0023916354432049576,0.875,False,False
12,null_metric,False,polynomial_ridge_interactions,99,21460767,32261776,estimated,-0.0012077348393506118,-0.0019915295614350782,0.0014603025827372692,0.895,False,False
12,null_metric,False,polynomial_ridge_interactions,199,21460767,32261776,estimated,-0.0012077348393506118,-0.0018662765934149034,0.0011464662549578906,0.895,False,False
12,null_metric,False,polynomial_ridge_interactions,499,21460767,32261776,estimated,-0.0012077348393506118,-0.001756160861822347,0.0014800787184056955,0.895,False,False
12,null_metric,False,polynomial_ridge_interactions,999,21460767,32261776,estimated,-0.0012077348393506118,-0.0017513907947254756,0.001171998167020381,0.895,False,False
13,clustered_null,False,polynomial_ridge,99,21560770,33290791,estimated,-0.006491715944470951,-0.012647227387259603,0.011566110732805985,0.73,False,False
13,clustered_null,False,polynomial_ridge,199,21560770,33290791,estimated,-0.006491715944470951,-0.011636267598235855,0.008150357856868946,0.73,False,False
13,clustered_null,False,polynomial_ridge,499,21560770,33290791,estimated,-0.006491715944470951,-0.01397109320929001,0.011527738683301132,0.73,False,False
13,clustered_null,False,polynomial_ridge,999,21560770,33290791,estimated,-0.006491715944470951,-0.015260590475137637,0.009910119608424337,0.73,False,False
13,clustered_null,False,polynomial_ridge_interactions,99,21560770,33291800,estimated,-0.001575180671765982,-0.01145029606846599,0.007428001481561026,0.915,False,False
13,clustered_null,False,polynomial_ridge_interactions,199,21560770,33291800,estimated,-0.001575180671765982,-0.013388133637713635,0.007447081512020088,0.915,False,False
13,clustered_null,False,polynomial_ridge_interactions,499,21560770,33291800,estimated,-0.001575180671765982,-0.014550995239261531,0.009095624778819346,0.915,False,False
13,clustered_null,False,polynomial_ridge_interactions,999,21560770,33291800,estimated,-0.001575180671765982,-0.013332137340100777,0.008911332342756505,0.915,False,False
13,genuine_increment,True,polynomial_ridge,99,21560770,33300798,estimated,0.035657078245157584,0.02820506809660337,0.04489546830437037,0.005,True,True
13,genuine_increment,True,polynomial_ridge,199,21560770,33300798,estimated,0.035657078245157584,0.027370068404766405,0.04535684379436961,0.005,True,True
13,genuine_increment,True,polynomial_ridge,499,21560770,33300798,estimated,0.035657078245157584,0.026630473695102307,0.04560380012882771,0.005,True,True
13,genuine_increment,True,polynomial_ridge,999,21560770,33300798,estimated,0.035657078245157584,0.026695980102085546,0.04602568354053948,0.005,True,True
13,genuine_increment,True,polynomial_ridge_interactions,99,21560770,33301807,estimated,0.03730305652885367,0.02672987893003202,0.045126357631761656,0.005,True,True
13,genuine_increment,True,polynomial_ridge_interactions,199,21560770,33301807,estimated,0.03730305652885367,0.026779935581675154,0.046117377747806984,0.005,True,True
13,genuine_increment,True,polynomial_ridge_interactions,499,21560770,33301807,estimated,0.03730305652885367,0.027387570924957486,0.046104493325903946,0.005,True,True
13,genuine_increment,True,polynomial_ridge_interactions,999,21560770,33301807,estimated,0.03730305652885367,0.027450670038408054,0.046117377747806984,0.005,True,True
13,heteroskedastic_null,False,polynomial_ridge,99,21560770,33280784,estimated,-0.0009575131800035035,-0.00118588658735121,0.0006348703170123014,0.915,False,False
13,heteroskedastic_null,False,polynomial_ridge,199,21560770,33280784,estimated,-0.0009575131800035035,-0.0014345478308132498,0.0007003089518915553,0.915,False,False
13,heteroskedastic_null,False,polynomial_ridge,499,21560770,33280784,estimated,-0.0009575131800035035,-0.0016571274223272376,0.0005524703253356895,0.915,False,False
13,heteroskedastic_null,False,polynomial_ridge,999,21560770,33280784,estimated,-0.0009575131800035035,-0.00164964151807883,0.0005877273654420516,0.915,False,False
13,heteroskedastic_null,False,polynomial_ridge_interactions,99,21560770,33281793,estimated,-8.652208975894714e-05,-0.0006132486242178079,0.00016894780481318945,0.945,False,False
13,heteroskedastic_null,False,polynomial_ridge_interactions,199,21560770,33281793,estimated,-8.652208975894714e-05,-0.000671330220548831,0.00023637885594079524,0.945,False,False
13,heteroskedastic_null,False,polynomial_ridge_interactions,499,21560770,33281793,estimated,-8.652208975894714e-05,-0.000641507167777794,0.0002842458656645778,0.945,False,False
13,heteroskedastic_null,False,polynomial_ridge_interactions,999,21560770,33281793,estimated,-8.652208975894714e-05,-0.0005761886933797473,0.0003153640053147148,0.945,False,False
13,nonlinear_proxy,False,polynomial_ridge,99,21560770,33270777,estimated,0.0005068895362902309,-0.0006006726867025214,0.0031639894958266513,0.115,False,False
13,nonlinear_proxy,False,polynomial_ridge,199,21560770,33270777,estimated,0.0005068895362902309,-0.0005833823359497017,0.0028116597591754714,0.115,False,False
13,nonlinear_proxy,False,polynomial_ridge,499,21560770,33270777,estimated,0.0005068895362902309,-0.0007123205247702789,0.0027986942340009727,0.115,False,False
13,nonlinear_proxy,False,polynomial_ridge,999,21560770,33270777,estimated,0.0005068895362902309,-0.0008570020931368057,0.0026631970284228313,0.115,False,False
13,nonlinear_proxy,False,polynomial_ridge_interactions,99,21560770,33271786,estimated,-0.00039087897847932956,-0.0007775351486532263,0.001621851838890482,0.035,False,False
13,nonlinear_proxy,False,polynomial_ridge_interactions,199,21560770,33271786,estimated,-0.00039087897847932956,-0.0006376727259100409,0.0015766424970396005,0.035,False,False
13,nonlinear_proxy,False,polynomial_ridge_interactions,499,21560770,33271786,estimated,-0.00039087897847932956,-0.0007308713188362477,0.0015611784219997991,0.035,False,False
13,nonlinear_proxy,False,polynomial_ridge_interactions,999,21560770,33271786,estimated,-0.00039087897847932956,-0.0007371984519596052,0.0014841900312398185,0.035,False,False
13,null_metric,False,polynomial_ridge,99,21560770,33260770,estimated,-0.0017751088244683244,-0.0014668740982419022,0.0013823139669068318,0.805,False,False
13,null_metric,False,polynomial_ridge,199,21560770,33260770,estimated,-0.0017751088244683244,-0.001607808624698877,0.0015320390807776192,0.805,False,False
13,null_metric,False,polynomial_ridge,499,21560770,33260770,estimated,-0.0017751088244683244,-0.001763942928749714,0.0016030804032037742,0.805,False,False
13,null_metric,False,polynomial_ridge,999,21560770,33260770,estimated,-0.0017751088244683244,-0.0018512803225121874,0.0016777452664957972,0.805,False,False
13,null_metric,False,polynomial_ridge_interactions,99,21560770,33261779,estimated,-0.00044053804063204013,-0.0010654261601173896,0.0005819726516239654,0.91,False,False
13,null_metric,False,polynomial_ridge_interactions,199,21560770,33261779,estimated,-0.00044053804063204013,-0.0008820353873180946,0.00050098264695778,0.91,False,False
13,null_metric,False,polynomial_ridge_interactions,499,21560770,33261779,estimated,-0.00044053804063204013,-0.0010493669035713544,0.0004151730446237772,0.91,False,False
13,null_metric,False,polynomial_ridge_interactions,999,21560770,33261779,estimated,-0.00044053804063204013,-0.0010385089160166673,0.0004859255586943143,0.91,False,False
14,clustered_null,False,polynomial_ridge,99,21660773,34290794,estimated,-0.00378242335445619,-0.01409977047346637,0.010204390626428153,0.89,False,False
14,clustered_null,False,polynomial_ridge,199,21660773,34290794,estimated,-0.00378242335445619,-0.015281980394557628,0.00921380782271064,0.89,False,False
14,clustered_null,False,polynomial_ridge,499,21660773,34290794,estimated,-0.00378242335445619,-0.01409977047346637,0.008545518117734675,0.89,False,False
14,clustered_null,False,polynomial_ridge,999,21660773,34290794,estimated,-0.00378242335445619,-0.01438657759703402,0.010401919473130437,0.89,False,False
14,clustered_null,False,polynomial_ridge_interactions,99,21660773,34291803,estimated,-0.0018143302898721257,-0.008345164802874292,0.007733629091367475,0.815,False,False
14,clustered_null,False,polynomial_ridge_interactions,199,21660773,34291803,estimated,-0.0018143302898721257,-0.007690231373667333,0.009575118443788442,0.815,False,False
14,clustered_null,False,polynomial_ridge_interactions,499,21660773,34291803,estimated,-0.0018143302898721257,-0.009242243783712962,0.008786973314474705,0.815,False,False
14,clustered_null,False,polynomial_ridge_interactions,999,21660773,34291803,estimated,-0.0018143302898721257,-0.009510278634713825,0.008960619164129862,0.815,False,False
14,genuine_increment,True,polynomial_ridge,99,21660773,34300801,estimated,0.04472672338474349,0.03155628000012294,0.05491410424221545,0.005,True,True
14,genuine_increment,True,polynomial_ridge,199,21660773,34300801,estimated,0.04472672338474349,0.030180207944399105,0.05569603100198031,0.005,True,True
14,genuine_increment,True,polynomial_ridge,499,21660773,34300801,estimated,0.04472672338474349,0.030694419861840308,0.05548211657476391,0.005,True,True
14,genuine_increment,True,polynomial_ridge,999,21660773,34300801,estimated,0.04472672338474349,0.030697774385780745,0.0560177642195528,0.005,True,True
14,genuine_increment,True,polynomial_ridge_interactions,99,21660773,34301810,estimated,0.041202077378790045,0.032792770844004004,0.05178979265127373,0.005,True,True
14,genuine_increment,True,polynomial_ridge_interactions,199,21660773,34301810,estimated,0.041202077378790045,0.03266811329350479,0.051606854559265086,0.005,True,True
14,genuine_increment,True,polynomial_ridge_interactions,499,21660773,34301810,estimated,0.041202077378790045,0.029759397763659365,0.05420175700283699,0.005,True,True
14,genuine_increment,True,polynomial_ridge_interactions,999,21660773,34301810,estimated,0.041202077378790045,0.029565589656844478,0.05401785352966628,0.005,True,True
14,heteroskedastic_null,False,polynomial_ridge,99,21660773,34280787,estimated,-0.0010421508786745944,-0.0008301459680519027,0.0013618794354046191,0.57,False,False
14,heteroskedastic_null,False,polynomial_ridge,199,21660773,34280787,estimated,-0.0010421508786745944,-0.0008746413851227293,0.0014125119237861697,0.57,False,False
14,heteroskedastic_null,False,polynomial_ridge,499,21660773,34280787,estimated,-0.0010421508786745944,-0.0010768370318401579,0.0014128097572265934,0.57,False,False
14,heteroskedastic_null,False,polynomial_ridge,999,21660773,34280787,estimated,-0.0010421508786745944,-0.0011958365223310873,0.001402845655124718,0.57,False,False
14,heteroskedastic_null,False,polynomial_ridge_interactions,99,21660773,34281796,estimated,-0.00036736455158403215,-0.0004149806356967955,0.0005394908362802928,0.545,False,False
14,heteroskedastic_null,False,polynomial_ridge_interactions,199,21660773,34281796,estimated,-0.00036736455158403215,-0.00039417871874851087,0.0005117472801881193,0.545,False,False
14,heteroskedastic_null,False,polynomial_ridge_interactions,499,21660773,34281796,estimated,-0.00036736455158403215,-0.00044225211026435675,0.0005973426782716318,0.545,False,False
14,heteroskedastic_null,False,polynomial_ridge_interactions,999,21660773,34281796,estimated,-0.00036736455158403215,-0.0004819975153349953,0.0005938819192000476,0.545,False,False
14,nonlinear_proxy,False,polynomial_ridge,99,21660773,34270780,estimated,-0.0002105445024414782,-0.000218293623959702,0.001391838325592497,0.235,False,False
14,nonlinear_proxy,False,polynomial_ridge,199,21660773,34270780,estimated,-0.0002105445024414782,-0.00027457784323622815,0.0017450496294608494,0.235,False,False
14,nonlinear_proxy,False,polynomial_ridge,499,21660773,34270780,estimated,-0.0002105445024414782,-0.000289284379158459,0.0013506218883229226,0.235,False,False
14,nonlinear_proxy,False,polynomial_ridge,999,21660773,34270780,estimated,-0.0002105445024414782,-0.0003213411507109408,0.001366486333443722,0.235,False,False
14,nonlinear_proxy,False,polynomial_ridge_interactions,99,21660773,34271789,estimated,-3.385345683715613e-05,-0.00032090451843487706,0.0009443222875188677,0.315,False,False
14,nonlinear_proxy,False,polynomial_ridge_interactions,199,21660773,34271789,estimated,-3.385345683715613e-05,-0.0004639188140838639,0.0010328647674519233,0.315,False,False
14,nonlinear_proxy,False,polynomial_ridge_interactions,499,21660773,34271789,estimated,-3.385345683715613e-05,-0.0003680665394935756,0.0009990672717060094,0.315,False,False
14,nonlinear_proxy,False,polynomial_ridge_interactions,999,21660773,34271789,estimated,-3.385345683715613e-05,-0.0003298081337844706,0.0009801734105782433,0.315,False,False
14,null_metric,False,polynomial_ridge,99,21660773,34260773,estimated,0.00033244495883688954,-0.002258094125186399,0.0024311268356042976,0.315,False,False
14,null_metric,False,polynomial_ridge,199,21660773,34260773,estimated,0.00033244495883688954,-0.0024249103474784086,0.002749917488517916,0.315,False,False
14,null_metric,False,polynomial_ridge,499,21660773,34260773,estimated,0.00033244495883688954,-0.0024214462432632644,0.002797375489216795,0.315,False,False
14,null_metric,False,polynomial_ridge,999,21660773,34260773,estimated,0.00033244495883688954,-0.002412676697257623,0.0027781705451466352,0.315,False,False
14,null_metric,False,polynomial_ridge_interactions,99,21660773,34261782,estimated,-0.0003911004788537259,-0.0009069871617097868,0.0009715709826949222,0.495,False,False
14,null_metric,False,polynomial_ridge_interactions,199,21660773,34261782,estimated,-0.0003911004788537259,-0.0009234123364372827,0.0010018181516753862,0.495,False,False
14,null_metric,False,polynomial_ridge_interactions,499,21660773,34261782,estimated,-0.0003911004788537259,-0.0012051034420958932,0.0009326002989920038,0.495,False,False
14,null_metric,False,polynomial_ridge_interactions,999,21660773,34261782,estimated,-0.0003911004788537259,-0.001252876983531785,0.0009067587494025172,0.495,False,False
15,clustered_null,False,polynomial_ridge,99,21760776,35290797,estimated,-0.002542866851681251,-0.01829479794646749,0.005268252579229376,0.58,False,False
15,clustered_null,False,polynomial_ridge,199,21760776,35290797,estimated,-0.002542866851681251,-0.011739060933410112,0.005936754828535221,0.58,False,False
15,clustered_null,False,polynomial_ridge,499,21760776,35290797,estimated,-0.002542866851681251,-0.013748323067383399,0.005985809947699942,0.58,False,False
15,clustered_null,False,polynomial_ridge,999,21760776,35290797,estimated,-0.002542866851681251,-0.01136319069156307,0.007660783182005798,0.58,False,False
15,clustered_null,False,polynomial_ridge_interactions,99,21760776,35291806,estimated,-0.0018474967689883649,-0.006665797302920398,0.004235370774911824,0.265,False,False
15,clustered_null,False,polynomial_ridge_interactions,199,21760776,35291806,estimated,-0.0018474967689883649,-0.010244778784470578,0.005779036875514902,0.265,False,False
15,clustered_null,False,polynomial_ridge_interactions,499,21760776,35291806,estimated,-0.0018474967689883649,-0.009105872559846575,0.006098248439554795,0.265,False,False
15,clustered_null,False,polynomial_ridge_interactions,999,21760776,35291806,estimated,-0.0018474967689883649,-0.008458667441094895,0.005996612096123299,0.265,False,False
15,genuine_increment,True,polynomial_ridge,99,21760776,35300804,estimated,0.041168417044766877,0.029639587200445627,0.04866392163432906,0.005,True,True
15,genuine_increment,True,polynomial_ridge,199,21760776,35300804,estimated,0.041168417044766877,0.02869269485096568,0.04947073139127943,0.005,True,True
15,genuine_increment,True,polynomial_ridge,499,21760776,35300804,estimated,0.041168417044766877,0.027826889958654653,0.05075094106614589,0.005,True,True
15,genuine_increment,True,polynomial_ridge,999,21760776,35300804,estimated,0.041168417044766877,0.02832435233213088,0.05075538101759915,0.005,True,True
15,genuine_increment,True,polynomial_ridge_interactions,99,21760776,35301813,estimated,0.03718223344960574,0.02589172548751139,0.049379440358316304,0.005,True,True
15,genuine_increment,True,polynomial_ridge_interactions,199,21760776,35301813,estimated,0.03718223344960574,0.026220011125862825,0.049153394987761785,0.005,True,True
15,genuine_increment,True,polynomial_ridge_interactions,499,21760776,35301813,estimated,0.03718223344960574,0.02674935741036265,0.05054710613079989,0.005,True,True
15,genuine_increment,True,polynomial_ridge_interactions,999,21760776,35301813,estimated,0.03718223344960574,0.026658468942844224,0.049980115986255014,0.005,True,True
15,heteroskedastic_null,False,polynomial_ridge,99,21760776,35280790,estimated,-0.00020477561925751932,-0.0010605727916991093,0.0009834692786731588,0.05,False,False
15,heteroskedastic_null,False,polynomial_ridge,199,21760776,35280790,estimated,-0.00020477561925751932,-0.0008616717876534149,0.0010850986108814737,0.05,False,False
15,heteroskedastic_null,False,polynomial_ridge,499,21760776,35280790,estimated,-0.00020477561925751932,-0.0008146741328815747,0.0012806572342398679,0.05,False,False
15,heteroskedastic_null,False,polynomial_ridge,999,21760776,35280790,estimated,-0.00020477561925751932,-0.0007988032809402368,0.0012809816364973273,0.05,False,False
15,heteroskedastic_null,False,polynomial_ridge_interactions,99,21760776,35281799,estimated,-0.000148816982767511,-0.00033017197385284643,0.0005107708787506723,0.085,False,False
15,heteroskedastic_null,False,polynomial_ridge_interactions,199,21760776,35281799,estimated,-0.000148816982767511,-0.00031601450155325014,0.0007800447711982288,0.085,False,False
15,heteroskedastic_null,False,polynomial_ridge_interactions,499,21760776,35281799,estimated,-0.000148816982767511,-0.0003348033861361952,0.0009358479464707977,0.085,False,False
15,heteroskedastic_null,False,polynomial_ridge_interactions,999,21760776,35281799,estimated,-0.000148816982767511,-0.0003402443933314592,0.0008635205839007579,0.085,False,False
15,nonlinear_proxy,False,polynomial_ridge,99,21760776,35270783,estimated,-0.0001475992552976632,-0.0006069343606950476,0.0010635523713388023,0.965,False,False
15,nonlinear_proxy,False,polynomial_ridge,199,21760776,35270783,estimated,-0.0001475992552976632,-0.0005446771609969605,0.0008512435612494626,0.965,False,False
15,nonlinear_proxy,False,polynomial_ridge,499,21760776,35270783,estimated,-0.0001475992552976632,-0.0005276168177308015,0.000911360024462287,0.965,False,False
15,nonlinear_proxy,False,polynomial_ridge,999,21760776,35270783,estimated,-0.0001475992552976632,-0.0004689885397135465,0.001147792954484512,0.965,False,False
15,nonlinear_proxy,False,polynomial_ridge_interactions,99,21760776,35271792,estimated,0.00011377887656718443,-0.00026583213855561037,0.0009994754473301992,0.82,False,False
15,nonlinear_proxy,False,polynomial_ridge_interactions,199,21760776,35271792,estimated,0.00011377887656718443,-0.0002699758263353499,0.0011076691864665706,0.82,False,False
15,nonlinear_proxy,False,polynomial_ridge_interactions,499,21760776,35271792,estimated,0.00011377887656718443,-0.00027734306314562256,0.0010270415457493912,0.82,False,False
15,nonlinear_proxy,False,polynomial_ridge_interactions,999,21760776,35271792,estimated,0.00011377887656718443,-0.0002545872066503878,0.001103031716889728,0.82,False,False
15,null_metric,False,polynomial_ridge,99,21760776,35260776,estimated,-0.0021721805604097526,-0.004041179568708822,0.001578906627378034,0.825,False,False
15,null_metric,False,polynomial_ridge,199,21760776,35260776,estimated,-0.0021721805604097526,-0.004244812889175395,0.0023173425959714922,0.825,False,False
15,null_metric,False,polynomial_ridge,499,21760776,35260776,estimated,-0.0021721805604097526,-0.00415832923483934,0.0024097934249521077,0.825,False,False
15,null_metric,False,polynomial_ridge,999,21760776,35260776,estimated,-0.0021721805604097526,-0.004246573449957213,0.0018153800231462398,0.825,False,False
15,null_metric,False,polynomial_ridge_interactions,99,21760776,35261785,estimated,-0.0007854358570540641,-0.001289452307337085,0.0005853238446300356,0.935,False,False
15,null_metric,False,polynomial_ridge_interactions,199,21760776,35261785,estimated,-0.0007854358570540641,-0.0013506033003339234,0.00047847970236819754,0.935,False,False
15,null_metric,False,polynomial_ridge_interactions,499,21760776,35261785,estimated,-0.0007854358570540641,-0.001425835310354391,0.0007004223489988353,0.935,False,False
15,null_metric,False,polynomial_ridge_interactions,999,21760776,35261785,estimated,-0.0007854358570540641,-0.00155800001380029,0.0007694314106672499,0.935,False,False
16,clustered_null,False,polynomial_ridge,99,21860779,36290800,estimated,-0.003429392893914463,-0.017266490767248482,0.007912357256498751,0.075,False,False
16,clustered_null,False,polynomial_ridge,199,21860779,36290800,estimated,-0.003429392893914463,-0.01707706566093105,0.008773407941813702,0.075,False,False
16,clustered_null,False,polynomial_ridge,499,21860779,36290800,estimated,-0.003429392893914463,-0.015407285588805218,0.009356177080387348,0.075,False,False
16,clustered_null,False,polynomial_ridge,999,21860779,36290800,estimated,-0.003429392893914463,-0.014596728810761041,0.009689824026966812,0.075,False,False
16,clustered_null,False,polynomial_ridge_interactions,99,21860779,36291809,estimated,0.0009399192288215737,-0.0055396295034980695,0.009743765682155825,0.025,False,False
16,clustered_null,False,polynomial_ridge_interactions,199,21860779,36291809,estimated,0.0009399192288215737,-0.014917212164717572,0.012385407570810435,0.025,False,False
16,clustered_null,False,polynomial_ridge_interactions,499,21860779,36291809,estimated,0.0009399192288215737,-0.011216542335563162,0.011475114579854423,0.025,False,False
16,clustered_null,False,polynomial_ridge_interactions,999,21860779,36291809,estimated,0.0009399192288215737,-0.01170643769651139,0.012452667383465591,0.025,False,False
16,genuine_increment,True,polynomial_ridge,99,21860779,36300807,estimated,0.04470940342047497,0.03395372185114999,0.056303694940701525,0.005,True,True
16,genuine_increment,True,polynomial_ridge,199,21860779,36300807,estimated,0.04470940342047497,0.03355137528552167,0.05590564011380183,0.005,True,True
16,genuine_increment,True,polynomial_ridge,499,21860779,36300807,estimated,0.04470940342047497,0.031958509500985596,0.056855121367917025,0.005,True,True
16,genuine_increment,True,polynomial_ridge,999,21860779,36300807,estimated,0.04470940342047497,0.032056162549417816,0.05569893291174984,0.005,True,True
16,genuine_increment,True,polynomial_ridge_interactions,99,21860779,36301816,estimated,0.04371897578564095,0.030315813739551466,0.05417943647291303,0.005,True,True
16,genuine_increment,True,polynomial_ridge_interactions,199,21860779,36301816,estimated,0.04371897578564095,0.03167680800897711,0.054135227753912024,0.005,True,True
16,genuine_increment,True,polynomial_ridge_interactions,499,21860779,36301816,estimated,0.04371897578564095,0.030755592902336072,0.0535724878378883,0.005,True,True
16,genuine_increment,True,polynomial_ridge_interactions,999,21860779,36301816,estimated,0.04371897578564095,0.030914347538860434,0.053492976318453865,0.005,True,True
16,heteroskedastic_null,False,polynomial_ridge,99,21860779,36280793,estimated,-0.0005001949825833643,-0.0012691289495492398,0.0019262749769170292,0.775,False,False
16,heteroskedastic_null,False,polynomial_ridge,199,21860779,36280793,estimated,-0.0005001949825833643,-0.0013903218975638758,0.0019560784254125,0.775,False,False
16,heteroskedastic_null,False,polynomial_ridge,499,21860779,36280793,estimated,-0.0005001949825833643,-0.0014917140453210424,0.0021131714801520154,0.775,False,False
16,heteroskedastic_null,False,polynomial_ridge,999,21860779,36280793,estimated,-0.0005001949825833643,-0.0014959760624289296,0.002081177318633764,0.775,False,False
16,heteroskedastic_null,False,polynomial_ridge_interactions,99,21860779,36281802,estimated,-0.00026905568133193947,-0.0007783251231554941,0.0011831438277544574,0.575,False,False
16,heteroskedastic_null,False,polynomial_ridge_interactions,199,21860779,36281802,estimated,-0.00026905568133193947,-0.0010426199684919328,0.0018620858322803792,0.575,False,False
16,heteroskedastic_null,False,polynomial_ridge_interactions,499,21860779,36281802,estimated,-0.00026905568133193947,-0.0009138675154454156,0.0016949609788980224,0.575,False,False
16,heteroskedastic_null,False,polynomial_ridge_interactions,999,21860779,36281802,estimated,-0.00026905568133193947,-0.0008891235678957935,0.0014941838160675194,0.575,False,False
16,nonlinear_proxy,False,polynomial_ridge,99,21860779,36270786,estimated,-0.0006080985899707021,-0.0007419939682234949,0.0013866694458783155,0.44,False,False
16,nonlinear_proxy,False,polynomial_ridge,199,21860779,36270786,estimated,-0.0006080985899707021,-0.000733679147786076,0.001446443599314238,0.44,False,False
16,nonlinear_proxy,False,polynomial_ridge,499,21860779,36270786,estimated,-0.0006080985899707021,-0.0007319557631102164,0.0015975067274181273,0.44,False,False
16,nonlinear_proxy,False,polynomial_ridge,999,21860779,36270786,estimated,-0.0006080985899707021,-0.0007335285698397989,0.0016167175198390773,0.44,False,False
16,nonlinear_proxy,False,polynomial_ridge_interactions,99,21860779,36271795,estimated,-0.00012445745939539815,-0.0004804050344500151,0.0006897248232144601,0.72,False,False
16,nonlinear_proxy,False,polynomial_ridge_interactions,199,21860779,36271795,estimated,-0.00012445745939539815,-0.0003938827866614174,0.0008556437914979467,0.72,False,False
16,nonlinear_proxy,False,polynomial_ridge_interactions,499,21860779,36271795,estimated,-0.00012445745939539815,-0.0004100668771627617,0.0008580072370768083,0.72,False,False
16,nonlinear_proxy,False,polynomial_ridge_interactions,999,21860779,36271795,estimated,-0.00012445745939539815,-0.0004129695643611261,0.0008134947955677737,0.72,False,False
16,null_metric,False,polynomial_ridge,99,21860779,36260779,estimated,-0.0019509755334692,-0.0025313204810313303,0.000770152268691041,0.075,False,False
16,null_metric,False,polynomial_ridge,199,21860779,36260779,estimated,-0.0019509755334692,-0.002626664388396808,0.0008561289749281592,0.075,False,False
16,null_metric,False,polynomial_ridge,499,21860779,36260779,estimated,-0.0019509755334692,-0.0027992343416461283,0.00108327596361067,0.075,False,False
16,null_metric,False,polynomial_ridge,999,21860779,36260779,estimated,-0.0019509755334692,-0.0028427497909880826,0.0011457000159828504,0.075,False,False
16,null_metric,False,polynomial_ridge_interactions,99,21860779,36261788,estimated,-0.00020717552522148477,-0.0009291806009521825,0.0007248110702282009,0.115,False,False
16,null_metric,False,polynomial_ridge_interactions,199,21860779,36261788,estimated,-0.00020717552522148477,-0.0009414001518880848,0.0008314650788099581,0.115,False,False
16,null_metric,False,polynomial_ridge_interactions,499,21860779,36261788,estimated,-0.00020717552522148477,-0.0009283706915599052,0.0007933198226887267,0.115,False,False
16,null_metric,False,polynomial_ridge_interactions,999,21860779,36261788,estimated,-0.00020717552522148477,-0.000996769992359115,0.0008863231887383402,0.115,False,False
17,clustered_null,False,polynomial_ridge,99,21960782,37290803,estimated,-0.003332159856878649,-0.01631848602503089,0.01515549994983258,0.42,False,False
17,clustered_null,False,polynomial_ridge,199,21960782,37290803,estimated,-0.003332159856878649,-0.017493492390647233,0.014086500991265244,0.42,False,False
17,clustered_null,False,polynomial_ridge,499,21960782,37290803,estimated,-0.003332159856878649,-0.020801660735681328,0.012130122312738916,0.42,False,False
17,clustered_null,False,polynomial_ridge,999,21960782,37290803,estimated,-0.003332159856878649,-0.02120770853674348,0.011720979283914803,0.42,False,False
17,clustered_null,False,polynomial_ridge_interactions,99,21960782,37291812,estimated,-0.0019525589072599478,-0.03585565015602923,0.009196958124829702,0.205,False,False
17,clustered_null,False,polynomial_ridge_interactions,199,21960782,37291812,estimated,-0.0019525589072599478,-0.023326776301289227,0.008553180271523178,0.205,False,False
17,clustered_null,False,polynomial_ridge_interactions,499,21960782,37291812,estimated,-0.0019525589072599478,-0.021731664976880213,0.008177709110326947,0.205,False,False
17,clustered_null,False,polynomial_ridge_interactions,999,21960782,37291812,estimated,-0.0019525589072599478,-0.018937206497889405,0.008500700293398993,0.205,False,False
17,genuine_increment,True,polynomial_ridge,99,21960782,37300810,estimated,0.04937404769281632,0.039226278323713844,0.056080089473118044,0.005,True,True
17,genuine_increment,True,polynomial_ridge,199,21960782,37300810,estimated,0.04937404769281632,0.037451868640887925,0.05731476788382835,0.005,True,True
17,genuine_increment,True,polynomial_ridge,499,21960782,37300810,estimated,0.04937404769281632,0.03844216403156806,0.05622622276718765,0.005,True,True
17,genuine_increment,True,polynomial_ridge,999,21960782,37300810,estimated,0.04937404769281632,0.03857225253920051,0.05620584558857172,0.005,True,True
17,genuine_increment,True,polynomial_ridge_interactions,99,21960782,37301819,estimated,0.05040388714702149,0.03670682917131775,0.055903908233478204,0.005,True,True
17,genuine_increment,True,polynomial_ridge_interactions,199,21960782,37301819,estimated,0.05040388714702149,0.036926068512756975,0.05587782200577654,0.005,True,True
17,genuine_increment,True,polynomial_ridge_interactions,499,21960782,37301819,estimated,0.05040388714702149,0.03763288824751432,0.05619828514651475,0.005,True,True
17,genuine_increment,True,polynomial_ridge_interactions,999,21960782,37301819,estimated,0.05040388714702149,0.0377978339261545,0.056255264706205274,0.005,True,True
17,heteroskedastic_null,False,polynomial_ridge,99,21960782,37280796,estimated,-0.000255770956500187,-0.0007668148464018386,0.0014280638388617175,0.495,False,False
17,heteroskedastic_null,False,polynomial_ridge,199,21960782,37280796,estimated,-0.000255770956500187,-0.0006256784325186787,0.0013866648079100155,0.495,False,False
17,heteroskedastic_null,False,polynomial_ridge,499,21960782,37280796,estimated,-0.000255770956500187,-0.0008476461176197943,0.0016708763827225678,0.495,False,False
17,heteroskedastic_null,False,polynomial_ridge,999,21960782,37280796,estimated,-0.000255770956500187,-0.0008233363708033614,0.001585722354278663,0.495,False,False
17,heteroskedastic_null,False,polynomial_ridge_interactions,99,21960782,37281805,estimated,-0.0001669409580318396,-0.0006815320183542145,0.0006293239257215163,0.545,False,False
17,heteroskedastic_null,False,polynomial_ridge_interactions,199,21960782,37281805,estimated,-0.0001669409580318396,-0.0005534589560344883,0.0006022243868903229,0.545,False,False
17,heteroskedastic_null,False,polynomial_ridge_interactions,499,21960782,37281805,estimated,-0.0001669409580318396,-0.0006642347521331922,0.0006803603401618751,0.545,False,False
17,heteroskedastic_null,False,polynomial_ridge_interactions,999,21960782,37281805,estimated,-0.0001669409580318396,-0.0005766720074824072,0.000652706487319698,0.545,False,False
17,nonlinear_proxy,False,polynomial_ridge,99,21960782,37270789,estimated,0.00028231029064322913,-0.0007558532654078202,0.0026457343117969752,0.875,False,False
17,nonlinear_proxy,False,polynomial_ridge,199,21960782,37270789,estimated,0.00028231029064322913,-0.000666175223070277,0.0022386849227644186,0.875,False,False
17,nonlinear_proxy,False,polynomial_ridge,499,21960782,37270789,estimated,0.00028231029064322913,-0.0008242167996165069,0.002359482969308093,0.875,False,False
17,nonlinear_proxy,False,polynomial_ridge,999,21960782,37270789,estimated,0.00028231029064322913,-0.0008914370480886756,0.002182965163424062,0.875,False,False
17,nonlinear_proxy,False,polynomial_ridge_interactions,99,21960782,37271798,estimated,0.0002817106964560327,-0.00032675588212769,0.0024646780730608986,0.665,False,False
17,nonlinear_proxy,False,polynomial_ridge_interactions,199,21960782,37271798,estimated,0.0002817106964560327,-0.00035856030651868956,0.0022143524666943084,0.665,False,False
17,nonlinear_proxy,False,polynomial_ridge_interactions,499,21960782,37271798,estimated,0.0002817106964560327,-0.0004834785304394083,0.002458647982327819,0.665,False,False
17,nonlinear_proxy,False,polynomial_ridge_interactions,999,21960782,37271798,estimated,0.0002817106964560327,-0.0005226131272090754,0.0023493448116147877,0.665,False,False
17,null_metric,False,polynomial_ridge,99,21960782,37260782,estimated,-0.0008995766419889195,-0.0020812981120609557,0.0030614521135130545,0.01,False,False
17,null_metric,False,polynomial_ridge,199,21960782,37260782,estimated,-0.0008995766419889195,-0.001963391268292625,0.002248039054481897,0.01,False,False
17,null_metric,False,polynomial_ridge,499,21960782,37260782,estimated,-0.0008995766419889195,-0.001857960665079482,0.002425043406840102,0.01,False,False
17,null_metric,False,polynomial_ridge,999,21960782,37260782,estimated,-0.0008995766419889195,-0.002079010714862465,0.0024344543545644303,0.01,False,False
17,null_metric,False,polynomial_ridge_interactions,99,21960782,37261791,estimated,-0.00024665093117939504,-0.0007685274679336055,0.0016120780993004442,0.015,False,False
17,null_metric,False,polynomial_ridge_interactions,199,21960782,37261791,estimated,-0.00024665093117939504,-0.0008380683561235328,0.0014044758755429934,0.015,False,False
17,null_metric,False,polynomial_ridge_interactions,499,21960782,37261791,estimated,-0.00024665093117939504,-0.0008324081945288925,0.0010154129460977818,0.015,False,False
17,null_metric,False,polynomial_ridge_interactions,999,21960782,37261791,estimated,-0.00024665093117939504,-0.0009289609356082525,0.001041011391468861,0.015,False,False
18,clustered_null,False,polynomial_ridge,99,22060785,38290806,estimated,-0.010985341706102221,-0.01619685951537495,0.006392409999245653,0.325,False,False
18,clustered_null,False,polynomial_ridge,199,22060785,38290806,estimated,-0.010985341706102221,-0.016952131637535162,0.008017599105759866,0.325,False,False
18,clustered_null,False,polynomial_ridge,499,22060785,38290806,estimated,-0.010985341706102221,-0.021014115805305152,0.007949267189372894,0.325,False,False
18,clustered_null,False,polynomial_ridge,999,22060785,38290806,estimated,-0.010985341706102221,-0.021912548198954725,0.008969968122288032,0.325,False,False
18,clustered_null,False,polynomial_ridge_interactions,99,22060785,38291815,estimated,-0.0001409227975181608,-0.02146635935899124,0.004998415318073402,0.375,False,False
18,clustered_null,False,polynomial_ridge_interactions,199,22060785,38291815,estimated,-0.0001409227975181608,-0.020770921320148062,0.004813649125216115,0.375,False,False
18,clustered_null,False,polynomial_ridge_interactions,499,22060785,38291815,estimated,-0.0001409227975181608,-0.02200040334687028,0.006338190578194189,0.375,False,False
18,clustered_null,False,polynomial_ridge_interactions,999,22060785,38291815,estimated,-0.0001409227975181608,-0.02194097484224342,0.006044744227390585,0.375,False,False
18,genuine_increment,True,polynomial_ridge,99,22060785,38300813,estimated,0.04752707804442093,0.03448555080150065,0.05845961738008215,0.005,True,True
18,genuine_increment,True,polynomial_ridge,199,22060785,38300813,estimated,0.04752707804442093,0.03440951254565184,0.05802052872397719,0.005,True,True
18,genuine_increment,True,polynomial_ridge,499,22060785,38300813,estimated,0.04752707804442093,0.034460360907565,0.05671719635169756,0.005,True,True
18,genuine_increment,True,polynomial_ridge,999,22060785,38300813,estimated,0.04752707804442093,0.03447663119633303,0.05735563772194684,0.005,True,True
18,genuine_increment,True,polynomial_ridge_interactions,99,22060785,38301822,estimated,0.048328500702765044,0.03308675146134277,0.05743266441094741,0.005,True,True
18,genuine_increment,True,polynomial_ridge_interactions,199,22060785,38301822,estimated,0.048328500702765044,0.03338923633494671,0.058176272503132065,0.005,True,True
18,genuine_increment,True,polynomial_ridge_interactions,499,22060785,38301822,estimated,0.048328500702765044,0.03302518851688753,0.05743266441094741,0.005,True,True
18,genuine_increment,True,polynomial_ridge_interactions,999,22060785,38301822,estimated,0.048328500702765044,0.03300874338437688,0.05730060740741316,0.005,True,True
18,heteroskedastic_null,False,polynomial_ridge,99,22060785,38280799,estimated,-0.00011883299044436989,-0.001361490967265234,0.001709362891833094,0.43,False,False
18,heteroskedastic_null,False,polynomial_ridge,199,22060785,38280799,estimated,-0.00011883299044436989,-0.0013356449963695446,0.0016480958354679477,0.43,False,False
18,heteroskedastic_null,False,polynomial_ridge,499,22060785,38280799,estimated,-0.00011883299044436989,-0.0012775615903041309,0.0017392199779843473,0.43,False,False
18,heteroskedastic_null,False,polynomial_ridge,999,22060785,38280799,estimated,-0.00011883299044436989,-0.001165719184097717,0.0016603726814538482,0.43,False,False
18,heteroskedastic_null,False,polynomial_ridge_interactions,99,22060785,38281808,estimated,-4.149173966698852e-05,-0.0005905927503453847,0.0009515287899751167,0.87,False,False
18,heteroskedastic_null,False,polynomial_ridge_interactions,199,22060785,38281808,estimated,-4.149173966698852e-05,-0.0006436639166116596,0.0008536638834168419,0.87,False,False
18,heteroskedastic_null,False,polynomial_ridge_interactions,499,22060785,38281808,estimated,-4.149173966698852e-05,-0.0006515205178727965,0.0008947026236526978,0.87,False,False
18,heteroskedastic_null,False,polynomial_ridge_interactions,999,22060785,38281808,estimated,-4.149173966698852e-05,-0.000703969623788084,0.0009273108843499653,0.87,False,False
18,nonlinear_proxy,False,polynomial_ridge,99,22060785,38270792,estimated,0.0001234474952102162,-0.0006338773179349075,0.0014886869916309682,0.2,False,False
18,nonlinear_proxy,False,polynomial_ridge,199,22060785,38270792,estimated,0.0001234474952102162,-0.0006544781898851226,0.0015134067330521796,0.2,False,False
18,nonlinear_proxy,False,polynomial_ridge,499,22060785,38270792,estimated,0.0001234474952102162,-0.000657878294271109,0.0015202524033107918,0.2,False,False
18,nonlinear_proxy,False,polynomial_ridge,999,22060785,38270792,estimated,0.0001234474952102162,-0.0007763904646117883,0.0016044701755204217,0.2,False,False
18,nonlinear_proxy,False,polynomial_ridge_interactions,99,22060785,38271801,estimated,-3.8665016399857394e-05,-0.00042822382065934645,0.0013111552217683637,0.13,False,False
18,nonlinear_proxy,False,polynomial_ridge_interactions,199,22060785,38271801,estimated,-3.8665016399857394e-05,-0.0003862295719904543,0.0013201222274695067,0.13,False,False
18,nonlinear_proxy,False,polynomial_ridge_interactions,499,22060785,38271801,estimated,-3.8665016399857394e-05,-0.0005189879510649397,0.001363642479502818,0.13,False,False
18,nonlinear_proxy,False,polynomial_ridge_interactions,999,22060785,38271801,estimated,-3.8665016399857394e-05,-0.0005374272761801218,0.0013589826196239827,0.13,False,False
18,null_metric,False,polynomial_ridge,99,22060785,38260785,estimated,-0.0010737955663932403,-0.003362110673249895,0.005356203387038258,0.975,False,False
18,null_metric,False,polynomial_ridge,199,22060785,38260785,estimated,-0.0010737955663932403,-0.0039251758791737845,0.005923947203519867,0.975,False,False
18,null_metric,False,polynomial_ridge,499,22060785,38260785,estimated,-0.0010737955663932403,-0.0034426304671699866,0.005345845435951702,0.975,False,False
18,null_metric,False,polynomial_ridge,999,22060785,38260785,estimated,-0.0010737955663932403,-0.0034565908993105018,0.005591400742201447,0.975,False,False
18,null_metric,False,polynomial_ridge_interactions,99,22060785,38261794,estimated,-0.0009542561881889025,-0.002224267216475162,0.000744209503339388,0.48,False,False
18,null_metric,False,polynomial_ridge_interactions,199,22060785,38261794,estimated,-0.0009542561881889025,-0.0021152406118700676,0.0012779588853800109,0.48,False,False
18,null_metric,False,polynomial_ridge_interactions,499,22060785,38261794,estimated,-0.0009542561881889025,-0.002077869199710488,0.001295785077734239,0.48,False,False
18,null_metric,False,polynomial_ridge_interactions,999,22060785,38261794,estimated,-0.0009542561881889025,-0.0020197179524783274,0.0012857420562709103,0.48,False,False
19,clustered_null,False,polynomial_ridge,99,22160788,39290809,estimated,-0.004710075677178065,-0.03450863798702665,0.03660214747405161,0.305,False,False
19,clustered_null,False,polynomial_ridge,199,22160788,39290809,estimated,-0.004710075677178065,-0.0335542071542554,0.03925439671221695,0.305,False,False
19,clustered_null,False,polynomial_ridge,499,22160788,39290809,estimated,-0.004710075677178065,-0.0269744750122349,0.024140275514859498,0.305,False,False
19,clustered_null,False,polynomial_ridge,999,22160788,39290809,estimated,-0.004710075677178065,-0.027195632978740312,0.02833060213412917,0.305,False,False
19,clustered_null,False,polynomial_ridge_interactions,99,22160788,39291818,estimated,-0.011200711322064759,-0.017727172374737008,0.017639904185639023,0.92,False,False
19,clustered_null,False,polynomial_ridge_interactions,199,22160788,39291818,estimated,-0.011200711322064759,-0.017354403007024625,0.0168230247675421,0.92,False,False
19,clustered_null,False,polynomial_ridge_interactions,499,22160788,39291818,estimated,-0.011200711322064759,-0.018366107566373364,0.01768171628388148,0.92,False,False
19,clustered_null,False,polynomial_ridge_interactions,999,22160788,39291818,estimated,-0.011200711322064759,-0.02009289221380744,0.017892594095682546,0.92,False,False
19,genuine_increment,True,polynomial_ridge,99,22160788,39300816,estimated,0.04201907234004443,0.03194908601876851,0.04713639430169247,0.005,True,True
19,genuine_increment,True,polynomial_ridge,199,22160788,39300816,estimated,0.04201907234004443,0.03207075134646125,0.0506911293167216,0.005,True,True
19,genuine_increment,True,polynomial_ridge,499,22160788,39300816,estimated,0.04201907234004443,0.03200519051012901,0.050082772013537676,0.005,True,True
19,genuine_increment,True,polynomial_ridge,999,22160788,39300816,estimated,0.04201907234004443,0.03161348105429242,0.04943564587794085,0.005,True,True
19,genuine_increment,True,polynomial_ridge_interactions,99,22160788,39301825,estimated,0.041513215221209696,0.0314438792965056,0.04942715864884659,0.005,True,True
19,genuine_increment,True,polynomial_ridge_interactions,199,22160788,39301825,estimated,0.041513215221209696,0.031528562108619075,0.049656013837391925,0.005,True,True
19,genuine_increment,True,polynomial_ridge_interactions,499,22160788,39301825,estimated,0.041513215221209696,0.031093086324784268,0.04964385787413451,0.005,True,True
19,genuine_increment,True,polynomial_ridge_interactions,999,22160788,39301825,estimated,0.041513215221209696,0.0311878180350231,0.049256317872940436,0.005,True,True
19,heteroskedastic_null,False,polynomial_ridge,99,22160788,39280802,estimated,-0.0008676841540087542,-0.0018578957318906883,0.001233707328070719,0.94,False,False
19,heteroskedastic_null,False,polynomial_ridge,199,22160788,39280802,estimated,-0.0008676841540087542,-0.001959435058388472,0.0013086267964908156,0.94,False,False
19,heteroskedastic_null,False,polynomial_ridge,499,22160788,39280802,estimated,-0.0008676841540087542,-0.0019615273711186803,0.0014074944580492502,0.94,False,False
19,heteroskedastic_null,False,polynomial_ridge,999,22160788,39280802,estimated,-0.0008676841540087542,-0.001959435058388472,0.0015847206656801175,0.94,False,False
19,heteroskedastic_null,False,polynomial_ridge_interactions,99,22160788,39281811,estimated,-0.0001261719867029186,-0.0005297882426979453,0.0003194408543029482,0.925,False,False
19,heteroskedastic_null,False,polynomial_ridge_interactions,199,22160788,39281811,estimated,-0.0001261719867029186,-0.0005762302396922802,0.00035816626471499237,0.925,False,False
19,heteroskedastic_null,False,polynomial_ridge_interactions,499,22160788,39281811,estimated,-0.0001261719867029186,-0.0005527268820119954,0.0004016754576736675,0.925,False,False
19,heteroskedastic_null,False,polynomial_ridge_interactions,999,22160788,39281811,estimated,-0.0001261719867029186,-0.000535344384128176,0.0003311612299482424,0.925,False,False
19,nonlinear_proxy,False,polynomial_ridge,99,22160788,39270795,estimated,-0.0004947016223148873,-0.00040540753998940735,0.0014147225583726864,0.265,False,False
19,nonlinear_proxy,False,polynomial_ridge,199,22160788,39270795,estimated,-0.0004947016223148873,-0.0004302418985137191,0.0017653825159770434,0.265,False,False
19,nonlinear_proxy,False,polynomial_ridge,499,22160788,39270795,estimated,-0.0004947016223148873,-0.0006868797833313762,0.00146190261218535,0.265,False,False
19,nonlinear_proxy,False,polynomial_ridge,999,22160788,39270795,estimated,-0.0004947016223148873,-0.0006741420091272036,0.0014584397908397858,0.265,False,False
19,nonlinear_proxy,False,polynomial_ridge_interactions,99,22160788,39271804,estimated,0.00012704893754555274,-0.00036805358172967975,0.001498214584792485,0.255,False,False
19,nonlinear_proxy,False,polynomial_ridge_interactions,199,22160788,39271804,estimated,0.00012704893754555274,-0.0005035383067357186,0.0014921654834157204,0.255,False,False
19,nonlinear_proxy,False,polynomial_ridge_interactions,499,22160788,39271804,estimated,0.00012704893754555274,-0.0005217186291907394,0.0014005763263812573,0.255,False,False
19,nonlinear_proxy,False,polynomial_ridge_interactions,999,22160788,39271804,estimated,0.00012704893754555274,-0.0005525660890043224,0.00156513306787104,0.255,False,False
19,null_metric,False,polynomial_ridge,99,22160788,39260788,estimated,-0.0005097211018333693,-0.0010728846503129342,0.0017595182664767346,0.43,False,False
19,null_metric,False,polynomial_ridge,199,22160788,39260788,estimated,-0.0005097211018333693,-0.0013773039847021482,0.00184200892794221,0.43,False,False
19,null_metric,False,polynomial_ridge,499,22160788,39260788,estimated,-0.0005097211018333693,-0.0013141331010747793,0.0018437966876391238,0.43,False,False
19,null_metric,False,polynomial_ridge,999,22160788,39260788,estimated,-0.0005097211018333693,-0.0013892222439972457,0.0018937550831248913,0.43,False,False
19,null_metric,False,polynomial_ridge_interactions,99,22160788,39261797,estimated,-7.703323537867554e-05,-0.0009229809403638909,0.0006062889832434843,0.17,False,False
19,null_metric,False,polynomial_ridge_interactions,199,22160788,39261797,estimated,-7.703323537867554e-05,-0.001327755487836093,0.0006738776713204035,0.17,False,False
19,null_metric,False,polynomial_ridge_interactions,499,22160788,39261797,estimated,-7.703323537867554e-05,-0.0010967476326189992,0.0007638023761320022,0.17,False,False
19,null_metric,False,polynomial_ridge_interactions,999,22160788,39261797,estimated,-7.703323537867554e-05,-0.0011046632872835087,0.0007732921980483042,0.17,False,False
20,clustered_null,False,polynomial_ridge,99,22260791,40290812,estimated,-0.004499587381416027,-0.014855729490705951,0.010100493132696994,0.16,False,False
20,clustered_null,False,polynomial_ridge,199,22260791,40290812,estimated,-0.004499587381416027,-0.014066450690590948,0.009708531671356808,0.16,False,False
20,clustered_null,False,polynomial_ridge,499,22260791,40290812,estimated,-0.004499587381416027,-0.014927176316935442,0.010297548401844738,0.16,False,False
20,clustered_null,False,polynomial_ridge,999,22260791,40290812,estimated,-0.004499587381416027,-0.01920398269492001,0.01135944072271427,0.16,False,False
20,clustered_null,False,polynomial_ridge_interactions,99,22260791,40291821,estimated,-0.003994494490995246,-0.01392468279304379,0.010211577998076898,0.105,False,False
20,clustered_null,False,polynomial_ridge_interactions,199,22260791,40291821,estimated,-0.003994494490995246,-0.011401222600529018,0.0105665012401043,0.105,False,False
20,clustered_null,False,polynomial_ridge_interactions,499,22260791,40291821,estimated,-0.003994494490995246,-0.015503686106051717,0.010792815227809872,0.105,False,False
20,clustered_null,False,polynomial_ridge_interactions,999,22260791,40291821,estimated,-0.003994494490995246,-0.014997087177281935,0.01100225218411051,0.105,False,False
20,genuine_increment,True,polynomial_ridge,99,22260791,40300819,estimated,0.045647620439347954,0.036919233614027,0.053906572451322646,0.005,True,True
20,genuine_increment,True,polynomial_ridge,199,22260791,40300819,estimated,0.045647620439347954,0.03594140324455155,0.05435744781855151,0.005,True,True
20,genuine_increment,True,polynomial_ridge,499,22260791,40300819,estimated,0.045647620439347954,0.035724558702824386,0.05418190931984498,0.005,True,True
20,genuine_increment,True,polynomial_ridge,999,22260791,40300819,estimated,0.045647620439347954,0.03542101190612771,0.054580567931546496,0.005,True,True
20,genuine_increment,True,polynomial_ridge_interactions,99,22260791,40301828,estimated,0.046637923198819375,0.035862769347514166,0.05366302129394284,0.005,True,True
20,genuine_increment,True,polynomial_ridge_interactions,199,22260791,40301828,estimated,0.046637923198819375,0.03492216233295129,0.053531141915302456,0.005,True,True
20,genuine_increment,True,polynomial_ridge_interactions,499,22260791,40301828,estimated,0.046637923198819375,0.034872719021280196,0.05418074978205953,0.005,True,True
20,genuine_increment,True,polynomial_ridge_interactions,999,22260791,40301828,estimated,0.046637923198819375,0.034876200827529374,0.054491212179202136,0.005,True,True
20,heteroskedastic_null,False,polynomial_ridge,99,22260791,40280805,estimated,-0.0005139554171637514,-0.0013211602864584737,0.0020082592864865316,0.32,False,False
20,heteroskedastic_null,False,polynomial_ridge,199,22260791,40280805,estimated,-0.0005139554171637514,-0.0013317064919624577,0.002134831053734414,0.32,False,False
20,heteroskedastic_null,False,polynomial_ridge,499,22260791,40280805,estimated,-0.0005139554171637514,-0.00143734679588781,0.001959059398502027,0.32,False,False
20,heteroskedastic_null,False,polynomial_ridge,999,22260791,40280805,estimated,-0.0005139554171637514,-0.0013141370733978012,0.001902784006665176,0.32,False,False
20,heteroskedastic_null,False,polynomial_ridge_interactions,99,22260791,40281814,estimated,-0.0002850069837582025,-0.0006796579434894066,0.0008165068629766884,0.27,False,False
20,heteroskedastic_null,False,polynomial_ridge_interactions,199,22260791,40281814,estimated,-0.0002850069837582025,-0.0007651456372274015,0.0006930719955763694,0.27,False,False
20,heteroskedastic_null,False,polynomial_ridge_interactions,499,22260791,40281814,estimated,-0.0002850069837582025,-0.0008187209293596658,0.0007970682850426785,0.27,False,False
20,heteroskedastic_null,False,polynomial_ridge_interactions,999,22260791,40281814,estimated,-0.0002850069837582025,-0.0008211298254055703,0.0006942987309809797,0.27,False,False
20,nonlinear_proxy,False,polynomial_ridge,99,22260791,40270798,estimated,0.00040855365165146876,-0.00017023396506186952,0.0018902024928880614,0.805,False,False
20,nonlinear_proxy,False,polynomial_ridge,199,22260791,40270798,estimated,0.00040855365165146876,-0.00013471740636268763,0.0016898266077696009,0.805,False,False
20,nonlinear_proxy,False,polynomial_ridge,499,22260791,40270798,estimated,0.00040855365165146876,-0.00024230223730452712,0.0016706587831177035,0.805,False,False
20,nonlinear_proxy,False,polynomial_ridge,999,22260791,40270798,estimated,0.00040855365165146876,-0.00023708683326747275,0.0017653572926900124,0.805,False,False
20,nonlinear_proxy,False,polynomial_ridge_interactions,99,22260791,40271807,estimated,0.00038644171618985087,-5.0183690099171036e-05,0.0014573415363917533,0.4,False,False
20,nonlinear_proxy,False,polynomial_ridge_interactions,199,22260791,40271807,estimated,0.00038644171618985087,-9.314516734407938e-05,0.0014809929628019575,0.4,False,False
20,nonlinear_proxy,False,polynomial_ridge_interactions,499,22260791,40271807,estimated,0.00038644171618985087,-0.00011588310396630205,0.0016043554915307976,0.4,False,False
20,nonlinear_proxy,False,polynomial_ridge_interactions,999,22260791,40271807,estimated,0.00038644171618985087,-0.0001150293240027154,0.0017572276828367258,0.4,False,False
20,null_metric,False,polynomial_ridge,99,22260791,40260791,estimated,-0.0015342816672325038,-0.0030199721859312622,0.002025988083630756,0.425,False,False
20,null_metric,False,polynomial_ridge,199,22260791,40260791,estimated,-0.0015342816672325038,-0.0027977372196356883,0.002316821437841942,0.425,False,False
20,null_metric,False,polynomial_ridge,499,22260791,40260791,estimated,-0.0015342816672325038,-0.0028251700914998664,0.0019554968005595103,0.425,False,False
20,null_metric,False,polynomial_ridge,999,22260791,40260791,estimated,-0.0015342816672325038,-0.0027306301770574147,0.0021433237315336092,0.425,False,False
20,null_metric,False,polynomial_ridge_interactions,99,22260791,40261800,estimated,-0.0003923296861177289,-0.0012382321709202252,0.000736433727355389,0.34,False,False
20,null_metric,False,polynomial_ridge_interactions,199,22260791,40261800,estimated,-0.0003923296861177289,-0.0012188134808780262,0.0006456428246411855,0.34,False,False
20,null_metric,False,polynomial_ridge_interactions,499,22260791,40261800,estimated,-0.0003923296861177289,-0.0011724301140051455,0.0005756085514126118,0.34,False,False
20,null_metric,False,polynomial_ridge_interactions,999,22260791,40261800,estimated,-0.0003923296861177289,-0.0011961708344036274,0.0006523016096024987,0.34,False,False
21,clustered_null,False,polynomial_ridge,99,22360794,41290815,estimated,-0.001799319368952501,-0.01983563008239478,0.026942983304979316,0.145,False,False
21,clustered_null,False,polynomial_ridge,199,22360794,41290815,estimated,-0.001799319368952501,-0.022085027525471604,0.02902234675204949,0.145,False,False
21,clustered_null,False,polynomial_ridge,499,22360794,41290815,estimated,-0.001799319368952501,-0.026578267639554846,0.022010585702366577,0.145,False,False
21,clustered_null,False,polynomial_ridge,999,22360794,41290815,estimated,-0.001799319368952501,-0.026459858697959117,0.023259890803501975,0.145,False,False
21,clustered_null,False,polynomial_ridge_interactions,99,22360794,41291824,estimated,0.004250497685434153,-0.01877949014730785,0.0169305005589614,0.105,False,False
21,clustered_null,False,polynomial_ridge_interactions,199,22360794,41291824,estimated,0.004250497685434153,-0.02239339127313791,0.021082568044726233,0.105,False,False
21,clustered_null,False,polynomial_ridge_interactions,499,22360794,41291824,estimated,0.004250497685434153,-0.020603109275270728,0.02091760258860373,0.105,False,False
21,clustered_null,False,polynomial_ridge_interactions,999,22360794,41291824,estimated,0.004250497685434153,-0.01771688533421344,0.020638679602978008,0.105,False,False
21,genuine_increment,True,polynomial_ridge,99,22360794,41300822,estimated,0.050784516913132995,0.04077914964078996,0.06140620259603808,0.005,True,True
21,genuine_increment,True,polynomial_ridge,199,22360794,41300822,estimated,0.050784516913132995,0.04069167051584488,0.061932809354896666,0.005,True,True
21,genuine_increment,True,polynomial_ridge,499,22360794,41300822,estimated,0.050784516913132995,0.04096626162368836,0.06273497057523575,0.005,True,True
21,genuine_increment,True,polynomial_ridge,999,22360794,41300822,estimated,0.050784516913132995,0.040760060478105445,0.06268388447804216,0.005,True,True
21,genuine_increment,True,polynomial_ridge_interactions,99,22360794,41301831,estimated,0.054109427114198964,0.039446099472154356,0.0631926778420505,0.005,True,True
21,genuine_increment,True,polynomial_ridge_interactions,199,22360794,41301831,estimated,0.054109427114198964,0.03944161765109451,0.06368939128146348,0.005,True,True
21,genuine_increment,True,polynomial_ridge_interactions,499,22360794,41301831,estimated,0.054109427114198964,0.039772069265578254,0.06371641181712656,0.005,True,True
21,genuine_increment,True,polynomial_ridge_interactions,999,22360794,41301831,estimated,0.054109427114198964,0.039065855719570775,0.062022117553695105,0.005,True,True
21,heteroskedastic_null,False,polynomial_ridge,99,22360794,41280808,estimated,-0.0005265609154831083,-0.001296973289064091,0.0009175946949058101,0.105,False,False
21,heteroskedastic_null,False,polynomial_ridge,199,22360794,41280808,estimated,-0.0005265609154831083,-0.0013322850935939023,0.0009510774763619146,0.105,False,False
21,heteroskedastic_null,False,polynomial_ridge,499,22360794,41280808,estimated,-0.0005265609154831083,-0.001234995662310548,0.0010728091674195052,0.105,False,False
21,heteroskedastic_null,False,polynomial_ridge,999,22360794,41280808,estimated,-0.0005265609154831083,-0.0013774006469141058,0.0010304011086059853,0.105,False,False
21,heteroskedastic_null,False,polynomial_ridge_interactions,99,22360794,41281817,estimated,0.0002106261474160067,-0.0003099133138775491,0.0009275167251299949,0.29,False,False
21,heteroskedastic_null,False,polynomial_ridge_interactions,199,22360794,41281817,estimated,0.0002106261474160067,-0.0002745996087593884,0.0008692244654021193,0.29,False,False
21,heteroskedastic_null,False,polynomial_ridge_interactions,499,22360794,41281817,estimated,0.0002106261474160067,-0.0002765159724062921,0.0008677401196442149,0.29,False,False
21,heteroskedastic_null,False,polynomial_ridge_interactions,999,22360794,41281817,estimated,0.0002106261474160067,-0.00030533181263212326,0.0008776146454971683,0.29,False,False
21,nonlinear_proxy,False,polynomial_ridge,99,22360794,41270801,estimated,0.00018536476809910725,-0.0006267759851476714,0.0017589683081775042,0.155,False,False
21,nonlinear_proxy,False,polynomial_ridge,199,22360794,41270801,estimated,0.00018536476809910725,-0.0006576351991650087,0.002015702754534788,0.155,False,False
21,nonlinear_proxy,False,polynomial_ridge,499,22360794,41270801,estimated,0.00018536476809910725,-0.000750770736038614,0.001946484769266148,0.155,False,False
21,nonlinear_proxy,False,polynomial_ridge,999,22360794,41270801,estimated,0.00018536476809910725,-0.0007528823475645197,0.0019474861928710752,0.155,False,False
21,nonlinear_proxy,False,polynomial_ridge_interactions,99,22360794,41271810,estimated,-0.00031939759792879146,-0.0006425823299323026,0.00061345953042813,0.16,False,False
21,nonlinear_proxy,False,polynomial_ridge_interactions,199,22360794,41271810,estimated,-0.00031939759792879146,-0.0006049001549238336,0.0005242710453123825,0.16,False,False
21,nonlinear_proxy,False,polynomial_ridge_interactions,499,22360794,41271810,estimated,-0.00031939759792879146,-0.0005703318996340054,0.0004940618166943094,0.16,False,False
21,nonlinear_proxy,False,polynomial_ridge_interactions,999,22360794,41271810,estimated,-0.00031939759792879146,-0.0005665070676879662,0.0005466206038856414,0.16,False,False
21,null_metric,False,polynomial_ridge,99,22360794,41260794,estimated,-0.0015375242821231913,-0.002429904921344442,0.0011494791373331723,0.75,False,False
21,null_metric,False,polynomial_ridge,199,22360794,41260794,estimated,-0.0015375242821231913,-0.002388182195304166,0.0011216431003518335,0.75,False,False
21,null_metric,False,polynomial_ridge,499,22360794,41260794,estimated,-0.0015375242821231913,-0.0024689502988655826,0.0013044475475005384,0.75,False,False
21,null_metric,False,polynomial_ridge,999,22360794,41260794,estimated,-0.0015375242821231913,-0.002490383265531372,0.0012548649378995086,0.75,False,False
21,null_metric,False,polynomial_ridge_interactions,99,22360794,41261803,estimated,-6.428118061924115e-05,-0.0009730500767580709,0.0009027005079431025,0.88,False,False
21,null_metric,False,polynomial_ridge_interactions,199,22360794,41261803,estimated,-6.428118061924115e-05,-0.001105179200889526,0.0009493362791617076,0.88,False,False
21,null_metric,False,polynomial_ridge_interactions,499,22360794,41261803,estimated,-6.428118061924115e-05,-0.0008926792111921738,0.0008658962373884377,0.88,False,False
21,null_metric,False,polynomial_ridge_interactions,999,22360794,41261803,estimated,-6.428118061924115e-05,-0.0008890536735080542,0.0008396425154695808,0.88,False,False
22,clustered_null,False,polynomial_ridge,99,22460797,42290818,estimated,-0.004487556581446742,-0.019248608861765635,0.005650634616079893,0.715,False,False
22,clustered_null,False,polynomial_ridge,199,22460797,42290818,estimated,-0.004487556581446742,-0.018618807358679816,0.008506446363395297,0.715,False,False
22,clustered_null,False,polynomial_ridge,499,22460797,42290818,estimated,-0.004487556581446742,-0.020087981045875173,0.007082093652443929,0.715,False,False
22,clustered_null,False,polynomial_ridge,999,22460797,42290818,estimated,-0.004487556581446742,-0.019384401906482347,0.007149618879259237,0.715,False,False
22,clustered_null,False,polynomial_ridge_interactions,99,22460797,42291827,estimated,-0.0044535849674025504,-0.008882789913184988,0.005334549878997973,0.84,False,False
22,clustered_null,False,polynomial_ridge_interactions,199,22460797,42291827,estimated,-0.0044535849674025504,-0.011242618137713718,0.005787664452732233,0.84,False,False
22,clustered_null,False,polynomial_ridge_interactions,499,22460797,42291827,estimated,-0.0044535849674025504,-0.011423879164043792,0.006213913715261845,0.84,False,False
22,clustered_null,False,polynomial_ridge_interactions,999,22460797,42291827,estimated,-0.0044535849674025504,-0.011193187260727827,0.0061066264526962325,0.84,False,False
22,genuine_increment,True,polynomial_ridge,99,22460797,42300825,estimated,0.04913984374184506,0.03601317306881172,0.05944722602897063,0.005,True,True
22,genuine_increment,True,polynomial_ridge,199,22460797,42300825,estimated,0.04913984374184506,0.03619100095104362,0.05970985298352368,0.005,True,True
22,genuine_increment,True,polynomial_ridge,499,22460797,42300825,estimated,0.04913984374184506,0.03606383945757314,0.06111342494147337,0.005,True,True
22,genuine_increment,True,polynomial_ridge,999,22460797,42300825,estimated,0.04913984374184506,0.03619100095104362,0.06135172139346819,0.005,True,True
22,genuine_increment,True,polynomial_ridge_interactions,99,22460797,42301834,estimated,0.05048044017478104,0.03800647212054407,0.06240061417504407,0.005,True,True
22,genuine_increment,True,polynomial_ridge_interactions,199,22460797,42301834,estimated,0.05048044017478104,0.037793861562531006,0.06306554154092797,0.005,True,True
22,genuine_increment,True,polynomial_ridge_interactions,499,22460797,42301834,estimated,0.05048044017478104,0.03668634105502594,0.06309931987407923,0.005,True,True
22,genuine_increment,True,polynomial_ridge_interactions,999,22460797,42301834,estimated,0.05048044017478104,0.03715672699034677,0.061594253208316206,0.005,True,True
22,heteroskedastic_null,False,polynomial_ridge,99,22460797,42280811,estimated,-0.0006221143767993591,-0.001395904432004693,0.0009610232038231517,0.19,False,False
22,heteroskedastic_null,False,polynomial_ridge,199,22460797,42280811,estimated,-0.0006221143767993591,-0.001688553709930555,0.0011141951160022407,0.19,False,False
22,heteroskedastic_null,False,polynomial_ridge,499,22460797,42280811,estimated,-0.0006221143767993591,-0.0015708704817405366,0.001040605254563072,0.19,False,False
22,heteroskedastic_null,False,polynomial_ridge,999,22460797,42280811,estimated,-0.0006221143767993591,-0.0015778881073857662,0.0008337616140997739,0.19,False,False
22,heteroskedastic_null,False,polynomial_ridge_interactions,99,22460797,42281820,estimated,-6.745805626633822e-06,-0.0004340192018741779,0.00042946784125791413,0.64,False,False
22,heteroskedastic_null,False,polynomial_ridge_interactions,199,22460797,42281820,estimated,-6.745805626633822e-06,-0.00045585402912408005,0.00047085853959737963,0.64,False,False
22,heteroskedastic_null,False,polynomial_ridge_interactions,499,22460797,42281820,estimated,-6.745805626633822e-06,-0.0005529711612352081,0.00046781578906056434,0.64,False,False
22,heteroskedastic_null,False,polynomial_ridge_interactions,999,22460797,42281820,estimated,-6.745805626633822e-06,-0.0005293082664118501,0.0004937728641904652,0.64,False,False
22,nonlinear_proxy,False,polynomial_ridge,99,22460797,42270804,estimated,-0.00023474991294366448,-0.0011996940007303555,0.0011053912522677063,0.42,False,False
22,nonlinear_proxy,False,polynomial_ridge,199,22460797,42270804,estimated,-0.00023474991294366448,-0.001147392989053334,0.0011945038220575529,0.42,False,False
22,nonlinear_proxy,False,polynomial_ridge,499,22460797,42270804,estimated,-0.00023474991294366448,-0.0010647096199527589,0.0013241850710274524,0.42,False,False
22,nonlinear_proxy,False,polynomial_ridge,999,22460797,42270804,estimated,-0.00023474991294366448,-0.0009941662523616675,0.0013211069171459092,0.42,False,False
22,nonlinear_proxy,False,polynomial_ridge_interactions,99,22460797,42271813,estimated,-0.000534951183318538,-0.0006487444147152571,0.0004097428434159342,0.795,False,False
22,nonlinear_proxy,False,polynomial_ridge_interactions,199,22460797,42271813,estimated,-0.000534951183318538,-0.0006094045803125117,0.0006889600707641096,0.795,False,False
22,nonlinear_proxy,False,polynomial_ridge_interactions,499,22460797,42271813,estimated,-0.000534951183318538,-0.0006251713497568497,0.0007426251339030754,0.795,False,False
22,nonlinear_proxy,False,polynomial_ridge_interactions,999,22460797,42271813,estimated,-0.000534951183318538,-0.000592690835013877,0.0009072505430008426,0.795,False,False
22,null_metric,False,polynomial_ridge,99,22460797,42260797,estimated,7.514755534544434e-05,-0.0003528766372592336,0.00337365470078774,0.545,False,False
22,null_metric,False,polynomial_ridge,199,22460797,42260797,estimated,7.514755534544434e-05,-0.0009479005205953792,0.0033584153494590485,0.545,False,False
22,null_metric,False,polynomial_ridge,499,22460797,42260797,estimated,7.514755534544434e-05,-0.0005979247703346335,0.0035014122641239525,0.545,False,False
22,null_metric,False,polynomial_ridge,999,22460797,42260797,estimated,7.514755534544434e-05,-0.0007017303400033614,0.0035214960791120956,0.545,False,False
22,null_metric,False,polynomial_ridge_interactions,99,22460797,42261806,estimated,0.0005599682935552401,-0.0003104288625098052,0.002115816811202931,0.69,False,False
22,null_metric,False,polynomial_ridge_interactions,199,22460797,42261806,estimated,0.0005599682935552401,-0.00038447711655715963,0.002117281342836226,0.69,False,False
22,null_metric,False,polynomial_ridge_interactions,499,22460797,42261806,estimated,0.0005599682935552401,-0.0004008227820612239,0.0021957343806193017,0.69,False,False
22,null_metric,False,polynomial_ridge_interactions,999,22460797,42261806,estimated,0.0005599682935552401,-0.00033935227750149245,0.0022437451838879957,0.69,False,False
23,clustered_null,False,polynomial_ridge,99,22560800,43290821,estimated,-0.0004776179329534398,-0.012654449637224667,0.007274739332644314,0.03,False,False
23,clustered_null,False,polynomial_ridge,199,22560800,43290821,estimated,-0.0004776179329534398,-0.012413770801593603,0.007581226860718765,0.03,False,False
23,clustered_null,False,polynomial_ridge,499,22560800,43290821,estimated,-0.0004776179329534398,-0.013865166648820697,0.0096640416792862,0.03,False,False
23,clustered_null,False,polynomial_ridge,999,22560800,43290821,estimated,-0.0004776179329534398,-0.014838135098109636,0.009856651424607536,0.03,False,False
23,clustered_null,False,polynomial_ridge_interactions,99,22560800,43291830,estimated,-0.0029377795005174692,-0.005769952614089965,0.005838241714409699,0.365,False,False
23,clustered_null,False,polynomial_ridge_interactions,199,22560800,43291830,estimated,-0.0029377795005174692,-0.011842021225694855,0.006546025319254671,0.365,False,False
23,clustered_null,False,polynomial_ridge_interactions,499,22560800,43291830,estimated,-0.0029377795005174692,-0.011456516910203164,0.007560050484410685,0.365,False,False
23,clustered_null,False,polynomial_ridge_interactions,999,22560800,43291830,estimated,-0.0029377795005174692,-0.009476243621654692,0.008137684987787872,0.365,False,False
23,genuine_increment,True,polynomial_ridge,99,22560800,43300828,estimated,0.04826370121004257,0.03469694721472847,0.056299586129871994,0.005,True,True
23,genuine_increment,True,polynomial_ridge,199,22560800,43300828,estimated,0.04826370121004257,0.034348429344425654,0.056268885846184176,0.005,True,True
23,genuine_increment,True,polynomial_ridge,499,22560800,43300828,estimated,0.04826370121004257,0.034428123688524846,0.056299586129871994,0.005,True,True
23,genuine_increment,True,polynomial_ridge,999,22560800,43300828,estimated,0.04826370121004257,0.033249654782171754,0.05595744527544878,0.005,True,True
23,genuine_increment,True,polynomial_ridge_interactions,99,22560800,43301837,estimated,0.045512881422149626,0.03183331623199538,0.05755509110571425,0.005,True,True
23,genuine_increment,True,polynomial_ridge_interactions,199,22560800,43301837,estimated,0.045512881422149626,0.03175482394062811,0.05715088977238943,0.005,True,True
23,genuine_increment,True,polynomial_ridge_interactions,499,22560800,43301837,estimated,0.045512881422149626,0.0321776469534709,0.05651036936590114,0.005,True,True
23,genuine_increment,True,polynomial_ridge_interactions,999,22560800,43301837,estimated,0.045512881422149626,0.032368254579595405,0.05650313376812758,0.005,True,True
23,heteroskedastic_null,False,polynomial_ridge,99,22560800,43280814,estimated,-0.00038968540868933397,-0.0007249876188135043,0.000583136980535988,0.52,False,False
23,heteroskedastic_null,False,polynomial_ridge,199,22560800,43280814,estimated,-0.00038968540868933397,-0.000884357460393252,0.0005276318593235181,0.52,False,False
23,heteroskedastic_null,False,polynomial_ridge,499,22560800,43280814,estimated,-0.00038968540868933397,-0.0008580955602718557,0.0006211655253129248,0.52,False,False
23,heteroskedastic_null,False,polynomial_ridge,999,22560800,43280814,estimated,-0.00038968540868933397,-0.0008264791916877096,0.0007120528146715373,0.52,False,False
23,heteroskedastic_null,False,polynomial_ridge_interactions,99,22560800,43281823,estimated,-4.930111643104262e-05,-0.00035789031064191267,0.0003066931810359239,0.82,False,False
23,heteroskedastic_null,False,polynomial_ridge_interactions,199,22560800,43281823,estimated,-4.930111643104262e-05,-0.0003113210069395289,0.0002253838518509857,0.82,False,False
23,heteroskedastic_null,False,polynomial_ridge_interactions,499,22560800,43281823,estimated,-4.930111643104262e-05,-0.00036696189065904176,0.00023238060058980493,0.82,False,False
23,heteroskedastic_null,False,polynomial_ridge_interactions,999,22560800,43281823,estimated,-4.930111643104262e-05,-0.00036245726235327485,0.0002402902738906456,0.82,False,False
23,nonlinear_proxy,False,polynomial_ridge,99,22560800,43270807,estimated,-0.000271288309081269,-0.0004971227076090763,0.0006201224425357365,0.71,False,False
23,nonlinear_proxy,False,polynomial_ridge,199,22560800,43270807,estimated,-0.000271288309081269,-0.000565715843796712,0.000671266220448175,0.71,False,False
23,nonlinear_proxy,False,polynomial_ridge,499,22560800,43270807,estimated,-0.000271288309081269,-0.000570906332464125,0.0007142477321750122,0.71,False,False
23,nonlinear_proxy,False,polynomial_ridge,999,22560800,43270807,estimated,-0.000271288309081269,-0.0005339021772650657,0.0008287419321755028,0.71,False,False
23,nonlinear_proxy,False,polynomial_ridge_interactions,99,22560800,43271816,estimated,6.731333435390507e-05,-0.00039176664332988805,0.0008383043961787282,0.6,False,False
23,nonlinear_proxy,False,polynomial_ridge_interactions,199,22560800,43271816,estimated,6.731333435390507e-05,-0.00035748512648016797,0.0007492377468840618,0.6,False,False
23,nonlinear_proxy,False,polynomial_ridge_interactions,499,22560800,43271816,estimated,6.731333435390507e-05,-0.00026733011907466834,0.0007228528497681614,0.6,False,False
23,nonlinear_proxy,False,polynomial_ridge_interactions,999,22560800,43271816,estimated,6.731333435390507e-05,-0.00025316842367857173,0.0007966099771929543,0.6,False,False
23,null_metric,False,polynomial_ridge,99,22560800,43260800,estimated,-0.0010391892085242493,-0.002672598774045152,0.001165030956915258,0.47,False,False
23,null_metric,False,polynomial_ridge,199,22560800,43260800,estimated,-0.0010391892085242493,-0.0023176402095112835,0.00119291630773449,0.47,False,False
23,null_metric,False,polynomial_ridge,499,22560800,43260800,estimated,-0.0010391892085242493,-0.0023096373809853112,0.0013808575196593799,0.47,False,False
23,null_metric,False,polynomial_ridge,999,22560800,43260800,estimated,-0.0010391892085242493,-0.0023126641419579388,0.0013770933577758452,0.47,False,False
23,null_metric,False,polynomial_ridge_interactions,99,22560800,43261809,estimated,-0.000619260998041344,-0.0010300138129936192,0.0008620986695698668,0.55,False,False
23,null_metric,False,polynomial_ridge_interactions,199,22560800,43261809,estimated,-0.000619260998041344,-0.0010618307171009,0.0008161613680244166,0.55,False,False
23,null_metric,False,polynomial_ridge_interactions,499,22560800,43261809,estimated,-0.000619260998041344,-0.0011227758568573799,0.0009043838327511212,0.55,False,False
23,null_metric,False,polynomial_ridge_interactions,999,22560800,43261809,estimated,-0.000619260998041344,-0.0011612181259690734,0.0008877936653415098,0.55,False,False
24,clustered_null,False,polynomial_ridge,99,22660803,44290824,estimated,9.317789542186844e-05,-0.016542611176018553,0.017677473116082636,0.69,False,False
24,clustered_null,False,polynomial_ridge,199,22660803,44290824,estimated,9.317789542186844e-05,-0.01526065990937774,0.02954721223126393,0.69,False,False
24,clustered_null,False,polynomial_ridge,499,22660803,44290824,estimated,9.317789542186844e-05,-0.017399756167055185,0.02310830455875294,0.69,False,False
24,clustered_null,False,polynomial_ridge,999,22660803,44290824,estimated,9.317789542186844e-05,-0.019903685986015707,0.021947207431198743,0.69,False,False
24,clustered_null,False,polynomial_ridge_interactions,99,22660803,44291833,estimated,-0.005405217184210817,-0.017042145872268953,0.015222470760930796,0.135,False,False
24,clustered_null,False,polynomial_ridge_interactions,199,22660803,44291833,estimated,-0.005405217184210817,-0.01149800002088545,0.014205288116614945,0.135,False,False
24,clustered_null,False,polynomial_ridge_interactions,499,22660803,44291833,estimated,-0.005405217184210817,-0.013106417147869783,0.011031311829584584,0.135,False,False
24,clustered_null,False,polynomial_ridge_interactions,999,22660803,44291833,estimated,-0.005405217184210817,-0.015645692132146182,0.013435677244009793,0.135,False,False
24,genuine_increment,True,polynomial_ridge,99,22660803,44300831,estimated,0.04027937536465653,0.025150641819681272,0.052398170854397554,0.005,True,True
24,genuine_increment,True,polynomial_ridge,199,22660803,44300831,estimated,0.04027937536465653,0.02639203897180439,0.051799062132061424,0.005,True,True
24,genuine_increment,True,polynomial_ridge,499,22660803,44300831,estimated,0.04027937536465653,0.025992043106169795,0.05123949547115853,0.005,True,True
24,genuine_increment,True,polynomial_ridge,999,22660803,44300831,estimated,0.04027937536465653,0.026210523975624345,0.05083162501764957,0.005,True,True
24,genuine_increment,True,polynomial_ridge_interactions,99,22660803,44301840,estimated,0.03861819387532799,0.029159209120241957,0.05230838741863303,0.005,True,True
24,genuine_increment,True,polynomial_ridge_interactions,199,22660803,44301840,estimated,0.03861819387532799,0.029001307538940646,0.053433765398647824,0.005,True,True
24,genuine_increment,True,polynomial_ridge_interactions,499,22660803,44301840,estimated,0.03861819387532799,0.026635554717223925,0.05168712334129812,0.005,True,True
24,genuine_increment,True,polynomial_ridge_interactions,999,22660803,44301840,estimated,0.03861819387532799,0.02633280491165164,0.0509665221543739,0.005,True,True
24,heteroskedastic_null,False,polynomial_ridge,99,22660803,44280817,estimated,-0.0006085811360252765,-0.0010068699495569895,0.0010662303015145005,0.4,False,False
24,heteroskedastic_null,False,polynomial_ridge,199,22660803,44280817,estimated,-0.0006085811360252765,-0.001098420312508492,0.0008880490279216339,0.4,False,False
24,heteroskedastic_null,False,polynomial_ridge,499,22660803,44280817,estimated,-0.0006085811360252765,-0.0010208839778325664,0.0008466450239139364,0.4,False,False
24,heteroskedastic_null,False,polynomial_ridge,999,22660803,44280817,estimated,-0.0006085811360252765,-0.0010399038882298634,0.0008468418717900092,0.4,False,False
24,heteroskedastic_null,False,polynomial_ridge_interactions,99,22660803,44281826,estimated,-0.0002704599103070249,-0.0005029190283703145,0.00016850297674179398,0.86,False,False
24,heteroskedastic_null,False,polynomial_ridge_interactions,199,22660803,44281826,estimated,-0.0002704599103070249,-0.0005456816817034254,0.00017689093950223441,0.86,False,False
24,heteroskedastic_null,False,polynomial_ridge_interactions,499,22660803,44281826,estimated,-0.0002704599103070249,-0.0006040513009025735,0.00022800991713677003,0.86,False,False
24,heteroskedastic_null,False,polynomial_ridge_interactions,999,22660803,44281826,estimated,-0.0002704599103070249,-0.0005861769730178443,0.0002329954652493428,0.86,False,False
24,nonlinear_proxy,False,polynomial_ridge,99,22660803,44270810,estimated,-0.00023753869353223406,-0.0004444589068047744,0.0010757875072687016,0.13,False,False
24,nonlinear_proxy,False,polynomial_ridge,199,22660803,44270810,estimated,-0.00023753869353223406,-0.0004786961383001344,0.0011133632042893398,0.13,False,False
24,nonlinear_proxy,False,polynomial_ridge,499,22660803,44270810,estimated,-0.00023753869353223406,-0.0005466310832378086,0.0012910627314742524,0.13,False,False
24,nonlinear_proxy,False,polynomial_ridge,999,22660803,44270810,estimated,-0.00023753869353223406,-0.0005788023969733702,0.0011526775583044658,0.13,False,False
24,nonlinear_proxy,False,polynomial_ridge_interactions,99,22660803,44271819,estimated,-0.0003978931504606551,-0.00037987266190470396,0.0014538607224001564,0.01,False,False
24,nonlinear_proxy,False,polynomial_ridge_interactions,199,22660803,44271819,estimated,-0.0003978931504606551,-0.00034737698092476686,0.001251438745379015,0.01,False,False
24,nonlinear_proxy,False,polynomial_ridge_interactions,499,22660803,44271819,estimated,-0.0003978931504606551,-0.00038752284509005426,0.001158716170487409,0.01,False,False
24,nonlinear_proxy,False,polynomial_ridge_interactions,999,22660803,44271819,estimated,-0.0003978931504606551,-0.0004424852592189563,0.0010511835682331925,0.01,False,False
24,null_metric,False,polynomial_ridge,99,22660803,44260803,estimated,-0.00014750883560192204,-0.0017971337100429973,0.0021391552988985095,0.225,False,False
24,null_metric,False,polynomial_ridge,199,22660803,44260803,estimated,-0.00014750883560192204,-0.0017235205728571444,0.0022473932891161437,0.225,False,False
24,null_metric,False,polynomial_ridge,499,22660803,44260803,estimated,-0.00014750883560192204,-0.0016291791968565087,0.002231118766017291,0.225,False,False
24,null_metric,False,polynomial_ridge,999,22660803,44260803,estimated,-0.00014750883560192204,-0.0016219569397290833,0.0023521946950842065,0.225,False,False
24,null_metric,False,polynomial_ridge_interactions,99,22660803,44261812,estimated,-0.0005497566758314552,-0.0011435474175066403,0.0009248002758036252,0.29,False,False
24,null_metric,False,polynomial_ridge_interactions,199,22660803,44261812,estimated,-0.0005497566758314552,-0.0011062786363881707,0.0010142748824995104,0.29,False,False
24,null_metric,False,polynomial_ridge_interactions,499,22660803,44261812,estimated,-0.0005497566758314552,-0.0010887971474882075,0.0011271226639452743,0.29,False,False
24,null_metric,False,polynomial_ridge_interactions,999,22660803,44261812,estimated,-0.0005497566758314552,-0.001180196713157682,0.0011056266253883463,0.29,False,False
25,clustered_null,False,polynomial_ridge,99,22760806,45290827,estimated,-0.00956088605941954,-0.02140797732092376,0.010755859106171483,0.78,False,False
25,clustered_null,False,polynomial_ridge,199,22760806,45290827,estimated,-0.00956088605941954,-0.024198005749802576,0.0087251609624247,0.78,False,False
25,clustered_null,False,polynomial_ridge,499,22760806,45290827,estimated,-0.00956088605941954,-0.026565382827967582,0.011052339942614675,0.78,False,False
25,clustered_null,False,polynomial_ridge,999,22760806,45290827,estimated,-0.00956088605941954,-0.03316169118060817,0.011526873604577806,0.78,False,False
25,clustered_null,False,polynomial_ridge_interactions,99,22760806,45291836,estimated,-0.0029228231077900596,-0.018845067831455453,0.008968124918672183,0.74,False,False
25,clustered_null,False,polynomial_ridge_interactions,199,22760806,45291836,estimated,-0.0029228231077900596,-0.02520026570042367,0.012389576069840796,0.74,False,False
25,clustered_null,False,polynomial_ridge_interactions,499,22760806,45291836,estimated,-0.0029228231077900596,-0.024223257450126764,0.011221807132167244,0.74,False,False
25,clustered_null,False,polynomial_ridge_interactions,999,22760806,45291836,estimated,-0.0029228231077900596,-0.02613206278283326,0.010717059379133625,0.74,False,False
25,genuine_increment,True,polynomial_ridge,99,22760806,45300834,estimated,0.04893637803450977,0.04197306825870204,0.060051913319425644,0.005,True,True
25,genuine_increment,True,polynomial_ridge,199,22760806,45300834,estimated,0.04893637803450977,0.041685395405391706,0.06064465663258344,0.005,True,True
25,genuine_increment,True,polynomial_ridge,499,22760806,45300834,estimated,0.04893637803450977,0.04171665609400254,0.060238268566380426,0.005,True,True
25,genuine_increment,True,polynomial_ridge,999,22760806,45300834,estimated,0.04893637803450977,0.04149975049016328,0.06040948910569127,0.005,True,True
25,genuine_increment,True,polynomial_ridge_interactions,99,22760806,45301843,estimated,0.05145682163647747,0.04308572138894139,0.05927722548875483,0.005,True,True
25,genuine_increment,True,polynomial_ridge_interactions,199,22760806,45301843,estimated,0.05145682163647747,0.04349079088154177,0.0614302171817994,0.005,True,True
25,genuine_increment,True,polynomial_ridge_interactions,499,22760806,45301843,estimated,0.05145682163647747,0.04147257187883369,0.060354896940718675,0.005,True,True
25,genuine_increment,True,polynomial_ridge_interactions,999,22760806,45301843,estimated,0.05145682163647747,0.04141739924213529,0.06062790228848284,0.005,True,True
25,heteroskedastic_null,False,polynomial_ridge,99,22760806,45280820,estimated,-0.0006633498482793935,-0.0017410317787826227,0.0003988301753290451,0.575,False,False
25,heteroskedastic_null,False,polynomial_ridge,199,22760806,45280820,estimated,-0.0006633498482793935,-0.0013317575968785657,0.0004873994162440754,0.575,False,False
25,heteroskedastic_null,False,polynomial_ridge,499,22760806,45280820,estimated,-0.0006633498482793935,-0.0012403335751365798,0.0007520010564573576,0.575,False,False
25,heteroskedastic_null,False,polynomial_ridge,999,22760806,45280820,estimated,-0.0006633498482793935,-0.001298363254804429,0.0007258635528652272,0.575,False,False
25,heteroskedastic_null,False,polynomial_ridge_interactions,99,22760806,45281829,estimated,7.30654304643974e-06,-0.0003987820705152296,0.0002518489118239232,0.78,False,False
25,heteroskedastic_null,False,polynomial_ridge_interactions,199,22760806,45281829,estimated,7.30654304643974e-06,-0.0003882449626607269,0.0002781759511380003,0.78,False,False
25,heteroskedastic_null,False,polynomial_ridge_interactions,499,22760806,45281829,estimated,7.30654304643974e-06,-0.0004444562100265172,0.00032255908270580215,0.78,False,False
25,heteroskedastic_null,False,polynomial_ridge_interactions,999,22760806,45281829,estimated,7.30654304643974e-06,-0.00040113862892214244,0.00035552647482678845,0.78,False,False
25,nonlinear_proxy,False,polynomial_ridge,99,22760806,45270813,estimated,-0.0006419616054432692,-0.0009035235762990268,0.0010498711161919727,0.77,False,False
25,nonlinear_proxy,False,polynomial_ridge,199,22760806,45270813,estimated,-0.0006419616054432692,-0.0008669083258621005,0.0010570147186152925,0.77,False,False
25,nonlinear_proxy,False,polynomial_ridge,499,22760806,45270813,estimated,-0.0006419616054432692,-0.0007853164617691416,0.001083735810061563,0.77,False,False
25,nonlinear_proxy,False,polynomial_ridge,999,22760806,45270813,estimated,-0.0006419616054432692,-0.0007156573035846002,0.0011276404160645856,0.77,False,False
25,nonlinear_proxy,False,polynomial_ridge_interactions,99,22760806,45271822,estimated,-0.00010232015335521604,-0.0003562777145016011,0.0008002788452921891,0.64,False,False
25,nonlinear_proxy,False,polynomial_ridge_interactions,199,22760806,45271822,estimated,-0.00010232015335521604,-0.00039948360835364384,0.0008547584349581928,0.64,False,False
25,nonlinear_proxy,False,polynomial_ridge_interactions,499,22760806,45271822,estimated,-0.00010232015335521604,-0.0003626632660444132,0.0009942869232274208,0.64,False,False
25,nonlinear_proxy,False,polynomial_ridge_interactions,999,22760806,45271822,estimated,-0.00010232015335521604,-0.00036094480795706294,0.0010119654357606228,0.64,False,False
25,null_metric,False,polynomial_ridge,99,22760806,45260806,estimated,0.000169591262374532,-0.002415062772965891,0.002280492913807832,0.95,False,False
25,null_metric,False,polynomial_ridge,199,22760806,45260806,estimated,0.000169591262374532,-0.0024027974293899723,0.004017899190922627,0.95,False,False
25,null_metric,False,polynomial_ridge,499,22760806,45260806,estimated,0.000169591262374532,-0.0026063736466172263,0.00406910411917341,0.95,False,False
25,null_metric,False,polynomial_ridge,999,22760806,45260806,estimated,0.000169591262374532,-0.0026504039766232696,0.004115684373796556,0.95,False,False
25,null_metric,False,polynomial_ridge_interactions,99,22760806,45261815,estimated,-0.00025919427337658604,-0.0009670100503773197,0.000987883658644403,0.9,False,False
25,null_metric,False,polynomial_ridge_interactions,199,22760806,45261815,estimated,-0.00025919427337658604,-0.0010609640074783382,0.0015606722325233503,0.9,False,False
25,null_metric,False,polynomial_ridge_interactions,499,22760806,45261815,estimated,-0.00025919427337658604,-0.0009857990006292758,0.0018584318121363348,0.9,False,False
25,null_metric,False,polynomial_ridge_interactions,999,22760806,45261815,estimated,-0.00025919427337658604,-0.0009007665017018507,0.0017538290816936184,0.9,False,False
26,clustered_null,False,polynomial_ridge,99,22860809,46290830,estimated,-0.004514307908506515,-0.011345980326789549,0.007483897873829961,0.445,False,False
26,clustered_null,False,polynomial_ridge,199,22860809,46290830,estimated,-0.004514307908506515,-0.013066047342630038,0.007322202351152475,0.445,False,False
26,clustered_null,False,polynomial_ridge,499,22860809,46290830,estimated,-0.004514307908506515,-0.012257481519250267,0.007776869888157624,0.445,False,False
26,clustered_null,False,polynomial_ridge,999,22860809,46290830,estimated,-0.004514307908506515,-0.014214993727543106,0.008160998948664995,0.445,False,False
26,clustered_null,False,polynomial_ridge_interactions,99,22860809,46291839,estimated,-0.0010637808765911506,-0.009422077756658273,0.007285608700556717,0.76,False,False
26,clustered_null,False,polynomial_ridge_interactions,199,22860809,46291839,estimated,-0.0010637808765911506,-0.015757766600674482,0.005199580528574112,0.76,False,False
26,clustered_null,False,polynomial_ridge_interactions,499,22860809,46291839,estimated,-0.0010637808765911506,-0.010712525364798373,0.006731113609739338,0.76,False,False
26,clustered_null,False,polynomial_ridge_interactions,999,22860809,46291839,estimated,-0.0010637808765911506,-0.010748016507486167,0.006820489528827552,0.76,False,False
26,genuine_increment,True,polynomial_ridge,99,22860809,46300837,estimated,0.04272509740506818,0.029135242986804494,0.05622736242967222,0.005,True,True
26,genuine_increment,True,polynomial_ridge,199,22860809,46300837,estimated,0.04272509740506818,0.029392901912884444,0.056200583931637765,0.005,True,True
26,genuine_increment,True,polynomial_ridge,499,22860809,46300837,estimated,0.04272509740506818,0.029128134218937538,0.05569920524882295,0.005,True,True
26,genuine_increment,True,polynomial_ridge,999,22860809,46300837,estimated,0.04272509740506818,0.029880691483768155,0.055236785594378966,0.005,True,True
26,genuine_increment,True,polynomial_ridge_interactions,99,22860809,46301846,estimated,0.04289975352333351,0.029302169938167717,0.0518809245405557,0.005,True,True
26,genuine_increment,True,polynomial_ridge_interactions,199,22860809,46301846,estimated,0.04289975352333351,0.029582649385143885,0.05542653703690189,0.005,True,True
26,genuine_increment,True,polynomial_ridge_interactions,499,22860809,46301846,estimated,0.04289975352333351,0.029991718410750896,0.05442173009282013,0.005,True,True
26,genuine_increment,True,polynomial_ridge_interactions,999,22860809,46301846,estimated,0.04289975352333351,0.02973105905108334,0.05449262146599253,0.005,True,True
26,heteroskedastic_null,False,polynomial_ridge,99,22860809,46280823,estimated,-0.0006968068938295151,-0.0012066758406135795,0.00045372774794455787,0.615,False,False
26,heteroskedastic_null,False,polynomial_ridge,199,22860809,46280823,estimated,-0.0006968068938295151,-0.0012791388564695673,0.00045602657967299266,0.615,False,False
26,heteroskedastic_null,False,polynomial_ridge,499,22860809,46280823,estimated,-0.0006968068938295151,-0.00136067153658396,0.0006058112307343143,0.615,False,False
26,heteroskedastic_null,False,polynomial_ridge,999,22860809,46280823,estimated,-0.0006968068938295151,-0.0013434862952871125,0.000599692915733118,0.615,False,False
26,heteroskedastic_null,False,polynomial_ridge_interactions,99,22860809,46281832,estimated,-0.00045922448623057603,-0.0006549295079007995,0.0003789513788619345,0.995,False,False
26,heteroskedastic_null,False,polynomial_ridge_interactions,199,22860809,46281832,estimated,-0.00045922448623057603,-0.000626496171795222,0.0002474224038128117,0.995,False,False
26,heteroskedastic_null,False,polynomial_ridge_interactions,499,22860809,46281832,estimated,-0.00045922448623057603,-0.0005999939687423706,0.0002779418517805617,0.995,False,False
26,heteroskedastic_null,False,polynomial_ridge_interactions,999,22860809,46281832,estimated,-0.00045922448623057603,-0.0005981530086641102,0.00027323489102082713,0.995,False,False
26,nonlinear_proxy,False,polynomial_ridge,99,22860809,46270816,estimated,-0.00021647099126636052,-0.0006803376534006906,0.0021227289012761778,0.545,False,False
26,nonlinear_proxy,False,polynomial_ridge,199,22860809,46270816,estimated,-0.00021647099126636052,-0.0008069595585903213,0.0019412660873229987,0.545,False,False
26,nonlinear_proxy,False,polynomial_ridge,499,22860809,46270816,estimated,-0.00021647099126636052,-0.0008805610075225065,0.0020214240479947193,0.545,False,False
26,nonlinear_proxy,False,polynomial_ridge,999,22860809,46270816,estimated,-0.00021647099126636052,-0.000821427080907768,0.0019693031740643943,0.545,False,False
26,nonlinear_proxy,False,polynomial_ridge_interactions,99,22860809,46271825,estimated,0.0001276725439567205,-0.0004797348998014354,0.0012167248162861994,0.165,False,False
26,nonlinear_proxy,False,polynomial_ridge_interactions,199,22860809,46271825,estimated,0.0001276725439567205,-0.0004796808520235119,0.0011193567919119622,0.165,False,False
26,nonlinear_proxy,False,polynomial_ridge_interactions,499,22860809,46271825,estimated,0.0001276725439567205,-0.0005865974571694804,0.0012669050589870952,0.165,False,False
26,nonlinear_proxy,False,polynomial_ridge_interactions,999,22860809,46271825,estimated,0.0001276725439567205,-0.0005588008067122665,0.0013295642599964012,0.165,False,False
26,null_metric,False,polynomial_ridge,99,22860809,46260809,estimated,-0.0002758145512599952,-0.0026944349499104427,0.0014624183921423408,0.415,False,False
26,null_metric,False,polynomial_ridge,199,22860809,46260809,estimated,-0.0002758145512599952,-0.0028594043443680773,0.0016992334381883425,0.415,False,False
26,null_metric,False,polynomial_ridge,499,22860809,46260809,estimated,-0.0002758145512599952,-0.0025037091278787777,0.0017975211997009514,0.415,False,False
26,null_metric,False,polynomial_ridge,999,22860809,46260809,estimated,-0.0002758145512599952,-0.0025839324244757477,0.0018953835520122955,0.415,False,False
26,null_metric,False,polynomial_ridge_interactions,99,22860809,46261818,estimated,-0.00021206493035007268,-0.000954989771501857,0.0007016856804971212,0.715,False,False
26,null_metric,False,polynomial_ridge_interactions,199,22860809,46261818,estimated,-0.00021206493035007268,-0.0011699234338041157,0.0009129018501577175,0.715,False,False
26,null_metric,False,polynomial_ridge_interactions,499,22860809,46261818,estimated,-0.00021206493035007268,-0.0011650944504238172,0.0008729428843645351,0.715,False,False
26,null_metric,False,polynomial_ridge_interactions,999,22860809,46261818,estimated,-0.00021206493035007268,-0.0011687583988445856,0.0009613395975983067,0.715,False,False
27,clustered_null,False,polynomial_ridge,99,22960812,47290833,estimated,0.0012459407492395672,-0.011034561839717556,0.01374884759889769,0.9,False,False
27,clustered_null,False,polynomial_ridge,199,22960812,47290833,estimated,0.0012459407492395672,-0.011491405676436282,0.012909906635642473,0.9,False,False
27,clustered_null,False,polynomial_ridge,499,22960812,47290833,estimated,0.0012459407492395672,-0.016246292388792112,0.010131097244547655,0.9,False,False
27,clustered_null,False,polynomial_ridge,999,22960812,47290833,estimated,0.0012459407492395672,-0.018692031411219345,0.011143924845471057,0.9,False,False
27,clustered_null,False,polynomial_ridge_interactions,99,22960812,47291842,estimated,-0.001612148770810437,-0.008472181726603125,0.011578698731644318,0.76,False,False
27,clustered_null,False,polynomial_ridge_interactions,199,22960812,47291842,estimated,-0.001612148770810437,-0.00993357958747376,0.009456053652951796,0.76,False,False
27,clustered_null,False,polynomial_ridge_interactions,499,22960812,47291842,estimated,-0.001612148770810437,-0.009155933578483898,0.0091977537399872,0.76,False,False
27,clustered_null,False,polynomial_ridge_interactions,999,22960812,47291842,estimated,-0.001612148770810437,-0.008957456794781282,0.008420471593438466,0.76,False,False
27,genuine_increment,True,polynomial_ridge,99,22960812,47300840,estimated,0.04003734788193815,0.028559569456658083,0.04782878408126333,0.005,True,True
27,genuine_increment,True,polynomial_ridge,199,22960812,47300840,estimated,0.04003734788193815,0.02711513207178654,0.049207183677134766,0.005,True,True
27,genuine_increment,True,polynomial_ridge,499,22960812,47300840,estimated,0.04003734788193815,0.02712692620135229,0.04863560314662024,0.005,True,True
27,genuine_increment,True,polynomial_ridge,999,22960812,47300840,estimated,0.04003734788193815,0.026915834735420474,0.04869702666253016,0.005,True,True
27,genuine_increment,True,polynomial_ridge_interactions,99,22960812,47301849,estimated,0.037330745300038534,0.026277405678884695,0.04858176578558028,0.005,True,True
27,genuine_increment,True,polynomial_ridge_interactions,199,22960812,47301849,estimated,0.037330745300038534,0.026459069251182774,0.04850045923202937,0.005,True,True
27,genuine_increment,True,polynomial_ridge_interactions,499,22960812,47301849,estimated,0.037330745300038534,0.025396037966325134,0.04832616237459143,0.005,True,True
27,genuine_increment,True,polynomial_ridge_interactions,999,22960812,47301849,estimated,0.037330745300038534,0.02525346218056143,0.048645151143302326,0.005,True,True
27,heteroskedastic_null,False,polynomial_ridge,99,22960812,47280826,estimated,-0.00034741194515772525,-0.0007718254736790935,0.0005876530089148317,0.225,False,False
27,heteroskedastic_null,False,polynomial_ridge,199,22960812,47280826,estimated,-0.00034741194515772525,-0.0009521793912764905,0.000616567888989109,0.225,False,False
27,heteroskedastic_null,False,polynomial_ridge,499,22960812,47280826,estimated,-0.00034741194515772525,-0.0011667229984620219,0.0005710235742103981,0.225,False,False
27,heteroskedastic_null,False,polynomial_ridge,999,22960812,47280826,estimated,-0.00034741194515772525,-0.0010818788899758086,0.0006435571019880974,0.225,False,False
27,heteroskedastic_null,False,polynomial_ridge_interactions,99,22960812,47281835,estimated,-0.00021176145054094264,-0.0004978392151290553,0.00044178607546618457,0.475,False,False
27,heteroskedastic_null,False,polynomial_ridge_interactions,199,22960812,47281835,estimated,-0.00021176145054094264,-0.000513645975194525,0.0004446854012231252,0.475,False,False
27,heteroskedastic_null,False,polynomial_ridge_interactions,499,22960812,47281835,estimated,-0.00021176145054094264,-0.0005042663460182353,0.0004190390502104416,0.475,False,False
27,heteroskedastic_null,False,polynomial_ridge_interactions,999,22960812,47281835,estimated,-0.00021176145054094264,-0.000499505573563577,0.0004283161612584783,0.475,False,False
27,nonlinear_proxy,False,polynomial_ridge,99,22960812,47270819,estimated,-0.0004126459481530167,-0.0006931463842597456,0.0013313437978628691,0.955,False,False
27,nonlinear_proxy,False,polynomial_ridge,199,22960812,47270819,estimated,-0.0004126459481530167,-0.0007100033666255425,0.0013651253530449394,0.955,False,False
27,nonlinear_proxy,False,polynomial_ridge,499,22960812,47270819,estimated,-0.0004126459481530167,-0.0006732957036199294,0.001406377513699373,0.955,False,False
27,nonlinear_proxy,False,polynomial_ridge,999,22960812,47270819,estimated,-0.0004126459481530167,-0.0006690346700088448,0.0015143014651452492,0.955,False,False
27,nonlinear_proxy,False,polynomial_ridge_interactions,99,22960812,47271828,estimated,-0.0001690305277996986,-0.0003166191979281674,0.0016209949351621907,0.87,False,False
27,nonlinear_proxy,False,polynomial_ridge_interactions,199,22960812,47271828,estimated,-0.0001690305277996986,-0.0003699798163706835,0.0014505303159448905,0.87,False,False
27,nonlinear_proxy,False,polynomial_ridge_interactions,499,22960812,47271828,estimated,-0.0001690305277996986,-0.0004020093219462647,0.0017378393598859428,0.87,False,False
27,nonlinear_proxy,False,polynomial_ridge_interactions,999,22960812,47271828,estimated,-0.0001690305277996986,-0.0004485702780387175,0.001809363463708724,0.87,False,False
27,null_metric,False,polynomial_ridge,99,22960812,47260812,estimated,-0.002480944784709154,-0.0019999038713172366,0.0013496294531632803,0.56,False,False
27,null_metric,False,polynomial_ridge,199,22960812,47260812,estimated,-0.002480944784709154,-0.0021272425427544843,0.001483351416063113,0.56,False,False
27,null_metric,False,polynomial_ridge,499,22960812,47260812,estimated,-0.002480944784709154,-0.0022609071325066584,0.001246914328964435,0.56,False,False
27,null_metric,False,polynomial_ridge,999,22960812,47260812,estimated,-0.002480944784709154,-0.002255792087308957,0.0012293049668019845,0.56,False,False
27,null_metric,False,polynomial_ridge_interactions,99,22960812,47261821,estimated,-0.00027181966728773155,-0.0010916513116125029,0.0003846859705678252,0.725,False,False
27,null_metric,False,polynomial_ridge_interactions,199,22960812,47261821,estimated,-0.00027181966728773155,-0.0010913747618600228,0.0003729255248446725,0.725,False,False
27,null_metric,False,polynomial_ridge_interactions,499,22960812,47261821,estimated,-0.00027181966728773155,-0.0010437448174326965,0.0004130576825321102,0.725,False,False
27,null_metric,False,polynomial_ridge_interactions,999,22960812,47261821,estimated,-0.00027181966728773155,-0.0010388020858898186,0.0004181082196914346,0.725,False,False
28,clustered_null,False,polynomial_ridge,99,23060815,48290836,estimated,-0.006055799987183818,-0.015187169012318018,0.023056098821625248,0.45,False,False
28,clustered_null,False,polynomial_ridge,199,23060815,48290836,estimated,-0.006055799987183818,-0.01050277943386292,0.022220518733662264,0.45,False,False
28,clustered_null,False,polynomial_ridge,499,23060815,48290836,estimated,-0.006055799987183818,-0.013758512554629428,0.023056098821625272,0.45,False,False
28,clustered_null,False,polynomial_ridge,999,23060815,48290836,estimated,-0.006055799987183818,-0.01117379600702688,0.0223821763263061,0.45,False,False
28,clustered_null,False,polynomial_ridge_interactions,99,23060815,48291845,estimated,-0.0029552348628249063,-0.008854225456962085,0.02011835533778081,0.55,False,False
28,clustered_null,False,polynomial_ridge_interactions,199,23060815,48291845,estimated,-0.0029552348628249063,-0.008905346527477273,0.020604890519689712,0.55,False,False
28,clustered_null,False,polynomial_ridge_interactions,499,23060815,48291845,estimated,-0.0029552348628249063,-0.008986533357404692,0.020734577718087035,0.55,False,False
28,clustered_null,False,polynomial_ridge_interactions,999,23060815,48291845,estimated,-0.0029552348628249063,-0.009660863741012441,0.020515502369410528,0.55,False,False
28,genuine_increment,True,polynomial_ridge,99,23060815,48300843,estimated,0.03970498285377326,0.029788540688487363,0.05280035993414855,0.005,True,True
28,genuine_increment,True,polynomial_ridge,199,23060815,48300843,estimated,0.03970498285377326,0.02884564001479786,0.05287772743894347,0.005,True,True
28,genuine_increment,True,polynomial_ridge,499,23060815,48300843,estimated,0.03970498285377326,0.02886684477379806,0.05167873725140184,0.005,True,True
28,genuine_increment,True,polynomial_ridge,999,23060815,48300843,estimated,0.03970498285377326,0.02968342475559308,0.052009371610742434,0.005,True,True
28,genuine_increment,True,polynomial_ridge_interactions,99,23060815,48301852,estimated,0.04110009682960436,0.028115095980123652,0.053089399585129204,0.005,True,True
28,genuine_increment,True,polynomial_ridge_interactions,199,23060815,48301852,estimated,0.04110009682960436,0.029932110401315288,0.05246717659713004,0.005,True,True
28,genuine_increment,True,polynomial_ridge_interactions,499,23060815,48301852,estimated,0.04110009682960436,0.029895403055799366,0.05308939958512921,0.005,True,True
28,genuine_increment,True,polynomial_ridge_interactions,999,23060815,48301852,estimated,0.04110009682960436,0.029658699617098504,0.05246165306724695,0.005,True,True
28,heteroskedastic_null,False,polynomial_ridge,99,23060815,48280829,estimated,-0.0004106780335955294,-0.0007176783999851607,0.0005970761295537773,0.335,False,False
28,heteroskedastic_null,False,polynomial_ridge,199,23060815,48280829,estimated,-0.0004106780335955294,-0.0007459061764478536,0.0005297014776694563,0.335,False,False
28,heteroskedastic_null,False,polynomial_ridge,499,23060815,48280829,estimated,-0.0004106780335955294,-0.0008618096619461589,0.0005876322820963529,0.335,False,False
28,heteroskedastic_null,False,polynomial_ridge,999,23060815,48280829,estimated,-0.0004106780335955294,-0.0008961674748079963,0.0005318543765988265,0.335,False,False
28,heteroskedastic_null,False,polynomial_ridge_interactions,99,23060815,48281838,estimated,-0.00017875408219035493,-0.0003788562713722845,0.000624254714725474,0.285,False,False
28,heteroskedastic_null,False,polynomial_ridge_interactions,199,23060815,48281838,estimated,-0.00017875408219035493,-0.0004779747107184304,0.0007008087443490311,0.285,False,False
28,heteroskedastic_null,False,polynomial_ridge_interactions,499,23060815,48281838,estimated,-0.00017875408219035493,-0.0004608959326345471,0.0006106504839767697,0.285,False,False
28,heteroskedastic_null,False,polynomial_ridge_interactions,999,23060815,48281838,estimated,-0.00017875408219035493,-0.00047158733152688644,0.0005097235553173909,0.285,False,False
28,nonlinear_proxy,False,polynomial_ridge,99,23060815,48270822,estimated,-0.0005422789080549483,-0.0006523438594921341,0.0013956005385009152,0.375,False,False
28,nonlinear_proxy,False,polynomial_ridge,199,23060815,48270822,estimated,-0.0005422789080549483,-0.0007261056147103714,0.0014073809124175774,0.375,False,False
28,nonlinear_proxy,False,polynomial_ridge,499,23060815,48270822,estimated,-0.0005422789080549483,-0.0007343784022895767,0.0013520775029664137,0.375,False,False
28,nonlinear_proxy,False,polynomial_ridge,999,23060815,48270822,estimated,-0.0005422789080549483,-0.0007557217863682459,0.0012746608622078149,0.375,False,False
28,nonlinear_proxy,False,polynomial_ridge_interactions,99,23060815,48271831,estimated,-0.0002703800498791353,-0.0002777436958986375,0.001198561928058578,0.65,False,False
28,nonlinear_proxy,False,polynomial_ridge_interactions,199,23060815,48271831,estimated,-0.0002703800498791353,-0.0003071019318336304,0.0011300021685049701,0.65,False,False
28,nonlinear_proxy,False,polynomial_ridge_interactions,499,23060815,48271831,estimated,-0.0002703800498791353,-0.0003941891234196965,0.0011289352239839217,0.65,False,False
28,nonlinear_proxy,False,polynomial_ridge_interactions,999,23060815,48271831,estimated,-0.0002703800498791353,-0.00040557529862549383,0.00110899075681354,0.65,False,False
28,null_metric,False,polynomial_ridge,99,23060815,48260815,estimated,0.0009266967912150981,-0.001157099797794246,0.0034674920045728403,0.78,False,False
28,null_metric,False,polynomial_ridge,199,23060815,48260815,estimated,0.0009266967912150981,-0.0012926741532056443,0.0033715084499704156,0.78,False,False
28,null_metric,False,polynomial_ridge,499,23060815,48260815,estimated,0.0009266967912150981,-0.001282600787817137,0.003492013015928991,0.78,False,False
28,null_metric,False,polynomial_ridge,999,23060815,48260815,estimated,0.0009266967912150981,-0.001290694592089306,0.0035174416360766376,0.78,False,False
28,null_metric,False,polynomial_ridge_interactions,99,23060815,48261824,estimated,-0.00014850953105692566,-0.0014400210362359627,0.0007855088020834722,0.77,False,False
28,null_metric,False,polynomial_ridge_interactions,199,23060815,48261824,estimated,-0.00014850953105692566,-0.001394422366895558,0.0009104905534646197,0.77,False,False
28,null_metric,False,polynomial_ridge_interactions,499,23060815,48261824,estimated,-0.00014850953105692566,-0.0011920380135364012,0.0009326316748521433,0.77,False,False
28,null_metric,False,polynomial_ridge_interactions,999,23060815,48261824,estimated,-0.00014850953105692566,-0.0011968728079064465,0.0009012127169052617,0.77,False,False
29,clustered_null,False,polynomial_ridge,99,23160818,49290839,estimated,-0.010632318680219036,-0.06524170393158217,0.011394781839009927,0.205,False,False
29,clustered_null,False,polynomial_ridge,199,23160818,49290839,estimated,-0.010632318680219036,-0.034585179445061585,0.011374264111716758,0.205,False,False
29,clustered_null,False,polynomial_ridge,499,23160818,49290839,estimated,-0.010632318680219036,-0.030775997258278915,0.012270864490488531,0.205,False,False
29,clustered_null,False,polynomial_ridge,999,23160818,49290839,estimated,-0.010632318680219036,-0.0308850620660025,0.016446465995172653,0.205,False,False
29,clustered_null,False,polynomial_ridge_interactions,99,23160818,49291848,estimated,-0.005260895858082634,-0.022620107743320364,0.012036153213275922,0.045,False,False
29,clustered_null,False,polynomial_ridge_interactions,199,23160818,49291848,estimated,-0.005260895858082634,-0.022694110871719894,0.01629332623429192,0.045,False,False
29,clustered_null,False,polynomial_ridge_interactions,499,23160818,49291848,estimated,-0.005260895858082634,-0.024277679102288653,0.015034949359695342,0.045,False,False
29,clustered_null,False,polynomial_ridge_interactions,999,23160818,49291848,estimated,-0.005260895858082634,-0.023788049749923604,0.01383164504758522,0.045,False,False
29,genuine_increment,True,polynomial_ridge,99,23160818,49300846,estimated,0.045098971120312595,0.030955805338398465,0.05215710464064538,0.005,True,True
29,genuine_increment,True,polynomial_ridge,199,23160818,49300846,estimated,0.045098971120312595,0.0315497966325837,0.052153330900902975,0.005,True,True
29,genuine_increment,True,polynomial_ridge,499,23160818,49300846,estimated,0.045098971120312595,0.03297133958763246,0.05226517943868769,0.005,True,True
29,genuine_increment,True,polynomial_ridge,999,23160818,49300846,estimated,0.045098971120312595,0.03185538587997694,0.052608864306515436,0.005,True,True
29,genuine_increment,True,polynomial_ridge_interactions,99,23160818,49301855,estimated,0.041793837917086255,0.03104339443317586,0.05023316904695021,0.005,True,True
29,genuine_increment,True,polynomial_ridge_interactions,199,23160818,49301855,estimated,0.041793837917086255,0.03158222495629433,0.05029466685061266,0.005,True,True
29,genuine_increment,True,polynomial_ridge_interactions,499,23160818,49301855,estimated,0.041793837917086255,0.031649041240177055,0.050233169046950216,0.005,True,True
29,genuine_increment,True,polynomial_ridge_interactions,999,23160818,49301855,estimated,0.041793837917086255,0.031479119787380064,0.05039296070676437,0.005,True,True
29,heteroskedastic_null,False,polynomial_ridge,99,23160818,49280832,estimated,0.0006125007235544006,-0.0006847913995430702,0.0019384290014201689,0.815,False,False
29,heteroskedastic_null,False,polynomial_ridge,199,23160818,49280832,estimated,0.0006125007235544006,-0.0007055373448676238,0.002096811241345922,0.815,False,False
29,heteroskedastic_null,False,polynomial_ridge,499,23160818,49280832,estimated,0.0006125007235544006,-0.0005344065179443098,0.0020192585979477897,0.815,False,False
29,heteroskedastic_null,False,polynomial_ridge,999,23160818,49280832,estimated,0.0006125007235544006,-0.00044874085665902306,0.0020276581513246576,0.815,False,False
29,heteroskedastic_null,False,polynomial_ridge_interactions,99,23160818,49281841,estimated,0.0010023070583967657,-9.089529507580436e-07,0.0018474769561534707,0.34,False,False
29,heteroskedastic_null,False,polynomial_ridge_interactions,199,23160818,49281841,estimated,0.0010023070583967657,9.706696717319987e-06,0.0018300139185596163,0.34,True,False
29,heteroskedastic_null,False,polynomial_ridge_interactions,499,23160818,49281841,estimated,0.0010023070583967657,-6.443865849060663e-06,0.0018402255228280057,0.34,False,False
29,heteroskedastic_null,False,polynomial_ridge_interactions,999,23160818,49281841,estimated,0.0010023070583967657,-2.432885545214516e-05,0.0018515661063659933,0.34,False,False
29,nonlinear_proxy,False,polynomial_ridge,99,23160818,49270825,estimated,0.00029645109686580757,-0.00011363830763871862,0.0017852145634214727,0.005,False,False
29,nonlinear_proxy,False,polynomial_ridge,199,23160818,49270825,estimated,0.00029645109686580757,-0.0001430854371701928,0.0018701184863402786,0.005,False,False
29,nonlinear_proxy,False,polynomial_ridge,499,23160818,49270825,estimated,0.00029645109686580757,-0.00015396658908723484,0.0017207144324021663,0.005,False,False
29,nonlinear_proxy,False,polynomial_ridge,999,23160818,49270825,estimated,0.00029645109686580757,-0.00018239075519290416,0.00180469686867593,0.005,False,False
29,nonlinear_proxy,False,polynomial_ridge_interactions,99,23160818,49271834,estimated,0.000552037493043109,-7.355725825960214e-06,0.0019508437035180032,0.005,False,False
29,nonlinear_proxy,False,polynomial_ridge_interactions,199,23160818,49271834,estimated,0.000552037493043109,1.0870569407334156e-05,0.0019292423370133502,0.005,True,True
29,nonlinear_proxy,False,polynomial_ridge_interactions,499,23160818,49271834,estimated,0.000552037493043109,-1.176329986780706e-05,0.0018844706354691292,0.005,False,False
29,nonlinear_proxy,False,polynomial_ridge_interactions,999,23160818,49271834,estimated,0.000552037493043109,-1.2896229005329451e-05,0.0017960983184819705,0.005,False,False
29,null_metric,False,polynomial_ridge,99,23160818,49260818,estimated,-0.0015228731684400199,-0.0022491500869496884,0.0013348269973405943,0.305,False,False
29,null_metric,False,polynomial_ridge,199,23160818,49260818,estimated,-0.0015228731684400199,-0.002358121091491067,0.0012167323695589092,0.305,False,False
29,null_metric,False,polynomial_ridge,499,23160818,49260818,estimated,-0.0015228731684400199,-0.0024464965388981894,0.001364492052641793,0.305,False,False
29,null_metric,False,polynomial_ridge,999,23160818,49260818,estimated,-0.0015228731684400199,-0.0024672834309678537,0.0013817947369012264,0.305,False,False
29,null_metric,False,polynomial_ridge_interactions,99,23160818,49261827,estimated,-0.0003507860491738374,-0.0007601452284181165,0.0012180526303473892,0.27,False,False
29,null_metric,False,polynomial_ridge_interactions,199,23160818,49261827,estimated,-0.0003507860491738374,-0.0007433167229156806,0.0015188234706496404,0.27,False,False
29,null_metric,False,polynomial_ridge_interactions,499,23160818,49261827,estimated,-0.0003507860491738374,-0.0008018109466006616,0.0013253937216517679,0.27,False,False
29,null_metric,False,polynomial_ridge_interactions,999,23160818,49261827,estimated,-0.0003507860491738374,-0.0008378801309956176,0.0013242092755458412,0.27,False,False
30,clustered_null,False,polynomial_ridge,99,23260821,50290842,estimated,0.004820498107420888,-0.010753137956173291,0.01991944688745783,0.575,False,False
30,clustered_null,False,polynomial_ridge,199,23260821,50290842,estimated,0.004820498107420888,-0.022388206193755207,0.02352679095295463,0.575,False,False
30,clustered_null,False,polynomial_ridge,499,23260821,50290842,estimated,0.004820498107420888,-0.017442573028584325,0.024081916269582206,0.575,False,False
30,clustered_null,False,polynomial_ridge,999,23260821,50290842,estimated,0.004820498107420888,-0.018472977384035853,0.022850319108506465,0.575,False,False
30,clustered_null,False,polynomial_ridge_interactions,99,23260821,50291851,estimated,-0.00615535820916422,-0.012346239583881901,0.013215033879901604,0.585,False,False
30,clustered_null,False,polynomial_ridge_interactions,199,23260821,50291851,estimated,-0.00615535820916422,-0.01512350257827075,0.017166707677910866,0.585,False,False
30,clustered_null,False,polynomial_ridge_interactions,499,23260821,50291851,estimated,-0.00615535820916422,-0.014823481136642473,0.014066539837903536,0.585,False,False
30,clustered_null,False,polynomial_ridge_interactions,999,23260821,50291851,estimated,-0.00615535820916422,-0.016346666038791775,0.013557854092673587,0.585,False,False
30,genuine_increment,True,polynomial_ridge,99,23260821,50300849,estimated,0.049372079754482726,0.03507225686982323,0.05920807027563765,0.005,True,True
30,genuine_increment,True,polynomial_ridge,199,23260821,50300849,estimated,0.049372079754482726,0.033200396020314604,0.05929721782479108,0.005,True,True
30,genuine_increment,True,polynomial_ridge,499,23260821,50300849,estimated,0.049372079754482726,0.03318158976589833,0.06051086961123245,0.005,True,True
30,genuine_increment,True,polynomial_ridge,999,23260821,50300849,estimated,0.049372079754482726,0.033221999401184706,0.059273614279375324,0.005,True,True
30,genuine_increment,True,polynomial_ridge_interactions,99,23260821,50301858,estimated,0.044493190950362485,0.03202822024285295,0.05724505734396029,0.005,True,True
30,genuine_increment,True,polynomial_ridge_interactions,199,23260821,50301858,estimated,0.044493190950362485,0.03144301978251024,0.057482264607366135,0.005,True,True
30,genuine_increment,True,polynomial_ridge_interactions,499,23260821,50301858,estimated,0.044493190950362485,0.030617598961823454,0.05837193861973452,0.005,True,True
30,genuine_increment,True,polynomial_ridge_interactions,999,23260821,50301858,estimated,0.044493190950362485,0.031877379613068337,0.05777865531923121,0.005,True,True
30,heteroskedastic_null,False,polynomial_ridge,99,23260821,50280835,estimated,-0.0003573524729470652,-0.0010178565976031702,0.000621967487229058,0.965,False,False
30,heteroskedastic_null,False,polynomial_ridge,199,23260821,50280835,estimated,-0.0003573524729470652,-0.0009532082167412194,0.000599513393017933,0.965,False,False
30,heteroskedastic_null,False,polynomial_ridge,499,23260821,50280835,estimated,-0.0003573524729470652,-0.0009179285983624605,0.0008362697293648215,0.965,False,False
30,heteroskedastic_null,False,polynomial_ridge,999,23260821,50280835,estimated,-0.0003573524729470652,-0.0009389930444208247,0.0008355396753011065,0.965,False,False
30,heteroskedastic_null,False,polynomial_ridge_interactions,99,23260821,50281844,estimated,-0.00019184790741344493,-0.0006097100666026289,0.00017484260369829475,0.97,False,False
30,heteroskedastic_null,False,polynomial_ridge_interactions,199,23260821,50281844,estimated,-0.00019184790741344493,-0.0006030827587871219,0.00020620767125309705,0.97,False,False
30,heteroskedastic_null,False,polynomial_ridge_interactions,499,23260821,50281844,estimated,-0.00019184790741344493,-0.0005673718768071179,0.0003027094769120402,0.97,False,False
30,heteroskedastic_null,False,polynomial_ridge_interactions,999,23260821,50281844,estimated,-0.00019184790741344493,-0.0005519961643055566,0.0002781983970667045,0.97,False,False
30,nonlinear_proxy,False,polynomial_ridge,99,23260821,50270828,estimated,0.0001860195097412396,-0.0001172612967352354,0.0011795323289507426,0.115,False,False
30,nonlinear_proxy,False,polynomial_ridge,199,23260821,50270828,estimated,0.0001860195097412396,-0.0001337682479527224,0.0011924602073359774,0.115,False,False
30,nonlinear_proxy,False,polynomial_ridge,499,23260821,50270828,estimated,0.0001860195097412396,-0.00025023524690897993,0.0012687805301353464,0.115,False,False
30,nonlinear_proxy,False,polynomial_ridge,999,23260821,50270828,estimated,0.0001860195097412396,-0.00021903355408963216,0.0014285970640920162,0.115,False,False
30,nonlinear_proxy,False,polynomial_ridge_interactions,99,23260821,50271837,estimated,2.378236280146679e-05,-0.00014093184209992786,0.0018739198580911252,0.035,False,False
30,nonlinear_proxy,False,polynomial_ridge_interactions,199,23260821,50271837,estimated,2.378236280146679e-05,-0.00013918803388386424,0.0017573510183682022,0.035,False,False
30,nonlinear_proxy,False,polynomial_ridge_interactions,499,23260821,50271837,estimated,2.378236280146679e-05,-0.00012676068391495214,0.0017211752479360392,0.035,False,False
30,nonlinear_proxy,False,polynomial_ridge_interactions,999,23260821,50271837,estimated,2.378236280146679e-05,-0.00013542740495383083,0.0017255213541643357,0.035,False,False
30,null_metric,False,polynomial_ridge,99,23260821,50260821,estimated,-0.0010576124458584052,-0.0020966250457324065,0.002116475822544018,0.645,False,False
30,null_metric,False,polynomial_ridge,199,23260821,50260821,estimated,-0.0010576124458584052,-0.0021754774082092102,0.001569712483242517,0.645,False,False
30,null_metric,False,polynomial_ridge,499,23260821,50260821,estimated,-0.0010576124458584052,-0.002233765082392406,0.0013610221721023067,0.645,False,False
30,null_metric,False,polynomial_ridge,999,23260821,50260821,estimated,-0.0010576124458584052,-0.002265312995244545,0.0014935395254758715,0.645,False,False
30,null_metric,False,polynomial_ridge_interactions,99,23260821,50261830,estimated,-0.0006033153818805585,-0.0009086918764964362,0.00045378513772998297,0.705,False,False
30,null_metric,False,polynomial_ridge_interactions,199,23260821,50261830,estimated,-0.0006033153818805585,-0.0009678912491001195,0.0005555555501455542,0.705,False,False
30,null_metric,False,polynomial_ridge_interactions,499,23260821,50261830,estimated,-0.0006033153818805585,-0.0008958011532918848,0.0006448871363649562,0.705,False,False
30,null_metric,False,polynomial_ridge_interactions,999,23260821,50261830,estimated,-0.0006033153818805585,-0.0008710896140407562,0.0006681906881967076,0.705,False,False
31,clustered_null,False,polynomial_ridge,99,23360824,51290845,estimated,-0.0017309839566991385,-0.00858479681599426,0.02136641947228869,0.225,False,False
31,clustered_null,False,polynomial_ridge,199,23360824,51290845,estimated,-0.0017309839566991385,-0.009148391220356428,0.020238591913076694,0.225,False,False
31,clustered_null,False,polynomial_ridge,499,23360824,51290845,estimated,-0.0017309839566991385,-0.012536102253571027,0.019346408034120327,0.225,False,False
31,clustered_null,False,polynomial_ridge,999,23360824,51290845,estimated,-0.0017309839566991385,-0.011136050289484663,0.01840284044887776,0.225,False,False
31,clustered_null,False,polynomial_ridge_interactions,99,23360824,51291854,estimated,0.004636740650076257,-0.004661450820711247,0.01966998515619099,0.565,False,False
31,clustered_null,False,polynomial_ridge_interactions,199,23360824,51291854,estimated,0.004636740650076257,-0.0063433135519128025,0.01777677813387003,0.565,False,False
31,clustered_null,False,polynomial_ridge_interactions,499,23360824,51291854,estimated,0.004636740650076257,-0.006301683751853853,0.0187839427814543,0.565,False,False
31,clustered_null,False,polynomial_ridge_interactions,999,23360824,51291854,estimated,0.004636740650076257,-0.006340381133146353,0.018256768897294096,0.565,False,False
31,genuine_increment,True,polynomial_ridge,99,23360824,51300852,estimated,0.05669100011120583,0.03966148090524289,0.0584996432932383,0.005,True,True
31,genuine_increment,True,polynomial_ridge,199,23360824,51300852,estimated,0.05669100011120583,0.04042392656400533,0.05904007126201351,0.005,True,True
31,genuine_increment,True,polynomial_ridge,499,23360824,51300852,estimated,0.05669100011120583,0.03971372390684484,0.06069931229973888,0.005,True,True
31,genuine_increment,True,polynomial_ridge,999,23360824,51300852,estimated,0.05669100011120583,0.040191571907029065,0.06068963934878184,0.005,True,True
31,genuine_increment,True,polynomial_ridge_interactions,99,23360824,51301861,estimated,0.0473597463487859,0.035910063380128476,0.05727958166027585,0.005,True,True
31,genuine_increment,True,polynomial_ridge_interactions,199,23360824,51301861,estimated,0.0473597463487859,0.03767907242023652,0.05734841621373242,0.005,True,True
31,genuine_increment,True,polynomial_ridge_interactions,499,23360824,51301861,estimated,0.0473597463487859,0.03770963230059191,0.057634826121913965,0.005,True,True
31,genuine_increment,True,polynomial_ridge_interactions,999,23360824,51301861,estimated,0.0473597463487859,0.03788051203865606,0.057380641974749125,0.005,True,True
31,heteroskedastic_null,False,polynomial_ridge,99,23360824,51280838,estimated,-0.0006054399899501359,-0.001051816358258439,0.0007745222992604386,0.77,False,False
31,heteroskedastic_null,False,polynomial_ridge,199,23360824,51280838,estimated,-0.0006054399899501359,-0.0011674765497850243,0.0007217253742289721,0.77,False,False
31,heteroskedastic_null,False,polynomial_ridge,499,23360824,51280838,estimated,-0.0006054399899501359,-0.0011620521847728333,0.0007111055290400302,0.77,False,False
31,heteroskedastic_null,False,polynomial_ridge,999,23360824,51280838,estimated,-0.0006054399899501359,-0.0010472038545288294,0.0006954638562010436,0.77,False,False
31,heteroskedastic_null,False,polynomial_ridge_interactions,99,23360824,51281847,estimated,-0.00022133713225446806,-0.00044318931279982524,0.0003330164845255492,0.915,False,False
31,heteroskedastic_null,False,polynomial_ridge_interactions,199,23360824,51281847,estimated,-0.00022133713225446806,-0.0004305672655714471,0.00026679010913170594,0.915,False,False
31,heteroskedastic_null,False,polynomial_ridge_interactions,499,23360824,51281847,estimated,-0.00022133713225446806,-0.000428328503542566,0.0002601896227649282,0.915,False,False
31,heteroskedastic_null,False,polynomial_ridge_interactions,999,23360824,51281847,estimated,-0.00022133713225446806,-0.00042523661179639074,0.0002837686485933361,0.915,False,False
31,nonlinear_proxy,False,polynomial_ridge,99,23360824,51270831,estimated,-0.0002642846872833171,-0.0003952114141995302,0.0013983930114082911,0.68,False,False
31,nonlinear_proxy,False,polynomial_ridge,199,23360824,51270831,estimated,-0.0002642846872833171,-0.00045044923459449775,0.0014623174326721584,0.68,False,False
31,nonlinear_proxy,False,polynomial_ridge,499,23360824,51270831,estimated,-0.0002642846872833171,-0.0005470991196440442,0.001361217850626034,0.68,False,False
31,nonlinear_proxy,False,polynomial_ridge,999,23360824,51270831,estimated,-0.0002642846872833171,-0.0006557974003679488,0.0013040410445363992,0.68,False,False
31,nonlinear_proxy,False,polynomial_ridge_interactions,99,23360824,51271840,estimated,-8.212416521767747e-05,-0.0003430557158163,0.0008639739932411714,0.845,False,False
31,nonlinear_proxy,False,polynomial_ridge_interactions,199,23360824,51271840,estimated,-8.212416521767747e-05,-0.00037896309999707086,0.0008404379802021297,0.845,False,False
31,nonlinear_proxy,False,polynomial_ridge_interactions,499,23360824,51271840,estimated,-8.212416521767747e-05,-0.00040343045691885717,0.0009159652312925534,0.845,False,False
31,nonlinear_proxy,False,polynomial_ridge_interactions,999,23360824,51271840,estimated,-8.212416521767747e-05,-0.0003806721080471762,0.0008704015298331445,0.845,False,False
31,null_metric,False,polynomial_ridge,99,23360824,51260824,estimated,-0.001853526483380892,-0.003660109011253937,0.002592047812805432,0.535,False,False
31,null_metric,False,polynomial_ridge,199,23360824,51260824,estimated,-0.001853526483380892,-0.004213747368541719,0.002482852117682758,0.535,False,False
31,null_metric,False,polynomial_ridge,499,23360824,51260824,estimated,-0.001853526483380892,-0.004242976967783449,0.0030339262655780354,0.535,False,False
31,null_metric,False,polynomial_ridge,999,23360824,51260824,estimated,-0.001853526483380892,-0.004097298969120012,0.0029382435531387406,0.535,False,False
31,null_metric,False,polynomial_ridge_interactions,99,23360824,51261833,estimated,-0.00015887044458679986,-0.001775498290987723,0.0016544872430374455,0.62,False,False
31,null_metric,False,polynomial_ridge_interactions,199,23360824,51261833,estimated,-0.00015887044458679986,-0.0016834837542541593,0.0015725507093930858,0.62,False,False
31,null_metric,False,polynomial_ridge_interactions,499,23360824,51261833,estimated,-0.00015887044458679986,-0.0017618531404508405,0.0015642811603311043,0.62,False,False
31,null_metric,False,polynomial_ridge_interactions,999,23360824,51261833,estimated,-0.00015887044458679986,-0.0017617234652673379,0.0015430313236428326,0.62,False,False
32,clustered_null,False,polynomial_ridge,99,23460827,52290848,estimated,-0.002220011234333621,-0.012680134101663654,0.005872885357214792,0.1,False,False
32,clustered_null,False,polynomial_ridge,199,23460827,52290848,estimated,-0.002220011234333621,-0.011483469258709467,0.007342690154622622,0.1,False,False
32,clustered_null,False,polynomial_ridge,499,23460827,52290848,estimated,-0.002220011234333621,-0.008769534436418293,0.00793796287147119,0.1,False,False
32,clustered_null,False,polynomial_ridge,999,23460827,52290848,estimated,-0.002220011234333621,-0.009905952142696657,0.007596588192060983,0.1,False,False
32,clustered_null,False,polynomial_ridge_interactions,99,23460827,52291857,estimated,-0.000819559351836377,-0.011117845281087762,0.003646261717754894,0.135,False,False
32,clustered_null,False,polynomial_ridge_interactions,199,23460827,52291857,estimated,-0.000819559351836377,-0.011728766428800417,0.005156217229775833,0.135,False,False
32,clustered_null,False,polynomial_ridge_interactions,499,23460827,52291857,estimated,-0.000819559351836377,-0.008235841272835463,0.005597992207375506,0.135,False,False
32,clustered_null,False,polynomial_ridge_interactions,999,23460827,52291857,estimated,-0.000819559351836377,-0.008400498012640591,0.005681538097382563,0.135,False,False
32,genuine_increment,True,polynomial_ridge,99,23460827,52300855,estimated,0.03980905546816513,0.028412203546533777,0.05204306289942552,0.005,True,True
32,genuine_increment,True,polynomial_ridge,199,23460827,52300855,estimated,0.03980905546816513,0.027176032624878523,0.0526128580015811,0.005,True,True
32,genuine_increment,True,polynomial_ridge,499,23460827,52300855,estimated,0.03980905546816513,0.02766168264737003,0.052267877830348496,0.005,True,True
32,genuine_increment,True,polynomial_ridge,999,23460827,52300855,estimated,0.03980905546816513,0.027702271248415004,0.051880708758498144,0.005,True,True
32,genuine_increment,True,polynomial_ridge_interactions,99,23460827,52301864,estimated,0.04105679856680254,0.02829143406627802,0.05014040987108174,0.005,True,True
32,genuine_increment,True,polynomial_ridge_interactions,199,23460827,52301864,estimated,0.04105679856680254,0.028828467019109953,0.05037828918867701,0.005,True,True
32,genuine_increment,True,polynomial_ridge_interactions,499,23460827,52301864,estimated,0.04105679856680254,0.027416802653256692,0.050941269635784665,0.005,True,True
32,genuine_increment,True,polynomial_ridge_interactions,999,23460827,52301864,estimated,0.04105679856680254,0.028104781296874024,0.05044191649992468,0.005,True,True
32,heteroskedastic_null,False,polynomial_ridge,99,23460827,52280841,estimated,-0.0006702784848198716,-0.0011079837797226101,0.0013216368191979492,0.15,False,False
32,heteroskedastic_null,False,polynomial_ridge,199,23460827,52280841,estimated,-0.0006702784848198716,-0.0012588776672111982,0.0014736918438486143,0.15,False,False
32,heteroskedastic_null,False,polynomial_ridge,499,23460827,52280841,estimated,-0.0006702784848198716,-0.0012653578889867208,0.0014760734087736077,0.15,False,False
32,heteroskedastic_null,False,polynomial_ridge,999,23460827,52280841,estimated,-0.0006702784848198716,-0.0012954882443589105,0.001421994145977213,0.15,False,False
32,heteroskedastic_null,False,polynomial_ridge_interactions,99,23460827,52281850,estimated,-0.00013970703469391374,-0.00079074784342079,0.0010218613545363389,0.085,False,False
32,heteroskedastic_null,False,polynomial_ridge_interactions,199,23460827,52281850,estimated,-0.00013970703469391374,-0.000828075436901196,0.001043994496700227,0.085,False,False
32,heteroskedastic_null,False,polynomial_ridge_interactions,499,23460827,52281850,estimated,-0.00013970703469391374,-0.0008005111518705499,0.001057554792625525,0.085,False,False
32,heteroskedastic_null,False,polynomial_ridge_interactions,999,23460827,52281850,estimated,-0.00013970703469391374,-0.0007684303375848805,0.0010756261952515605,0.085,False,False
32,nonlinear_proxy,False,polynomial_ridge,99,23460827,52270834,estimated,5.629471289285426e-05,-0.00019348948153688304,0.001992528737007513,0.87,False,False
32,nonlinear_proxy,False,polynomial_ridge,199,23460827,52270834,estimated,5.629471289285426e-05,-0.00015347757663254315,0.0018221599614075446,0.87,False,False
32,nonlinear_proxy,False,polynomial_ridge,499,23460827,52270834,estimated,5.629471289285426e-05,-0.00017520884214270173,0.0018118304261079633,0.87,False,False
32,nonlinear_proxy,False,polynomial_ridge,999,23460827,52270834,estimated,5.629471289285426e-05,-0.0001873986925440073,0.001801999859875582,0.87,False,False
32,nonlinear_proxy,False,polynomial_ridge_interactions,99,23460827,52271843,estimated,0.0005113542157211123,-2.7406221346790372e-05,0.0017606887257028408,0.61,False,False
32,nonlinear_proxy,False,polynomial_ridge_interactions,199,23460827,52271843,estimated,0.0005113542157211123,-5.101384373775069e-05,0.0016504859823018919,0.61,False,False
32,nonlinear_proxy,False,polynomial_ridge_interactions,499,23460827,52271843,estimated,0.0005113542157211123,-0.00011668297427275455,0.0017820404572151322,0.61,False,False
32,nonlinear_proxy,False,polynomial_ridge_interactions,999,23460827,52271843,estimated,0.0005113542157211123,-0.00010615921887621422,0.0017372461147595276,0.61,False,False
32,null_metric,False,polynomial_ridge,99,23460827,52260827,estimated,-0.0004354767791569167,-0.0013635788490365015,0.0027387623817090464,0.08,False,False
32,null_metric,False,polynomial_ridge,199,23460827,52260827,estimated,-0.0004354767791569167,-0.0018895925269189762,0.0027850602907952848,0.08,False,False
32,null_metric,False,polynomial_ridge,499,23460827,52260827,estimated,-0.0004354767791569167,-0.0016212336543478165,0.0027377578276717596,0.08,False,False
32,null_metric,False,polynomial_ridge,999,23460827,52260827,estimated,-0.0004354767791569167,-0.001740250534815595,0.0030066785885802614,0.08,False,False
32,null_metric,False,polynomial_ridge_interactions,99,23460827,52261836,estimated,-4.243508848761693e-05,-0.0009431106936614144,0.0013664169068485171,0.095,False,False
32,null_metric,False,polynomial_ridge_interactions,199,23460827,52261836,estimated,-4.243508848761693e-05,-0.0009015353973933956,0.001315558196214771,0.095,False,False
32,null_metric,False,polynomial_ridge_interactions,499,23460827,52261836,estimated,-4.243508848761693e-05,-0.0009182345250078012,0.001345411819632855,0.095,False,False
32,null_metric,False,polynomial_ridge_interactions,999,23460827,52261836,estimated,-4.243508848761693e-05,-0.0009015353973933956,0.0015631688630318766,0.095,False,False
33,clustered_null,False,polynomial_ridge,99,23560830,53290851,estimated,-0.006004792480800575,-0.016164092456198258,0.010169624290624808,0.195,False,False
33,clustered_null,False,polynomial_ridge,199,23560830,53290851,estimated,-0.006004792480800575,-0.01572631961477932,0.008364452308074654,0.195,False,False
33,clustered_null,False,polynomial_ridge,499,23560830,53290851,estimated,-0.006004792480800575,-0.01790792972895297,0.010948942331468772,0.195,False,False
33,clustered_null,False,polynomial_ridge,999,23560830,53290851,estimated,-0.006004792480800575,-0.01719122086419809,0.010278135577737992,0.195,False,False
33,clustered_null,False,polynomial_ridge_interactions,99,23560830,53291860,estimated,-0.0028900655173935974,-0.014676254229256523,0.005849051547380741,0.395,False,False
33,clustered_null,False,polynomial_ridge_interactions,199,23560830,53291860,estimated,-0.0028900655173935974,-0.0138496663355507,0.003578049789264821,0.395,False,False
33,clustered_null,False,polynomial_ridge_interactions,499,23560830,53291860,estimated,-0.0028900655173935974,-0.012520042357363238,0.003863207155030934,0.395,False,False
33,clustered_null,False,polynomial_ridge_interactions,999,23560830,53291860,estimated,-0.0028900655173935974,-0.013234676605824705,0.005229872846470124,0.395,False,False
33,genuine_increment,True,polynomial_ridge,99,23560830,53300858,estimated,0.047148978429519574,0.031631282003892244,0.05395598694491177,0.005,True,True
33,genuine_increment,True,polynomial_ridge,199,23560830,53300858,estimated,0.047148978429519574,0.0318803070380011,0.05494204579132296,0.005,True,True
33,genuine_increment,True,polynomial_ridge,499,23560830,53300858,estimated,0.047148978429519574,0.032319223157850865,0.05385346418069969,0.005,True,True
33,genuine_increment,True,polynomial_ridge,999,23560830,53300858,estimated,0.047148978429519574,0.032195354318654675,0.05421876908655585,0.005,True,True
33,genuine_increment,True,polynomial_ridge_interactions,99,23560830,53301867,estimated,0.042167608148738385,0.03326941441093313,0.052577695574721486,0.005,True,True
33,genuine_increment,True,polynomial_ridge_interactions,199,23560830,53301867,estimated,0.042167608148738385,0.03317759991703751,0.05202568410988188,0.005,True,True
33,genuine_increment,True,polynomial_ridge_interactions,499,23560830,53301867,estimated,0.042167608148738385,0.03242621730886066,0.05228242129150469,0.005,True,True
33,genuine_increment,True,polynomial_ridge_interactions,999,23560830,53301867,estimated,0.042167608148738385,0.03196676986040508,0.05253160353808922,0.005,True,True
33,heteroskedastic_null,False,polynomial_ridge,99,23560830,53280844,estimated,-0.0007465287024415058,-0.001391876438902374,0.0012271815722051534,0.2,False,False
33,heteroskedastic_null,False,polynomial_ridge,199,23560830,53280844,estimated,-0.0007465287024415058,-0.0013808207440369716,0.0011838451353066819,0.2,False,False
33,heteroskedastic_null,False,polynomial_ridge,499,23560830,53280844,estimated,-0.0007465287024415058,-0.0011286951378384046,0.0010542218101379462,0.2,False,False
33,heteroskedastic_null,False,polynomial_ridge,999,23560830,53280844,estimated,-0.0007465287024415058,-0.0012242760539194308,0.001000227413749188,0.2,False,False
33,heteroskedastic_null,False,polynomial_ridge_interactions,99,23560830,53281853,estimated,-0.00023642465105679251,-0.00031334227966421706,0.0006339867231998256,0.395,False,False
33,heteroskedastic_null,False,polynomial_ridge_interactions,199,23560830,53281853,estimated,-0.00023642465105679251,-0.00042849105655007596,0.0006282753986002139,0.395,False,False
33,heteroskedastic_null,False,polynomial_ridge_interactions,499,23560830,53281853,estimated,-0.00023642465105679251,-0.0004173116360493214,0.0005368006671998255,0.395,False,False
33,heteroskedastic_null,False,polynomial_ridge_interactions,999,23560830,53281853,estimated,-0.00023642465105679251,-0.00038887404112383886,0.0005352812541481551,0.395,False,False
33,nonlinear_proxy,False,polynomial_ridge,99,23560830,53270837,estimated,-3.460717277763408e-05,-0.0006560518110293747,0.0008682683340279072,0.43,False,False
33,nonlinear_proxy,False,polynomial_ridge,199,23560830,53270837,estimated,-3.460717277763408e-05,-0.0005471283451170935,0.0010217837680360088,0.43,False,False
33,nonlinear_proxy,False,polynomial_ridge,499,23560830,53270837,estimated,-3.460717277763408e-05,-0.0005030599061517998,0.0010814345420305912,0.43,False,False
33,nonlinear_proxy,False,polynomial_ridge,999,23560830,53270837,estimated,-3.460717277763408e-05,-0.0004872252673784122,0.0010764590702053883,0.43,False,False
33,nonlinear_proxy,False,polynomial_ridge_interactions,99,23560830,53271846,estimated,6.692777895018348e-05,-0.00024022432828397456,0.0007104418677910183,0.08,False,False
33,nonlinear_proxy,False,polynomial_ridge_interactions,199,23560830,53271846,estimated,6.692777895018348e-05,-0.00023171180726838035,0.0007404857540206042,0.08,False,False
33,nonlinear_proxy,False,polynomial_ridge_interactions,499,23560830,53271846,estimated,6.692777895018348e-05,-0.0002716058857763229,0.0007832963684193497,0.08,False,False
33,nonlinear_proxy,False,polynomial_ridge_interactions,999,23560830,53271846,estimated,6.692777895018348e-05,-0.00026508454783640424,0.0008369341651255816,0.08,False,False
33,null_metric,False,polynomial_ridge,99,23560830,53260830,estimated,-0.0009576684504939217,-0.0020880279054019736,0.0012143213522759668,0.67,False,False
33,null_metric,False,polynomial_ridge,199,23560830,53260830,estimated,-0.0009576684504939217,-0.002153164052349606,0.0009427583878134878,0.67,False,False
33,null_metric,False,polynomial_ridge,499,23560830,53260830,estimated,-0.0009576684504939217,-0.0021505025197333686,0.0012114769715287983,0.67,False,False
33,null_metric,False,polynomial_ridge,999,23560830,53260830,estimated,-0.0009576684504939217,-0.0021461208433961694,0.0012246614423736884,0.67,False,False
33,null_metric,False,polynomial_ridge_interactions,99,23560830,53261839,estimated,-0.0008528127798088335,-0.0009280795796507709,0.0007359320678419768,0.38,False,False
33,null_metric,False,polynomial_ridge_interactions,199,23560830,53261839,estimated,-0.0008528127798088335,-0.0009698528355791022,0.0005744264825366722,0.38,False,False
33,null_metric,False,polynomial_ridge_interactions,499,23560830,53261839,estimated,-0.0008528127798088335,-0.0010993488995039815,0.0005912690247167124,0.38,False,False
33,null_metric,False,polynomial_ridge_interactions,999,23560830,53261839,estimated,-0.0008528127798088335,-0.0011566917573328382,0.0005731145942402915,0.38,False,False
34,clustered_null,False,polynomial_ridge,99,23660833,54290854,estimated,-0.005349698067892959,-0.009395682567562765,0.009962435579220583,0.81,False,False
34,clustered_null,False,polynomial_ridge,199,23660833,54290854,estimated,-0.005349698067892959,-0.011832721981989095,0.009832081754683059,0.81,False,False
34,clustered_null,False,polynomial_ridge,499,23660833,54290854,estimated,-0.005349698067892959,-0.011479656062819558,0.009962435579220589,0.81,False,False
34,clustered_null,False,polynomial_ridge,999,23660833,54290854,estimated,-0.005349698067892959,-0.013364283471348009,0.010430319361830772,0.81,False,False
34,clustered_null,False,polynomial_ridge_interactions,99,23660833,54291863,estimated,-0.0017493011860952382,-0.00579934804244302,0.006758097261258597,0.92,False,False
34,clustered_null,False,polynomial_ridge_interactions,199,23660833,54291863,estimated,-0.0017493011860952382,-0.007887755456217138,0.006566977920148327,0.92,False,False
34,clustered_null,False,polynomial_ridge_interactions,499,23660833,54291863,estimated,-0.0017493011860952382,-0.007879874241962155,0.0063910782198259505,0.92,False,False
34,clustered_null,False,polynomial_ridge_interactions,999,23660833,54291863,estimated,-0.0017493011860952382,-0.008651020610495356,0.006523453452775024,0.92,False,False
34,genuine_increment,True,polynomial_ridge,99,23660833,54300861,estimated,0.047720876743400614,0.03645308729549457,0.05880185839422597,0.005,True,True
34,genuine_increment,True,polynomial_ridge,199,23660833,54300861,estimated,0.047720876743400614,0.036024848633629154,0.05795082672712702,0.005,True,True
34,genuine_increment,True,polynomial_ridge,499,23660833,54300861,estimated,0.047720876743400614,0.03656384008420722,0.05861275345840964,0.005,True,True
34,genuine_increment,True,polynomial_ridge,999,23660833,54300861,estimated,0.047720876743400614,0.03690930064797696,0.0586775765616695,0.005,True,True
34,genuine_increment,True,polynomial_ridge_interactions,99,23660833,54301870,estimated,0.05086608830724129,0.035445574740233195,0.05872106480706079,0.005,True,True
34,genuine_increment,True,polynomial_ridge_interactions,199,23660833,54301870,estimated,0.05086608830724129,0.035633878330970474,0.059607565198327724,0.005,True,True
34,genuine_increment,True,polynomial_ridge_interactions,499,23660833,54301870,estimated,0.05086608830724129,0.035834738349990666,0.058404254769588486,0.005,True,True
34,genuine_increment,True,polynomial_ridge_interactions,999,23660833,54301870,estimated,0.05086608830724129,0.03629659049451651,0.05843213265499439,0.005,True,True
34,heteroskedastic_null,False,polynomial_ridge,99,23660833,54280847,estimated,-0.0005025764364953236,-0.002304210226400055,0.0012556578732729306,0.605,False,False
34,heteroskedastic_null,False,polynomial_ridge,199,23660833,54280847,estimated,-0.0005025764364953236,-0.002272813705756014,0.0012144506585626887,0.605,False,False
34,heteroskedastic_null,False,polynomial_ridge,499,23660833,54280847,estimated,-0.0005025764364953236,-0.0020253470430794695,0.0013061750925527995,0.605,False,False
34,heteroskedastic_null,False,polynomial_ridge,999,23660833,54280847,estimated,-0.0005025764364953236,-0.002215356583237044,0.0012562154065364605,0.605,False,False
34,heteroskedastic_null,False,polynomial_ridge_interactions,99,23660833,54281856,estimated,-0.0004027772184906249,-0.000638480260946779,0.00021941281499032996,0.135,False,False
34,heteroskedastic_null,False,polynomial_ridge_interactions,199,23660833,54281856,estimated,-0.0004027772184906249,-0.0006612076250743794,0.00023309934310545427,0.135,False,False
34,heteroskedastic_null,False,polynomial_ridge_interactions,499,23660833,54281856,estimated,-0.0004027772184906249,-0.0006354924278931122,0.00028914958172355165,0.135,False,False
34,heteroskedastic_null,False,polynomial_ridge_interactions,999,23660833,54281856,estimated,-0.0004027772184906249,-0.0006508008190833754,0.0003084366411848609,0.135,False,False
34,nonlinear_proxy,False,polynomial_ridge,99,23660833,54270840,estimated,-0.0002420799014782758,-0.0006794145046797857,0.0008492724024832978,0.135,False,False
34,nonlinear_proxy,False,polynomial_ridge,199,23660833,54270840,estimated,-0.0002420799014782758,-0.0007653518734568924,0.0012535037376177518,0.135,False,False
34,nonlinear_proxy,False,polynomial_ridge,499,23660833,54270840,estimated,-0.0002420799014782758,-0.0007429584271263014,0.0011508611801102236,0.135,False,False
34,nonlinear_proxy,False,polynomial_ridge,999,23660833,54270840,estimated,-0.0002420799014782758,-0.0007540944737279586,0.001189425398095541,0.135,False,False
34,nonlinear_proxy,False,polynomial_ridge_interactions,99,23660833,54271849,estimated,-3.569600413902158e-05,-0.0005101098280795048,0.00042116034994715444,0.58,False,False
34,nonlinear_proxy,False,polynomial_ridge_interactions,199,23660833,54271849,estimated,-3.569600413902158e-05,-0.0004313779377063651,0.0004233765024948817,0.58,False,False
34,nonlinear_proxy,False,polynomial_ridge_interactions,499,23660833,54271849,estimated,-3.569600413902158e-05,-0.000433473365704396,0.0004757955818411485,0.58,False,False
34,nonlinear_proxy,False,polynomial_ridge_interactions,999,23660833,54271849,estimated,-3.569600413902158e-05,-0.00043751410197311285,0.0005009432694425633,0.58,False,False
34,null_metric,False,polynomial_ridge,99,23660833,54260833,estimated,-0.001583600612340537,-0.002693084475413725,0.002112914144069885,0.465,False,False
34,null_metric,False,polynomial_ridge,199,23660833,54260833,estimated,-0.001583600612340537,-0.0029733560983438235,0.00198805374230419,0.465,False,False
34,null_metric,False,polynomial_ridge,499,23660833,54260833,estimated,-0.001583600612340537,-0.0030610570244349496,0.0024159159975542734,0.465,False,False
34,null_metric,False,polynomial_ridge,999,23660833,54260833,estimated,-0.001583600612340537,-0.003198324421995209,0.0026308758335315745,0.465,False,False
34,null_metric,False,polynomial_ridge_interactions,99,23660833,54261842,estimated,-0.0003532588232176802,-0.0010802340043113232,0.0009057836862793177,0.4,False,False
34,null_metric,False,polynomial_ridge_interactions,199,23660833,54261842,estimated,-0.0003532588232176802,-0.0011721167716672645,0.0007654653048648439,0.4,False,False
34,null_metric,False,polynomial_ridge_interactions,499,23660833,54261842,estimated,-0.0003532588232176802,-0.001209044865670871,0.0008007732886462322,0.4,False,False
34,null_metric,False,polynomial_ridge_interactions,999,23660833,54261842,estimated,-0.0003532588232176802,-0.0011675288460484279,0.0007886777306895162,0.4,False,False
35,clustered_null,False,polynomial_ridge,99,23760836,55290857,estimated,-0.004188417960600932,-0.016944283420974923,0.002654375291141907,0.78,False,False
35,clustered_null,False,polynomial_ridge,199,23760836,55290857,estimated,-0.004188417960600932,-0.015092148982227814,0.004684097520449983,0.78,False,False
35,clustered_null,False,polynomial_ridge,499,23760836,55290857,estimated,-0.004188417960600932,-0.01472369517631614,0.005720016411557966,0.78,False,False
35,clustered_null,False,polynomial_ridge,999,23760836,55290857,estimated,-0.004188417960600932,-0.014552242988865182,0.006182140918115439,0.78,False,False
35,clustered_null,False,polynomial_ridge_interactions,99,23760836,55291866,estimated,-0.0013961419957243884,-0.006638464198835241,0.0024907377886898238,0.41,False,False
35,clustered_null,False,polynomial_ridge_interactions,199,23760836,55291866,estimated,-0.0013961419957243884,-0.006555544120275709,0.004166501017208382,0.41,False,False
35,clustered_null,False,polynomial_ridge_interactions,499,23760836,55291866,estimated,-0.0013961419957243884,-0.01001412611956363,0.0039306278658169,0.41,False,False
35,clustered_null,False,polynomial_ridge_interactions,999,23760836,55291866,estimated,-0.0013961419957243884,-0.007954169482700236,0.004356487417567963,0.41,False,False
35,genuine_increment,True,polynomial_ridge,99,23760836,55300864,estimated,0.04204524060128671,0.029484223272509418,0.04978932836579425,0.005,True,True
35,genuine_increment,True,polynomial_ridge,199,23760836,55300864,estimated,0.04204524060128671,0.02984070095655776,0.04813226769893993,0.005,True,True
35,genuine_increment,True,polynomial_ridge,499,23760836,55300864,estimated,0.04204524060128671,0.0301163561533441,0.04804293817980385,0.005,True,True
35,genuine_increment,True,polynomial_ridge,999,23760836,55300864,estimated,0.04204524060128671,0.029844361765777587,0.04874044977334135,0.005,True,True
35,genuine_increment,True,polynomial_ridge_interactions,99,23760836,55301873,estimated,0.04130772206378513,0.03184649311510146,0.046203341520821846,0.005,True,True
35,genuine_increment,True,polynomial_ridge_interactions,199,23760836,55301873,estimated,0.04130772206378513,0.030796266311765894,0.046209284474061446,0.005,True,True
35,genuine_increment,True,polynomial_ridge_interactions,499,23760836,55301873,estimated,0.04130772206378513,0.030873205095588413,0.048471590357878416,0.005,True,True
35,genuine_increment,True,polynomial_ridge_interactions,999,23760836,55301873,estimated,0.04130772206378513,0.030694662089795946,0.04844261328586304,0.005,True,True
35,heteroskedastic_null,False,polynomial_ridge,99,23760836,55280850,estimated,-0.00040759680532221655,-0.0011876094160199113,0.0005347440402084158,0.595,False,False
35,heteroskedastic_null,False,polynomial_ridge,199,23760836,55280850,estimated,-0.00040759680532221655,-0.0011568065049909863,0.0005379051790594455,0.595,False,False
35,heteroskedastic_null,False,polynomial_ridge,499,23760836,55280850,estimated,-0.00040759680532221655,-0.0011460026844724697,0.0006797646909988466,0.595,False,False
35,heteroskedastic_null,False,polynomial_ridge,999,23760836,55280850,estimated,-0.00040759680532221655,-0.0010683646765786137,0.0006781588167069981,0.595,False,False
35,heteroskedastic_null,False,polynomial_ridge_interactions,99,23760836,55281859,estimated,-0.00035761275807881694,-0.0006031988931935198,0.00022321993170128885,0.47,False,False
35,heteroskedastic_null,False,polynomial_ridge_interactions,199,23760836,55281859,estimated,-0.00035761275807881694,-0.0005647085579343983,0.00031250969971670546,0.47,False,False
35,heteroskedastic_null,False,polynomial_ridge_interactions,499,23760836,55281859,estimated,-0.00035761275807881694,-0.0006287714309015396,0.0003810019514179786,0.47,False,False
35,heteroskedastic_null,False,polynomial_ridge_interactions,999,23760836,55281859,estimated,-0.00035761275807881694,-0.0006504338200850379,0.00040214677063623807,0.47,False,False
35,nonlinear_proxy,False,polynomial_ridge,99,23760836,55270843,estimated,1.4621756397549882e-05,-0.0006625183645315257,0.002893774703422932,0.045,False,False
35,nonlinear_proxy,False,polynomial_ridge,199,23760836,55270843,estimated,1.4621756397549882e-05,-0.0006131165972664092,0.0024738353603038724,0.045,False,False
35,nonlinear_proxy,False,polynomial_ridge,499,23760836,55270843,estimated,1.4621756397549882e-05,-0.00067600744559785,0.002831172166152177,0.045,False,False
35,nonlinear_proxy,False,polynomial_ridge,999,23760836,55270843,estimated,1.4621756397549882e-05,-0.0008508358415018541,0.002703220518318758,0.045,False,False
35,nonlinear_proxy,False,polynomial_ridge_interactions,99,23760836,55271852,estimated,-1.3879388379416796e-06,-0.0003221423154605053,0.00201203506756336,0.165,False,False
35,nonlinear_proxy,False,polynomial_ridge_interactions,199,23760836,55271852,estimated,-1.3879388379416796e-06,-0.0003927607620605917,0.0017849482799167941,0.165,False,False
35,nonlinear_proxy,False,polynomial_ridge_interactions,499,23760836,55271852,estimated,-1.3879388379416796e-06,-0.0004000297978001937,0.0015755560364855922,0.165,False,False
35,nonlinear_proxy,False,polynomial_ridge_interactions,999,23760836,55271852,estimated,-1.3879388379416796e-06,-0.00040471169966454574,0.0015795679901000547,0.165,False,False
35,null_metric,False,polynomial_ridge,99,23760836,55260836,estimated,-0.0013137162443555492,-0.004727785071010607,0.002264648372943171,0.08,False,False
35,null_metric,False,polynomial_ridge,199,23760836,55260836,estimated,-0.0013137162443555492,-0.004269434126567958,0.002013547598786858,0.08,False,False
35,null_metric,False,polynomial_ridge,499,23760836,55260836,estimated,-0.0013137162443555492,-0.004144574191403606,0.002124969653374544,0.08,False,False
35,null_metric,False,polynomial_ridge,999,23760836,55260836,estimated,-0.0013137162443555492,-0.004174948347515276,0.002063083985756876,0.08,False,False
35,null_metric,False,polynomial_ridge_interactions,99,23760836,55261845,estimated,-0.0003155082755946191,-0.0016214936223992382,0.0011560292727390762,0.275,False,False
35,null_metric,False,polynomial_ridge_interactions,199,23760836,55261845,estimated,-0.0003155082755946191,-0.001587034803510735,0.001146043744374323,0.275,False,False
35,null_metric,False,polynomial_ridge_interactions,499,23760836,55261845,estimated,-0.0003155082755946191,-0.0015210676303945626,0.00115621240706454,0.275,False,False
35,null_metric,False,polynomial_ridge_interactions,999,23760836,55261845,estimated,-0.0003155082755946191,-0.0015888098378528356,0.0011642521032799076,0.275,False,False
36,clustered_null,False,polynomial_ridge,99,23860839,56290860,estimated,-0.002355637368826286,-0.006521315554614402,0.006885282997464531,0.965,False,False
36,clustered_null,False,polynomial_ridge,199,23860839,56290860,estimated,-0.002355637368826286,-0.008579448880384153,0.007131555676468779,0.965,False,False
36,clustered_null,False,polynomial_ridge,499,23860839,56290860,estimated,-0.002355637368826286,-0.009370799871451084,0.005803509287606199,0.965,False,False
36,clustered_null,False,polynomial_ridge,999,23860839,56290860,estimated,-0.002355637368826286,-0.009852621835051851,0.0060406543790610286,0.965,False,False
36,clustered_null,False,polynomial_ridge_interactions,99,23860839,56291869,estimated,-0.002378567541554832,-0.005524074767769845,0.0043818717154508755,0.765,False,False
36,clustered_null,False,polynomial_ridge_interactions,199,23860839,56291869,estimated,-0.002378567541554832,-0.005423976528074996,0.004390089375152439,0.765,False,False
36,clustered_null,False,polynomial_ridge_interactions,499,23860839,56291869,estimated,-0.002378567541554832,-0.008184748576565214,0.0043818717154508755,0.765,False,False
36,clustered_null,False,polynomial_ridge_interactions,999,23860839,56291869,estimated,-0.002378567541554832,-0.007215365958959266,0.004753459210227239,0.765,False,False
36,genuine_increment,True,polynomial_ridge,99,23860839,56300867,estimated,0.0458946614122696,0.03522323198646127,0.05346737204636519,0.005,True,True
36,genuine_increment,True,polynomial_ridge,199,23860839,56300867,estimated,0.0458946614122696,0.03406296651767708,0.053780622354673735,0.005,True,True
36,genuine_increment,True,polynomial_ridge,499,23860839,56300867,estimated,0.0458946614122696,0.03441471206978614,0.0542631250372475,0.005,True,True
36,genuine_increment,True,polynomial_ridge,999,23860839,56300867,estimated,0.0458946614122696,0.03426196605394198,0.05448502924522754,0.005,True,True
36,genuine_increment,True,polynomial_ridge_interactions,99,23860839,56301876,estimated,0.04646539140251689,0.03184325148931006,0.05502289134134687,0.005,True,True
36,genuine_increment,True,polynomial_ridge_interactions,199,23860839,56301876,estimated,0.04646539140251689,0.03559234052740158,0.05558355916638951,0.005,True,True
36,genuine_increment,True,polynomial_ridge_interactions,499,23860839,56301876,estimated,0.04646539140251689,0.035389815574301924,0.05498874136157266,0.005,True,True
36,genuine_increment,True,polynomial_ridge_interactions,999,23860839,56301876,estimated,0.04646539140251689,0.03486829251955795,0.05504686328992771,0.005,True,True
36,heteroskedastic_null,False,polynomial_ridge,99,23860839,56280853,estimated,-0.0005668634830765257,-0.0007684411108731689,0.001007593233516259,0.935,False,False
36,heteroskedastic_null,False,polynomial_ridge,199,23860839,56280853,estimated,-0.0005668634830765257,-0.0010064789234649767,0.001097603168849776,0.935,False,False
36,heteroskedastic_null,False,polynomial_ridge,499,23860839,56280853,estimated,-0.0005668634830765257,-0.0010424517850958718,0.001007593233516259,0.935,False,False
36,heteroskedastic_null,False,polynomial_ridge,999,23860839,56280853,estimated,-0.0005668634830765257,-0.0010256542354006033,0.0010034176038314782,0.935,False,False
36,heteroskedastic_null,False,polynomial_ridge_interactions,99,23860839,56281862,estimated,-3.9154964634260936e-05,-0.0004378643090726534,0.0003756075467986552,0.95,False,False
36,heteroskedastic_null,False,polynomial_ridge_interactions,199,23860839,56281862,estimated,-3.9154964634260936e-05,-0.0004523956029472357,0.0004357345874449108,0.95,False,False
36,heteroskedastic_null,False,polynomial_ridge_interactions,499,23860839,56281862,estimated,-3.9154964634260936e-05,-0.0004700411353669447,0.0005849065367518604,0.95,False,False
36,heteroskedastic_null,False,polynomial_ridge_interactions,999,23860839,56281862,estimated,-3.9154964634260936e-05,-0.00045881173386679746,0.0006135603718062904,0.95,False,False
36,nonlinear_proxy,False,polynomial_ridge,99,23860839,56270846,estimated,-1.7169294437289692e-05,-0.00023190803183118088,0.0015938072913302395,0.06,False,False
36,nonlinear_proxy,False,polynomial_ridge,199,23860839,56270846,estimated,-1.7169294437289692e-05,-0.0002457295358786257,0.0016803079869419876,0.06,False,False
36,nonlinear_proxy,False,polynomial_ridge,499,23860839,56270846,estimated,-1.7169294437289692e-05,-0.00020130299310830695,0.0017877200877049026,0.06,False,False
36,nonlinear_proxy,False,polynomial_ridge,999,23860839,56270846,estimated,-1.7169294437289692e-05,-0.0002517406851709763,0.0018225554435354026,0.06,False,False
36,nonlinear_proxy,False,polynomial_ridge_interactions,99,23860839,56271855,estimated,0.0002794609905774209,-0.00015292299505007857,0.0015824165833177733,0.145,False,False
36,nonlinear_proxy,False,polynomial_ridge_interactions,199,23860839,56271855,estimated,0.0002794609905774209,-0.00014683927796862537,0.0017600301112309976,0.145,False,False
36,nonlinear_proxy,False,polynomial_ridge_interactions,499,23860839,56271855,estimated,0.0002794609905774209,-0.00014136223270466824,0.0017325658350935283,0.145,False,False
36,nonlinear_proxy,False,polynomial_ridge_interactions,999,23860839,56271855,estimated,0.0002794609905774209,-0.00017670648033372933,0.0017103983435632225,0.145,False,False
36,null_metric,False,polynomial_ridge,99,23860839,56260839,estimated,-0.00011533393723425073,-0.002269348251224531,0.0032481839345993033,0.865,False,False
36,null_metric,False,polynomial_ridge,199,23860839,56260839,estimated,-0.00011533393723425073,-0.0022930021935372645,0.0024063960975643094,0.865,False,False
36,null_metric,False,polynomial_ridge,499,23860839,56260839,estimated,-0.00011533393723425073,-0.0023929350505805364,0.00336597802373311,0.865,False,False
36,null_metric,False,polynomial_ridge,999,23860839,56260839,estimated,-0.00011533393723425073,-0.0022340294883648948,0.0033943555333012794,0.865,False,False
36,null_metric,False,polynomial_ridge_interactions,99,23860839,56261848,estimated,-0.0001838415562283452,-0.0013337403772631306,0.00024650411784990825,0.965,False,False
36,null_metric,False,polynomial_ridge_interactions,199,23860839,56261848,estimated,-0.0001838415562283452,-0.001307392104387173,0.000538152130665995,0.965,False,False
36,null_metric,False,polynomial_ridge_interactions,499,23860839,56261848,estimated,-0.0001838415562283452,-0.0012292732493800235,0.0005274723020336695,0.965,False,False
36,null_metric,False,polynomial_ridge_interactions,999,23860839,56261848,estimated,-0.0001838415562283452,-0.0012265188017224658,0.0005291384980213479,0.965,False,False
37,clustered_null,False,polynomial_ridge,99,23960842,57290863,estimated,0.0021620985888306035,-0.007497192933006973,0.022482061214842797,0.505,False,False
37,clustered_null,False,polynomial_ridge,199,23960842,57290863,estimated,0.0021620985888306035,-0.009771766937295251,0.021257744749326127,0.505,False,False
37,clustered_null,False,polynomial_ridge,499,23960842,57290863,estimated,0.0021620985888306035,-0.0116789631614219,0.020453207122303942,0.505,False,False
37,clustered_null,False,polynomial_ridge,999,23960842,57290863,estimated,0.0021620985888306035,-0.011187544294706806,0.020591348209424324,0.505,False,False
37,clustered_null,False,polynomial_ridge_interactions,99,23960842,57291872,estimated,-0.001320406671586928,-0.03549854385294709,0.016302475863460796,0.345,False,False
37,clustered_null,False,polynomial_ridge_interactions,199,23960842,57291872,estimated,-0.001320406671586928,-0.03415407818004755,0.02656658481876314,0.345,False,False
37,clustered_null,False,polynomial_ridge_interactions,499,23960842,57291872,estimated,-0.001320406671586928,-0.020217664025738567,0.026162372901231763,0.345,False,False
37,clustered_null,False,polynomial_ridge_interactions,999,23960842,57291872,estimated,-0.001320406671586928,-0.019289607900812602,0.021432643966346417,0.345,False,False
37,genuine_increment,True,polynomial_ridge,99,23960842,57300870,estimated,0.04159343377760098,0.03571773260802318,0.047067056838005404,0.005,True,True
37,genuine_increment,True,polynomial_ridge,199,23960842,57300870,estimated,0.04159343377760098,0.03542480354575324,0.048868666126655906,0.005,True,True
37,genuine_increment,True,polynomial_ridge,499,23960842,57300870,estimated,0.04159343377760098,0.035386624586416046,0.04898067655139032,0.005,True,True
37,genuine_increment,True,polynomial_ridge,999,23960842,57300870,estimated,0.04159343377760098,0.035347670863133944,0.04890980105762565,0.005,True,True
37,genuine_increment,True,polynomial_ridge_interactions,99,23960842,57301879,estimated,0.04367356472308683,0.03445280590789036,0.04805892686542103,0.005,True,True
37,genuine_increment,True,polynomial_ridge_interactions,199,23960842,57301879,estimated,0.04367356472308683,0.034344962214947185,0.04851737297330728,0.005,True,True
37,genuine_increment,True,polynomial_ridge_interactions,499,23960842,57301879,estimated,0.04367356472308683,0.03468989455127321,0.0487570565497553,0.005,True,True
37,genuine_increment,True,polynomial_ridge_interactions,999,23960842,57301879,estimated,0.04367356472308683,0.03464169655906131,0.049190290778982904,0.005,True,True
37,heteroskedastic_null,False,polynomial_ridge,99,23960842,57280856,estimated,-0.0011712647053345078,-0.0011128995388204632,0.0006900528611761119,0.49,False,False
37,heteroskedastic_null,False,polynomial_ridge,199,23960842,57280856,estimated,-0.0011712647053345078,-0.0012858476404931675,0.0007066225758006762,0.49,False,False
37,heteroskedastic_null,False,polynomial_ridge,499,23960842,57280856,estimated,-0.0011712647053345078,-0.0014867013650660854,0.0007620257245663811,0.49,False,False
37,heteroskedastic_null,False,polynomial_ridge,999,23960842,57280856,estimated,-0.0011712647053345078,-0.001490975738227103,0.0007827921984234811,0.49,False,False
37,heteroskedastic_null,False,polynomial_ridge_interactions,99,23960842,57281865,estimated,-0.00041231878225324835,-0.0006686890295795422,0.00041894031822129504,0.55,False,False
37,heteroskedastic_null,False,polynomial_ridge_interactions,199,23960842,57281865,estimated,-0.00041231878225324835,-0.0007346786654034303,0.00039502780653468105,0.55,False,False
37,heteroskedastic_null,False,polynomial_ridge_interactions,499,23960842,57281865,estimated,-0.00041231878225324835,-0.0006901478457519454,0.0003493400082164735,0.55,False,False
37,heteroskedastic_null,False,polynomial_ridge_interactions,999,23960842,57281865,estimated,-0.00041231878225324835,-0.0006686997860642608,0.00030869031620424695,0.55,False,False
37,nonlinear_proxy,False,polynomial_ridge,99,23960842,57270849,estimated,-0.0003467372764940106,-0.0008014874520508896,0.0011531557657528712,0.695,False,False
37,nonlinear_proxy,False,polynomial_ridge,199,23960842,57270849,estimated,-0.0003467372764940106,-0.0006818296408009878,0.0011386394847520951,0.695,False,False
37,nonlinear_proxy,False,polynomial_ridge,499,23960842,57270849,estimated,-0.0003467372764940106,-0.0007753389740937736,0.0011937911856097687,0.695,False,False
37,nonlinear_proxy,False,polynomial_ridge,999,23960842,57270849,estimated,-0.0003467372764940106,-0.0007819936918779702,0.0011357913351377328,0.695,False,False
37,nonlinear_proxy,False,polynomial_ridge_interactions,99,23960842,57271858,estimated,-1.8300348369535216e-05,-0.00044690182758356264,0.0008825425134193657,0.28,False,False
37,nonlinear_proxy,False,polynomial_ridge_interactions,199,23960842,57271858,estimated,-1.8300348369535216e-05,-0.0003958567113104793,0.0009808125279228803,0.28,False,False
37,nonlinear_proxy,False,polynomial_ridge_interactions,499,23960842,57271858,estimated,-1.8300348369535216e-05,-0.0004416448308272644,0.001001101519761655,0.28,False,False
37,nonlinear_proxy,False,polynomial_ridge_interactions,999,23960842,57271858,estimated,-1.8300348369535216e-05,-0.0004378022022720894,0.000994733980791463,0.28,False,False
37,null_metric,False,polynomial_ridge,99,23960842,57260842,estimated,-0.0003197022387113717,-0.002155913910340068,0.0015601946018758673,0.33,False,False
37,null_metric,False,polynomial_ridge,199,23960842,57260842,estimated,-0.0003197022387113717,-0.0018989986897674802,0.0015563776888117323,0.33,False,False
37,null_metric,False,polynomial_ridge,499,23960842,57260842,estimated,-0.0003197022387113717,-0.0017964958913469261,0.0016216346383654697,0.33,False,False
37,null_metric,False,polynomial_ridge,999,23960842,57260842,estimated,-0.0003197022387113717,-0.0018736245083497912,0.0017212114331931164,0.33,False,False
37,null_metric,False,polynomial_ridge_interactions,99,23960842,57261851,estimated,-0.00028200378531413606,-0.0007283813915653527,0.0008784388794222052,0.47,False,False
37,null_metric,False,polynomial_ridge_interactions,199,23960842,57261851,estimated,-0.00028200378531413606,-0.0007881638401331063,0.0008471920873150756,0.47,False,False
37,null_metric,False,polynomial_ridge_interactions,499,23960842,57261851,estimated,-0.00028200378531413606,-0.0007496919372011023,0.0009108579719725406,0.47,False,False
37,null_metric,False,polynomial_ridge_interactions,999,23960842,57261851,estimated,-0.00028200378531413606,-0.00077610658568546,0.0008573816206555955,0.47,False,False
38,clustered_null,False,polynomial_ridge,99,24060845,58290866,estimated,0.0007185178822981496,-0.017537926559332766,0.015626577096726935,0.055,False,False
38,clustered_null,False,polynomial_ridge,199,24060845,58290866,estimated,0.0007185178822981496,-0.01718726304587635,0.024116886395652678,0.055,False,False
38,clustered_null,False,polynomial_ridge,499,24060845,58290866,estimated,0.0007185178822981496,-0.019246168119676454,0.028204733300897573,0.055,False,False
38,clustered_null,False,polynomial_ridge,999,24060845,58290866,estimated,0.0007185178822981496,-0.014583561822907076,0.020290680517660267,0.055,False,False
38,clustered_null,False,polynomial_ridge_interactions,99,24060845,58291875,estimated,0.0007676808819645324,-0.011943849451809551,0.017430893112943557,0.015,False,False
38,clustered_null,False,polynomial_ridge_interactions,199,24060845,58291875,estimated,0.0007676808819645324,-0.013448834511935353,0.016690364627598347,0.015,False,False
38,clustered_null,False,polynomial_ridge_interactions,499,24060845,58291875,estimated,0.0007676808819645324,-0.013635995668912018,0.017604200129619735,0.015,False,False
38,clustered_null,False,polynomial_ridge_interactions,999,24060845,58291875,estimated,0.0007676808819645324,-0.018222373789365524,0.017196717159862446,0.015,False,False
38,genuine_increment,True,polynomial_ridge,99,24060845,58300873,estimated,0.03576537506264453,0.025499812920898278,0.047087360104687455,0.005,True,True
38,genuine_increment,True,polynomial_ridge,199,24060845,58300873,estimated,0.03576537506264453,0.026183151541076234,0.04706946350431713,0.005,True,True
38,genuine_increment,True,polynomial_ridge,499,24060845,58300873,estimated,0.03576537506264453,0.02651623140784222,0.04716537689923409,0.005,True,True
38,genuine_increment,True,polynomial_ridge,999,24060845,58300873,estimated,0.03576537506264453,0.02637544282758416,0.04774131508706387,0.005,True,True
38,genuine_increment,True,polynomial_ridge_interactions,99,24060845,58301882,estimated,0.036274107402366175,0.026128417760445485,0.04666817947408713,0.005,True,True
38,genuine_increment,True,polynomial_ridge_interactions,199,24060845,58301882,estimated,0.036274107402366175,0.025217512402848957,0.04822229419723755,0.005,True,True
38,genuine_increment,True,polynomial_ridge_interactions,499,24060845,58301882,estimated,0.036274107402366175,0.025158910602565913,0.04908364890464596,0.005,True,True
38,genuine_increment,True,polynomial_ridge_interactions,999,24060845,58301882,estimated,0.036274107402366175,0.02487632908480941,0.04873843616678385,0.005,True,True
38,heteroskedastic_null,False,polynomial_ridge,99,24060845,58280859,estimated,-0.0006369528581987565,-0.0016764694839773821,0.001307986191809388,0.91,False,False
38,heteroskedastic_null,False,polynomial_ridge,199,24060845,58280859,estimated,-0.0006369528581987565,-0.0018374949456914545,0.0012898533959038025,0.91,False,False
38,heteroskedastic_null,False,polynomial_ridge,499,24060845,58280859,estimated,-0.0006369528581987565,-0.0015593896663104545,0.0018449413539862723,0.91,False,False
38,heteroskedastic_null,False,polynomial_ridge,999,24060845,58280859,estimated,-0.0006369528581987565,-0.001584799324211054,0.001845163843696187,0.91,False,False
38,heteroskedastic_null,False,polynomial_ridge_interactions,99,24060845,58281868,estimated,-0.0003568217460971964,-0.0007632259067001774,0.0007835011176434342,0.505,False,False
38,heteroskedastic_null,False,polynomial_ridge_interactions,199,24060845,58281868,estimated,-0.0003568217460971964,-0.0009250827858955568,0.0007551957573901762,0.505,False,False
38,heteroskedastic_null,False,polynomial_ridge_interactions,499,24060845,58281868,estimated,-0.0003568217460971964,-0.0007595840432744382,0.0007983118447220376,0.505,False,False
38,heteroskedastic_null,False,polynomial_ridge_interactions,999,24060845,58281868,estimated,-0.0003568217460971964,-0.0007758543242877481,0.0008728648638186591,0.505,False,False
38,nonlinear_proxy,False,polynomial_ridge,99,24060845,58270852,estimated,0.0002976614785315827,-0.00028403127475332477,0.001671334246750655,0.06,False,False
38,nonlinear_proxy,False,polynomial_ridge,199,24060845,58270852,estimated,0.0002976614785315827,-0.0002713809394273322,0.0018500287446947517,0.06,False,False
38,nonlinear_proxy,False,polynomial_ridge,499,24060845,58270852,estimated,0.0002976614785315827,-0.00030100644818267173,0.0016428554309057069,0.06,False,False
38,nonlinear_proxy,False,polynomial_ridge,999,24060845,58270852,estimated,0.0002976614785315827,-0.00029553749292756927,0.001715981016974735,0.06,False,False
38,nonlinear_proxy,False,polynomial_ridge_interactions,99,24060845,58271861,estimated,0.00017267167294812008,-0.0002456974183904988,0.001230821942626433,0.05,False,False
38,nonlinear_proxy,False,polynomial_ridge_interactions,199,24060845,58271861,estimated,0.00017267167294812008,-0.0002527112455733828,0.0013312160221479994,0.05,False,False
38,nonlinear_proxy,False,polynomial_ridge_interactions,499,24060845,58271861,estimated,0.00017267167294812008,-0.0002804810707717496,0.0011631082625960397,0.05,False,False
38,nonlinear_proxy,False,polynomial_ridge_interactions,999,24060845,58271861,estimated,0.00017267167294812008,-0.0002681338604321227,0.0012789002436636584,0.05,False,False
38,null_metric,False,polynomial_ridge,99,24060845,58260845,estimated,-0.0009578741314022823,-0.0028562972783838752,0.0034760172004266164,0.6,False,False
38,null_metric,False,polynomial_ridge,199,24060845,58260845,estimated,-0.0009578741314022823,-0.0029150655397971823,0.0027801177588783,0.6,False,False
38,null_metric,False,polynomial_ridge,499,24060845,58260845,estimated,-0.0009578741314022823,-0.0024655911083157527,0.002786972129036093,0.6,False,False
38,null_metric,False,polynomial_ridge,999,24060845,58260845,estimated,-0.0009578741314022823,-0.0024634641090359056,0.0026460018308327934,0.6,False,False
38,null_metric,False,polynomial_ridge_interactions,99,24060845,58261854,estimated,-3.807530971128292e-05,-0.0007393176560681301,0.00033621823344656476,0.22,False,False
38,null_metric,False,polynomial_ridge_interactions,199,24060845,58261854,estimated,-3.807530971128292e-05,-0.0008287658244273616,0.00039765986778267473,0.22,False,False
38,null_metric,False,polynomial_ridge_interactions,499,24060845,58261854,estimated,-3.807530971128292e-05,-0.0008074215520926903,0.0006054862861601361,0.22,False,False
38,null_metric,False,polynomial_ridge_interactions,999,24060845,58261854,estimated,-3.807530971128292e-05,-0.0008728181604632518,0.0006817845277184173,0.22,False,False
39,clustered_null,False,polynomial_ridge,99,24160848,59290869,estimated,-0.0036136492648593636,-0.016023222986519915,0.01375020720363564,0.185,False,False
39,clustered_null,False,polynomial_ridge,199,24160848,59290869,estimated,-0.0036136492648593636,-0.011635700282192563,0.012837043634892294,0.185,False,False
39,clustered_null,False,polynomial_ridge,499,24160848,59290869,estimated,-0.0036136492648593636,-0.011567812776790302,0.012636019616548394,0.185,False,False
39,clustered_null,False,polynomial_ridge,999,24160848,59290869,estimated,-0.0036136492648593636,-0.012376893925819386,0.010454444447785255,0.185,False,False
39,clustered_null,False,polynomial_ridge_interactions,99,24160848,59291878,estimated,-0.0014573690972588052,-0.01091984033139907,0.008080200043396204,0.16,False,False
39,clustered_null,False,polynomial_ridge_interactions,199,24160848,59291878,estimated,-0.0014573690972588052,-0.010620732424145784,0.006247818246073216,0.16,False,False
39,clustered_null,False,polynomial_ridge_interactions,499,24160848,59291878,estimated,-0.0014573690972588052,-0.010961007037232696,0.006000358179780345,0.16,False,False
39,clustered_null,False,polynomial_ridge_interactions,999,24160848,59291878,estimated,-0.0014573690972588052,-0.011040272743537218,0.006562992813459915,0.16,False,False
39,genuine_increment,True,polynomial_ridge,99,24160848,59300876,estimated,0.04272983897159911,0.030974015440657154,0.05350327832832964,0.005,True,True
39,genuine_increment,True,polynomial_ridge,199,24160848,59300876,estimated,0.04272983897159911,0.030926903072927364,0.05247431236368709,0.005,True,True
39,genuine_increment,True,polynomial_ridge,499,24160848,59300876,estimated,0.04272983897159911,0.03032579962567246,0.053588503544508365,0.005,True,True
39,genuine_increment,True,polynomial_ridge,999,24160848,59300876,estimated,0.04272983897159911,0.03048547628470293,0.05345607661922087,0.005,True,True
39,genuine_increment,True,polynomial_ridge_interactions,99,24160848,59301885,estimated,0.043788597776068805,0.03044855182726865,0.05032470048289302,0.005,True,True
39,genuine_increment,True,polynomial_ridge_interactions,199,24160848,59301885,estimated,0.043788597776068805,0.031046937596136085,0.0507898252563202,0.005,True,True
39,genuine_increment,True,polynomial_ridge_interactions,499,24160848,59301885,estimated,0.043788597776068805,0.030949630371056896,0.05131506124347323,0.005,True,True
39,genuine_increment,True,polynomial_ridge_interactions,999,24160848,59301885,estimated,0.043788597776068805,0.030861501515388256,0.05196435540551474,0.005,True,True
39,heteroskedastic_null,False,polynomial_ridge,99,24160848,59280862,estimated,-1.6332551640145868e-05,-0.001107704473542352,0.0006968901519520843,0.8,False,False
39,heteroskedastic_null,False,polynomial_ridge,199,24160848,59280862,estimated,-1.6332551640145868e-05,-0.0012142411001116631,0.000716778527896747,0.8,False,False
39,heteroskedastic_null,False,polynomial_ridge,499,24160848,59280862,estimated,-1.6332551640145868e-05,-0.0011964923482299505,0.0007339704399493284,0.8,False,False
39,heteroskedastic_null,False,polynomial_ridge,999,24160848,59280862,estimated,-1.6332551640145868e-05,-0.0011116360275472967,0.0007389630396437722,0.8,False,False
39,heteroskedastic_null,False,polynomial_ridge_interactions,99,24160848,59281871,estimated,8.92948530365964e-06,-0.00045439903742019376,0.0004904587556813968,0.865,False,False
39,heteroskedastic_null,False,polynomial_ridge_interactions,199,24160848,59281871,estimated,8.92948530365964e-06,-0.00041713088936269003,0.0004764857018762421,0.865,False,False
39,heteroskedastic_null,False,polynomial_ridge_interactions,499,24160848,59281871,estimated,8.92948530365964e-06,-0.0004004307144407767,0.0004719105159264052,0.865,False,False
39,heteroskedastic_null,False,polynomial_ridge_interactions,999,24160848,59281871,estimated,8.92948530365964e-06,-0.0003605677099909098,0.0004460421492983806,0.865,False,False
39,nonlinear_proxy,False,polynomial_ridge,99,24160848,59270855,estimated,2.829067071403145e-05,-0.0005651010038253197,0.0015950098342346019,0.205,False,False
39,nonlinear_proxy,False,polynomial_ridge,199,24160848,59270855,estimated,2.829067071403145e-05,-0.000562686013105487,0.001745514053608419,0.205,False,False
39,nonlinear_proxy,False,polynomial_ridge,499,24160848,59270855,estimated,2.829067071403145e-05,-0.0005768257671439411,0.0017522708668873106,0.205,False,False
39,nonlinear_proxy,False,polynomial_ridge,999,24160848,59270855,estimated,2.829067071403145e-05,-0.0005963508833265573,0.0017572011566379352,0.205,False,False
39,nonlinear_proxy,False,polynomial_ridge_interactions,99,24160848,59271864,estimated,0.00025387675269864483,-0.0003812563070502768,0.001437553180420923,0.23,False,False
39,nonlinear_proxy,False,polynomial_ridge_interactions,199,24160848,59271864,estimated,0.00025387675269864483,-0.0003416401853851658,0.0014363736684063755,0.23,False,False
39,nonlinear_proxy,False,polynomial_ridge_interactions,499,24160848,59271864,estimated,0.00025387675269864483,-0.00026183586283426267,0.0014591241589727575,0.23,False,False
39,nonlinear_proxy,False,polynomial_ridge_interactions,999,24160848,59271864,estimated,0.00025387675269864483,-0.0002598265946429223,0.0015491060445875313,0.23,False,False
39,null_metric,False,polynomial_ridge,99,24160848,59260848,estimated,-0.0015499678276391718,-0.002011409009567818,0.0029927141687145957,0.265,False,False
39,null_metric,False,polynomial_ridge,199,24160848,59260848,estimated,-0.0015499678276391718,-0.0022742980661773302,0.003040788634885121,0.265,False,False
39,null_metric,False,polynomial_ridge,499,24160848,59260848,estimated,-0.0015499678276391718,-0.0022655689982133114,0.0031454395154503355,0.265,False,False
39,null_metric,False,polynomial_ridge,999,24160848,59260848,estimated,-0.0015499678276391718,-0.0021647110710286683,0.0030502710908667245,0.265,False,False
39,null_metric,False,polynomial_ridge_interactions,99,24160848,59261857,estimated,-0.00045269274086371866,-0.000739450683386255,0.000933084662600998,0.165,False,False
39,null_metric,False,polynomial_ridge_interactions,199,24160848,59261857,estimated,-0.00045269274086371866,-0.0005718598193134139,0.0009344515957667657,0.165,False,False
39,null_metric,False,polynomial_ridge_interactions,499,24160848,59261857,estimated,-0.00045269274086371866,-0.0005998727805539764,0.0010399766594893784,0.165,False,False
39,null_metric,False,polynomial_ridge_interactions,999,24160848,59261857,estimated,-0.00045269274086371866,-0.0006861345585680705,0.001085999976636782,0.165,False,False
40,clustered_null,False,polynomial_ridge,99,24260851,60290872,estimated,-0.0051307695158378745,-0.02774537783885556,0.009748866263586214,0.79,False,False
40,clustered_null,False,polynomial_ridge,199,24260851,60290872,estimated,-0.0051307695158378745,-0.028646164028087673,0.008066339118231123,0.79,False,False
40,clustered_null,False,polynomial_ridge,499,24260851,60290872,estimated,-0.0051307695158378745,-0.024220120155030667,0.007414631412619197,0.79,False,False
40,clustered_null,False,polynomial_ridge,999,24260851,60290872,estimated,-0.0051307695158378745,-0.024308400558326223,0.00840205033242246,0.79,False,False
40,clustered_null,False,polynomial_ridge_interactions,99,24260851,60291881,estimated,-0.0033454193608531343,-0.01012093299417525,0.004629479787716257,0.73,False,False
40,clustered_null,False,polynomial_ridge_interactions,199,24260851,60291881,estimated,-0.0033454193608531343,-0.014567321489732322,0.0065504029734274214,0.73,False,False
40,clustered_null,False,polynomial_ridge_interactions,499,24260851,60291881,estimated,-0.0033454193608531343,-0.013624232943520123,0.009533930890038051,0.73,False,False
40,clustered_null,False,polynomial_ridge_interactions,999,24260851,60291881,estimated,-0.0033454193608531343,-0.016088374335625485,0.008449596510218193,0.73,False,False
40,genuine_increment,True,polynomial_ridge,99,24260851,60300879,estimated,0.05051359567106925,0.03781554132263132,0.05860577245955536,0.005,True,True
40,genuine_increment,True,polynomial_ridge,199,24260851,60300879,estimated,0.05051359567106925,0.03863401942604757,0.05757023152111899,0.005,True,True
40,genuine_increment,True,polynomial_ridge,499,24260851,60300879,estimated,0.05051359567106925,0.039264091640453684,0.05760740939447788,0.005,True,True
40,genuine_increment,True,polynomial_ridge,999,24260851,60300879,estimated,0.05051359567106925,0.039133994550220055,0.05817957197623415,0.005,True,True
40,genuine_increment,True,polynomial_ridge_interactions,99,24260851,60301888,estimated,0.05078336995540402,0.03974802234990221,0.05685193898103453,0.005,True,True
40,genuine_increment,True,polynomial_ridge_interactions,199,24260851,60301888,estimated,0.05078336995540402,0.0395278764388485,0.05869932614060816,0.005,True,True
40,genuine_increment,True,polynomial_ridge_interactions,499,24260851,60301888,estimated,0.05078336995540402,0.03840462147928972,0.058043552593966076,0.005,True,True
40,genuine_increment,True,polynomial_ridge_interactions,999,24260851,60301888,estimated,0.05078336995540402,0.038250180957918246,0.058458433532817905,0.005,True,True
40,heteroskedastic_null,False,polynomial_ridge,99,24260851,60280865,estimated,-0.0005066392437948989,-0.0010415986982931875,0.0007137242142392142,0.105,False,False
40,heteroskedastic_null,False,polynomial_ridge,199,24260851,60280865,estimated,-0.0005066392437948989,-0.0008855703980041008,0.0006938575664252229,0.105,False,False
40,heteroskedastic_null,False,polynomial_ridge,499,24260851,60280865,estimated,-0.0005066392437948989,-0.0009095617551068825,0.0006818301384549387,0.105,False,False
40,heteroskedastic_null,False,polynomial_ridge,999,24260851,60280865,estimated,-0.0005066392437948989,-0.0008747119454545451,0.0006993219843528324,0.105,False,False
40,heteroskedastic_null,False,polynomial_ridge_interactions,99,24260851,60281874,estimated,-3.967878385520256e-05,-0.0003978023711725961,0.0006918647618228795,0.16,False,False
40,heteroskedastic_null,False,polynomial_ridge_interactions,199,24260851,60281874,estimated,-3.967878385520256e-05,-0.00030746327928488716,0.0005163920247626778,0.16,False,False
40,heteroskedastic_null,False,polynomial_ridge_interactions,499,24260851,60281874,estimated,-3.967878385520256e-05,-0.0002679493622549863,0.00047186337158855885,0.16,False,False
40,heteroskedastic_null,False,polynomial_ridge_interactions,999,24260851,60281874,estimated,-3.967878385520256e-05,-0.00027838805832533845,0.0004255708213444685,0.16,False,False
40,nonlinear_proxy,False,polynomial_ridge,99,24260851,60270858,estimated,-0.000467222333410784,-0.0004911274384677564,0.0013032943265750923,0.28,False,False
40,nonlinear_proxy,False,polynomial_ridge,199,24260851,60270858,estimated,-0.000467222333410784,-0.00047476091255121576,0.001186456582594539,0.28,False,False
40,nonlinear_proxy,False,polynomial_ridge,499,24260851,60270858,estimated,-0.000467222333410784,-0.0004865630047217729,0.0012252303732538424,0.28,False,False
40,nonlinear_proxy,False,polynomial_ridge,999,24260851,60270858,estimated,-0.000467222333410784,-0.0005082517637723335,0.0012310125963428367,0.28,False,False
40,nonlinear_proxy,False,polynomial_ridge_interactions,99,24260851,60271867,estimated,-0.00011524737570304307,-0.00032699149534573047,0.0007990525088336134,0.23,False,False
40,nonlinear_proxy,False,polynomial_ridge_interactions,199,24260851,60271867,estimated,-0.00011524737570304307,-0.00033956506661126236,0.00070313668232458,0.23,False,False
40,nonlinear_proxy,False,polynomial_ridge_interactions,499,24260851,60271867,estimated,-0.00011524737570304307,-0.00027408403432583684,0.0006705407902741981,0.23,False,False
40,nonlinear_proxy,False,polynomial_ridge_interactions,999,24260851,60271867,estimated,-0.00011524737570304307,-0.00026070966384614773,0.0006731947808021432,0.23,False,False
40,null_metric,False,polynomial_ridge,99,24260851,60260851,estimated,-0.001899462740930332,-0.002950678133928779,0.0016511711092675968,0.77,False,False
40,null_metric,False,polynomial_ridge,199,24260851,60260851,estimated,-0.001899462740930332,-0.002780076413017789,0.0017941685391042266,0.77,False,False
40,null_metric,False,polynomial_ridge,499,24260851,60260851,estimated,-0.001899462740930332,-0.002179759874366281,0.001772596356294988,0.77,False,False
40,null_metric,False,polynomial_ridge,999,24260851,60260851,estimated,-0.001899462740930332,-0.002115231447968921,0.001863095220494973,0.77,False,False
40,null_metric,False,polynomial_ridge_interactions,99,24260851,60261860,estimated,4.2694224676773085e-05,-0.0005244646691633534,0.0009661437601153295,0.68,False,False
40,null_metric,False,polynomial_ridge_interactions,199,24260851,60261860,estimated,4.2694224676773085e-05,-0.0006007732676603202,0.0010199059776861807,0.68,False,False
40,null_metric,False,polynomial_ridge_interactions,499,24260851,60261860,estimated,4.2694224676773085e-05,-0.0006091119003707946,0.0011115095943595255,0.68,False,False
40,null_metric,False,polynomial_ridge_interactions,999,24260851,60261860,estimated,4.2694224676773085e-05,-0.0006617739356481279,0.001054713151816994,0.68,False,False
41,clustered_null,False,polynomial_ridge,99,24360854,61290875,estimated,-0.0060532439015932565,-0.015134129755825962,0.0035749300908173532,0.645,False,False
41,clustered_null,False,polynomial_ridge,199,24360854,61290875,estimated,-0.0060532439015932565,-0.011637624123771105,0.003915874990684145,0.645,False,False
41,clustered_null,False,polynomial_ridge,499,24360854,61290875,estimated,-0.0060532439015932565,-0.018381489149165722,0.005803666983820376,0.645,False,False
41,clustered_null,False,polynomial_ridge,999,24360854,61290875,estimated,-0.0060532439015932565,-0.01448513150936979,0.005107283110505153,0.645,False,False
41,clustered_null,False,polynomial_ridge_interactions,99,24360854,61291884,estimated,-0.0007407183417924013,-0.009565109678960116,0.004139818511905179,0.905,False,False
41,clustered_null,False,polynomial_ridge_interactions,199,24360854,61291884,estimated,-0.0007407183417924013,-0.009497315775807202,0.0037139714275109892,0.905,False,False
41,clustered_null,False,polynomial_ridge_interactions,499,24360854,61291884,estimated,-0.0007407183417924013,-0.00874768986444479,0.002625204709065198,0.905,False,False
41,clustered_null,False,polynomial_ridge_interactions,999,24360854,61291884,estimated,-0.0007407183417924013,-0.009497315775807202,0.002830892020402956,0.905,False,False
41,genuine_increment,True,polynomial_ridge,99,24360854,61300882,estimated,0.04927293280986117,0.0377709579766758,0.059617617525693424,0.005,True,True
41,genuine_increment,True,polynomial_ridge,199,24360854,61300882,estimated,0.04927293280986117,0.03694819039874277,0.05941789996561397,0.005,True,True
41,genuine_increment,True,polynomial_ridge,499,24360854,61300882,estimated,0.04927293280986117,0.036691367696055376,0.05976257203806079,0.005,True,True
41,genuine_increment,True,polynomial_ridge,999,24360854,61300882,estimated,0.04927293280986117,0.037211816204842395,0.05992705816498746,0.005,True,True
41,genuine_increment,True,polynomial_ridge_interactions,99,24360854,61301891,estimated,0.04916228795244246,0.035473118158975345,0.059140557384816723,0.005,True,True
41,genuine_increment,True,polynomial_ridge_interactions,199,24360854,61301891,estimated,0.04916228795244246,0.035738989331518096,0.060114743483550295,0.005,True,True
41,genuine_increment,True,polynomial_ridge_interactions,499,24360854,61301891,estimated,0.04916228795244246,0.03633385539447222,0.05980156762027751,0.005,True,True
41,genuine_increment,True,polynomial_ridge_interactions,999,24360854,61301891,estimated,0.04916228795244246,0.03655655227641233,0.05904564956790352,0.005,True,True
41,heteroskedastic_null,False,polynomial_ridge,99,24360854,61280868,estimated,-0.001790251884557434,-0.0013256114618049718,0.0007046590278656888,0.795,False,False
41,heteroskedastic_null,False,polynomial_ridge,199,24360854,61280868,estimated,-0.001790251884557434,-0.0013948970846943973,0.0007136702894643033,0.795,False,False
41,heteroskedastic_null,False,polynomial_ridge,499,24360854,61280868,estimated,-0.001790251884557434,-0.0014374613277813384,0.0007034022226722241,0.795,False,False
41,heteroskedastic_null,False,polynomial_ridge,999,24360854,61280868,estimated,-0.001790251884557434,-0.0014707693164101073,0.0007087755735729967,0.795,False,False
41,heteroskedastic_null,False,polynomial_ridge_interactions,99,24360854,61281877,estimated,-5.781817938398624e-05,-0.0007410173121689005,0.00027464666849121396,0.765,False,False
41,heteroskedastic_null,False,polynomial_ridge_interactions,199,24360854,61281877,estimated,-5.781817938398624e-05,-0.0006892186973654643,0.00031036435737710386,0.765,False,False
41,heteroskedastic_null,False,polynomial_ridge_interactions,499,24360854,61281877,estimated,-5.781817938398624e-05,-0.000673669790482945,0.00044523560649309163,0.765,False,False
41,heteroskedastic_null,False,polynomial_ridge_interactions,999,24360854,61281877,estimated,-5.781817938398624e-05,-0.0006437505032649353,0.00044252752036372673,0.765,False,False
41,nonlinear_proxy,False,polynomial_ridge,99,24360854,61270861,estimated,-0.00032245494088637555,-0.0008438153900596222,0.0007189182003423998,0.13,False,False
41,nonlinear_proxy,False,polynomial_ridge,199,24360854,61270861,estimated,-0.00032245494088637555,-0.0008944430663667243,0.0010109109928114134,0.13,False,False
41,nonlinear_proxy,False,polynomial_ridge,499,24360854,61270861,estimated,-0.00032245494088637555,-0.0009353972727261101,0.001056401779850786,0.13,False,False
41,nonlinear_proxy,False,polynomial_ridge,999,24360854,61270861,estimated,-0.00032245494088637555,-0.0009366548713533408,0.001032043535859785,0.13,False,False
41,nonlinear_proxy,False,polynomial_ridge_interactions,99,24360854,61271870,estimated,-6.610260469865764e-05,-0.0004348084963526137,0.0005829402584617912,0.26,False,False
41,nonlinear_proxy,False,polynomial_ridge_interactions,199,24360854,61271870,estimated,-6.610260469865764e-05,-0.0005404690132467654,0.0007354983348347025,0.26,False,False
41,nonlinear_proxy,False,polynomial_ridge_interactions,499,24360854,61271870,estimated,-6.610260469865764e-05,-0.0005355605863671681,0.000675405737735862,0.26,False,False
41,nonlinear_proxy,False,polynomial_ridge_interactions,999,24360854,61271870,estimated,-6.610260469865764e-05,-0.0005519862151353181,0.0007340853794300172,0.26,False,False
41,null_metric,False,polynomial_ridge,99,24360854,61260854,estimated,-0.0006349907896772596,-0.002753487159729834,0.0017430402634420633,0.4,False,False
41,null_metric,False,polynomial_ridge,199,24360854,61260854,estimated,-0.0006349907896772596,-0.0024879086277546426,0.002242523619507192,0.4,False,False
41,null_metric,False,polynomial_ridge,499,24360854,61260854,estimated,-0.0006349907896772596,-0.0025083080370957647,0.002311776777514181,0.4,False,False
41,null_metric,False,polynomial_ridge,999,24360854,61260854,estimated,-0.0006349907896772596,-0.002662205777346893,0.0021443836382363185,0.4,False,False
41,null_metric,False,polynomial_ridge_interactions,99,24360854,61261863,estimated,-9.893370045059927e-05,-0.0007339364867894286,0.0012458815836219924,0.035,False,False
41,null_metric,False,polynomial_ridge_interactions,199,24360854,61261863,estimated,-9.893370045059927e-05,-0.0007555148198171368,0.0013901105384362521,0.035,False,False
41,null_metric,False,polynomial_ridge_interactions,499,24360854,61261863,estimated,-9.893370045059927e-05,-0.0009853147291914725,0.0017343903067936772,0.035,False,False
41,null_metric,False,polynomial_ridge_interactions,999,24360854,61261863,estimated,-9.893370045059927e-05,-0.000965730995008668,0.0014534146178372112,0.035,False,False
42,clustered_null,False,polynomial_ridge,99,24460857,62290878,estimated,-0.0059919419106843445,-0.011969507668932403,0.006385873651924552,0.99,False,False
42,clustered_null,False,polynomial_ridge,199,24460857,62290878,estimated,-0.0059919419106843445,-0.01573611996844466,0.005676589300146123,0.99,False,False
42,clustered_null,False,polynomial_ridge,499,24460857,62290878,estimated,-0.0059919419106843445,-0.020340029077910472,0.007245079079688634,0.99,False,False
42,clustered_null,False,polynomial_ridge,999,24460857,62290878,estimated,-0.0059919419106843445,-0.017073870163999534,0.007248554286420709,0.99,False,False
42,clustered_null,False,polynomial_ridge_interactions,99,24460857,62291887,estimated,-0.0008044704595133977,-0.011874563996849113,0.007269914118177349,0.51,False,False
42,clustered_null,False,polynomial_ridge_interactions,199,24460857,62291887,estimated,-0.0008044704595133977,-0.008552645491347655,0.006753312113008898,0.51,False,False
42,clustered_null,False,polynomial_ridge_interactions,499,24460857,62291887,estimated,-0.0008044704595133977,-0.01548702340096293,0.006029201304103006,0.51,False,False
42,clustered_null,False,polynomial_ridge_interactions,999,24460857,62291887,estimated,-0.0008044704595133977,-0.0154343209227424,0.005083660139371817,0.51,False,False
42,genuine_increment,True,polynomial_ridge,99,24460857,62300885,estimated,0.03233217991819969,0.024482810035773222,0.04276028110527863,0.005,True,True
42,genuine_increment,True,polynomial_ridge,199,24460857,62300885,estimated,0.03233217991819969,0.02393079024384927,0.0430989176388556,0.005,True,True
42,genuine_increment,True,polynomial_ridge,499,24460857,62300885,estimated,0.03233217991819969,0.023944629274842567,0.043806049169759456,0.005,True,True
42,genuine_increment,True,polynomial_ridge,999,24460857,62300885,estimated,0.03233217991819969,0.024154292353409643,0.04305660909913587,0.005,True,True
42,genuine_increment,True,polynomial_ridge_interactions,99,24460857,62301894,estimated,0.034422587678110475,0.024475514645338113,0.040976586535094194,0.005,True,True
42,genuine_increment,True,polynomial_ridge_interactions,199,24460857,62301894,estimated,0.034422587678110475,0.024912179468015584,0.04198113650950459,0.005,True,True
42,genuine_increment,True,polynomial_ridge_interactions,499,24460857,62301894,estimated,0.034422587678110475,0.024906498861805442,0.04278892897556374,0.005,True,True
42,genuine_increment,True,polynomial_ridge_interactions,999,24460857,62301894,estimated,0.034422587678110475,0.024860245743576006,0.04233406944752738,0.005,True,True
42,heteroskedastic_null,False,polynomial_ridge,99,24460857,62280871,estimated,-0.000748337562201282,-0.0009829473998594098,0.00046008181801566713,0.69,False,False
42,heteroskedastic_null,False,polynomial_ridge,199,24460857,62280871,estimated,-0.000748337562201282,-0.0011051220365149376,0.0003809619444854485,0.69,False,False
42,heteroskedastic_null,False,polynomial_ridge,499,24460857,62280871,estimated,-0.000748337562201282,-0.0011409185382726713,0.0005634863095134489,0.69,False,False
42,heteroskedastic_null,False,polynomial_ridge,999,24460857,62280871,estimated,-0.000748337562201282,-0.001134742850071197,0.0005147186923819998,0.69,False,False
42,heteroskedastic_null,False,polynomial_ridge_interactions,99,24460857,62281880,estimated,-3.752602831751106e-05,-0.000412810347212158,0.0003096847060550353,0.83,False,False
42,heteroskedastic_null,False,polynomial_ridge_interactions,199,24460857,62281880,estimated,-3.752602831751106e-05,-0.0005104221925310769,0.00034699180844368325,0.83,False,False
42,heteroskedastic_null,False,polynomial_ridge_interactions,499,24460857,62281880,estimated,-3.752602831751106e-05,-0.0005080757891957617,0.0004014359467705736,0.83,False,False
42,heteroskedastic_null,False,polynomial_ridge_interactions,999,24460857,62281880,estimated,-3.752602831751106e-05,-0.0004595124470995636,0.0004382761622790395,0.83,False,False
42,nonlinear_proxy,False,polynomial_ridge,99,24460857,62270864,estimated,0.0004860851419066156,-0.0004789320481360735,0.00252121927798923,0.045,False,False
42,nonlinear_proxy,False,polynomial_ridge,199,24460857,62270864,estimated,0.0004860851419066156,-0.0006241337218540614,0.0025874671074072363,0.045,False,False
42,nonlinear_proxy,False,polynomial_ridge,499,24460857,62270864,estimated,0.0004860851419066156,-0.0006295415947678675,0.0025463480375842703,0.045,False,False
42,nonlinear_proxy,False,polynomial_ridge,999,24460857,62270864,estimated,0.0004860851419066156,-0.0005909382604707918,0.002502353779057311,0.045,False,False
42,nonlinear_proxy,False,polynomial_ridge_interactions,99,24460857,62271873,estimated,-0.000490993766864992,-0.0006059741294647967,0.0014359510118170727,0.21,False,False
42,nonlinear_proxy,False,polynomial_ridge_interactions,199,24460857,62271873,estimated,-0.000490993766864992,-0.0008004685693245309,0.0013041259140662588,0.21,False,False
42,nonlinear_proxy,False,polynomial_ridge_interactions,499,24460857,62271873,estimated,-0.000490993766864992,-0.0007784316652336157,0.0012481784154066786,0.21,False,False
42,nonlinear_proxy,False,polynomial_ridge_interactions,999,24460857,62271873,estimated,-0.000490993766864992,-0.000739715721334396,0.001346072093186744,0.21,False,False
42,null_metric,False,polynomial_ridge,99,24460857,62260857,estimated,-0.0005332036206039809,-0.0018720486534034774,0.003485603304497014,0.195,False,False
42,null_metric,False,polynomial_ridge,199,24460857,62260857,estimated,-0.0005332036206039809,-0.001782499801285209,0.0036274235522468787,0.195,False,False
42,null_metric,False,polynomial_ridge,499,24460857,62260857,estimated,-0.0005332036206039809,-0.002089124720672625,0.0035540426753044524,0.195,False,False
42,null_metric,False,polynomial_ridge,999,24460857,62260857,estimated,-0.0005332036206039809,-0.0022176961084799285,0.0035748826485836045,0.195,False,False
42,null_metric,False,polynomial_ridge_interactions,99,24460857,62261866,estimated,-6.516299826102995e-05,-0.0008989948094684098,0.0016744957914562593,0.4,False,False
42,null_metric,False,polynomial_ridge_interactions,199,24460857,62261866,estimated,-6.516299826102995e-05,-0.0008942994183570496,0.0016548492022246037,0.4,False,False
42,null_metric,False,polynomial_ridge_interactions,499,24460857,62261866,estimated,-6.516299826102995e-05,-0.0009541289786130093,0.0020188976181351407,0.4,False,False
42,null_metric,False,polynomial_ridge_interactions,999,24460857,62261866,estimated,-6.516299826102995e-05,-0.0008830841806254158,0.002101650227763472,0.4,False,False
43,clustered_null,False,polynomial_ridge,99,24560860,63290881,estimated,-0.010316233730495734,-0.027108567300488353,0.008860427919588635,0.47,False,False
43,clustered_null,False,polynomial_ridge,199,24560860,63290881,estimated,-0.010316233730495734,-0.02857196319221977,0.009106433817637347,0.47,False,False
43,clustered_null,False,polynomial_ridge,499,24560860,63290881,estimated,-0.010316233730495734,-0.03296191480283059,0.009909178861897561,0.47,False,False
43,clustered_null,False,polynomial_ridge,999,24560860,63290881,estimated,-0.010316233730495734,-0.03319401328660203,0.010099492659388812,0.47,False,False
43,clustered_null,False,polynomial_ridge_interactions,99,24560860,63291890,estimated,-0.010748132545397956,-0.04656505610058521,0.009119984073822767,0.31,False,False
43,clustered_null,False,polynomial_ridge_interactions,199,24560860,63291890,estimated,-0.010748132545397956,-0.042421561592284704,0.010587451694963439,0.31,False,False
43,clustered_null,False,polynomial_ridge_interactions,499,24560860,63291890,estimated,-0.010748132545397956,-0.031336567030760355,0.010887059587090893,0.31,False,False
43,clustered_null,False,polynomial_ridge_interactions,999,24560860,63291890,estimated,-0.010748132545397956,-0.02713229481784261,0.011596781057865218,0.31,False,False
43,genuine_increment,True,polynomial_ridge,99,24560860,63300888,estimated,0.02946293945498399,0.020829685518257545,0.03794391004227919,0.005,True,True
43,genuine_increment,True,polynomial_ridge,199,24560860,63300888,estimated,0.02946293945498399,0.020084884853542942,0.03706299062512805,0.005,True,True
43,genuine_increment,True,polynomial_ridge,499,24560860,63300888,estimated,0.02946293945498399,0.020466281980972514,0.037191338032738434,0.005,True,True
43,genuine_increment,True,polynomial_ridge,999,24560860,63300888,estimated,0.02946293945498399,0.02069936075030233,0.037062990625128044,0.005,True,True
43,genuine_increment,True,polynomial_ridge_interactions,99,24560860,63301897,estimated,0.030127750304452548,0.02179149159206244,0.03506237756020675,0.005,True,True
43,genuine_increment,True,polynomial_ridge_interactions,199,24560860,63301897,estimated,0.030127750304452548,0.021664381380584834,0.035022351650288906,0.005,True,True
43,genuine_increment,True,polynomial_ridge_interactions,499,24560860,63301897,estimated,0.030127750304452548,0.020822760030130963,0.03573915372052284,0.005,True,True
43,genuine_increment,True,polynomial_ridge_interactions,999,24560860,63301897,estimated,0.030127750304452548,0.020766285532862114,0.03665543456839477,0.005,True,True
43,heteroskedastic_null,False,polynomial_ridge,99,24560860,63280874,estimated,-0.0005342493034293039,-0.0010243402344960464,0.0006638530103345136,0.555,False,False
43,heteroskedastic_null,False,polynomial_ridge,199,24560860,63280874,estimated,-0.0005342493034293039,-0.0010400487938296236,0.0007300965181958873,0.555,False,False
43,heteroskedastic_null,False,polynomial_ridge,499,24560860,63280874,estimated,-0.0005342493034293039,-0.0010763399515887418,0.0007840567433489627,0.555,False,False
43,heteroskedastic_null,False,polynomial_ridge,999,24560860,63280874,estimated,-0.0005342493034293039,-0.0010704761932761274,0.0008360546162412527,0.555,False,False
43,heteroskedastic_null,False,polynomial_ridge_interactions,99,24560860,63281883,estimated,-7.484174444995217e-05,-0.00029940574873487985,0.00042449598600111246,0.355,False,False
43,heteroskedastic_null,False,polynomial_ridge_interactions,199,24560860,63281883,estimated,-7.484174444995217e-05,-0.0003350399240562052,0.0005037465042861381,0.355,False,False
43,heteroskedastic_null,False,polynomial_ridge_interactions,499,24560860,63281883,estimated,-7.484174444995217e-05,-0.00041912637640782475,0.0005202893865842659,0.355,False,False
43,heteroskedastic_null,False,polynomial_ridge_interactions,999,24560860,63281883,estimated,-7.484174444995217e-05,-0.00038204090602793637,0.0005284418630699168,0.355,False,False
43,nonlinear_proxy,False,polynomial_ridge,99,24560860,63270867,estimated,-3.3542218889001663e-06,-0.0006607535303631469,0.001162427011449116,0.615,False,False
43,nonlinear_proxy,False,polynomial_ridge,199,24560860,63270867,estimated,-3.3542218889001663e-06,-0.0006054590209499834,0.001038528098999466,0.615,False,False
43,nonlinear_proxy,False,polynomial_ridge,499,24560860,63270867,estimated,-3.3542218889001663e-06,-0.0006096174081117433,0.0008840760061002883,0.615,False,False
43,nonlinear_proxy,False,polynomial_ridge,999,24560860,63270867,estimated,-3.3542218889001663e-06,-0.0006618518008964379,0.0008972357440266703,0.615,False,False
43,nonlinear_proxy,False,polynomial_ridge_interactions,99,24560860,63271876,estimated,-5.866564766631235e-06,-0.00035222125953641276,0.0011625895877621242,0.665,False,False
43,nonlinear_proxy,False,polynomial_ridge_interactions,199,24560860,63271876,estimated,-5.866564766631235e-06,-0.00031107166683142976,0.001109211083066061,0.665,False,False
43,nonlinear_proxy,False,polynomial_ridge_interactions,499,24560860,63271876,estimated,-5.866564766631235e-06,-0.0003539144206795038,0.0009896439022257688,0.665,False,False
43,nonlinear_proxy,False,polynomial_ridge_interactions,999,24560860,63271876,estimated,-5.866564766631235e-06,-0.00035338842168438744,0.0010018647020296608,0.665,False,False
43,null_metric,False,polynomial_ridge,99,24560860,63260860,estimated,0.0002687720239589915,-0.001992471932831215,0.0037329425692991538,0.48,False,False
43,null_metric,False,polynomial_ridge,199,24560860,63260860,estimated,0.0002687720239589915,-0.0019608450248270104,0.003580005488405471,0.48,False,False
43,null_metric,False,polynomial_ridge,499,24560860,63260860,estimated,0.0002687720239589915,-0.0019303746934921657,0.0036809489099233253,0.48,False,False
43,null_metric,False,polynomial_ridge,999,24560860,63260860,estimated,0.0002687720239589915,-0.0018834330058260346,0.003589860598118271,0.48,False,False
43,null_metric,False,polynomial_ridge_interactions,99,24560860,63261869,estimated,-0.00028591224610204427,-0.0010041361238949588,0.0005327670407855964,0.575,False,False
43,null_metric,False,polynomial_ridge_interactions,199,24560860,63261869,estimated,-0.00028591224610204427,-0.0012414624994305985,0.0008255331505308798,0.575,False,False
43,null_metric,False,polynomial_ridge_interactions,499,24560860,63261869,estimated,-0.00028591224610204427,-0.0012662753022484393,0.0008696959120533389,0.575,False,False
43,null_metric,False,polynomial_ridge_interactions,999,24560860,63261869,estimated,-0.00028591224610204427,-0.0012656293181782922,0.0009456885460850717,0.575,False,False
44,clustered_null,False,polynomial_ridge,99,24660863,64290884,estimated,-0.0008398863936236048,-0.005362682836384692,0.002492975195547155,0.37,False,False
44,clustered_null,False,polynomial_ridge,199,24660863,64290884,estimated,-0.0008398863936236048,-0.00577895194818995,0.0034339945750888317,0.37,False,False
44,clustered_null,False,polynomial_ridge,499,24660863,64290884,estimated,-0.0008398863936236048,-0.0067567096190319954,0.0033160380449673973,0.37,False,False
44,clustered_null,False,polynomial_ridge,999,24660863,64290884,estimated,-0.0008398863936236048,-0.0065351358753903506,0.003513589613095438,0.37,False,False
44,clustered_null,False,polynomial_ridge_interactions,99,24660863,64291893,estimated,-0.001460694508602426,-0.007142197467973531,0.00218899721740391,0.19,False,False
44,clustered_null,False,polynomial_ridge_interactions,199,24660863,64291893,estimated,-0.001460694508602426,-0.006028101246966546,0.0021398886335892413,0.19,False,False
44,clustered_null,False,polynomial_ridge_interactions,499,24660863,64291893,estimated,-0.001460694508602426,-0.0061902720891544236,0.0022190730758164952,0.19,False,False
44,clustered_null,False,polynomial_ridge_interactions,999,24660863,64291893,estimated,-0.001460694508602426,-0.0061284045098742804,0.0025406654087387305,0.19,False,False
44,genuine_increment,True,polynomial_ridge,99,24660863,64300891,estimated,0.039636309954347346,0.027389042326836532,0.05076353313551355,0.005,True,True
44,genuine_increment,True,polynomial_ridge,199,24660863,64300891,estimated,0.039636309954347346,0.026429518661334354,0.050289320348570116,0.005,True,True
44,genuine_increment,True,polynomial_ridge,499,24660863,64300891,estimated,0.039636309954347346,0.02648853880604446,0.05027720854693549,0.005,True,True
44,genuine_increment,True,polynomial_ridge,999,24660863,64300891,estimated,0.039636309954347346,0.025554713622076078,0.04939148025060432,0.005,True,True
44,genuine_increment,True,polynomial_ridge_interactions,99,24660863,64301900,estimated,0.03801381060582936,0.025969206349911195,0.04844726216674558,0.005,True,True
44,genuine_increment,True,polynomial_ridge_interactions,199,24660863,64301900,estimated,0.03801381060582936,0.02615886430173567,0.04827337046141135,0.005,True,True
44,genuine_increment,True,polynomial_ridge_interactions,499,24660863,64301900,estimated,0.03801381060582936,0.023431003229350107,0.04837935892419456,0.005,True,True
44,genuine_increment,True,polynomial_ridge_interactions,999,24660863,64301900,estimated,0.03801381060582936,0.02376013881975998,0.04930649930672309,0.005,True,True
44,heteroskedastic_null,False,polynomial_ridge,99,24660863,64280877,estimated,0.0002674852242777002,-0.0006955194169066274,0.0011864980162166745,0.41,False,False
44,heteroskedastic_null,False,polynomial_ridge,199,24660863,64280877,estimated,0.0002674852242777002,-0.0007117060004868072,0.0014611331092720264,0.41,False,False
44,heteroskedastic_null,False,polynomial_ridge,499,24660863,64280877,estimated,0.0002674852242777002,-0.0009780236648162309,0.0014426139211157307,0.41,False,False
44,heteroskedastic_null,False,polynomial_ridge,999,24660863,64280877,estimated,0.0002674852242777002,-0.001036256972188125,0.0014165197607405066,0.41,False,False
44,heteroskedastic_null,False,polynomial_ridge_interactions,99,24660863,64281886,estimated,6.970372302320983e-05,-0.0003499075724645932,0.000494565284312847,0.48,False,False
44,heteroskedastic_null,False,polynomial_ridge_interactions,199,24660863,64281886,estimated,6.970372302320983e-05,-0.0005996513248084666,0.0005210654101550406,0.48,False,False
44,heteroskedastic_null,False,polynomial_ridge_interactions,499,24660863,64281886,estimated,6.970372302320983e-05,-0.00047704131855687824,0.0005424238584577752,0.48,False,False
44,heteroskedastic_null,False,polynomial_ridge_interactions,999,24660863,64281886,estimated,6.970372302320983e-05,-0.00046769699149299304,0.0005365502207737293,0.48,False,False
44,nonlinear_proxy,False,polynomial_ridge,99,24660863,64270870,estimated,-0.0003177557960368175,-0.00041960907544067024,0.001456522725101432,0.91,False,False
44,nonlinear_proxy,False,polynomial_ridge,199,24660863,64270870,estimated,-0.0003177557960368175,-0.00045569808378620355,0.001490522903927855,0.91,False,False
44,nonlinear_proxy,False,polynomial_ridge,499,24660863,64270870,estimated,-0.0003177557960368175,-0.0005068733767838402,0.001503921634599851,0.91,False,False
44,nonlinear_proxy,False,polynomial_ridge,999,24660863,64270870,estimated,-0.0003177557960368175,-0.0004970080763826194,0.0016553753774676406,0.91,False,False
44,nonlinear_proxy,False,polynomial_ridge_interactions,99,24660863,64271879,estimated,0.000384270175107726,-0.0001292286971823699,0.0015443421562985446,0.645,False,False
44,nonlinear_proxy,False,polynomial_ridge_interactions,199,24660863,64271879,estimated,0.000384270175107726,-7.771065885204837e-05,0.0015570434333756617,0.645,False,False
44,nonlinear_proxy,False,polynomial_ridge_interactions,499,24660863,64271879,estimated,0.000384270175107726,-6.48621894825274e-05,0.0015614668773739305,0.645,False,False
44,nonlinear_proxy,False,polynomial_ridge_interactions,999,24660863,64271879,estimated,0.000384270175107726,-8.07838508977336e-05,0.0015315787355178658,0.645,False,False
44,null_metric,False,polynomial_ridge,99,24660863,64260863,estimated,-0.0004768896033992588,-0.002721748512123118,0.002108214326935929,0.28,False,False
44,null_metric,False,polynomial_ridge,199,24660863,64260863,estimated,-0.0004768896033992588,-0.0025119375763260807,0.0031189125948730464,0.28,False,False
44,null_metric,False,polynomial_ridge,499,24660863,64260863,estimated,-0.0004768896033992588,-0.002397627796247753,0.002675386505951713,0.28,False,False
44,null_metric,False,polynomial_ridge,999,24660863,64260863,estimated,-0.0004768896033992588,-0.0022064794180683125,0.0027720609402912782,0.28,False,False
44,null_metric,False,polynomial_ridge_interactions,99,24660863,64261872,estimated,-6.738026713403941e-05,-0.000988725230881914,0.0019517898006523096,0.455,False,False
44,null_metric,False,polynomial_ridge_interactions,199,24660863,64261872,estimated,-6.738026713403941e-05,-0.0010305146121612333,0.0016013314716827323,0.455,False,False
44,null_metric,False,polynomial_ridge_interactions,499,24660863,64261872,estimated,-6.738026713403941e-05,-0.0010391470788953523,0.0014794235922588957,0.455,False,False
44,null_metric,False,polynomial_ridge_interactions,999,24660863,64261872,estimated,-6.738026713403941e-05,-0.0011356571135354037,0.0014260289687510347,0.455,False,False
45,clustered_null,False,polynomial_ridge,99,24760866,65290887,estimated,-0.008345510031360054,-0.023858703436445177,0.009110101475402211,0.395,False,False
45,clustered_null,False,polynomial_ridge,199,24760866,65290887,estimated,-0.008345510031360054,-0.025365589954377463,0.014510327689872324,0.395,False,False
45,clustered_null,False,polynomial_ridge,499,24760866,65290887,estimated,-0.008345510031360054,-0.017088186564455862,0.008187427555130931,0.395,False,False
45,clustered_null,False,polynomial_ridge,999,24760866,65290887,estimated,-0.008345510031360054,-0.0169754144589572,0.008018080864329527,0.395,False,False
45,clustered_null,False,polynomial_ridge_interactions,99,24760866,65291896,estimated,-0.005880117155883064,-0.00942256634680474,0.0049125234781059795,0.47,False,False
45,clustered_null,False,polynomial_ridge_interactions,199,24760866,65291896,estimated,-0.005880117155883064,-0.011084351791761015,0.005111501725704102,0.47,False,False
45,clustered_null,False,polynomial_ridge_interactions,499,24760866,65291896,estimated,-0.005880117155883064,-0.010742223643804574,0.005117904735790901,0.47,False,False
45,clustered_null,False,polynomial_ridge_interactions,999,24760866,65291896,estimated,-0.005880117155883064,-0.010693523078990602,0.005755773835266925,0.47,False,False
45,genuine_increment,True,polynomial_ridge,99,24760866,65300894,estimated,0.04279220922676685,0.033590219297421404,0.05032274983482803,0.005,True,True
45,genuine_increment,True,polynomial_ridge,199,24760866,65300894,estimated,0.04279220922676685,0.03345948349958637,0.04982585705695215,0.005,True,True
45,genuine_increment,True,polynomial_ridge,499,24760866,65300894,estimated,0.04279220922676685,0.03334159924844909,0.050575587189274525,0.005,True,True
45,genuine_increment,True,polynomial_ridge,999,24760866,65300894,estimated,0.04279220922676685,0.033141603452202927,0.050596916145087704,0.005,True,True
45,genuine_increment,True,polynomial_ridge_interactions,99,24760866,65301903,estimated,0.04099603357837564,0.03487410219853379,0.04740047047780357,0.005,True,True
45,genuine_increment,True,polynomial_ridge_interactions,199,24760866,65301903,estimated,0.04099603357837564,0.03418595572686197,0.048518259934875595,0.005,True,True
45,genuine_increment,True,polynomial_ridge_interactions,499,24760866,65301903,estimated,0.04099603357837564,0.032491001249320604,0.049282551253336825,0.005,True,True
45,genuine_increment,True,polynomial_ridge_interactions,999,24760866,65301903,estimated,0.04099603357837564,0.03249051556912548,0.049752779713119484,0.005,True,True
45,heteroskedastic_null,False,polynomial_ridge,99,24760866,65280880,estimated,-0.0006082146505167318,-0.0011555086277116888,0.0009183561276143751,0.435,False,False
45,heteroskedastic_null,False,polynomial_ridge,199,24760866,65280880,estimated,-0.0006082146505167318,-0.0011549523744081981,0.000967458229109847,0.435,False,False
45,heteroskedastic_null,False,polynomial_ridge,499,24760866,65280880,estimated,-0.0006082146505167318,-0.0011806348730841374,0.0010003794608619441,0.435,False,False
45,heteroskedastic_null,False,polynomial_ridge,999,24760866,65280880,estimated,-0.0006082146505167318,-0.0011708018845181978,0.0011669334483713715,0.435,False,False
45,heteroskedastic_null,False,polynomial_ridge_interactions,99,24760866,65281889,estimated,-0.00016551487937726574,-0.0003791975917033258,0.0004700398465366612,0.42,False,False
45,heteroskedastic_null,False,polynomial_ridge_interactions,199,24760866,65281889,estimated,-0.00016551487937726574,-0.00044638355391165977,0.0004942278983976373,0.42,False,False
45,heteroskedastic_null,False,polynomial_ridge_interactions,499,24760866,65281889,estimated,-0.00016551487937726574,-0.00044665355871472757,0.0005773304617403333,0.42,False,False
45,heteroskedastic_null,False,polynomial_ridge_interactions,999,24760866,65281889,estimated,-0.00016551487937726574,-0.00044695402878832833,0.0005441718116706188,0.42,False,False
45,nonlinear_proxy,False,polynomial_ridge,99,24760866,65270873,estimated,0.00032304549012540824,-0.0004820079565687994,0.0011539841444907942,0.955,False,False
45,nonlinear_proxy,False,polynomial_ridge,199,24760866,65270873,estimated,0.00032304549012540824,-0.0004339299076244802,0.0013227512357268751,0.955,False,False
45,nonlinear_proxy,False,polynomial_ridge,499,24760866,65270873,estimated,0.00032304549012540824,-0.00042550513354635666,0.0013938598069655496,0.955,False,False
45,nonlinear_proxy,False,polynomial_ridge,999,24760866,65270873,estimated,0.00032304549012540824,-0.0004805917100391101,0.0014233185477255078,0.955,False,False
45,nonlinear_proxy,False,polynomial_ridge_interactions,99,24760866,65271882,estimated,0.0002413611518616984,-0.00015358857267964903,0.0015215483720272549,0.99,False,False
45,nonlinear_proxy,False,polynomial_ridge_interactions,199,24760866,65271882,estimated,0.0002413611518616984,-0.00019611751409785624,0.0015376149511561743,0.99,False,False
45,nonlinear_proxy,False,polynomial_ridge_interactions,499,24760866,65271882,estimated,0.0002413611518616984,-0.00022122097853689783,0.001431855484987653,0.99,False,False
45,nonlinear_proxy,False,polynomial_ridge_interactions,999,24760866,65271882,estimated,0.0002413611518616984,-0.00022142422774857552,0.0013596378161290195,0.99,False,False
45,null_metric,False,polynomial_ridge,99,24760866,65260866,estimated,-0.0016986317532347965,-0.002606790743707313,0.0011630150538233302,0.14,False,False
45,null_metric,False,polynomial_ridge,199,24760866,65260866,estimated,-0.0016986317532347965,-0.002976956418635749,0.0012789352639371845,0.14,False,False
45,null_metric,False,polynomial_ridge,499,24760866,65260866,estimated,-0.0016986317532347965,-0.0030532587380811176,0.0012587715270675074,0.14,False,False
45,null_metric,False,polynomial_ridge,999,24760866,65260866,estimated,-0.0016986317532347965,-0.002976956418635749,0.001312187619724531,0.14,False,False
45,null_metric,False,polynomial_ridge_interactions,99,24760866,65261875,estimated,-0.000345294892004102,-0.0014818073771320289,0.0005776752582865132,0.205,False,False
45,null_metric,False,polynomial_ridge_interactions,199,24760866,65261875,estimated,-0.000345294892004102,-0.001537757225748991,0.0005668124979164,0.205,False,False
45,null_metric,False,polynomial_ridge_interactions,499,24760866,65261875,estimated,-0.000345294892004102,-0.0015179163106199696,0.0006248176492970174,0.205,False,False
45,null_metric,False,polynomial_ridge_interactions,999,24760866,65261875,estimated,-0.000345294892004102,-0.0014498291648052984,0.0006757291294258776,0.205,False,False
46,clustered_null,False,polynomial_ridge,99,24860869,66290890,estimated,-0.0010145033406429235,-0.015973455111552327,0.01093042499107501,0.285,False,False
46,clustered_null,False,polynomial_ridge,199,24860869,66290890,estimated,-0.0010145033406429235,-0.01683402568617197,0.013684050403307176,0.285,False,False
46,clustered_null,False,polynomial_ridge,499,24860869,66290890,estimated,-0.0010145033406429235,-0.026176974833925185,0.013527562597311409,0.285,False,False
46,clustered_null,False,polynomial_ridge,999,24860869,66290890,estimated,-0.0010145033406429235,-0.02027271981105333,0.013540171965510417,0.285,False,False
46,clustered_null,False,polynomial_ridge_interactions,99,24860869,66291899,estimated,-0.0010138144106794852,-0.005603715404821651,0.005956209113742411,0.685,False,False
46,clustered_null,False,polynomial_ridge_interactions,199,24860869,66291899,estimated,-0.0010138144106794852,-0.009313967395885525,0.006078075363436964,0.685,False,False
46,clustered_null,False,polynomial_ridge_interactions,499,24860869,66291899,estimated,-0.0010138144106794852,-0.010134040476571354,0.007795783901175211,0.685,False,False
46,clustered_null,False,polynomial_ridge_interactions,999,24860869,66291899,estimated,-0.0010138144106794852,-0.013819035138891371,0.007684840796788063,0.685,False,False
46,genuine_increment,True,polynomial_ridge,99,24860869,66300897,estimated,0.03416037594425025,0.02435630607213118,0.04077460485638509,0.005,True,True
46,genuine_increment,True,polynomial_ridge,199,24860869,66300897,estimated,0.03416037594425025,0.023214862048272184,0.04142711247666415,0.005,True,True
46,genuine_increment,True,polynomial_ridge,499,24860869,66300897,estimated,0.03416037594425025,0.02263925120670805,0.04272268408526032,0.005,True,True
46,genuine_increment,True,polynomial_ridge,999,24860869,66300897,estimated,0.03416037594425025,0.022415991890201832,0.04268698757849009,0.005,True,True
46,genuine_increment,True,polynomial_ridge_interactions,99,24860869,66301906,estimated,0.03474926135859073,0.023699926002769916,0.04214155882069895,0.005,True,True
46,genuine_increment,True,polynomial_ridge_interactions,199,24860869,66301906,estimated,0.03474926135859073,0.02384709713631146,0.04206157858340535,0.005,True,True
46,genuine_increment,True,polynomial_ridge_interactions,499,24860869,66301906,estimated,0.03474926135859073,0.023403948248576265,0.04239451487077141,0.005,True,True
46,genuine_increment,True,polynomial_ridge_interactions,999,24860869,66301906,estimated,0.03474926135859073,0.022590963904190336,0.042335531679166115,0.005,True,True
46,heteroskedastic_null,False,polynomial_ridge,99,24860869,66280883,estimated,-0.00021268112182308042,-0.00138260613868275,0.002013049202936845,0.005,False,False
46,heteroskedastic_null,False,polynomial_ridge,199,24860869,66280883,estimated,-0.00021268112182308042,-0.0012649337654968798,0.0025250582495568432,0.005,False,False
46,heteroskedastic_null,False,polynomial_ridge,499,24860869,66280883,estimated,-0.00021268112182308042,-0.0013732046620216819,0.0023207889528889594,0.005,False,False
46,heteroskedastic_null,False,polynomial_ridge,999,24860869,66280883,estimated,-0.00021268112182308042,-0.001330307500062529,0.00225477476319367,0.005,False,False
46,heteroskedastic_null,False,polynomial_ridge_interactions,99,24860869,66281892,estimated,2.283769624806392e-05,-0.0004907968585157332,0.000652254982764591,0.005,False,False
46,heteroskedastic_null,False,polynomial_ridge_interactions,199,24860869,66281892,estimated,2.283769624806392e-05,-0.0005518521925693134,0.0005893256093340429,0.005,False,False
46,heteroskedastic_null,False,polynomial_ridge_interactions,499,24860869,66281892,estimated,2.283769624806392e-05,-0.0006962576560872158,0.000621405208885572,0.005,False,False
46,heteroskedastic_null,False,polynomial_ridge_interactions,999,24860869,66281892,estimated,2.283769624806392e-05,-0.0007017623281378856,0.0006732579307793133,0.005,False,False
46,nonlinear_proxy,False,polynomial_ridge,99,24860869,66270876,estimated,-0.0001905403478096009,-0.0005061658243733148,0.0011159301786658495,0.38,False,False
46,nonlinear_proxy,False,polynomial_ridge,199,24860869,66270876,estimated,-0.0001905403478096009,-0.000500776678264313,0.0010610751047738722,0.38,False,False
46,nonlinear_proxy,False,polynomial_ridge,499,24860869,66270876,estimated,-0.0001905403478096009,-0.0005805933343249727,0.0009070210586223752,0.38,False,False
46,nonlinear_proxy,False,polynomial_ridge,999,24860869,66270876,estimated,-0.0001905403478096009,-0.0005841989710998664,0.0009268526319659026,0.38,False,False
46,nonlinear_proxy,False,polynomial_ridge_interactions,99,24860869,66271885,estimated,4.471528827298607e-06,-0.0005037864168129758,0.0006713508526889365,0.305,False,False
46,nonlinear_proxy,False,polynomial_ridge_interactions,199,24860869,66271885,estimated,4.471528827298607e-06,-0.0004173153188176364,0.0005906882018123085,0.305,False,False
46,nonlinear_proxy,False,polynomial_ridge_interactions,499,24860869,66271885,estimated,4.471528827298607e-06,-0.000444663856845399,0.0007660259018942241,0.305,False,False
46,nonlinear_proxy,False,polynomial_ridge_interactions,999,24860869,66271885,estimated,4.471528827298607e-06,-0.0004405332822728881,0.0007696918180126453,0.305,False,False
46,null_metric,False,polynomial_ridge,99,24860869,66260869,estimated,-0.001433276623667521,-0.0037478707599578357,0.0015674594564543262,0.72,False,False
46,null_metric,False,polynomial_ridge,199,24860869,66260869,estimated,-0.001433276623667521,-0.0035979986496106446,0.00247318568629903,0.72,False,False
46,null_metric,False,polynomial_ridge,499,24860869,66260869,estimated,-0.001433276623667521,-0.003834186563509044,0.002863955185940496,0.72,False,False
46,null_metric,False,polynomial_ridge,999,24860869,66260869,estimated,-0.001433276623667521,-0.003868619428665314,0.0029969167068623044,0.72,False,False
46,null_metric,False,polynomial_ridge_interactions,99,24860869,66261878,estimated,-0.00011315084913021689,-0.0015585805561323775,0.001817990939025671,0.83,False,False
46,null_metric,False,polynomial_ridge_interactions,199,24860869,66261878,estimated,-0.00011315084913021689,-0.0014520793271732683,0.0015207292280108617,0.83,False,False
46,null_metric,False,polynomial_ridge_interactions,499,24860869,66261878,estimated,-0.00011315084913021689,-0.0014636994349034478,0.0018095249723617025,0.83,False,False
46,null_metric,False,polynomial_ridge_interactions,999,24860869,66261878,estimated,-0.00011315084913021689,-0.0014488338034776946,0.0015170206012231388,0.83,False,False
47,clustered_null,False,polynomial_ridge,99,24960872,67290893,estimated,0.0019814580802256267,-0.020543706598920453,0.022094438211005988,0.255,False,False
47,clustered_null,False,polynomial_ridge,199,24960872,67290893,estimated,0.0019814580802256267,-0.022451288973257974,0.02066917858205384,0.255,False,False
47,clustered_null,False,polynomial_ridge,499,24960872,67290893,estimated,0.0019814580802256267,-0.025411128100951343,0.02359539996779204,0.255,False,False
47,clustered_null,False,polynomial_ridge,999,24960872,67290893,estimated,0.0019814580802256267,-0.026514159692039414,0.023706143758260075,0.255,False,False
47,clustered_null,False,polynomial_ridge_interactions,99,24960872,67291902,estimated,8.934592295596275e-05,-0.009313668301304723,0.01730242821359319,0.54,False,False
47,clustered_null,False,polynomial_ridge_interactions,199,24960872,67291902,estimated,8.934592295596275e-05,-0.008977208433455853,0.016737464858084968,0.54,False,False
47,clustered_null,False,polynomial_ridge_interactions,499,24960872,67291902,estimated,8.934592295596275e-05,-0.009463305463972033,0.020234456190018825,0.54,False,False
47,clustered_null,False,polynomial_ridge_interactions,999,24960872,67291902,estimated,8.934592295596275e-05,-0.009742536508656,0.01965396490766966,0.54,False,False
47,genuine_increment,True,polynomial_ridge,99,24960872,67300900,estimated,0.04887516384998531,0.035110199019470684,0.05586635263790904,0.005,True,True
47,genuine_increment,True,polynomial_ridge,199,24960872,67300900,estimated,0.04887516384998531,0.035934401881090414,0.05742054761436557,0.005,True,True
47,genuine_increment,True,polynomial_ridge,499,24960872,67300900,estimated,0.04887516384998531,0.03597283171405255,0.05779847310467045,0.005,True,True
47,genuine_increment,True,polynomial_ridge,999,24960872,67300900,estimated,0.04887516384998531,0.035934401881090414,0.05818348719520493,0.005,True,True
47,genuine_increment,True,polynomial_ridge_interactions,99,24960872,67301909,estimated,0.05042662278282877,0.03375194205774851,0.05607925130508475,0.005,True,True
47,genuine_increment,True,polynomial_ridge_interactions,199,24960872,67301909,estimated,0.05042662278282877,0.03459110063538963,0.056196401407163796,0.005,True,True
47,genuine_increment,True,polynomial_ridge_interactions,499,24960872,67301909,estimated,0.05042662278282877,0.03474871313369891,0.05796246805491839,0.005,True,True
47,genuine_increment,True,polynomial_ridge_interactions,999,24960872,67301909,estimated,0.05042662278282877,0.03423312854602693,0.05742248812489176,0.005,True,True
47,heteroskedastic_null,False,polynomial_ridge,99,24960872,67280886,estimated,-0.0003461262471337132,-0.0011893237056181333,0.0010358012043841535,0.38,False,False
47,heteroskedastic_null,False,polynomial_ridge,199,24960872,67280886,estimated,-0.0003461262471337132,-0.0014575635125285407,0.0009634640301637878,0.38,False,False
47,heteroskedastic_null,False,polynomial_ridge,499,24960872,67280886,estimated,-0.0003461262471337132,-0.0014156965039792068,0.0009581361979075423,0.38,False,False
47,heteroskedastic_null,False,polynomial_ridge,999,24960872,67280886,estimated,-0.0003461262471337132,-0.0015081699019642999,0.0008939971483364646,0.38,False,False
47,heteroskedastic_null,False,polynomial_ridge_interactions,99,24960872,67281895,estimated,-0.0002168580316044364,-0.0004959140311037777,0.00047044702109383813,0.26,False,False
47,heteroskedastic_null,False,polynomial_ridge_interactions,199,24960872,67281895,estimated,-0.0002168580316044364,-0.0005221265293427007,0.0004775479203103394,0.26,False,False
47,heteroskedastic_null,False,polynomial_ridge_interactions,499,24960872,67281895,estimated,-0.0002168580316044364,-0.0005221699038421225,0.00045395238682020795,0.26,False,False
47,heteroskedastic_null,False,polynomial_ridge_interactions,999,24960872,67281895,estimated,-0.0002168580316044364,-0.0005554923101116196,0.00037830411333417856,0.26,False,False
47,nonlinear_proxy,False,polynomial_ridge,99,24960872,67270879,estimated,-0.00019361051746179508,-0.0005868683768465158,0.0013139964006358075,0.925,False,False
47,nonlinear_proxy,False,polynomial_ridge,199,24960872,67270879,estimated,-0.00019361051746179508,-0.0005629215908754797,0.0014557619202460398,0.925,False,False
47,nonlinear_proxy,False,polynomial_ridge,499,24960872,67270879,estimated,-0.00019361051746179508,-0.0005929952887346212,0.001471537791327099,0.925,False,False
47,nonlinear_proxy,False,polynomial_ridge,999,24960872,67270879,estimated,-0.00019361051746179508,-0.0005845270761428876,0.001531155838062236,0.925,False,False
47,nonlinear_proxy,False,polynomial_ridge_interactions,99,24960872,67271888,estimated,-0.00026466694384825757,-0.0005838335350469532,0.000721479146813376,0.865,False,False
47,nonlinear_proxy,False,polynomial_ridge_interactions,199,24960872,67271888,estimated,-0.00026466694384825757,-0.0005736633414241977,0.000707085823145432,0.865,False,False
47,nonlinear_proxy,False,polynomial_ridge_interactions,499,24960872,67271888,estimated,-0.00026466694384825757,-0.000573117953552248,0.0007713902088186805,0.865,False,False
47,nonlinear_proxy,False,polynomial_ridge_interactions,999,24960872,67271888,estimated,-0.00026466694384825757,-0.000585543415131915,0.0007921539714181115,0.865,False,False
47,null_metric,False,polynomial_ridge,99,24960872,67260872,estimated,0.0003432406419236825,-0.0018546679649867224,0.003776254461388968,0.345,False,False
47,null_metric,False,polynomial_ridge,199,24960872,67260872,estimated,0.0003432406419236825,-0.002042694343925359,0.003561992549137817,0.345,False,False
47,null_metric,False,polynomial_ridge,499,24960872,67260872,estimated,0.0003432406419236825,-0.0018277718241431274,0.003984924703981772,0.345,False,False
47,null_metric,False,polynomial_ridge,999,24960872,67260872,estimated,0.0003432406419236825,-0.0018636525941312725,0.0037755282030243267,0.345,False,False
47,null_metric,False,polynomial_ridge_interactions,99,24960872,67261881,estimated,-0.0003702036707492508,-0.0013723931636532949,0.0005900830399812477,0.57,False,False
47,null_metric,False,polynomial_ridge_interactions,199,24960872,67261881,estimated,-0.0003702036707492508,-0.0012356155374314063,0.0006902910435101462,0.57,False,False
47,null_metric,False,polynomial_ridge_interactions,499,24960872,67261881,estimated,-0.0003702036707492508,-0.0013645063584176065,0.0007259660175965853,0.57,False,False
47,null_metric,False,polynomial_ridge_interactions,999,24960872,67261881,estimated,-0.0003702036707492508,-0.0014762693485049921,0.000780257209209923,0.57,False,False
48,clustered_null,False,polynomial_ridge,99,25060875,68290896,estimated,-0.002583980053803548,-0.011218539077513974,0.008245311291846906,0.33,False,False
48,clustered_null,False,polynomial_ridge,199,25060875,68290896,estimated,-0.002583980053803548,-0.010328593551546842,0.007777037308575656,0.33,False,False
48,clustered_null,False,polynomial_ridge,499,25060875,68290896,estimated,-0.002583980053803548,-0.011745714238546772,0.008255138542042559,0.33,False,False
48,clustered_null,False,polynomial_ridge,999,25060875,68290896,estimated,-0.002583980053803548,-0.011856897860544741,0.008503170839061113,0.33,False,False
48,clustered_null,False,polynomial_ridge_interactions,99,25060875,68291905,estimated,-0.0011209629429842112,-0.005689798712816479,0.004294340180907352,0.295,False,False
48,clustered_null,False,polynomial_ridge_interactions,199,25060875,68291905,estimated,-0.0011209629429842112,-0.005041149208357321,0.0048089065759421585,0.295,False,False
48,clustered_null,False,polynomial_ridge_interactions,499,25060875,68291905,estimated,-0.0011209629429842112,-0.0072887676028810956,0.005956210533226636,0.295,False,False
48,clustered_null,False,polynomial_ridge_interactions,999,25060875,68291905,estimated,-0.0011209629429842112,-0.007485665180876185,0.006627946885876311,0.295,False,False
48,genuine_increment,True,polynomial_ridge,99,25060875,68300903,estimated,0.043207298098322765,0.03210333921375316,0.05137315434796766,0.005,True,True
48,genuine_increment,True,polynomial_ridge,199,25060875,68300903,estimated,0.043207298098322765,0.03022456282273974,0.0528398546625379,0.005,True,True
48,genuine_increment,True,polynomial_ridge,499,25060875,68300903,estimated,0.043207298098322765,0.03112614670388182,0.052940899306213915,0.005,True,True
48,genuine_increment,True,polynomial_ridge,999,25060875,68300903,estimated,0.043207298098322765,0.030711053207163386,0.052906950130673217,0.005,True,True
48,genuine_increment,True,polynomial_ridge_interactions,99,25060875,68301912,estimated,0.04088866833358877,0.03242928359789633,0.04914329377491894,0.005,True,True
48,genuine_increment,True,polynomial_ridge_interactions,199,25060875,68301912,estimated,0.04088866833358877,0.030252433282330803,0.04906954561174614,0.005,True,True
48,genuine_increment,True,polynomial_ridge_interactions,499,25060875,68301912,estimated,0.04088866833358877,0.029031056888278044,0.05040240762477144,0.005,True,True
48,genuine_increment,True,polynomial_ridge_interactions,999,25060875,68301912,estimated,0.04088866833358877,0.02918759850503545,0.05077104508443257,0.005,True,True
48,heteroskedastic_null,False,polynomial_ridge,99,25060875,68280889,estimated,-0.0004925800103169203,-0.0019513876621519096,0.0014428188121457892,0.425,False,False
48,heteroskedastic_null,False,polynomial_ridge,199,25060875,68280889,estimated,-0.0004925800103169203,-0.0017430953626779825,0.00127329022452421,0.425,False,False
48,heteroskedastic_null,False,polynomial_ridge,499,25060875,68280889,estimated,-0.0004925800103169203,-0.0017416201968002542,0.0012655889694173478,0.425,False,False
48,heteroskedastic_null,False,polynomial_ridge,999,25060875,68280889,estimated,-0.0004925800103169203,-0.0018062235972537274,0.001286630851309218,0.425,False,False
48,heteroskedastic_null,False,polynomial_ridge_interactions,99,25060875,68281898,estimated,-2.2903976611787433e-05,-0.0007655864738017418,0.0004895996705874108,0.35,False,False
48,heteroskedastic_null,False,polynomial_ridge_interactions,199,25060875,68281898,estimated,-2.2903976611787433e-05,-0.0006935368719032685,0.0006012529871136129,0.35,False,False
48,heteroskedastic_null,False,polynomial_ridge_interactions,499,25060875,68281898,estimated,-2.2903976611787433e-05,-0.0006323180625917508,0.0007163069715698832,0.35,False,False
48,heteroskedastic_null,False,polynomial_ridge_interactions,999,25060875,68281898,estimated,-2.2903976611787433e-05,-0.0007063032257065658,0.0007875582721814991,0.35,False,False
48,nonlinear_proxy,False,polynomial_ridge,99,25060875,68270882,estimated,-0.00010478872397121,-0.0003862337344573065,0.0017750139952741502,0.15,False,False
48,nonlinear_proxy,False,polynomial_ridge,199,25060875,68270882,estimated,-0.00010478872397121,-0.0004980098897993019,0.0017913028099401079,0.15,False,False
48,nonlinear_proxy,False,polynomial_ridge,499,25060875,68270882,estimated,-0.00010478872397121,-0.0005722454961168406,0.0018282076413882245,0.15,False,False
48,nonlinear_proxy,False,polynomial_ridge,999,25060875,68270882,estimated,-0.00010478872397121,-0.0005710800483004191,0.0018536865145775349,0.15,False,False
48,nonlinear_proxy,False,polynomial_ridge_interactions,99,25060875,68271891,estimated,0.00023780509524494453,-0.0003975941395840084,0.002239657100617448,0.055,False,False
48,nonlinear_proxy,False,polynomial_ridge_interactions,199,25060875,68271891,estimated,0.00023780509524494453,-0.0002428378113328744,0.0020723721351138813,0.055,False,False
48,nonlinear_proxy,False,polynomial_ridge_interactions,499,25060875,68271891,estimated,0.00023780509524494453,-0.00019904125240537864,0.0018124585052426091,0.055,False,False
48,nonlinear_proxy,False,polynomial_ridge_interactions,999,25060875,68271891,estimated,0.00023780509524494453,-0.00016315004689643276,0.0019017455858751642,0.055,False,False
48,null_metric,False,polynomial_ridge,99,25060875,68260875,estimated,-0.0010424760873191281,-0.002429271070969872,0.001213778335402997,0.25,False,False
48,null_metric,False,polynomial_ridge,199,25060875,68260875,estimated,-0.0010424760873191281,-0.002734658516148297,0.0012975710916860845,0.25,False,False
48,null_metric,False,polynomial_ridge,499,25060875,68260875,estimated,-0.0010424760873191281,-0.002735540239849588,0.0011171492879034337,0.25,False,False
48,null_metric,False,polynomial_ridge,999,25060875,68260875,estimated,-0.0010424760873191281,-0.003046996661483425,0.0011115557015341138,0.25,False,False
48,null_metric,False,polynomial_ridge_interactions,99,25060875,68261884,estimated,-0.0005742435030864738,-0.0010238690483270721,0.0010816915460588473,0.64,False,False
48,null_metric,False,polynomial_ridge_interactions,199,25060875,68261884,estimated,-0.0005742435030864738,-0.0010853115383554646,0.0010731199853164716,0.64,False,False
48,null_metric,False,polynomial_ridge_interactions,499,25060875,68261884,estimated,-0.0005742435030864738,-0.000985407729163217,0.0010565507345379477,0.64,False,False
48,null_metric,False,polynomial_ridge_interactions,999,25060875,68261884,estimated,-0.0005742435030864738,-0.000984138280144761,0.0009476314551213485,0.64,False,False
49,clustered_null,False,polynomial_ridge,99,25160878,69290899,estimated,-0.00898691944040399,-0.019357774749363774,0.009695238321011351,0.845,False,False
49,clustered_null,False,polynomial_ridge,199,25160878,69290899,estimated,-0.00898691944040399,-0.01393293222759061,0.009686471717703845,0.845,False,False
49,clustered_null,False,polynomial_ridge,499,25160878,69290899,estimated,-0.00898691944040399,-0.017186938526007115,0.011391148137369156,0.845,False,False
49,clustered_null,False,polynomial_ridge,999,25160878,69290899,estimated,-0.00898691944040399,-0.016091138841947048,0.011385093910883269,0.845,False,False
49,clustered_null,False,polynomial_ridge_interactions,99,25160878,69291908,estimated,-0.002046182978775901,-0.012072628039252417,0.005599362237066749,0.835,False,False
49,clustered_null,False,polynomial_ridge_interactions,199,25160878,69291908,estimated,-0.002046182978775901,-0.01177272989731961,0.006517118289442312,0.835,False,False
49,clustered_null,False,polynomial_ridge_interactions,499,25160878,69291908,estimated,-0.002046182978775901,-0.012632954759125957,0.007882950783122341,0.835,False,False
49,clustered_null,False,polynomial_ridge_interactions,999,25160878,69291908,estimated,-0.002046182978775901,-0.013427835732302893,0.007649208587066764,0.835,False,False
49,genuine_increment,True,polynomial_ridge,99,25160878,69300906,estimated,0.044563814518141176,0.03613993283087708,0.05448881839248579,0.005,True,True
49,genuine_increment,True,polynomial_ridge,199,25160878,69300906,estimated,0.044563814518141176,0.036517895881859636,0.05607542349326147,0.005,True,True
49,genuine_increment,True,polynomial_ridge,499,25160878,69300906,estimated,0.044563814518141176,0.03520994944232261,0.05576569649292668,0.005,True,True
49,genuine_increment,True,polynomial_ridge,999,25160878,69300906,estimated,0.044563814518141176,0.03554432493385899,0.055801744542268314,0.005,True,True
49,genuine_increment,True,polynomial_ridge_interactions,99,25160878,69301915,estimated,0.047615247222581765,0.03483482478966166,0.053049736840798174,0.005,True,True
49,genuine_increment,True,polynomial_ridge_interactions,199,25160878,69301915,estimated,0.047615247222581765,0.03488410828963882,0.053000302525642945,0.005,True,True
49,genuine_increment,True,polynomial_ridge_interactions,499,25160878,69301915,estimated,0.047615247222581765,0.03424995073108442,0.054134785064378514,0.005,True,True
49,genuine_increment,True,polynomial_ridge_interactions,999,25160878,69301915,estimated,0.047615247222581765,0.0343170972830746,0.05477324852933614,0.005,True,True
49,heteroskedastic_null,False,polynomial_ridge,99,25160878,69280892,estimated,-0.00037932788485272803,-0.0009446811388455873,0.0009299494868495275,0.845,False,False
49,heteroskedastic_null,False,polynomial_ridge,199,25160878,69280892,estimated,-0.00037932788485272803,-0.0010081350216405414,0.0009107646793294447,0.845,False,False
49,heteroskedastic_null,False,polynomial_ridge,499,25160878,69280892,estimated,-0.00037932788485272803,-0.0010677549943438698,0.0009305736121557483,0.845,False,False
49,heteroskedastic_null,False,polynomial_ridge,999,25160878,69280892,estimated,-0.00037932788485272803,-0.0010999166609731194,0.0009733898495766561,0.845,False,False
49,heteroskedastic_null,False,polynomial_ridge_interactions,99,25160878,69281901,estimated,-0.00024550195987596383,-0.000577095228672257,0.0005008415944918763,0.64,False,False
49,heteroskedastic_null,False,polynomial_ridge_interactions,199,25160878,69281901,estimated,-0.00024550195987596383,-0.0007152187989590629,0.0005587666516427578,0.64,False,False
49,heteroskedastic_null,False,polynomial_ridge_interactions,499,25160878,69281901,estimated,-0.00024550195987596383,-0.0005846551414724087,0.0005037011550843728,0.64,False,False
49,heteroskedastic_null,False,polynomial_ridge_interactions,999,25160878,69281901,estimated,-0.00024550195987596383,-0.0005885928669019955,0.0005601412264315399,0.64,False,False
49,nonlinear_proxy,False,polynomial_ridge,99,25160878,69270885,estimated,0.0001004319004258231,-0.00012369361996902688,0.0015365716604341531,0.06,False,False
49,nonlinear_proxy,False,polynomial_ridge,199,25160878,69270885,estimated,0.0001004319004258231,-0.00012171678588001646,0.0015991132589346147,0.06,False,False
49,nonlinear_proxy,False,polynomial_ridge,499,25160878,69270885,estimated,0.0001004319004258231,-0.00021019947588124752,0.0016893263524863325,0.06,False,False
49,nonlinear_proxy,False,polynomial_ridge,999,25160878,69270885,estimated,0.0001004319004258231,-0.0002935037105365951,0.0016189584286427688,0.06,False,False
49,nonlinear_proxy,False,polynomial_ridge_interactions,99,25160878,69271894,estimated,0.00016174285329112036,-0.0005886830591453267,0.0010355412617787149,0.04,False,False
49,nonlinear_proxy,False,polynomial_ridge_interactions,199,25160878,69271894,estimated,0.00016174285329112036,-0.0005466655851774001,0.0010653647669749508,0.04,False,False
49,nonlinear_proxy,False,polynomial_ridge_interactions,499,25160878,69271894,estimated,0.00016174285329112036,-0.000414567489605206,0.0011614660662076267,0.04,False,False
49,nonlinear_proxy,False,polynomial_ridge_interactions,999,25160878,69271894,estimated,0.00016174285329112036,-0.00038908903776455983,0.0011987531013361195,0.04,False,False
49,null_metric,False,polynomial_ridge,99,25160878,69260878,estimated,-0.002074128776432243,-0.004951501056605519,0.0016597134154473793,0.765,False,False
49,null_metric,False,polynomial_ridge,199,25160878,69260878,estimated,-0.002074128776432243,-0.004164847811101786,0.0014369094278084199,0.765,False,False
49,null_metric,False,polynomial_ridge,499,25160878,69260878,estimated,-0.002074128776432243,-0.0037053018710848933,0.0016784695184232363,0.765,False,False
49,null_metric,False,polynomial_ridge,999,25160878,69260878,estimated,-0.002074128776432243,-0.0035557230446011927,0.0018312128978061094,0.765,False,False
49,null_metric,False,polynomial_ridge_interactions,99,25160878,69261887,estimated,-0.0008306541554457154,-0.0015831522183899446,0.0007047987086037126,0.98,False,False
49,null_metric,False,polynomial_ridge_interactions,199,25160878,69261887,estimated,-0.0008306541554457154,-0.0019053833077037504,0.0008910809260414529,0.98,False,False
49,null_metric,False,polynomial_ridge_interactions,499,25160878,69261887,estimated,-0.0008306541554457154,-0.0018866853947434134,0.0011495829263685428,0.98,False,False
49,null_metric,False,polynomial_ridge_interactions,999,25160878,69261887,estimated,-0.0008306541554457154,-0.0018667033970729315,0.0011731210270692245,0.98,False,False
50,clustered_null,False,polynomial_ridge,99,25260881,70290902,estimated,-0.004965018296590486,-0.012692862635010469,0.018715395525166136,0.1,False,False
50,clustered_null,False,polynomial_ridge,199,25260881,70290902,estimated,-0.004965018296590486,-0.012641080612936248,0.015421594649593154,0.1,False,False
50,clustered_null,False,polynomial_ridge,499,25260881,70290902,estimated,-0.004965018296590486,-0.01743676629123248,0.018770934637600458,0.1,False,False
50,clustered_null,False,polynomial_ridge,999,25260881,70290902,estimated,-0.004965018296590486,-0.01687157934712405,0.01786245181466435,0.1,False,False
50,clustered_null,False,polynomial_ridge_interactions,99,25260881,70291911,estimated,-0.0037288232491660446,-0.012910770237122485,0.01838132603501846,0.015,False,False
50,clustered_null,False,polynomial_ridge_interactions,199,25260881,70291911,estimated,-0.0037288232491660446,-0.012379218527358444,0.020105196324004565,0.015,False,False
50,clustered_null,False,polynomial_ridge_interactions,499,25260881,70291911,estimated,-0.0037288232491660446,-0.017287213007152257,0.016706662469239443,0.015,False,False
50,clustered_null,False,polynomial_ridge_interactions,999,25260881,70291911,estimated,-0.0037288232491660446,-0.01548719880080925,0.018208424931011935,0.015,False,False
50,genuine_increment,True,polynomial_ridge,99,25260881,70300909,estimated,0.02730193238640793,0.01885423947913272,0.034775899176720644,0.005,True,True
50,genuine_increment,True,polynomial_ridge,199,25260881,70300909,estimated,0.02730193238640793,0.01831483305410091,0.0357610336803597,0.005,True,True
50,genuine_increment,True,polynomial_ridge,499,25260881,70300909,estimated,0.02730193238640793,0.01824800938680448,0.03639865355495181,0.005,True,True
50,genuine_increment,True,polynomial_ridge,999,25260881,70300909,estimated,0.02730193238640793,0.017832418193584526,0.036670982458591135,0.005,True,True
50,genuine_increment,True,polynomial_ridge_interactions,99,25260881,70301918,estimated,0.02540159134306229,0.0175047324256102,0.036767547060933096,0.005,True,True
50,genuine_increment,True,polynomial_ridge_interactions,199,25260881,70301918,estimated,0.02540159134306229,0.01806018546976324,0.03614355567979755,0.005,True,True
50,genuine_increment,True,polynomial_ridge_interactions,499,25260881,70301918,estimated,0.02540159134306229,0.018300473488283855,0.036999895583584595,0.005,True,True
50,genuine_increment,True,polynomial_ridge_interactions,999,25260881,70301918,estimated,0.02540159134306229,0.01837396510284117,0.036960015516934334,0.005,True,True
50,heteroskedastic_null,False,polynomial_ridge,99,25260881,70280895,estimated,-0.00014931206441720114,-0.0008353187794094323,0.0012995177112074346,0.33,False,False
50,heteroskedastic_null,False,polynomial_ridge,199,25260881,70280895,estimated,-0.00014931206441720114,-0.000888512139748198,0.0010590900994020451,0.33,False,False
50,heteroskedastic_null,False,polynomial_ridge,499,25260881,70280895,estimated,-0.00014931206441720114,-0.0009311888705906995,0.0009117273547468689,0.33,False,False
50,heteroskedastic_null,False,polynomial_ridge,999,25260881,70280895,estimated,-0.00014931206441720114,-0.0008986684021104404,0.0009377254561004621,0.33,False,False
50,heteroskedastic_null,False,polynomial_ridge_interactions,99,25260881,70281904,estimated,-0.0003823903578261895,-0.0007260590359178688,0.0004888240615650953,0.15,False,False
50,heteroskedastic_null,False,polynomial_ridge_interactions,199,25260881,70281904,estimated,-0.0003823903578261895,-0.0007166126753141273,0.000547240994012908,0.15,False,False
50,heteroskedastic_null,False,polynomial_ridge_interactions,499,25260881,70281904,estimated,-0.0003823903578261895,-0.000714672569455684,0.0005113826141243924,0.15,False,False
50,heteroskedastic_null,False,polynomial_ridge_interactions,999,25260881,70281904,estimated,-0.0003823903578261895,-0.0007168947679433369,0.0005664162416749592,0.15,False,False
50,nonlinear_proxy,False,polynomial_ridge,99,25260881,70270888,estimated,-0.0001631449744937596,-0.000781243780385506,0.0014940464775416353,0.135,False,False
50,nonlinear_proxy,False,polynomial_ridge,199,25260881,70270888,estimated,-0.0001631449744937596,-0.0006357952503100317,0.0015109657967678528,0.135,False,False
50,nonlinear_proxy,False,polynomial_ridge,499,25260881,70270888,estimated,-0.0001631449744937596,-0.0007038515099971517,0.001517188220014162,0.135,False,False
50,nonlinear_proxy,False,polynomial_ridge,999,25260881,70270888,estimated,-0.0001631449744937596,-0.0006813051039000267,0.0014672613186412977,0.135,False,False
50,nonlinear_proxy,False,polynomial_ridge_interactions,99,25260881,70271897,estimated,-0.0002376437518087065,-0.00036112297108705855,0.0010936851419549344,0.035,False,False
50,nonlinear_proxy,False,polynomial_ridge_interactions,199,25260881,70271897,estimated,-0.0002376437518087065,-0.00038930891721989514,0.001032613414340463,0.035,False,False
50,nonlinear_proxy,False,polynomial_ridge_interactions,499,25260881,70271897,estimated,-0.0002376437518087065,-0.0004288465717837408,0.0009418693292395316,0.035,False,False
50,nonlinear_proxy,False,polynomial_ridge_interactions,999,25260881,70271897,estimated,-0.0002376437518087065,-0.0005173930140220687,0.001027143509751866,0.035,False,False
50,null_metric,False,polynomial_ridge,99,25260881,70260881,estimated,0.00015145259491225818,-0.002104722465599563,0.0029700916050925236,0.395,False,False
50,null_metric,False,polynomial_ridge,199,25260881,70260881,estimated,0.00015145259491225818,-0.002261782987894399,0.002984833056947992,0.395,False,False
50,null_metric,False,polynomial_ridge,499,25260881,70260881,estimated,0.00015145259491225818,-0.0020368184394869097,0.0028200298851408746,0.395,False,False
50,null_metric,False,polynomial_ridge,999,25260881,70260881,estimated,0.00015145259491225818,-0.001968548556915569,0.0031109251961976376,0.395,False,False
50,null_metric,False,polynomial_ridge_interactions,99,25260881,70261890,estimated,-0.00015685924766636536,-0.0011724345687488692,0.0005650971776157091,0.61,False,False
50,null_metric,False,polynomial_ridge_interactions,199,25260881,70261890,estimated,-0.00015685924766636536,-0.001185080451083755,0.0005951112317040524,0.61,False,False
50,null_metric,False,polynomial_ridge_interactions,499,25260881,70261890,estimated,-0.00015685924766636536,-0.001243262976586256,0.0006170719297731615,0.61,False,False
50,null_metric,False,polynomial_ridge_interactions,999,25260881,70261890,estimated,-0.00015685924766636536,-0.0013922395648607124,0.00063329484609096,0.61,False,False
51,clustered_null,False,polynomial_ridge,99,25360884,71290905,estimated,-0.003048305087841565,-0.027054136081255443,0.009849684733136563,0.385,False,False
51,clustered_null,False,polynomial_ridge,199,25360884,71290905,estimated,-0.003048305087841565,-0.024892497166496462,0.010306837425378754,0.385,False,False
51,clustered_null,False,polynomial_ridge,499,25360884,71290905,estimated,-0.003048305087841565,-0.023208530455947122,0.009310712952742294,0.385,False,False
51,clustered_null,False,polynomial_ridge,999,25360884,71290905,estimated,-0.003048305087841565,-0.020756099192400655,0.008852482862804947,0.385,False,False
51,clustered_null,False,polynomial_ridge_interactions,99,25360884,71291914,estimated,-0.0037974987754092176,-0.01105164651538094,0.0049605975734252185,0.155,False,False
51,clustered_null,False,polynomial_ridge_interactions,199,25360884,71291914,estimated,-0.0037974987754092176,-0.009246219139225527,0.005726591949564511,0.155,False,False
51,clustered_null,False,polynomial_ridge_interactions,499,25360884,71291914,estimated,-0.0037974987754092176,-0.011670082225208175,0.0054572696483057865,0.155,False,False
51,clustered_null,False,polynomial_ridge_interactions,999,25360884,71291914,estimated,-0.0037974987754092176,-0.010940197826809404,0.006073001528868481,0.155,False,False
51,genuine_increment,True,polynomial_ridge,99,25360884,71300912,estimated,0.05388497607929728,0.039052127722130896,0.062265122259817424,0.005,True,True
51,genuine_increment,True,polynomial_ridge,199,25360884,71300912,estimated,0.05388497607929728,0.04031334152102015,0.061838437156209555,0.005,True,True
51,genuine_increment,True,polynomial_ridge,499,25360884,71300912,estimated,0.05388497607929728,0.03938723810151461,0.06090568633989031,0.005,True,True
51,genuine_increment,True,polynomial_ridge,999,25360884,71300912,estimated,0.05388497607929728,0.03905878989124482,0.061836341772762204,0.005,True,True
51,genuine_increment,True,polynomial_ridge_interactions,99,25360884,71301921,estimated,0.053396040265205565,0.04065334485541607,0.06313709424426299,0.005,True,True
51,genuine_increment,True,polynomial_ridge_interactions,199,25360884,71301921,estimated,0.053396040265205565,0.03805444676487127,0.06288041958825032,0.005,True,True
51,genuine_increment,True,polynomial_ridge_interactions,499,25360884,71301921,estimated,0.053396040265205565,0.038690543968300524,0.06214364936146838,0.005,True,True
51,genuine_increment,True,polynomial_ridge_interactions,999,25360884,71301921,estimated,0.053396040265205565,0.039525386157847286,0.061279039644673114,0.005,True,True
51,heteroskedastic_null,False,polynomial_ridge,99,25360884,71280898,estimated,-0.000660325473691676,-0.0012964204286758988,0.0009589977162823877,0.47,False,False
51,heteroskedastic_null,False,polynomial_ridge,199,25360884,71280898,estimated,-0.000660325473691676,-0.001295568723295759,0.0008133923751411468,0.47,False,False
51,heteroskedastic_null,False,polynomial_ridge,499,25360884,71280898,estimated,-0.000660325473691676,-0.0013254573487397868,0.0009041695668318339,0.47,False,False
51,heteroskedastic_null,False,polynomial_ridge,999,25360884,71280898,estimated,-0.000660325473691676,-0.001380669004289589,0.000920753225139855,0.47,False,False
51,heteroskedastic_null,False,polynomial_ridge_interactions,99,25360884,71281907,estimated,-0.00016087566872780533,-0.00045556819866885605,0.0003865886952005149,0.185,False,False
51,heteroskedastic_null,False,polynomial_ridge_interactions,199,25360884,71281907,estimated,-0.00016087566872780533,-0.00044525217631287694,0.0004290969904891709,0.185,False,False
51,heteroskedastic_null,False,polynomial_ridge_interactions,499,25360884,71281907,estimated,-0.00016087566872780533,-0.0004575027208820602,0.000543861161628299,0.185,False,False
51,heteroskedastic_null,False,polynomial_ridge_interactions,999,25360884,71281907,estimated,-0.00016087566872780533,-0.0004530501657358593,0.0005178524746476873,0.185,False,False
51,nonlinear_proxy,False,polynomial_ridge,99,25360884,71270891,estimated,-0.00032403645884480393,-0.001407598236838023,0.0016641135245867324,0.555,False,False
51,nonlinear_proxy,False,polynomial_ridge,199,25360884,71270891,estimated,-0.00032403645884480393,-0.0013847599860896836,0.0015951403537679434,0.555,False,False
51,nonlinear_proxy,False,polynomial_ridge,499,25360884,71270891,estimated,-0.00032403645884480393,-0.0011676302182466044,0.001527851140444363,0.555,False,False
51,nonlinear_proxy,False,polynomial_ridge,999,25360884,71270891,estimated,-0.00032403645884480393,-0.0011721668681397084,0.0014424459330304147,0.555,False,False
51,nonlinear_proxy,False,polynomial_ridge_interactions,99,25360884,71271900,estimated,-0.0005155910370459958,-0.0006792795548749952,0.0011846769767150506,0.83,False,False
51,nonlinear_proxy,False,polynomial_ridge_interactions,199,25360884,71271900,estimated,-0.0005155910370459958,-0.0006821490144348792,0.0012152973630337612,0.83,False,False
51,nonlinear_proxy,False,polynomial_ridge_interactions,499,25360884,71271900,estimated,-0.0005155910370459958,-0.0007815728021729821,0.0010374850924308743,0.83,False,False
51,nonlinear_proxy,False,polynomial_ridge_interactions,999,25360884,71271900,estimated,-0.0005155910370459958,-0.0008373822888263005,0.0009754407594465803,0.83,False,False
51,null_metric,False,polynomial_ridge,99,25360884,71260884,estimated,-0.000813041023591976,-0.0012064790698738553,0.0032844168624477387,0.9,False,False
51,null_metric,False,polynomial_ridge,199,25360884,71260884,estimated,-0.000813041023591976,-0.0013738996405501685,0.003086924004309346,0.9,False,False
51,null_metric,False,polynomial_ridge,499,25360884,71260884,estimated,-0.000813041023591976,-0.001470142104956583,0.0030522622250617848,0.9,False,False
51,null_metric,False,polynomial_ridge,999,25360884,71260884,estimated,-0.000813041023591976,-0.00151537779485556,0.0028758150063350257,0.9,False,False
51,null_metric,False,polynomial_ridge_interactions,99,25360884,71261893,estimated,-0.000440771886770306,-0.0009181031050926021,0.00023557354638149077,0.725,False,False
51,null_metric,False,polynomial_ridge_interactions,199,25360884,71261893,estimated,-0.000440771886770306,-0.000922715894304652,0.00032819869980270534,0.725,False,False
51,null_metric,False,polynomial_ridge_interactions,499,25360884,71261893,estimated,-0.000440771886770306,-0.000883606549076418,0.00026457831512791857,0.725,False,False
51,null_metric,False,polynomial_ridge_interactions,999,25360884,71261893,estimated,-0.000440771886770306,-0.0008760979293516882,0.00025442752180393285,0.725,False,False
52,clustered_null,False,polynomial_ridge,99,25460887,72290908,estimated,-0.002210535728887941,-0.013202177586110905,0.016772331018777818,0.89,False,False
52,clustered_null,False,polynomial_ridge,199,25460887,72290908,estimated,-0.002210535728887941,-0.014198498981624052,0.012020846803671522,0.89,False,False
52,clustered_null,False,polynomial_ridge,499,25460887,72290908,estimated,-0.002210535728887941,-0.01749251767376881,0.010353278362031038,0.89,False,False
52,clustered_null,False,polynomial_ridge,999,25460887,72290908,estimated,-0.002210535728887941,-0.01724559860436723,0.01036099958893036,0.89,False,False
52,clustered_null,False,polynomial_ridge_interactions,99,25460887,72291917,estimated,0.001034507893964259,-0.007011607307414779,0.006081542063721783,0.77,False,False
52,clustered_null,False,polynomial_ridge_interactions,199,25460887,72291917,estimated,0.001034507893964259,-0.007741461071541961,0.006693196481839043,0.77,False,False
52,clustered_null,False,polynomial_ridge_interactions,499,25460887,72291917,estimated,0.001034507893964259,-0.009551950513539725,0.007339144323478445,0.77,False,False
52,clustered_null,False,polynomial_ridge_interactions,999,25460887,72291917,estimated,0.001034507893964259,-0.008118762277969645,0.007299076777878794,0.77,False,False
52,genuine_increment,True,polynomial_ridge,99,25460887,72300915,estimated,0.039018676475780764,0.028336330153256845,0.05421059529678193,0.005,True,True
52,genuine_increment,True,polynomial_ridge,199,25460887,72300915,estimated,0.039018676475780764,0.02897079518621613,0.052873215475526966,0.005,True,True
52,genuine_increment,True,polynomial_ridge,499,25460887,72300915,estimated,0.039018676475780764,0.02872555693784103,0.05254560493061192,0.005,True,True
52,genuine_increment,True,polynomial_ridge,999,25460887,72300915,estimated,0.039018676475780764,0.028513975858113237,0.05228366813140426,0.005,True,True
52,genuine_increment,True,polynomial_ridge_interactions,99,25460887,72301924,estimated,0.04344068283286402,0.028275303050279775,0.04985358610403671,0.005,True,True
52,genuine_increment,True,polynomial_ridge_interactions,199,25460887,72301924,estimated,0.04344068283286402,0.0283106650260854,0.05154313872703788,0.005,True,True
52,genuine_increment,True,polynomial_ridge_interactions,499,25460887,72301924,estimated,0.04344068283286402,0.02854143379154958,0.050839456517375856,0.005,True,True
52,genuine_increment,True,polynomial_ridge_interactions,999,25460887,72301924,estimated,0.04344068283286402,0.028202323311891157,0.05119718065216213,0.005,True,True
52,heteroskedastic_null,False,polynomial_ridge,99,25460887,72280901,estimated,-0.0008728081566169461,-0.000995938932796085,0.0009831184988208829,0.2,False,False
52,heteroskedastic_null,False,polynomial_ridge,199,25460887,72280901,estimated,-0.0008728081566169461,-0.0009169638418599915,0.0012339482428729298,0.2,False,False
52,heteroskedastic_null,False,polynomial_ridge,499,25460887,72280901,estimated,-0.0008728081566169461,-0.0010297946921817129,0.0012744986539229757,0.2,False,False
52,heteroskedastic_null,False,polynomial_ridge,999,25460887,72280901,estimated,-0.0008728081566169461,-0.0010399084514379378,0.0013665085775561425,0.2,False,False
52,heteroskedastic_null,False,polynomial_ridge_interactions,99,25460887,72281910,estimated,-5.459981571006613e-05,-0.0004735397547416982,0.000628488208841019,0.45,False,False
52,heteroskedastic_null,False,polynomial_ridge_interactions,199,25460887,72281910,estimated,-5.459981571006613e-05,-0.00041611911899697455,0.000688100428339028,0.45,False,False
52,heteroskedastic_null,False,polynomial_ridge_interactions,499,25460887,72281910,estimated,-5.459981571006613e-05,-0.00041031906546436643,0.0008489341312616121,0.45,False,False
52,heteroskedastic_null,False,polynomial_ridge_interactions,999,25460887,72281910,estimated,-5.459981571006613e-05,-0.0003601230938024259,0.0008461342849786332,0.45,False,False
52,nonlinear_proxy,False,polynomial_ridge,99,25460887,72270894,estimated,5.684436446579989e-06,-0.0003491369907556148,0.0015855717012065876,0.805,False,False
52,nonlinear_proxy,False,polynomial_ridge,199,25460887,72270894,estimated,5.684436446579989e-06,-0.0005154667351063665,0.0018568819303751412,0.805,False,False
52,nonlinear_proxy,False,polynomial_ridge,499,25460887,72270894,estimated,5.684436446579989e-06,-0.000539922518370987,0.001796510402387358,0.805,False,False
52,nonlinear_proxy,False,polynomial_ridge,999,25460887,72270894,estimated,5.684436446579989e-06,-0.0005466317569462049,0.0016073236676325828,0.805,False,False
52,nonlinear_proxy,False,polynomial_ridge_interactions,99,25460887,72271903,estimated,3.483553385447147e-05,-0.0003990787132609828,0.0021714594403324586,0.745,False,False
52,nonlinear_proxy,False,polynomial_ridge_interactions,199,25460887,72271903,estimated,3.483553385447147e-05,-0.0004139665548410284,0.0018537027401028727,0.745,False,False
52,nonlinear_proxy,False,polynomial_ridge_interactions,499,25460887,72271903,estimated,3.483553385447147e-05,-0.0003990787132609828,0.00165447038098699,0.745,False,False
52,nonlinear_proxy,False,polynomial_ridge_interactions,999,25460887,72271903,estimated,3.483553385447147e-05,-0.00035362722406448476,0.0015740764200864027,0.745,False,False
52,null_metric,False,polynomial_ridge,99,25460887,72260887,estimated,-0.0010103906379552302,-0.0022093599943737805,0.00077058712361235,0.49,False,False
52,null_metric,False,polynomial_ridge,199,25460887,72260887,estimated,-0.0010103906379552302,-0.002273293719161912,0.0009138495729279311,0.49,False,False
52,null_metric,False,polynomial_ridge,499,25460887,72260887,estimated,-0.0010103906379552302,-0.002261657916378923,0.0008924859539571696,0.49,False,False
52,null_metric,False,polynomial_ridge,999,25460887,72260887,estimated,-0.0010103906379552302,-0.002273889414071031,0.0008582464275690031,0.49,False,False
52,null_metric,False,polynomial_ridge_interactions,99,25460887,72261896,estimated,-0.0005106212457075335,-0.0010798601914814457,0.0010891689901925128,0.395,False,False
52,null_metric,False,polynomial_ridge_interactions,199,25460887,72261896,estimated,-0.0005106212457075335,-0.0009382105382145376,0.0008720210999855351,0.395,False,False
52,null_metric,False,polynomial_ridge_interactions,499,25460887,72261896,estimated,-0.0005106212457075335,-0.001052834741902668,0.000780722134878189,0.395,False,False
52,null_metric,False,polynomial_ridge_interactions,999,25460887,72261896,estimated,-0.0005106212457075335,-0.0010967918177262738,0.0007475764468961195,0.395,False,False
53,clustered_null,False,polynomial_ridge,99,25560890,73290911,estimated,-0.010636799282085836,-0.013092230616168592,0.009020148098702954,0.1,False,False
53,clustered_null,False,polynomial_ridge,199,25560890,73290911,estimated,-0.010636799282085836,-0.0182430222350331,0.010775532419169608,0.1,False,False
53,clustered_null,False,polynomial_ridge,499,25560890,73290911,estimated,-0.010636799282085836,-0.01522914083425245,0.011874758881630256,0.1,False,False
53,clustered_null,False,polynomial_ridge,999,25560890,73290911,estimated,-0.010636799282085836,-0.014874676128022884,0.010738588168997401,0.1,False,False
53,clustered_null,False,polynomial_ridge_interactions,99,25560890,73291920,estimated,-0.0029753642796740143,-0.010614128161279358,0.013462402479408973,0.215,False,False
53,clustered_null,False,polynomial_ridge_interactions,199,25560890,73291920,estimated,-0.0029753642796740143,-0.008605829526057731,0.007730603903163664,0.215,False,False
53,clustered_null,False,polynomial_ridge_interactions,499,25560890,73291920,estimated,-0.0029753642796740143,-0.010424398049968066,0.010155485731723025,0.215,False,False
53,clustered_null,False,polynomial_ridge_interactions,999,25560890,73291920,estimated,-0.0029753642796740143,-0.009986921594961218,0.009826187394303234,0.215,False,False
53,genuine_increment,True,polynomial_ridge,99,25560890,73300918,estimated,0.04238694847926979,0.03243451414753367,0.05263436585302152,0.005,True,True
53,genuine_increment,True,polynomial_ridge,199,25560890,73300918,estimated,0.04238694847926979,0.03235048012277705,0.05286088163912779,0.005,True,True
53,genuine_increment,True,polynomial_ridge,499,25560890,73300918,estimated,0.04238694847926979,0.03197406797913966,0.05284943494559446,0.005,True,True
53,genuine_increment,True,polynomial_ridge,999,25560890,73300918,estimated,0.04238694847926979,0.03250277911100513,0.05285789867245737,0.005,True,True
53,genuine_increment,True,polynomial_ridge_interactions,99,25560890,73301927,estimated,0.046945435350619194,0.0326972262725257,0.050054964335486896,0.005,True,True
53,genuine_increment,True,polynomial_ridge_interactions,199,25560890,73301927,estimated,0.046945435350619194,0.0336886048496025,0.05185406933237961,0.005,True,True
53,genuine_increment,True,polynomial_ridge_interactions,499,25560890,73301927,estimated,0.046945435350619194,0.033691650117925645,0.05193007329246574,0.005,True,True
53,genuine_increment,True,polynomial_ridge_interactions,999,25560890,73301927,estimated,0.046945435350619194,0.032730123718311965,0.05191815303253314,0.005,True,True
53,heteroskedastic_null,False,polynomial_ridge,99,25560890,73280904,estimated,-0.0010106316975481023,-0.001196329666360132,0.002553531066140708,0.575,False,False
53,heteroskedastic_null,False,polynomial_ridge,199,25560890,73280904,estimated,-0.0010106316975481023,-0.0010830327983970072,0.0022999947660245074,0.575,False,False
53,heteroskedastic_null,False,polynomial_ridge,499,25560890,73280904,estimated,-0.0010106316975481023,-0.0011118531324387534,0.0023052029458046994,0.575,False,False
53,heteroskedastic_null,False,polynomial_ridge,999,25560890,73280904,estimated,-0.0010106316975481023,-0.0010839265391934165,0.0023727212243332286,0.575,False,False
53,heteroskedastic_null,False,polynomial_ridge_interactions,99,25560890,73281913,estimated,-3.442018602720781e-05,-0.0006173417762497072,0.001425349047631166,0.35,False,False
53,heteroskedastic_null,False,polynomial_ridge_interactions,199,25560890,73281913,estimated,-3.442018602720781e-05,-0.0007047256968782154,0.0014247000332352796,0.35,False,False
53,heteroskedastic_null,False,polynomial_ridge_interactions,499,25560890,73281913,estimated,-3.442018602720781e-05,-0.0006662937693397435,0.0015215792592993592,0.35,False,False
53,heteroskedastic_null,False,polynomial_ridge_interactions,999,25560890,73281913,estimated,-3.442018602720781e-05,-0.0006996252218986083,0.0015870412276145732,0.35,False,False
53,nonlinear_proxy,False,polynomial_ridge,99,25560890,73270897,estimated,-0.0003211211025996802,-0.0007484976722099315,0.0009677603911934184,0.465,False,False
53,nonlinear_proxy,False,polynomial_ridge,199,25560890,73270897,estimated,-0.0003211211025996802,-0.0008479900019619665,0.0008719748674462634,0.465,False,False
53,nonlinear_proxy,False,polynomial_ridge,499,25560890,73270897,estimated,-0.0003211211025996802,-0.0008301765701914942,0.000853055810694505,0.465,False,False
53,nonlinear_proxy,False,polynomial_ridge,999,25560890,73270897,estimated,-0.0003211211025996802,-0.000785117775644551,0.000902320456144156,0.465,False,False
53,nonlinear_proxy,False,polynomial_ridge_interactions,99,25560890,73271906,estimated,3.837895189789074e-05,-0.00029518398413722155,0.0011198756206570628,0.315,False,False
53,nonlinear_proxy,False,polynomial_ridge_interactions,199,25560890,73271906,estimated,3.837895189789074e-05,-0.00028555277174200516,0.0011268847563435122,0.315,False,False
53,nonlinear_proxy,False,polynomial_ridge_interactions,499,25560890,73271906,estimated,3.837895189789074e-05,-0.00030815961067858785,0.000996156284661748,0.315,False,False
53,nonlinear_proxy,False,polynomial_ridge_interactions,999,25560890,73271906,estimated,3.837895189789074e-05,-0.00034267031830512764,0.0009627331740532813,0.315,False,False
53,null_metric,False,polynomial_ridge,99,25560890,73260890,estimated,-0.0019709958958650763,-0.003105740298168908,0.00196469603975893,0.34,False,False
53,null_metric,False,polynomial_ridge,199,25560890,73260890,estimated,-0.0019709958958650763,-0.003420014411168568,0.001896281679076293,0.34,False,False
53,null_metric,False,polynomial_ridge,499,25560890,73260890,estimated,-0.0019709958958650763,-0.0029316329431918905,0.002277328355812439,0.34,False,False
53,null_metric,False,polynomial_ridge,999,25560890,73260890,estimated,-0.0019709958958650763,-0.003059741041636919,0.0020639662517716578,0.34,False,False
53,null_metric,False,polynomial_ridge_interactions,99,25560890,73261899,estimated,0.00025162890504334956,-0.0011878374819617311,0.002147384552678347,0.375,False,False
53,null_metric,False,polynomial_ridge_interactions,199,25560890,73261899,estimated,0.00025162890504334956,-0.0011339861054203962,0.0024439820981291506,0.375,False,False
53,null_metric,False,polynomial_ridge_interactions,499,25560890,73261899,estimated,0.00025162890504334956,-0.0013455387233593824,0.002355145697470932,0.375,False,False
53,null_metric,False,polynomial_ridge_interactions,999,25560890,73261899,estimated,0.00025162890504334956,-0.0013723801452933991,0.0023587970342083316,0.375,False,False
54,clustered_null,False,polynomial_ridge,99,25660893,74290914,estimated,-0.008676049739612689,-0.02181419001283473,0.025698959372283954,0.645,False,False
54,clustered_null,False,polynomial_ridge,199,25660893,74290914,estimated,-0.008676049739612689,-0.021659172282789216,0.011368738662335742,0.645,False,False
54,clustered_null,False,polynomial_ridge,499,25660893,74290914,estimated,-0.008676049739612689,-0.02441401157164108,0.008510114484534082,0.645,False,False
54,clustered_null,False,polynomial_ridge,999,25660893,74290914,estimated,-0.008676049739612689,-0.023936507826764417,0.00886747605843662,0.645,False,False
54,clustered_null,False,polynomial_ridge_interactions,99,25660893,74291923,estimated,-0.004420894389682985,-0.01799319458115184,0.005721910345777661,0.435,False,False
54,clustered_null,False,polynomial_ridge_interactions,199,25660893,74291923,estimated,-0.004420894389682985,-0.018445359585032232,0.0055290809538528435,0.435,False,False
54,clustered_null,False,polynomial_ridge_interactions,499,25660893,74291923,estimated,-0.004420894389682985,-0.01498014238745522,0.005901601853109264,0.435,False,False
54,clustered_null,False,polynomial_ridge_interactions,999,25660893,74291923,estimated,-0.004420894389682985,-0.017787961504259972,0.006106565380004879,0.435,False,False
54,genuine_increment,True,polynomial_ridge,99,25660893,74300921,estimated,0.04602768517530571,0.032294281489463866,0.05755963306298276,0.005,True,True
54,genuine_increment,True,polynomial_ridge,199,25660893,74300921,estimated,0.04602768517530571,0.033222424806564295,0.05603038363337388,0.005,True,True
54,genuine_increment,True,polynomial_ridge,499,25660893,74300921,estimated,0.04602768517530571,0.033676696525865656,0.05671735465159728,0.005,True,True
54,genuine_increment,True,polynomial_ridge,999,25660893,74300921,estimated,0.04602768517530571,0.03368958864302987,0.056077317521236014,0.005,True,True
54,genuine_increment,True,polynomial_ridge_interactions,99,25660893,74301930,estimated,0.044251636491129884,0.032572978968477016,0.05784677610935897,0.005,True,True
54,genuine_increment,True,polynomial_ridge_interactions,199,25660893,74301930,estimated,0.044251636491129884,0.03376045258085552,0.05682088537447104,0.005,True,True
54,genuine_increment,True,polynomial_ridge_interactions,499,25660893,74301930,estimated,0.044251636491129884,0.032898661011350167,0.05684572381034826,0.005,True,True
54,genuine_increment,True,polynomial_ridge_interactions,999,25660893,74301930,estimated,0.044251636491129884,0.0334136287766346,0.05717503968660233,0.005,True,True
54,heteroskedastic_null,False,polynomial_ridge,99,25660893,74280907,estimated,-0.0008063571112836634,-0.0019058120271398021,0.0008125165939634311,0.96,False,False
54,heteroskedastic_null,False,polynomial_ridge,199,25660893,74280907,estimated,-0.0008063571112836634,-0.0018596228495314294,0.0009196296354075349,0.96,False,False
54,heteroskedastic_null,False,polynomial_ridge,499,25660893,74280907,estimated,-0.0008063571112836634,-0.0019772995857867525,0.0008920278795365691,0.96,False,False
54,heteroskedastic_null,False,polynomial_ridge,999,25660893,74280907,estimated,-0.0008063571112836634,-0.002032776042463896,0.000877513583956503,0.96,False,False
54,heteroskedastic_null,False,polynomial_ridge_interactions,99,25660893,74281916,estimated,-0.000507279691770314,-0.0006979777693661101,0.0002158999935096548,0.93,False,False
54,heteroskedastic_null,False,polynomial_ridge_interactions,199,25660893,74281916,estimated,-0.000507279691770314,-0.0006833635245372369,0.00028799801261284504,0.93,False,False
54,heteroskedastic_null,False,polynomial_ridge_interactions,499,25660893,74281916,estimated,-0.000507279691770314,-0.0006707176610206571,0.00043009646629978767,0.93,False,False
54,heteroskedastic_null,False,polynomial_ridge_interactions,999,25660893,74281916,estimated,-0.000507279691770314,-0.0006669369588824056,0.00044202473100500805,0.93,False,False
54,nonlinear_proxy,False,polynomial_ridge,99,25660893,74270900,estimated,-1.1586001128520082e-06,-0.00048339380860020506,0.0013917584363618723,0.91,False,False
54,nonlinear_proxy,False,polynomial_ridge,199,25660893,74270900,estimated,-1.1586001128520082e-06,-0.0004927515795794217,0.0013316455276780798,0.91,False,False
54,nonlinear_proxy,False,polynomial_ridge,499,25660893,74270900,estimated,-1.1586001128520082e-06,-0.000559303910589512,0.0013000582559129766,0.91,False,False
54,nonlinear_proxy,False,polynomial_ridge,999,25660893,74270900,estimated,-1.1586001128520082e-06,-0.0005852258032772919,0.0012271901574242346,0.91,False,False
54,nonlinear_proxy,False,polynomial_ridge_interactions,99,25660893,74271909,estimated,-0.0003628646366705653,-0.00045753862102570667,0.0005986233949775953,0.665,False,False
54,nonlinear_proxy,False,polynomial_ridge_interactions,199,25660893,74271909,estimated,-0.0003628646366705653,-0.00043727578307527714,0.0007220314688802089,0.665,False,False
54,nonlinear_proxy,False,polynomial_ridge_interactions,499,25660893,74271909,estimated,-0.0003628646366705653,-0.000425813892374063,0.0006841301200016945,0.665,False,False
54,nonlinear_proxy,False,polynomial_ridge_interactions,999,25660893,74271909,estimated,-0.0003628646366705653,-0.00042569150654263744,0.0007202003469551035,0.665,False,False
54,null_metric,False,polynomial_ridge,99,25660893,74260893,estimated,-0.003399316445054916,-0.0036289183056363804,0.0025413404750803687,0.345,False,False
54,null_metric,False,polynomial_ridge,199,25660893,74260893,estimated,-0.003399316445054916,-0.003748381175250031,0.0028634660623394377,0.345,False,False
54,null_metric,False,polynomial_ridge,499,25660893,74260893,estimated,-0.003399316445054916,-0.0038381351871671653,0.0028797841092256084,0.345,False,False
54,null_metric,False,polynomial_ridge,999,25660893,74260893,estimated,-0.003399316445054916,-0.004073703308991612,0.002705019693195225,0.345,False,False
54,null_metric,False,polynomial_ridge_interactions,99,25660893,74261902,estimated,-0.0007208561331827831,-0.0016363591407939793,0.002319908059620094,0.45,False,False
54,null_metric,False,polynomial_ridge_interactions,199,25660893,74261902,estimated,-0.0007208561331827831,-0.0014772800085163884,0.002106453752906341,0.45,False,False
54,null_metric,False,polynomial_ridge_interactions,499,25660893,74261902,estimated,-0.0007208561331827831,-0.0016513830330779024,0.0020070503847379783,0.45,False,False
54,null_metric,False,polynomial_ridge_interactions,999,25660893,74261902,estimated,-0.0007208561331827831,-0.0016053270816939452,0.0020271307067328556,0.45,False,False
55,clustered_null,False,polynomial_ridge,99,25760896,75290917,estimated,-0.005512824909418779,-0.01481805646103298,0.012771102877709004,0.13,False,False
55,clustered_null,False,polynomial_ridge,199,25760896,75290917,estimated,-0.005512824909418779,-0.01639675813715612,0.011626494720977133,0.13,False,False
55,clustered_null,False,polynomial_ridge,499,25760896,75290917,estimated,-0.005512824909418779,-0.013852889893225358,0.012065767009608971,0.13,False,False
55,clustered_null,False,polynomial_ridge,999,25760896,75290917,estimated,-0.005512824909418779,-0.015230432448268664,0.010673568552481322,0.13,False,False
55,clustered_null,False,polynomial_ridge_interactions,99,25760896,75291926,estimated,-0.0013288414348529044,-0.022230809664335292,0.006941902371878238,0.045,False,False
55,clustered_null,False,polynomial_ridge_interactions,199,25760896,75291926,estimated,-0.0013288414348529044,-0.02463651593518759,0.005093079809931901,0.045,False,False
55,clustered_null,False,polynomial_ridge_interactions,499,25760896,75291926,estimated,-0.0013288414348529044,-0.021512713200143994,0.007080380297652241,0.045,False,False
55,clustered_null,False,polynomial_ridge_interactions,999,25760896,75291926,estimated,-0.0013288414348529044,-0.01560791805448207,0.006342813765193325,0.045,False,False
55,genuine_increment,True,polynomial_ridge,99,25760896,75300924,estimated,0.0397713052289666,0.029540217550154995,0.05145129602709455,0.005,True,True
55,genuine_increment,True,polynomial_ridge,199,25760896,75300924,estimated,0.0397713052289666,0.028986861082621686,0.052495259484142895,0.005,True,True
55,genuine_increment,True,polynomial_ridge,499,25760896,75300924,estimated,0.0397713052289666,0.02900635190551664,0.052353559397723126,0.005,True,True
55,genuine_increment,True,polynomial_ridge,999,25760896,75300924,estimated,0.0397713052289666,0.02808922407743841,0.05159666990858999,0.005,True,True
55,genuine_increment,True,polynomial_ridge_interactions,99,25760896,75301933,estimated,0.04194403843535754,0.028757349372463478,0.04972134728643477,0.005,True,True
55,genuine_increment,True,polynomial_ridge_interactions,199,25760896,75301933,estimated,0.04194403843535754,0.02697464532964557,0.04873394995544466,0.005,True,True
55,genuine_increment,True,polynomial_ridge_interactions,499,25760896,75301933,estimated,0.04194403843535754,0.028549099496646357,0.05073044970667067,0.005,True,True
55,genuine_increment,True,polynomial_ridge_interactions,999,25760896,75301933,estimated,0.04194403843535754,0.027873018554308508,0.05142538479264297,0.005,True,True
55,heteroskedastic_null,False,polynomial_ridge,99,25760896,75280910,estimated,-0.0005096672024462612,-0.0012016800396326072,0.001931522819266487,0.67,False,False
55,heteroskedastic_null,False,polynomial_ridge,199,25760896,75280910,estimated,-0.0005096672024462612,-0.0011424525076427047,0.0021326855659613035,0.67,False,False
55,heteroskedastic_null,False,polynomial_ridge,499,25760896,75280910,estimated,-0.0005096672024462612,-0.0011539222107144697,0.001912055094396681,0.67,False,False
55,heteroskedastic_null,False,polynomial_ridge,999,25760896,75280910,estimated,-0.0005096672024462612,-0.0011743378551931844,0.0017776238866535805,0.67,False,False
55,heteroskedastic_null,False,polynomial_ridge_interactions,99,25760896,75281919,estimated,-6.532884003490787e-05,-0.0003666532421999772,0.0005688528693426405,0.38,False,False
55,heteroskedastic_null,False,polynomial_ridge_interactions,199,25760896,75281919,estimated,-6.532884003490787e-05,-0.00040960814566804533,0.00056125669670152,0.38,False,False
55,heteroskedastic_null,False,polynomial_ridge_interactions,499,25760896,75281919,estimated,-6.532884003490787e-05,-0.00047878334948657796,0.0005146552188043962,0.38,False,False
55,heteroskedastic_null,False,polynomial_ridge_interactions,999,25760896,75281919,estimated,-6.532884003490787e-05,-0.00048573581614399917,0.0005605754143740949,0.38,False,False
55,nonlinear_proxy,False,polynomial_ridge,99,25760896,75270903,estimated,-7.313812665969439e-05,-0.00045943727658387287,0.0015489586644789688,0.185,False,False
55,nonlinear_proxy,False,polynomial_ridge,199,25760896,75270903,estimated,-7.313812665969439e-05,-0.0004619969175740459,0.0015255338356648042,0.185,False,False
55,nonlinear_proxy,False,polynomial_ridge,499,25760896,75270903,estimated,-7.313812665969439e-05,-0.0005598739679514439,0.0016838199033319852,0.185,False,False
55,nonlinear_proxy,False,polynomial_ridge,999,25760896,75270903,estimated,-7.313812665969439e-05,-0.0005503905647519706,0.0018087734512148305,0.185,False,False
55,nonlinear_proxy,False,polynomial_ridge_interactions,99,25760896,75271912,estimated,-2.004563630568501e-05,-0.00011561822144002748,0.0016162919707584118,0.35,False,False
55,nonlinear_proxy,False,polynomial_ridge_interactions,199,25760896,75271912,estimated,-2.004563630568501e-05,-8.942531773827133e-05,0.0016359232352601985,0.35,False,False
55,nonlinear_proxy,False,polynomial_ridge_interactions,499,25760896,75271912,estimated,-2.004563630568501e-05,-0.00015953261306539686,0.0015296408345226158,0.35,False,False
55,nonlinear_proxy,False,polynomial_ridge_interactions,999,25760896,75271912,estimated,-2.004563630568501e-05,-0.00019279886708496122,0.0014467052365982154,0.35,False,False
55,null_metric,False,polynomial_ridge,99,25760896,75260896,estimated,-0.0012917979925123509,-0.002401838055823966,0.003726969472697854,0.72,False,False
55,null_metric,False,polynomial_ridge,199,25760896,75260896,estimated,-0.0012917979925123509,-0.0022243949837927606,0.0037491088635241633,0.72,False,False
55,null_metric,False,polynomial_ridge,499,25760896,75260896,estimated,-0.0012917979925123509,-0.0024225027622018637,0.0034349599416656825,0.72,False,False
55,null_metric,False,polynomial_ridge,999,25760896,75260896,estimated,-0.0012917979925123509,-0.0025157731428100166,0.003623844639249917,0.72,False,False
55,null_metric,False,polynomial_ridge_interactions,99,25760896,75261905,estimated,-0.0004401927738410978,-0.0013041592208346254,0.0010277252417697528,0.64,False,False
55,null_metric,False,polynomial_ridge_interactions,199,25760896,75261905,estimated,-0.0004401927738410978,-0.0013787506126770846,0.0009254084252811165,0.64,False,False
55,null_metric,False,polynomial_ridge_interactions,499,25760896,75261905,estimated,-0.0004401927738410978,-0.0014728189347221444,0.0009139233166812879,0.64,False,False
55,null_metric,False,polynomial_ridge_interactions,999,25760896,75261905,estimated,-0.0004401927738410978,-0.0014778164496648419,0.0009877730424803408,0.64,False,False
56,clustered_null,False,polynomial_ridge,99,25860899,76290920,estimated,-0.0029631555528539695,-0.008652575503034199,0.0063001016544360095,0.51,False,False
56,clustered_null,False,polynomial_ridge,199,25860899,76290920,estimated,-0.0029631555528539695,-0.00908827924127427,0.009611207235357811,0.51,False,False
56,clustered_null,False,polynomial_ridge,499,25860899,76290920,estimated,-0.0029631555528539695,-0.011017550527813894,0.00963436381408118,0.51,False,False
56,clustered_null,False,polynomial_ridge,999,25860899,76290920,estimated,-0.0029631555528539695,-0.011277512399481632,0.010559321620721297,0.51,False,False
56,clustered_null,False,polynomial_ridge_interactions,99,25860899,76291929,estimated,0.0003085729893788341,-0.006675271622238201,0.004999828413623466,0.05,False,False
56,clustered_null,False,polynomial_ridge_interactions,199,25860899,76291929,estimated,0.0003085729893788341,-0.007591867249021101,0.00492627035600809,0.05,False,False
56,clustered_null,False,polynomial_ridge_interactions,499,25860899,76291929,estimated,0.0003085729893788341,-0.009538649798583463,0.0056819817161165385,0.05,False,False
56,clustered_null,False,polynomial_ridge_interactions,999,25860899,76291929,estimated,0.0003085729893788341,-0.010166567248095492,0.006173820981733148,0.05,False,False
56,genuine_increment,True,polynomial_ridge,99,25860899,76300927,estimated,0.04218867613321594,0.030633600364125657,0.05070057730893602,0.005,True,True
56,genuine_increment,True,polynomial_ridge,199,25860899,76300927,estimated,0.04218867613321594,0.030713254949746662,0.050872530001594446,0.005,True,True
56,genuine_increment,True,polynomial_ridge,499,25860899,76300927,estimated,0.04218867613321594,0.02962294299791413,0.05101639175634201,0.005,True,True
56,genuine_increment,True,polynomial_ridge,999,25860899,76300927,estimated,0.04218867613321594,0.028955781816655365,0.051752236645657076,0.005,True,True
56,genuine_increment,True,polynomial_ridge_interactions,99,25860899,76301936,estimated,0.042898873098652715,0.030884227808908676,0.048967576000898384,0.005,True,True
56,genuine_increment,True,polynomial_ridge_interactions,199,25860899,76301936,estimated,0.042898873098652715,0.027254127949259518,0.049582507692429785,0.005,True,True
56,genuine_increment,True,polynomial_ridge_interactions,499,25860899,76301936,estimated,0.042898873098652715,0.02681997384027651,0.05177861028037704,0.005,True,True
56,genuine_increment,True,polynomial_ridge_interactions,999,25860899,76301936,estimated,0.042898873098652715,0.027491979539712816,0.051874002398784654,0.005,True,True
56,heteroskedastic_null,False,polynomial_ridge,99,25860899,76280913,estimated,-0.00022239888680452603,-0.0009153999381088639,0.0010476419750692454,0.19,False,False
56,heteroskedastic_null,False,polynomial_ridge,199,25860899,76280913,estimated,-0.00022239888680452603,-0.0009133879778949891,0.0017432135368879715,0.19,False,False
56,heteroskedastic_null,False,polynomial_ridge,499,25860899,76280913,estimated,-0.00022239888680452603,-0.0009135582647900733,0.0018174863107427697,0.19,False,False
56,heteroskedastic_null,False,polynomial_ridge,999,25860899,76280913,estimated,-0.00022239888680452603,-0.000877786589562278,0.0015512571607167929,0.19,False,False
56,heteroskedastic_null,False,polynomial_ridge_interactions,99,25860899,76281922,estimated,-0.00015797935502811535,-0.0005300078747180517,0.00029486884829158313,0.15,False,False
56,heteroskedastic_null,False,polynomial_ridge_interactions,199,25860899,76281922,estimated,-0.00015797935502811535,-0.0005046774716837148,0.00038815042904720497,0.15,False,False
56,heteroskedastic_null,False,polynomial_ridge_interactions,499,25860899,76281922,estimated,-0.00015797935502811535,-0.0005216237555849181,0.00039240813235611854,0.15,False,False
56,heteroskedastic_null,False,polynomial_ridge_interactions,999,25860899,76281922,estimated,-0.00015797935502811535,-0.0004998891279169252,0.0003503795236610727,0.15,False,False
56,nonlinear_proxy,False,polynomial_ridge,99,25860899,76270906,estimated,-0.0001924486890197948,-0.0003768874545466097,0.0008750682841337078,0.675,False,False
56,nonlinear_proxy,False,polynomial_ridge,199,25860899,76270906,estimated,-0.0001924486890197948,-0.00039473910713610784,0.0009157536180481054,0.675,False,False
56,nonlinear_proxy,False,polynomial_ridge,499,25860899,76270906,estimated,-0.0001924486890197948,-0.0004201687419475436,0.0010535796641896495,0.675,False,False
56,nonlinear_proxy,False,polynomial_ridge,999,25860899,76270906,estimated,-0.0001924486890197948,-0.0004256046153342635,0.0011236722455183177,0.675,False,False
56,nonlinear_proxy,False,polynomial_ridge_interactions,99,25860899,76271915,estimated,-3.367358422183726e-05,-0.00033486460341103987,0.0006288571510929017,0.31,False,False
56,nonlinear_proxy,False,polynomial_ridge_interactions,199,25860899,76271915,estimated,-3.367358422183726e-05,-0.00033041802938419166,0.0007261442737137762,0.31,False,False
56,nonlinear_proxy,False,polynomial_ridge_interactions,499,25860899,76271915,estimated,-3.367358422183726e-05,-0.0003038373073558938,0.000725605746555719,0.31,False,False
56,nonlinear_proxy,False,polynomial_ridge_interactions,999,25860899,76271915,estimated,-3.367358422183726e-05,-0.00030667400224298065,0.0007315498710442929,0.31,False,False
56,null_metric,False,polynomial_ridge,99,25860899,76260899,estimated,-0.0015835785060130808,-0.002423127875759698,0.0016367722600403318,0.915,False,False
56,null_metric,False,polynomial_ridge,199,25860899,76260899,estimated,-0.0015835785060130808,-0.0025225384766263148,0.0021483233856937917,0.915,False,False
56,null_metric,False,polynomial_ridge,499,25860899,76260899,estimated,-0.0015835785060130808,-0.002888153732592898,0.002085315118725831,0.915,False,False
56,null_metric,False,polynomial_ridge,999,25860899,76260899,estimated,-0.0015835785060130808,-0.002880014583732514,0.0022687613685233666,0.915,False,False
56,null_metric,False,polynomial_ridge_interactions,99,25860899,76261908,estimated,-0.0017816545314869592,-0.0014337844118912288,0.00046549680458226255,0.8,False,False
56,null_metric,False,polynomial_ridge_interactions,199,25860899,76261908,estimated,-0.0017816545314869592,-0.0015019504587567133,0.00047409467421196907,0.8,False,False
56,null_metric,False,polynomial_ridge_interactions,499,25860899,76261908,estimated,-0.0017816545314869592,-0.001665240926604003,0.0005418685453577781,0.8,False,False
56,null_metric,False,polynomial_ridge_interactions,999,25860899,76261908,estimated,-0.0017816545314869592,-0.0017601798805529749,0.0006727790115474365,0.8,False,False
57,clustered_null,False,polynomial_ridge,99,25960902,77290923,estimated,-0.0041754398363558105,-0.019090224433693348,0.005591700104335724,0.665,False,False
57,clustered_null,False,polynomial_ridge,199,25960902,77290923,estimated,-0.0041754398363558105,-0.019368973194531576,0.006123723931675465,0.665,False,False
57,clustered_null,False,polynomial_ridge,499,25960902,77290923,estimated,-0.0041754398363558105,-0.021050241273831198,0.01047766026780575,0.665,False,False
57,clustered_null,False,polynomial_ridge,999,25960902,77290923,estimated,-0.0041754398363558105,-0.02230187908531984,0.00795475611283171,0.665,False,False
57,clustered_null,False,polynomial_ridge_interactions,99,25960902,77291932,estimated,-0.002204697968807616,-0.010820997383817307,0.005115988521512588,0.595,False,False
57,clustered_null,False,polynomial_ridge_interactions,199,25960902,77291932,estimated,-0.002204697968807616,-0.013015475506214727,0.005473678745759414,0.595,False,False
57,clustered_null,False,polynomial_ridge_interactions,499,25960902,77291932,estimated,-0.002204697968807616,-0.014541836427353122,0.007443585801234147,0.595,False,False
57,clustered_null,False,polynomial_ridge_interactions,999,25960902,77291932,estimated,-0.002204697968807616,-0.01454038783082206,0.006035072970515517,0.595,False,False
57,genuine_increment,True,polynomial_ridge,99,25960902,77300930,estimated,0.04016393797518591,0.02911441841102076,0.04760842262725882,0.005,True,True
57,genuine_increment,True,polynomial_ridge,199,25960902,77300930,estimated,0.04016393797518591,0.0297519709585499,0.047029345696915546,0.005,True,True
57,genuine_increment,True,polynomial_ridge,499,25960902,77300930,estimated,0.04016393797518591,0.028787211791006108,0.04723847192983061,0.005,True,True
57,genuine_increment,True,polynomial_ridge,999,25960902,77300930,estimated,0.04016393797518591,0.028674359746409226,0.048090763835275135,0.005,True,True
57,genuine_increment,True,polynomial_ridge_interactions,99,25960902,77301939,estimated,0.04070633023844833,0.02908313838814299,0.046012098794314144,0.005,True,True
57,genuine_increment,True,polynomial_ridge_interactions,199,25960902,77301939,estimated,0.04070633023844833,0.028994595439318285,0.046071057542592664,0.005,True,True
57,genuine_increment,True,polynomial_ridge_interactions,499,25960902,77301939,estimated,0.04070633023844833,0.028663358280614875,0.04620885989375641,0.005,True,True
57,genuine_increment,True,polynomial_ridge_interactions,999,25960902,77301939,estimated,0.04070633023844833,0.028820868523732834,0.046706391331800184,0.005,True,True
57,heteroskedastic_null,False,polynomial_ridge,99,25960902,77280916,estimated,-0.00019100577634512984,-0.0008098911096837731,0.0010977147403714942,0.265,False,False
57,heteroskedastic_null,False,polynomial_ridge,199,25960902,77280916,estimated,-0.00019100577634512984,-0.0007965509410995027,0.0013850921596281385,0.265,False,False
57,heteroskedastic_null,False,polynomial_ridge,499,25960902,77280916,estimated,-0.00019100577634512984,-0.0009256099478390634,0.0013114555048920047,0.265,False,False
57,heteroskedastic_null,False,polynomial_ridge,999,25960902,77280916,estimated,-0.00019100577634512984,-0.000985445583512619,0.00131288527975729,0.265,False,False
57,heteroskedastic_null,False,polynomial_ridge_interactions,99,25960902,77281925,estimated,0.0002942911485714784,-0.0003653991103549632,0.0009574323538025114,0.195,False,False
57,heteroskedastic_null,False,polynomial_ridge_interactions,199,25960902,77281925,estimated,0.0002942911485714784,-0.0004131761884971693,0.0009364013083814062,0.195,False,False
57,heteroskedastic_null,False,polynomial_ridge_interactions,499,25960902,77281925,estimated,0.0002942911485714784,-0.000417439983405751,0.0009922387830976057,0.195,False,False
57,heteroskedastic_null,False,polynomial_ridge_interactions,999,25960902,77281925,estimated,0.0002942911485714784,-0.0004294097983048445,0.0009482607427397757,0.195,False,False
57,nonlinear_proxy,False,polynomial_ridge,99,25960902,77270909,estimated,0.00037735948214221316,-9.58637090551426e-05,0.0014518596589536247,0.55,False,False
57,nonlinear_proxy,False,polynomial_ridge,199,25960902,77270909,estimated,0.00037735948214221316,-9.016824916388199e-05,0.001614831894057468,0.55,False,False
57,nonlinear_proxy,False,polynomial_ridge,499,25960902,77270909,estimated,0.00037735948214221316,-0.00020588369859263255,0.0016756810229869284,0.55,False,False
57,nonlinear_proxy,False,polynomial_ridge,999,25960902,77270909,estimated,0.00037735948214221316,-0.00019207201582687814,0.0016639434654586878,0.55,False,False
57,nonlinear_proxy,False,polynomial_ridge_interactions,99,25960902,77271918,estimated,0.0004050565825884393,-5.8807223564145625e-05,0.0015322638963838305,0.84,False,False
57,nonlinear_proxy,False,polynomial_ridge_interactions,199,25960902,77271918,estimated,0.0004050565825884393,-4.900380542099611e-05,0.00163266314783169,0.84,False,False
57,nonlinear_proxy,False,polynomial_ridge_interactions,499,25960902,77271918,estimated,0.0004050565825884393,-5.495005222663404e-05,0.0016398912213854392,0.84,False,False
57,nonlinear_proxy,False,polynomial_ridge_interactions,999,25960902,77271918,estimated,0.0004050565825884393,-2.6819243958618886e-05,0.0016194054713860667,0.84,False,False
57,null_metric,False,polynomial_ridge,99,25960902,77260902,estimated,-0.0009374185725331934,-0.002679695286222621,0.0009477765691191519,0.785,False,False
57,null_metric,False,polynomial_ridge,199,25960902,77260902,estimated,-0.0009374185725331934,-0.002349307354696123,0.0009800854174300197,0.785,False,False
57,null_metric,False,polynomial_ridge,499,25960902,77260902,estimated,-0.0009374185725331934,-0.002203801190669792,0.0010788009229303717,0.785,False,False
57,null_metric,False,polynomial_ridge,999,25960902,77260902,estimated,-0.0009374185725331934,-0.0024442720737835612,0.0010572014045060049,0.785,False,False
57,null_metric,False,polynomial_ridge_interactions,99,25960902,77261911,estimated,-0.00025823402797724507,-0.0009180673465666516,0.0008806683070397808,0.76,False,False
57,null_metric,False,polynomial_ridge_interactions,199,25960902,77261911,estimated,-0.00025823402797724507,-0.0009175978395217939,0.000783377112522797,0.76,False,False
57,null_metric,False,polynomial_ridge_interactions,499,25960902,77261911,estimated,-0.00025823402797724507,-0.0008514878809315488,0.0007330759098611681,0.76,False,False
57,null_metric,False,polynomial_ridge_interactions,999,25960902,77261911,estimated,-0.00025823402797724507,-0.0008920744966448085,0.0006993556564032115,0.76,False,False
58,clustered_null,False,polynomial_ridge,99,26060905,78290926,estimated,-0.00046055885978079844,-0.005765860529594436,0.009257881301687122,0.005,False,False
58,clustered_null,False,polynomial_ridge,199,26060905,78290926,estimated,-0.00046055885978079844,-0.008303106077176808,0.00808280121009301,0.005,False,False
58,clustered_null,False,polynomial_ridge,499,26060905,78290926,estimated,-0.00046055885978079844,-0.006226372878583328,0.00966968546114643,0.005,False,False
58,clustered_null,False,polynomial_ridge,999,26060905,78290926,estimated,-0.00046055885978079844,-0.0084785643162509,0.00985144677195554,0.005,False,False
58,clustered_null,False,polynomial_ridge_interactions,99,26060905,78291935,estimated,0.0007981443527502706,-0.009310196541880058,0.013682508052458674,0.01,False,False
58,clustered_null,False,polynomial_ridge_interactions,199,26060905,78291935,estimated,0.0007981443527502706,-0.007155610684680879,0.012478704592101587,0.01,False,False
58,clustered_null,False,polynomial_ridge_interactions,499,26060905,78291935,estimated,0.0007981443527502706,-0.00604401201234824,0.01263951034495013,0.01,False,False
58,clustered_null,False,polynomial_ridge_interactions,999,26060905,78291935,estimated,0.0007981443527502706,-0.004750924529494908,0.011138165816157772,0.01,False,False
58,genuine_increment,True,polynomial_ridge,99,26060905,78300933,estimated,0.050156324997911846,0.03902602215129008,0.059165407142653406,0.005,True,True
58,genuine_increment,True,polynomial_ridge,199,26060905,78300933,estimated,0.050156324997911846,0.03911978280526585,0.060228325032924294,0.005,True,True
58,genuine_increment,True,polynomial_ridge,499,26060905,78300933,estimated,0.050156324997911846,0.03903228181964713,0.05924171833317409,0.005,True,True
58,genuine_increment,True,polynomial_ridge,999,26060905,78300933,estimated,0.050156324997911846,0.03893174416748355,0.05908293833429497,0.005,True,True
58,genuine_increment,True,polynomial_ridge_interactions,99,26060905,78301942,estimated,0.05005376349180489,0.038351976988252205,0.05760675196026718,0.005,True,True
58,genuine_increment,True,polynomial_ridge_interactions,199,26060905,78301942,estimated,0.05005376349180489,0.036603010544437424,0.05696924796658273,0.005,True,True
58,genuine_increment,True,polynomial_ridge_interactions,499,26060905,78301942,estimated,0.05005376349180489,0.037846065388889176,0.05758290140931025,0.005,True,True
58,genuine_increment,True,polynomial_ridge_interactions,999,26060905,78301942,estimated,0.05005376349180489,0.03838096448173415,0.05800744342549817,0.005,True,True
58,heteroskedastic_null,False,polynomial_ridge,99,26060905,78280919,estimated,-0.000823188071955137,-0.0011595105812395947,0.0008625097380429753,0.365,False,False
58,heteroskedastic_null,False,polynomial_ridge,199,26060905,78280919,estimated,-0.000823188071955137,-0.001207921648714596,0.0010788816672758696,0.365,False,False
58,heteroskedastic_null,False,polynomial_ridge,499,26060905,78280919,estimated,-0.000823188071955137,-0.0012434404660027919,0.0009466623447085485,0.365,False,False
58,heteroskedastic_null,False,polynomial_ridge,999,26060905,78280919,estimated,-0.000823188071955137,-0.001276990270676339,0.0008755893341697735,0.365,False,False
58,heteroskedastic_null,False,polynomial_ridge_interactions,99,26060905,78281928,estimated,-5.793605845905159e-05,-0.0006426395029848548,0.00044259220298887794,0.71,False,False
58,heteroskedastic_null,False,polynomial_ridge_interactions,199,26060905,78281928,estimated,-5.793605845905159e-05,-0.0006835092037880673,0.0004122846239336107,0.71,False,False
58,heteroskedastic_null,False,polynomial_ridge_interactions,499,26060905,78281928,estimated,-5.793605845905159e-05,-0.0006358516017165099,0.00045316402720348294,0.71,False,False
58,heteroskedastic_null,False,polynomial_ridge_interactions,999,26060905,78281928,estimated,-5.793605845905159e-05,-0.0006161385360309459,0.0004780359908830217,0.71,False,False
58,nonlinear_proxy,False,polynomial_ridge,99,26060905,78270912,estimated,-0.00022491401225159524,-0.0004720403850643557,0.0012427144025287547,0.145,False,False
58,nonlinear_proxy,False,polynomial_ridge,199,26060905,78270912,estimated,-0.00022491401225159524,-0.0005620408965481074,0.0012137179917120372,0.145,False,False
58,nonlinear_proxy,False,polynomial_ridge,499,26060905,78270912,estimated,-0.00022491401225159524,-0.000551610358790139,0.001032005066772275,0.145,False,False
58,nonlinear_proxy,False,polynomial_ridge,999,26060905,78270912,estimated,-0.00022491401225159524,-0.0005624812947665584,0.001020392894645741,0.145,False,False
58,nonlinear_proxy,False,polynomial_ridge_interactions,99,26060905,78271921,estimated,0.00015052754228648928,-0.00023262999068883637,0.0013268046783688865,0.145,False,False
58,nonlinear_proxy,False,polynomial_ridge_interactions,199,26060905,78271921,estimated,0.00015052754228648928,-0.00022091821390832604,0.0013487329721488081,0.145,False,False
58,nonlinear_proxy,False,polynomial_ridge_interactions,499,26060905,78271921,estimated,0.00015052754228648928,-0.0002175440048897634,0.0010872883027304705,0.145,False,False
58,nonlinear_proxy,False,polynomial_ridge_interactions,999,26060905,78271921,estimated,0.00015052754228648928,-0.00017640458658441444,0.0011269720987388812,0.145,False,False
58,null_metric,False,polynomial_ridge,99,26060905,78260905,estimated,-0.002312053659744493,-0.0037546639589878627,0.003781329462373869,0.225,False,False
58,null_metric,False,polynomial_ridge,199,26060905,78260905,estimated,-0.002312053659744493,-0.0034472429761804777,0.0031891242468133044,0.225,False,False
58,null_metric,False,polynomial_ridge,499,26060905,78260905,estimated,-0.002312053659744493,-0.003503476339022488,0.0031381891298699256,0.225,False,False
58,null_metric,False,polynomial_ridge,999,26060905,78260905,estimated,-0.002312053659744493,-0.003232747165528925,0.0028578138149997602,0.225,False,False
58,null_metric,False,polynomial_ridge_interactions,99,26060905,78261914,estimated,-4.094764056111755e-05,-0.0008444245050000623,0.0011612304679264832,0.23,False,False
58,null_metric,False,polynomial_ridge_interactions,199,26060905,78261914,estimated,-4.094764056111755e-05,-0.0008119246796781902,0.0012022578474689182,0.23,False,False
58,null_metric,False,polynomial_ridge_interactions,499,26060905,78261914,estimated,-4.094764056111755e-05,-0.0008843769609635758,0.0012379904468541268,0.23,False,False
58,null_metric,False,polynomial_ridge_interactions,999,26060905,78261914,estimated,-4.094764056111755e-05,-0.0008799307604795507,0.0012764070065367178,0.23,False,False
59,clustered_null,False,polynomial_ridge,99,26160908,79290929,estimated,-0.007443122858463703,-0.016156796515287633,0.009945477313112835,0.5,False,False
59,clustered_null,False,polynomial_ridge,199,26160908,79290929,estimated,-0.007443122858463703,-0.017115975887911056,0.005937769705003073,0.5,False,False
59,clustered_null,False,polynomial_ridge,499,26160908,79290929,estimated,-0.007443122858463703,-0.020126615261667875,0.00663911107853798,0.5,False,False
59,clustered_null,False,polynomial_ridge,999,26160908,79290929,estimated,-0.007443122858463703,-0.01900532729848274,0.00673627700961748,0.5,False,False
59,clustered_null,False,polynomial_ridge_interactions,99,26160908,79291938,estimated,-0.0019051252742158173,-0.011564373342315614,0.00521938423399328,0.785,False,False
59,clustered_null,False,polynomial_ridge_interactions,199,26160908,79291938,estimated,-0.0019051252742158173,-0.012310381517062586,0.005113813442891701,0.785,False,False
59,clustered_null,False,polynomial_ridge_interactions,499,26160908,79291938,estimated,-0.0019051252742158173,-0.01329787748240495,0.004094361453271976,0.785,False,False
59,clustered_null,False,polynomial_ridge_interactions,999,26160908,79291938,estimated,-0.0019051252742158173,-0.015016788432011763,0.0053855455155072595,0.785,False,False
59,genuine_increment,True,polynomial_ridge,99,26160908,79300936,estimated,0.035216385510989295,0.026869683657923284,0.04390182116973168,0.005,True,True
59,genuine_increment,True,polynomial_ridge,199,26160908,79300936,estimated,0.035216385510989295,0.026597316480942546,0.04294047499513433,0.005,True,True
59,genuine_increment,True,polynomial_ridge,499,26160908,79300936,estimated,0.035216385510989295,0.02578703446691664,0.043739571640583876,0.005,True,True
59,genuine_increment,True,polynomial_ridge,999,26160908,79300936,estimated,0.035216385510989295,0.026361303533790983,0.044132006206511434,0.005,True,True
59,genuine_increment,True,polynomial_ridge_interactions,99,26160908,79301945,estimated,0.03462669577992228,0.024994103650698745,0.044391930379527766,0.005,True,True
59,genuine_increment,True,polynomial_ridge_interactions,199,26160908,79301945,estimated,0.03462669577992228,0.02573049561391085,0.042796933804947805,0.005,True,True
59,genuine_increment,True,polynomial_ridge_interactions,499,26160908,79301945,estimated,0.03462669577992228,0.02587888434852005,0.04330016167400871,0.005,True,True
59,genuine_increment,True,polynomial_ridge_interactions,999,26160908,79301945,estimated,0.03462669577992228,0.02556013382786488,0.04329822861870788,0.005,True,True
59,heteroskedastic_null,False,polynomial_ridge,99,26160908,79280922,estimated,-0.0006892034914589978,-0.0015275341643742198,0.0008535899682498823,0.195,False,False
59,heteroskedastic_null,False,polynomial_ridge,199,26160908,79280922,estimated,-0.0006892034914589978,-0.0018281338112918221,0.0007776275902947875,0.195,False,False
59,heteroskedastic_null,False,polynomial_ridge,499,26160908,79280922,estimated,-0.0006892034914589978,-0.0019011651966197914,0.0007590679682987611,0.195,False,False
59,heteroskedastic_null,False,polynomial_ridge,999,26160908,79280922,estimated,-0.0006892034914589978,-0.0017646359836362348,0.0008109597435174668,0.195,False,False
59,heteroskedastic_null,False,polynomial_ridge_interactions,99,26160908,79281931,estimated,-0.00024861741508763226,-0.0008024877439044841,0.0004356058191903716,0.475,False,False
59,heteroskedastic_null,False,polynomial_ridge_interactions,199,26160908,79281931,estimated,-0.00024861741508763226,-0.0009216740500117383,0.0004385795064655934,0.475,False,False
59,heteroskedastic_null,False,polynomial_ridge_interactions,499,26160908,79281931,estimated,-0.00024861741508763226,-0.0009011567875105331,0.0004412582668446604,0.475,False,False
59,heteroskedastic_null,False,polynomial_ridge_interactions,999,26160908,79281931,estimated,-0.00024861741508763226,-0.0009021980745455896,0.0004337829811748962,0.475,False,False
59,nonlinear_proxy,False,polynomial_ridge,99,26160908,79270915,estimated,4.548030339445938e-05,-0.0002661925147639561,0.0014994498760342908,0.005,False,False
59,nonlinear_proxy,False,polynomial_ridge,199,26160908,79270915,estimated,4.548030339445938e-05,-0.00018000928678258457,0.0016059002664165912,0.005,False,False
59,nonlinear_proxy,False,polynomial_ridge,499,26160908,79270915,estimated,4.548030339445938e-05,-0.00023008129243586291,0.0016635917127942352,0.005,False,False
59,nonlinear_proxy,False,polynomial_ridge,999,26160908,79270915,estimated,4.548030339445938e-05,-0.0002343714722900157,0.0016019361404495626,0.005,False,False
59,nonlinear_proxy,False,polynomial_ridge_interactions,99,26160908,79271924,estimated,0.0003116029048855721,3.642272785142303e-05,0.0012969808615863805,0.01,True,True
59,nonlinear_proxy,False,polynomial_ridge_interactions,199,26160908,79271924,estimated,0.0003116029048855721,7.9263369392676e-05,0.001544203329187709,0.01,True,True
59,nonlinear_proxy,False,polynomial_ridge_interactions,499,26160908,79271924,estimated,0.0003116029048855721,2.8392962395831178e-05,0.0016392759429673712,0.01,True,True
59,nonlinear_proxy,False,polynomial_ridge_interactions,999,26160908,79271924,estimated,0.0003116029048855721,3.22377967265939e-05,0.0015366155613058576,0.01,True,True
59,null_metric,False,polynomial_ridge,99,26160908,79260908,estimated,-0.0006240203647364245,-0.0013175978028261608,0.0028281716143649335,0.57,False,False
59,null_metric,False,polynomial_ridge,199,26160908,79260908,estimated,-0.0006240203647364245,-0.0012219021210069401,0.0028014544005991408,0.57,False,False
59,null_metric,False,polynomial_ridge,499,26160908,79260908,estimated,-0.0006240203647364245,-0.00167083318636498,0.0027910516756858455,0.57,False,False
59,null_metric,False,polynomial_ridge,999,26160908,79260908,estimated,-0.0006240203647364245,-0.0014553348109117743,0.00271755971041964,0.57,False,False
59,null_metric,False,polynomial_ridge_interactions,99,26160908,79261917,estimated,-0.00027405907531235715,-0.0006416063602728324,0.0005605017638182941,0.445,False,False
59,null_metric,False,polynomial_ridge_interactions,199,26160908,79261917,estimated,-0.00027405907531235715,-0.0008281433797266851,0.00041821000204147004,0.445,False,False
59,null_metric,False,polynomial_ridge_interactions,499,26160908,79261917,estimated,-0.00027405907531235715,-0.0008342176569360983,0.0004399805050770255,0.445,False,False
59,null_metric,False,polynomial_ridge_interactions,999,26160908,79261917,estimated,-0.00027405907531235715,-0.0008530799756938604,0.0004552090060991506,0.445,False,False
60,clustered_null,False,polynomial_ridge,99,26260911,80290932,estimated,0.003081249832207915,-0.013817562700857927,0.016832388537695236,0.14,False,False
60,clustered_null,False,polynomial_ridge,199,26260911,80290932,estimated,0.003081249832207915,-0.008041933770696605,0.015278899416747182,0.14,False,False
60,clustered_null,False,polynomial_ridge,499,26260911,80290932,estimated,0.003081249832207915,-0.01355816441850984,0.015801573765893757,0.14,False,False
60,clustered_null,False,polynomial_ridge,999,26260911,80290932,estimated,0.003081249832207915,-0.01518336549826032,0.015075049906509251,0.14,False,False
60,clustered_null,False,polynomial_ridge_interactions,99,26260911,80291941,estimated,-0.0010600761956000258,-0.010086952397841086,0.01057286298801526,0.21,False,False
60,clustered_null,False,polynomial_ridge_interactions,199,26260911,80291941,estimated,-0.0010600761956000258,-0.008651724284242029,0.010782262231975048,0.21,False,False
60,clustered_null,False,polynomial_ridge_interactions,499,26260911,80291941,estimated,-0.0010600761956000258,-0.010723707531813953,0.009959258214012489,0.21,False,False
60,clustered_null,False,polynomial_ridge_interactions,999,26260911,80291941,estimated,-0.0010600761956000258,-0.011372705506553228,0.008854717959808158,0.21,False,False
60,genuine_increment,True,polynomial_ridge,99,26260911,80300939,estimated,0.040959216041299804,0.02823292352260252,0.049608061561624596,0.005,True,True
60,genuine_increment,True,polynomial_ridge,199,26260911,80300939,estimated,0.040959216041299804,0.02811263562468798,0.049448550573932465,0.005,True,True
60,genuine_increment,True,polynomial_ridge,499,26260911,80300939,estimated,0.040959216041299804,0.02937706287186636,0.04959659177492124,0.005,True,True
60,genuine_increment,True,polynomial_ridge,999,26260911,80300939,estimated,0.040959216041299804,0.02986124872354904,0.05150855097875706,0.005,True,True
60,genuine_increment,True,polynomial_ridge_interactions,99,26260911,80301948,estimated,0.042588324846620784,0.029851378807649615,0.0504751245471194,0.005,True,True
60,genuine_increment,True,polynomial_ridge_interactions,199,26260911,80301948,estimated,0.042588324846620784,0.029615251789517544,0.05051421440744424,0.005,True,True
60,genuine_increment,True,polynomial_ridge_interactions,499,26260911,80301948,estimated,0.042588324846620784,0.028806399606716906,0.05130216404955756,0.005,True,True
60,genuine_increment,True,polynomial_ridge_interactions,999,26260911,80301948,estimated,0.042588324846620784,0.029167222755294642,0.05088266136198871,0.005,True,True
60,heteroskedastic_null,False,polynomial_ridge,99,26260911,80280925,estimated,-0.0007513957666951381,-0.002074932901733995,0.0007111786588266292,0.5,False,False
60,heteroskedastic_null,False,polynomial_ridge,199,26260911,80280925,estimated,-0.0007513957666951381,-0.0018885204247274503,0.000733333262689104,0.5,False,False
60,heteroskedastic_null,False,polynomial_ridge,499,26260911,80280925,estimated,-0.0007513957666951381,-0.0017579796563370836,0.000642340121202926,0.5,False,False
60,heteroskedastic_null,False,polynomial_ridge,999,26260911,80280925,estimated,-0.0007513957666951381,-0.0016913767698339224,0.000692367798684095,0.5,False,False
60,heteroskedastic_null,False,polynomial_ridge_interactions,99,26260911,80281934,estimated,-0.0001781160545435475,-0.000847881971078253,0.0005129317145879096,0.1,False,False
60,heteroskedastic_null,False,polynomial_ridge_interactions,199,26260911,80281934,estimated,-0.0001781160545435475,-0.0008463030203925357,0.0004985510190996245,0.1,False,False
60,heteroskedastic_null,False,polynomial_ridge_interactions,499,26260911,80281934,estimated,-0.0001781160545435475,-0.000894752485148691,0.0005428257188040671,0.1,False,False
60,heteroskedastic_null,False,polynomial_ridge_interactions,999,26260911,80281934,estimated,-0.0001781160545435475,-0.0009229375624309114,0.0005158632763068467,0.1,False,False
60,nonlinear_proxy,False,polynomial_ridge,99,26260911,80270918,estimated,-2.2130536299699508e-05,-0.0006590862957739372,0.0014459795148029525,0.005,False,False
60,nonlinear_proxy,False,polynomial_ridge,199,26260911,80270918,estimated,-2.2130536299699508e-05,-0.0006220651495259114,0.0015854043149107608,0.005,False,False
60,nonlinear_proxy,False,polynomial_ridge,499,26260911,80270918,estimated,-2.2130536299699508e-05,-0.0006517712881251402,0.0015859405543877593,0.005,False,False
60,nonlinear_proxy,False,polynomial_ridge,999,26260911,80270918,estimated,-2.2130536299699508e-05,-0.0006245035826817157,0.0016106859056075832,0.005,False,False
60,nonlinear_proxy,False,polynomial_ridge_interactions,99,26260911,80271927,estimated,-0.00020626910004904568,-0.0005394316464874883,0.0010286046966295136,0.13,False,False
60,nonlinear_proxy,False,polynomial_ridge_interactions,199,26260911,80271927,estimated,-0.00020626910004904568,-0.0005208851564825747,0.0009694474547072775,0.13,False,False
60,nonlinear_proxy,False,polynomial_ridge_interactions,499,26260911,80271927,estimated,-0.00020626910004904568,-0.0004941525812544508,0.0008563136952870853,0.13,False,False
60,nonlinear_proxy,False,polynomial_ridge_interactions,999,26260911,80271927,estimated,-0.00020626910004904568,-0.0005206352580579439,0.0008591471984096409,0.13,False,False
60,null_metric,False,polynomial_ridge,99,26260911,80260911,estimated,-0.0009797919482442581,-0.0022148479687733747,0.0008415539564159008,0.98,False,False
60,null_metric,False,polynomial_ridge,199,26260911,80260911,estimated,-0.0009797919482442581,-0.0022465912081604186,0.0008320750434620351,0.98,False,False
60,null_metric,False,polynomial_ridge,499,26260911,80260911,estimated,-0.0009797919482442581,-0.0022606882946706597,0.001168972847249566,0.98,False,False
60,null_metric,False,polynomial_ridge,999,26260911,80260911,estimated,-0.0009797919482442581,-0.0022893807116819826,0.0011617903291296114,0.98,False,False
60,null_metric,False,polynomial_ridge_interactions,99,26260911,80261920,estimated,-0.00023580606039281735,-0.0006300753058204414,0.0006447886078971252,0.705,False,False
60,null_metric,False,polynomial_ridge_interactions,199,26260911,80261920,estimated,-0.00023580606039281735,-0.0007344057458608247,0.0005424576684425432,0.705,False,False
60,null_metric,False,polynomial_ridge_interactions,499,26260911,80261920,estimated,-0.00023580606039281735,-0.0007484949047048609,0.0005413688277452692,0.705,False,False
60,null_metric,False,polynomial_ridge_interactions,999,26260911,80261920,estimated,-0.00023580606039281735,-0.0007462633158005968,0.000541860537506505,0.705,False,False
61,clustered_null,False,polynomial_ridge,99,26360914,81290935,estimated,-0.0035365055457947346,-0.004209217801368015,0.004569275087712611,0.12,False,False
61,clustered_null,False,polynomial_ridge,199,26360914,81290935,estimated,-0.0035365055457947346,-0.0060591853003597335,0.00565682807413946,0.12,False,False
61,clustered_null,False,polynomial_ridge,499,26360914,81290935,estimated,-0.0035365055457947346,-0.006778178445762982,0.006624864387742399,0.12,False,False
61,clustered_null,False,polynomial_ridge,999,26360914,81290935,estimated,-0.0035365055457947346,-0.008523424010951595,0.007577102672174695,0.12,False,False
61,clustered_null,False,polynomial_ridge_interactions,99,26360914,81291944,estimated,-0.0009570206506883082,-0.005848946561261074,0.0075769558513495636,0.45,False,False
61,clustered_null,False,polynomial_ridge_interactions,199,26360914,81291944,estimated,-0.0009570206506883082,-0.004678521966980104,0.006604624442917301,0.45,False,False
61,clustered_null,False,polynomial_ridge_interactions,499,26360914,81291944,estimated,-0.0009570206506883082,-0.004886863638852633,0.006826642680220184,0.45,False,False
61,clustered_null,False,polynomial_ridge_interactions,999,26360914,81291944,estimated,-0.0009570206506883082,-0.006215079645817961,0.0059076735636397594,0.45,False,False
61,genuine_increment,True,polynomial_ridge,99,26360914,81300942,estimated,0.043560951453585975,0.03512076428914787,0.05114745227501663,0.005,True,True
61,genuine_increment,True,polynomial_ridge,199,26360914,81300942,estimated,0.043560951453585975,0.03514221374484997,0.05161720335574271,0.005,True,True
61,genuine_increment,True,polynomial_ridge,499,26360914,81300942,estimated,0.043560951453585975,0.034496439113375216,0.05068499275397883,0.005,True,True
61,genuine_increment,True,polynomial_ridge,999,26360914,81300942,estimated,0.043560951453585975,0.03421538432149871,0.050403123859472425,0.005,True,True
61,genuine_increment,True,polynomial_ridge_interactions,99,26360914,81301951,estimated,0.04309933228656613,0.03285095450961206,0.048456467694357144,0.005,True,True
61,genuine_increment,True,polynomial_ridge_interactions,199,26360914,81301951,estimated,0.04309933228656613,0.03317547530562983,0.04870108994963495,0.005,True,True
61,genuine_increment,True,polynomial_ridge_interactions,499,26360914,81301951,estimated,0.04309933228656613,0.03319873151753815,0.0497221246661359,0.005,True,True
61,genuine_increment,True,polynomial_ridge_interactions,999,26360914,81301951,estimated,0.04309933228656613,0.033408242055576506,0.05010728718728498,0.005,True,True
61,heteroskedastic_null,False,polynomial_ridge,99,26360914,81280928,estimated,-0.0008384670261973749,-0.0016416274607198504,0.0012942466047624684,0.035,False,False
61,heteroskedastic_null,False,polynomial_ridge,199,26360914,81280928,estimated,-0.0008384670261973749,-0.001838820160839473,0.0013163282774050476,0.035,False,False
61,heteroskedastic_null,False,polynomial_ridge,499,26360914,81280928,estimated,-0.0008384670261973749,-0.0018667319458705181,0.0013167369984030193,0.035,False,False
61,heteroskedastic_null,False,polynomial_ridge,999,26360914,81280928,estimated,-0.0008384670261973749,-0.0019000580738721394,0.001275724318389932,0.035,False,False
61,heteroskedastic_null,False,polynomial_ridge_interactions,99,26360914,81281937,estimated,-0.0003032222860533812,-0.000777584295986931,0.0004105100623231491,0.045,False,False
61,heteroskedastic_null,False,polynomial_ridge_interactions,199,26360914,81281937,estimated,-0.0003032222860533812,-0.0007519092132770934,0.0004847963579864481,0.045,False,False
61,heteroskedastic_null,False,polynomial_ridge_interactions,499,26360914,81281937,estimated,-0.0003032222860533812,-0.0008055220994367908,0.00041051006232314924,0.045,False,False
61,heteroskedastic_null,False,polynomial_ridge_interactions,999,26360914,81281937,estimated,-0.0003032222860533812,-0.0007867181996109752,0.0004464962297367162,0.045,False,False
61,nonlinear_proxy,False,polynomial_ridge,99,26360914,81270921,estimated,0.000124508017694357,-0.00036992416179041493,0.0012885314649785816,0.115,False,False
61,nonlinear_proxy,False,polynomial_ridge,199,26360914,81270921,estimated,0.000124508017694357,-0.0003504651309906781,0.0014378189024972796,0.115,False,False
61,nonlinear_proxy,False,polynomial_ridge,499,26360914,81270921,estimated,0.000124508017694357,-0.0003923936320386575,0.001460290777908204,0.115,False,False
61,nonlinear_proxy,False,polynomial_ridge,999,26360914,81270921,estimated,0.000124508017694357,-0.0004420109021367045,0.0014113770541114064,0.115,False,False
61,nonlinear_proxy,False,polynomial_ridge_interactions,99,26360914,81271930,estimated,0.00013811349076695446,-0.0002497084984008728,0.0009609525422730488,0.135,False,False
61,nonlinear_proxy,False,polynomial_ridge_interactions,199,26360914,81271930,estimated,0.00013811349076695446,-0.0002562892363372894,0.0012971982901055295,0.135,False,False
61,nonlinear_proxy,False,polynomial_ridge_interactions,499,26360914,81271930,estimated,0.00013811349076695446,-0.0002256560556154494,0.0012310173071717859,0.135,False,False
61,nonlinear_proxy,False,polynomial_ridge_interactions,999,26360914,81271930,estimated,0.00013811349076695446,-0.00021204440192955295,0.0012901684705628894,0.135,False,False
61,null_metric,False,polynomial_ridge,99,26360914,81260914,estimated,-0.0009062057831133417,-0.001307979058127063,0.00221198076381199,0.18,False,False
61,null_metric,False,polynomial_ridge,199,26360914,81260914,estimated,-0.0009062057831133417,-0.0013183032882523088,0.0034070018169460956,0.18,False,False
61,null_metric,False,polynomial_ridge,499,26360914,81260914,estimated,-0.0009062057831133417,-0.0011621555060251365,0.0028547694029002306,0.18,False,False
61,null_metric,False,polynomial_ridge,999,26360914,81260914,estimated,-0.0009062057831133417,-0.001267586668392287,0.0027803063917778456,0.18,False,False
61,null_metric,False,polynomial_ridge_interactions,99,26360914,81261923,estimated,0.0008794911761871617,-0.0009483107714169497,0.002341675583841093,0.115,False,False
61,null_metric,False,polynomial_ridge_interactions,199,26360914,81261923,estimated,0.0008794911761871617,-0.0005375486587529428,0.0022348000183983856,0.115,False,False
61,null_metric,False,polynomial_ridge_interactions,499,26360914,81261923,estimated,0.0008794911761871617,-0.0006334392166890577,0.0022731531135287532,0.115,False,False
61,null_metric,False,polynomial_ridge_interactions,999,26360914,81261923,estimated,0.0008794911761871617,-0.0006510844012479452,0.002172950067861259,0.115,False,False
62,clustered_null,False,polynomial_ridge,99,26460917,82290938,estimated,-0.004412363803932045,-0.015358840672809402,0.0076177381157182976,0.28,False,False
62,clustered_null,False,polynomial_ridge,199,26460917,82290938,estimated,-0.004412363803932045,-0.016616331671459518,0.008168551333835669,0.28,False,False
62,clustered_null,False,polynomial_ridge,499,26460917,82290938,estimated,-0.004412363803932045,-0.013752184509159483,0.01246475911229465,0.28,False,False
62,clustered_null,False,polynomial_ridge,999,26460917,82290938,estimated,-0.004412363803932045,-0.015029445953171796,0.012209515661746448,0.28,False,False
62,clustered_null,False,polynomial_ridge_interactions,99,26460917,82291947,estimated,-0.0012613565191590265,-0.01140330755299719,0.005821968354689614,0.48,False,False
62,clustered_null,False,polynomial_ridge_interactions,199,26460917,82291947,estimated,-0.0012613565191590265,-0.012650490727860031,0.005696746171584986,0.48,False,False
62,clustered_null,False,polynomial_ridge_interactions,499,26460917,82291947,estimated,-0.0012613565191590265,-0.012850493311478244,0.006141529709517635,0.48,False,False
62,clustered_null,False,polynomial_ridge_interactions,999,26460917,82291947,estimated,-0.0012613565191590265,-0.012254024064133829,0.005953473900395928,0.48,False,False
62,genuine_increment,True,polynomial_ridge,99,26460917,82300945,estimated,0.03215048529190674,0.024966211857786937,0.04128094758201289,0.005,True,True
62,genuine_increment,True,polynomial_ridge,199,26460917,82300945,estimated,0.03215048529190674,0.024435269393495492,0.04155684671276497,0.005,True,True
62,genuine_increment,True,polynomial_ridge,499,26460917,82300945,estimated,0.03215048529190674,0.024277820685403427,0.04128094758201289,0.005,True,True
62,genuine_increment,True,polynomial_ridge,999,26460917,82300945,estimated,0.03215048529190674,0.024405997388943716,0.041478099473243095,0.005,True,True
62,genuine_increment,True,polynomial_ridge_interactions,99,26460917,82301954,estimated,0.03214638557221435,0.023098246631290877,0.03961868055152038,0.005,True,True
62,genuine_increment,True,polynomial_ridge_interactions,199,26460917,82301954,estimated,0.03214638557221435,0.023263268913245178,0.03979602814142469,0.005,True,True
62,genuine_increment,True,polynomial_ridge_interactions,499,26460917,82301954,estimated,0.03214638557221435,0.023422509951684364,0.041654937731513124,0.005,True,True
62,genuine_increment,True,polynomial_ridge_interactions,999,26460917,82301954,estimated,0.03214638557221435,0.023010695680863683,0.041267252488071476,0.005,True,True
62,heteroskedastic_null,False,polynomial_ridge,99,26460917,82280931,estimated,-0.00035142136421009544,-0.0010086915571770937,0.0006178471036678024,0.64,False,False
62,heteroskedastic_null,False,polynomial_ridge,199,26460917,82280931,estimated,-0.00035142136421009544,-0.0009494119622942533,0.0006966309828368791,0.64,False,False
62,heteroskedastic_null,False,polynomial_ridge,499,26460917,82280931,estimated,-0.00035142136421009544,-0.0009410088535405922,0.0006863355094786302,0.64,False,False
62,heteroskedastic_null,False,polynomial_ridge,999,26460917,82280931,estimated,-0.00035142136421009544,-0.0010011195218525522,0.0006835629178000992,0.64,False,False
62,heteroskedastic_null,False,polynomial_ridge_interactions,99,26460917,82281940,estimated,-0.00012029362377709643,-0.00031178981171130877,0.0002482641365398079,0.8,False,False
62,heteroskedastic_null,False,polynomial_ridge_interactions,199,26460917,82281940,estimated,-0.00012029362377709643,-0.00035892137893471304,0.0002485271871066268,0.8,False,False
62,heteroskedastic_null,False,polynomial_ridge_interactions,499,26460917,82281940,estimated,-0.00012029362377709643,-0.00038149514302007867,0.00023794282698937465,0.8,False,False
62,heteroskedastic_null,False,polynomial_ridge_interactions,999,26460917,82281940,estimated,-0.00012029362377709643,-0.0003809963328105058,0.00022028983544766356,0.8,False,False
62,nonlinear_proxy,False,polynomial_ridge,99,26460917,82270924,estimated,-0.0008092977043676793,-0.0005065877421467952,0.0017746452987354468,0.59,False,False
62,nonlinear_proxy,False,polynomial_ridge,199,26460917,82270924,estimated,-0.0008092977043676793,-0.0006334000408918257,0.001993131414492766,0.59,False,False
62,nonlinear_proxy,False,polynomial_ridge,499,26460917,82270924,estimated,-0.0008092977043676793,-0.0006117821199947688,0.0017682227326502836,0.59,False,False
62,nonlinear_proxy,False,polynomial_ridge,999,26460917,82270924,estimated,-0.0008092977043676793,-0.0006477398635812007,0.0019111310674684394,0.59,False,False
62,nonlinear_proxy,False,polynomial_ridge_interactions,99,26460917,82271933,estimated,-4.7330503295354986e-05,-0.00012644780397754856,0.0020542745020715324,0.55,False,False
62,nonlinear_proxy,False,polynomial_ridge_interactions,199,26460917,82271933,estimated,-4.7330503295354986e-05,-0.0001614325518325452,0.0020615350144186527,0.55,False,False
62,nonlinear_proxy,False,polynomial_ridge_interactions,499,26460917,82271933,estimated,-4.7330503295354986e-05,-0.0002010495713060637,0.001878263749466682,0.55,False,False
62,nonlinear_proxy,False,polynomial_ridge_interactions,999,26460917,82271933,estimated,-4.7330503295354986e-05,-0.000203479199078925,0.0018736931909830723,0.55,False,False
62,null_metric,False,polynomial_ridge,99,26460917,82260917,estimated,-0.0024909049777319427,-0.002489630463338237,0.0012244131277122396,0.345,False,False
62,null_metric,False,polynomial_ridge,199,26460917,82260917,estimated,-0.0024909049777319427,-0.0028149704611392878,0.001106400042845463,0.345,False,False
62,null_metric,False,polynomial_ridge,499,26460917,82260917,estimated,-0.0024909049777319427,-0.0025953755226247473,0.0011590907199820809,0.345,False,False
62,null_metric,False,polynomial_ridge,999,26460917,82260917,estimated,-0.0024909049777319427,-0.002598003839199043,0.001151576842182694,0.345,False,False
62,null_metric,False,polynomial_ridge_interactions,99,26460917,82261926,estimated,-0.000482892771353053,-0.0009034462970529177,0.0007636881894410653,0.275,False,False
62,null_metric,False,polynomial_ridge_interactions,199,26460917,82261926,estimated,-0.000482892771353053,-0.000966534657640036,0.0007055515829610987,0.275,False,False
62,null_metric,False,polynomial_ridge_interactions,499,26460917,82261926,estimated,-0.000482892771353053,-0.0011185732435268368,0.0006583510506346316,0.275,False,False
62,null_metric,False,polynomial_ridge_interactions,999,26460917,82261926,estimated,-0.000482892771353053,-0.0010505986291868255,0.0006998336555302051,0.275,False,False
63,clustered_null,False,polynomial_ridge,99,26560920,83290941,estimated,-0.004272441451928434,-0.01881921090888225,0.0056309812609248696,0.51,False,False
63,clustered_null,False,polynomial_ridge,199,26560920,83290941,estimated,-0.004272441451928434,-0.020474576765191686,0.005644848761068748,0.51,False,False
63,clustered_null,False,polynomial_ridge,499,26560920,83290941,estimated,-0.004272441451928434,-0.020990256089520504,0.006333660912401101,0.51,False,False
63,clustered_null,False,polynomial_ridge,999,26560920,83290941,estimated,-0.004272441451928434,-0.021026557771646776,0.00933197201588365,0.51,False,False
63,clustered_null,False,polynomial_ridge_interactions,99,26560920,83291950,estimated,-0.00158554146392402,-0.009932883049523762,0.0034898320073348406,0.775,False,False
63,clustered_null,False,polynomial_ridge_interactions,199,26560920,83291950,estimated,-0.00158554146392402,-0.008520885042954856,0.0032064999188621407,0.775,False,False
63,clustered_null,False,polynomial_ridge_interactions,499,26560920,83291950,estimated,-0.00158554146392402,-0.009449007140269652,0.004483441367560747,0.775,False,False
63,clustered_null,False,polynomial_ridge_interactions,999,26560920,83291950,estimated,-0.00158554146392402,-0.010306628423210704,0.00535933252044879,0.775,False,False
63,genuine_increment,True,polynomial_ridge,99,26560920,83300948,estimated,0.04047245961510791,0.028816677299622288,0.052973926520006216,0.005,True,True
63,genuine_increment,True,polynomial_ridge,199,26560920,83300948,estimated,0.04047245961510791,0.030912444187469364,0.054268367019897165,0.005,True,True
63,genuine_increment,True,polynomial_ridge,499,26560920,83300948,estimated,0.04047245961510791,0.03063198747803488,0.05436291884700576,0.005,True,True
63,genuine_increment,True,polynomial_ridge,999,26560920,83300948,estimated,0.04047245961510791,0.03055920150516613,0.0542310777264781,0.005,True,True
63,genuine_increment,True,polynomial_ridge_interactions,99,26560920,83301957,estimated,0.0415957003709007,0.029728267939989627,0.050003726450052646,0.005,True,True
63,genuine_increment,True,polynomial_ridge_interactions,199,26560920,83301957,estimated,0.0415957003709007,0.02949261986960892,0.05085714109440639,0.005,True,True
63,genuine_increment,True,polynomial_ridge_interactions,499,26560920,83301957,estimated,0.0415957003709007,0.028192632080044865,0.050741593331050605,0.005,True,True
63,genuine_increment,True,polynomial_ridge_interactions,999,26560920,83301957,estimated,0.0415957003709007,0.028483583387481134,0.05123120664342012,0.005,True,True
63,heteroskedastic_null,False,polynomial_ridge,99,26560920,83280934,estimated,-0.0011605906593609404,-0.0011965742476101682,0.0006518310079461254,0.405,False,False
63,heteroskedastic_null,False,polynomial_ridge,199,26560920,83280934,estimated,-0.0011605906593609404,-0.0012947215390935525,0.0006317098014988146,0.405,False,False
63,heteroskedastic_null,False,polynomial_ridge,499,26560920,83280934,estimated,-0.0011605906593609404,-0.0011959252174400786,0.000713443807462513,0.405,False,False
63,heteroskedastic_null,False,polynomial_ridge,999,26560920,83280934,estimated,-0.0011605906593609404,-0.0012091992550774106,0.0007272340216613524,0.405,False,False
63,heteroskedastic_null,False,polynomial_ridge_interactions,99,26560920,83281943,estimated,-0.00017090606837900923,-0.000586920534584507,0.00031333514936581755,0.25,False,False
63,heteroskedastic_null,False,polynomial_ridge_interactions,199,26560920,83281943,estimated,-0.00017090606837900923,-0.0004959464837170043,0.00031682937478185873,0.25,False,False
63,heteroskedastic_null,False,polynomial_ridge_interactions,499,26560920,83281943,estimated,-0.00017090606837900923,-0.000530909038197223,0.0003073484652941477,0.25,False,False
63,heteroskedastic_null,False,polynomial_ridge_interactions,999,26560920,83281943,estimated,-0.00017090606837900923,-0.0006393222506825662,0.00032090230667967316,0.25,False,False
63,nonlinear_proxy,False,polynomial_ridge,99,26560920,83270927,estimated,-0.0007068005258353645,-0.0006516752655062087,0.002231468691389008,0.525,False,False
63,nonlinear_proxy,False,polynomial_ridge,199,26560920,83270927,estimated,-0.0007068005258353645,-0.0006777314388833974,0.002145528641933607,0.525,False,False
63,nonlinear_proxy,False,polynomial_ridge,499,26560920,83270927,estimated,-0.0007068005258353645,-0.0006957865311287075,0.002133762671920037,0.525,False,False
63,nonlinear_proxy,False,polynomial_ridge,999,26560920,83270927,estimated,-0.0007068005258353645,-0.0007126567027494986,0.0018763081697519455,0.525,False,False
63,nonlinear_proxy,False,polynomial_ridge_interactions,99,26560920,83271936,estimated,-2.0967075622197948e-05,-0.000550390567003537,0.000637619404373695,0.485,False,False
63,nonlinear_proxy,False,polynomial_ridge_interactions,199,26560920,83271936,estimated,-2.0967075622197948e-05,-0.00048370161526149833,0.0006941891093078541,0.485,False,False
63,nonlinear_proxy,False,polynomial_ridge_interactions,499,26560920,83271936,estimated,-2.0967075622197948e-05,-0.0003798107802660098,0.0007142765829569208,0.485,False,False
63,nonlinear_proxy,False,polynomial_ridge_interactions,999,26560920,83271936,estimated,-2.0967075622197948e-05,-0.00042450116594774153,0.0007383044436564381,0.485,False,False
63,null_metric,False,polynomial_ridge,99,26560920,83260920,estimated,-0.001266782189019447,-0.0024915609641400684,0.0033259277762634717,0.705,False,False
63,null_metric,False,polynomial_ridge,199,26560920,83260920,estimated,-0.001266782189019447,-0.0025075794987564812,0.003446283630088744,0.705,False,False
63,null_metric,False,polynomial_ridge,499,26560920,83260920,estimated,-0.001266782189019447,-0.0023299953830833277,0.0037327387138921812,0.705,False,False
63,null_metric,False,polynomial_ridge,999,26560920,83260920,estimated,-0.001266782189019447,-0.0023343732068716746,0.003636678283643304,0.705,False,False
63,null_metric,False,polynomial_ridge_interactions,99,26560920,83261929,estimated,-0.0006144297797130507,-0.001332968342503323,0.0010993854438636663,0.7,False,False
63,null_metric,False,polynomial_ridge_interactions,199,26560920,83261929,estimated,-0.0006144297797130507,-0.0013753339788692242,0.0010341827864161057,0.7,False,False
63,null_metric,False,polynomial_ridge_interactions,499,26560920,83261929,estimated,-0.0006144297797130507,-0.0013613052314426744,0.0009178988890467001,0.7,False,False
63,null_metric,False,polynomial_ridge_interactions,999,26560920,83261929,estimated,-0.0006144297797130507,-0.0013070597869039744,0.000893879374445399,0.7,False,False
64,clustered_null,False,polynomial_ridge,99,26660923,84290944,estimated,-0.003948202144491174,-0.011560201046585396,0.008298407647509538,0.83,False,False
64,clustered_null,False,polynomial_ridge,199,26660923,84290944,estimated,-0.003948202144491174,-0.013392480096889436,0.010568477812538064,0.83,False,False
64,clustered_null,False,polynomial_ridge,499,26660923,84290944,estimated,-0.003948202144491174,-0.013938673616824495,0.01266256603257987,0.83,False,False
64,clustered_null,False,polynomial_ridge,999,26660923,84290944,estimated,-0.003948202144491174,-0.017208614215882632,0.012205383334919336,0.83,False,False
64,clustered_null,False,polynomial_ridge_interactions,99,26660923,84291953,estimated,-0.004851545571884698,-0.011962508267354495,0.006413338919106694,0.86,False,False
64,clustered_null,False,polynomial_ridge_interactions,199,26660923,84291953,estimated,-0.004851545571884698,-0.011528692454461404,0.00672874880551547,0.86,False,False
64,clustered_null,False,polynomial_ridge_interactions,499,26660923,84291953,estimated,-0.004851545571884698,-0.013873387588241914,0.006794149293632012,0.86,False,False
64,clustered_null,False,polynomial_ridge_interactions,999,26660923,84291953,estimated,-0.004851545571884698,-0.013305555328190713,0.007565089758338584,0.86,False,False
64,genuine_increment,True,polynomial_ridge,99,26660923,84300951,estimated,0.025472375363532904,0.016610786090845785,0.03495150152912617,0.005,True,True
64,genuine_increment,True,polynomial_ridge,199,26660923,84300951,estimated,0.025472375363532904,0.016783222606533255,0.033748361681947565,0.005,True,True
64,genuine_increment,True,polynomial_ridge,499,26660923,84300951,estimated,0.025472375363532904,0.01647041548091608,0.03520755910211778,0.005,True,True
64,genuine_increment,True,polynomial_ridge,999,26660923,84300951,estimated,0.025472375363532904,0.016428391169678088,0.035630796208751724,0.005,True,True
64,genuine_increment,True,polynomial_ridge_interactions,99,26660923,84301960,estimated,0.02482527082247045,0.015050053813388331,0.03395582937367116,0.01,True,True
64,genuine_increment,True,polynomial_ridge_interactions,199,26660923,84301960,estimated,0.02482527082247045,0.015108881482704109,0.03387305586667545,0.01,True,True
64,genuine_increment,True,polynomial_ridge_interactions,499,26660923,84301960,estimated,0.02482527082247045,0.01524076434208936,0.03450387845421019,0.01,True,True
64,genuine_increment,True,polynomial_ridge_interactions,999,26660923,84301960,estimated,0.02482527082247045,0.014886050771175116,0.03431154639646455,0.01,True,True
64,heteroskedastic_null,False,polynomial_ridge,99,26660923,84280937,estimated,-0.0008564687340433409,-0.0010691328806381876,0.0011421911042977036,0.28,False,False
64,heteroskedastic_null,False,polynomial_ridge,199,26660923,84280937,estimated,-0.0008564687340433409,-0.0011987711151930677,0.0011576468576191292,0.28,False,False
64,heteroskedastic_null,False,polynomial_ridge,499,26660923,84280937,estimated,-0.0008564687340433409,-0.0010845708198504004,0.0011480479773025016,0.28,False,False
64,heteroskedastic_null,False,polynomial_ridge,999,26660923,84280937,estimated,-0.0008564687340433409,-0.0010560630790916405,0.001077943317627892,0.28,False,False
64,heteroskedastic_null,False,polynomial_ridge_interactions,99,26660923,84281946,estimated,-0.0005746829225065546,-0.0004945890900326079,0.0011220262833670927,0.19,False,False
64,heteroskedastic_null,False,polynomial_ridge_interactions,199,26660923,84281946,estimated,-0.0005746829225065546,-0.000554925114996082,0.0007911521265073811,0.19,False,False
64,heteroskedastic_null,False,polynomial_ridge_interactions,499,26660923,84281946,estimated,-0.0005746829225065546,-0.0006487493500359333,0.0008818395497774618,0.19,False,False
64,heteroskedastic_null,False,polynomial_ridge_interactions,999,26660923,84281946,estimated,-0.0005746829225065546,-0.0006434820600035612,0.0009671423901471544,0.19,False,False
64,nonlinear_proxy,False,polynomial_ridge,99,26660923,84270930,estimated,-0.00024965221515239194,-0.0005354438542211604,0.0017365296167160325,0.41,False,False
64,nonlinear_proxy,False,polynomial_ridge,199,26660923,84270930,estimated,-0.00024965221515239194,-0.0005337431478470711,0.0014409062656510097,0.41,False,False
64,nonlinear_proxy,False,polynomial_ridge,499,26660923,84270930,estimated,-0.00024965221515239194,-0.0006105147784472294,0.0014125244209990478,0.41,False,False
64,nonlinear_proxy,False,polynomial_ridge,999,26660923,84270930,estimated,-0.00024965221515239194,-0.0007169298841222092,0.001316921492656823,0.41,False,False
64,nonlinear_proxy,False,polynomial_ridge_interactions,99,26660923,84271939,estimated,-3.543275143564565e-05,-0.0005527756819651363,0.001245492279442566,0.53,False,False
64,nonlinear_proxy,False,polynomial_ridge_interactions,199,26660923,84271939,estimated,-3.543275143564565e-05,-0.0005932528255249213,0.0011433476712690226,0.53,False,False
64,nonlinear_proxy,False,polynomial_ridge_interactions,499,26660923,84271939,estimated,-3.543275143564565e-05,-0.0006446267396158477,0.001085160579004954,0.53,False,False
64,nonlinear_proxy,False,polynomial_ridge_interactions,999,26660923,84271939,estimated,-3.543275143564565e-05,-0.0006348639795124768,0.0010125456055949636,0.53,False,False
64,null_metric,False,polynomial_ridge,99,26660923,84260923,estimated,-0.000867663082729269,-0.0025874693241353,0.002395631283026336,0.375,False,False
64,null_metric,False,polynomial_ridge,199,26660923,84260923,estimated,-0.000867663082729269,-0.0027387068096932066,0.0029179434924135705,0.375,False,False
64,null_metric,False,polynomial_ridge,499,26660923,84260923,estimated,-0.000867663082729269,-0.0025873546760838066,0.0029036807228650786,0.375,False,False
64,null_metric,False,polynomial_ridge,999,26660923,84260923,estimated,-0.000867663082729269,-0.002744661560207498,0.0030598160701907546,0.375,False,False
64,null_metric,False,polynomial_ridge_interactions,99,26660923,84261932,estimated,-0.001333294161144534,-0.0016418622212379086,0.0011199560594645662,0.985,False,False
64,null_metric,False,polynomial_ridge_interactions,199,26660923,84261932,estimated,-0.001333294161144534,-0.0017962589309689163,0.0009466750018857879,0.985,False,False
64,null_metric,False,polynomial_ridge_interactions,499,26660923,84261932,estimated,-0.001333294161144534,-0.0018207911156599677,0.0009342400172613396,0.985,False,False
64,null_metric,False,polynomial_ridge_interactions,999,26660923,84261932,estimated,-0.001333294161144534,-0.0018102952371242293,0.00086126560558489,0.985,False,False
65,clustered_null,False,polynomial_ridge,99,26760926,85290947,estimated,0.000594699966170481,-0.01994024433316086,0.0247472134722566,0.36,False,False
65,clustered_null,False,polynomial_ridge,199,26760926,85290947,estimated,0.000594699966170481,-0.02019018074238198,0.015406012423628341,0.36,False,False
65,clustered_null,False,polynomial_ridge,499,26760926,85290947,estimated,0.000594699966170481,-0.01994024433316086,0.02467260540060845,0.36,False,False
65,clustered_null,False,polynomial_ridge,999,26760926,85290947,estimated,0.000594699966170481,-0.018042698561931032,0.02341234066083833,0.36,False,False
65,clustered_null,False,polynomial_ridge_interactions,99,26760926,85291956,estimated,-0.001458834329712319,-0.017981747107805972,0.011082619375458739,0.075,False,False
65,clustered_null,False,polynomial_ridge_interactions,199,26760926,85291956,estimated,-0.001458834329712319,-0.020270453378946188,0.009536355695666824,0.075,False,False
65,clustered_null,False,polynomial_ridge_interactions,499,26760926,85291956,estimated,-0.001458834329712319,-0.017322700080853466,0.01152690020797378,0.075,False,False
65,clustered_null,False,polynomial_ridge_interactions,999,26760926,85291956,estimated,-0.001458834329712319,-0.020696392849664114,0.012688451667946318,0.075,False,False
65,genuine_increment,True,polynomial_ridge,99,26760926,85300954,estimated,0.04104531344534167,0.03064568867230074,0.045342309393251345,0.005,True,True
65,genuine_increment,True,polynomial_ridge,199,26760926,85300954,estimated,0.04104531344534167,0.030327563893555048,0.045449512765342696,0.005,True,True
65,genuine_increment,True,polynomial_ridge,499,26760926,85300954,estimated,0.04104531344534167,0.030200068942849673,0.046598216953537164,0.005,True,True
65,genuine_increment,True,polynomial_ridge,999,26760926,85300954,estimated,0.04104531344534167,0.03009356843434834,0.04781062230424294,0.005,True,True
65,genuine_increment,True,polynomial_ridge_interactions,99,26760926,85301963,estimated,0.04141984346683187,0.029764087898616686,0.046350511713094934,0.005,True,True
65,genuine_increment,True,polynomial_ridge_interactions,199,26760926,85301963,estimated,0.04141984346683187,0.02962508117963883,0.046590113196635106,0.005,True,True
65,genuine_increment,True,polynomial_ridge_interactions,499,26760926,85301963,estimated,0.04141984346683187,0.030226802938040268,0.04684766487559149,0.005,True,True
65,genuine_increment,True,polynomial_ridge_interactions,999,26760926,85301963,estimated,0.04141984346683187,0.029992327907705733,0.04733264303102122,0.005,True,True
65,heteroskedastic_null,False,polynomial_ridge,99,26760926,85280940,estimated,-0.0004893788213772357,-0.0012884293573371662,0.00045213786011183773,0.05,False,False
65,heteroskedastic_null,False,polynomial_ridge,199,26760926,85280940,estimated,-0.0004893788213772357,-0.0012191069044712672,0.0005775498901911911,0.05,False,False
65,heteroskedastic_null,False,polynomial_ridge,499,26760926,85280940,estimated,-0.0004893788213772357,-0.0012801668306687284,0.0006185605378059256,0.05,False,False
65,heteroskedastic_null,False,polynomial_ridge,999,26760926,85280940,estimated,-0.0004893788213772357,-0.001277604502601704,0.0006571946998942081,0.05,False,False
65,heteroskedastic_null,False,polynomial_ridge_interactions,99,26760926,85281949,estimated,3.063357024692473e-05,-0.0006380261238886805,0.0004118890839572354,0.02,False,False
65,heteroskedastic_null,False,polynomial_ridge_interactions,199,26760926,85281949,estimated,3.063357024692473e-05,-0.0006778783778688588,0.0003696304062106766,0.02,False,False
65,heteroskedastic_null,False,polynomial_ridge_interactions,499,26760926,85281949,estimated,3.063357024692473e-05,-0.0006035420586444586,0.00033213134321051746,0.02,False,False
65,heteroskedastic_null,False,polynomial_ridge_interactions,999,26760926,85281949,estimated,3.063357024692473e-05,-0.0006497077607174246,0.0003904718652311319,0.02,False,False
65,nonlinear_proxy,False,polynomial_ridge,99,26760926,85270933,estimated,-0.0005410310642550232,-0.0007617144788360739,0.0011361274598679137,0.985,False,False
65,nonlinear_proxy,False,polynomial_ridge,199,26760926,85270933,estimated,-0.0005410310642550232,-0.0007308176123755832,0.001213295307555395,0.985,False,False
65,nonlinear_proxy,False,polynomial_ridge,499,26760926,85270933,estimated,-0.0005410310642550232,-0.0007346133078281959,0.0011629896806374194,0.985,False,False
65,nonlinear_proxy,False,polynomial_ridge,999,26760926,85270933,estimated,-0.0005410310642550232,-0.0007650083084840839,0.0011482256919680917,0.985,False,False
65,nonlinear_proxy,False,polynomial_ridge_interactions,99,26760926,85271942,estimated,-0.00023885207779396258,-0.0004376401241876759,0.0008556464595967093,0.74,False,False
65,nonlinear_proxy,False,polynomial_ridge_interactions,199,26760926,85271942,estimated,-0.00023885207779396258,-0.0004825336318009424,0.0007687636493747832,0.74,False,False
65,nonlinear_proxy,False,polynomial_ridge_interactions,499,26760926,85271942,estimated,-0.00023885207779396258,-0.0005445411734419245,0.0006907738152874382,0.74,False,False
65,nonlinear_proxy,False,polynomial_ridge_interactions,999,26760926,85271942,estimated,-0.00023885207779396258,-0.00048558628172867244,0.0007692720493761558,0.74,False,False
65,null_metric,False,polynomial_ridge,99,26760926,85260926,estimated,-0.0019372943700410629,-0.003084007392424222,0.0014662450655758092,0.88,False,False
65,null_metric,False,polynomial_ridge,199,26760926,85260926,estimated,-0.0019372943700410629,-0.003098614154814457,0.0020590555534913,0.88,False,False
65,null_metric,False,polynomial_ridge,499,26760926,85260926,estimated,-0.0019372943700410629,-0.0027825393539447495,0.0020132478288262716,0.88,False,False
65,null_metric,False,polynomial_ridge,999,26760926,85260926,estimated,-0.0019372943700410629,-0.0027099318578701396,0.002057173636614666,0.88,False,False
65,null_metric,False,polynomial_ridge_interactions,99,26760926,85261935,estimated,7.195434337485193e-05,-0.0012466293858188814,0.0007011989591839521,0.24,False,False
65,null_metric,False,polynomial_ridge_interactions,199,26760926,85261935,estimated,7.195434337485193e-05,-0.0012262805007868147,0.0007155849682145645,0.24,False,False
65,null_metric,False,polynomial_ridge_interactions,499,26760926,85261935,estimated,7.195434337485193e-05,-0.0012650550391404398,0.0010320964671529645,0.24,False,False
65,null_metric,False,polynomial_ridge_interactions,999,26760926,85261935,estimated,7.195434337485193e-05,-0.0013863101345974653,0.0010297889302043747,0.24,False,False
66,clustered_null,False,polynomial_ridge,99,26860929,86290950,estimated,-0.0052543535441577985,-0.014482715171915546,0.012356975937714138,0.03,False,False
66,clustered_null,False,polynomial_ridge,199,26860929,86290950,estimated,-0.0052543535441577985,-0.01617453186481327,0.018407936853593224,0.03,False,False
66,clustered_null,False,polynomial_ridge,499,26860929,86290950,estimated,-0.0052543535441577985,-0.015618717785894085,0.019605690720977956,0.03,False,False
66,clustered_null,False,polynomial_ridge,999,26860929,86290950,estimated,-0.0052543535441577985,-0.015214201858371119,0.01825551802229229,0.03,False,False
66,clustered_null,False,polynomial_ridge_interactions,99,26860929,86291959,estimated,0.0029156141168001394,-0.011212569903173247,0.010836923563744758,0.015,False,False
66,clustered_null,False,polynomial_ridge_interactions,199,26860929,86291959,estimated,0.0029156141168001394,-0.010917480776966951,0.01399740883803757,0.015,False,False
66,clustered_null,False,polynomial_ridge_interactions,499,26860929,86291959,estimated,0.0029156141168001394,-0.011794694882898759,0.017456906733579965,0.015,False,False
66,clustered_null,False,polynomial_ridge_interactions,999,26860929,86291959,estimated,0.0029156141168001394,-0.011097239010162688,0.014635991129094923,0.015,False,False
66,genuine_increment,True,polynomial_ridge,99,26860929,86300957,estimated,0.045428480889064135,0.033771616961466085,0.05307690179727605,0.005,True,True
66,genuine_increment,True,polynomial_ridge,199,26860929,86300957,estimated,0.045428480889064135,0.03336124799599127,0.05356907968396846,0.005,True,True
66,genuine_increment,True,polynomial_ridge,499,26860929,86300957,estimated,0.045428480889064135,0.032957546196703685,0.05286655431905552,0.005,True,True
66,genuine_increment,True,polynomial_ridge,999,26860929,86300957,estimated,0.045428480889064135,0.032085857233375356,0.054149444399951646,0.005,True,True
66,genuine_increment,True,polynomial_ridge_interactions,99,26860929,86301966,estimated,0.044709043771200635,0.03439962147609984,0.05324582919390906,0.005,True,True
66,genuine_increment,True,polynomial_ridge_interactions,199,26860929,86301966,estimated,0.044709043771200635,0.03182955860447876,0.05406268227110425,0.005,True,True
66,genuine_increment,True,polynomial_ridge_interactions,499,26860929,86301966,estimated,0.044709043771200635,0.03135941802690846,0.053279126234910296,0.005,True,True
66,genuine_increment,True,polynomial_ridge_interactions,999,26860929,86301966,estimated,0.044709043771200635,0.031779966937789596,0.05308655410111394,0.005,True,True
66,heteroskedastic_null,False,polynomial_ridge,99,26860929,86280943,estimated,-0.0009796226397025118,-0.0020549254369297567,0.00136252667683946,0.675,False,False
66,heteroskedastic_null,False,polynomial_ridge,199,26860929,86280943,estimated,-0.0009796226397025118,-0.002243074908936816,0.0015109193482230423,0.675,False,False
66,heteroskedastic_null,False,polynomial_ridge,499,26860929,86280943,estimated,-0.0009796226397025118,-0.0018445826549520488,0.0016627215066412748,0.675,False,False
66,heteroskedastic_null,False,polynomial_ridge,999,26860929,86280943,estimated,-0.0009796226397025118,-0.0018245185565836212,0.0015899798776388223,0.675,False,False
66,heteroskedastic_null,False,polynomial_ridge_interactions,99,26860929,86281952,estimated,-3.0756256099512096e-05,-0.0005311447878055523,0.0005329988085507908,0.36,False,False
66,heteroskedastic_null,False,polynomial_ridge_interactions,199,26860929,86281952,estimated,-3.0756256099512096e-05,-0.0006123053050076536,0.0005896622716872954,0.36,False,False
66,heteroskedastic_null,False,polynomial_ridge_interactions,499,26860929,86281952,estimated,-3.0756256099512096e-05,-0.0006011206197168864,0.0007138642190254863,0.36,False,False
66,heteroskedastic_null,False,polynomial_ridge_interactions,999,26860929,86281952,estimated,-3.0756256099512096e-05,-0.0005909118370216427,0.0006066830528757543,0.36,False,False
66,nonlinear_proxy,False,polynomial_ridge,99,26860929,86270936,estimated,-0.0002995289000784305,-0.00048095718109652554,0.0012665389251171207,0.16,False,False
66,nonlinear_proxy,False,polynomial_ridge,199,26860929,86270936,estimated,-0.0002995289000784305,-0.0005320654246231654,0.0013364561589160186,0.16,False,False
66,nonlinear_proxy,False,polynomial_ridge,499,26860929,86270936,estimated,-0.0002995289000784305,-0.0005932757149943057,0.0013740100313978784,0.16,False,False
66,nonlinear_proxy,False,polynomial_ridge,999,26860929,86270936,estimated,-0.0002995289000784305,-0.0005913927287692197,0.0013417813342250676,0.16,False,False
66,nonlinear_proxy,False,polynomial_ridge_interactions,99,26860929,86271945,estimated,-7.640955206198938e-05,-0.00042903040434938747,0.0010527780892603236,0.34,False,False
66,nonlinear_proxy,False,polynomial_ridge_interactions,199,26860929,86271945,estimated,-7.640955206198938e-05,-0.0004731878711065271,0.0008977206435103718,0.34,False,False
66,nonlinear_proxy,False,polynomial_ridge_interactions,499,26860929,86271945,estimated,-7.640955206198938e-05,-0.00043139193111515833,0.0008341273026867117,0.34,False,False
66,nonlinear_proxy,False,polynomial_ridge_interactions,999,26860929,86271945,estimated,-7.640955206198938e-05,-0.00045896406649012457,0.0008971356103593906,0.34,False,False
66,null_metric,False,polynomial_ridge,99,26860929,86260929,estimated,-0.0018411854024584402,-0.0022827588010227223,0.0013417902793617703,0.3,False,False
66,null_metric,False,polynomial_ridge,199,26860929,86260929,estimated,-0.0018411854024584402,-0.0022898108771039487,0.00127460401396463,0.3,False,False
66,null_metric,False,polynomial_ridge,499,26860929,86260929,estimated,-0.0018411854024584402,-0.0022868407677927166,0.0020386923164805587,0.3,False,False
66,null_metric,False,polynomial_ridge,999,26860929,86260929,estimated,-0.0018411854024584402,-0.002503086319008625,0.0019439888503956853,0.3,False,False
66,null_metric,False,polynomial_ridge_interactions,99,26860929,86261938,estimated,1.8448326468377407e-06,-0.0007141839507122256,0.0004044534410688243,0.33,False,False
66,null_metric,False,polynomial_ridge_interactions,199,26860929,86261938,estimated,1.8448326468377407e-06,-0.0008601229738289343,0.0006439432580708774,0.33,False,False
66,null_metric,False,polynomial_ridge_interactions,499,26860929,86261938,estimated,1.8448326468377407e-06,-0.0007796414531455416,0.0007998057506585654,0.33,False,False
66,null_metric,False,polynomial_ridge_interactions,999,26860929,86261938,estimated,1.8448326468377407e-06,-0.0009078620345500056,0.0007561848318125413,0.33,False,False
67,clustered_null,False,polynomial_ridge,99,26960932,87290953,estimated,-0.0036592982561669575,-0.013585045593134481,0.008292841223538301,0.43,False,False
67,clustered_null,False,polynomial_ridge,199,26960932,87290953,estimated,-0.0036592982561669575,-0.013364453826408272,0.007084081945125917,0.43,False,False
67,clustered_null,False,polynomial_ridge,499,26960932,87290953,estimated,-0.0036592982561669575,-0.013232341809537057,0.006907460819957928,0.43,False,False
67,clustered_null,False,polynomial_ridge,999,26960932,87290953,estimated,-0.0036592982561669575,-0.013712971608548334,0.008966442325241087,0.43,False,False
67,clustered_null,False,polynomial_ridge_interactions,99,26960932,87291962,estimated,4.400024694111229e-05,-0.009497024745196593,0.007836155301699222,0.22,False,False
67,clustered_null,False,polynomial_ridge_interactions,199,26960932,87291962,estimated,4.400024694111229e-05,-0.010221130327323698,0.007834223808046985,0.22,False,False
67,clustered_null,False,polynomial_ridge_interactions,499,26960932,87291962,estimated,4.400024694111229e-05,-0.010146830216022265,0.007015998361528611,0.22,False,False
67,clustered_null,False,polynomial_ridge_interactions,999,26960932,87291962,estimated,4.400024694111229e-05,-0.010588575359101716,0.007398966425969986,0.22,False,False
67,genuine_increment,True,polynomial_ridge,99,26960932,87300960,estimated,0.04010767795303829,0.026649098139236875,0.0511495833095837,0.005,True,True
67,genuine_increment,True,polynomial_ridge,199,26960932,87300960,estimated,0.04010767795303829,0.026529212121953232,0.053526047382701336,0.005,True,True
67,genuine_increment,True,polynomial_ridge,499,26960932,87300960,estimated,0.04010767795303829,0.0264441878876101,0.0538273694258402,0.005,True,True
67,genuine_increment,True,polynomial_ridge,999,26960932,87300960,estimated,0.04010767795303829,0.026271285275129654,0.05378167268920291,0.005,True,True
67,genuine_increment,True,polynomial_ridge_interactions,99,26960932,87301969,estimated,0.040353761908867795,0.028326154692080947,0.04973658180165817,0.005,True,True
67,genuine_increment,True,polynomial_ridge_interactions,199,26960932,87301969,estimated,0.040353761908867795,0.025539921429334617,0.051022502789023615,0.005,True,True
67,genuine_increment,True,polynomial_ridge_interactions,499,26960932,87301969,estimated,0.040353761908867795,0.027096248796232205,0.052032046683461876,0.005,True,True
67,genuine_increment,True,polynomial_ridge_interactions,999,26960932,87301969,estimated,0.040353761908867795,0.026868256380772407,0.05113206420775157,0.005,True,True
67,heteroskedastic_null,False,polynomial_ridge,99,26960932,87280946,estimated,-0.0006982792584019322,-0.001008001066430767,0.00034103526751668405,0.49,False,False
67,heteroskedastic_null,False,polynomial_ridge,199,26960932,87280946,estimated,-0.0006982792584019322,-0.0011066367074119344,0.0005228929783663946,0.49,False,False
67,heteroskedastic_null,False,polynomial_ridge,499,26960932,87280946,estimated,-0.0006982792584019322,-0.0012125020043901008,0.0004897164160114349,0.49,False,False
67,heteroskedastic_null,False,polynomial_ridge,999,26960932,87280946,estimated,-0.0006982792584019322,-0.0011484959479993962,0.0005643323083212845,0.49,False,False
67,heteroskedastic_null,False,polynomial_ridge_interactions,99,26960932,87281955,estimated,-0.00027576833198266447,-0.0003574240254445843,0.00042232310907860287,0.93,False,False
67,heteroskedastic_null,False,polynomial_ridge_interactions,199,26960932,87281955,estimated,-0.00027576833198266447,-0.0003957592170888926,0.0004514282794102108,0.93,False,False
67,heteroskedastic_null,False,polynomial_ridge_interactions,499,26960932,87281955,estimated,-0.00027576833198266447,-0.0004010339243611594,0.0003320791664061992,0.93,False,False
67,heteroskedastic_null,False,polynomial_ridge_interactions,999,26960932,87281955,estimated,-0.00027576833198266447,-0.0004246953808977078,0.00030857599062566636,0.93,False,False
67,nonlinear_proxy,False,polynomial_ridge,99,26960932,87270939,estimated,0.000806543722960633,2.2667619093415555e-05,0.0018081287620764774,0.965,True,False
67,nonlinear_proxy,False,polynomial_ridge,199,26960932,87270939,estimated,0.000806543722960633,-6.669497718067176e-05,0.0020468427910422986,0.965,False,False
67,nonlinear_proxy,False,polynomial_ridge,499,26960932,87270939,estimated,0.000806543722960633,-9.567785978672805e-05,0.0021198688560323626,0.965,False,False
67,nonlinear_proxy,False,polynomial_ridge,999,26960932,87270939,estimated,0.000806543722960633,-0.000115273600064879,0.002017110134384954,0.965,False,False
67,nonlinear_proxy,False,polynomial_ridge_interactions,99,26960932,87271948,estimated,-0.00040078545007645947,-0.0003370418249264575,0.0013223349513986344,0.89,False,False
67,nonlinear_proxy,False,polynomial_ridge_interactions,199,26960932,87271948,estimated,-0.00040078545007645947,-0.00040291996999954624,0.0012592530339300332,0.89,False,False
67,nonlinear_proxy,False,polynomial_ridge_interactions,499,26960932,87271948,estimated,-0.00040078545007645947,-0.00040760991328320104,0.001243805662744549,0.89,False,False
67,nonlinear_proxy,False,polynomial_ridge_interactions,999,26960932,87271948,estimated,-0.00040078545007645947,-0.0004026506051256259,0.0012442297692709134,0.89,False,False
67,null_metric,False,polynomial_ridge,99,26960932,87260932,estimated,-0.0021625244426161407,-0.003150016234373551,0.0022199209243585,0.715,False,False
67,null_metric,False,polynomial_ridge,199,26960932,87260932,estimated,-0.0021625244426161407,-0.003092868171282808,0.0023867429297101893,0.715,False,False
67,null_metric,False,polynomial_ridge,499,26960932,87260932,estimated,-0.0021625244426161407,-0.0027555022722082724,0.0024988169822634395,0.715,False,False
67,null_metric,False,polynomial_ridge,999,26960932,87260932,estimated,-0.0021625244426161407,-0.00278761456100246,0.002298689643624815,0.715,False,False
67,null_metric,False,polynomial_ridge_interactions,99,26960932,87261941,estimated,-0.0004065043872248583,-0.0011362042098212012,0.0013735908806185725,0.47,False,False
67,null_metric,False,polynomial_ridge_interactions,199,26960932,87261941,estimated,-0.0004065043872248583,-0.001082053239846355,0.0009668745364140058,0.47,False,False
67,null_metric,False,polynomial_ridge_interactions,499,26960932,87261941,estimated,-0.0004065043872248583,-0.001093431491510837,0.0013580302515607962,0.47,False,False
67,null_metric,False,polynomial_ridge_interactions,999,26960932,87261941,estimated,-0.0004065043872248583,-0.0011458927578619628,0.001242381456064889,0.47,False,False
68,clustered_null,False,polynomial_ridge,99,27060935,88290956,estimated,0.0013435898410177546,-0.005010940114096147,0.016769444325621385,0.005,False,False
68,clustered_null,False,polynomial_ridge,199,27060935,88290956,estimated,0.0013435898410177546,-0.005750650825738157,0.011925721719977156,0.005,False,False
68,clustered_null,False,polynomial_ridge,499,27060935,88290956,estimated,0.0013435898410177546,-0.00623293377894365,0.013204120370008612,0.005,False,False
68,clustered_null,False,polynomial_ridge,999,27060935,88290956,estimated,0.0013435898410177546,-0.0062484894518617,0.01284504028831329,0.005,False,False
68,clustered_null,False,polynomial_ridge_interactions,99,27060935,88291965,estimated,0.002705254631194932,-0.004028697151490133,0.008313414594568573,0.005,False,False
68,clustered_null,False,polynomial_ridge_interactions,199,27060935,88291965,estimated,0.002705254631194932,-0.00318368385397168,0.009347150868947265,0.005,False,False
68,clustered_null,False,polynomial_ridge_interactions,499,27060935,88291965,estimated,0.002705254631194932,-0.004937740718827096,0.009901086968617114,0.005,False,False
68,clustered_null,False,polynomial_ridge_interactions,999,27060935,88291965,estimated,0.002705254631194932,-0.004987503936706824,0.01077029297444653,0.005,False,False
68,genuine_increment,True,polynomial_ridge,99,27060935,88300963,estimated,0.035286913109099205,0.02653302191468762,0.04495661466773459,0.005,True,True
68,genuine_increment,True,polynomial_ridge,199,27060935,88300963,estimated,0.035286913109099205,0.026369652108474785,0.04765980912953749,0.005,True,True
68,genuine_increment,True,polynomial_ridge,499,27060935,88300963,estimated,0.035286913109099205,0.02587872500625571,0.045806327757779965,0.005,True,True
68,genuine_increment,True,polynomial_ridge,999,27060935,88300963,estimated,0.035286913109099205,0.026080550636690337,0.04616779788445433,0.005,True,True
68,genuine_increment,True,polynomial_ridge_interactions,99,27060935,88301972,estimated,0.03584652755365356,0.025456888921293924,0.04537036513576832,0.005,True,True
68,genuine_increment,True,polynomial_ridge_interactions,199,27060935,88301972,estimated,0.03584652755365356,0.025399552173524447,0.045264418825059514,0.005,True,True
68,genuine_increment,True,polynomial_ridge_interactions,499,27060935,88301972,estimated,0.03584652755365356,0.024842840013532163,0.044497145087230836,0.005,True,True
68,genuine_increment,True,polynomial_ridge_interactions,999,27060935,88301972,estimated,0.03584652755365356,0.024414829071759677,0.04427173172488189,0.005,True,True
68,heteroskedastic_null,False,polynomial_ridge,99,27060935,88280949,estimated,-0.00020481092552364528,-0.0013245296830397412,0.0012363586359616589,0.975,False,False
68,heteroskedastic_null,False,polynomial_ridge,199,27060935,88280949,estimated,-0.00020481092552364528,-0.0012400926461455433,0.0016871091953070973,0.975,False,False
68,heteroskedastic_null,False,polynomial_ridge,499,27060935,88280949,estimated,-0.00020481092552364528,-0.0012282371850977256,0.0016108912330234867,0.975,False,False
68,heteroskedastic_null,False,polynomial_ridge,999,27060935,88280949,estimated,-0.00020481092552364528,-0.0012636436655706397,0.0016369865503240537,0.975,False,False
68,heteroskedastic_null,False,polynomial_ridge_interactions,99,27060935,88281958,estimated,-0.0001796222217008564,-0.0007791909957669773,0.0005574483805982007,0.835,False,False
68,heteroskedastic_null,False,polynomial_ridge_interactions,199,27060935,88281958,estimated,-0.0001796222217008564,-0.0008289495905113215,0.0006464266541581163,0.835,False,False
68,heteroskedastic_null,False,polynomial_ridge_interactions,499,27060935,88281958,estimated,-0.0001796222217008564,-0.0007293793146142212,0.0006302866319147567,0.835,False,False
68,heteroskedastic_null,False,polynomial_ridge_interactions,999,27060935,88281958,estimated,-0.0001796222217008564,-0.0007299711999742682,0.0005454598431110015,0.835,False,False
68,nonlinear_proxy,False,polynomial_ridge,99,27060935,88270942,estimated,-0.00044705014323533077,-0.0010886890667801126,0.000928036999378526,0.665,False,False
68,nonlinear_proxy,False,polynomial_ridge,199,27060935,88270942,estimated,-0.00044705014323533077,-0.0009439693506577349,0.00111721875525765,0.665,False,False
68,nonlinear_proxy,False,polynomial_ridge,499,27060935,88270942,estimated,-0.00044705014323533077,-0.0010810715448306603,0.0010747667744682745,0.665,False,False
68,nonlinear_proxy,False,polynomial_ridge,999,27060935,88270942,estimated,-0.00044705014323533077,-0.001139810903442641,0.0010755504835991978,0.665,False,False
68,nonlinear_proxy,False,polynomial_ridge_interactions,99,27060935,88271951,estimated,5.962002906143016e-05,-0.00028712861854946083,0.0012607168852841006,0.82,False,False
68,nonlinear_proxy,False,polynomial_ridge_interactions,199,27060935,88271951,estimated,5.962002906143016e-05,-0.00033700564157302363,0.0011514995567370298,0.82,False,False
68,nonlinear_proxy,False,polynomial_ridge_interactions,499,27060935,88271951,estimated,5.962002906143016e-05,-0.00032227691738615074,0.0012148389579731357,0.82,False,False
68,nonlinear_proxy,False,polynomial_ridge_interactions,999,27060935,88271951,estimated,5.962002906143016e-05,-0.00031800775904367674,0.0011514995567370291,0.82,False,False
68,null_metric,False,polynomial_ridge,99,27060935,88260935,estimated,-0.0010492809271747915,-0.002464055860922549,0.003881098588661336,0.97,False,False
68,null_metric,False,polynomial_ridge,199,27060935,88260935,estimated,-0.0010492809271747915,-0.0024501261282993845,0.003613214337589365,0.97,False,False
68,null_metric,False,polynomial_ridge,499,27060935,88260935,estimated,-0.0010492809271747915,-0.0024388164506936637,0.002976791244725461,0.97,False,False
68,null_metric,False,polynomial_ridge,999,27060935,88260935,estimated,-0.0010492809271747915,-0.0025252387022027894,0.0030583913703537274,0.97,False,False
68,null_metric,False,polynomial_ridge_interactions,99,27060935,88261944,estimated,-0.00036752468664641436,-0.001414600145477964,0.0017708390969157666,0.57,False,False
68,null_metric,False,polynomial_ridge_interactions,199,27060935,88261944,estimated,-0.00036752468664641436,-0.0014151409397901878,0.00116398532819306,0.57,False,False
68,null_metric,False,polynomial_ridge_interactions,499,27060935,88261944,estimated,-0.00036752468664641436,-0.0014190932941754778,0.0011732200100173418,0.57,False,False
68,null_metric,False,polynomial_ridge_interactions,999,27060935,88261944,estimated,-0.00036752468664641436,-0.0014155924655496037,0.0011732907097029212,0.57,False,False
69,clustered_null,False,polynomial_ridge,99,27160938,89290959,estimated,-0.005937053336916263,-0.015377492928104032,0.022300689874360197,0.095,False,False
69,clustered_null,False,polynomial_ridge,199,27160938,89290959,estimated,-0.005937053336916263,-0.017222239209573293,0.02673293834656697,0.095,False,False
69,clustered_null,False,polynomial_ridge,499,27160938,89290959,estimated,-0.005937053336916263,-0.020839392137332054,0.02662190259481645,0.095,False,False
69,clustered_null,False,polynomial_ridge,999,27160938,89290959,estimated,-0.005937053336916263,-0.023920345190251203,0.01720393962599436,0.095,False,False
69,clustered_null,False,polynomial_ridge_interactions,99,27160938,89291968,estimated,-0.0021842401208046966,-0.02797350682101714,0.010870688677704549,0.265,False,False
69,clustered_null,False,polynomial_ridge_interactions,199,27160938,89291968,estimated,-0.0021842401208046966,-0.03206658085248081,0.01048699141851263,0.265,False,False
69,clustered_null,False,polynomial_ridge_interactions,499,27160938,89291968,estimated,-0.0021842401208046966,-0.028252204860029186,0.01017008929141131,0.265,False,False
69,clustered_null,False,polynomial_ridge_interactions,999,27160938,89291968,estimated,-0.0021842401208046966,-0.030575543791107333,0.011313767262578295,0.265,False,False
69,genuine_increment,True,polynomial_ridge,99,27160938,89300966,estimated,0.03829387009212147,0.027833337193343688,0.049375380136226873,0.005,True,True
69,genuine_increment,True,polynomial_ridge,199,27160938,89300966,estimated,0.03829387009212147,0.028262420174979038,0.04897522099449332,0.005,True,True
69,genuine_increment,True,polynomial_ridge,499,27160938,89300966,estimated,0.03829387009212147,0.027590069009067294,0.048823759908618786,0.005,True,True
69,genuine_increment,True,polynomial_ridge,999,27160938,89300966,estimated,0.03829387009212147,0.027710833347550153,0.048548095852085325,0.005,True,True
69,genuine_increment,True,polynomial_ridge_interactions,99,27160938,89301975,estimated,0.03891756083739624,0.026593952423954976,0.0462719314524697,0.005,True,True
69,genuine_increment,True,polynomial_ridge_interactions,199,27160938,89301975,estimated,0.03891756083739624,0.02626717303716974,0.04617643053804239,0.005,True,True
69,genuine_increment,True,polynomial_ridge_interactions,499,27160938,89301975,estimated,0.03891756083739624,0.026593952423954976,0.04719988578497932,0.005,True,True
69,genuine_increment,True,polynomial_ridge_interactions,999,27160938,89301975,estimated,0.03891756083739624,0.026865218140161504,0.047271776431278986,0.005,True,True
69,heteroskedastic_null,False,polynomial_ridge,99,27160938,89280952,estimated,-0.00034614829473092294,-0.0009072245733963227,0.0007770175848655836,0.025,False,False
69,heteroskedastic_null,False,polynomial_ridge,199,27160938,89280952,estimated,-0.00034614829473092294,-0.0009196384408517157,0.0007624793769999997,0.025,False,False
69,heteroskedastic_null,False,polynomial_ridge,499,27160938,89280952,estimated,-0.00034614829473092294,-0.0009298419914239413,0.0006273428595268602,0.025,False,False
69,heteroskedastic_null,False,polynomial_ridge,999,27160938,89280952,estimated,-0.00034614829473092294,-0.0009632896242359228,0.0007391380685714775,0.025,False,False
69,heteroskedastic_null,False,polynomial_ridge_interactions,99,27160938,89281961,estimated,-0.000257959288274213,-0.0004208548870322668,0.0002312866630363937,0.07,False,False
69,heteroskedastic_null,False,polynomial_ridge_interactions,199,27160938,89281961,estimated,-0.000257959288274213,-0.0005100889182855581,0.00027614710496485427,0.07,False,False
69,heteroskedastic_null,False,polynomial_ridge_interactions,499,27160938,89281961,estimated,-0.000257959288274213,-0.0005049934286123593,0.0003485935893271357,0.07,False,False
69,heteroskedastic_null,False,polynomial_ridge_interactions,999,27160938,89281961,estimated,-0.000257959288274213,-0.0004921514923732751,0.00032296035670538264,0.07,False,False
69,nonlinear_proxy,False,polynomial_ridge,99,27160938,89270945,estimated,0.00030800482649948665,-0.00035461190620064893,0.001617326797669493,0.345,False,False
69,nonlinear_proxy,False,polynomial_ridge,199,27160938,89270945,estimated,0.00030800482649948665,-0.00022977539119222102,0.0017676201836180803,0.345,False,False
69,nonlinear_proxy,False,polynomial_ridge,499,27160938,89270945,estimated,0.00030800482649948665,-0.00016066415103201562,0.0018450744804142211,0.345,False,False
69,nonlinear_proxy,False,polynomial_ridge,999,27160938,89270945,estimated,0.00030800482649948665,-0.00016495707772045697,0.0018699160659631177,0.345,False,False
69,nonlinear_proxy,False,polynomial_ridge_interactions,99,27160938,89271954,estimated,0.00042749064721402715,-0.00014326426728329645,0.0012872883225463693,0.355,False,False
69,nonlinear_proxy,False,polynomial_ridge_interactions,199,27160938,89271954,estimated,0.00042749064721402715,-0.00017421151785390385,0.0011395908289087624,0.355,False,False
69,nonlinear_proxy,False,polynomial_ridge_interactions,499,27160938,89271954,estimated,0.00042749064721402715,-0.00016424192679911285,0.001144695510231511,0.355,False,False
69,nonlinear_proxy,False,polynomial_ridge_interactions,999,27160938,89271954,estimated,0.00042749064721402715,-0.00016464097222277407,0.0012488066083680654,0.355,False,False
69,null_metric,False,polynomial_ridge,99,27160938,89260938,estimated,-0.0006417733879626221,-0.0014259091890446794,0.0024503310706612603,0.63,False,False
69,null_metric,False,polynomial_ridge,199,27160938,89260938,estimated,-0.0006417733879626221,-0.0014114771638799462,0.0027222720258202214,0.63,False,False
69,null_metric,False,polynomial_ridge,499,27160938,89260938,estimated,-0.0006417733879626221,-0.0015920933406395105,0.002704840736100854,0.63,False,False
69,null_metric,False,polynomial_ridge,999,27160938,89260938,estimated,-0.0006417733879626221,-0.0015067998472494014,0.0026242554842137366,0.63,False,False
69,null_metric,False,polynomial_ridge_interactions,99,27160938,89261947,estimated,-0.0003831216625012797,-0.0008307143641789862,0.0007473512035150701,0.915,False,False
69,null_metric,False,polynomial_ridge_interactions,199,27160938,89261947,estimated,-0.0003831216625012797,-0.0009530341037569166,0.0007932020539014482,0.915,False,False
69,null_metric,False,polynomial_ridge_interactions,499,27160938,89261947,estimated,-0.0003831216625012797,-0.0011188783425750306,0.0007762958581394596,0.915,False,False
69,null_metric,False,polynomial_ridge_interactions,999,27160938,89261947,estimated,-0.0003831216625012797,-0.0010486559722183944,0.0007094312195273058,0.915,False,False
70,clustered_null,False,polynomial_ridge,99,27260941,90290962,estimated,-0.008605512955618799,-0.025587173296156177,0.010311698898315985,0.66,False,False
70,clustered_null,False,polynomial_ridge,199,27260941,90290962,estimated,-0.008605512955618799,-0.02709074934502676,0.014401943836211425,0.66,False,False
70,clustered_null,False,polynomial_ridge,499,27260941,90290962,estimated,-0.008605512955618799,-0.02263748552835237,0.012336485028016805,0.66,False,False
70,clustered_null,False,polynomial_ridge,999,27260941,90290962,estimated,-0.008605512955618799,-0.020405800320966054,0.012528544622750161,0.66,False,False
70,clustered_null,False,polynomial_ridge_interactions,99,27260941,90291971,estimated,-0.004407431115844872,-0.013293417626551904,0.011557424915371683,0.165,False,False
70,clustered_null,False,polynomial_ridge_interactions,199,27260941,90291971,estimated,-0.004407431115844872,-0.013129623644321404,0.01503423586790628,0.165,False,False
70,clustered_null,False,polynomial_ridge_interactions,499,27260941,90291971,estimated,-0.004407431115844872,-0.013236943506130817,0.014765216414855122,0.165,False,False
70,clustered_null,False,polynomial_ridge_interactions,999,27260941,90291971,estimated,-0.004407431115844872,-0.011350584351483192,0.011696576777056121,0.165,False,False
70,genuine_increment,True,polynomial_ridge,99,27260941,90300969,estimated,0.04428965869051396,0.029770960588094673,0.055613810588995324,0.005,True,True
70,genuine_increment,True,polynomial_ridge,199,27260941,90300969,estimated,0.04428965869051396,0.030530648867095233,0.05556850486469904,0.005,True,True
70,genuine_increment,True,polynomial_ridge,499,27260941,90300969,estimated,0.04428965869051396,0.0306110861684011,0.05549780213703399,0.005,True,True
70,genuine_increment,True,polynomial_ridge,999,27260941,90300969,estimated,0.04428965869051396,0.030706085959581103,0.0557725970192341,0.005,True,True
70,genuine_increment,True,polynomial_ridge_interactions,99,27260941,90301978,estimated,0.04180914588461465,0.029502695837295034,0.0563051984179057,0.005,True,True
70,genuine_increment,True,polynomial_ridge_interactions,199,27260941,90301978,estimated,0.04180914588461465,0.029435391084866064,0.054272245955199,0.005,True,True
70,genuine_increment,True,polynomial_ridge_interactions,499,27260941,90301978,estimated,0.04180914588461465,0.029536800225582464,0.05340887472674662,0.005,True,True
70,genuine_increment,True,polynomial_ridge_interactions,999,27260941,90301978,estimated,0.04180914588461465,0.030029301129975174,0.05402695430703731,0.005,True,True
70,heteroskedastic_null,False,polynomial_ridge,99,27260941,90280955,estimated,-0.0007585527501257723,-0.0009064465214306962,0.0008607794340153622,0.185,False,False
70,heteroskedastic_null,False,polynomial_ridge,199,27260941,90280955,estimated,-0.0007585527501257723,-0.0011592008974857368,0.0009716511490159786,0.185,False,False
70,heteroskedastic_null,False,polynomial_ridge,499,27260941,90280955,estimated,-0.0007585527501257723,-0.0011089685767689446,0.0009806141646016384,0.185,False,False
70,heteroskedastic_null,False,polynomial_ridge,999,27260941,90280955,estimated,-0.0007585527501257723,-0.0012193317509972218,0.000976646615243219,0.185,False,False
70,heteroskedastic_null,False,polynomial_ridge_interactions,99,27260941,90281964,estimated,-0.0003134636923440579,-0.0004966326957713608,0.0006431931533612078,0.225,False,False
70,heteroskedastic_null,False,polynomial_ridge_interactions,199,27260941,90281964,estimated,-0.0003134636923440579,-0.0004962885283950203,0.0006976218597392467,0.225,False,False
70,heteroskedastic_null,False,polynomial_ridge_interactions,499,27260941,90281964,estimated,-0.0003134636923440579,-0.0005529714286698785,0.0008002899499207595,0.225,False,False
70,heteroskedastic_null,False,polynomial_ridge_interactions,999,27260941,90281964,estimated,-0.0003134636923440579,-0.0005446425573057254,0.0007481709866845272,0.225,False,False
70,nonlinear_proxy,False,polynomial_ridge,99,27260941,90270948,estimated,0.0010406556200827193,3.212888480932878e-06,0.0036287546003523734,0.04,True,True
70,nonlinear_proxy,False,polynomial_ridge,199,27260941,90270948,estimated,0.0010406556200827193,0.00011381698491428316,0.003678353833939532,0.04,True,True
70,nonlinear_proxy,False,polynomial_ridge,499,27260941,90270948,estimated,0.0010406556200827193,4.788024404392336e-05,0.0039059179628685168,0.04,True,True
70,nonlinear_proxy,False,polynomial_ridge,999,27260941,90270948,estimated,0.0010406556200827193,3.997310927166282e-05,0.003929245521224037,0.04,True,True
70,nonlinear_proxy,False,polynomial_ridge_interactions,99,27260941,90271957,estimated,0.0011204304104345877,-0.00024627666634138476,0.002746644231697903,0.04,False,False
70,nonlinear_proxy,False,polynomial_ridge_interactions,199,27260941,90271957,estimated,0.0011204304104345877,-8.008864237211429e-05,0.0026260638462379483,0.04,False,False
70,nonlinear_proxy,False,polynomial_ridge_interactions,499,27260941,90271957,estimated,0.0011204304104345877,9.256496637729843e-06,0.0030697719452238447,0.04,True,True
70,nonlinear_proxy,False,polynomial_ridge_interactions,999,27260941,90271957,estimated,0.0011204304104345877,7.008723927912757e-05,0.0029752815897153167,0.04,True,True
70,null_metric,False,polynomial_ridge,99,27260941,90260941,estimated,-0.0006380130359479146,-0.0030397240173997103,0.0029833337066618743,0.405,False,False
70,null_metric,False,polynomial_ridge,199,27260941,90260941,estimated,-0.0006380130359479146,-0.0025462236945604363,0.0028047960194809134,0.405,False,False
70,null_metric,False,polynomial_ridge,499,27260941,90260941,estimated,-0.0006380130359479146,-0.002597446688495771,0.0030782692758127084,0.405,False,False
70,null_metric,False,polynomial_ridge,999,27260941,90260941,estimated,-0.0006380130359479146,-0.0027171385923675426,0.003027881342810574,0.405,False,False
70,null_metric,False,polynomial_ridge_interactions,99,27260941,90261950,estimated,-0.00022887623616155844,-0.001080425406934042,0.0016740796038094503,0.15,False,False
70,null_metric,False,polynomial_ridge_interactions,199,27260941,90261950,estimated,-0.00022887623616155844,-0.0011474582214934925,0.0019126276940919008,0.15,False,False
70,null_metric,False,polynomial_ridge_interactions,499,27260941,90261950,estimated,-0.00022887623616155844,-0.0010685721326881025,0.001995090635686501,0.15,False,False
70,null_metric,False,polynomial_ridge_interactions,999,27260941,90261950,estimated,-0.00022887623616155844,-0.0012078340417388956,0.0020946364566180203,0.15,False,False
71,clustered_null,False,polynomial_ridge,99,27360944,91290965,estimated,-0.0059065748129321916,-0.015365042451233536,0.006719116747387667,0.895,False,False
71,clustered_null,False,polynomial_ridge,199,27360944,91290965,estimated,-0.0059065748129321916,-0.017431336946584282,0.007377292762272437,0.895,False,False
71,clustered_null,False,polynomial_ridge,499,27360944,91290965,estimated,-0.0059065748129321916,-0.017113441267873106,0.006903753078848345,0.895,False,False
71,clustered_null,False,polynomial_ridge,999,27360944,91290965,estimated,-0.0059065748129321916,-0.017184298896516938,0.007573625596575911,0.895,False,False
71,clustered_null,False,polynomial_ridge_interactions,99,27360944,91291974,estimated,-0.002534663493582792,-0.010015999112958073,0.005304676564478036,0.275,False,False
71,clustered_null,False,polynomial_ridge_interactions,199,27360944,91291974,estimated,-0.002534663493582792,-0.013644391848516454,0.0056856233146923086,0.275,False,False
71,clustered_null,False,polynomial_ridge_interactions,499,27360944,91291974,estimated,-0.002534663493582792,-0.012025434293094557,0.005839105268208599,0.275,False,False
71,clustered_null,False,polynomial_ridge_interactions,999,27360944,91291974,estimated,-0.002534663493582792,-0.011482088954806038,0.007019792487747391,0.275,False,False
71,genuine_increment,True,polynomial_ridge,99,27360944,91300972,estimated,0.04284237886673893,0.031819180015331155,0.05163730765868715,0.005,True,True
71,genuine_increment,True,polynomial_ridge,199,27360944,91300972,estimated,0.04284237886673893,0.03225083296162636,0.05340187661233597,0.005,True,True
71,genuine_increment,True,polynomial_ridge,499,27360944,91300972,estimated,0.04284237886673893,0.03185741723649107,0.052461541807740465,0.005,True,True
71,genuine_increment,True,polynomial_ridge,999,27360944,91300972,estimated,0.04284237886673893,0.03159832901310111,0.052213059561505806,0.005,True,True
71,genuine_increment,True,polynomial_ridge_interactions,99,27360944,91301981,estimated,0.042101123649273875,0.03096101081622263,0.050381993593459115,0.005,True,True
71,genuine_increment,True,polynomial_ridge_interactions,199,27360944,91301981,estimated,0.042101123649273875,0.03093858074959278,0.05031168304998499,0.005,True,True
71,genuine_increment,True,polynomial_ridge_interactions,499,27360944,91301981,estimated,0.042101123649273875,0.031008465739674133,0.05154809644720821,0.005,True,True
71,genuine_increment,True,polynomial_ridge_interactions,999,27360944,91301981,estimated,0.042101123649273875,0.03148495337064661,0.05216139773317087,0.005,True,True
71,heteroskedastic_null,False,polynomial_ridge,99,27360944,91280958,estimated,-0.00020597029799124603,-0.00041070076287347257,0.0007076726826678131,0.115,False,False
71,heteroskedastic_null,False,polynomial_ridge,199,27360944,91280958,estimated,-0.00020597029799124603,-0.00042734067161273923,0.0009422449243347455,0.115,False,False
71,heteroskedastic_null,False,polynomial_ridge,499,27360944,91280958,estimated,-0.00020597029799124603,-0.0005213535954404105,0.0008559232146843895,0.115,False,False
71,heteroskedastic_null,False,polynomial_ridge,999,27360944,91280958,estimated,-0.00020597029799124603,-0.0005168638120425053,0.0008698711106142576,0.115,False,False
71,heteroskedastic_null,False,polynomial_ridge_interactions,99,27360944,91281967,estimated,7.970742767655914e-05,-0.00021323721978993882,0.00029738688135986846,0.085,False,False
71,heteroskedastic_null,False,polynomial_ridge_interactions,199,27360944,91281967,estimated,7.970742767655914e-05,-0.00022531711444825317,0.0003137647091735102,0.085,False,False
71,heteroskedastic_null,False,polynomial_ridge_interactions,499,27360944,91281967,estimated,7.970742767655914e-05,-0.00028514205120975606,0.00039077009880793224,0.085,False,False
71,heteroskedastic_null,False,polynomial_ridge_interactions,999,27360944,91281967,estimated,7.970742767655914e-05,-0.00027560174704506236,0.0004036195538096638,0.085,False,False
71,nonlinear_proxy,False,polynomial_ridge,99,27360944,91270951,estimated,0.0001216763680783493,-0.0005113738659266198,0.0018006752270979896,0.1,False,False
71,nonlinear_proxy,False,polynomial_ridge,199,27360944,91270951,estimated,0.0001216763680783493,-0.0005347041177250264,0.0017702546417718385,0.1,False,False
71,nonlinear_proxy,False,polynomial_ridge,499,27360944,91270951,estimated,0.0001216763680783493,-0.0005749228675537766,0.0017018931792449233,0.1,False,False
71,nonlinear_proxy,False,polynomial_ridge,999,27360944,91270951,estimated,0.0001216763680783493,-0.0005345038662965141,0.0018222724378340101,0.1,False,False
71,nonlinear_proxy,False,polynomial_ridge_interactions,99,27360944,91271960,estimated,-0.00012885770067816958,-0.00035095704793576456,0.0014051412650506274,0.275,False,False
71,nonlinear_proxy,False,polynomial_ridge_interactions,199,27360944,91271960,estimated,-0.00012885770067816958,-0.00029095333707981777,0.001176213225548309,0.275,False,False
71,nonlinear_proxy,False,polynomial_ridge_interactions,499,27360944,91271960,estimated,-0.00012885770067816958,-0.00024694289736741204,0.0012430430697993506,0.275,False,False
71,nonlinear_proxy,False,polynomial_ridge_interactions,999,27360944,91271960,estimated,-0.00012885770067816958,-0.00025483687423251606,0.0012396161010650145,0.275,False,False
71,null_metric,False,polynomial_ridge,99,27360944,91260944,estimated,-0.0004900375313285042,-0.002611655820491508,0.003913172013063796,0.065,False,False
71,null_metric,False,polynomial_ridge,199,27360944,91260944,estimated,-0.0004900375313285042,-0.0028098178872164405,0.0037655536174234826,0.065,False,False
71,null_metric,False,polynomial_ridge,499,27360944,91260944,estimated,-0.0004900375313285042,-0.0027001061926499753,0.003404996661730873,0.065,False,False
71,null_metric,False,polynomial_ridge,999,27360944,91260944,estimated,-0.0004900375313285042,-0.0024499672352382477,0.0036433644061835573,0.065,False,False
71,null_metric,False,polynomial_ridge_interactions,99,27360944,91261953,estimated,0.000249356269120371,-0.00017154557869032482,0.002804723907325127,0.08,False,False
71,null_metric,False,polynomial_ridge_interactions,199,27360944,91261953,estimated,0.000249356269120371,-0.00017513242908605043,0.0026962876037850167,0.08,False,False
71,null_metric,False,polynomial_ridge_interactions,499,27360944,91261953,estimated,0.000249356269120371,-0.0003727909806057543,0.002861053607062194,0.08,False,False
71,null_metric,False,polynomial_ridge_interactions,999,27360944,91261953,estimated,0.000249356269120371,-0.0004524640469768009,0.002844814847912031,0.08,False,False
72,clustered_null,False,polynomial_ridge,99,27460947,92290968,estimated,-0.001739849692627568,-0.007194599049756873,0.011441889781405892,0.54,False,False
72,clustered_null,False,polynomial_ridge,199,27460947,92290968,estimated,-0.001739849692627568,-0.010651018838153318,0.009382590571887079,0.54,False,False
72,clustered_null,False,polynomial_ridge,499,27460947,92290968,estimated,-0.001739849692627568,-0.01030964437097324,0.010371403199658628,0.54,False,False
72,clustered_null,False,polynomial_ridge,999,27460947,92290968,estimated,-0.001739849692627568,-0.010034000457472582,0.009465569837140152,0.54,False,False
72,clustered_null,False,polynomial_ridge_interactions,99,27460947,92291977,estimated,-0.0015427494160953313,-0.008803022557502921,0.00566118951796482,0.18,False,False
72,clustered_null,False,polynomial_ridge_interactions,199,27460947,92291977,estimated,-0.0015427494160953313,-0.007024709845744561,0.006010088528243494,0.18,False,False
72,clustered_null,False,polynomial_ridge_interactions,499,27460947,92291977,estimated,-0.0015427494160953313,-0.007165432970028988,0.0062311976045960945,0.18,False,False
72,clustered_null,False,polynomial_ridge_interactions,999,27460947,92291977,estimated,-0.0015427494160953313,-0.007918178339991182,0.006837565519389522,0.18,False,False
72,genuine_increment,True,polynomial_ridge,99,27460947,92300975,estimated,0.04450433461706951,0.03373217443151382,0.051150652461349894,0.005,True,True
72,genuine_increment,True,polynomial_ridge,199,27460947,92300975,estimated,0.04450433461706951,0.03261172664322324,0.0513958540082805,0.005,True,True
72,genuine_increment,True,polynomial_ridge,499,27460947,92300975,estimated,0.04450433461706951,0.03206962292942104,0.052730374500924514,0.005,True,True
72,genuine_increment,True,polynomial_ridge,999,27460947,92300975,estimated,0.04450433461706951,0.03209322595445172,0.052855367446386796,0.005,True,True
72,genuine_increment,True,polynomial_ridge_interactions,99,27460947,92301984,estimated,0.04387257591972156,0.03270768984177645,0.05068247416100901,0.005,True,True
72,genuine_increment,True,polynomial_ridge_interactions,199,27460947,92301984,estimated,0.04387257591972156,0.03331490734427071,0.05259386357593986,0.005,True,True
72,genuine_increment,True,polynomial_ridge_interactions,499,27460947,92301984,estimated,0.04387257591972156,0.03312016754859103,0.05281678666874919,0.005,True,True
72,genuine_increment,True,polynomial_ridge_interactions,999,27460947,92301984,estimated,0.04387257591972156,0.032804861373223713,0.05254947756320518,0.005,True,True
72,heteroskedastic_null,False,polynomial_ridge,99,27460947,92280961,estimated,-0.0004930569192147273,-0.0012140144139798758,0.0011900224494325452,0.345,False,False
72,heteroskedastic_null,False,polynomial_ridge,199,27460947,92280961,estimated,-0.0004930569192147273,-0.0011834536971240127,0.0010698441875447863,0.345,False,False
72,heteroskedastic_null,False,polynomial_ridge,499,27460947,92280961,estimated,-0.0004930569192147273,-0.0013312931555694131,0.0009341960254413782,0.345,False,False
72,heteroskedastic_null,False,polynomial_ridge,999,27460947,92280961,estimated,-0.0004930569192147273,-0.00145938177427007,0.0010039365346932098,0.345,False,False
72,heteroskedastic_null,False,polynomial_ridge_interactions,99,27460947,92281970,estimated,-2.7923005443750495e-05,-0.0005370260934562557,0.00044772145748868294,0.395,False,False
72,heteroskedastic_null,False,polynomial_ridge_interactions,199,27460947,92281970,estimated,-2.7923005443750495e-05,-0.0005321849616615089,0.00041319100302665465,0.395,False,False
72,heteroskedastic_null,False,polynomial_ridge_interactions,499,27460947,92281970,estimated,-2.7923005443750495e-05,-0.0005486268569804727,0.00044583702858958023,0.395,False,False
72,heteroskedastic_null,False,polynomial_ridge_interactions,999,27460947,92281970,estimated,-2.7923005443750495e-05,-0.0005400472407412233,0.0004737867157665951,0.395,False,False
72,nonlinear_proxy,False,polynomial_ridge,99,27460947,92270954,estimated,0.0001757828621279118,-0.0006058372668382563,0.0012775738839585274,0.195,False,False
72,nonlinear_proxy,False,polynomial_ridge,199,27460947,92270954,estimated,0.0001757828621279118,-0.0006365402899419058,0.0013304878710179906,0.195,False,False
72,nonlinear_proxy,False,polynomial_ridge,499,27460947,92270954,estimated,0.0001757828621279118,-0.0006306114258618525,0.0014018286753766794,0.195,False,False
72,nonlinear_proxy,False,polynomial_ridge,999,27460947,92270954,estimated,0.0001757828621279118,-0.0006468621554848881,0.0013830084127721234,0.195,False,False
72,nonlinear_proxy,False,polynomial_ridge_interactions,99,27460947,92271963,estimated,-3.918151208757645e-05,-0.0006206637204190635,0.0007567884556879925,0.205,False,False
72,nonlinear_proxy,False,polynomial_ridge_interactions,199,27460947,92271963,estimated,-3.918151208757645e-05,-0.0005260989606433078,0.000652112167707888,0.205,False,False
72,nonlinear_proxy,False,polynomial_ridge_interactions,499,27460947,92271963,estimated,-3.918151208757645e-05,-0.0004972475537007358,0.0006620275820489975,0.205,False,False
72,nonlinear_proxy,False,polynomial_ridge_interactions,999,27460947,92271963,estimated,-3.918151208757645e-05,-0.0005577281291014842,0.0008076088423623384,0.205,False,False
72,null_metric,False,polynomial_ridge,99,27460947,92260947,estimated,-0.0006456963062912227,-0.0030912852258809646,0.00345049190982222,0.365,False,False
72,null_metric,False,polynomial_ridge,199,27460947,92260947,estimated,-0.0006456963062912227,-0.0028120478748996395,0.0033220631949462233,0.365,False,False
72,null_metric,False,polynomial_ridge,499,27460947,92260947,estimated,-0.0006456963062912227,-0.002952419793927712,0.003027994817616049,0.365,False,False
72,null_metric,False,polynomial_ridge,999,27460947,92260947,estimated,-0.0006456963062912227,-0.0029127337072424775,0.0030443258894321174,0.365,False,False
72,null_metric,False,polynomial_ridge_interactions,99,27460947,92261956,estimated,6.148652082286002e-05,-0.0008508734598689855,0.003004851499747517,0.75,False,False
72,null_metric,False,polynomial_ridge_interactions,199,27460947,92261956,estimated,6.148652082286002e-05,-0.0010120322655427488,0.0025191648883363567,0.75,False,False
72,null_metric,False,polynomial_ridge_interactions,499,27460947,92261956,estimated,6.148652082286002e-05,-0.0009733825573105396,0.0023379491637145343,0.75,False,False
72,null_metric,False,polynomial_ridge_interactions,999,27460947,92261956,estimated,6.148652082286002e-05,-0.0008654783624441473,0.0023078673763801474,0.75,False,False
73,clustered_null,False,polynomial_ridge,99,27560950,93290971,estimated,-0.0034531826084306383,-0.012069831902729459,0.012465052219577465,0.32,False,False
73,clustered_null,False,polynomial_ridge,199,27560950,93290971,estimated,-0.0034531826084306383,-0.01205379559878954,0.010947995738566491,0.32,False,False
73,clustered_null,False,polynomial_ridge,499,27560950,93290971,estimated,-0.0034531826084306383,-0.01766299648167802,0.01197040878344083,0.32,False,False
73,clustered_null,False,polynomial_ridge,999,27560950,93290971,estimated,-0.0034531826084306383,-0.016926670136542414,0.012590318040741531,0.32,False,False
73,clustered_null,False,polynomial_ridge_interactions,99,27560950,93291980,estimated,-0.0015329232965915485,-0.008777812316342094,0.007627269236442234,0.105,False,False
73,clustered_null,False,polynomial_ridge_interactions,199,27560950,93291980,estimated,-0.0015329232965915485,-0.010290701790772268,0.013361023802281888,0.105,False,False
73,clustered_null,False,polynomial_ridge_interactions,499,27560950,93291980,estimated,-0.0015329232965915485,-0.008735898359813551,0.014139643683151097,0.105,False,False
73,clustered_null,False,polynomial_ridge_interactions,999,27560950,93291980,estimated,-0.0015329232965915485,-0.010644964587671278,0.014472188532081898,0.105,False,False
73,genuine_increment,True,polynomial_ridge,99,27560950,93300978,estimated,0.02760700687410508,0.0211342945592264,0.03510568592160737,0.005,True,True
73,genuine_increment,True,polynomial_ridge,199,27560950,93300978,estimated,0.02760700687410508,0.019471494106110123,0.034871539546426536,0.005,True,True
73,genuine_increment,True,polynomial_ridge,499,27560950,93300978,estimated,0.02760700687410508,0.02000753553277869,0.035107717304896965,0.005,True,True
73,genuine_increment,True,polynomial_ridge,999,27560950,93300978,estimated,0.02760700687410508,0.01982880432900404,0.03531536487962812,0.005,True,True
73,genuine_increment,True,polynomial_ridge_interactions,99,27560950,93301987,estimated,0.029698813952411432,0.02184418891209273,0.034421003970257706,0.005,True,True
73,genuine_increment,True,polynomial_ridge_interactions,199,27560950,93301987,estimated,0.029698813952411432,0.02102231607394858,0.03449771548861273,0.005,True,True
73,genuine_increment,True,polynomial_ridge_interactions,499,27560950,93301987,estimated,0.029698813952411432,0.019730879257018517,0.03637405113055175,0.005,True,True
73,genuine_increment,True,polynomial_ridge_interactions,999,27560950,93301987,estimated,0.029698813952411432,0.020160296150929,0.03625027901776045,0.005,True,True
73,heteroskedastic_null,False,polynomial_ridge,99,27560950,93280964,estimated,0.0002753087805697739,-0.00026757658528677613,0.0028406114107546025,0.74,False,False
73,heteroskedastic_null,False,polynomial_ridge,199,27560950,93280964,estimated,0.0002753087805697739,-0.0003737827433037177,0.00270873689375656,0.74,False,False
73,heteroskedastic_null,False,polynomial_ridge,499,27560950,93280964,estimated,0.0002753087805697739,-0.0005314785204129403,0.0030008287658415864,0.74,False,False
73,heteroskedastic_null,False,polynomial_ridge,999,27560950,93280964,estimated,0.0002753087805697739,-0.0005156732504371035,0.0031302545639729884,0.74,False,False
73,heteroskedastic_null,False,polynomial_ridge_interactions,99,27560950,93281973,estimated,-0.00018852657581183707,-0.0006798520790781987,0.0010935378471066686,0.835,False,False
73,heteroskedastic_null,False,polynomial_ridge_interactions,199,27560950,93281973,estimated,-0.00018852657581183707,-0.0005021830117056052,0.0012684000786679713,0.835,False,False
73,heteroskedastic_null,False,polynomial_ridge_interactions,499,27560950,93281973,estimated,-0.00018852657581183707,-0.0004958795084120545,0.001024662395517777,0.835,False,False
73,heteroskedastic_null,False,polynomial_ridge_interactions,999,27560950,93281973,estimated,-0.00018852657581183707,-0.0004697268004659286,0.0010896586432528209,0.835,False,False
73,nonlinear_proxy,False,polynomial_ridge,99,27560950,93270957,estimated,-0.00015696079966238952,-0.0007535752332385294,0.001840235204602149,0.43,False,False
73,nonlinear_proxy,False,polynomial_ridge,199,27560950,93270957,estimated,-0.00015696079966238952,-0.0006373124593300393,0.001886369723908508,0.43,False,False
73,nonlinear_proxy,False,polynomial_ridge,499,27560950,93270957,estimated,-0.00015696079966238952,-0.0007102247715916618,0.0020354209342422834,0.43,False,False
73,nonlinear_proxy,False,polynomial_ridge,999,27560950,93270957,estimated,-0.00015696079966238952,-0.000734995698768271,0.002052144610819222,0.43,False,False
73,nonlinear_proxy,False,polynomial_ridge_interactions,99,27560950,93271966,estimated,7.47909506837452e-05,-0.00026464516628492776,0.001164373098764218,0.51,False,False
73,nonlinear_proxy,False,polynomial_ridge_interactions,199,27560950,93271966,estimated,7.47909506837452e-05,-0.0002615574420841319,0.0012110841274044553,0.51,False,False
73,nonlinear_proxy,False,polynomial_ridge_interactions,499,27560950,93271966,estimated,7.47909506837452e-05,-0.000256759263650285,0.001399743210850005,0.51,False,False
73,nonlinear_proxy,False,polynomial_ridge_interactions,999,27560950,93271966,estimated,7.47909506837452e-05,-0.0002896975106341082,0.0013450574210119909,0.51,False,False
73,null_metric,False,polynomial_ridge,99,27560950,93260950,estimated,-0.0006369047018406522,-0.001753648751723397,0.0019389876855677257,0.825,False,False
73,null_metric,False,polynomial_ridge,199,27560950,93260950,estimated,-0.0006369047018406522,-0.002211888561231755,0.00194872809661588,0.825,False,False
73,null_metric,False,polynomial_ridge,499,27560950,93260950,estimated,-0.0006369047018406522,-0.0022048089600989213,0.0019940704058194173,0.825,False,False
73,null_metric,False,polynomial_ridge,999,27560950,93260950,estimated,-0.0006369047018406522,-0.0021185979978951006,0.001996823203784916,0.825,False,False
73,null_metric,False,polynomial_ridge_interactions,99,27560950,93261959,estimated,-0.0006345496931153168,-0.0009552397989444118,0.0008209682397814379,0.97,False,False
73,null_metric,False,polynomial_ridge_interactions,199,27560950,93261959,estimated,-0.0006345496931153168,-0.0011042288178673863,0.0008627575454640609,0.97,False,False
73,null_metric,False,polynomial_ridge_interactions,499,27560950,93261959,estimated,-0.0006345496931153168,-0.0011285664751883894,0.001058658689598378,0.97,False,False
73,null_metric,False,polynomial_ridge_interactions,999,27560950,93261959,estimated,-0.0006345496931153168,-0.00109610750629929,0.0010052825358785483,0.97,False,False
74,clustered_null,False,polynomial_ridge,99,27660953,94290974,estimated,-0.002376100261539227,-0.011406951673368066,0.0038131980948218724,0.35,False,False
74,clustered_null,False,polynomial_ridge,199,27660953,94290974,estimated,-0.002376100261539227,-0.010951735265609976,0.0074543640446146885,0.35,False,False
74,clustered_null,False,polynomial_ridge,499,27660953,94290974,estimated,-0.002376100261539227,-0.01018445561018464,0.005996017862200282,0.35,False,False
74,clustered_null,False,polynomial_ridge,999,27660953,94290974,estimated,-0.002376100261539227,-0.009074751493922355,0.005072958475312681,0.35,False,False
74,clustered_null,False,polynomial_ridge_interactions,99,27660953,94291983,estimated,-0.0008311478529265514,-0.0040502165200921696,0.014457249555583158,0.22,False,False
74,clustered_null,False,polynomial_ridge_interactions,199,27660953,94291983,estimated,-0.0008311478529265514,-0.00460952410676788,0.01914129194622034,0.22,False,False
74,clustered_null,False,polynomial_ridge_interactions,499,27660953,94291983,estimated,-0.0008311478529265514,-0.004623606749402926,0.010000336727727599,0.22,False,False
74,clustered_null,False,polynomial_ridge_interactions,999,27660953,94291983,estimated,-0.0008311478529265514,-0.004724212529240606,0.00836943088525505,0.22,False,False
74,genuine_increment,True,polynomial_ridge,99,27660953,94300981,estimated,0.044071814004390836,0.02866555953223895,0.05345299011541379,0.005,True,True
74,genuine_increment,True,polynomial_ridge,199,27660953,94300981,estimated,0.044071814004390836,0.02898186507340894,0.05241144982573024,0.005,True,True
74,genuine_increment,True,polynomial_ridge,499,27660953,94300981,estimated,0.044071814004390836,0.029611013226828006,0.052353177781576506,0.005,True,True
74,genuine_increment,True,polynomial_ridge,999,27660953,94300981,estimated,0.044071814004390836,0.029987542712248898,0.05240600904997479,0.005,True,True
74,genuine_increment,True,polynomial_ridge_interactions,99,27660953,94301990,estimated,0.04336299637876729,0.03020888162709445,0.05147949679421985,0.005,True,True
74,genuine_increment,True,polynomial_ridge_interactions,199,27660953,94301990,estimated,0.04336299637876729,0.030182740255447284,0.051837588785709224,0.005,True,True
74,genuine_increment,True,polynomial_ridge_interactions,499,27660953,94301990,estimated,0.04336299637876729,0.03015456291856236,0.052203078445552414,0.005,True,True
74,genuine_increment,True,polynomial_ridge_interactions,999,27660953,94301990,estimated,0.04336299637876729,0.029959236765307984,0.051690152586626376,0.005,True,True
74,heteroskedastic_null,False,polynomial_ridge,99,27660953,94280967,estimated,-0.000760529965063263,-0.0011812479932127216,0.0006261155209392824,0.34,False,False
74,heteroskedastic_null,False,polynomial_ridge,199,27660953,94280967,estimated,-0.000760529965063263,-0.0011681921644637618,0.0006736912046819274,0.34,False,False
74,heteroskedastic_null,False,polynomial_ridge,499,27660953,94280967,estimated,-0.000760529965063263,-0.0012554680516863339,0.0007177719037810996,0.34,False,False
74,heteroskedastic_null,False,polynomial_ridge,999,27660953,94280967,estimated,-0.000760529965063263,-0.001303860088095285,0.0006730617906781771,0.34,False,False
74,heteroskedastic_null,False,polynomial_ridge_interactions,99,27660953,94281976,estimated,-7.355746275221862e-05,-0.0005160558179886263,0.0003883537273258793,0.36,False,False
74,heteroskedastic_null,False,polynomial_ridge_interactions,199,27660953,94281976,estimated,-7.355746275221862e-05,-0.0005794781641828937,0.0004321816924108286,0.36,False,False
74,heteroskedastic_null,False,polynomial_ridge_interactions,499,27660953,94281976,estimated,-7.355746275221862e-05,-0.000569851697172014,0.00043256821520957063,0.36,False,False
74,heteroskedastic_null,False,polynomial_ridge_interactions,999,27660953,94281976,estimated,-7.355746275221862e-05,-0.000611287463370291,0.00042978369260534107,0.36,False,False
74,nonlinear_proxy,False,polynomial_ridge,99,27660953,94270960,estimated,8.445816722039805e-05,-0.00044268292575783347,0.0014932736795964514,0.56,False,False
74,nonlinear_proxy,False,polynomial_ridge,199,27660953,94270960,estimated,8.445816722039805e-05,-0.0004461571530286256,0.0014901187429697746,0.56,False,False
74,nonlinear_proxy,False,polynomial_ridge,499,27660953,94270960,estimated,8.445816722039805e-05,-0.0005179193503027929,0.001515877621244083,0.56,False,False
74,nonlinear_proxy,False,polynomial_ridge,999,27660953,94270960,estimated,8.445816722039805e-05,-0.0005446229428837458,0.0016106323955552312,0.56,False,False
74,nonlinear_proxy,False,polynomial_ridge_interactions,99,27660953,94271969,estimated,8.319546755181095e-05,-0.00025789302424569983,0.0014014744143294234,0.605,False,False
74,nonlinear_proxy,False,polynomial_ridge_interactions,199,27660953,94271969,estimated,8.319546755181095e-05,-0.00031876119993945543,0.0014458065950981218,0.605,False,False
74,nonlinear_proxy,False,polynomial_ridge_interactions,499,27660953,94271969,estimated,8.319546755181095e-05,-0.0002891886448423483,0.001446488644966346,0.605,False,False
74,nonlinear_proxy,False,polynomial_ridge_interactions,999,27660953,94271969,estimated,8.319546755181095e-05,-0.0003259344887223581,0.0014479052340931942,0.605,False,False
74,null_metric,False,polynomial_ridge,99,27660953,94260953,estimated,-0.0008507436708106372,-0.002805812744896484,0.0016164616131007393,0.33,False,False
74,null_metric,False,polynomial_ridge,199,27660953,94260953,estimated,-0.0008507436708106372,-0.002735115129071651,0.0021019173889108493,0.33,False,False
74,null_metric,False,polynomial_ridge,499,27660953,94260953,estimated,-0.0008507436708106372,-0.002450681156809714,0.002095918320413132,0.33,False,False
74,null_metric,False,polynomial_ridge,999,27660953,94260953,estimated,-0.0008507436708106372,-0.0022974151129643763,0.0020962095893858027,0.33,False,False
74,null_metric,False,polynomial_ridge_interactions,99,27660953,94261962,estimated,0.00022907350228258336,-0.0010456400538955929,0.0007395649572096031,0.695,False,False
74,null_metric,False,polynomial_ridge_interactions,199,27660953,94261962,estimated,0.00022907350228258336,-0.0010361253762899958,0.001142740206733155,0.695,False,False
74,null_metric,False,polynomial_ridge_interactions,499,27660953,94261962,estimated,0.00022907350228258336,-0.0009658167452570906,0.001188567099656314,0.695,False,False
74,null_metric,False,polynomial_ridge_interactions,999,27660953,94261962,estimated,0.00022907350228258336,-0.0010270017913075475,0.0010776946062946767,0.695,False,False
75,clustered_null,False,polynomial_ridge,99,27760956,95290977,estimated,-0.019965069813432674,-0.026224287670515024,0.014315874126121264,0.425,False,False
75,clustered_null,False,polynomial_ridge,199,27760956,95290977,estimated,-0.019965069813432674,-0.024407109973082902,0.013188361567171398,0.425,False,False
75,clustered_null,False,polynomial_ridge,499,27760956,95290977,estimated,-0.019965069813432674,-0.025341122051645078,0.01295325603737251,0.425,False,False
75,clustered_null,False,polynomial_ridge,999,27760956,95290977,estimated,-0.019965069813432674,-0.02424561183111256,0.011549731774153749,0.425,False,False
75,clustered_null,False,polynomial_ridge_interactions,99,27760956,95291986,estimated,-0.0011748226650915572,-0.022516156760948695,0.013206781554104909,0.34,False,False
75,clustered_null,False,polynomial_ridge_interactions,199,27760956,95291986,estimated,-0.0011748226650915572,-0.01753190776696641,0.01305481300079356,0.34,False,False
75,clustered_null,False,polynomial_ridge_interactions,499,27760956,95291986,estimated,-0.0011748226650915572,-0.01882137523962182,0.01151053982134323,0.34,False,False
75,clustered_null,False,polynomial_ridge_interactions,999,27760956,95291986,estimated,-0.0011748226650915572,-0.020321833694536662,0.013347090710040938,0.34,False,False
75,genuine_increment,True,polynomial_ridge,99,27760956,95300984,estimated,0.04354556689658308,0.03199875364452753,0.05557771543338319,0.005,True,True
75,genuine_increment,True,polynomial_ridge,199,27760956,95300984,estimated,0.04354556689658308,0.03124922176320424,0.05653558507538952,0.005,True,True
75,genuine_increment,True,polynomial_ridge,499,27760956,95300984,estimated,0.04354556689658308,0.032797206590463576,0.05631258676892629,0.005,True,True
75,genuine_increment,True,polynomial_ridge,999,27760956,95300984,estimated,0.04354556689658308,0.03196608821650513,0.05614540969963878,0.005,True,True
75,genuine_increment,True,polynomial_ridge_interactions,99,27760956,95301993,estimated,0.043602191658837476,0.03343069544141217,0.0539400729565111,0.005,True,True
75,genuine_increment,True,polynomial_ridge_interactions,199,27760956,95301993,estimated,0.043602191658837476,0.03330012957364069,0.0547314449440111,0.005,True,True
75,genuine_increment,True,polynomial_ridge_interactions,499,27760956,95301993,estimated,0.043602191658837476,0.032731390895548274,0.05541601342259221,0.005,True,True
75,genuine_increment,True,polynomial_ridge_interactions,999,27760956,95301993,estimated,0.043602191658837476,0.032813396501870304,0.054577933736429884,0.005,True,True
75,heteroskedastic_null,False,polynomial_ridge,99,27760956,95280970,estimated,-0.0006121836791589241,-0.00113046793285306,0.003187089589808236,0.64,False,False
75,heteroskedastic_null,False,polynomial_ridge,199,27760956,95280970,estimated,-0.0006121836791589241,-0.001714915076487057,0.0033400562352924336,0.64,False,False
75,heteroskedastic_null,False,polynomial_ridge,499,27760956,95280970,estimated,-0.0006121836791589241,-0.0019206361257770436,0.002904497376013094,0.64,False,False
75,heteroskedastic_null,False,polynomial_ridge,999,27760956,95280970,estimated,-0.0006121836791589241,-0.0019363688436602375,0.0027930622537880125,0.64,False,False
75,heteroskedastic_null,False,polynomial_ridge_interactions,99,27760956,95281979,estimated,0.0005356149101273834,-0.0015090539214307,0.0023557682801828303,0.93,False,False
75,heteroskedastic_null,False,polynomial_ridge_interactions,199,27760956,95281979,estimated,0.0005356149101273834,-0.0013721470180241208,0.00219652875705848,0.93,False,False
75,heteroskedastic_null,False,polynomial_ridge_interactions,499,27760956,95281979,estimated,0.0005356149101273834,-0.0011325074545089158,0.002016034019985292,0.93,False,False
75,heteroskedastic_null,False,polynomial_ridge_interactions,999,27760956,95281979,estimated,0.0005356149101273834,-0.0011374025269284308,0.002101379350777008,0.93,False,False
75,nonlinear_proxy,False,polynomial_ridge,99,27760956,95270963,estimated,-0.0009026554888581437,-0.0014065220807497206,0.0013740028616932812,0.76,False,False
75,nonlinear_proxy,False,polynomial_ridge,199,27760956,95270963,estimated,-0.0009026554888581437,-0.0015028281088068302,0.0013304355307360352,0.76,False,False
75,nonlinear_proxy,False,polynomial_ridge,499,27760956,95270963,estimated,-0.0009026554888581437,-0.00143415610443211,0.00149280337062998,0.76,False,False
75,nonlinear_proxy,False,polynomial_ridge,999,27760956,95270963,estimated,-0.0009026554888581437,-0.0014042921868820852,0.0016248209419168398,0.76,False,False
75,nonlinear_proxy,False,polynomial_ridge_interactions,99,27760956,95271972,estimated,-0.00032164783159158335,-0.0005355312161691156,0.0013752987589971178,0.955,False,False
75,nonlinear_proxy,False,polynomial_ridge_interactions,199,27760956,95271972,estimated,-0.00032164783159158335,-0.000552762940896464,0.0011845050685278381,0.955,False,False
75,nonlinear_proxy,False,polynomial_ridge_interactions,499,27760956,95271972,estimated,-0.00032164783159158335,-0.0005853466069093862,0.0009351130330084278,0.955,False,False
75,nonlinear_proxy,False,polynomial_ridge_interactions,999,27760956,95271972,estimated,-0.00032164783159158335,-0.0007019457250571733,0.0009504675147044442,0.955,False,False
75,null_metric,False,polynomial_ridge,99,27760956,95260956,estimated,-0.000669746956788831,-0.002449856674990584,0.002005882984616078,0.88,False,False
75,null_metric,False,polynomial_ridge,199,27760956,95260956,estimated,-0.000669746956788831,-0.0025637891556911283,0.002056119415932826,0.88,False,False
75,null_metric,False,polynomial_ridge,499,27760956,95260956,estimated,-0.000669746956788831,-0.0025142270945214588,0.0021832605077775104,0.88,False,False
75,null_metric,False,polynomial_ridge,999,27760956,95260956,estimated,-0.000669746956788831,-0.0024436865075995367,0.002377656944102796,0.88,False,False
75,null_metric,False,polynomial_ridge_interactions,99,27760956,95261965,estimated,-0.0012608189845555624,-0.001101175289946421,0.0008909410246356235,0.685,False,False
75,null_metric,False,polynomial_ridge_interactions,199,27760956,95261965,estimated,-0.0012608189845555624,-0.0011836821473770445,0.000913844703244339,0.685,False,False
75,null_metric,False,polynomial_ridge_interactions,499,27760956,95261965,estimated,-0.0012608189845555624,-0.0012630851652372932,0.0009999563483819311,0.685,False,False
75,null_metric,False,polynomial_ridge_interactions,999,27760956,95261965,estimated,-0.0012608189845555624,-0.0012744855637102982,0.0010774970829113865,0.685,False,False
76,clustered_null,False,polynomial_ridge,99,27860959,96290980,estimated,-0.0020274891073335105,-0.021335442269270314,0.0038981938015448005,0.8,False,False
76,clustered_null,False,polynomial_ridge,199,27860959,96290980,estimated,-0.0020274891073335105,-0.018531899961506754,0.004097566086528744,0.8,False,False
76,clustered_null,False,polynomial_ridge,499,27860959,96290980,estimated,-0.0020274891073335105,-0.017789144617997358,0.00662153007037388,0.8,False,False
76,clustered_null,False,polynomial_ridge,999,27860959,96290980,estimated,-0.0020274891073335105,-0.016200405157347532,0.006557976178395369,0.8,False,False
76,clustered_null,False,polynomial_ridge_interactions,99,27860959,96291989,estimated,-0.0011239437933927808,-0.005152305135066086,0.005095937407285714,0.905,False,False
76,clustered_null,False,polynomial_ridge_interactions,199,27860959,96291989,estimated,-0.0011239437933927808,-0.005330652900563878,0.0051888399834690985,0.905,False,False
76,clustered_null,False,polynomial_ridge_interactions,499,27860959,96291989,estimated,-0.0011239437933927808,-0.005948769732493034,0.005125731001522089,0.905,False,False
76,clustered_null,False,polynomial_ridge_interactions,999,27860959,96291989,estimated,-0.0011239437933927808,-0.0061880698458138825,0.0065903664824806425,0.905,False,False
76,genuine_increment,True,polynomial_ridge,99,27860959,96300987,estimated,0.047178575074478,0.03541104161088641,0.056289229234206324,0.005,True,True
76,genuine_increment,True,polynomial_ridge,199,27860959,96300987,estimated,0.047178575074478,0.03589406615661206,0.05817232844315808,0.005,True,True
76,genuine_increment,True,polynomial_ridge,499,27860959,96300987,estimated,0.047178575074478,0.03573541799739212,0.05807898962481545,0.005,True,True
76,genuine_increment,True,polynomial_ridge,999,27860959,96300987,estimated,0.047178575074478,0.03577619620777504,0.05765452710917556,0.005,True,True
76,genuine_increment,True,polynomial_ridge_interactions,99,27860959,96301996,estimated,0.04545052990242521,0.03722534275903479,0.05664101858750135,0.005,True,True
76,genuine_increment,True,polynomial_ridge_interactions,199,27860959,96301996,estimated,0.04545052990242521,0.03637723107351584,0.055200151887409815,0.005,True,True
76,genuine_increment,True,polynomial_ridge_interactions,499,27860959,96301996,estimated,0.04545052990242521,0.035815766178544886,0.05451233558833691,0.005,True,True
76,genuine_increment,True,polynomial_ridge_interactions,999,27860959,96301996,estimated,0.04545052990242521,0.035241150007488405,0.05478211747420528,0.005,True,True
76,heteroskedastic_null,False,polynomial_ridge,99,27860959,96280973,estimated,-0.000776425198219903,-0.0016901368337040091,0.00039239650181080817,0.88,False,False
76,heteroskedastic_null,False,polynomial_ridge,199,27860959,96280973,estimated,-0.000776425198219903,-0.0014368303376953275,0.0008887206853019565,0.88,False,False
76,heteroskedastic_null,False,polynomial_ridge,499,27860959,96280973,estimated,-0.000776425198219903,-0.001605594354438989,0.0007110289010917334,0.88,False,False
76,heteroskedastic_null,False,polynomial_ridge,999,27860959,96280973,estimated,-0.000776425198219903,-0.001671400603219521,0.0006693577444783613,0.88,False,False
76,heteroskedastic_null,False,polynomial_ridge_interactions,99,27860959,96281982,estimated,-0.00016288174652785703,-0.0005126089438028565,0.0001341021772001152,0.825,False,False
76,heteroskedastic_null,False,polynomial_ridge_interactions,199,27860959,96281982,estimated,-0.00016288174652785703,-0.000497244431943978,0.00019705688148138686,0.825,False,False
76,heteroskedastic_null,False,polynomial_ridge_interactions,499,27860959,96281982,estimated,-0.00016288174652785703,-0.000541915253978093,0.0002609019615828221,0.825,False,False
76,heteroskedastic_null,False,polynomial_ridge_interactions,999,27860959,96281982,estimated,-0.00016288174652785703,-0.0005319858392769874,0.00028138196367631673,0.825,False,False
76,nonlinear_proxy,False,polynomial_ridge,99,27860959,96270966,estimated,-0.00041672230920157885,-0.0013978435646106744,0.0014726618285804845,0.735,False,False
76,nonlinear_proxy,False,polynomial_ridge,199,27860959,96270966,estimated,-0.00041672230920157885,-0.0013951469165594428,0.0014992428489686,0.735,False,False
76,nonlinear_proxy,False,polynomial_ridge,499,27860959,96270966,estimated,-0.00041672230920157885,-0.0012816378314638222,0.0014528884296943713,0.735,False,False
76,nonlinear_proxy,False,polynomial_ridge,999,27860959,96270966,estimated,-0.00041672230920157885,-0.001206088096917785,0.001443021754561566,0.735,False,False
76,nonlinear_proxy,False,polynomial_ridge_interactions,99,27860959,96271975,estimated,-0.00010071252824017662,-0.0008147943572244639,0.000520773839683807,0.72,False,False
76,nonlinear_proxy,False,polynomial_ridge_interactions,199,27860959,96271975,estimated,-0.00010071252824017662,-0.0006420890422553978,0.0005341969618675499,0.72,False,False
76,nonlinear_proxy,False,polynomial_ridge_interactions,499,27860959,96271975,estimated,-0.00010071252824017662,-0.0006023259745399695,0.0005049406946596842,0.72,False,False
76,nonlinear_proxy,False,polynomial_ridge_interactions,999,27860959,96271975,estimated,-0.00010071252824017662,-0.0006231981963676622,0.00047741258188988044,0.72,False,False
76,null_metric,False,polynomial_ridge,99,27860959,96260959,estimated,6.974590689714025e-05,-0.00334390389714079,0.0024898866950012763,0.125,False,False
76,null_metric,False,polynomial_ridge,199,27860959,96260959,estimated,6.974590689714025e-05,-0.0028540468949029016,0.0026482595653257368,0.125,False,False
76,null_metric,False,polynomial_ridge,499,27860959,96260959,estimated,6.974590689714025e-05,-0.00289515461550937,0.003306478390072062,0.125,False,False
76,null_metric,False,polynomial_ridge,999,27860959,96260959,estimated,6.974590689714025e-05,-0.0027869543062259534,0.0033582027223365827,0.125,False,False
76,null_metric,False,polynomial_ridge_interactions,99,27860959,96261968,estimated,-7.479146241944068e-05,-0.001096525128183636,0.0019577394838496197,0.08,False,False
76,null_metric,False,polynomial_ridge_interactions,199,27860959,96261968,estimated,-7.479146241944068e-05,-0.00090746841311029,0.0013974774490047481,0.08,False,False
76,null_metric,False,polynomial_ridge_interactions,499,27860959,96261968,estimated,-7.479146241944068e-05,-0.0011707774470836182,0.0016217550736567948,0.08,False,False
76,null_metric,False,polynomial_ridge_interactions,999,27860959,96261968,estimated,-7.479146241944068e-05,-0.0010992361711238724,0.001667120974103611,0.08,False,False
77,clustered_null,False,polynomial_ridge,99,27960962,97290983,estimated,-0.01573042385747049,-0.015710973439452807,0.02785082451294537,0.215,False,False
77,clustered_null,False,polynomial_ridge,199,27960962,97290983,estimated,-0.01573042385747049,-0.01506566720355964,0.020940879469518635,0.215,False,False
77,clustered_null,False,polynomial_ridge,499,27960962,97290983,estimated,-0.01573042385747049,-0.019493098761018606,0.016112289795926975,0.215,False,False
77,clustered_null,False,polynomial_ridge,999,27960962,97290983,estimated,-0.01573042385747049,-0.02264584589589981,0.016336426699148074,0.215,False,False
77,clustered_null,False,polynomial_ridge_interactions,99,27960962,97291992,estimated,0.002003763848770445,-0.011046761169705956,0.015350907654097651,0.43,False,False
77,clustered_null,False,polynomial_ridge_interactions,199,27960962,97291992,estimated,0.002003763848770445,-0.011929546551734433,0.011874338144954092,0.43,False,False
77,clustered_null,False,polynomial_ridge_interactions,499,27960962,97291992,estimated,0.002003763848770445,-0.014892310753876458,0.011923077343079909,0.43,False,False
77,clustered_null,False,polynomial_ridge_interactions,999,27960962,97291992,estimated,0.002003763848770445,-0.015205967458471656,0.011556013419190839,0.43,False,False
77,genuine_increment,True,polynomial_ridge,99,27960962,97300990,estimated,0.033249156741061846,0.024148690493378807,0.047074687352808675,0.005,True,True
77,genuine_increment,True,polynomial_ridge,199,27960962,97300990,estimated,0.033249156741061846,0.023317543512076738,0.045961981241405006,0.005,True,True
77,genuine_increment,True,polynomial_ridge,499,27960962,97300990,estimated,0.033249156741061846,0.023400154873918794,0.04439418891845415,0.005,True,True
77,genuine_increment,True,polynomial_ridge,999,27960962,97300990,estimated,0.033249156741061846,0.023543333461120614,0.04481358767622249,0.005,True,True
77,genuine_increment,True,polynomial_ridge_interactions,99,27960962,97301999,estimated,0.03406251192975967,0.02498359351632377,0.04659038783672074,0.005,True,True
77,genuine_increment,True,polynomial_ridge_interactions,199,27960962,97301999,estimated,0.03406251192975967,0.02408353954389258,0.04557200481335719,0.005,True,True
77,genuine_increment,True,polynomial_ridge_interactions,499,27960962,97301999,estimated,0.03406251192975967,0.023876976497921542,0.04496872228542979,0.005,True,True
77,genuine_increment,True,polynomial_ridge_interactions,999,27960962,97301999,estimated,0.03406251192975967,0.023089329276865623,0.04515426419073954,0.005,True,True
77,heteroskedastic_null,False,polynomial_ridge,99,27960962,97280976,estimated,-0.00018596610957679477,-0.0007234512252919361,0.0014067904480377855,0.6,False,False
77,heteroskedastic_null,False,polynomial_ridge,199,27960962,97280976,estimated,-0.00018596610957679477,-0.0007785383483176751,0.001285245093924982,0.6,False,False
77,heteroskedastic_null,False,polynomial_ridge,499,27960962,97280976,estimated,-0.00018596610957679477,-0.0009291479044043274,0.0011598201165045803,0.6,False,False
77,heteroskedastic_null,False,polynomial_ridge,999,27960962,97280976,estimated,-0.00018596610957679477,-0.0009207178668319824,0.00124562578339671,0.6,False,False
77,heteroskedastic_null,False,polynomial_ridge_interactions,99,27960962,97281985,estimated,-0.00017134141176605028,-0.0005022350543533125,0.00040887632313952314,0.835,False,False
77,heteroskedastic_null,False,polynomial_ridge_interactions,199,27960962,97281985,estimated,-0.00017134141176605028,-0.0005119832744927423,0.0004463332442090539,0.835,False,False
77,heteroskedastic_null,False,polynomial_ridge_interactions,499,27960962,97281985,estimated,-0.00017134141176605028,-0.000562668385193299,0.0005418710691698305,0.835,False,False
77,heteroskedastic_null,False,polynomial_ridge_interactions,999,27960962,97281985,estimated,-0.00017134141176605028,-0.0005501122457924822,0.0005595775214170521,0.835,False,False
77,nonlinear_proxy,False,polynomial_ridge,99,27960962,97270969,estimated,-0.00014839115467758096,-0.0003737495640359568,0.0012540270283208272,0.23,False,False
77,nonlinear_proxy,False,polynomial_ridge,199,27960962,97270969,estimated,-0.00014839115467758096,-0.0005319141222371521,0.0011145152962167037,0.23,False,False
77,nonlinear_proxy,False,polynomial_ridge,499,27960962,97270969,estimated,-0.00014839115467758096,-0.0006431127634896806,0.001340257860502345,0.23,False,False
77,nonlinear_proxy,False,polynomial_ridge,999,27960962,97270969,estimated,-0.00014839115467758096,-0.0006007423911450121,0.0013436721650485785,0.23,False,False
77,nonlinear_proxy,False,polynomial_ridge_interactions,99,27960962,97271978,estimated,2.4260156699494433e-05,-0.00038693857123678,0.001005785246197825,0.03,False,False
77,nonlinear_proxy,False,polynomial_ridge_interactions,199,27960962,97271978,estimated,2.4260156699494433e-05,-0.000305325387913423,0.001139430790094713,0.03,False,False
77,nonlinear_proxy,False,polynomial_ridge_interactions,499,27960962,97271978,estimated,2.4260156699494433e-05,-0.0002682637482462785,0.001117660057148503,0.03,False,False
77,nonlinear_proxy,False,polynomial_ridge_interactions,999,27960962,97271978,estimated,2.4260156699494433e-05,-0.0002774568333027652,0.0009984067603518712,0.03,False,False
77,null_metric,False,polynomial_ridge,99,27960962,97260962,estimated,-0.0012323350831435244,-0.001872410161340093,0.0036231627892391047,0.61,False,False
77,null_metric,False,polynomial_ridge,199,27960962,97260962,estimated,-0.0012323350831435244,-0.001985683199466893,0.002811973388302915,0.61,False,False
77,null_metric,False,polynomial_ridge,499,27960962,97260962,estimated,-0.0012323350831435244,-0.002253202704462115,0.0023017760189554433,0.61,False,False
77,null_metric,False,polynomial_ridge,999,27960962,97260962,estimated,-0.0012323350831435244,-0.0022359612012545116,0.0020803190399829776,0.61,False,False
77,null_metric,False,polynomial_ridge_interactions,99,27960962,97261971,estimated,-0.0006901225028522369,-0.0014114267376267409,0.0005961666908941001,0.875,False,False
77,null_metric,False,polynomial_ridge_interactions,199,27960962,97261971,estimated,-0.0006901225028522369,-0.0015529706390401397,0.0009891458898086806,0.875,False,False
77,null_metric,False,polynomial_ridge_interactions,499,27960962,97261971,estimated,-0.0006901225028522369,-0.0015820621214796184,0.0008048509925253933,0.875,False,False
77,null_metric,False,polynomial_ridge_interactions,999,27960962,97261971,estimated,-0.0006901225028522369,-0.001531185655602797,0.0007420879461813059,0.875,False,False
78,clustered_null,False,polynomial_ridge,99,28060965,98290986,estimated,-0.00024905576055381587,-0.01051766744273504,0.00810642371384432,0.455,False,False
78,clustered_null,False,polynomial_ridge,199,28060965,98290986,estimated,-0.00024905576055381587,-0.012834839012098802,0.007841591777079469,0.455,False,False
78,clustered_null,False,polynomial_ridge,499,28060965,98290986,estimated,-0.00024905576055381587,-0.013494283986967438,0.008274441503808056,0.455,False,False
78,clustered_null,False,polynomial_ridge,999,28060965,98290986,estimated,-0.00024905576055381587,-0.014112947144265656,0.008834613436470592,0.455,False,False
78,clustered_null,False,polynomial_ridge_interactions,99,28060965,98291995,estimated,-0.0012543702697866664,-0.0070185488607839444,0.008895928975656546,0.68,False,False
78,clustered_null,False,polynomial_ridge_interactions,199,28060965,98291995,estimated,-0.0012543702697866664,-0.006618389877941621,0.009551404746382608,0.68,False,False
78,clustered_null,False,polynomial_ridge_interactions,499,28060965,98291995,estimated,-0.0012543702697866664,-0.008031008286284558,0.009376606122450124,0.68,False,False
78,clustered_null,False,polynomial_ridge_interactions,999,28060965,98291995,estimated,-0.0012543702697866664,-0.007670473603769192,0.006508638333972195,0.68,False,False
78,genuine_increment,True,polynomial_ridge,99,28060965,98300993,estimated,0.04553599197239035,0.03240070294583055,0.05767067509257,0.005,True,True
78,genuine_increment,True,polynomial_ridge,199,28060965,98300993,estimated,0.04553599197239035,0.03162259610079042,0.05556142578452619,0.005,True,True
78,genuine_increment,True,polynomial_ridge,499,28060965,98300993,estimated,0.04553599197239035,0.030045132618880175,0.05641391936541655,0.005,True,True
78,genuine_increment,True,polynomial_ridge,999,28060965,98300993,estimated,0.04553599197239035,0.02981712582810292,0.05625328290950374,0.005,True,True
78,genuine_increment,True,polynomial_ridge_interactions,99,28060965,98302002,estimated,0.045451693653359715,0.032509520912208746,0.05588260386641671,0.005,True,True
78,genuine_increment,True,polynomial_ridge_interactions,199,28060965,98302002,estimated,0.045451693653359715,0.03255061019157634,0.05611008330325592,0.005,True,True
78,genuine_increment,True,polynomial_ridge_interactions,499,28060965,98302002,estimated,0.045451693653359715,0.03156380917627956,0.05642135675381281,0.005,True,True
78,genuine_increment,True,polynomial_ridge_interactions,999,28060965,98302002,estimated,0.045451693653359715,0.031092443741234328,0.05687988719326779,0.005,True,True
78,heteroskedastic_null,False,polynomial_ridge,99,28060965,98280979,estimated,-0.00017713782860990547,-0.0009918279217219278,0.0009126477525732198,0.55,False,False
78,heteroskedastic_null,False,polynomial_ridge,199,28060965,98280979,estimated,-0.00017713782860990547,-0.0011376815564032316,0.0010154761926083598,0.55,False,False
78,heteroskedastic_null,False,polynomial_ridge,499,28060965,98280979,estimated,-0.00017713782860990547,-0.001153318100156987,0.0010015090745500378,0.55,False,False
78,heteroskedastic_null,False,polynomial_ridge,999,28060965,98280979,estimated,-0.00017713782860990547,-0.0011708928475377405,0.0009871363037832685,0.55,False,False
78,heteroskedastic_null,False,polynomial_ridge_interactions,99,28060965,98281988,estimated,5.413562704611151e-05,-0.0003410486334334322,0.0007914261310514824,0.775,False,False
78,heteroskedastic_null,False,polynomial_ridge_interactions,199,28060965,98281988,estimated,5.413562704611151e-05,-0.00035167785276973417,0.0009559680043882899,0.775,False,False
78,heteroskedastic_null,False,polynomial_ridge_interactions,499,28060965,98281988,estimated,5.413562704611151e-05,-0.0003437997449506933,0.0008965249878789487,0.775,False,False
78,heteroskedastic_null,False,polynomial_ridge_interactions,999,28060965,98281988,estimated,5.413562704611151e-05,-0.000369314192092924,0.0008331496259274087,0.775,False,False
78,nonlinear_proxy,False,polynomial_ridge,99,28060965,98270972,estimated,-0.00021664272680343554,-0.0006060575779247724,0.0013128294053909564,0.87,False,False
78,nonlinear_proxy,False,polynomial_ridge,199,28060965,98270972,estimated,-0.00021664272680343554,-0.0006663845589376088,0.001359605363692478,0.87,False,False
78,nonlinear_proxy,False,polynomial_ridge,499,28060965,98270972,estimated,-0.00021664272680343554,-0.0006566811171693767,0.0015589961012026055,0.87,False,False
78,nonlinear_proxy,False,polynomial_ridge,999,28060965,98270972,estimated,-0.00021664272680343554,-0.0007169969493255534,0.0014147223229810572,0.87,False,False
78,nonlinear_proxy,False,polynomial_ridge_interactions,99,28060965,98271981,estimated,-6.190622274694635e-05,-0.000250429673726979,0.0005038303215432104,0.215,False,False
78,nonlinear_proxy,False,polynomial_ridge_interactions,199,28060965,98271981,estimated,-6.190622274694635e-05,-0.00027626377041421084,0.0005172475468941998,0.215,False,False
78,nonlinear_proxy,False,polynomial_ridge_interactions,499,28060965,98271981,estimated,-6.190622274694635e-05,-0.00032181558076401764,0.0006652771997263329,0.215,False,False
78,nonlinear_proxy,False,polynomial_ridge_interactions,999,28060965,98271981,estimated,-6.190622274694635e-05,-0.0003340872152280032,0.0006911637617267834,0.215,False,False
78,null_metric,False,polynomial_ridge,99,28060965,98260965,estimated,-2.0085898544290604e-05,-0.0008096873109237691,0.004331194456685607,0.48,False,False
78,null_metric,False,polynomial_ridge,199,28060965,98260965,estimated,-2.0085898544290604e-05,-0.001385818143547092,0.004208047888293639,0.48,False,False
78,null_metric,False,polynomial_ridge,499,28060965,98260965,estimated,-2.0085898544290604e-05,-0.0015137763916598145,0.004221967964649545,0.48,False,False
78,null_metric,False,polynomial_ridge,999,28060965,98260965,estimated,-2.0085898544290604e-05,-0.0015443055834260101,0.004113558686445959,0.48,False,False
78,null_metric,False,polynomial_ridge_interactions,99,28060965,98261974,estimated,-0.0004438596152477499,-0.0016152999165523851,0.0008008917989505019,0.86,False,False
78,null_metric,False,polynomial_ridge_interactions,199,28060965,98261974,estimated,-0.0004438596152477499,-0.0012997644808853983,0.0005795708708386123,0.86,False,False
78,null_metric,False,polynomial_ridge_interactions,499,28060965,98261974,estimated,-0.0004438596152477499,-0.001272266160059954,0.0006558270998823294,0.86,False,False
78,null_metric,False,polynomial_ridge_interactions,999,28060965,98261974,estimated,-0.0004438596152477499,-0.0012982952477649608,0.0007459127547989305,0.86,False,False
79,clustered_null,False,polynomial_ridge,99,28160968,99290989,estimated,-0.003933757131862815,-0.009448929695088225,0.009316954973466534,0.195,False,False
79,clustered_null,False,polynomial_ridge,199,28160968,99290989,estimated,-0.003933757131862815,-0.01258682197964274,0.011489496690313468,0.195,False,False
79,clustered_null,False,polynomial_ridge,499,28160968,99290989,estimated,-0.003933757131862815,-0.01445291794500265,0.011275175485120232,0.195,False,False
79,clustered_null,False,polynomial_ridge,999,28160968,99290989,estimated,-0.003933757131862815,-0.01517186587945282,0.010499901370375582,0.195,False,False
79,clustered_null,False,polynomial_ridge_interactions,99,28160968,99291998,estimated,0.0034296554698404515,-0.005452115250092984,0.007413056466898751,0.09,False,False
79,clustered_null,False,polynomial_ridge_interactions,199,28160968,99291998,estimated,0.0034296554698404515,-0.0063854319360552,0.009914565040552862,0.09,False,False
79,clustered_null,False,polynomial_ridge_interactions,499,28160968,99291998,estimated,0.0034296554698404515,-0.00707490995089289,0.011028127027419702,0.09,False,False
79,clustered_null,False,polynomial_ridge_interactions,999,28160968,99291998,estimated,0.0034296554698404515,-0.008262537709761406,0.01064346066658549,0.09,False,False
79,genuine_increment,True,polynomial_ridge,99,28160968,99300996,estimated,0.041402059232692204,0.02995596624479326,0.05033933137718018,0.005,True,True
79,genuine_increment,True,polynomial_ridge,199,28160968,99300996,estimated,0.041402059232692204,0.030734628146758713,0.050081069487672485,0.005,True,True
79,genuine_increment,True,polynomial_ridge,499,28160968,99300996,estimated,0.041402059232692204,0.03181353278265702,0.05042285773854259,0.005,True,True
79,genuine_increment,True,polynomial_ridge,999,28160968,99300996,estimated,0.041402059232692204,0.031235504460602612,0.05232784629822486,0.005,True,True
79,genuine_increment,True,polynomial_ridge_interactions,99,28160968,99302005,estimated,0.04333681484328476,0.03041930553571581,0.04935258135115349,0.005,True,True
79,genuine_increment,True,polynomial_ridge_interactions,199,28160968,99302005,estimated,0.04333681484328476,0.02977547366620525,0.04996806727188233,0.005,True,True
79,genuine_increment,True,polynomial_ridge_interactions,499,28160968,99302005,estimated,0.04333681484328476,0.03069021714836704,0.0503019458994276,0.005,True,True
79,genuine_increment,True,polynomial_ridge_interactions,999,28160968,99302005,estimated,0.04333681484328476,0.03111582996678104,0.05116947309958467,0.005,True,True
79,heteroskedastic_null,False,polynomial_ridge,99,28160968,99280982,estimated,-0.00038158505005400634,-0.0018422746119259334,0.0023204412212141983,0.34,False,False
79,heteroskedastic_null,False,polynomial_ridge,199,28160968,99280982,estimated,-0.00038158505005400634,-0.0016676703097085303,0.0021803752811178473,0.34,False,False
79,heteroskedastic_null,False,polynomial_ridge,499,28160968,99280982,estimated,-0.00038158505005400634,-0.001747794797249547,0.0020830566875419923,0.34,False,False
79,heteroskedastic_null,False,polynomial_ridge,999,28160968,99280982,estimated,-0.00038158505005400634,-0.0015838525381859808,0.001856794144388755,0.34,False,False
79,heteroskedastic_null,False,polynomial_ridge_interactions,99,28160968,99281991,estimated,-0.00046744415965548416,-0.0008508966171242929,0.0005698624653608209,0.89,False,False
79,heteroskedastic_null,False,polynomial_ridge_interactions,199,28160968,99281991,estimated,-0.00046744415965548416,-0.0009562144439852454,0.0007935837442684745,0.89,False,False
79,heteroskedastic_null,False,polynomial_ridge_interactions,499,28160968,99281991,estimated,-0.00046744415965548416,-0.0009181644887601353,0.0008069302103309859,0.89,False,False
79,heteroskedastic_null,False,polynomial_ridge_interactions,999,28160968,99281991,estimated,-0.00046744415965548416,-0.0009060142740737564,0.000800148730048831,0.89,False,False
79,nonlinear_proxy,False,polynomial_ridge,99,28160968,99270975,estimated,-0.00026632622465172593,-0.0007470940522563294,0.0008802085921524928,0.77,False,False
79,nonlinear_proxy,False,polynomial_ridge,199,28160968,99270975,estimated,-0.00026632622465172593,-0.0007364240228092504,0.0010215737694891115,0.77,False,False
79,nonlinear_proxy,False,polynomial_ridge,499,28160968,99270975,estimated,-0.00026632622465172593,-0.000812707875019735,0.0010847364808755226,0.77,False,False
79,nonlinear_proxy,False,polynomial_ridge,999,28160968,99270975,estimated,-0.00026632622465172593,-0.0008412291115527935,0.001300354291116822,0.77,False,False
79,nonlinear_proxy,False,polynomial_ridge_interactions,99,28160968,99271984,estimated,-5.598724404881107e-05,-0.00046061903970701963,0.0015599903795191568,0.745,False,False
79,nonlinear_proxy,False,polynomial_ridge_interactions,199,28160968,99271984,estimated,-5.598724404881107e-05,-0.00044997923744973585,0.0012604601214707973,0.745,False,False
79,nonlinear_proxy,False,polynomial_ridge_interactions,499,28160968,99271984,estimated,-5.598724404881107e-05,-0.0004871638069291493,0.0012443640943964722,0.745,False,False
79,nonlinear_proxy,False,polynomial_ridge_interactions,999,28160968,99271984,estimated,-5.598724404881107e-05,-0.0005030154007596299,0.0012425706824976557,0.745,False,False
79,null_metric,False,polynomial_ridge,99,28160968,99260968,estimated,-0.003349408525142275,-0.0033845718401533907,0.0028394851903976235,0.63,False,False
79,null_metric,False,polynomial_ridge,199,28160968,99260968,estimated,-0.003349408525142275,-0.0032868370816261268,0.0022067188575319125,0.63,False,False
79,null_metric,False,polynomial_ridge,499,28160968,99260968,estimated,-0.003349408525142275,-0.003524307928186457,0.0018316936731433105,0.63,False,False
79,null_metric,False,polynomial_ridge,999,28160968,99260968,estimated,-0.003349408525142275,-0.0034718716755700392,0.0021579413013516754,0.63,False,False
79,null_metric,False,polynomial_ridge_interactions,99,28160968,99261977,estimated,-0.0003889672362826502,-0.0007886838987188124,0.0010292853572127672,0.65,False,False
79,null_metric,False,polynomial_ridge_interactions,199,28160968,99261977,estimated,-0.0003889672362826502,-0.0008748824370473527,0.0012875746799385938,0.65,False,False
79,null_metric,False,polynomial_ridge_interactions,499,28160968,99261977,estimated,-0.0003889672362826502,-0.0009090922260491372,0.0012983890423814615,0.65,False,False
79,null_metric,False,polynomial_ridge_interactions,999,28160968,99261977,estimated,-0.0003889672362826502,-0.0009651045191270599,0.0014297555322750624,0.65,False,False
80,clustered_null,False,polynomial_ridge,99,28260971,100290992,estimated,0.00011339277083399421,-0.009984146407798749,0.009207686092985315,0.775,False,False
80,clustered_null,False,polynomial_ridge,199,28260971,100290992,estimated,0.00011339277083399421,-0.02220190696959949,0.012028918128599544,0.775,False,False
80,clustered_null,False,polynomial_ridge,499,28260971,100290992,estimated,0.00011339277083399421,-0.019802831945553608,0.013247582430461983,0.775,False,False
80,clustered_null,False,polynomial_ridge,999,28260971,100290992,estimated,0.00011339277083399421,-0.018397903441411147,0.013188658693029235,0.775,False,False
80,clustered_null,False,polynomial_ridge_interactions,99,28260971,100292001,estimated,-0.0005561849615187374,-0.009548415505551303,0.0050862208308712934,0.33,False,False
80,clustered_null,False,polynomial_ridge_interactions,199,28260971,100292001,estimated,-0.0005561849615187374,-0.016562045156302357,0.005216409912585794,0.33,False,False
80,clustered_null,False,polynomial_ridge_interactions,499,28260971,100292001,estimated,-0.0005561849615187374,-0.013224715181656698,0.005886680675969731,0.33,False,False
80,clustered_null,False,polynomial_ridge_interactions,999,28260971,100292001,estimated,-0.0005561849615187374,-0.011151509840526558,0.006985827919211609,0.33,False,False
80,genuine_increment,True,polynomial_ridge,99,28260971,100300999,estimated,0.05173298108193131,0.036114714672120254,0.05832258682357216,0.005,True,True
80,genuine_increment,True,polynomial_ridge,199,28260971,100300999,estimated,0.05173298108193131,0.036560926092166456,0.05960118839387049,0.005,True,True
80,genuine_increment,True,polynomial_ridge,499,28260971,100300999,estimated,0.05173298108193131,0.036725685530447354,0.05989348634932365,0.005,True,True
80,genuine_increment,True,polynomial_ridge,999,28260971,100300999,estimated,0.05173298108193131,0.03638050044321878,0.05987347980982876,0.005,True,True
80,genuine_increment,True,polynomial_ridge_interactions,99,28260971,100302008,estimated,0.04862231705425267,0.034736658670152125,0.05882487620304896,0.005,True,True
80,genuine_increment,True,polynomial_ridge_interactions,199,28260971,100302008,estimated,0.04862231705425267,0.03370765672048609,0.05904228561029601,0.005,True,True
80,genuine_increment,True,polynomial_ridge_interactions,499,28260971,100302008,estimated,0.04862231705425267,0.034397114206742546,0.058849729225768754,0.005,True,True
80,genuine_increment,True,polynomial_ridge_interactions,999,28260971,100302008,estimated,0.04862231705425267,0.03392271866994995,0.05910075823490368,0.005,True,True
80,heteroskedastic_null,False,polynomial_ridge,99,28260971,100280985,estimated,-0.0007219965951255382,-0.0012000522735414905,0.0006158012576109224,0.805,False,False
80,heteroskedastic_null,False,polynomial_ridge,199,28260971,100280985,estimated,-0.0007219965951255382,-0.0012846583756626142,0.0005942770604823011,0.805,False,False
80,heteroskedastic_null,False,polynomial_ridge,499,28260971,100280985,estimated,-0.0007219965951255382,-0.0014903717624905792,0.0005926418116899511,0.805,False,False
80,heteroskedastic_null,False,polynomial_ridge,999,28260971,100280985,estimated,-0.0007219965951255382,-0.0015336550158889031,0.0005815836810896568,0.805,False,False
80,heteroskedastic_null,False,polynomial_ridge_interactions,99,28260971,100281994,estimated,-0.0003629625856475839,-0.0006219898478429521,0.0002444088849033063,0.735,False,False
80,heteroskedastic_null,False,polynomial_ridge_interactions,199,28260971,100281994,estimated,-0.0003629625856475839,-0.0005928882835321989,0.0004581290382250929,0.735,False,False
80,heteroskedastic_null,False,polynomial_ridge_interactions,499,28260971,100281994,estimated,-0.0003629625856475839,-0.0006015934149191951,0.0004066046297495805,0.735,False,False
80,heteroskedastic_null,False,polynomial_ridge_interactions,999,28260971,100281994,estimated,-0.0003629625856475839,-0.0006033456102638835,0.0003813755637696009,0.735,False,False
80,nonlinear_proxy,False,polynomial_ridge,99,28260971,100270978,estimated,6.278340426511993e-05,-0.0003291473604797397,0.001504141937893424,0.92,False,False
80,nonlinear_proxy,False,polynomial_ridge,199,28260971,100270978,estimated,6.278340426511993e-05,-0.0003739885469898685,0.0015705561174231269,0.92,False,False
80,nonlinear_proxy,False,polynomial_ridge,499,28260971,100270978,estimated,6.278340426511993e-05,-0.0004748295965901347,0.0016962096260205168,0.92,False,False
80,nonlinear_proxy,False,polynomial_ridge,999,28260971,100270978,estimated,6.278340426511993e-05,-0.0004880905884965213,0.0016953915742135275,0.92,False,False
80,nonlinear_proxy,False,polynomial_ridge_interactions,99,28260971,100271987,estimated,-0.00044338256442257376,-0.0002970313545682967,0.001165388358228212,0.87,False,False
80,nonlinear_proxy,False,polynomial_ridge_interactions,199,28260971,100271987,estimated,-0.00044338256442257376,-0.0002968325525476051,0.0011954162253038948,0.87,False,False
80,nonlinear_proxy,False,polynomial_ridge_interactions,499,28260971,100271987,estimated,-0.00044338256442257376,-0.0003440050161419116,0.001201751581847151,0.87,False,False
80,nonlinear_proxy,False,polynomial_ridge_interactions,999,28260971,100271987,estimated,-0.00044338256442257376,-0.00034723351463420007,0.0011871816492596988,0.87,False,False
80,null_metric,False,polynomial_ridge,99,28260971,100260971,estimated,-0.0013913330055065586,-0.0026500054257022165,0.0018557727789865173,0.055,False,False
80,null_metric,False,polynomial_ridge,199,28260971,100260971,estimated,-0.0013913330055065586,-0.0032524686212673905,0.0019208199359957675,0.055,False,False
80,null_metric,False,polynomial_ridge,499,28260971,100260971,estimated,-0.0013913330055065586,-0.0032398194508906947,0.0019947970798535044,0.055,False,False
80,null_metric,False,polynomial_ridge,999,28260971,100260971,estimated,-0.0013913330055065586,-0.0030653132318017736,0.0017764674557205263,0.055,False,False
80,null_metric,False,polynomial_ridge_interactions,99,28260971,100261980,estimated,-0.0003196996173390858,-0.0009087433328582317,0.0011596125930356277,0.075,False,False
80,null_metric,False,polynomial_ridge_interactions,199,28260971,100261980,estimated,-0.0003196996173390858,-0.0012785659359461703,0.0007950079163064945,0.075,False,False
80,null_metric,False,polynomial_ridge_interactions,499,28260971,100261980,estimated,-0.0003196996173390858,-0.001147525676510521,0.0007781875043236731,0.075,False,False
80,null_metric,False,polynomial_ridge_interactions,999,28260971,100261980,estimated,-0.0003196996173390858,-0.001143976635553953,0.0008886366596587735,0.075,False,False
81,clustered_null,False,polynomial_ridge,99,28360974,101290995,estimated,-0.004267133871820428,-0.028338890737545166,0.011566047635754008,0.575,False,False
81,clustered_null,False,polynomial_ridge,199,28360974,101290995,estimated,-0.004267133871820428,-0.02838259080924281,0.01185733163431036,0.575,False,False
81,clustered_null,False,polynomial_ridge,499,28360974,101290995,estimated,-0.004267133871820428,-0.02266911958403264,0.010859013616800788,0.575,False,False
81,clustered_null,False,polynomial_ridge,999,28360974,101290995,estimated,-0.004267133871820428,-0.02106280431928147,0.010129267083932024,0.575,False,False
81,clustered_null,False,polynomial_ridge_interactions,99,28360974,101292004,estimated,-0.005864723894866707,-0.017196153536064115,0.006082315498323376,0.38,False,False
81,clustered_null,False,polynomial_ridge_interactions,199,28360974,101292004,estimated,-0.005864723894866707,-0.018847557651826597,0.007551712397391904,0.38,False,False
81,clustered_null,False,polynomial_ridge_interactions,499,28360974,101292004,estimated,-0.005864723894866707,-0.016817352288652145,0.006132152157046524,0.38,False,False
81,clustered_null,False,polynomial_ridge_interactions,999,28360974,101292004,estimated,-0.005864723894866707,-0.016845491460252528,0.0071530525313848,0.38,False,False
81,genuine_increment,True,polynomial_ridge,99,28360974,101301002,estimated,0.04377170856804544,0.03299655423743396,0.05211790045104286,0.005,True,True
81,genuine_increment,True,polynomial_ridge,199,28360974,101301002,estimated,0.04377170856804544,0.03232753487488943,0.05193316991522366,0.005,True,True
81,genuine_increment,True,polynomial_ridge,499,28360974,101301002,estimated,0.04377170856804544,0.03194050247312227,0.052010543854833606,0.005,True,True
81,genuine_increment,True,polynomial_ridge,999,28360974,101301002,estimated,0.04377170856804544,0.032186770390940214,0.05200003546136987,0.005,True,True
81,genuine_increment,True,polynomial_ridge_interactions,99,28360974,101302011,estimated,0.04486182561089349,0.03190328608037821,0.0533174252500457,0.005,True,True
81,genuine_increment,True,polynomial_ridge_interactions,199,28360974,101302011,estimated,0.04486182561089349,0.03181902332791246,0.051928473424995576,0.005,True,True
81,genuine_increment,True,polynomial_ridge_interactions,499,28360974,101302011,estimated,0.04486182561089349,0.03212221583484402,0.051871671153899686,0.005,True,True
81,genuine_increment,True,polynomial_ridge_interactions,999,28360974,101302011,estimated,0.04486182561089349,0.032204275599966345,0.05199041099635914,0.005,True,True
81,heteroskedastic_null,False,polynomial_ridge,99,28360974,101280988,estimated,-0.0008145531617238955,-0.001122032942696401,0.0007556331863211964,0.06,False,False
81,heteroskedastic_null,False,polynomial_ridge,199,28360974,101280988,estimated,-0.0008145531617238955,-0.0011508071036946215,0.0006555398559278464,0.06,False,False
81,heteroskedastic_null,False,polynomial_ridge,499,28360974,101280988,estimated,-0.0008145531617238955,-0.0011385829163669985,0.0008514822826762522,0.06,False,False
81,heteroskedastic_null,False,polynomial_ridge,999,28360974,101280988,estimated,-0.0008145531617238955,-0.0011398408434311672,0.0008600258234351916,0.06,False,False
81,heteroskedastic_null,False,polynomial_ridge_interactions,99,28360974,101281997,estimated,-0.0004782545198355366,-0.0004351717048359926,0.0002837337090310255,0.185,False,False
81,heteroskedastic_null,False,polynomial_ridge_interactions,199,28360974,101281997,estimated,-0.0004782545198355366,-0.00043572701257720405,0.0002734192733882811,0.185,False,False
81,heteroskedastic_null,False,polynomial_ridge_interactions,499,28360974,101281997,estimated,-0.0004782545198355366,-0.0004798910748370807,0.0002813046518505284,0.185,False,False
81,heteroskedastic_null,False,polynomial_ridge_interactions,999,28360974,101281997,estimated,-0.0004782545198355366,-0.0005137692805978871,0.0002409242423773884,0.185,False,False
81,nonlinear_proxy,False,polynomial_ridge,99,28360974,101270981,estimated,-0.0009225358744074322,-0.0014278889037065306,0.0021479438726080343,0.985,False,False
81,nonlinear_proxy,False,polynomial_ridge,199,28360974,101270981,estimated,-0.0009225358744074322,-0.0014333966151360276,0.0019372159142416853,0.985,False,False
81,nonlinear_proxy,False,polynomial_ridge,499,28360974,101270981,estimated,-0.0009225358744074322,-0.0013465593774948613,0.0019562299706763764,0.985,False,False
81,nonlinear_proxy,False,polynomial_ridge,999,28360974,101270981,estimated,-0.0009225358744074322,-0.001425209091027447,0.0020685721462830355,0.985,False,False
81,nonlinear_proxy,False,polynomial_ridge_interactions,99,28360974,101271990,estimated,-0.0006403654197614343,-0.0006927823523435147,0.0008473250310465916,0.54,False,False
81,nonlinear_proxy,False,polynomial_ridge_interactions,199,28360974,101271990,estimated,-0.0006403654197614343,-0.0008294307601864505,0.0009631708172097115,0.54,False,False
81,nonlinear_proxy,False,polynomial_ridge_interactions,499,28360974,101271990,estimated,-0.0006403654197614343,-0.0009258460951137731,0.0007347014311336027,0.54,False,False
81,nonlinear_proxy,False,polynomial_ridge_interactions,999,28360974,101271990,estimated,-0.0006403654197614343,-0.0008935704163021401,0.0008370882171675878,0.54,False,False
81,null_metric,False,polynomial_ridge,99,28360974,101260974,estimated,-0.0009674325453167647,-0.0018458911132808089,0.0012309423242778256,0.645,False,False
81,null_metric,False,polynomial_ridge,199,28360974,101260974,estimated,-0.0009674325453167647,-0.0018747669169755451,0.001129018220595935,0.645,False,False
81,null_metric,False,polynomial_ridge,499,28360974,101260974,estimated,-0.0009674325453167647,-0.001906245957789079,0.0011134282457589768,0.645,False,False
81,null_metric,False,polynomial_ridge,999,28360974,101260974,estimated,-0.0009674325453167647,-0.0019542604879747415,0.0011661487870427568,0.645,False,False
81,null_metric,False,polynomial_ridge_interactions,99,28360974,101261983,estimated,-0.0005089381196859179,-0.0009925355726473342,0.00040499698526708306,0.79,False,False
81,null_metric,False,polynomial_ridge_interactions,199,28360974,101261983,estimated,-0.0005089381196859179,-0.0009385180423640867,0.0005893486421138305,0.79,False,False
81,null_metric,False,polynomial_ridge_interactions,499,28360974,101261983,estimated,-0.0005089381196859179,-0.0009438983501867616,0.0005796878558580245,0.79,False,False
81,null_metric,False,polynomial_ridge_interactions,999,28360974,101261983,estimated,-0.0005089381196859179,-0.0009377076075789972,0.0005152652360908877,0.79,False,False
82,clustered_null,False,polynomial_ridge,99,28460977,102290998,estimated,-0.0019197945556076942,-0.00919577812028859,0.010436844894087015,0.035,False,False
82,clustered_null,False,polynomial_ridge,199,28460977,102290998,estimated,-0.0019197945556076942,-0.014683046163388305,0.01075108511269798,0.035,False,False
82,clustered_null,False,polynomial_ridge,499,28460977,102290998,estimated,-0.0019197945556076942,-0.01042166962305106,0.010289952334924081,0.035,False,False
82,clustered_null,False,polynomial_ridge,999,28460977,102290998,estimated,-0.0019197945556076942,-0.008717285681273097,0.009473229938396636,0.035,False,False
82,clustered_null,False,polynomial_ridge_interactions,99,28460977,102292007,estimated,0.000407209701883458,-0.004002571749675703,0.0071552392122651,0.72,False,False
82,clustered_null,False,polynomial_ridge_interactions,199,28460977,102292007,estimated,0.000407209701883458,-0.003369234080939792,0.008477376097009331,0.72,False,False
82,clustered_null,False,polynomial_ridge_interactions,499,28460977,102292007,estimated,0.000407209701883458,-0.004640238913805028,0.0067632216969069165,0.72,False,False
82,clustered_null,False,polynomial_ridge_interactions,999,28460977,102292007,estimated,0.000407209701883458,-0.004837967830528187,0.007048419663943585,0.72,False,False
82,genuine_increment,True,polynomial_ridge,99,28460977,102301005,estimated,0.027401873279974218,0.019137720911614017,0.038264894904862026,0.005,True,True
82,genuine_increment,True,polynomial_ridge,199,28460977,102301005,estimated,0.027401873279974218,0.018989542689641047,0.03771561741205514,0.005,True,True
82,genuine_increment,True,polynomial_ridge,499,28460977,102301005,estimated,0.027401873279974218,0.01938051343986915,0.0375368640764127,0.005,True,True
82,genuine_increment,True,polynomial_ridge,999,28460977,102301005,estimated,0.027401873279974218,0.01951455914223574,0.03771561741205514,0.005,True,True
82,genuine_increment,True,polynomial_ridge_interactions,99,28460977,102302014,estimated,0.028639474745595153,0.02146619221825927,0.03820924414528658,0.005,True,True
82,genuine_increment,True,polynomial_ridge_interactions,199,28460977,102302014,estimated,0.028639474745595153,0.02142591945185658,0.036837456045008196,0.005,True,True
82,genuine_increment,True,polynomial_ridge_interactions,499,28460977,102302014,estimated,0.028639474745595153,0.020264268209490132,0.0372058904109324,0.005,True,True
82,genuine_increment,True,polynomial_ridge_interactions,999,28460977,102302014,estimated,0.028639474745595153,0.02064442539826663,0.03775108544805653,0.005,True,True
82,heteroskedastic_null,False,polynomial_ridge,99,28460977,102280991,estimated,-0.0006924138612566851,-0.001434262829949416,0.0014797052332424102,0.56,False,False
82,heteroskedastic_null,False,polynomial_ridge,199,28460977,102280991,estimated,-0.0006924138612566851,-0.0015806779900483952,0.0014800950550214577,0.56,False,False
82,heteroskedastic_null,False,polynomial_ridge,499,28460977,102280991,estimated,-0.0006924138612566851,-0.0016463307944242066,0.0014210187850172008,0.56,False,False
82,heteroskedastic_null,False,polynomial_ridge,999,28460977,102280991,estimated,-0.0006924138612566851,-0.0014955188634460076,0.0014128529342509273,0.56,False,False
82,heteroskedastic_null,False,polynomial_ridge_interactions,99,28460977,102282000,estimated,-0.00047805096505930574,-0.0008266848728700324,0.00043300386952112904,0.435,False,False
82,heteroskedastic_null,False,polynomial_ridge_interactions,199,28460977,102282000,estimated,-0.00047805096505930574,-0.0010617512876162421,0.0004054003426279479,0.435,False,False
82,heteroskedastic_null,False,polynomial_ridge_interactions,499,28460977,102282000,estimated,-0.00047805096505930574,-0.0010480211322856205,0.0005707597759095971,0.435,False,False
82,heteroskedastic_null,False,polynomial_ridge_interactions,999,28460977,102282000,estimated,-0.00047805096505930574,-0.001051247102484423,0.0005635214845477914,0.435,False,False
82,nonlinear_proxy,False,polynomial_ridge,99,28460977,102270984,estimated,-0.0003874172210216482,-0.0010319383477367817,0.0012469818860604443,0.575,False,False
82,nonlinear_proxy,False,polynomial_ridge,199,28460977,102270984,estimated,-0.0003874172210216482,-0.0009347467680041075,0.0012439277701048665,0.575,False,False
82,nonlinear_proxy,False,polynomial_ridge,499,28460977,102270984,estimated,-0.0003874172210216482,-0.0009311645132818567,0.0012450876441083523,0.575,False,False
82,nonlinear_proxy,False,polynomial_ridge,999,28460977,102270984,estimated,-0.0003874172210216482,-0.001039101026806718,0.0011901745210164123,0.575,False,False
82,nonlinear_proxy,False,polynomial_ridge_interactions,99,28460977,102271993,estimated,-0.00039989727053461703,-0.0005738305576076017,0.0007415499773724402,0.34,False,False
82,nonlinear_proxy,False,polynomial_ridge_interactions,199,28460977,102271993,estimated,-0.00039989727053461703,-0.0005329747314053839,0.0007290613052405956,0.34,False,False
82,nonlinear_proxy,False,polynomial_ridge_interactions,499,28460977,102271993,estimated,-0.00039989727053461703,-0.000645925588408145,0.0007788503151931712,0.34,False,False
82,nonlinear_proxy,False,polynomial_ridge_interactions,999,28460977,102271993,estimated,-0.00039989727053461703,-0.000573884290743991,0.000755285251421998,0.34,False,False
82,null_metric,False,polynomial_ridge,99,28460977,102260977,estimated,-0.00156662161072825,-0.0029120728471906296,0.0031405836222197074,0.55,False,False
82,null_metric,False,polynomial_ridge,199,28460977,102260977,estimated,-0.00156662161072825,-0.003155848095958677,0.003237449877162925,0.55,False,False
82,null_metric,False,polynomial_ridge,499,28460977,102260977,estimated,-0.00156662161072825,-0.003771854741887846,0.003267644067531712,0.55,False,False
82,null_metric,False,polynomial_ridge,999,28460977,102260977,estimated,-0.00156662161072825,-0.00393622027056229,0.003289533017078426,0.55,False,False
82,null_metric,False,polynomial_ridge_interactions,99,28460977,102261986,estimated,-0.00039497871912008015,-0.001516171763475533,0.0005238814900317278,0.78,False,False
82,null_metric,False,polynomial_ridge_interactions,199,28460977,102261986,estimated,-0.00039497871912008015,-0.0016643391398601663,0.0005728937201436376,0.78,False,False
82,null_metric,False,polynomial_ridge_interactions,499,28460977,102261986,estimated,-0.00039497871912008015,-0.0015881643108639778,0.0007462726388994639,0.78,False,False
82,null_metric,False,polynomial_ridge_interactions,999,28460977,102261986,estimated,-0.00039497871912008015,-0.0015705621387988988,0.0007990677636783949,0.78,False,False
83,clustered_null,False,polynomial_ridge,99,28560980,103291001,estimated,-0.0016139000439738555,-0.012330884174755601,0.023040996760701662,0.205,False,False
83,clustered_null,False,polynomial_ridge,199,28560980,103291001,estimated,-0.0016139000439738555,-0.01228947705492668,0.016651733051581644,0.205,False,False
83,clustered_null,False,polynomial_ridge,499,28560980,103291001,estimated,-0.0016139000439738555,-0.012442574083501008,0.008842070333027427,0.205,False,False
83,clustered_null,False,polynomial_ridge,999,28560980,103291001,estimated,-0.0016139000439738555,-0.012811976447569881,0.007101833071852595,0.205,False,False
83,clustered_null,False,polynomial_ridge_interactions,99,28560980,103292010,estimated,-0.0005993535723461847,-0.006162635613956539,0.006497604804378068,0.32,False,False
83,clustered_null,False,polynomial_ridge_interactions,199,28560980,103292010,estimated,-0.0005993535723461847,-0.006693274674641615,0.007333418251546162,0.32,False,False
83,clustered_null,False,polynomial_ridge_interactions,499,28560980,103292010,estimated,-0.0005993535723461847,-0.00921338896206399,0.00810767045601656,0.32,False,False
83,clustered_null,False,polynomial_ridge_interactions,999,28560980,103292010,estimated,-0.0005993535723461847,-0.010068392688394157,0.008057435775494929,0.32,False,False
83,genuine_increment,True,polynomial_ridge,99,28560980,103301008,estimated,0.044893416099803546,0.03613449368757322,0.053054201802397886,0.005,True,True
83,genuine_increment,True,polynomial_ridge,199,28560980,103301008,estimated,0.044893416099803546,0.03522603241521235,0.05475260110764636,0.005,True,True
83,genuine_increment,True,polynomial_ridge,499,28560980,103301008,estimated,0.044893416099803546,0.03419635242608849,0.056694954149092536,0.005,True,True
83,genuine_increment,True,polynomial_ridge,999,28560980,103301008,estimated,0.044893416099803546,0.03421731603328723,0.05671365641399364,0.005,True,True
83,genuine_increment,True,polynomial_ridge_interactions,99,28560980,103302017,estimated,0.045526679283600796,0.033262132873102805,0.05697942099840114,0.005,True,True
83,genuine_increment,True,polynomial_ridge_interactions,199,28560980,103302017,estimated,0.045526679283600796,0.03357309723044684,0.05765892825224917,0.005,True,True
83,genuine_increment,True,polynomial_ridge_interactions,499,28560980,103302017,estimated,0.045526679283600796,0.03417342394252335,0.056765431589252326,0.005,True,True
83,genuine_increment,True,polynomial_ridge_interactions,999,28560980,103302017,estimated,0.045526679283600796,0.03455624671616687,0.05675539314427139,0.005,True,True
83,heteroskedastic_null,False,polynomial_ridge,99,28560980,103280994,estimated,-0.0008135582396004513,-0.0014924800353436644,0.000666788508559722,0.445,False,False
83,heteroskedastic_null,False,polynomial_ridge,199,28560980,103280994,estimated,-0.0008135582396004513,-0.0015951337260485647,0.0006340839903345446,0.445,False,False
83,heteroskedastic_null,False,polynomial_ridge,499,28560980,103280994,estimated,-0.0008135582396004513,-0.0016172658846082936,0.0007424882847396229,0.445,False,False
83,heteroskedastic_null,False,polynomial_ridge,999,28560980,103280994,estimated,-0.0008135582396004513,-0.0016352221632349856,0.000753210734911655,0.445,False,False
83,heteroskedastic_null,False,polynomial_ridge_interactions,99,28560980,103282003,estimated,-0.0005903398675207467,-0.0005329033774091987,0.0009548667993862843,0.585,False,False
83,heteroskedastic_null,False,polynomial_ridge_interactions,199,28560980,103282003,estimated,-0.0005903398675207467,-0.0004891280630831773,0.0009400313506477798,0.585,False,False
83,heteroskedastic_null,False,polynomial_ridge_interactions,499,28560980,103282003,estimated,-0.0005903398675207467,-0.0005522355417338889,0.0008425625220871672,0.585,False,False
83,heteroskedastic_null,False,polynomial_ridge_interactions,999,28560980,103282003,estimated,-0.0005903398675207467,-0.000611533172435633,0.0007332643407781925,0.585,False,False
83,nonlinear_proxy,False,polynomial_ridge,99,28560980,103270987,estimated,0.0001266846853291391,-0.00030632204129470814,0.0011526468513774436,0.535,False,False
83,nonlinear_proxy,False,polynomial_ridge,199,28560980,103270987,estimated,0.0001266846853291391,-0.0003102159335342816,0.0012551625614858558,0.535,False,False
83,nonlinear_proxy,False,polynomial_ridge,499,28560980,103270987,estimated,0.0001266846853291391,-0.0004486468672960269,0.0012557275891124779,0.535,False,False
83,nonlinear_proxy,False,polynomial_ridge,999,28560980,103270987,estimated,0.0001266846853291391,-0.00048671591041714605,0.001281331198054448,0.535,False,False
83,nonlinear_proxy,False,polynomial_ridge_interactions,99,28560980,103271996,estimated,0.0002633454320707081,-9.958592080660322e-05,0.0009039441959817409,0.44,False,False
83,nonlinear_proxy,False,polynomial_ridge_interactions,199,28560980,103271996,estimated,0.0002633454320707081,-0.00031826684324136957,0.00099117532224766,0.44,False,False
83,nonlinear_proxy,False,polynomial_ridge_interactions,499,28560980,103271996,estimated,0.0002633454320707081,-0.0002859825022363051,0.0010551100977802168,0.44,False,False
83,nonlinear_proxy,False,polynomial_ridge_interactions,999,28560980,103271996,estimated,0.0002633454320707081,-0.00024066344270184308,0.0011030586054827066,0.44,False,False
83,null_metric,False,polynomial_ridge,99,28560980,103260980,estimated,-0.001381307924086972,-0.002076358527440417,0.0014381497826638915,0.52,False,False
83,null_metric,False,polynomial_ridge,199,28560980,103260980,estimated,-0.001381307924086972,-0.002235735995404966,0.0015380947829533244,0.52,False,False
83,null_metric,False,polynomial_ridge,499,28560980,103260980,estimated,-0.001381307924086972,-0.002383052505763943,0.0012944300568745004,0.52,False,False
83,null_metric,False,polynomial_ridge,999,28560980,103260980,estimated,-0.001381307924086972,-0.0021834953178106486,0.0016604437854020478,0.52,False,False
83,null_metric,False,polynomial_ridge_interactions,99,28560980,103261989,estimated,-0.00046189248489962587,-0.0007038862770136394,0.0007091630787211401,0.68,False,False
83,null_metric,False,polynomial_ridge_interactions,199,28560980,103261989,estimated,-0.00046189248489962587,-0.0008549090134891633,0.0007000713596695573,0.68,False,False
83,null_metric,False,polynomial_ridge_interactions,499,28560980,103261989,estimated,-0.00046189248489962587,-0.0008356753781159491,0.0008383581753738636,0.68,False,False
83,null_metric,False,polynomial_ridge_interactions,999,28560980,103261989,estimated,-0.00046189248489962587,-0.0008271283415444238,0.0008367409408102989,0.68,False,False
84,clustered_null,False,polynomial_ridge,99,28660983,104291004,estimated,0.001149825252185755,-0.012775628558479525,0.00951851085820441,0.22,False,False
84,clustered_null,False,polynomial_ridge,199,28660983,104291004,estimated,0.001149825252185755,-0.01538602919607443,0.008332198435196734,0.22,False,False
84,clustered_null,False,polynomial_ridge,499,28660983,104291004,estimated,0.001149825252185755,-0.012263400771456533,0.009880777797500193,0.22,False,False
84,clustered_null,False,polynomial_ridge,999,28660983,104291004,estimated,0.001149825252185755,-0.011439159436860292,0.00932741228371183,0.22,False,False
84,clustered_null,False,polynomial_ridge_interactions,99,28660983,104292013,estimated,0.000532220062963381,-0.006030671501898255,0.007866305903857698,0.01,False,False
84,clustered_null,False,polynomial_ridge_interactions,199,28660983,104292013,estimated,0.000532220062963381,-0.010591644575851631,0.0065211146521301135,0.01,False,False
84,clustered_null,False,polynomial_ridge_interactions,499,28660983,104292013,estimated,0.000532220062963381,-0.009850392111639928,0.0072320291623219814,0.01,False,False
84,clustered_null,False,polynomial_ridge_interactions,999,28660983,104292013,estimated,0.000532220062963381,-0.009676111919021662,0.006510393072405865,0.01,False,False
84,genuine_increment,True,polynomial_ridge,99,28660983,104301011,estimated,0.04407768362972837,0.03387040503668198,0.05548453085901908,0.005,True,True
84,genuine_increment,True,polynomial_ridge,199,28660983,104301011,estimated,0.04407768362972837,0.03551569454935199,0.055889476808765125,0.005,True,True
84,genuine_increment,True,polynomial_ridge,499,28660983,104301011,estimated,0.04407768362972837,0.03526716268635656,0.055789450781121436,0.005,True,True
84,genuine_increment,True,polynomial_ridge,999,28660983,104301011,estimated,0.04407768362972837,0.03414738417609861,0.05579798144090157,0.005,True,True
84,genuine_increment,True,polynomial_ridge_interactions,99,28660983,104302020,estimated,0.04363586501808386,0.03286007861262019,0.05316756175296917,0.005,True,True
84,genuine_increment,True,polynomial_ridge_interactions,199,28660983,104302020,estimated,0.04363586501808386,0.03215014820124083,0.053953409475467326,0.005,True,True
84,genuine_increment,True,polynomial_ridge_interactions,499,28660983,104302020,estimated,0.04363586501808386,0.03186688857388336,0.05338107032756162,0.005,True,True
84,genuine_increment,True,polynomial_ridge_interactions,999,28660983,104302020,estimated,0.04363586501808386,0.031746876454470364,0.05372150734878731,0.005,True,True
84,heteroskedastic_null,False,polynomial_ridge,99,28660983,104280997,estimated,0.00021290138230634428,-0.0006388887702038384,0.002449517308546055,0.035,False,False
84,heteroskedastic_null,False,polynomial_ridge,199,28660983,104280997,estimated,0.00021290138230634428,-0.0006559895090950604,0.0026626458398899292,0.035,False,False
84,heteroskedastic_null,False,polynomial_ridge,499,28660983,104280997,estimated,0.00021290138230634428,-0.0009162482402803163,0.002451340248056183,0.035,False,False
84,heteroskedastic_null,False,polynomial_ridge,999,28660983,104280997,estimated,0.00021290138230634428,-0.0008739921798409663,0.0024840368372682007,0.035,False,False
84,heteroskedastic_null,False,polynomial_ridge_interactions,99,28660983,104282006,estimated,-0.0004106360786678715,-0.0007026125484953486,0.0005768031913130019,0.015,False,False
84,heteroskedastic_null,False,polynomial_ridge_interactions,199,28660983,104282006,estimated,-0.0004106360786678715,-0.0007360518133193107,0.0006555177521052991,0.015,False,False
84,heteroskedastic_null,False,polynomial_ridge_interactions,499,28660983,104282006,estimated,-0.0004106360786678715,-0.0006765653931555663,0.0006159604826680804,0.015,False,False
84,heteroskedastic_null,False,polynomial_ridge_interactions,999,28660983,104282006,estimated,-0.0004106360786678715,-0.0006519437499501788,0.0005703435721078517,0.015,False,False
84,nonlinear_proxy,False,polynomial_ridge,99,28660983,104270990,estimated,-0.00018498889613752408,-0.0006041040933518394,0.002189652875475702,0.81,False,False
84,nonlinear_proxy,False,polynomial_ridge,199,28660983,104270990,estimated,-0.00018498889613752408,-0.0006893461990963081,0.0023182634811010966,0.81,False,False
84,nonlinear_proxy,False,polynomial_ridge,499,28660983,104270990,estimated,-0.00018498889613752408,-0.0006596279505053119,0.002414003757723733,0.81,False,False
84,nonlinear_proxy,False,polynomial_ridge,999,28660983,104270990,estimated,-0.00018498889613752408,-0.000643995210217276,0.0023619630986787613,0.81,False,False
84,nonlinear_proxy,False,polynomial_ridge_interactions,99,28660983,104271999,estimated,-0.00025246983387102427,-0.0005933326009165596,0.0007384503042555815,0.8,False,False
84,nonlinear_proxy,False,polynomial_ridge_interactions,199,28660983,104271999,estimated,-0.00025246983387102427,-0.0005129313724509448,0.0008140905268465794,0.8,False,False
84,nonlinear_proxy,False,polynomial_ridge_interactions,499,28660983,104271999,estimated,-0.00025246983387102427,-0.0006099728870600387,0.0012914829381698162,0.8,False,False
84,nonlinear_proxy,False,polynomial_ridge_interactions,999,28660983,104271999,estimated,-0.00025246983387102427,-0.0005874265786684915,0.0012243376903499632,0.8,False,False
84,null_metric,False,polynomial_ridge,99,28660983,104260983,estimated,-0.000648242180998293,-0.0041207339064448165,0.0020708003254096426,0.71,False,False
84,null_metric,False,polynomial_ridge,199,28660983,104260983,estimated,-0.000648242180998293,-0.003326234806315846,0.002135281274049719,0.71,False,False
84,null_metric,False,polynomial_ridge,499,28660983,104260983,estimated,-0.000648242180998293,-0.0032960665277208525,0.002123302218319942,0.71,False,False
84,null_metric,False,polynomial_ridge,999,28660983,104260983,estimated,-0.000648242180998293,-0.0033933715685237563,0.0018929057925060363,0.71,False,False
84,null_metric,False,polynomial_ridge_interactions,99,28660983,104261992,estimated,-0.0006211060782893643,-0.0014065152403349654,0.0010760015666431049,0.94,False,False
84,null_metric,False,polynomial_ridge_interactions,199,28660983,104261992,estimated,-0.0006211060782893643,-0.0014306241248015906,0.0010993292603071441,0.94,False,False
84,null_metric,False,polynomial_ridge_interactions,499,28660983,104261992,estimated,-0.0006211060782893643,-0.0014175322500157685,0.0010760015666431055,0.94,False,False
84,null_metric,False,polynomial_ridge_interactions,999,28660983,104261992,estimated,-0.0006211060782893643,-0.0014414007956280801,0.0010859434289534728,0.94,False,False
85,clustered_null,False,polynomial_ridge,99,28760986,105291007,estimated,-0.007977575882362628,-0.02613334278372406,0.016211697937478804,0.125,False,False
85,clustered_null,False,polynomial_ridge,199,28760986,105291007,estimated,-0.007977575882362628,-0.022350047712365637,0.017281852957941615,0.125,False,False
85,clustered_null,False,polynomial_ridge,499,28760986,105291007,estimated,-0.007977575882362628,-0.022600336099833158,0.018350264930665734,0.125,False,False
85,clustered_null,False,polynomial_ridge,999,28760986,105291007,estimated,-0.007977575882362628,-0.022421012651268755,0.02040004386221486,0.125,False,False
85,clustered_null,False,polynomial_ridge_interactions,99,28760986,105292016,estimated,-0.011442091069193736,-0.02012714018898632,0.014637785083363372,0.82,False,False
85,clustered_null,False,polynomial_ridge_interactions,199,28760986,105292016,estimated,-0.011442091069193736,-0.015226649380325578,0.013514123705149499,0.82,False,False
85,clustered_null,False,polynomial_ridge_interactions,499,28760986,105292016,estimated,-0.011442091069193736,-0.01638724517364374,0.014758268083087377,0.82,False,False
85,clustered_null,False,polynomial_ridge_interactions,999,28760986,105292016,estimated,-0.011442091069193736,-0.015825796770888634,0.012924923520895581,0.82,False,False
85,genuine_increment,True,polynomial_ridge,99,28760986,105301014,estimated,0.0466262207418065,0.03426487790219004,0.051708533509900796,0.005,True,True
85,genuine_increment,True,polynomial_ridge,199,28760986,105301014,estimated,0.0466262207418065,0.03445671271565607,0.05366814019379266,0.005,True,True
85,genuine_increment,True,polynomial_ridge,499,28760986,105301014,estimated,0.0466262207418065,0.03398935555661758,0.053024620142602806,0.005,True,True
85,genuine_increment,True,polynomial_ridge,999,28760986,105301014,estimated,0.0466262207418065,0.034086293412762945,0.05377237981995307,0.005,True,True
85,genuine_increment,True,polynomial_ridge_interactions,99,28760986,105302023,estimated,0.043946005743167184,0.03251099841937977,0.05132322558057456,0.005,True,True
85,genuine_increment,True,polynomial_ridge_interactions,199,28760986,105302023,estimated,0.043946005743167184,0.03246696475573037,0.05247730413329818,0.005,True,True
85,genuine_increment,True,polynomial_ridge_interactions,499,28760986,105302023,estimated,0.043946005743167184,0.03254112555792591,0.05321674995243714,0.005,True,True
85,genuine_increment,True,polynomial_ridge_interactions,999,28760986,105302023,estimated,0.043946005743167184,0.032409325272308206,0.0543522714761295,0.005,True,True
85,heteroskedastic_null,False,polynomial_ridge,99,28760986,105281000,estimated,-0.0006853420949431126,-0.0013066382105955256,0.0010494231235947218,0.565,False,False
85,heteroskedastic_null,False,polynomial_ridge,199,28760986,105281000,estimated,-0.0006853420949431126,-0.0012902171544337698,0.0011956488698335718,0.565,False,False
85,heteroskedastic_null,False,polynomial_ridge,499,28760986,105281000,estimated,-0.0006853420949431126,-0.0012647988445757608,0.001231811999306522,0.565,False,False
85,heteroskedastic_null,False,polynomial_ridge,999,28760986,105281000,estimated,-0.0006853420949431126,-0.0012975763724877981,0.0011938846760412257,0.565,False,False
85,heteroskedastic_null,False,polynomial_ridge_interactions,99,28760986,105282009,estimated,5.772571475164655e-05,-0.0004211426176275982,0.0010698483113255174,0.715,False,False
85,heteroskedastic_null,False,polynomial_ridge_interactions,199,28760986,105282009,estimated,5.772571475164655e-05,-0.0005501925026299997,0.0009222195561046964,0.715,False,False
85,heteroskedastic_null,False,polynomial_ridge_interactions,499,28760986,105282009,estimated,5.772571475164655e-05,-0.000524418887583724,0.0009067679386541213,0.715,False,False
85,heteroskedastic_null,False,polynomial_ridge_interactions,999,28760986,105282009,estimated,5.772571475164655e-05,-0.0005229509974387855,0.0010256594296048753,0.715,False,False
85,nonlinear_proxy,False,polynomial_ridge,99,28760986,105270993,estimated,-0.00011539825892324575,-0.0008229311760542839,0.0006661310269358387,0.01,False,False
85,nonlinear_proxy,False,polynomial_ridge,199,28760986,105270993,estimated,-0.00011539825892324575,-0.0008123154449787182,0.0007534923627330663,0.01,False,False
85,nonlinear_proxy,False,polynomial_ridge,499,28760986,105270993,estimated,-0.00011539825892324575,-0.0007447973412725221,0.0009930250250455668,0.01,False,False
85,nonlinear_proxy,False,polynomial_ridge,999,28760986,105270993,estimated,-0.00011539825892324575,-0.0007342864211730813,0.0010275469598456796,0.01,False,False
85,nonlinear_proxy,False,polynomial_ridge_interactions,99,28760986,105272002,estimated,-0.00012804731097035196,-0.00037054653475743806,0.0004095745251798373,0.125,False,False
85,nonlinear_proxy,False,polynomial_ridge_interactions,199,28760986,105272002,estimated,-0.00012804731097035196,-0.00042898740680047165,0.0004158456497285501,0.125,False,False
85,nonlinear_proxy,False,polynomial_ridge_interactions,499,28760986,105272002,estimated,-0.00012804731097035196,-0.00045567623141826494,0.0004244511345139023,0.125,False,False
85,nonlinear_proxy,False,polynomial_ridge_interactions,999,28760986,105272002,estimated,-0.00012804731097035196,-0.0004637309975963339,0.0004555253600602855,0.125,False,False
85,null_metric,False,polynomial_ridge,99,28760986,105260986,estimated,-0.001081076734363532,-0.0019586263267885465,0.0011493354042699977,0.78,False,False
85,null_metric,False,polynomial_ridge,199,28760986,105260986,estimated,-0.001081076734363532,-0.002040465435841526,0.0015274983944304722,0.78,False,False
85,null_metric,False,polynomial_ridge,499,28760986,105260986,estimated,-0.001081076734363532,-0.0019913087282429167,0.0017475977389277966,0.78,False,False
85,null_metric,False,polynomial_ridge,999,28760986,105260986,estimated,-0.001081076734363532,-0.002151981342220685,0.0017457239428078357,0.78,False,False
85,null_metric,False,polynomial_ridge_interactions,99,28760986,105261995,estimated,0.0003631098607459471,-0.00044021104863493346,0.0011646220558900525,0.45,False,False
85,null_metric,False,polynomial_ridge_interactions,199,28760986,105261995,estimated,0.0003631098607459471,-0.0006877502653717963,0.0013086266040516434,0.45,False,False
85,null_metric,False,polynomial_ridge_interactions,499,28760986,105261995,estimated,0.0003631098607459471,-0.0006153388169835183,0.0013097531147651174,0.45,False,False
85,null_metric,False,polynomial_ridge_interactions,999,28760986,105261995,estimated,0.0003631098607459471,-0.0006877502653717963,0.0013747026923379127,0.45,False,False
86,clustered_null,False,polynomial_ridge,99,28860989,106291010,estimated,-0.006015952329760321,-0.02449716135862171,0.003156997655674682,0.895,False,False
86,clustered_null,False,polynomial_ridge,199,28860989,106291010,estimated,-0.006015952329760321,-0.022888317456906202,0.004823013536906687,0.895,False,False
86,clustered_null,False,polynomial_ridge,499,28860989,106291010,estimated,-0.006015952329760321,-0.02099756343929437,0.004807551515286039,0.895,False,False
86,clustered_null,False,polynomial_ridge,999,28860989,106291010,estimated,-0.006015952329760321,-0.020244184446552117,0.006395663418473472,0.895,False,False
86,clustered_null,False,polynomial_ridge_interactions,99,28860989,106292019,estimated,-0.002750272673815654,-0.009910393027814199,0.004020781525382623,0.95,False,False
86,clustered_null,False,polynomial_ridge_interactions,199,28860989,106292019,estimated,-0.002750272673815654,-0.009402605902248694,0.003457162615413632,0.95,False,False
86,clustered_null,False,polynomial_ridge_interactions,499,28860989,106292019,estimated,-0.002750272673815654,-0.009198796103684856,0.004393644606862108,0.95,False,False
86,clustered_null,False,polynomial_ridge_interactions,999,28860989,106292019,estimated,-0.002750272673815654,-0.009595207784692068,0.004919009125616583,0.95,False,False
86,genuine_increment,True,polynomial_ridge,99,28860989,106301017,estimated,0.04808902890082966,0.034663301735075265,0.05537073519610369,0.005,True,True
86,genuine_increment,True,polynomial_ridge,199,28860989,106301017,estimated,0.04808902890082966,0.03476524792141194,0.05572343787031126,0.005,True,True
86,genuine_increment,True,polynomial_ridge,499,28860989,106301017,estimated,0.04808902890082966,0.035118317159216456,0.05571365471172227,0.005,True,True
86,genuine_increment,True,polynomial_ridge,999,28860989,106301017,estimated,0.04808902890082966,0.035283285812046226,0.05600516400738184,0.005,True,True
86,genuine_increment,True,polynomial_ridge_interactions,99,28860989,106302026,estimated,0.04673725633741121,0.036891282055912265,0.05435305574772701,0.005,True,True
86,genuine_increment,True,polynomial_ridge_interactions,199,28860989,106302026,estimated,0.04673725633741121,0.03421264606628298,0.054436627549559816,0.005,True,True
86,genuine_increment,True,polynomial_ridge_interactions,499,28860989,106302026,estimated,0.04673725633741121,0.032927717401472816,0.054968551926679064,0.005,True,True
86,genuine_increment,True,polynomial_ridge_interactions,999,28860989,106302026,estimated,0.04673725633741121,0.033559455127624246,0.05478647955385639,0.005,True,True
86,heteroskedastic_null,False,polynomial_ridge,99,28860989,106281003,estimated,-0.000279250380593973,-0.0007592370244082623,0.0011120145185052324,0.635,False,False
86,heteroskedastic_null,False,polynomial_ridge,199,28860989,106281003,estimated,-0.000279250380593973,-0.0007628526131000485,0.0011215639574156683,0.635,False,False
86,heteroskedastic_null,False,polynomial_ridge,499,28860989,106281003,estimated,-0.000279250380593973,-0.0009612927985559914,0.0010897166654970241,0.635,False,False
86,heteroskedastic_null,False,polynomial_ridge,999,28860989,106281003,estimated,-0.000279250380593973,-0.000919409876960839,0.0011212568530322318,0.635,False,False
86,heteroskedastic_null,False,polynomial_ridge_interactions,99,28860989,106282012,estimated,-4.578758500826258e-05,-0.0004951758015459564,0.00044212916654908586,0.71,False,False
86,heteroskedastic_null,False,polynomial_ridge_interactions,199,28860989,106282012,estimated,-4.578758500826258e-05,-0.0005159753653439843,0.00039155768399045483,0.71,False,False
86,heteroskedastic_null,False,polynomial_ridge_interactions,499,28860989,106282012,estimated,-4.578758500826258e-05,-0.0005801153160171123,0.000267045045155592,0.71,False,False
86,heteroskedastic_null,False,polynomial_ridge_interactions,999,28860989,106282012,estimated,-4.578758500826258e-05,-0.0005734285558644023,0.00026680136597648707,0.71,False,False
86,nonlinear_proxy,False,polynomial_ridge,99,28860989,106270996,estimated,0.0004830709198360098,-0.0002352298769972443,0.002947326715353687,0.035,False,False
86,nonlinear_proxy,False,polynomial_ridge,199,28860989,106270996,estimated,0.0004830709198360098,-0.0003722300763599035,0.0029966809951417193,0.035,False,False
86,nonlinear_proxy,False,polynomial_ridge,499,28860989,106270996,estimated,0.0004830709198360098,-0.0003464258409674738,0.0027225009938525516,0.035,False,False
86,nonlinear_proxy,False,polynomial_ridge,999,28860989,106270996,estimated,0.0004830709198360098,-0.000375173750629837,0.002719595829991992,0.035,False,False
86,nonlinear_proxy,False,polynomial_ridge_interactions,99,28860989,106272005,estimated,0.00029170136576711116,-0.0006677150034877444,0.0031497098438525765,0.13,False,False
86,nonlinear_proxy,False,polynomial_ridge_interactions,199,28860989,106272005,estimated,0.00029170136576711116,-0.0005243094354138415,0.003212514847311571,0.13,False,False
86,nonlinear_proxy,False,polynomial_ridge_interactions,499,28860989,106272005,estimated,0.00029170136576711116,-0.0004983215268379037,0.0027137571521262094,0.13,False,False
86,nonlinear_proxy,False,polynomial_ridge_interactions,999,28860989,106272005,estimated,0.00029170136576711116,-0.0005050904625041749,0.002626883714189693,0.13,False,False
86,null_metric,False,polynomial_ridge,99,28860989,106260989,estimated,-0.0026590181898800483,-0.0033035398857699473,0.0015834233288490622,0.815,False,False
86,null_metric,False,polynomial_ridge,199,28860989,106260989,estimated,-0.0026590181898800483,-0.00298418483115286,0.0015529252713733885,0.815,False,False
86,null_metric,False,polynomial_ridge,499,28860989,106260989,estimated,-0.0026590181898800483,-0.003080451702695524,0.0017065341073136389,0.815,False,False
86,null_metric,False,polynomial_ridge,999,28860989,106260989,estimated,-0.0026590181898800483,-0.002972073913816676,0.0017112959550622572,0.815,False,False
86,null_metric,False,polynomial_ridge_interactions,99,28860989,106261998,estimated,-0.0005320996895891543,-0.0010635623135879144,0.0003385076476695483,1.0,False,False
86,null_metric,False,polynomial_ridge_interactions,199,28860989,106261998,estimated,-0.0005320996895891543,-0.0008309242815898994,0.00043695155641177276,1.0,False,False
86,null_metric,False,polynomial_ridge_interactions,499,28860989,106261998,estimated,-0.0005320996895891543,-0.0008465348990879108,0.0005743219298737953,1.0,False,False
86,null_metric,False,polynomial_ridge_interactions,999,28860989,106261998,estimated,-0.0005320996895891543,-0.0008609152870856946,0.0005845585425213196,1.0,False,False
87,clustered_null,False,polynomial_ridge,99,28960992,107291013,estimated,-0.0047317985896267595,-0.02316914687157531,0.01910522237660554,0.13,False,False
87,clustered_null,False,polynomial_ridge,199,28960992,107291013,estimated,-0.0047317985896267595,-0.023197041847119085,0.018779457233618613,0.13,False,False
87,clustered_null,False,polynomial_ridge,499,28960992,107291013,estimated,-0.0047317985896267595,-0.02316914687157531,0.014903109982428884,0.13,False,False
87,clustered_null,False,polynomial_ridge,999,28960992,107291013,estimated,-0.0047317985896267595,-0.023805723773030654,0.01638289766150889,0.13,False,False
87,clustered_null,False,polynomial_ridge_interactions,99,28960992,107292022,estimated,-0.0025116201151492643,-0.02138110440014552,0.013875140751821636,0.035,False,False
87,clustered_null,False,polynomial_ridge_interactions,199,28960992,107292022,estimated,-0.0025116201151492643,-0.02045908715636378,0.01567840112956077,0.035,False,False
87,clustered_null,False,polynomial_ridge_interactions,499,28960992,107292022,estimated,-0.0025116201151492643,-0.01875913697192375,0.014773924368912856,0.035,False,False
87,clustered_null,False,polynomial_ridge_interactions,999,28960992,107292022,estimated,-0.0025116201151492643,-0.01872442117337327,0.012273501089598356,0.035,False,False
87,genuine_increment,True,polynomial_ridge,99,28960992,107301020,estimated,0.03694154262767013,0.02699723186747006,0.046054013927015816,0.005,True,True
87,genuine_increment,True,polynomial_ridge,199,28960992,107301020,estimated,0.03694154262767013,0.02652322605695023,0.04710736524928714,0.005,True,True
87,genuine_increment,True,polynomial_ridge,499,28960992,107301020,estimated,0.03694154262767013,0.02702552521885089,0.0474890940404517,0.005,True,True
87,genuine_increment,True,polynomial_ridge,999,28960992,107301020,estimated,0.03694154262767013,0.026796588265033887,0.048330781344663426,0.005,True,True
87,genuine_increment,True,polynomial_ridge_interactions,99,28960992,107302029,estimated,0.037677139740364324,0.027343331556664095,0.04834712132149174,0.005,True,True
87,genuine_increment,True,polynomial_ridge_interactions,199,28960992,107302029,estimated,0.037677139740364324,0.02734792296388503,0.047659761467288536,0.005,True,True
87,genuine_increment,True,polynomial_ridge_interactions,499,28960992,107302029,estimated,0.037677139740364324,0.027468009007773218,0.047640315986858084,0.005,True,True
87,genuine_increment,True,polynomial_ridge_interactions,999,28960992,107302029,estimated,0.037677139740364324,0.027498056173153332,0.04767232178107121,0.005,True,True
87,heteroskedastic_null,False,polynomial_ridge,99,28960992,107281006,estimated,-0.0008449729741629042,-0.0009403359824204924,0.0013192903564635864,0.655,False,False
87,heteroskedastic_null,False,polynomial_ridge,199,28960992,107281006,estimated,-0.0008449729741629042,-0.0010114383884311721,0.00105267385966093,0.655,False,False
87,heteroskedastic_null,False,polynomial_ridge,499,28960992,107281006,estimated,-0.0008449729741629042,-0.000951521363559452,0.0011768765062619697,0.655,False,False
87,heteroskedastic_null,False,polynomial_ridge,999,28960992,107281006,estimated,-0.0008449729741629042,-0.0009703048480914698,0.0011931336921382,0.655,False,False
87,heteroskedastic_null,False,polynomial_ridge_interactions,99,28960992,107282015,estimated,-7.745577093414696e-06,-0.000496096000547653,0.0006532502585668756,0.27,False,False
87,heteroskedastic_null,False,polynomial_ridge_interactions,199,28960992,107282015,estimated,-7.745577093414696e-06,-0.00039297027819133686,0.0006845369045197105,0.27,False,False
87,heteroskedastic_null,False,polynomial_ridge_interactions,499,28960992,107282015,estimated,-7.745577093414696e-06,-0.000482905040486241,0.0009186784261743928,0.27,False,False
87,heteroskedastic_null,False,polynomial_ridge_interactions,999,28960992,107282015,estimated,-7.745577093414696e-06,-0.0004867407103666436,0.0009540946300087682,0.27,False,False
87,nonlinear_proxy,False,polynomial_ridge,99,28960992,107270999,estimated,0.0001531690899791386,-0.0008929504762653674,0.0015888769263985077,0.89,False,False
87,nonlinear_proxy,False,polynomial_ridge,199,28960992,107270999,estimated,0.0001531690899791386,-0.0009180887158654613,0.0016424011822359346,0.89,False,False
87,nonlinear_proxy,False,polynomial_ridge,499,28960992,107270999,estimated,0.0001531690899791386,-0.001025894570625959,0.001630789763681807,0.89,False,False
87,nonlinear_proxy,False,polynomial_ridge,999,28960992,107270999,estimated,0.0001531690899791386,-0.0009779309709785685,0.001780504588895416,0.89,False,False
87,nonlinear_proxy,False,polynomial_ridge_interactions,99,28960992,107272008,estimated,-0.00012521115369117444,-0.0007269306684773214,0.0010040883389284899,0.775,False,False
87,nonlinear_proxy,False,polynomial_ridge_interactions,199,28960992,107272008,estimated,-0.00012521115369117444,-0.0008011119784557182,0.0009910310351614353,0.775,False,False
87,nonlinear_proxy,False,polynomial_ridge_interactions,499,28960992,107272008,estimated,-0.00012521115369117444,-0.000805312494685197,0.001080499333100135,0.775,False,False
87,nonlinear_proxy,False,polynomial_ridge_interactions,999,28960992,107272008,estimated,-0.00012521115369117444,-0.0008225337950734525,0.0013036469617667145,0.775,False,False
87,null_metric,False,polynomial_ridge,99,28960992,107260992,estimated,-0.0010483780525081011,-0.002451812125685701,0.003983638288036239,0.535,False,False
87,null_metric,False,polynomial_ridge,199,28960992,107260992,estimated,-0.0010483780525081011,-0.0028154763780614558,0.004592067888252795,0.535,False,False
87,null_metric,False,polynomial_ridge,499,28960992,107260992,estimated,-0.0010483780525081011,-0.0027349448540248135,0.004749863725722898,0.535,False,False
87,null_metric,False,polynomial_ridge,999,28960992,107260992,estimated,-0.0010483780525081011,-0.0025678165481505333,0.004819666470379247,0.535,False,False
87,null_metric,False,polynomial_ridge_interactions,99,28960992,107262001,estimated,-0.00023178581198657344,-0.00151620431329405,0.0008905990330351321,0.4,False,False
87,null_metric,False,polynomial_ridge_interactions,199,28960992,107262001,estimated,-0.00023178581198657344,-0.001588381541500009,0.0008818521949816476,0.4,False,False
87,null_metric,False,polynomial_ridge_interactions,499,28960992,107262001,estimated,-0.00023178581198657344,-0.0015073493843000248,0.0010394291475999385,0.4,False,False
87,null_metric,False,polynomial_ridge_interactions,999,28960992,107262001,estimated,-0.00023178581198657344,-0.0013133088144307858,0.0009871447200202072,0.4,False,False
88,clustered_null,False,polynomial_ridge,99,29060995,108291016,estimated,-0.0028629406138870085,-0.011809179465551975,0.007953203721230245,0.83,False,False
88,clustered_null,False,polynomial_ridge,199,29060995,108291016,estimated,-0.0028629406138870085,-0.01140914809643734,0.010524695970167535,0.83,False,False
88,clustered_null,False,polynomial_ridge,499,29060995,108291016,estimated,-0.0028629406138870085,-0.015716923217273346,0.009324262503824218,0.83,False,False
88,clustered_null,False,polynomial_ridge,999,29060995,108291016,estimated,-0.0028629406138870085,-0.013853059694853294,0.006811993165703961,0.83,False,False
88,clustered_null,False,polynomial_ridge_interactions,99,29060995,108292025,estimated,-0.0001619383886905506,-0.005737860760895545,0.003949698545313671,0.395,False,False
88,clustered_null,False,polynomial_ridge_interactions,199,29060995,108292025,estimated,-0.0001619383886905506,-0.007911799147510315,0.0041660416679163,0.395,False,False
88,clustered_null,False,polynomial_ridge_interactions,499,29060995,108292025,estimated,-0.0001619383886905506,-0.010779932608779562,0.004099361937312134,0.395,False,False
88,clustered_null,False,polynomial_ridge_interactions,999,29060995,108292025,estimated,-0.0001619383886905506,-0.009831740597796982,0.0037171956645882043,0.395,False,False
88,genuine_increment,True,polynomial_ridge,99,29060995,108301023,estimated,0.0471991239606155,0.039513908808475454,0.05794652951460918,0.005,True,True
88,genuine_increment,True,polynomial_ridge,199,29060995,108301023,estimated,0.0471991239606155,0.039773647382276615,0.058566136686543036,0.005,True,True
88,genuine_increment,True,polynomial_ridge,499,29060995,108301023,estimated,0.0471991239606155,0.03924325967534352,0.058503704637111055,0.005,True,True
88,genuine_increment,True,polynomial_ridge,999,29060995,108301023,estimated,0.0471991239606155,0.03851782450374002,0.05876340171754242,0.005,True,True
88,genuine_increment,True,polynomial_ridge_interactions,99,29060995,108302032,estimated,0.04912429089696005,0.04039485520864144,0.05619960472869002,0.005,True,True
88,genuine_increment,True,polynomial_ridge_interactions,199,29060995,108302032,estimated,0.04912429089696005,0.03909589718510986,0.058093668334877537,0.005,True,True
88,genuine_increment,True,polynomial_ridge_interactions,499,29060995,108302032,estimated,0.04912429089696005,0.039001949809870345,0.056584755218212365,0.005,True,True
88,genuine_increment,True,polynomial_ridge_interactions,999,29060995,108302032,estimated,0.04912429089696005,0.03891555402983048,0.058205781647827665,0.005,True,True
88,heteroskedastic_null,False,polynomial_ridge,99,29060995,108281009,estimated,0.00021664277026291895,-0.0004373353227961164,0.0019131423487092707,0.39,False,False
88,heteroskedastic_null,False,polynomial_ridge,199,29060995,108281009,estimated,0.00021664277026291895,-0.0005960335054351529,0.001943561346104839,0.39,False,False
88,heteroskedastic_null,False,polynomial_ridge,499,29060995,108281009,estimated,0.00021664277026291895,-0.000604470566219663,0.001945393811298036,0.39,False,False
88,heteroskedastic_null,False,polynomial_ridge,999,29060995,108281009,estimated,0.00021664277026291895,-0.0005868291058447445,0.001948436297790613,0.39,False,False
88,heteroskedastic_null,False,polynomial_ridge_interactions,99,29060995,108282018,estimated,0.0003062254106072689,-0.0005896091646666748,0.0008745560065834102,0.24,False,False
88,heteroskedastic_null,False,polynomial_ridge_interactions,199,29060995,108282018,estimated,0.0003062254106072689,-0.0004824947352665116,0.000889887923443086,0.24,False,False
88,heteroskedastic_null,False,polynomial_ridge_interactions,499,29060995,108282018,estimated,0.0003062254106072689,-0.000460221972002061,0.00090515171908057,0.24,False,False
88,heteroskedastic_null,False,polynomial_ridge_interactions,999,29060995,108282018,estimated,0.0003062254106072689,-0.0005363197514992517,0.0009552339399279896,0.24,False,False
88,nonlinear_proxy,False,polynomial_ridge,99,29060995,108271002,estimated,0.00017960480144038442,-0.00021218782653665327,0.0013306387045746747,0.6,False,False
88,nonlinear_proxy,False,polynomial_ridge,199,29060995,108271002,estimated,0.00017960480144038442,-0.00023010301352405829,0.0013646258638155258,0.6,False,False
88,nonlinear_proxy,False,polynomial_ridge,499,29060995,108271002,estimated,0.00017960480144038442,-0.0002625511853233605,0.001591074682896702,0.6,False,False
88,nonlinear_proxy,False,polynomial_ridge,999,29060995,108271002,estimated,0.00017960480144038442,-0.0002463298086765242,0.001550628118330712,0.6,False,False
88,nonlinear_proxy,False,polynomial_ridge_interactions,99,29060995,108272011,estimated,-0.00017919007442246827,-0.00024086823799100257,0.0011798420184739068,0.235,False,False
88,nonlinear_proxy,False,polynomial_ridge_interactions,199,29060995,108272011,estimated,-0.00017919007442246827,-0.0002593143482950759,0.0011319788291545947,0.235,False,False
88,nonlinear_proxy,False,polynomial_ridge_interactions,499,29060995,108272011,estimated,-0.00017919007442246827,-0.00034259858280639055,0.0012346322833641712,0.235,False,False
88,nonlinear_proxy,False,polynomial_ridge_interactions,999,29060995,108272011,estimated,-0.00017919007442246827,-0.00037451624962358274,0.0012297246865208553,0.235,False,False
88,null_metric,False,polynomial_ridge,99,29060995,108260995,estimated,-0.0010200947927083356,-0.002127445649541813,0.006397658530274896,0.615,False,False
88,null_metric,False,polynomial_ridge,199,29060995,108260995,estimated,-0.0010200947927083356,-0.0025180372042943938,0.0063248288898457815,0.615,False,False
88,null_metric,False,polynomial_ridge,499,29060995,108260995,estimated,-0.0010200947927083356,-0.0029678475588649266,0.006007390561044883,0.615,False,False
88,null_metric,False,polynomial_ridge,999,29060995,108260995,estimated,-0.0010200947927083356,-0.002943811617738664,0.005678404835305556,0.615,False,False
88,null_metric,False,polynomial_ridge_interactions,99,29060995,108262004,estimated,0.0006791510582965544,-0.0012092021163661892,0.00317623503038765,0.395,False,False
88,null_metric,False,polynomial_ridge_interactions,199,29060995,108262004,estimated,0.0006791510582965544,-0.001225050221334439,0.0037084559984138497,0.395,False,False
88,null_metric,False,polynomial_ridge_interactions,499,29060995,108262004,estimated,0.0006791510582965544,-0.0012594933736835444,0.00327375538076277,0.395,False,False
88,null_metric,False,polynomial_ridge_interactions,999,29060995,108262004,estimated,0.0006791510582965544,-0.0013836247960237898,0.003273948563764154,0.395,False,False
89,clustered_null,False,polynomial_ridge,99,29160998,109291019,estimated,-0.0014737857366278508,-0.01585510404320765,0.010391570740542411,0.87,False,False
89,clustered_null,False,polynomial_ridge,199,29160998,109291019,estimated,-0.0014737857366278508,-0.02020046499674727,0.011201094744970476,0.87,False,False
89,clustered_null,False,polynomial_ridge,499,29160998,109291019,estimated,-0.0014737857366278508,-0.021851961416836,0.00964992503329704,0.87,False,False
89,clustered_null,False,polynomial_ridge,999,29160998,109291019,estimated,-0.0014737857366278508,-0.020994969188757113,0.0080472706131258,0.87,False,False
89,clustered_null,False,polynomial_ridge_interactions,99,29160998,109292028,estimated,-0.0022886849178391615,-0.015210058914884262,0.009726491289716404,0.365,False,False
89,clustered_null,False,polynomial_ridge_interactions,199,29160998,109292028,estimated,-0.0022886849178391615,-0.014203538336338556,0.00881931695230979,0.365,False,False
89,clustered_null,False,polynomial_ridge_interactions,499,29160998,109292028,estimated,-0.0022886849178391615,-0.01508153449496578,0.006363470003216131,0.365,False,False
89,clustered_null,False,polynomial_ridge_interactions,999,29160998,109292028,estimated,-0.0022886849178391615,-0.01538446239582424,0.006546196494838055,0.365,False,False
89,genuine_increment,True,polynomial_ridge,99,29160998,109301026,estimated,0.034758054162429046,0.02679304127120926,0.047139751509667774,0.005,True,True
89,genuine_increment,True,polynomial_ridge,199,29160998,109301026,estimated,0.034758054162429046,0.026376352285565847,0.04624371798267737,0.005,True,True
89,genuine_increment,True,polynomial_ridge,499,29160998,109301026,estimated,0.034758054162429046,0.026141643804503324,0.0468096999221995,0.005,True,True
89,genuine_increment,True,polynomial_ridge,999,29160998,109301026,estimated,0.034758054162429046,0.026024447767045624,0.04676832761384646,0.005,True,True
89,genuine_increment,True,polynomial_ridge_interactions,99,29160998,109302035,estimated,0.03714106678985556,0.02562655753649909,0.04460086957197822,0.005,True,True
89,genuine_increment,True,polynomial_ridge_interactions,199,29160998,109302035,estimated,0.03714106678985556,0.02626414554976088,0.04383263625359037,0.005,True,True
89,genuine_increment,True,polynomial_ridge_interactions,499,29160998,109302035,estimated,0.03714106678985556,0.025058095199238985,0.04557277560156421,0.005,True,True
89,genuine_increment,True,polynomial_ridge_interactions,999,29160998,109302035,estimated,0.03714106678985556,0.0253313968064557,0.04550363272974858,0.005,True,True
89,heteroskedastic_null,False,polynomial_ridge,99,29160998,109281012,estimated,-0.0008758035885127729,-0.0011580079166437626,0.0008597305074387865,0.125,False,False
89,heteroskedastic_null,False,polynomial_ridge,199,29160998,109281012,estimated,-0.0008758035885127729,-0.0012003039568984103,0.000783302083179353,0.125,False,False
89,heteroskedastic_null,False,polynomial_ridge,499,29160998,109281012,estimated,-0.0008758035885127729,-0.0013387373440104568,0.0008291774619548866,0.125,False,False
89,heteroskedastic_null,False,polynomial_ridge,999,29160998,109281012,estimated,-0.0008758035885127729,-0.0014160111960457228,0.0008342488156166618,0.125,False,False
89,heteroskedastic_null,False,polynomial_ridge_interactions,99,29160998,109282021,estimated,-0.0003302142820338812,-0.0008233560788676736,0.0003382159613917438,0.15,False,False
89,heteroskedastic_null,False,polynomial_ridge_interactions,199,29160998,109282021,estimated,-0.0003302142820338812,-0.0007886663128446533,0.00043907846654555867,0.15,False,False
89,heteroskedastic_null,False,polynomial_ridge_interactions,499,29160998,109282021,estimated,-0.0003302142820338812,-0.000785112887479261,0.00042926859269929623,0.15,False,False
89,heteroskedastic_null,False,polynomial_ridge_interactions,999,29160998,109282021,estimated,-0.0003302142820338812,-0.0008741251212807409,0.0004380261310146915,0.15,False,False
89,nonlinear_proxy,False,polynomial_ridge,99,29160998,109271005,estimated,-5.320348883011954e-05,-0.0009292448256664845,0.0012166238631499701,0.66,False,False
89,nonlinear_proxy,False,polynomial_ridge,199,29160998,109271005,estimated,-5.320348883011954e-05,-0.0008849294742680921,0.0013003287649170805,0.66,False,False
89,nonlinear_proxy,False,polynomial_ridge,499,29160998,109271005,estimated,-5.320348883011954e-05,-0.0008368146264815313,0.0012166238631499706,0.66,False,False
89,nonlinear_proxy,False,polynomial_ridge,999,29160998,109271005,estimated,-5.320348883011954e-05,-0.0007352366378185872,0.0012379140328430808,0.66,False,False
89,nonlinear_proxy,False,polynomial_ridge_interactions,99,29160998,109272014,estimated,-0.00010527220424739938,-0.00045548974188804346,0.001032157859972662,0.455,False,False
89,nonlinear_proxy,False,polynomial_ridge_interactions,199,29160998,109272014,estimated,-0.00010527220424739938,-0.00044995997405813075,0.0011187283190846776,0.455,False,False
89,nonlinear_proxy,False,polynomial_ridge_interactions,499,29160998,109272014,estimated,-0.00010527220424739938,-0.0004429807927808381,0.0010234769779099628,0.455,False,False
89,nonlinear_proxy,False,polynomial_ridge_interactions,999,29160998,109272014,estimated,-0.00010527220424739938,-0.00046078349793669186,0.0009747141395201179,0.455,False,False
89,null_metric,False,polynomial_ridge,99,29160998,109260998,estimated,-0.0009011918116187921,-0.002209520180249201,0.00253771478255284,0.99,False,False
89,null_metric,False,polynomial_ridge,199,29160998,109260998,estimated,-0.0009011918116187921,-0.0022268088719352894,0.0025598171189851636,0.99,False,False
89,null_metric,False,polynomial_ridge,499,29160998,109260998,estimated,-0.0009011918116187921,-0.0024861067438896184,0.002120991212234173,0.99,False,False
89,null_metric,False,polynomial_ridge,999,29160998,109260998,estimated,-0.0009011918116187921,-0.002569926058855963,0.002077721934901805,0.99,False,False
89,null_metric,False,polynomial_ridge_interactions,99,29160998,109262007,estimated,0.00027918186517522994,-0.0007087871618648211,0.001483568733784347,0.805,False,False
89,null_metric,False,polynomial_ridge_interactions,199,29160998,109262007,estimated,0.00027918186517522994,-0.0007050695215605234,0.001616276871058045,0.805,False,False
89,null_metric,False,polynomial_ridge_interactions,499,29160998,109262007,estimated,0.00027918186517522994,-0.0007302563891086204,0.0014654443995939107,0.805,False,False
89,null_metric,False,polynomial_ridge_interactions,999,29160998,109262007,estimated,0.00027918186517522994,-0.0006565756217278681,0.0014640377839403123,0.805,False,False
90,clustered_null,False,polynomial_ridge,99,29261001,110291022,estimated,-1.626706160163041e-05,-0.028085778263863825,0.00942642502049335,0.61,False,False
90,clustered_null,False,polynomial_ridge,199,29261001,110291022,estimated,-1.626706160163041e-05,-0.029781907542231006,0.013021029763175946,0.61,False,False
90,clustered_null,False,polynomial_ridge,499,29261001,110291022,estimated,-1.626706160163041e-05,-0.02848427627273925,0.017344503726156348,0.61,False,False
90,clustered_null,False,polynomial_ridge,999,29261001,110291022,estimated,-1.626706160163041e-05,-0.03244803318096277,0.019149829027343947,0.61,False,False
90,clustered_null,False,polynomial_ridge_interactions,99,29261001,110292031,estimated,-0.002461764588824293,-0.031113233241946318,0.008839225023534106,0.42,False,False
90,clustered_null,False,polynomial_ridge_interactions,199,29261001,110292031,estimated,-0.002461764588824293,-0.026062570594041316,0.008306788228748386,0.42,False,False
90,clustered_null,False,polynomial_ridge_interactions,499,29261001,110292031,estimated,-0.002461764588824293,-0.01972935609920935,0.009208647910660037,0.42,False,False
90,clustered_null,False,polynomial_ridge_interactions,999,29261001,110292031,estimated,-0.002461764588824293,-0.023237976228357233,0.009908319460582933,0.42,False,False
90,genuine_increment,True,polynomial_ridge,99,29261001,110301029,estimated,0.04486688655471991,0.031972092904371474,0.054349511539890406,0.005,True,True
90,genuine_increment,True,polynomial_ridge,199,29261001,110301029,estimated,0.04486688655471991,0.03113945441483136,0.053870824621136564,0.005,True,True
90,genuine_increment,True,polynomial_ridge,499,29261001,110301029,estimated,0.04486688655471991,0.03155735201068558,0.05365666830248299,0.005,True,True
90,genuine_increment,True,polynomial_ridge,999,29261001,110301029,estimated,0.04486688655471991,0.03188632155825069,0.05332320174835873,0.005,True,True
90,genuine_increment,True,polynomial_ridge_interactions,99,29261001,110302038,estimated,0.042426347383587734,0.03224652679309935,0.05325019573268569,0.005,True,True
90,genuine_increment,True,polynomial_ridge_interactions,199,29261001,110302038,estimated,0.042426347383587734,0.03065157102413076,0.05396623644500353,0.005,True,True
90,genuine_increment,True,polynomial_ridge_interactions,499,29261001,110302038,estimated,0.042426347383587734,0.03120439850466034,0.05309137352802239,0.005,True,True
90,genuine_increment,True,polynomial_ridge_interactions,999,29261001,110302038,estimated,0.042426347383587734,0.030726373017893147,0.053033620314590274,0.005,True,True
90,heteroskedastic_null,False,polynomial_ridge,99,29261001,110281015,estimated,-0.0007241977998135602,-0.0008806914903442864,0.0013960821807396243,0.575,False,False
90,heteroskedastic_null,False,polynomial_ridge,199,29261001,110281015,estimated,-0.0007241977998135602,-0.0009734672266632752,0.0014195588990235126,0.575,False,False
90,heteroskedastic_null,False,polynomial_ridge,499,29261001,110281015,estimated,-0.0007241977998135602,-0.0009973395466014784,0.001302804556007546,0.575,False,False
90,heteroskedastic_null,False,polynomial_ridge,999,29261001,110281015,estimated,-0.0007241977998135602,-0.0009903119619367852,0.0014034782576909284,0.575,False,False
90,heteroskedastic_null,False,polynomial_ridge_interactions,99,29261001,110282024,estimated,-0.00010230618073809108,-0.0007303923907920328,0.0004548042759866509,0.865,False,False
90,heteroskedastic_null,False,polynomial_ridge_interactions,199,29261001,110282024,estimated,-0.00010230618073809108,-0.0007100325838516544,0.00034425890192687494,0.865,False,False
90,heteroskedastic_null,False,polynomial_ridge_interactions,499,29261001,110282024,estimated,-0.00010230618073809108,-0.0007525932987895786,0.0005409558263521255,0.865,False,False
90,heteroskedastic_null,False,polynomial_ridge_interactions,999,29261001,110282024,estimated,-0.00010230618073809108,-0.0007785093960361375,0.0005061453883892719,0.865,False,False
90,nonlinear_proxy,False,polynomial_ridge,99,29261001,110271008,estimated,-0.000603204299381219,-0.001438208211116443,0.001160028858956364,0.48,False,False
90,nonlinear_proxy,False,polynomial_ridge,199,29261001,110271008,estimated,-0.000603204299381219,-0.0014823141115699078,0.0014331997023309814,0.48,False,False
90,nonlinear_proxy,False,polynomial_ridge,499,29261001,110271008,estimated,-0.000603204299381219,-0.0015651776639419852,0.0013194767848708259,0.48,False,False
90,nonlinear_proxy,False,polynomial_ridge,999,29261001,110271008,estimated,-0.000603204299381219,-0.001544525206795273,0.0014285128435741821,0.48,False,False
90,nonlinear_proxy,False,polynomial_ridge_interactions,99,29261001,110272017,estimated,-0.0004267142122592292,-0.000890009283236931,0.0009290191900251257,0.57,False,False
90,nonlinear_proxy,False,polynomial_ridge_interactions,199,29261001,110272017,estimated,-0.0004267142122592292,-0.0009403873941162316,0.0009392688101441723,0.57,False,False
90,nonlinear_proxy,False,polynomial_ridge_interactions,499,29261001,110272017,estimated,-0.0004267142122592292,-0.0008974561122779491,0.0010130347208149844,0.57,False,False
90,nonlinear_proxy,False,polynomial_ridge_interactions,999,29261001,110272017,estimated,-0.0004267142122592292,-0.0008542063160837646,0.0009390982534072089,0.57,False,False
90,null_metric,False,polynomial_ridge,99,29261001,110261001,estimated,-0.0016312441484986305,-0.003919455331167524,0.0029151503995953265,0.735,False,False
90,null_metric,False,polynomial_ridge,199,29261001,110261001,estimated,-0.0016312441484986305,-0.0042227464958186816,0.00276469660261856,0.735,False,False
90,null_metric,False,polynomial_ridge,499,29261001,110261001,estimated,-0.0016312441484986305,-0.0040714899992698415,0.0029136440000956713,0.735,False,False
90,null_metric,False,polynomial_ridge,999,29261001,110261001,estimated,-0.0016312441484986305,-0.004074334660148938,0.0030479568541022747,0.735,False,False
90,null_metric,False,polynomial_ridge_interactions,99,29261001,110262010,estimated,-0.0005255899961834169,-0.0012825003795924428,0.0019951620856814424,0.685,False,False
90,null_metric,False,polynomial_ridge_interactions,199,29261001,110262010,estimated,-0.0005255899961834169,-0.0014140749236335813,0.0015415704013649742,0.685,False,False
90,null_metric,False,polynomial_ridge_interactions,499,29261001,110262010,estimated,-0.0005255899961834169,-0.0014344550911270318,0.0015198863051326735,0.685,False,False
90,null_metric,False,polynomial_ridge_interactions,999,29261001,110262010,estimated,-0.0005255899961834169,-0.0014648073990872774,0.0016685838373073926,0.685,False,False
91,clustered_null,False,polynomial_ridge,99,29361004,111291025,estimated,-0.006719513418265072,-0.012838967284905385,0.01039811032428841,0.34,False,False
91,clustered_null,False,polynomial_ridge,199,29361004,111291025,estimated,-0.006719513418265072,-0.013128973508110969,0.009483459751022804,0.34,False,False
91,clustered_null,False,polynomial_ridge,499,29361004,111291025,estimated,-0.006719513418265072,-0.015982014164343316,0.009603738496803786,0.34,False,False
91,clustered_null,False,polynomial_ridge,999,29361004,111291025,estimated,-0.006719513418265072,-0.017059056996457964,0.009276816928893452,0.34,False,False
91,clustered_null,False,polynomial_ridge_interactions,99,29361004,111292034,estimated,-0.0002834302607207552,-0.006881049047131829,0.010926441319236868,0.825,False,False
91,clustered_null,False,polynomial_ridge_interactions,199,29361004,111292034,estimated,-0.0002834302607207552,-0.011638727550652832,0.008015256317427054,0.825,False,False
91,clustered_null,False,polynomial_ridge_interactions,499,29361004,111292034,estimated,-0.0002834302607207552,-0.011226056344701085,0.007761832599639554,0.825,False,False
91,clustered_null,False,polynomial_ridge_interactions,999,29361004,111292034,estimated,-0.0002834302607207552,-0.010924021608649932,0.007123351751558846,0.825,False,False
91,genuine_increment,True,polynomial_ridge,99,29361004,111301032,estimated,0.048658719659662814,0.034453203461945456,0.0567830428146768,0.005,True,True
91,genuine_increment,True,polynomial_ridge,199,29361004,111301032,estimated,0.048658719659662814,0.03486133945519503,0.05760527054558108,0.005,True,True
91,genuine_increment,True,polynomial_ridge,499,29361004,111301032,estimated,0.048658719659662814,0.034927321823134995,0.05832754781968555,0.005,True,True
91,genuine_increment,True,polynomial_ridge,999,29361004,111301032,estimated,0.048658719659662814,0.034372439257529884,0.05776275182525064,0.005,True,True
91,genuine_increment,True,polynomial_ridge_interactions,99,29361004,111302041,estimated,0.04847526698686405,0.035434559051985594,0.05593567194901648,0.005,True,True
91,genuine_increment,True,polynomial_ridge_interactions,199,29361004,111302041,estimated,0.04847526698686405,0.035593469622517256,0.05586216463693394,0.005,True,True
91,genuine_increment,True,polynomial_ridge_interactions,499,29361004,111302041,estimated,0.04847526698686405,0.034613517461390485,0.05720462252394297,0.005,True,True
91,genuine_increment,True,polynomial_ridge_interactions,999,29361004,111302041,estimated,0.04847526698686405,0.034564165782122465,0.05710589845653311,0.005,True,True
91,heteroskedastic_null,False,polynomial_ridge,99,29361004,111281018,estimated,-0.0003532427348494089,-0.0007584294202438135,0.0012448559315410908,0.51,False,False
91,heteroskedastic_null,False,polynomial_ridge,199,29361004,111281018,estimated,-0.0003532427348494089,-0.0007928902354069871,0.0009478049565023965,0.51,False,False
91,heteroskedastic_null,False,polynomial_ridge,499,29361004,111281018,estimated,-0.0003532427348494089,-0.0009260342640277543,0.0008824923381895704,0.51,False,False
91,heteroskedastic_null,False,polynomial_ridge,999,29361004,111281018,estimated,-0.0003532427348494089,-0.0009431496076480085,0.0009446791493299078,0.51,False,False
91,heteroskedastic_null,False,polynomial_ridge_interactions,99,29361004,111282027,estimated,5.07217099334498e-05,-0.00028003677170005103,0.000799245810890425,0.83,False,False
91,heteroskedastic_null,False,polynomial_ridge_interactions,199,29361004,111282027,estimated,5.07217099334498e-05,-0.0003062317634823909,0.0006725090505341059,0.83,False,False
91,heteroskedastic_null,False,polynomial_ridge_interactions,499,29361004,111282027,estimated,5.07217099334498e-05,-0.00034455206042117114,0.0006075691375927417,0.83,False,False
91,heteroskedastic_null,False,polynomial_ridge_interactions,999,29361004,111282027,estimated,5.07217099334498e-05,-0.00035531424123452137,0.0005785284067708851,0.83,False,False
91,nonlinear_proxy,False,polynomial_ridge,99,29361004,111271011,estimated,-6.269933835016585e-05,-0.0004635984027687901,0.0010035147954367437,0.02,False,False
91,nonlinear_proxy,False,polynomial_ridge,199,29361004,111271011,estimated,-6.269933835016585e-05,-0.0004880700959849658,0.0010086809744972239,0.02,False,False
91,nonlinear_proxy,False,polynomial_ridge,499,29361004,111271011,estimated,-6.269933835016585e-05,-0.0004583886475495986,0.0011502077231872012,0.02,False,False
91,nonlinear_proxy,False,polynomial_ridge,999,29361004,111271011,estimated,-6.269933835016585e-05,-0.0004746926814785934,0.0012189572804800922,0.02,False,False
91,nonlinear_proxy,False,polynomial_ridge_interactions,99,29361004,111272020,estimated,0.00010018348934548189,-0.0001615914014624104,0.0012540173795900303,0.045,False,False
91,nonlinear_proxy,False,polynomial_ridge_interactions,199,29361004,111272020,estimated,0.00010018348934548189,-0.0002119960995056541,0.0011124294499365224,0.045,False,False
91,nonlinear_proxy,False,polynomial_ridge_interactions,499,29361004,111272020,estimated,0.00010018348934548189,-0.00021578398385611964,0.0012540173795900307,0.045,False,False
91,nonlinear_proxy,False,polynomial_ridge_interactions,999,29361004,111272020,estimated,0.00010018348934548189,-0.00022229083840277284,0.001235445232353091,0.045,False,False
91,null_metric,False,polynomial_ridge,99,29361004,111261004,estimated,-0.0007490458559965291,-0.0021941982445848416,0.0018675414136790198,0.87,False,False
91,null_metric,False,polynomial_ridge,199,29361004,111261004,estimated,-0.0007490458559965291,-0.0020019729079247322,0.0018567184705200572,0.87,False,False
91,null_metric,False,polynomial_ridge,499,29361004,111261004,estimated,-0.0007490458559965291,-0.0021359913137692517,0.0016930606438731086,0.87,False,False
91,null_metric,False,polynomial_ridge,999,29361004,111261004,estimated,-0.0007490458559965291,-0.0020990067656858715,0.0017787410926082383,0.87,False,False
91,null_metric,False,polynomial_ridge_interactions,99,29361004,111262013,estimated,0.00012320616457675224,-0.0006634796341881312,0.0015120674321239353,0.815,False,False
91,null_metric,False,polynomial_ridge_interactions,199,29361004,111262013,estimated,0.00012320616457675224,-0.0006612794669726788,0.0014337844781457687,0.815,False,False
91,null_metric,False,polynomial_ridge_interactions,499,29361004,111262013,estimated,0.00012320616457675224,-0.000648839153805891,0.0016355294173220974,0.815,False,False
91,null_metric,False,polynomial_ridge_interactions,999,29361004,111262013,estimated,0.00012320616457675224,-0.0006542549002833442,0.0016417766392642081,0.815,False,False
92,clustered_null,False,polynomial_ridge,99,29461007,112291028,estimated,0.0030001549424082605,-0.003914335141926618,0.0069361922057672425,0.005,False,False
92,clustered_null,False,polynomial_ridge,199,29461007,112291028,estimated,0.0030001549424082605,-0.005583368959196506,0.008015840391790813,0.005,False,False
92,clustered_null,False,polynomial_ridge,499,29461007,112291028,estimated,0.0030001549424082605,-0.005533640070582774,0.012059376933221967,0.005,False,False
92,clustered_null,False,polynomial_ridge,999,29461007,112291028,estimated,0.0030001549424082605,-0.005915835726456589,0.012116098273973147,0.005,False,False
92,clustered_null,False,polynomial_ridge_interactions,99,29461007,112292037,estimated,0.000804259061416096,-0.001955219202793951,0.013219153484186275,0.01,False,False
92,clustered_null,False,polynomial_ridge_interactions,199,29461007,112292037,estimated,0.000804259061416096,-0.0027806947629884955,0.008964080906709675,0.01,False,False
92,clustered_null,False,polynomial_ridge_interactions,499,29461007,112292037,estimated,0.000804259061416096,-0.0030728778649895985,0.009717524099931372,0.01,False,False
92,clustered_null,False,polynomial_ridge_interactions,999,29461007,112292037,estimated,0.000804259061416096,-0.0031087562750336,0.011675901095649645,0.01,False,False
92,genuine_increment,True,polynomial_ridge,99,29461007,112301035,estimated,0.04399520329534009,0.035039494199410576,0.05022102597933845,0.005,True,True
92,genuine_increment,True,polynomial_ridge,199,29461007,112301035,estimated,0.04399520329534009,0.03513296457238607,0.051334323339254646,0.005,True,True
92,genuine_increment,True,polynomial_ridge,499,29461007,112301035,estimated,0.04399520329534009,0.03423477305310597,0.05044229836011091,0.005,True,True
92,genuine_increment,True,polynomial_ridge,999,29461007,112301035,estimated,0.04399520329534009,0.03431978973537457,0.05138039664839018,0.005,True,True
92,genuine_increment,True,polynomial_ridge_interactions,99,29461007,112302044,estimated,0.045357390866105386,0.03380266509635053,0.050722998738883626,0.005,True,True
92,genuine_increment,True,polynomial_ridge_interactions,199,29461007,112302044,estimated,0.045357390866105386,0.03424027480277157,0.05097909868819058,0.005,True,True
92,genuine_increment,True,polynomial_ridge_interactions,499,29461007,112302044,estimated,0.045357390866105386,0.03455627428040123,0.05111805209444025,0.005,True,True
92,genuine_increment,True,polynomial_ridge_interactions,999,29461007,112302044,estimated,0.045357390866105386,0.034404070691588656,0.05132768431124055,0.005,True,True
92,heteroskedastic_null,False,polynomial_ridge,99,29461007,112281021,estimated,-0.0009217016937613752,-0.0012216582125135877,0.0006977952513215818,0.57,False,False
92,heteroskedastic_null,False,polynomial_ridge,199,29461007,112281021,estimated,-0.0009217016937613752,-0.0012703783507736904,0.0008435820142473446,0.57,False,False
92,heteroskedastic_null,False,polynomial_ridge,499,29461007,112281021,estimated,-0.0009217016937613752,-0.0012886684732318656,0.000848902991365169,0.57,False,False
92,heteroskedastic_null,False,polynomial_ridge,999,29461007,112281021,estimated,-0.0009217016937613752,-0.0013050319308623361,0.000867442473208191,0.57,False,False
92,heteroskedastic_null,False,polynomial_ridge_interactions,99,29461007,112282030,estimated,-0.00017778122156336673,-0.0005074310508011212,0.0007578143214120938,0.775,False,False
92,heteroskedastic_null,False,polynomial_ridge_interactions,199,29461007,112282030,estimated,-0.00017778122156336673,-0.0005150462861504753,0.0006301338098664524,0.775,False,False
92,heteroskedastic_null,False,polynomial_ridge_interactions,499,29461007,112282030,estimated,-0.00017778122156336673,-0.0005348326089630848,0.0007322613640034113,0.775,False,False
92,heteroskedastic_null,False,polynomial_ridge_interactions,999,29461007,112282030,estimated,-0.00017778122156336673,-0.0005661553903278611,0.0006507620089460413,0.775,False,False
92,nonlinear_proxy,False,polynomial_ridge,99,29461007,112271014,estimated,-0.0004466268380005885,-0.001177824616967734,0.0012245526764089148,0.96,False,False
92,nonlinear_proxy,False,polynomial_ridge,199,29461007,112271014,estimated,-0.0004466268380005885,-0.0011380364924687045,0.0011051746134050165,0.96,False,False
92,nonlinear_proxy,False,polynomial_ridge,499,29461007,112271014,estimated,-0.0004466268380005885,-0.0009882456891880521,0.0010688052029368491,0.96,False,False
92,nonlinear_proxy,False,polynomial_ridge,999,29461007,112271014,estimated,-0.0004466268380005885,-0.0008915160733788672,0.0010250539350959904,0.96,False,False
92,nonlinear_proxy,False,polynomial_ridge_interactions,99,29461007,112272023,estimated,8.492187278712985e-05,-0.00038602319119616224,0.0005981310217453568,0.97,False,False
92,nonlinear_proxy,False,polynomial_ridge_interactions,199,29461007,112272023,estimated,8.492187278712985e-05,-0.00044554232698085065,0.0006345056893301401,0.97,False,False
92,nonlinear_proxy,False,polynomial_ridge_interactions,499,29461007,112272023,estimated,8.492187278712985e-05,-0.000418807353568343,0.0007023869366661251,0.97,False,False
92,nonlinear_proxy,False,polynomial_ridge_interactions,999,29461007,112272023,estimated,8.492187278712985e-05,-0.0004262725938621479,0.0007599689722999847,0.97,False,False
92,null_metric,False,polynomial_ridge,99,29461007,112261007,estimated,-0.00221542183044535,-0.003077943115265373,0.003296197392356924,1.0,False,False
92,null_metric,False,polynomial_ridge,199,29461007,112261007,estimated,-0.00221542183044535,-0.0033118528948142285,0.0036938879361283978,1.0,False,False
92,null_metric,False,polynomial_ridge,499,29461007,112261007,estimated,-0.00221542183044535,-0.003856667059760854,0.003599347483521141,1.0,False,False
92,null_metric,False,polynomial_ridge,999,29461007,112261007,estimated,-0.00221542183044535,-0.003615662336754245,0.003357159864733728,1.0,False,False
92,null_metric,False,polynomial_ridge_interactions,99,29461007,112262016,estimated,-0.0004217792248062714,-0.0014274848952617303,0.0014557875320081264,0.82,False,False
92,null_metric,False,polynomial_ridge_interactions,199,29461007,112262016,estimated,-0.0004217792248062714,-0.0012371747300492367,0.0016670496929530106,0.82,False,False
92,null_metric,False,polynomial_ridge_interactions,499,29461007,112262016,estimated,-0.0004217792248062714,-0.0012320309866914088,0.0017353764004555215,0.82,False,False
92,null_metric,False,polynomial_ridge_interactions,999,29461007,112262016,estimated,-0.0004217792248062714,-0.0013356374040716195,0.001707632480996405,0.82,False,False
93,clustered_null,False,polynomial_ridge,99,29561010,113291031,estimated,-0.009315154974858485,-0.04014044319711536,0.008476464118368048,0.21,False,False
93,clustered_null,False,polynomial_ridge,199,29561010,113291031,estimated,-0.009315154974858485,-0.029639783849573838,0.009030024145910327,0.21,False,False
93,clustered_null,False,polynomial_ridge,499,29561010,113291031,estimated,-0.009315154974858485,-0.034619236592808425,0.010414135173504606,0.21,False,False
93,clustered_null,False,polynomial_ridge,999,29561010,113291031,estimated,-0.009315154974858485,-0.03804459398953746,0.009807864221829977,0.21,False,False
93,clustered_null,False,polynomial_ridge_interactions,99,29561010,113292040,estimated,-0.0014650480246582581,-0.019149234472431963,0.012613828759798643,0.415,False,False
93,clustered_null,False,polynomial_ridge_interactions,199,29561010,113292040,estimated,-0.0014650480246582581,-0.020883366178714363,0.01207671957536015,0.415,False,False
93,clustered_null,False,polynomial_ridge_interactions,499,29561010,113292040,estimated,-0.0014650480246582581,-0.023681718881093904,0.01189974697720178,0.415,False,False
93,clustered_null,False,polynomial_ridge_interactions,999,29561010,113292040,estimated,-0.0014650480246582581,-0.028221559938640017,0.009913383566996677,0.415,False,False
93,genuine_increment,True,polynomial_ridge,99,29561010,113301038,estimated,0.0547368067344987,0.04502716639589253,0.06239522816069534,0.005,True,True
93,genuine_increment,True,polynomial_ridge,199,29561010,113301038,estimated,0.0547368067344987,0.04471327608198027,0.06394952106208165,0.005,True,True
93,genuine_increment,True,polynomial_ridge,499,29561010,113301038,estimated,0.0547368067344987,0.044694621275615534,0.06316775848555295,0.005,True,True
93,genuine_increment,True,polynomial_ridge,999,29561010,113301038,estimated,0.0547368067344987,0.04434976448271915,0.06394339926858342,0.005,True,True
93,genuine_increment,True,polynomial_ridge_interactions,99,29561010,113302047,estimated,0.059352606265337275,0.043274746730904555,0.06480481310784034,0.005,True,True
93,genuine_increment,True,polynomial_ridge_interactions,199,29561010,113302047,estimated,0.059352606265337275,0.043187040740872366,0.06483185654275632,0.005,True,True
93,genuine_increment,True,polynomial_ridge_interactions,499,29561010,113302047,estimated,0.059352606265337275,0.04437802165243016,0.06428337943621644,0.005,True,True
93,genuine_increment,True,polynomial_ridge_interactions,999,29561010,113302047,estimated,0.059352606265337275,0.044518091228802924,0.06399922664378736,0.005,True,True
93,heteroskedastic_null,False,polynomial_ridge,99,29561010,113281024,estimated,-0.001060670892473638,-0.0013594646227079361,0.0007267058501783323,0.74,False,False
93,heteroskedastic_null,False,polynomial_ridge,199,29561010,113281024,estimated,-0.001060670892473638,-0.0014237476199414733,0.0008144155616419237,0.74,False,False
93,heteroskedastic_null,False,polynomial_ridge,499,29561010,113281024,estimated,-0.001060670892473638,-0.001269385188279369,0.0008258730189079397,0.74,False,False
93,heteroskedastic_null,False,polynomial_ridge,999,29561010,113281024,estimated,-0.001060670892473638,-0.0012665879124704894,0.0008309589689434519,0.74,False,False
93,heteroskedastic_null,False,polynomial_ridge_interactions,99,29561010,113282033,estimated,-0.0001257984362158307,-0.0004823633125536174,0.0003472974594682262,0.375,False,False
93,heteroskedastic_null,False,polynomial_ridge_interactions,199,29561010,113282033,estimated,-0.0001257984362158307,-0.000506628606886521,0.0004779895421480539,0.375,False,False
93,heteroskedastic_null,False,polynomial_ridge_interactions,499,29561010,113282033,estimated,-0.0001257984362158307,-0.0005671863400366169,0.000371130399066751,0.375,False,False
93,heteroskedastic_null,False,polynomial_ridge_interactions,999,29561010,113282033,estimated,-0.0001257984362158307,-0.0005742678933974351,0.0003857897947358324,0.375,False,False
93,nonlinear_proxy,False,polynomial_ridge,99,29561010,113271017,estimated,-0.00039225870138026933,-0.0005659117712627935,0.0015696870909160216,0.725,False,False
93,nonlinear_proxy,False,polynomial_ridge,199,29561010,113271017,estimated,-0.00039225870138026933,-0.0006527366172222615,0.0016569586893753637,0.725,False,False
93,nonlinear_proxy,False,polynomial_ridge,499,29561010,113271017,estimated,-0.00039225870138026933,-0.0007783551000318726,0.0016142812785940976,0.725,False,False
93,nonlinear_proxy,False,polynomial_ridge,999,29561010,113271017,estimated,-0.00039225870138026933,-0.0008652153922693362,0.0016834577186118328,0.725,False,False
93,nonlinear_proxy,False,polynomial_ridge_interactions,99,29561010,113272026,estimated,-0.00032974987552263427,-0.0007161299240229957,0.0007111280391467428,0.54,False,False
93,nonlinear_proxy,False,polynomial_ridge_interactions,199,29561010,113272026,estimated,-0.00032974987552263427,-0.0007286205165303567,0.000762206516359177,0.54,False,False
93,nonlinear_proxy,False,polynomial_ridge_interactions,499,29561010,113272026,estimated,-0.00032974987552263427,-0.0007211964139222054,0.0008079960048954106,0.54,False,False
93,nonlinear_proxy,False,polynomial_ridge_interactions,999,29561010,113272026,estimated,-0.00032974987552263427,-0.000736303153185451,0.0007850503197465179,0.54,False,False
93,null_metric,False,polynomial_ridge,99,29561010,113261010,estimated,0.0005659201879865752,-0.0018930403632902377,0.0026971433067976267,0.695,False,False
93,null_metric,False,polynomial_ridge,199,29561010,113261010,estimated,0.0005659201879865752,-0.0018653014950735193,0.0030409716805806343,0.695,False,False
93,null_metric,False,polynomial_ridge,499,29561010,113261010,estimated,0.0005659201879865752,-0.0017713023722514495,0.0033553438045344176,0.695,False,False
93,null_metric,False,polynomial_ridge,999,29561010,113261010,estimated,0.0005659201879865752,-0.001791502855457505,0.00328355267735372,0.695,False,False
93,null_metric,False,polynomial_ridge_interactions,99,29561010,113262019,estimated,-5.194277292141017e-05,-0.0010238834567552562,0.0011961500494332867,0.67,False,False
93,null_metric,False,polynomial_ridge_interactions,199,29561010,113262019,estimated,-5.194277292141017e-05,-0.0011422219626687079,0.0013984553961838152,0.67,False,False
93,null_metric,False,polynomial_ridge_interactions,499,29561010,113262019,estimated,-5.194277292141017e-05,-0.0009428409090239423,0.0013572245733266602,0.67,False,False
93,null_metric,False,polynomial_ridge_interactions,999,29561010,113262019,estimated,-5.194277292141017e-05,-0.0009134575994744129,0.0013488415749581093,0.67,False,False
94,clustered_null,False,polynomial_ridge,99,29661013,114291034,estimated,-0.00534911886321281,-0.019848286959094998,0.006337825909440071,0.07,False,False
94,clustered_null,False,polynomial_ridge,199,29661013,114291034,estimated,-0.00534911886321281,-0.01517963088812389,0.007822252940123887,0.07,False,False
94,clustered_null,False,polynomial_ridge,499,29661013,114291034,estimated,-0.00534911886321281,-0.015219801093633608,0.008301722613938058,0.07,False,False
94,clustered_null,False,polynomial_ridge,999,29661013,114291034,estimated,-0.00534911886321281,-0.020778465716469848,0.009938085283479151,0.07,False,False
94,clustered_null,False,polynomial_ridge_interactions,99,29661013,114292043,estimated,-0.0017997888603664657,-0.006038138794065825,0.0035925473176938393,0.145,False,False
94,clustered_null,False,polynomial_ridge_interactions,199,29661013,114292043,estimated,-0.0017997888603664657,-0.010564856664618512,0.007132377831850238,0.145,False,False
94,clustered_null,False,polynomial_ridge_interactions,499,29661013,114292043,estimated,-0.0017997888603664657,-0.011094319933139685,0.007569616982427747,0.145,False,False
94,clustered_null,False,polynomial_ridge_interactions,999,29661013,114292043,estimated,-0.0017997888603664657,-0.011040362156209836,0.010025171445864954,0.145,False,False
94,genuine_increment,True,polynomial_ridge,99,29661013,114301041,estimated,0.052714213301132865,0.03441974186554569,0.06239306357101654,0.005,True,True
94,genuine_increment,True,polynomial_ridge,199,29661013,114301041,estimated,0.052714213301132865,0.03570392432194098,0.061540231793460146,0.005,True,True
94,genuine_increment,True,polynomial_ridge,499,29661013,114301041,estimated,0.052714213301132865,0.036580091527512536,0.06222256909379218,0.005,True,True
94,genuine_increment,True,polynomial_ridge,999,29661013,114301041,estimated,0.052714213301132865,0.0370217441528662,0.06334382482727938,0.005,True,True
94,genuine_increment,True,polynomial_ridge_interactions,99,29661013,114302050,estimated,0.051604224896259446,0.03788564811313253,0.062237715022720824,0.005,True,True
94,genuine_increment,True,polynomial_ridge_interactions,199,29661013,114302050,estimated,0.051604224896259446,0.03693582829574682,0.060572270762409265,0.005,True,True
94,genuine_increment,True,polynomial_ridge_interactions,499,29661013,114302050,estimated,0.051604224896259446,0.03677509056204938,0.061377963653749465,0.005,True,True
94,genuine_increment,True,polynomial_ridge_interactions,999,29661013,114302050,estimated,0.051604224896259446,0.0358100583754252,0.062489781422086284,0.005,True,True
94,heteroskedastic_null,False,polynomial_ridge,99,29661013,114281027,estimated,-0.0003655866031497465,-0.0008163971332999015,0.001301572455865945,0.295,False,False
94,heteroskedastic_null,False,polynomial_ridge,199,29661013,114281027,estimated,-0.0003655866031497465,-0.0008322547961017498,0.001870411476929605,0.295,False,False
94,heteroskedastic_null,False,polynomial_ridge,499,29661013,114281027,estimated,-0.0003655866031497465,-0.0011389460032269615,0.0017818350631464773,0.295,False,False
94,heteroskedastic_null,False,polynomial_ridge,999,29661013,114281027,estimated,-0.0003655866031497465,-0.0010157471991807255,0.0017407418409062633,0.295,False,False
94,heteroskedastic_null,False,polynomial_ridge_interactions,99,29661013,114282036,estimated,0.0004453815547639118,-0.0002557695204381382,0.0015651712690690144,0.17,False,False
94,heteroskedastic_null,False,polynomial_ridge_interactions,199,29661013,114282036,estimated,0.0004453815547639118,-0.00022332681442434332,0.0015585716307567612,0.17,False,False
94,heteroskedastic_null,False,polynomial_ridge_interactions,499,29661013,114282036,estimated,0.0004453815547639118,-0.0002520471781229759,0.0013792335816953942,0.17,False,False
94,heteroskedastic_null,False,polynomial_ridge_interactions,999,29661013,114282036,estimated,0.0004453815547639118,-0.0002500456963033208,0.0015585716307567608,0.17,False,False
94,nonlinear_proxy,False,polynomial_ridge,99,29661013,114271020,estimated,-0.0008550633008402621,-0.0010709787789763834,0.0013205898189296494,0.355,False,False
94,nonlinear_proxy,False,polynomial_ridge,199,29661013,114271020,estimated,-0.0008550633008402621,-0.0010864078532023954,0.0015669119872995525,0.355,False,False
94,nonlinear_proxy,False,polynomial_ridge,499,29661013,114271020,estimated,-0.0008550633008402621,-0.0011966861120099542,0.0015277666199000279,0.355,False,False
94,nonlinear_proxy,False,polynomial_ridge,999,29661013,114271020,estimated,-0.0008550633008402621,-0.0013178975765170862,0.0014054241504484134,0.355,False,False
94,nonlinear_proxy,False,polynomial_ridge_interactions,99,29661013,114272029,estimated,-3.823876540514758e-05,-0.0004320818532811268,0.0008412058749504469,0.3,False,False
94,nonlinear_proxy,False,polynomial_ridge_interactions,199,29661013,114272029,estimated,-3.823876540514758e-05,-0.00044101254548582465,0.0007955202701150598,0.3,False,False
94,nonlinear_proxy,False,polynomial_ridge_interactions,499,29661013,114272029,estimated,-3.823876540514758e-05,-0.0004904167909357682,0.0008597782746850786,0.3,False,False
94,nonlinear_proxy,False,polynomial_ridge_interactions,999,29661013,114272029,estimated,-3.823876540514758e-05,-0.0005396812079494843,0.0009772197502508017,0.3,False,False
94,null_metric,False,polynomial_ridge,99,29661013,114261013,estimated,-0.001238160676228773,-0.002777960261796433,0.0022180534195387447,0.23,False,False
94,null_metric,False,polynomial_ridge,199,29661013,114261013,estimated,-0.001238160676228773,-0.0031492089024758086,0.0018544819212356373,0.23,False,False
94,null_metric,False,polynomial_ridge,499,29661013,114261013,estimated,-0.001238160676228773,-0.0031444268022377065,0.0023141694346163542,0.23,False,False
94,null_metric,False,polynomial_ridge,999,29661013,114261013,estimated,-0.001238160676228773,-0.0031913607476828443,0.0020433910048530315,0.23,False,False
94,null_metric,False,polynomial_ridge_interactions,99,29661013,114262022,estimated,-6.823608150343524e-05,-0.0017053383043634197,0.0014239204262673363,0.125,False,False
94,null_metric,False,polynomial_ridge_interactions,199,29661013,114262022,estimated,-6.823608150343524e-05,-0.0016731610610945264,0.0021354817560600902,0.125,False,False
94,null_metric,False,polynomial_ridge_interactions,499,29661013,114262022,estimated,-6.823608150343524e-05,-0.0018421305547107855,0.0016064468704928907,0.125,False,False
94,null_metric,False,polynomial_ridge_interactions,999,29661013,114262022,estimated,-6.823608150343524e-05,-0.0016483196220347346,0.001421558105812579,0.125,False,False
95,clustered_null,False,polynomial_ridge,99,29761016,115291037,estimated,-0.0002592858421342249,-0.016763105046789874,0.010562873838526787,0.015,False,False
95,clustered_null,False,polynomial_ridge,199,29761016,115291037,estimated,-0.0002592858421342249,-0.017547277384083,0.007199776556223437,0.015,False,False
95,clustered_null,False,polynomial_ridge,499,29761016,115291037,estimated,-0.0002592858421342249,-0.01868889861555101,0.008882861265793157,0.015,False,False
95,clustered_null,False,polynomial_ridge,999,29761016,115291037,estimated,-0.0002592858421342249,-0.020182223573289717,0.008881547619525894,0.015,False,False
95,clustered_null,False,polynomial_ridge_interactions,99,29761016,115292046,estimated,-0.0007523818214862608,-0.012683208586195552,0.009896420766920846,0.07,False,False
95,clustered_null,False,polynomial_ridge_interactions,199,29761016,115292046,estimated,-0.0007523818214862608,-0.00897229216856735,0.014624415603022571,0.07,False,False
95,clustered_null,False,polynomial_ridge_interactions,499,29761016,115292046,estimated,-0.0007523818214862608,-0.009970710511294561,0.014079710104692066,0.07,False,False
95,clustered_null,False,polynomial_ridge_interactions,999,29761016,115292046,estimated,-0.0007523818214862608,-0.011422729597690112,0.012745175293868233,0.07,False,False
95,genuine_increment,True,polynomial_ridge,99,29761016,115301044,estimated,0.03519795170249169,0.024655209881910292,0.04837160367388253,0.005,True,True
95,genuine_increment,True,polynomial_ridge,199,29761016,115301044,estimated,0.03519795170249169,0.024373390586711237,0.047658242774226124,0.005,True,True
95,genuine_increment,True,polynomial_ridge,499,29761016,115301044,estimated,0.03519795170249169,0.024438198951650753,0.046845954344112185,0.005,True,True
95,genuine_increment,True,polynomial_ridge,999,29761016,115301044,estimated,0.03519795170249169,0.024331178662540514,0.04657787473191058,0.005,True,True
95,genuine_increment,True,polynomial_ridge_interactions,99,29761016,115302053,estimated,0.036496212384468346,0.026533871386292852,0.04370338888422251,0.005,True,True
95,genuine_increment,True,polynomial_ridge_interactions,199,29761016,115302053,estimated,0.036496212384468346,0.02523088379865868,0.04347362972437696,0.005,True,True
95,genuine_increment,True,polynomial_ridge_interactions,499,29761016,115302053,estimated,0.036496212384468346,0.025286301706329332,0.044552374175665585,0.005,True,True
95,genuine_increment,True,polynomial_ridge_interactions,999,29761016,115302053,estimated,0.036496212384468346,0.023988618876155256,0.044731761482178056,0.005,True,True
95,heteroskedastic_null,False,polynomial_ridge,99,29761016,115281030,estimated,0.00014819657066993466,-0.0008700549312860941,0.0018312885573406675,0.57,False,False
95,heteroskedastic_null,False,polynomial_ridge,199,29761016,115281030,estimated,0.00014819657066993466,-0.0008589302495048513,0.0016935933422681313,0.57,False,False
95,heteroskedastic_null,False,polynomial_ridge,499,29761016,115281030,estimated,0.00014819657066993466,-0.0008670327722173767,0.0017195144457942467,0.57,False,False
95,heteroskedastic_null,False,polynomial_ridge,999,29761016,115281030,estimated,0.00014819657066993466,-0.0009300327080628007,0.001691018179540985,0.57,False,False
95,heteroskedastic_null,False,polynomial_ridge_interactions,99,29761016,115282039,estimated,-0.00026398613723153073,-0.0012725273396631798,0.0007428353742636927,0.53,False,False
95,heteroskedastic_null,False,polynomial_ridge_interactions,199,29761016,115282039,estimated,-0.00026398613723153073,-0.0008988613269126993,0.0007594598575165641,0.53,False,False
95,heteroskedastic_null,False,polynomial_ridge_interactions,499,29761016,115282039,estimated,-0.00026398613723153073,-0.0011038100378136782,0.000734730413837217,0.53,False,False
95,heteroskedastic_null,False,polynomial_ridge_interactions,999,29761016,115282039,estimated,-0.00026398613723153073,-0.001063718953355739,0.0007146809737597993,0.53,False,False
95,nonlinear_proxy,False,polynomial_ridge,99,29761016,115271023,estimated,-0.00023069878154366626,-0.00062080458629159,0.0013707948905588676,0.12,False,False
95,nonlinear_proxy,False,polynomial_ridge,199,29761016,115271023,estimated,-0.00023069878154366626,-0.0006683901306050766,0.001400210139534782,0.12,False,False
95,nonlinear_proxy,False,polynomial_ridge,499,29761016,115271023,estimated,-0.00023069878154366626,-0.0006949467014013254,0.0014346778186879905,0.12,False,False
95,nonlinear_proxy,False,polynomial_ridge,999,29761016,115271023,estimated,-0.00023069878154366626,-0.0006705619547027429,0.001417173809195529,0.12,False,False
95,nonlinear_proxy,False,polynomial_ridge_interactions,99,29761016,115272032,estimated,1.6708958496041044e-05,-0.00016587006157659065,0.001094739266865739,0.4,False,False
95,nonlinear_proxy,False,polynomial_ridge_interactions,199,29761016,115272032,estimated,1.6708958496041044e-05,-0.00021198838529064472,0.0010639414788645753,0.4,False,False
95,nonlinear_proxy,False,polynomial_ridge_interactions,499,29761016,115272032,estimated,1.6708958496041044e-05,-0.00027573530264902193,0.0008928553435619399,0.4,False,False
95,nonlinear_proxy,False,polynomial_ridge_interactions,999,29761016,115272032,estimated,1.6708958496041044e-05,-0.0002741212636737338,0.000939752483464858,0.4,False,False
95,null_metric,False,polynomial_ridge,99,29761016,115261016,estimated,-0.000519013326622346,-0.0015886332844226522,0.003816842209104616,0.96,False,False
95,null_metric,False,polynomial_ridge,199,29761016,115261016,estimated,-0.000519013326622346,-0.0016269979291338229,0.003964874558350482,0.96,False,False
95,null_metric,False,polynomial_ridge,499,29761016,115261016,estimated,-0.000519013326622346,-0.0016847263608466062,0.003937909199322026,0.96,False,False
95,null_metric,False,polynomial_ridge,999,29761016,115261016,estimated,-0.000519013326622346,-0.0017016234634609844,0.003952898174222122,0.96,False,False
95,null_metric,False,polynomial_ridge_interactions,99,29761016,115262025,estimated,1.6323984934004526e-05,-0.0009130183761789923,0.0022631772004005797,0.685,False,False
95,null_metric,False,polynomial_ridge_interactions,199,29761016,115262025,estimated,1.6323984934004526e-05,-0.000793891587157733,0.0023740515732804898,0.685,False,False
95,null_metric,False,polynomial_ridge_interactions,499,29761016,115262025,estimated,1.6323984934004526e-05,-0.0010156901846651476,0.0025724853291921148,0.685,False,False
95,null_metric,False,polynomial_ridge_interactions,999,29761016,115262025,estimated,1.6323984934004526e-05,-0.0009291962756637276,0.0023160037407541304,0.685,False,False
96,clustered_null,False,polynomial_ridge,99,29861019,116291040,estimated,-0.004381008565559053,-0.012733232544767078,0.007968909532878363,0.525,False,False
96,clustered_null,False,polynomial_ridge,199,29861019,116291040,estimated,-0.004381008565559053,-0.014202670547050024,0.011082776391852858,0.525,False,False
96,clustered_null,False,polynomial_ridge,499,29861019,116291040,estimated,-0.004381008565559053,-0.015769697104164808,0.012468594867946903,0.525,False,False
96,clustered_null,False,polynomial_ridge,999,29861019,116291040,estimated,-0.004381008565559053,-0.015883523470695066,0.012016764530732886,0.525,False,False
96,clustered_null,False,polynomial_ridge_interactions,99,29861019,116292049,estimated,-0.000575982532734446,-0.0055110917609664575,0.012952242089172818,0.275,False,False
96,clustered_null,False,polynomial_ridge_interactions,199,29861019,116292049,estimated,-0.000575982532734446,-0.007273151026212189,0.01041791786004694,0.275,False,False
96,clustered_null,False,polynomial_ridge_interactions,499,29861019,116292049,estimated,-0.000575982532734446,-0.009288589822592924,0.009263451008895368,0.275,False,False
96,clustered_null,False,polynomial_ridge_interactions,999,29861019,116292049,estimated,-0.000575982532734446,-0.011524819866743566,0.009102202857126826,0.275,False,False
96,genuine_increment,True,polynomial_ridge,99,29861019,116301047,estimated,0.053096160606291166,0.03970116132291264,0.06112624396681389,0.005,True,True
96,genuine_increment,True,polynomial_ridge,199,29861019,116301047,estimated,0.053096160606291166,0.03960969689999887,0.062458799450424214,0.005,True,True
96,genuine_increment,True,polynomial_ridge,499,29861019,116301047,estimated,0.053096160606291166,0.03659665863956961,0.06184675789219823,0.005,True,True
96,genuine_increment,True,polynomial_ridge,999,29861019,116301047,estimated,0.053096160606291166,0.037925042080339554,0.062006745503812646,0.005,True,True
96,genuine_increment,True,polynomial_ridge_interactions,99,29861019,116302056,estimated,0.04958988637932685,0.03681172961979274,0.0625876516783297,0.005,True,True
96,genuine_increment,True,polynomial_ridge_interactions,199,29861019,116302056,estimated,0.04958988637932685,0.03701002483072604,0.0626316240515312,0.005,True,True
96,genuine_increment,True,polynomial_ridge_interactions,499,29861019,116302056,estimated,0.04958988637932685,0.03695492978413761,0.061246989995248004,0.005,True,True
96,genuine_increment,True,polynomial_ridge_interactions,999,29861019,116302056,estimated,0.04958988637932685,0.036648325610148594,0.06135507462085513,0.005,True,True
96,heteroskedastic_null,False,polynomial_ridge,99,29861019,116281033,estimated,-0.0018928993351306211,-0.0015438293555586342,0.0006404802120935067,0.29,False,False
96,heteroskedastic_null,False,polynomial_ridge,199,29861019,116281033,estimated,-0.0018928993351306211,-0.0018070041800732357,0.000695266363790633,0.29,False,False
96,heteroskedastic_null,False,polynomial_ridge,499,29861019,116281033,estimated,-0.0018928993351306211,-0.0017385621953155343,0.0007393459303781023,0.29,False,False
96,heteroskedastic_null,False,polynomial_ridge,999,29861019,116281033,estimated,-0.0018928993351306211,-0.0018027742888841681,0.000719644408020405,0.29,False,False
96,heteroskedastic_null,False,polynomial_ridge_interactions,99,29861019,116282042,estimated,-0.0001931449628539937,-0.0009986667509260514,0.00045634912721760867,0.185,False,False
96,heteroskedastic_null,False,polynomial_ridge_interactions,199,29861019,116282042,estimated,-0.0001931449628539937,-0.0009681792883344224,0.0004791939395717455,0.185,False,False
96,heteroskedastic_null,False,polynomial_ridge_interactions,499,29861019,116282042,estimated,-0.0001931449628539937,-0.0008397996773894652,0.00045227456333024943,0.185,False,False
96,heteroskedastic_null,False,polynomial_ridge_interactions,999,29861019,116282042,estimated,-0.0001931449628539937,-0.0009044617219562634,0.0005094590615401946,0.185,False,False
96,nonlinear_proxy,False,polynomial_ridge,99,29861019,116271026,estimated,-0.00039593765868537866,-0.0006767462259962321,0.0009789572343507048,0.445,False,False
96,nonlinear_proxy,False,polynomial_ridge,199,29861019,116271026,estimated,-0.00039593765868537866,-0.000778835102463606,0.0013350017700593994,0.445,False,False
96,nonlinear_proxy,False,polynomial_ridge,499,29861019,116271026,estimated,-0.00039593765868537866,-0.0007477098439887112,0.0013721352272423129,0.445,False,False
96,nonlinear_proxy,False,polynomial_ridge,999,29861019,116271026,estimated,-0.00039593765868537866,-0.0007605860360321235,0.0013211161629489343,0.445,False,False
96,nonlinear_proxy,False,polynomial_ridge_interactions,99,29861019,116272035,estimated,6.321418399869716e-05,-0.00044002862587281903,0.0009849981398570423,0.375,False,False
96,nonlinear_proxy,False,polynomial_ridge_interactions,199,29861019,116272035,estimated,6.321418399869716e-05,-0.0003678549079719884,0.0013291260172816077,0.375,False,False
96,nonlinear_proxy,False,polynomial_ridge_interactions,499,29861019,116272035,estimated,6.321418399869716e-05,-0.0005505086313822346,0.0013181162771415116,0.375,False,False
96,nonlinear_proxy,False,polynomial_ridge_interactions,999,29861019,116272035,estimated,6.321418399869716e-05,-0.0005139932521345125,0.0011475613015575275,0.375,False,False
96,null_metric,False,polynomial_ridge,99,29861019,116261019,estimated,-0.0031886103620585443,-0.002659988547229322,0.001464234453680043,0.6,False,False
96,null_metric,False,polynomial_ridge,199,29861019,116261019,estimated,-0.0031886103620585443,-0.002781012700406828,0.0018624148034484484,0.6,False,False
96,null_metric,False,polynomial_ridge,499,29861019,116261019,estimated,-0.0031886103620585443,-0.0030492759324324123,0.0024457124754179607,0.6,False,False
96,null_metric,False,polynomial_ridge,999,29861019,116261019,estimated,-0.0031886103620585443,-0.0029907508536527196,0.0023965755210546232,0.6,False,False
96,null_metric,False,polynomial_ridge_interactions,99,29861019,116262028,estimated,-0.00027690309725831447,-0.0011338101685868676,0.0013484007529952228,0.575,False,False
96,null_metric,False,polynomial_ridge_interactions,199,29861019,116262028,estimated,-0.00027690309725831447,-0.001047324367838142,0.0015382394132334785,0.575,False,False
96,null_metric,False,polynomial_ridge_interactions,499,29861019,116262028,estimated,-0.00027690309725831447,-0.0010577037774715504,0.001757350406030547,0.575,False,False
96,null_metric,False,polynomial_ridge_interactions,999,29861019,116262028,estimated,-0.00027690309725831447,-0.0010855023722186885,0.0016565089512591902,0.575,False,False
97,clustered_null,False,polynomial_ridge,99,29961022,117291043,estimated,-0.004511934795142412,-0.040250936907351154,0.018924161243970276,0.17,False,False
97,clustered_null,False,polynomial_ridge,199,29961022,117291043,estimated,-0.004511934795142412,-0.03227619749637266,0.014119533000459416,0.17,False,False
97,clustered_null,False,polynomial_ridge,499,29961022,117291043,estimated,-0.004511934795142412,-0.031069606069436772,0.021553460376926688,0.17,False,False
97,clustered_null,False,polynomial_ridge,999,29961022,117291043,estimated,-0.004511934795142412,-0.031204933446798675,0.016443806401220864,0.17,False,False
97,clustered_null,False,polynomial_ridge_interactions,99,29961022,117292052,estimated,-2.3006659625242343e-05,-0.03396386873218497,0.016363645138860235,0.95,False,False
97,clustered_null,False,polynomial_ridge_interactions,199,29961022,117292052,estimated,-2.3006659625242343e-05,-0.02640560960577624,0.010914481736219764,0.95,False,False
97,clustered_null,False,polynomial_ridge_interactions,499,29961022,117292052,estimated,-2.3006659625242343e-05,-0.024222449581203002,0.013322075228499273,0.95,False,False
97,clustered_null,False,polynomial_ridge_interactions,999,29961022,117292052,estimated,-2.3006659625242343e-05,-0.022059357146195533,0.013973457599843432,0.95,False,False
97,genuine_increment,True,polynomial_ridge,99,29961022,117301050,estimated,0.037636619274355035,0.031931955733250826,0.04882192447111114,0.005,True,True
97,genuine_increment,True,polynomial_ridge,199,29961022,117301050,estimated,0.037636619274355035,0.03036466023453112,0.048211287827874524,0.005,True,True
97,genuine_increment,True,polynomial_ridge,499,29961022,117301050,estimated,0.037636619274355035,0.02970828857747649,0.04797334127561911,0.005,True,True
97,genuine_increment,True,polynomial_ridge,999,29961022,117301050,estimated,0.037636619274355035,0.02963803997555246,0.04818811932141662,0.005,True,True
97,genuine_increment,True,polynomial_ridge_interactions,99,29961022,117302059,estimated,0.03734833815720526,0.03156826532248052,0.04716488114490895,0.005,True,True
97,genuine_increment,True,polynomial_ridge_interactions,199,29961022,117302059,estimated,0.03734833815720526,0.031249388407195607,0.047029597552177296,0.005,True,True
97,genuine_increment,True,polynomial_ridge_interactions,499,29961022,117302059,estimated,0.03734833815720526,0.03075594280715787,0.04854212373503128,0.005,True,True
97,genuine_increment,True,polynomial_ridge_interactions,999,29961022,117302059,estimated,0.03734833815720526,0.03026123079820698,0.0485399098514663,0.005,True,True
97,heteroskedastic_null,False,polynomial_ridge,99,29961022,117281036,estimated,-0.0003300595622343812,-0.0009359944397358202,0.001198270945965689,0.255,False,False
97,heteroskedastic_null,False,polynomial_ridge,199,29961022,117281036,estimated,-0.0003300595622343812,-0.0009243234091448003,0.0011166946072087387,0.255,False,False
97,heteroskedastic_null,False,polynomial_ridge,499,29961022,117281036,estimated,-0.0003300595622343812,-0.0009673841908014895,0.0010757457594667437,0.255,False,False
97,heteroskedastic_null,False,polynomial_ridge,999,29961022,117281036,estimated,-0.0003300595622343812,-0.0010146457957838854,0.0010790501488424841,0.255,False,False
97,heteroskedastic_null,False,polynomial_ridge_interactions,99,29961022,117282045,estimated,1.3788262482741093e-05,-0.00036628647783024034,0.0006984689243338117,0.465,False,False
97,heteroskedastic_null,False,polynomial_ridge_interactions,199,29961022,117282045,estimated,1.3788262482741093e-05,-0.0004088682233220989,0.0009527018898827813,0.465,False,False
97,heteroskedastic_null,False,polynomial_ridge_interactions,499,29961022,117282045,estimated,1.3788262482741093e-05,-0.0004234716141480197,0.0010670443352945585,0.465,False,False
97,heteroskedastic_null,False,polynomial_ridge_interactions,999,29961022,117282045,estimated,1.3788262482741093e-05,-0.0004641471970387601,0.00103755972617904,0.465,False,False
97,nonlinear_proxy,False,polynomial_ridge,99,29961022,117271029,estimated,-8.377252603221277e-05,-0.0004137385023740266,0.0008250152280707827,0.43,False,False
97,nonlinear_proxy,False,polynomial_ridge,199,29961022,117271029,estimated,-8.377252603221277e-05,-0.00046522290203145354,0.0008782512390668907,0.43,False,False
97,nonlinear_proxy,False,polynomial_ridge,499,29961022,117271029,estimated,-8.377252603221277e-05,-0.000600124635691739,0.000967285527998699,0.43,False,False
97,nonlinear_proxy,False,polynomial_ridge,999,29961022,117271029,estimated,-8.377252603221277e-05,-0.0005307730444765084,0.0009540426374222723,0.43,False,False
97,nonlinear_proxy,False,polynomial_ridge_interactions,99,29961022,117272038,estimated,-2.7710588332934688e-05,-0.0004146629888337507,0.0005641989551020413,0.93,False,False
97,nonlinear_proxy,False,polynomial_ridge_interactions,199,29961022,117272038,estimated,-2.7710588332934688e-05,-0.00042142532088675213,0.0005709861551075755,0.93,False,False
97,nonlinear_proxy,False,polynomial_ridge_interactions,499,29961022,117272038,estimated,-2.7710588332934688e-05,-0.00040476064202902906,0.0008396630314488638,0.93,False,False
97,nonlinear_proxy,False,polynomial_ridge_interactions,999,29961022,117272038,estimated,-2.7710588332934688e-05,-0.0003967956369254777,0.0009108078580338755,0.93,False,False
97,null_metric,False,polynomial_ridge,99,29961022,117261022,estimated,-0.0015765524239690597,-0.0028646784238544358,0.0025169938733589584,0.74,False,False
97,null_metric,False,polynomial_ridge,199,29961022,117261022,estimated,-0.0015765524239690597,-0.002805690998904937,0.0020895187711813894,0.74,False,False
97,null_metric,False,polynomial_ridge,499,29961022,117261022,estimated,-0.0015765524239690597,-0.00294421896594567,0.002100281056396683,0.74,False,False
97,null_metric,False,polynomial_ridge,999,29961022,117261022,estimated,-0.0015765524239690597,-0.0029912598717391032,0.002128841599391438,0.74,False,False
97,null_metric,False,polynomial_ridge_interactions,99,29961022,117262031,estimated,-0.0003365394114471683,-0.0009643671653249789,0.0012401779702045468,0.38,False,False
97,null_metric,False,polynomial_ridge_interactions,199,29961022,117262031,estimated,-0.0003365394114471683,-0.001024584866259416,0.0013080459959134063,0.38,False,False
97,null_metric,False,polynomial_ridge_interactions,499,29961022,117262031,estimated,-0.0003365394114471683,-0.00098697430829268,0.0013206864810772915,0.38,False,False
97,null_metric,False,polynomial_ridge_interactions,999,29961022,117262031,estimated,-0.0003365394114471683,-0.0010431708922013744,0.0012852061802203763,0.38,False,False
98,clustered_null,False,polynomial_ridge,99,30061025,118291046,estimated,-0.0035161637278703813,-0.016952324879302483,0.010175404548926103,0.09,False,False
98,clustered_null,False,polynomial_ridge,199,30061025,118291046,estimated,-0.0035161637278703813,-0.01646670101756155,0.010897678567844581,0.09,False,False
98,clustered_null,False,polynomial_ridge,499,30061025,118291046,estimated,-0.0035161637278703813,-0.016510072189453093,0.010923058695137794,0.09,False,False
98,clustered_null,False,polynomial_ridge,999,30061025,118291046,estimated,-0.0035161637278703813,-0.016412363843632746,0.010125919286376439,0.09,False,False
98,clustered_null,False,polynomial_ridge_interactions,99,30061025,118292055,estimated,0.0012321178217569884,-0.012470636238380219,0.006604625043263193,0.185,False,False
98,clustered_null,False,polynomial_ridge_interactions,199,30061025,118292055,estimated,0.0012321178217569884,-0.015499884603510114,0.00824314634752912,0.185,False,False
98,clustered_null,False,polynomial_ridge_interactions,499,30061025,118292055,estimated,0.0012321178217569884,-0.012270199552349705,0.009712038381352858,0.185,False,False
98,clustered_null,False,polynomial_ridge_interactions,999,30061025,118292055,estimated,0.0012321178217569884,-0.01085062332915572,0.009942956187703729,0.185,False,False
98,genuine_increment,True,polynomial_ridge,99,30061025,118301053,estimated,0.0482930080478634,0.03845176974373267,0.05969666469061681,0.005,True,True
98,genuine_increment,True,polynomial_ridge,199,30061025,118301053,estimated,0.0482930080478634,0.03854150482120045,0.06017178669662712,0.005,True,True
98,genuine_increment,True,polynomial_ridge,499,30061025,118301053,estimated,0.0482930080478634,0.038627628217480545,0.05951533177218892,0.005,True,True
98,genuine_increment,True,polynomial_ridge,999,30061025,118301053,estimated,0.0482930080478634,0.0381748574697887,0.05914365890764575,0.005,True,True
98,genuine_increment,True,polynomial_ridge_interactions,99,30061025,118302062,estimated,0.04658523260168533,0.03553096530847473,0.0551008422082946,0.005,True,True
98,genuine_increment,True,polynomial_ridge_interactions,199,30061025,118302062,estimated,0.04658523260168533,0.035010915453717394,0.05495902968530074,0.005,True,True
98,genuine_increment,True,polynomial_ridge_interactions,499,30061025,118302062,estimated,0.04658523260168533,0.034953326443164505,0.055434729489263125,0.005,True,True
98,genuine_increment,True,polynomial_ridge_interactions,999,30061025,118302062,estimated,0.04658523260168533,0.0347955339598905,0.055742051734412865,0.005,True,True
98,heteroskedastic_null,False,polynomial_ridge,99,30061025,118281039,estimated,-0.0008998240679347486,-0.0022473519231951825,0.000756625776008266,0.465,False,False
98,heteroskedastic_null,False,polynomial_ridge,199,30061025,118281039,estimated,-0.0008998240679347486,-0.0020211583713077423,0.0008233193271072113,0.465,False,False
98,heteroskedastic_null,False,polynomial_ridge,499,30061025,118281039,estimated,-0.0008998240679347486,-0.0019909358020605574,0.0007566257760082664,0.465,False,False
98,heteroskedastic_null,False,polynomial_ridge,999,30061025,118281039,estimated,-0.0008998240679347486,-0.0019863610643794916,0.0008512023058378082,0.465,False,False
98,heteroskedastic_null,False,polynomial_ridge_interactions,99,30061025,118282048,estimated,8.742986765438929e-05,-0.0007904707813759127,0.0005715157623632222,0.595,False,False
98,heteroskedastic_null,False,polynomial_ridge_interactions,199,30061025,118282048,estimated,8.742986765438929e-05,-0.0008056238791935182,0.0005623209431568743,0.595,False,False
98,heteroskedastic_null,False,polynomial_ridge_interactions,499,30061025,118282048,estimated,8.742986765438929e-05,-0.0008565719717000059,0.0006384105153841324,0.595,False,False
98,heteroskedastic_null,False,polynomial_ridge_interactions,999,30061025,118282048,estimated,8.742986765438929e-05,-0.0008600391427560427,0.0005962069806622376,0.595,False,False
98,nonlinear_proxy,False,polynomial_ridge,99,30061025,118271032,estimated,8.440763029387253e-06,-0.0008244918319690531,0.0019794923499338417,0.015,False,False
98,nonlinear_proxy,False,polynomial_ridge,199,30061025,118271032,estimated,8.440763029387253e-06,-0.0007428678934998836,0.0018996670415918433,0.015,False,False
98,nonlinear_proxy,False,polynomial_ridge,499,30061025,118271032,estimated,8.440763029387253e-06,-0.0007407870163651137,0.001966284535397439,0.015,False,False
98,nonlinear_proxy,False,polynomial_ridge,999,30061025,118271032,estimated,8.440763029387253e-06,-0.0007020054964180527,0.0018943789656867477,0.015,False,False
98,nonlinear_proxy,False,polynomial_ridge_interactions,99,30061025,118272041,estimated,-4.328081088178417e-05,-0.00023680383465184455,0.0016075378652012668,0.04,False,False
98,nonlinear_proxy,False,polynomial_ridge_interactions,199,30061025,118272041,estimated,-4.328081088178417e-05,-0.00024787060080911396,0.0016688574774455863,0.04,False,False
98,nonlinear_proxy,False,polynomial_ridge_interactions,499,30061025,118272041,estimated,-4.328081088178417e-05,-0.00020290294702523975,0.0017719870807523168,0.04,False,False
98,nonlinear_proxy,False,polynomial_ridge_interactions,999,30061025,118272041,estimated,-4.328081088178417e-05,-0.00022954337883095746,0.001847117788256621,0.04,False,False
98,null_metric,False,polynomial_ridge,99,30061025,118261025,estimated,-0.0003369310492395382,-0.002639075504914571,0.0017095078340383589,0.99,False,False
98,null_metric,False,polynomial_ridge,199,30061025,118261025,estimated,-0.0003369310492395382,-0.0022022789324532,0.0017128418394739145,0.99,False,False
98,null_metric,False,polynomial_ridge,499,30061025,118261025,estimated,-0.0003369310492395382,-0.00215867108359447,0.0016960816911064378,0.99,False,False
98,null_metric,False,polynomial_ridge,999,30061025,118261025,estimated,-0.0003369310492395382,-0.0021572893780685285,0.001647592078469552,0.99,False,False
98,null_metric,False,polynomial_ridge_interactions,99,30061025,118262034,estimated,-0.0002600290417528392,-0.0008742268200643517,0.000402630415464371,0.9,False,False
98,null_metric,False,polynomial_ridge_interactions,199,30061025,118262034,estimated,-0.0002600290417528392,-0.0008647639442355967,0.00037923787116986887,0.9,False,False
98,null_metric,False,polynomial_ridge_interactions,499,30061025,118262034,estimated,-0.0002600290417528392,-0.0008840669506647275,0.0003565412039672794,0.9,False,False
98,null_metric,False,polynomial_ridge_interactions,999,30061025,118262034,estimated,-0.0002600290417528392,-0.0008647639442355966,0.00039826376542833155,0.9,False,False
99,clustered_null,False,polynomial_ridge,99,30161028,119291049,estimated,-0.003729480496134842,-0.020573545034258532,0.016315770348738115,0.68,False,False
99,clustered_null,False,polynomial_ridge,199,30161028,119291049,estimated,-0.003729480496134842,-0.019902632454794133,0.017831926173813947,0.68,False,False
99,clustered_null,False,polynomial_ridge,499,30161028,119291049,estimated,-0.003729480496134842,-0.02189177935997771,0.019299636080521126,0.68,False,False
99,clustered_null,False,polynomial_ridge,999,30161028,119291049,estimated,-0.003729480496134842,-0.02060251549270013,0.017718112960804017,0.68,False,False
99,clustered_null,False,polynomial_ridge_interactions,99,30161028,119292058,estimated,-0.007898101350044144,-0.01076542008573329,0.010676794172963449,1.0,False,False
99,clustered_null,False,polynomial_ridge_interactions,199,30161028,119292058,estimated,-0.007898101350044144,-0.012153005476579144,0.012218160203152471,1.0,False,False
99,clustered_null,False,polynomial_ridge_interactions,499,30161028,119292058,estimated,-0.007898101350044144,-0.012953739654947675,0.013280330791599407,1.0,False,False
99,clustered_null,False,polynomial_ridge_interactions,999,30161028,119292058,estimated,-0.007898101350044144,-0.014174642050753432,0.012390525530899733,1.0,False,False
99,genuine_increment,True,polynomial_ridge,99,30161028,119301056,estimated,0.04201230159603213,0.028724741754385004,0.04795882770072679,0.005,True,True
99,genuine_increment,True,polynomial_ridge,199,30161028,119301056,estimated,0.04201230159603213,0.028442324707569876,0.04825861182244725,0.005,True,True
99,genuine_increment,True,polynomial_ridge,499,30161028,119301056,estimated,0.04201230159603213,0.03030514858637323,0.04914196212389951,0.005,True,True
99,genuine_increment,True,polynomial_ridge,999,30161028,119301056,estimated,0.04201230159603213,0.029053824095077552,0.049784155565480874,0.005,True,True
99,genuine_increment,True,polynomial_ridge_interactions,99,30161028,119302065,estimated,0.03827323283977109,0.029801942682689417,0.045155593327907605,0.005,True,True
99,genuine_increment,True,polynomial_ridge_interactions,199,30161028,119302065,estimated,0.03827323283977109,0.02986734116167678,0.04697386241868864,0.005,True,True
99,genuine_increment,True,polynomial_ridge_interactions,499,30161028,119302065,estimated,0.03827323283977109,0.029643586572749896,0.0474797715147608,0.005,True,True
99,genuine_increment,True,polynomial_ridge_interactions,999,30161028,119302065,estimated,0.03827323283977109,0.02881347940873359,0.048195922736619934,0.005,True,True
99,heteroskedastic_null,False,polynomial_ridge,99,30161028,119281042,estimated,-0.0006328963239644256,-0.0013869561261175092,0.000926689114384397,0.775,False,False
99,heteroskedastic_null,False,polynomial_ridge,199,30161028,119281042,estimated,-0.0006328963239644256,-0.001153723345235987,0.0008956068315616405,0.775,False,False
99,heteroskedastic_null,False,polynomial_ridge,499,30161028,119281042,estimated,-0.0006328963239644256,-0.0012667469173852492,0.001003068879466583,0.775,False,False
99,heteroskedastic_null,False,polynomial_ridge,999,30161028,119281042,estimated,-0.0006328963239644256,-0.0013378626283720755,0.00108273774362309,0.775,False,False
99,heteroskedastic_null,False,polynomial_ridge_interactions,99,30161028,119282051,estimated,-0.0003590588131955792,-0.00082528874891269,0.0005458466835018592,0.915,False,False
99,heteroskedastic_null,False,polynomial_ridge_interactions,199,30161028,119282051,estimated,-0.0003590588131955792,-0.0008620638797706757,0.0006694014493045475,0.915,False,False
99,heteroskedastic_null,False,polynomial_ridge_interactions,499,30161028,119282051,estimated,-0.0003590588131955792,-0.0008737326120599988,0.0006746709490516363,0.915,False,False
99,heteroskedastic_null,False,polynomial_ridge_interactions,999,30161028,119282051,estimated,-0.0003590588131955792,-0.0008737166347291168,0.0006741906332773313,0.915,False,False
99,nonlinear_proxy,False,polynomial_ridge,99,30161028,119271035,estimated,0.0002447126547320136,-0.0008833625854519074,0.0018518937177187224,0.64,False,False
99,nonlinear_proxy,False,polynomial_ridge,199,30161028,119271035,estimated,0.0002447126547320136,-0.0009118321517290594,0.0017427912423843095,0.64,False,False
99,nonlinear_proxy,False,polynomial_ridge,499,30161028,119271035,estimated,0.0002447126547320136,-0.000726825455429284,0.0015026794285786312,0.64,False,False
99,nonlinear_proxy,False,polynomial_ridge,999,30161028,119271035,estimated,0.0002447126547320136,-0.0006408883560265442,0.0014108858776195777,0.64,False,False
99,nonlinear_proxy,False,polynomial_ridge_interactions,99,30161028,119272044,estimated,-0.00026883873596180927,-0.000570681032863254,0.000622432751417859,0.68,False,False
99,nonlinear_proxy,False,polynomial_ridge_interactions,199,30161028,119272044,estimated,-0.00026883873596180927,-0.0005564156890610057,0.0007392904183430166,0.68,False,False
99,nonlinear_proxy,False,polynomial_ridge_interactions,499,30161028,119272044,estimated,-0.00026883873596180927,-0.0005978853575642623,0.0007313630494435164,0.68,False,False
99,nonlinear_proxy,False,polynomial_ridge_interactions,999,30161028,119272044,estimated,-0.00026883873596180927,-0.0005978318838104741,0.0008355961164802767,0.68,False,False
99,null_metric,False,polynomial_ridge,99,30161028,119261028,estimated,-0.0017495569749866983,-0.003014413242603464,0.0022240223452788294,0.66,False,False
99,null_metric,False,polynomial_ridge,199,30161028,119261028,estimated,-0.0017495569749866983,-0.003007510277281975,0.0020885619166641223,0.66,False,False
99,null_metric,False,polynomial_ridge,499,30161028,119261028,estimated,-0.0017495569749866983,-0.002853124237923347,0.002128636399394997,0.66,False,False
99,null_metric,False,polynomial_ridge,999,30161028,119261028,estimated,-0.0017495569749866983,-0.002963552695397927,0.0020199557238180597,0.66,False,False
99,null_metric,False,polynomial_ridge_interactions,99,30161028,119262037,estimated,-0.0002922734486644693,-0.0008734410972586181,0.001186507340153165,0.81,False,False
99,null_metric,False,polynomial_ridge_interactions,199,30161028,119262037,estimated,-0.0002922734486644693,-0.0008913620702939362,0.0011690750090758606,0.81,False,False
99,null_metric,False,polynomial_ridge_interactions,499,30161028,119262037,estimated,-0.0002922734486644693,-0.0009078260967004833,0.0011605157005262258,0.81,False,False
99,null_metric,False,polynomial_ridge_interactions,999,30161028,119262037,estimated,-0.0002922734486644693,-0.0008986715310053888,0.001152750181466397,0.81,False,False
