sample_size,repetition,scenario,expected_increment,nuisance_model,residual_p,delta_mse,refit_delta_mse_ci_low,joint_supported,predictive_supported
100,0,null_metric,False,polynomial_ridge,0.065,-0.0019645331511914457,-0.004578507831901987,False,False
100,0,null_metric,False,polynomial_ridge_interactions,0.065,-0.000503223199984474,-0.0013797847006872385,False,False
100,0,nonlinear_proxy,False,polynomial_ridge,0.33,0.0004719035085167973,-0.004210036142989365,False,False
100,0,nonlinear_proxy,False,polynomial_ridge_interactions,0.24,4.897012966671027e-05,-0.002119444713832537,False,False
100,0,heteroskedastic_null,False,polynomial_ridge,0.99,-7.788444096380742e-05,-0.0011888123935947506,False,False
100,0,heteroskedastic_null,False,polynomial_ridge_interactions,0.97,0.0003845114706684371,-0.00036714227269813717,False,False
100,0,clustered_null,False,polynomial_ridge,0.585,0.001859295556666564,-0.0380493726911311,False,False
100,0,clustered_null,False,polynomial_ridge_interactions,0.17,0.0025421849786202606,-0.019188913233139166,False,False
100,0,genuine_increment,True,polynomial_ridge,0.025,0.047008966648452125,0.02649655437188113,True,True
100,0,genuine_increment,True,polynomial_ridge_interactions,0.04,0.044917634818636705,0.02908399483251467,True,True
100,1,null_metric,False,polynomial_ridge,0.25,-0.0021963076137000333,-0.005750185941166496,False,False
100,1,null_metric,False,polynomial_ridge_interactions,0.195,-0.00010839844243701671,-0.0021062806817843064,False,False
100,1,nonlinear_proxy,False,polynomial_ridge,0.15,-0.0008965084212697715,-0.0018385017341648754,False,False
100,1,nonlinear_proxy,False,polynomial_ridge_interactions,0.605,-0.0005837722761192436,-0.0010575566885470988,False,False
100,1,heteroskedastic_null,False,polynomial_ridge,0.46,-5.105043677187254e-05,-0.002533536450035398,False,False
100,1,heteroskedastic_null,False,polynomial_ridge_interactions,0.855,-0.0009763471655166635,-0.0011572011707351435,False,False
100,1,clustered_null,False,polynomial_ridge,0.395,-0.0026127721369686597,-0.015584442151582362,False,False
100,1,clustered_null,False,polynomial_ridge_interactions,0.805,-0.000592840067226659,-0.027704885128377387,False,False
100,1,genuine_increment,True,polynomial_ridge,0.005,0.03835368843394825,0.02281293213544551,True,True
100,1,genuine_increment,True,polynomial_ridge_interactions,0.005,0.034729137504742595,0.024220389723185916,True,True
100,2,null_metric,False,polynomial_ridge,0.05,-0.0022408064730735262,-0.004524020622903814,False,False
100,2,null_metric,False,polynomial_ridge_interactions,0.03,-0.0007974585192176212,-0.0038712559812521816,False,False
100,2,nonlinear_proxy,False,polynomial_ridge,0.26,-0.00016830052571212544,-0.0008009245789578646,False,False
100,2,nonlinear_proxy,False,polynomial_ridge_interactions,0.13,0.00016116329273985555,-0.0004705550112303883,False,False
100,2,heteroskedastic_null,False,polynomial_ridge,0.915,-0.0013784499177659278,-0.0028959176367066796,False,False
100,2,heteroskedastic_null,False,polynomial_ridge_interactions,0.86,-0.00015128783064839897,-0.0014022695977518763,False,False
100,2,clustered_null,False,polynomial_ridge,1.0,-0.004882963586357682,-0.07137550105909714,False,False
100,2,clustered_null,False,polynomial_ridge_interactions,0.78,-0.000819451117812748,-0.07985664780897613,False,False
100,2,genuine_increment,True,polynomial_ridge,0.005,0.035521833912322394,0.01870543658133626,True,True
100,2,genuine_increment,True,polynomial_ridge_interactions,0.005,0.03365704640806201,0.01999109937973223,True,True
100,3,null_metric,False,polynomial_ridge,0.94,-0.00015740686168102397,-0.0022211709113376136,False,False
100,3,null_metric,False,polynomial_ridge_interactions,0.88,-0.00015095150660394616,-0.0020955486862705725,False,False
100,3,nonlinear_proxy,False,polynomial_ridge,0.155,-0.0003957188975592498,-0.0006278100547920305,False,False
100,3,nonlinear_proxy,False,polynomial_ridge_interactions,0.3,0.00012651575246399715,-0.0006284533395162938,False,False
100,3,heteroskedastic_null,False,polynomial_ridge,0.12,-0.0014784928636873227,-0.0019064396716716536,False,False
100,3,heteroskedastic_null,False,polynomial_ridge_interactions,0.04,-0.0014977944692310952,-0.0018124450719521955,False,False
100,3,clustered_null,False,polynomial_ridge,0.58,-0.0025478781187549433,-0.034207361227362953,False,False
100,3,clustered_null,False,polynomial_ridge_interactions,0.39,-0.0029179743476906977,-0.022776505025195026,False,False
100,3,genuine_increment,True,polynomial_ridge,0.015,0.04126261186810487,0.030931967708699593,True,True
100,3,genuine_increment,True,polynomial_ridge_interactions,0.005,0.038434025517435674,0.025721492444056936,True,True
100,4,null_metric,False,polynomial_ridge,0.085,-0.0030167806179417153,-0.005283395168020797,False,False
100,4,null_metric,False,polynomial_ridge_interactions,0.19,0.00026289365625559863,-0.0015714157522891251,False,False
100,4,nonlinear_proxy,False,polynomial_ridge,0.34,0.00045208438706153577,-0.0009950081790185217,False,False
100,4,nonlinear_proxy,False,polynomial_ridge_interactions,0.22,0.0009187779583710691,-0.00025513032754195884,False,False
100,4,heteroskedastic_null,False,polynomial_ridge,0.805,-0.0015934468894423497,-0.0019100027890612962,False,False
100,4,heteroskedastic_null,False,polynomial_ridge_interactions,0.09,-0.0006020037839121663,-0.0014394829958282562,False,False
100,4,clustered_null,False,polynomial_ridge,0.315,0.00012561077078017055,-0.018007732707870417,False,False
100,4,clustered_null,False,polynomial_ridge_interactions,0.01,0.008094161375419275,-0.016721968516203115,False,False
100,4,genuine_increment,True,polynomial_ridge,0.005,0.040755713803126176,0.026416279652879703,True,True
100,4,genuine_increment,True,polynomial_ridge_interactions,0.005,0.03693020032643707,0.021605975265483093,True,True
100,5,null_metric,False,polynomial_ridge,0.74,-0.00021225917287920337,-0.005165771742177354,False,False
100,5,null_metric,False,polynomial_ridge_interactions,0.78,-0.00028128830121780177,-0.0028248692314270275,False,False
100,5,nonlinear_proxy,False,polynomial_ridge,0.58,-0.0007116855687507914,-0.0012794935543593252,False,False
100,5,nonlinear_proxy,False,polynomial_ridge_interactions,0.5,-0.00022509510252965471,-0.001060606462534859,False,False
100,5,heteroskedastic_null,False,polynomial_ridge,0.935,-0.0008845977828218343,-0.0015546959145900287,False,False
100,5,heteroskedastic_null,False,polynomial_ridge_interactions,0.39,-0.00014954369731099478,-0.001084717076386571,False,False
100,5,clustered_null,False,polynomial_ridge,0.965,-0.007877932051858525,-0.08235949071146624,False,False
100,5,clustered_null,False,polynomial_ridge_interactions,0.19,0.0028381915353713483,-0.026840381519936656,False,False
100,5,genuine_increment,True,polynomial_ridge,0.005,0.03857108487985841,0.025463061850995467,True,True
100,5,genuine_increment,True,polynomial_ridge_interactions,0.005,0.041558199630704874,0.02577162227344412,True,True
100,6,null_metric,False,polynomial_ridge,0.925,-0.0020946532071922826,-0.005339393814611616,False,False
100,6,null_metric,False,polynomial_ridge_interactions,0.535,-0.00033698576945927206,-0.0019638197311501906,False,False
100,6,nonlinear_proxy,False,polynomial_ridge,0.85,-0.0006247568962844396,-0.0014008905882372743,False,False
100,6,nonlinear_proxy,False,polynomial_ridge_interactions,0.79,-0.00024744378295147966,-0.0004953152868220777,False,False
100,6,heteroskedastic_null,False,polynomial_ridge,0.095,3.993038857941569e-05,-0.0019474621975382415,False,False
100,6,heteroskedastic_null,False,polynomial_ridge_interactions,0.035,0.00012094508842264325,-0.0012166550228939394,False,False
100,6,clustered_null,False,polynomial_ridge,0.19,-0.0009873185587460608,-0.030444259220838755,False,False
100,6,clustered_null,False,polynomial_ridge_interactions,0.415,0.0007276892954578111,-0.06564900137239774,False,False
100,6,genuine_increment,True,polynomial_ridge,0.005,0.053566867305725754,0.0379566433558742,True,True
100,6,genuine_increment,True,polynomial_ridge_interactions,0.005,0.05406170012033784,0.03525557030301469,True,True
100,7,null_metric,False,polynomial_ridge,0.77,-0.0014506976075406089,-0.004502472467579034,False,False
100,7,null_metric,False,polynomial_ridge_interactions,0.965,-0.002124277836869127,-0.002418014401278825,False,False
100,7,nonlinear_proxy,False,polynomial_ridge,0.155,0.0002526245823400164,-0.0008915824954243471,False,False
100,7,nonlinear_proxy,False,polynomial_ridge_interactions,0.25,-0.00024808849811927547,-0.0007143101856230165,False,False
100,7,heteroskedastic_null,False,polynomial_ridge,0.435,5.97451021849011e-05,-0.0014395643944302226,False,False
100,7,heteroskedastic_null,False,polynomial_ridge_interactions,0.55,3.6557870864609154e-05,-0.000629360159375029,False,False
100,7,clustered_null,False,polynomial_ridge,0.6,-0.009000700950822303,-0.1451392762772429,False,False
100,7,clustered_null,False,polynomial_ridge_interactions,0.945,-0.011948883226106703,-0.08396386209881697,False,False
100,7,genuine_increment,True,polynomial_ridge,0.015,0.04935077559193912,0.033951421875449944,True,True
100,7,genuine_increment,True,polynomial_ridge_interactions,0.01,0.05753243317443979,0.03260838149537607,True,True
100,8,null_metric,False,polynomial_ridge,0.435,-0.0031209429723678336,-0.005971555296684422,False,False
100,8,null_metric,False,polynomial_ridge_interactions,0.45,-0.0006846259060300647,-0.0017600192132692673,False,False
100,8,nonlinear_proxy,False,polynomial_ridge,0.255,-0.0005170688207042891,-0.001307866756281948,False,False
100,8,nonlinear_proxy,False,polynomial_ridge_interactions,0.155,-2.2601122386440957e-05,-0.0005567882631910299,False,False
100,8,heteroskedastic_null,False,polynomial_ridge,0.425,-0.001125177335038011,-0.002422479732499995,False,False
100,8,heteroskedastic_null,False,polynomial_ridge_interactions,0.53,1.1726599585863695e-05,-0.000713832768942296,False,False
100,8,clustered_null,False,polynomial_ridge,0.01,-0.0017561666855642338,-0.0164362930218024,False,False
100,8,clustered_null,False,polynomial_ridge_interactions,0.16,-0.0013486860921436347,-0.02403153116142385,False,False
100,8,genuine_increment,True,polynomial_ridge,0.005,0.05519339860122181,0.032846633860839684,True,True
100,8,genuine_increment,True,polynomial_ridge_interactions,0.005,0.05108427772282658,0.02786323788922749,True,True
100,9,null_metric,False,polynomial_ridge,0.475,-0.001692830205669179,-0.004810946110271771,False,False
100,9,null_metric,False,polynomial_ridge_interactions,0.435,-0.00038332274923449927,-0.00154226897462809,False,False
100,9,nonlinear_proxy,False,polynomial_ridge,0.115,0.00032735160681314664,-0.000367931899954178,False,False
100,9,nonlinear_proxy,False,polynomial_ridge_interactions,0.37,0.0005195215798377145,-5.002958331982538e-05,False,False
100,9,heteroskedastic_null,False,polynomial_ridge,0.215,-0.002140071569868243,-0.0025332423845221773,False,False
100,9,heteroskedastic_null,False,polynomial_ridge_interactions,0.255,-0.0002458347718504953,-0.0012927965783159439,False,False
100,9,clustered_null,False,polynomial_ridge,0.005,0.013717054193366884,-0.01725182350710723,False,False
100,9,clustered_null,False,polynomial_ridge_interactions,0.105,0.0018509514358408877,-0.021497835657216045,False,False
100,9,genuine_increment,True,polynomial_ridge,0.005,0.04516151603226338,0.02574127061569367,True,True
100,9,genuine_increment,True,polynomial_ridge_interactions,0.005,0.04554990630608571,0.026277984961891862,True,True
100,10,null_metric,False,polynomial_ridge,0.275,-0.0036789679941566615,-0.0063391555021290935,False,False
100,10,null_metric,False,polynomial_ridge_interactions,0.165,0.00030096128871228214,-0.0018808318499925437,False,False
100,10,nonlinear_proxy,False,polynomial_ridge,0.605,-0.0006403476261604164,-0.0022556447457324786,False,False
100,10,nonlinear_proxy,False,polynomial_ridge_interactions,0.14,-0.00039500214229998623,-0.0007826652703301869,False,False
100,10,heteroskedastic_null,False,polynomial_ridge,0.925,-0.0012779477881375532,-0.0030702326001883604,False,False
100,10,heteroskedastic_null,False,polynomial_ridge_interactions,0.765,-0.0003595707574613853,-0.0011954645655578291,False,False
100,10,clustered_null,False,polynomial_ridge,0.58,-0.01141775915770013,-0.06546046258702276,False,False
100,10,clustered_null,False,polynomial_ridge_interactions,0.78,-0.01945632293552739,-0.04389994581638137,False,False
100,10,genuine_increment,True,polynomial_ridge,0.005,0.0520894027742133,0.033139791786644834,True,True
100,10,genuine_increment,True,polynomial_ridge_interactions,0.005,0.04412459263566089,0.03038811029801667,True,True
100,11,null_metric,False,polynomial_ridge,0.11,-0.00017090088546620197,-0.0031570884417782496,False,False
100,11,null_metric,False,polynomial_ridge_interactions,0.41,0.0001410560101452532,-0.0018847803668023428,False,False
100,11,nonlinear_proxy,False,polynomial_ridge,0.17,-0.0007622382885403671,-0.00229861806611223,False,False
100,11,nonlinear_proxy,False,polynomial_ridge_interactions,0.595,-6.3372742925491e-06,-0.0008111443824551751,False,False
100,11,heteroskedastic_null,False,polynomial_ridge,0.18,-0.0022850856164071693,-0.002256208804835357,False,False
100,11,heteroskedastic_null,False,polynomial_ridge_interactions,0.35,-0.0005172663412094779,-0.0011408099164275833,False,False
100,11,clustered_null,False,polynomial_ridge,0.01,0.006766771322914533,-0.05701493042010107,False,False
100,11,clustered_null,False,polynomial_ridge_interactions,0.005,0.004830481747419919,-0.06290983562144435,False,False
100,11,genuine_increment,True,polynomial_ridge,0.005,0.051189090419427694,0.03474939907290958,True,True
100,11,genuine_increment,True,polynomial_ridge_interactions,0.005,0.04773103637872017,0.036907594640725606,True,True
100,12,null_metric,False,polynomial_ridge,0.275,-0.0013715198619333353,-0.0033284011011169706,False,False
100,12,null_metric,False,polynomial_ridge_interactions,0.245,0.0002956070853533631,-0.0015409093630586101,False,False
100,12,nonlinear_proxy,False,polynomial_ridge,0.67,3.486787876321937e-05,-0.00142412276799879,False,False
100,12,nonlinear_proxy,False,polynomial_ridge_interactions,0.605,3.917732884552681e-05,-0.0017762074095882775,False,False
100,12,heteroskedastic_null,False,polynomial_ridge,0.225,0.00015550907897722566,-0.002035809066235832,False,False
100,12,heteroskedastic_null,False,polynomial_ridge_interactions,0.095,0.00021938800451720003,-0.0009144131899275073,False,False
100,12,clustered_null,False,polynomial_ridge,0.005,0.005095489563515555,-0.09596167992698605,False,False
100,12,clustered_null,False,polynomial_ridge_interactions,0.03,0.008196083463481732,-0.09901936631926618,False,False
100,12,genuine_increment,True,polynomial_ridge,0.005,0.04394737744039455,0.025342590577071087,True,True
100,12,genuine_increment,True,polynomial_ridge_interactions,0.005,0.040362477439514044,0.026592095294188108,True,True
100,13,null_metric,False,polynomial_ridge,0.85,-0.0019889355802887726,-0.004816751467137108,False,False
100,13,null_metric,False,polynomial_ridge_interactions,0.615,-0.00039863775326960324,-0.0019044521859783727,False,False
100,13,nonlinear_proxy,False,polynomial_ridge,0.8,-0.0003303308291678353,-0.0008991981869542777,False,False
100,13,nonlinear_proxy,False,polynomial_ridge_interactions,0.855,-0.0003018020914284502,-0.0009958048679155162,False,False
100,13,heteroskedastic_null,False,polynomial_ridge,0.085,-0.0009379559484909653,-0.0021463452740139257,False,False
100,13,heteroskedastic_null,False,polynomial_ridge_interactions,0.075,-0.00019592550602686755,-0.0009195145592351101,False,False
100,13,clustered_null,False,polynomial_ridge,0.155,-0.011701508424969413,-0.07851323514227913,False,False
100,13,clustered_null,False,polynomial_ridge_interactions,0.11,-0.0031661600520096825,-0.05828432035558552,False,False
100,13,genuine_increment,True,polynomial_ridge,0.005,0.03798249543933177,0.028548118256827976,True,True
100,13,genuine_increment,True,polynomial_ridge_interactions,0.005,0.04278521586033346,0.03136496029852145,True,True
100,14,null_metric,False,polynomial_ridge,0.18,-0.0028746907182669312,-0.004844203304927701,False,False
100,14,null_metric,False,polynomial_ridge_interactions,0.32,-0.0015775598809601166,-0.001501953655281709,False,False
100,14,nonlinear_proxy,False,polynomial_ridge,0.785,0.0006557037636009825,-0.000286560069840806,False,False
100,14,nonlinear_proxy,False,polynomial_ridge_interactions,0.51,6.193145470635014e-05,-0.0007174322947588941,False,False
100,14,heteroskedastic_null,False,polynomial_ridge,0.125,-3.865635361694625e-05,-0.0016528020219723468,False,False
100,14,heteroskedastic_null,False,polynomial_ridge_interactions,0.33,-0.00010616639024056164,-0.0007533575602950267,False,False
100,14,clustered_null,False,polynomial_ridge,0.315,-0.016155279667710812,-0.0406122533110915,False,False
100,14,clustered_null,False,polynomial_ridge_interactions,0.68,-0.005810381201355921,-0.03512329540101244,False,False
100,14,genuine_increment,True,polynomial_ridge,0.005,0.035146953315519924,0.025441526138274915,True,True
100,14,genuine_increment,True,polynomial_ridge_interactions,0.005,0.04188529788380934,0.025771237016284705,True,True
100,15,null_metric,False,polynomial_ridge,0.195,-0.001444161376130352,-0.003864815879431331,False,False
100,15,null_metric,False,polynomial_ridge_interactions,0.26,-0.00020120752026566227,-0.0010142728887534323,False,False
100,15,nonlinear_proxy,False,polynomial_ridge,0.16,1.7174823858376494e-05,-0.0005328564798522649,False,False
100,15,nonlinear_proxy,False,polynomial_ridge_interactions,0.225,0.0005992909131470265,-0.00030043620118546614,False,False
100,15,heteroskedastic_null,False,polynomial_ridge,0.975,-0.0007026160440284299,-0.002214838734898704,False,False
100,15,heteroskedastic_null,False,polynomial_ridge_interactions,0.305,6.957254338731123e-05,-0.0008791071711201649,False,False
100,15,clustered_null,False,polynomial_ridge,0.195,0.004786598949242833,-0.07416241673722335,False,False
100,15,clustered_null,False,polynomial_ridge_interactions,0.335,-0.0004194296883299059,-0.13555860037095746,False,False
100,15,genuine_increment,True,polynomial_ridge,0.01,0.03898486404864857,0.026128095237819948,True,True
100,15,genuine_increment,True,polynomial_ridge_interactions,0.015,0.043532893071655046,0.02430387942833053,True,True
100,16,null_metric,False,polynomial_ridge,0.23,-0.0030518940111493864,-0.006413374222267864,False,False
100,16,null_metric,False,polynomial_ridge_interactions,0.015,-0.00011405267156412019,-0.0022028529412915455,False,False
100,16,nonlinear_proxy,False,polynomial_ridge,0.06,0.0009714415929716466,-0.00012538726044947966,False,False
100,16,nonlinear_proxy,False,polynomial_ridge_interactions,0.045,0.000954727994392392,4.6302844344989865e-05,True,True
100,16,heteroskedastic_null,False,polynomial_ridge,0.985,-0.00019005232275356738,-0.0012920418625807597,False,False
100,16,heteroskedastic_null,False,polynomial_ridge_interactions,0.855,2.605355361500611e-05,-0.0007229545441298531,False,False
100,16,clustered_null,False,polynomial_ridge,0.46,-0.010203880181058125,-0.09946178577675263,False,False
100,16,clustered_null,False,polynomial_ridge_interactions,0.495,-0.005575971271669304,-0.05939282397288962,False,False
100,16,genuine_increment,True,polynomial_ridge,0.005,0.04783141423897986,0.025155731001392567,True,True
100,16,genuine_increment,True,polynomial_ridge_interactions,0.005,0.04572985052342531,0.02419132996825566,True,True
100,17,null_metric,False,polynomial_ridge,0.39,-0.0011615404918461636,-0.004196167970086903,False,False
100,17,null_metric,False,polynomial_ridge_interactions,0.12,-0.0005216111073988866,-0.0015321900349588512,False,False
100,17,nonlinear_proxy,False,polynomial_ridge,0.86,0.0006301499026725287,-0.00045226256254204543,False,False
100,17,nonlinear_proxy,False,polynomial_ridge_interactions,0.585,0.00047351639839180414,-0.0004454089672842103,False,False
100,17,heteroskedastic_null,False,polynomial_ridge,0.195,-0.0012272802898195285,-0.0032129976983617105,False,False
100,17,heteroskedastic_null,False,polynomial_ridge_interactions,0.36,-0.00012999718512799255,-0.0012029940586637672,False,False
100,17,clustered_null,False,polynomial_ridge,0.02,-0.005358928023610935,-0.03890607438243941,False,False
100,17,clustered_null,False,polynomial_ridge_interactions,0.015,-0.007145904194522216,-0.023261680633740463,False,False
100,17,genuine_increment,True,polynomial_ridge,0.005,0.036194050150837195,0.021050639846589468,True,True
100,17,genuine_increment,True,polynomial_ridge_interactions,0.005,0.036381546416769196,0.0215440655661254,True,True
100,18,null_metric,False,polynomial_ridge,0.265,-0.0024635620327122763,-0.004087514185484966,False,False
100,18,null_metric,False,polynomial_ridge_interactions,0.295,-0.00039817283206523835,-0.0025085333631656207,False,False
100,18,nonlinear_proxy,False,polynomial_ridge,0.295,-0.00010746442614747304,-0.0011097460668120854,False,False
100,18,nonlinear_proxy,False,polynomial_ridge_interactions,0.505,-0.00013223526073491074,-0.0003540320755543753,False,False
100,18,heteroskedastic_null,False,polynomial_ridge,0.405,-0.0002796896117708801,-0.0016279134563912652,False,False
100,18,heteroskedastic_null,False,polynomial_ridge_interactions,0.235,-0.00031670550374345713,-0.0009800026178269756,False,False
100,18,clustered_null,False,polynomial_ridge,0.01,0.002691009149642414,-0.04981693374456377,False,False
100,18,clustered_null,False,polynomial_ridge_interactions,0.215,-0.0012741810676162937,-0.02268230776215566,False,False
100,18,genuine_increment,True,polynomial_ridge,0.005,0.0466312060319851,0.03292998531766856,True,True
100,18,genuine_increment,True,polynomial_ridge_interactions,0.005,0.04697394701683412,0.03499957426445978,True,True
100,19,null_metric,False,polynomial_ridge,0.87,-0.002185345617483219,-0.005042524350981554,False,False
100,19,null_metric,False,polynomial_ridge_interactions,0.45,-0.0012955113216219123,-0.0020323145569272724,False,False
100,19,nonlinear_proxy,False,polynomial_ridge,0.935,-0.00019361914397460732,-0.001761718797208661,False,False
100,19,nonlinear_proxy,False,polynomial_ridge_interactions,0.505,-4.756593003824895e-05,-0.0008581903425872,False,False
100,19,heteroskedastic_null,False,polynomial_ridge,1.0,-0.00011656400468925548,-0.0019736498830894528,False,False
100,19,heteroskedastic_null,False,polynomial_ridge_interactions,0.67,-0.0002920067556280957,-0.0013293945884768768,False,False
100,19,clustered_null,False,polynomial_ridge,0.68,-0.00990070184619814,-0.04304246531909506,False,False
100,19,clustered_null,False,polynomial_ridge_interactions,0.625,-0.004651501008065908,-0.0212504457023004,False,False
100,19,genuine_increment,True,polynomial_ridge,0.005,0.050162766990341015,0.03521068577864282,True,True
100,19,genuine_increment,True,polynomial_ridge_interactions,0.005,0.05860681582899452,0.038162535502176284,True,True
100,20,null_metric,False,polynomial_ridge,0.145,-0.0024660028935486467,-0.005208027193371509,False,False
100,20,null_metric,False,polynomial_ridge_interactions,0.145,-0.0008841584912847381,-0.001902376715041037,False,False
100,20,nonlinear_proxy,False,polynomial_ridge,0.445,5.41818260738321e-05,-0.0007403951062503906,False,False
100,20,nonlinear_proxy,False,polynomial_ridge_interactions,0.235,0.00026295073522352927,-0.0003767056673598996,False,False
100,20,heteroskedastic_null,False,polynomial_ridge,0.76,-0.0007957741633013837,-0.0017805072456002385,False,False
100,20,heteroskedastic_null,False,polynomial_ridge_interactions,0.785,4.620339572506717e-05,-0.0013386203315542522,False,False
100,20,clustered_null,False,polynomial_ridge,0.945,-0.007337364692313414,-0.05125702214199905,False,False
100,20,clustered_null,False,polynomial_ridge_interactions,0.44,-0.008246595467960974,-0.04969131286773914,False,False
100,20,genuine_increment,True,polynomial_ridge,0.005,0.03838933810710077,0.029827441253555353,True,True
100,20,genuine_increment,True,polynomial_ridge_interactions,0.005,0.04064037962639169,0.02742049454527011,True,True
100,21,null_metric,False,polynomial_ridge,0.025,-0.0027552752820373533,-0.005175821711371006,False,False
100,21,null_metric,False,polynomial_ridge_interactions,0.06,-9.254082712895767e-06,-0.0014639758486081917,False,False
100,21,nonlinear_proxy,False,polynomial_ridge,0.835,-0.00018372666008610594,-0.001287638621068472,False,False
100,21,nonlinear_proxy,False,polynomial_ridge_interactions,0.885,-6.963061858855212e-05,-0.0010616838561172007,False,False
100,21,heteroskedastic_null,False,polynomial_ridge,0.565,-0.0003022919338007933,-0.0022632908629177917,False,False
100,21,heteroskedastic_null,False,polynomial_ridge_interactions,0.815,-0.00025853497235347675,-0.0012950345665725547,False,False
100,21,clustered_null,False,polynomial_ridge,0.675,-0.01966303249175185,-0.09479647060680399,False,False
100,21,clustered_null,False,polynomial_ridge_interactions,0.13,-0.00103544849466905,-0.05630412904606627,False,False
100,21,genuine_increment,True,polynomial_ridge,0.005,0.04171891468202678,0.027867675487126417,True,True
100,21,genuine_increment,True,polynomial_ridge_interactions,0.005,0.04242383943151,0.027301332076956047,True,True
100,22,null_metric,False,polynomial_ridge,0.64,-0.002365334679254691,-0.0047895664798013465,False,False
100,22,null_metric,False,polynomial_ridge_interactions,0.735,-0.0016808632037966023,-0.0018964018239804432,False,False
100,22,nonlinear_proxy,False,polynomial_ridge,0.89,-0.0011627705535638098,-0.0013146401720815735,False,False
100,22,nonlinear_proxy,False,polynomial_ridge_interactions,0.295,-0.00022981310284880124,-0.0012022259260984314,False,False
100,22,heteroskedastic_null,False,polynomial_ridge,0.405,-0.0007059291473785669,-0.002169770129699706,False,False
100,22,heteroskedastic_null,False,polynomial_ridge_interactions,0.285,7.268636274290231e-05,-0.0011322389162144592,False,False
100,22,clustered_null,False,polynomial_ridge,0.605,0.00578028306139694,-0.046448621210736375,False,False
100,22,clustered_null,False,polynomial_ridge_interactions,0.01,0.002372908801870407,-0.04257765444176185,False,False
100,22,genuine_increment,True,polynomial_ridge,0.005,0.02952431173295022,0.015840667567606728,True,True
100,22,genuine_increment,True,polynomial_ridge_interactions,0.005,0.028870720846795574,0.017404293038471012,True,True
100,23,null_metric,False,polynomial_ridge,0.285,-0.0010999983431489446,-0.0026476361097016662,False,False
100,23,null_metric,False,polynomial_ridge_interactions,0.555,-0.00015276686729117327,-0.000975982060567648,False,False
100,23,nonlinear_proxy,False,polynomial_ridge,0.48,-0.0007016868920054747,-0.001730162754911789,False,False
100,23,nonlinear_proxy,False,polynomial_ridge_interactions,0.755,-0.0002830813852781264,-0.0007705730087138325,False,False
100,23,heteroskedastic_null,False,polynomial_ridge,0.68,-0.0005327641278084832,-0.0015436385643612324,False,False
100,23,heteroskedastic_null,False,polynomial_ridge_interactions,0.795,0.00019744228694965754,-0.000773237631051326,False,False
100,23,clustered_null,False,polynomial_ridge,0.335,-0.011138853230930716,-0.033065810816049694,False,False
100,23,clustered_null,False,polynomial_ridge_interactions,0.635,-0.012049220911359262,-0.022900523643970112,False,False
100,23,genuine_increment,True,polynomial_ridge,0.005,0.05384991231459114,0.04046367614998554,True,True
100,23,genuine_increment,True,polynomial_ridge_interactions,0.005,0.052004538950149705,0.03975544565939702,True,True
100,24,null_metric,False,polynomial_ridge,0.11,0.0010421853799012608,-0.0021573995566279572,False,False
100,24,null_metric,False,polynomial_ridge_interactions,0.445,-0.0007371092603118291,-0.002028311044516807,False,False
100,24,nonlinear_proxy,False,polynomial_ridge,0.875,-4.3923225779660124e-05,-0.0009815082125433849,False,False
100,24,nonlinear_proxy,False,polynomial_ridge_interactions,0.685,2.7424246854184514e-05,-0.0007134526992646571,False,False
100,24,heteroskedastic_null,False,polynomial_ridge,0.975,-0.0008131084131150889,-0.0021394068969299257,False,False
100,24,heteroskedastic_null,False,polynomial_ridge_interactions,0.98,-0.00046328644692204997,-0.0011537269012052416,False,False
100,24,clustered_null,False,polynomial_ridge,0.295,-0.0016342994441865752,-0.09301420068857884,False,False
100,24,clustered_null,False,polynomial_ridge_interactions,0.25,-0.002752143871893195,-0.06852035713107105,False,False
100,24,genuine_increment,True,polynomial_ridge,0.005,0.04056199873004509,0.02617833790931471,True,True
100,24,genuine_increment,True,polynomial_ridge_interactions,0.005,0.039287636365749806,0.023510641563989566,True,True
150,0,null_metric,False,polynomial_ridge,0.04,-0.0005597496791070432,-0.002664104062055359,False,False
150,0,null_metric,False,polynomial_ridge_interactions,0.035,0.00016426589850598167,-0.0011726873204418677,False,False
150,0,nonlinear_proxy,False,polynomial_ridge,0.255,0.000284670908982515,-0.0004412930703915071,False,False
150,0,nonlinear_proxy,False,polynomial_ridge_interactions,0.09,0.00023199204135967988,-0.00019591492604999642,False,False
150,0,heteroskedastic_null,False,polynomial_ridge,0.275,-0.0008774370796571524,-0.0012926295966458657,False,False
150,0,heteroskedastic_null,False,polynomial_ridge_interactions,0.36,-0.00013635167026609246,-0.0004211677699140999,False,False
150,0,clustered_null,False,polynomial_ridge,0.495,-0.0010590232855187953,-0.01821763801255545,False,False
150,0,clustered_null,False,polynomial_ridge_interactions,0.375,-0.0021098927997332505,-0.012646880738348616,False,False
150,0,genuine_increment,True,polynomial_ridge,0.005,0.03450342215818281,0.024783216247882437,True,True
150,0,genuine_increment,True,polynomial_ridge_interactions,0.005,0.031649279860164824,0.023625426082420364,True,True
150,1,null_metric,False,polynomial_ridge,0.14,-0.0018929760345122552,-0.002601868317678154,False,False
150,1,null_metric,False,polynomial_ridge_interactions,0.135,-0.00032541993367730254,-0.0008667020860915573,False,False
150,1,nonlinear_proxy,False,polynomial_ridge,0.5,-0.0004164266639824603,-0.0008128897319848861,False,False
150,1,nonlinear_proxy,False,polynomial_ridge_interactions,0.9,-0.0003356542785666553,-0.0005025664774720443,False,False
150,1,heteroskedastic_null,False,polynomial_ridge,0.68,-8.0407840587075e-05,-0.000940889772409822,False,False
150,1,heteroskedastic_null,False,polynomial_ridge_interactions,0.995,9.475184028710955e-05,-0.0006195947886584795,False,False
150,1,clustered_null,False,polynomial_ridge,0.475,-0.01864742996261278,-0.025659419280628377,False,False
150,1,clustered_null,False,polynomial_ridge_interactions,0.715,-0.0018402463343149648,-0.021161959202146474,False,False
150,1,genuine_increment,True,polynomial_ridge,0.005,0.038011805413193836,0.028274492676818738,True,True
150,1,genuine_increment,True,polynomial_ridge_interactions,0.005,0.03972091093234213,0.0286938644320743,True,True
150,2,null_metric,False,polynomial_ridge,0.25,-0.0005698589333587196,-0.0013266463194269648,False,False
150,2,null_metric,False,polynomial_ridge_interactions,0.22,-0.00029417270178723476,-0.0006591933886321094,False,False
150,2,nonlinear_proxy,False,polynomial_ridge,0.22,-0.0011577724896466874,-0.0014505112878956995,False,False
150,2,nonlinear_proxy,False,polynomial_ridge_interactions,0.335,-9.992098840350648e-05,-0.0005810399911982039,False,False
150,2,heteroskedastic_null,False,polynomial_ridge,0.95,-0.0002148313061306143,-0.0011176404277408365,False,False
150,2,heteroskedastic_null,False,polynomial_ridge_interactions,0.75,-0.00015099210359435788,-0.0005195654676958991,False,False
150,2,clustered_null,False,polynomial_ridge,0.055,-0.0005619130606896693,-0.009222829116281243,False,False
150,2,clustered_null,False,polynomial_ridge_interactions,0.09,-8.059250975616522e-05,-0.008684682591140101,False,False
150,2,genuine_increment,True,polynomial_ridge,0.005,0.04236147522971392,0.03065856356854908,True,True
150,2,genuine_increment,True,polynomial_ridge_interactions,0.005,0.04015368854679898,0.02856697630034145,True,True
150,3,null_metric,False,polynomial_ridge,0.67,-0.0007920507790525316,-0.0015604962785832341,False,False
150,3,null_metric,False,polynomial_ridge_interactions,0.89,-0.0003477373538885546,-0.0007944415797243021,False,False
150,3,nonlinear_proxy,False,polynomial_ridge,0.49,-0.00010095018728680308,-0.00048798686938848133,False,False
150,3,nonlinear_proxy,False,polynomial_ridge_interactions,0.98,-0.00015391508104106548,-0.0004620145252786314,False,False
150,3,heteroskedastic_null,False,polynomial_ridge,0.97,-0.0003168307364846794,-0.0012912941383851446,False,False
150,3,heteroskedastic_null,False,polynomial_ridge_interactions,0.525,-0.0002098978106318105,-0.0004899442387096171,False,False
150,3,clustered_null,False,polynomial_ridge,0.41,-0.002252393961472511,-0.014204064111521846,False,False
150,3,clustered_null,False,polynomial_ridge_interactions,0.955,-5.333123208197191e-05,-0.008891742547041859,False,False
150,3,genuine_increment,True,polynomial_ridge,0.005,0.044181733590234085,0.03398375489196905,True,True
150,3,genuine_increment,True,polynomial_ridge_interactions,0.005,0.04384802184316129,0.0325643242696627,True,True
150,4,null_metric,False,polynomial_ridge,0.73,-0.0020776810663873137,-0.003482214740896106,False,False
150,4,null_metric,False,polynomial_ridge_interactions,0.57,-0.00043757050380197407,-0.001207616255810533,False,False
150,4,nonlinear_proxy,False,polynomial_ridge,1.0,-0.0002573344467777525,-0.0006173928426696967,False,False
150,4,nonlinear_proxy,False,polynomial_ridge_interactions,1.0,-3.41495747006532e-05,-0.0003355288935979746,False,False
150,4,heteroskedastic_null,False,polynomial_ridge,0.47,-0.00025702673769087414,-0.0008336358816585903,False,False
150,4,heteroskedastic_null,False,polynomial_ridge_interactions,0.82,-3.808699842029403e-05,-0.0003090903962342656,False,False
150,4,clustered_null,False,polynomial_ridge,0.375,-0.0064314785799125355,-0.021347705179551008,False,False
150,4,clustered_null,False,polynomial_ridge_interactions,0.485,-0.004071036130221025,-0.009452416220512431,False,False
150,4,genuine_increment,True,polynomial_ridge,0.005,0.037044707139622546,0.02589687678034087,True,True
150,4,genuine_increment,True,polynomial_ridge_interactions,0.005,0.03320562732721486,0.02447714294766077,True,True
150,5,null_metric,False,polynomial_ridge,0.33,-0.0009185211840461033,-0.003987385812359616,False,False
150,5,null_metric,False,polynomial_ridge_interactions,0.39,-0.0019205656229975936,-0.0020425445574877286,False,False
150,5,nonlinear_proxy,False,polynomial_ridge,0.24,-0.000245399233186068,-0.001463101329346552,False,False
150,5,nonlinear_proxy,False,polynomial_ridge_interactions,0.13,-0.00016061060565071734,-0.000834286236284422,False,False
150,5,heteroskedastic_null,False,polynomial_ridge,0.895,-0.0006535036792490552,-0.0010952357256990928,False,False
150,5,heteroskedastic_null,False,polynomial_ridge_interactions,0.41,-0.0002039209132347489,-0.0003994232705873856,False,False
150,5,clustered_null,False,polynomial_ridge,0.015,0.0058401834228754175,-0.022335648320189395,False,False
150,5,clustered_null,False,polynomial_ridge_interactions,0.065,0.003482444340584454,-0.008581123082352406,False,False
150,5,genuine_increment,True,polynomial_ridge,0.005,0.04514220520161307,0.033940357603523895,True,True
150,5,genuine_increment,True,polynomial_ridge_interactions,0.005,0.044399185045080676,0.033724012487170676,True,True
150,6,null_metric,False,polynomial_ridge,0.855,-0.0016683384239880791,-0.0030507599839306224,False,False
150,6,null_metric,False,polynomial_ridge_interactions,0.82,-0.0005667777900896578,-0.0017037950224051252,False,False
150,6,nonlinear_proxy,False,polynomial_ridge,0.155,-0.0004229840811336028,-0.0008240354511617049,False,False
150,6,nonlinear_proxy,False,polynomial_ridge_interactions,0.155,-2.1985155737765105e-05,-0.0004026157863341728,False,False
150,6,heteroskedastic_null,False,polynomial_ridge,0.695,-0.00046291291553695463,-0.0010794335664421626,False,False
150,6,heteroskedastic_null,False,polynomial_ridge_interactions,0.495,-5.0769336632833575e-05,-0.00027648245479508103,False,False
150,6,clustered_null,False,polynomial_ridge,0.065,0.002386123979383665,-0.007549732347030566,False,False
150,6,clustered_null,False,polynomial_ridge_interactions,0.3,-0.001308702802750486,-0.011780181123993325,False,False
150,6,genuine_increment,True,polynomial_ridge,0.005,0.038401072364512,0.029208424041741825,True,True
150,6,genuine_increment,True,polynomial_ridge_interactions,0.005,0.0391322526841619,0.027957264724893793,True,True
150,7,null_metric,False,polynomial_ridge,0.97,-0.00036659492792041545,-0.0016906624608094083,False,False
150,7,null_metric,False,polynomial_ridge_interactions,0.83,-0.000575258097926485,-0.0009438466630721884,False,False
150,7,nonlinear_proxy,False,polynomial_ridge,0.285,0.0001379645126157701,-0.000451419738192841,False,False
150,7,nonlinear_proxy,False,polynomial_ridge_interactions,0.365,1.7654576887500203e-05,-0.00014344411994745565,False,False
150,7,heteroskedastic_null,False,polynomial_ridge,0.73,-0.001209569822162292,-0.0021967253134033997,False,False
150,7,heteroskedastic_null,False,polynomial_ridge_interactions,0.65,-0.0006461770013361963,-0.0006692655209072819,False,False
150,7,clustered_null,False,polynomial_ridge,0.38,-0.0006986743216679872,-0.021554470619259435,False,False
150,7,clustered_null,False,polynomial_ridge_interactions,0.83,-0.0013290233304820726,-0.013988229392720288,False,False
150,7,genuine_increment,True,polynomial_ridge,0.005,0.04526353416099716,0.03500193682776825,True,True
150,7,genuine_increment,True,polynomial_ridge_interactions,0.005,0.047073451462851544,0.034581199023536256,True,True
150,8,null_metric,False,polynomial_ridge,0.83,-0.00023552480442489733,-0.0016605137488597598,False,False
150,8,null_metric,False,polynomial_ridge_interactions,0.7,-0.00021637951825767207,-0.0004950714741839901,False,False
150,8,nonlinear_proxy,False,polynomial_ridge,0.205,-0.0004936955492119014,-0.0007288207220336312,False,False
150,8,nonlinear_proxy,False,polynomial_ridge_interactions,0.38,-0.00024781782525409857,-0.000476296291307247,False,False
150,8,heteroskedastic_null,False,polynomial_ridge,0.42,-0.000207060482602682,-0.0008805729187692303,False,False
150,8,heteroskedastic_null,False,polynomial_ridge_interactions,0.315,3.9268368748519855e-07,-0.0004994874491985643,False,False
150,8,clustered_null,False,polynomial_ridge,0.575,-0.007353411923376969,-0.03574267908570434,False,False
150,8,clustered_null,False,polynomial_ridge_interactions,0.975,-0.008419638773199706,-0.022598443413158708,False,False
150,8,genuine_increment,True,polynomial_ridge,0.005,0.041115933094793125,0.03102181091973332,True,True
150,8,genuine_increment,True,polynomial_ridge_interactions,0.005,0.04135532798339136,0.02936699654182654,True,True
150,9,null_metric,False,polynomial_ridge,0.31,-0.00035360141173194914,-0.0019789796046934278,False,False
150,9,null_metric,False,polynomial_ridge_interactions,0.43,-0.00103041262331003,-0.0008565151435189798,False,False
150,9,nonlinear_proxy,False,polynomial_ridge,0.585,0.00010602874176427954,-0.000460724449913232,False,False
150,9,nonlinear_proxy,False,polynomial_ridge_interactions,0.965,-8.193156664459099e-05,-0.0002295281280775832,False,False
150,9,heteroskedastic_null,False,polynomial_ridge,0.74,-0.0005236230959406452,-0.0011199614983748549,False,False
150,9,heteroskedastic_null,False,polynomial_ridge_interactions,0.46,-0.00014161757408459423,-0.0006211362899128272,False,False
150,9,clustered_null,False,polynomial_ridge,0.515,-0.002079249473327858,-0.008779824451459679,False,False
150,9,clustered_null,False,polynomial_ridge_interactions,0.325,-0.001324380689434388,-0.0062673809197316575,False,False
150,9,genuine_increment,True,polynomial_ridge,0.005,0.042877167335262145,0.027154144791130135,True,True
150,9,genuine_increment,True,polynomial_ridge_interactions,0.005,0.04005557883044204,0.02567905297128186,True,True
150,10,null_metric,False,polynomial_ridge,0.97,-0.00030605869495992435,-0.0014873076298407496,False,False
150,10,null_metric,False,polynomial_ridge_interactions,0.895,-0.00033498135156243003,-0.0008168425438886347,False,False
150,10,nonlinear_proxy,False,polynomial_ridge,0.07,0.00019973754432031816,-0.0003612643056542514,False,False
150,10,nonlinear_proxy,False,polynomial_ridge_interactions,0.01,2.182027380236238e-05,-0.0002695212803988437,False,False
150,10,heteroskedastic_null,False,polynomial_ridge,0.295,-0.00021170323528886537,-0.0007544077434542279,False,False
150,10,heteroskedastic_null,False,polynomial_ridge_interactions,0.29,0.0002948446760555421,-0.0005277994165750827,False,False
150,10,clustered_null,False,polynomial_ridge,0.005,0.00044621583443767154,-0.011618716176854114,False,False
150,10,clustered_null,False,polynomial_ridge_interactions,0.1,0.0015397240002306134,-0.006013210401265803,False,False
150,10,genuine_increment,True,polynomial_ridge,0.005,0.041589394620474215,0.029797826474358254,True,True
150,10,genuine_increment,True,polynomial_ridge_interactions,0.005,0.04254768094214291,0.02916219071275681,True,True
150,11,null_metric,False,polynomial_ridge,0.11,-0.0017333468900763427,-0.002848413368673523,False,False
150,11,null_metric,False,polynomial_ridge_interactions,0.11,-0.00031632256625997723,-0.0010185586368084893,False,False
150,11,nonlinear_proxy,False,polynomial_ridge,0.105,-0.00034190741011461134,-0.001318079586887971,False,False
150,11,nonlinear_proxy,False,polynomial_ridge_interactions,0.235,-0.00026864668942655923,-0.0004921866198836634,False,False
150,11,heteroskedastic_null,False,polynomial_ridge,0.01,-0.0006293697298462402,-0.0013981856737151615,False,False
150,11,heteroskedastic_null,False,polynomial_ridge_interactions,0.015,-0.0002473389236732036,-0.0007409172250151006,False,False
150,11,clustered_null,False,polynomial_ridge,0.37,-0.0037689993995033075,-0.01234083787058473,False,False
150,11,clustered_null,False,polynomial_ridge_interactions,0.68,-0.0005491389103264299,-0.010218309713999858,False,False
150,11,genuine_increment,True,polynomial_ridge,0.005,0.05337953168064026,0.04108930083175281,True,True
150,11,genuine_increment,True,polynomial_ridge_interactions,0.005,0.051694596844212626,0.03737844566850787,True,True
150,12,null_metric,False,polynomial_ridge,0.11,0.00018025819247737343,-0.0009933686097998078,False,False
150,12,null_metric,False,polynomial_ridge_interactions,0.135,-0.00021437388877502614,-0.0007192076589544883,False,False
150,12,nonlinear_proxy,False,polynomial_ridge,0.385,-0.00010859090454676257,-0.0006960262159499767,False,False
150,12,nonlinear_proxy,False,polynomial_ridge_interactions,0.235,8.157832167157361e-05,-0.0005342316403866704,False,False
150,12,heteroskedastic_null,False,polynomial_ridge,0.25,-0.0005828246534524475,-0.0013303247695240778,False,False
150,12,heteroskedastic_null,False,polynomial_ridge_interactions,0.195,0.0001371133477075289,-0.0005962070875292949,False,False
150,12,clustered_null,False,polynomial_ridge,0.855,-0.0007559553143597977,-0.01612903446118952,False,False
150,12,clustered_null,False,polynomial_ridge_interactions,0.715,-0.010577290357668558,-0.018967793578971992,False,False
150,12,genuine_increment,True,polynomial_ridge,0.005,0.03767296975306714,0.025117679501055035,True,True
150,12,genuine_increment,True,polynomial_ridge_interactions,0.005,0.03607506306627794,0.024625778968300076,True,True
150,13,null_metric,False,polynomial_ridge,0.235,-0.0017230763280642915,-0.005237450409539418,False,False
150,13,null_metric,False,polynomial_ridge_interactions,0.295,0.00010243980655039869,-0.0011648524723091342,False,False
150,13,nonlinear_proxy,False,polynomial_ridge,0.01,-3.9484107205957006e-05,-0.0005269755213490619,False,False
150,13,nonlinear_proxy,False,polynomial_ridge_interactions,0.035,-8.654502648532993e-05,-0.0003336868790073206,False,False
150,13,heteroskedastic_null,False,polynomial_ridge,0.43,-0.0007620810969047667,-0.000972719656533616,False,False
150,13,heteroskedastic_null,False,polynomial_ridge_interactions,0.17,-9.65846132833896e-05,-0.00040159604303748595,False,False
150,13,clustered_null,False,polynomial_ridge,0.09,-0.0020532252278179404,-0.01585380034741807,False,False
150,13,clustered_null,False,polynomial_ridge_interactions,0.78,-0.0015034767558767138,-0.007279928278330759,False,False
150,13,genuine_increment,True,polynomial_ridge,0.005,0.03970335160052054,0.029691778625572752,True,True
150,13,genuine_increment,True,polynomial_ridge_interactions,0.005,0.03923987598300034,0.030151782404358857,True,True
150,14,null_metric,False,polynomial_ridge,0.375,-0.0012524980941068728,-0.002690573513138568,False,False
150,14,null_metric,False,polynomial_ridge_interactions,0.335,0.00032023865146253716,-0.0013936472982643703,False,False
150,14,nonlinear_proxy,False,polynomial_ridge,0.005,0.0004134470263553302,-0.00019671172051064872,False,False
150,14,nonlinear_proxy,False,polynomial_ridge_interactions,0.005,0.0007079155184716249,3.095427813612869e-05,True,True
150,14,heteroskedastic_null,False,polynomial_ridge,0.46,-0.0014136001508305348,-0.0015584874206218,False,False
150,14,heteroskedastic_null,False,polynomial_ridge_interactions,0.475,-3.4467733768023603e-05,-0.0006058888043153599,False,False
150,14,clustered_null,False,polynomial_ridge,0.37,-0.0041678266613047535,-0.02018948128868614,False,False
150,14,clustered_null,False,polynomial_ridge_interactions,0.405,-0.0030157839604260522,-0.017279034670405428,False,False
150,14,genuine_increment,True,polynomial_ridge,0.005,0.04381341558086479,0.03464996594512053,True,True
150,14,genuine_increment,True,polynomial_ridge_interactions,0.005,0.04439862734649934,0.03354762471722739,True,True
150,15,null_metric,False,polynomial_ridge,0.555,-0.0006526854989720061,-0.0026770496897055318,False,False
150,15,null_metric,False,polynomial_ridge_interactions,0.905,-0.00015869974924050123,-0.0011423523309760735,False,False
150,15,nonlinear_proxy,False,polynomial_ridge,0.53,-8.547345612952475e-05,-0.0007246372092775682,False,False
150,15,nonlinear_proxy,False,polynomial_ridge_interactions,0.125,-0.00017289461003001504,-0.00028102778063281565,False,False
150,15,heteroskedastic_null,False,polynomial_ridge,0.11,-0.0004032188170086763,-0.001587657371185371,False,False
150,15,heteroskedastic_null,False,polynomial_ridge_interactions,0.155,-0.00014835482432453556,-0.0005608608354140495,False,False
150,15,clustered_null,False,polynomial_ridge,0.29,-0.009683699928140152,-0.02917750663651213,False,False
150,15,clustered_null,False,polynomial_ridge_interactions,0.605,-0.004810816486748446,-0.024372712204906284,False,False
150,15,genuine_increment,True,polynomial_ridge,0.005,0.03809307596468266,0.025550432023819583,True,True
150,15,genuine_increment,True,polynomial_ridge_interactions,0.005,0.038014672592429875,0.027515453162726383,True,True
150,16,null_metric,False,polynomial_ridge,0.545,-0.0005285634836163546,-0.0016532472909550505,False,False
150,16,null_metric,False,polynomial_ridge_interactions,0.51,-0.0002449061453821885,-0.0009856295833894468,False,False
150,16,nonlinear_proxy,False,polynomial_ridge,0.145,0.000408422269017634,-0.001103629586382404,False,False
150,16,nonlinear_proxy,False,polynomial_ridge_interactions,0.67,-7.402772393588167e-05,-0.0004979567337818339,False,False
150,16,heteroskedastic_null,False,polynomial_ridge,0.385,-0.00010612727373073266,-0.0009634580019154052,False,False
150,16,heteroskedastic_null,False,polynomial_ridge_interactions,0.42,-5.896166070859174e-05,-0.0004536996438360575,False,False
150,16,clustered_null,False,polynomial_ridge,0.755,-0.00488651409426015,-0.02368648899492611,False,False
150,16,clustered_null,False,polynomial_ridge_interactions,0.185,-0.0022408411987563867,-0.017597133322953366,False,False
150,16,genuine_increment,True,polynomial_ridge,0.005,0.04291277782941466,0.03127158556100867,True,True
150,16,genuine_increment,True,polynomial_ridge_interactions,0.005,0.04212883565177368,0.02898923764608655,True,True
150,17,null_metric,False,polynomial_ridge,0.55,-0.001312001143927724,-0.0024076207133720416,False,False
150,17,null_metric,False,polynomial_ridge_interactions,0.46,-0.0001828151606603247,-0.0007342277079205293,False,False
150,17,nonlinear_proxy,False,polynomial_ridge,0.81,-0.0002287372261400647,-0.0008035502030549941,False,False
150,17,nonlinear_proxy,False,polynomial_ridge_interactions,0.365,7.783685889788984e-05,-0.00036772748654276103,False,False
150,17,heteroskedastic_null,False,polynomial_ridge,0.49,0.0004498452572768933,-0.0005245441640243477,False,False
150,17,heteroskedastic_null,False,polynomial_ridge_interactions,0.575,-0.00041236448525834926,-0.0004535716427225534,False,False
150,17,clustered_null,False,polynomial_ridge,0.02,-0.0010427506165331078,-0.027779476533279678,False,False
150,17,clustered_null,False,polynomial_ridge_interactions,0.28,9.47041358478791e-05,-0.013726212653308659,False,False
150,17,genuine_increment,True,polynomial_ridge,0.005,0.03723115507781696,0.02615539652032905,True,True
150,17,genuine_increment,True,polynomial_ridge_interactions,0.005,0.03794570929280989,0.026715251191056787,True,True
150,18,null_metric,False,polynomial_ridge,0.395,-0.0015685371661128718,-0.002632727438111956,False,False
150,18,null_metric,False,polynomial_ridge_interactions,0.65,0.00026637078789126106,-0.0011661101709511516,False,False
150,18,nonlinear_proxy,False,polynomial_ridge,0.61,0.0008202785351989934,0.0003820696523979468,False,True
150,18,nonlinear_proxy,False,polynomial_ridge_interactions,0.335,-0.00016932137699021948,-0.00039459915230479246,False,False
150,18,heteroskedastic_null,False,polynomial_ridge,0.205,-0.00021767985735066976,-0.0005931955057811347,False,False
150,18,heteroskedastic_null,False,polynomial_ridge_interactions,0.155,4.9361919515272454e-05,-0.0003639853261726771,False,False
150,18,clustered_null,False,polynomial_ridge,0.995,-0.00874207311649526,-0.024691733871866454,False,False
150,18,clustered_null,False,polynomial_ridge_interactions,0.505,-0.006244020646668121,-0.01728587571662634,False,False
150,18,genuine_increment,True,polynomial_ridge,0.005,0.03999711373223962,0.027088566325718655,True,True
150,18,genuine_increment,True,polynomial_ridge_interactions,0.005,0.04033959038673798,0.028810921241947302,True,True
150,19,null_metric,False,polynomial_ridge,0.33,-0.0016637701422271382,-0.0033060483547048963,False,False
150,19,null_metric,False,polynomial_ridge_interactions,0.28,-0.0006038213321194578,-0.001386687892071983,False,False
150,19,nonlinear_proxy,False,polynomial_ridge,0.895,-0.00014577115998414946,-0.0003816628929233387,False,False
150,19,nonlinear_proxy,False,polynomial_ridge_interactions,0.755,-0.00014968209559481672,-0.0002746068528140642,False,False
150,19,heteroskedastic_null,False,polynomial_ridge,0.005,-0.00029678752379948964,-0.0008397491933020415,False,False
150,19,heteroskedastic_null,False,polynomial_ridge_interactions,0.02,-0.00017958121455247285,-0.0005094935748471195,False,False
150,19,clustered_null,False,polynomial_ridge,0.005,0.004644295256444013,-0.008990973939247086,False,False
150,19,clustered_null,False,polynomial_ridge_interactions,0.1,0.002418499757515423,-0.004977450465389241,False,False
150,19,genuine_increment,True,polynomial_ridge,0.005,0.03850403351189964,0.03242854126223626,True,True
150,19,genuine_increment,True,polynomial_ridge_interactions,0.005,0.039535512417208374,0.030165967720210442,True,True
150,20,null_metric,False,polynomial_ridge,0.95,-0.0012164316367643951,-0.0026206246590440596,False,False
150,20,null_metric,False,polynomial_ridge_interactions,0.42,-0.00032262139999703066,-0.0010361926778110174,False,False
150,20,nonlinear_proxy,False,polynomial_ridge,0.35,-0.00048669696156793986,-0.0006321474036996911,False,False
150,20,nonlinear_proxy,False,polynomial_ridge_interactions,0.315,-0.00022661554206876607,-0.0006017061052484005,False,False
150,20,heteroskedastic_null,False,polynomial_ridge,0.68,-0.00015189984223247174,-0.0011800704310205468,False,False
150,20,heteroskedastic_null,False,polynomial_ridge_interactions,0.615,-0.0004279338031679628,-0.0006105507026719552,False,False
150,20,clustered_null,False,polynomial_ridge,0.2,-0.0016180829999336184,-0.019597237572117836,False,False
150,20,clustered_null,False,polynomial_ridge_interactions,0.125,0.0007985415756361323,-0.011822285693898852,False,False
150,20,genuine_increment,True,polynomial_ridge,0.005,0.048866386420656605,0.03708778939599965,True,True
150,20,genuine_increment,True,polynomial_ridge_interactions,0.005,0.04775929399034842,0.034816653176821324,True,True
150,21,null_metric,False,polynomial_ridge,0.98,-0.0006789962119485397,-0.0018209086119372667,False,False
150,21,null_metric,False,polynomial_ridge_interactions,0.67,-1.6681486415020402e-05,-0.0006901301736071773,False,False
150,21,nonlinear_proxy,False,polynomial_ridge,0.21,-0.0005532048991960031,-0.000880506664823337,False,False
150,21,nonlinear_proxy,False,polynomial_ridge_interactions,0.23,-0.00023533843502543741,-0.00045224984427513586,False,False
150,21,heteroskedastic_null,False,polynomial_ridge,0.085,-0.0006741983619440416,-0.0009531559204036982,False,False
150,21,heteroskedastic_null,False,polynomial_ridge_interactions,0.045,-0.00010372192632271231,-0.0005801031269327755,False,False
150,21,clustered_null,False,polynomial_ridge,0.845,-0.0026146075220733894,-0.01737984915224202,False,False
150,21,clustered_null,False,polynomial_ridge_interactions,0.54,-0.0047984672130851405,-0.014151744846039269,False,False
150,21,genuine_increment,True,polynomial_ridge,0.005,0.03457054441395698,0.022111670533681817,True,True
150,21,genuine_increment,True,polynomial_ridge_interactions,0.005,0.033960552069069005,0.020880370827018286,True,True
150,22,null_metric,False,polynomial_ridge,0.285,-0.0008162296403507602,-0.0027762483590528424,False,False
150,22,null_metric,False,polynomial_ridge_interactions,0.455,-2.4377232911251823e-05,-0.0011309671415817787,False,False
150,22,nonlinear_proxy,False,polynomial_ridge,0.72,-0.00014494031002764557,-0.0010918131955452587,False,False
150,22,nonlinear_proxy,False,polynomial_ridge_interactions,0.34,-0.0007000078384314153,-0.000832397757820838,False,False
150,22,heteroskedastic_null,False,polynomial_ridge,0.985,0.0002709067625350555,-0.0009237205577052555,False,False
150,22,heteroskedastic_null,False,polynomial_ridge_interactions,0.405,-0.00015962092814612167,-0.0005618661981892883,False,False
150,22,clustered_null,False,polynomial_ridge,0.065,-0.0001262155209491092,-0.03753247786545846,False,False
150,22,clustered_null,False,polynomial_ridge_interactions,0.01,0.003098365862847771,-0.01879620890739845,False,False
150,22,genuine_increment,True,polynomial_ridge,0.005,0.04601664421400854,0.03396526553563445,True,True
150,22,genuine_increment,True,polynomial_ridge_interactions,0.005,0.0459098819107776,0.03294370374817563,True,True
150,23,null_metric,False,polynomial_ridge,0.35,0.00032765627644863043,-0.0013534235910522972,False,False
150,23,null_metric,False,polynomial_ridge_interactions,0.66,-0.0008082236649619608,-0.0015315612521946446,False,False
150,23,nonlinear_proxy,False,polynomial_ridge,0.12,0.00016097071522533628,-0.0005160672968896702,False,False
150,23,nonlinear_proxy,False,polynomial_ridge_interactions,0.225,0.0002605608684280239,-0.000489719423775686,False,False
150,23,heteroskedastic_null,False,polynomial_ridge,0.22,-0.0003786076303599409,-0.0012779710070226252,False,False
150,23,heteroskedastic_null,False,polynomial_ridge_interactions,0.015,-0.0006457703023307788,-0.001174090210722609,False,False
150,23,clustered_null,False,polynomial_ridge,0.705,0.001105850643123978,-0.010967469936708128,False,False
150,23,clustered_null,False,polynomial_ridge_interactions,0.765,-0.00022739405770716252,-0.009477068231926547,False,False
150,23,genuine_increment,True,polynomial_ridge,0.005,0.04370324169832096,0.033568403003657724,True,True
150,23,genuine_increment,True,polynomial_ridge_interactions,0.005,0.04234009223683406,0.03300277556860325,True,True
150,24,null_metric,False,polynomial_ridge,0.805,-0.0022520235727498776,-0.00309027380155173,False,False
150,24,null_metric,False,polynomial_ridge_interactions,0.94,-0.00015562037348801003,-0.001071804406426895,False,False
150,24,nonlinear_proxy,False,polynomial_ridge,0.23,-0.00015368663033759385,-0.0006170140833145592,False,False
150,24,nonlinear_proxy,False,polynomial_ridge_interactions,0.275,-8.068496374569537e-05,-0.00025902808747883024,False,False
150,24,heteroskedastic_null,False,polynomial_ridge,0.535,-0.002468958426215931,-0.0020560357402904894,False,False
150,24,heteroskedastic_null,False,polynomial_ridge_interactions,0.715,-0.0004342375101175147,-0.0005747043605393324,False,False
150,24,clustered_null,False,polynomial_ridge,0.47,-0.0009719362758459048,-0.029391199769405196,False,False
150,24,clustered_null,False,polynomial_ridge_interactions,0.325,-0.0047292163912918544,-0.013415807792114147,False,False
150,24,genuine_increment,True,polynomial_ridge,0.005,0.045046497675050354,0.03258738780784954,True,True
150,24,genuine_increment,True,polynomial_ridge_interactions,0.005,0.044265237346161224,0.03001542729934018,True,True
200,0,null_metric,False,polynomial_ridge,0.765,-0.001464780194667458,-0.0022811540868179396,False,False
200,0,null_metric,False,polynomial_ridge_interactions,0.65,-0.00019060868378881907,-0.0008350884483545916,False,False
200,0,nonlinear_proxy,False,polynomial_ridge,0.6,-0.0003294182195382432,-0.0008287906056275455,False,False
200,0,nonlinear_proxy,False,polynomial_ridge_interactions,0.22,-0.00018375525481551663,-0.0004186750938548322,False,False
200,0,heteroskedastic_null,False,polynomial_ridge,0.1,-0.0005733843325159398,-0.0012350579403507277,False,False
200,0,heteroskedastic_null,False,polynomial_ridge_interactions,0.035,2.689768288612754e-05,-0.0005105530178633318,False,False
200,0,clustered_null,False,polynomial_ridge,0.685,-0.0042645123603750265,-0.011454734424781633,False,False
200,0,clustered_null,False,polynomial_ridge_interactions,0.715,-0.0016271485588641998,-0.008194677183156382,False,False
200,0,genuine_increment,True,polynomial_ridge,0.005,0.04187208526668635,0.0317679354048619,True,True
200,0,genuine_increment,True,polynomial_ridge_interactions,0.005,0.039350467453808755,0.0300557660406101,True,True
200,1,null_metric,False,polynomial_ridge,1.0,-0.0008401712396902648,-0.0019437422858475692,False,False
200,1,null_metric,False,polynomial_ridge_interactions,0.79,-0.0003479822020651113,-0.0008345719450667726,False,False
200,1,nonlinear_proxy,False,polynomial_ridge,0.03,2.9980659563243195e-05,-0.00013319673741055536,False,False
200,1,nonlinear_proxy,False,polynomial_ridge_interactions,0.08,6.147321907495635e-05,-0.00015396294972046357,False,False
200,1,heteroskedastic_null,False,polynomial_ridge,0.98,-0.0005169423449372292,-0.0009735602986407403,False,False
200,1,heteroskedastic_null,False,polynomial_ridge_interactions,0.95,-0.00014048669069749269,-0.00043408375445387544,False,False
200,1,clustered_null,False,polynomial_ridge,0.715,-0.004403443256237875,-0.00860879668578101,False,False
200,1,clustered_null,False,polynomial_ridge_interactions,0.82,-0.002778503709400044,-0.005455825590586083,False,False
200,1,genuine_increment,True,polynomial_ridge,0.005,0.04639721929127545,0.034175147658912546,True,True
200,1,genuine_increment,True,polynomial_ridge_interactions,0.005,0.048736986021399,0.03525215669027084,True,True
200,2,null_metric,False,polynomial_ridge,0.195,-0.00026720634547416217,-0.001337803979153914,False,False
200,2,null_metric,False,polynomial_ridge_interactions,0.485,-0.0003956069783279115,-0.0007693651809387075,False,False
200,2,nonlinear_proxy,False,polynomial_ridge,0.6,-0.0001778549785093307,-0.0006107171946064875,False,False
200,2,nonlinear_proxy,False,polynomial_ridge_interactions,0.78,-6.394304745965113e-05,-0.0005253754214694899,False,False
200,2,heteroskedastic_null,False,polynomial_ridge,0.63,-0.00029216846575395514,-0.0006639393890393917,False,False
200,2,heteroskedastic_null,False,polynomial_ridge_interactions,0.895,-0.00021078451938148952,-0.00040109494616697496,False,False
200,2,clustered_null,False,polynomial_ridge,0.07,-0.001649237523205907,-0.00956963842331339,False,False
200,2,clustered_null,False,polynomial_ridge_interactions,0.34,-0.0021802902190068488,-0.006666675567502668,False,False
200,2,genuine_increment,True,polynomial_ridge,0.005,0.041928177509906184,0.034111461139747695,True,True
200,2,genuine_increment,True,polynomial_ridge_interactions,0.005,0.04031015516706729,0.033515642636465795,True,True
200,3,null_metric,False,polynomial_ridge,0.42,-0.0007591340827528409,-0.0013814095829002275,False,False
200,3,null_metric,False,polynomial_ridge_interactions,0.34,-4.59671417654961e-05,-0.0008003967041389122,False,False
200,3,nonlinear_proxy,False,polynomial_ridge,0.315,0.0004106072120189149,-2.960310186590964e-05,False,False
200,3,nonlinear_proxy,False,polynomial_ridge_interactions,0.275,0.0003543078122715303,-0.00013359293321754,False,False
200,3,heteroskedastic_null,False,polynomial_ridge,0.73,-0.0003683864513977092,-0.0010218833410447438,False,False
200,3,heteroskedastic_null,False,polynomial_ridge_interactions,0.895,-0.00017181933856698015,-0.00032725178551109505,False,False
200,3,clustered_null,False,polynomial_ridge,0.64,-0.0015336635544643817,-0.011227116454147333,False,False
200,3,clustered_null,False,polynomial_ridge_interactions,0.47,-0.0037086960342636796,-0.006348766125588878,False,False
200,3,genuine_increment,True,polynomial_ridge,0.005,0.044470969076385536,0.03377018728679539,True,True
200,3,genuine_increment,True,polynomial_ridge_interactions,0.005,0.044099296387511436,0.03237301293333485,True,True
200,4,null_metric,False,polynomial_ridge,0.51,-0.0007691187623400653,-0.0018621804627272527,False,False
200,4,null_metric,False,polynomial_ridge_interactions,0.415,-0.0001987685035478859,-0.000642734542338143,False,False
200,4,nonlinear_proxy,False,polynomial_ridge,0.94,-0.00011558657948837307,-0.0005684042642358292,False,False
200,4,nonlinear_proxy,False,polynomial_ridge_interactions,0.745,-6.513213868779375e-05,-0.0002924933167097625,False,False
200,4,heteroskedastic_null,False,polynomial_ridge,0.9,-5.807519752629858e-05,-0.0004763717062180129,False,False
200,4,heteroskedastic_null,False,polynomial_ridge_interactions,0.89,-5.3815895817715606e-05,-0.00015942104298703765,False,False
200,4,clustered_null,False,polynomial_ridge,0.16,-0.00551281615191581,-0.010040225512467481,False,False
200,4,clustered_null,False,polynomial_ridge_interactions,0.1,0.0022100373260606834,-0.007087588517300901,False,False
200,4,genuine_increment,True,polynomial_ridge,0.005,0.04128520483286546,0.030888957371260527,True,True
200,4,genuine_increment,True,polynomial_ridge_interactions,0.005,0.038861689348713487,0.029264974582858358,True,True
200,5,null_metric,False,polynomial_ridge,0.725,-0.001225037144815859,-0.0019249001783281886,False,False
200,5,null_metric,False,polynomial_ridge_interactions,0.86,-0.0003013426838215927,-0.0013316820434051502,False,False
200,5,nonlinear_proxy,False,polynomial_ridge,0.27,-0.00024314376163259328,-0.000438819965322019,False,False
200,5,nonlinear_proxy,False,polynomial_ridge_interactions,0.375,8.740800478737425e-05,-0.0004271585689603714,False,False
200,5,heteroskedastic_null,False,polynomial_ridge,0.26,-0.0004297585964583555,-0.0009295729078647444,False,False
200,5,heteroskedastic_null,False,polynomial_ridge_interactions,0.245,-9.822843233889614e-05,-0.0004012231914897068,False,False
200,5,clustered_null,False,polynomial_ridge,0.745,-0.003953280293511753,-0.015750017058917636,False,False
200,5,clustered_null,False,polynomial_ridge_interactions,0.645,-0.004388929981029549,-0.012110345241480617,False,False
200,5,genuine_increment,True,polynomial_ridge,0.005,0.04112062508777251,0.03427756381957291,True,True
200,5,genuine_increment,True,polynomial_ridge_interactions,0.005,0.041299068292126435,0.03163045637014671,True,True
200,6,null_metric,False,polynomial_ridge,0.465,-0.00041461083582657043,-0.0017560648750891826,False,False
200,6,null_metric,False,polynomial_ridge_interactions,0.38,-0.00021325873609282647,-0.0007053214673890182,False,False
200,6,nonlinear_proxy,False,polynomial_ridge,0.165,-9.894641606079599e-05,-0.0002928926725267082,False,False
200,6,nonlinear_proxy,False,polynomial_ridge_interactions,0.045,2.5157720275755316e-05,-4.206992857115925e-05,False,False
200,6,heteroskedastic_null,False,polynomial_ridge,0.535,-0.0006100463471344301,-0.0014377801658286924,False,False
200,6,heteroskedastic_null,False,polynomial_ridge_interactions,0.44,-7.664501846666415e-05,-0.00046061231903417175,False,False
200,6,clustered_null,False,polynomial_ridge,0.745,-0.002887828678912175,-0.00737215304420366,False,False
200,6,clustered_null,False,polynomial_ridge_interactions,0.705,-0.002409636387856833,-0.005612077253768444,False,False
200,6,genuine_increment,True,polynomial_ridge,0.005,0.042865206534261985,0.032360985394839135,True,True
200,6,genuine_increment,True,polynomial_ridge_interactions,0.005,0.04262332602886769,0.03183004960386812,True,True
200,7,null_metric,False,polynomial_ridge,0.455,-0.0007529134718006966,-0.0017206676133388178,False,False
200,7,null_metric,False,polynomial_ridge_interactions,0.825,-8.273733941638328e-05,-0.0005161956768480441,False,False
200,7,nonlinear_proxy,False,polynomial_ridge,0.5,4.528784434326694e-06,-0.0003405355373377103,False,False
200,7,nonlinear_proxy,False,polynomial_ridge_interactions,0.62,8.744914469176364e-06,-0.0002345068216737422,False,False
200,7,heteroskedastic_null,False,polynomial_ridge,0.06,-0.00031128484140886294,-0.0008039310032175265,False,False
200,7,heteroskedastic_null,False,polynomial_ridge_interactions,0.06,-0.000220529576099332,-0.00029210213586754646,False,False
200,7,clustered_null,False,polynomial_ridge,0.275,-0.0015376225710555247,-0.006302452180024837,False,False
200,7,clustered_null,False,polynomial_ridge_interactions,0.02,0.0016280641408048663,-0.009266002129764852,False,False
200,7,genuine_increment,True,polynomial_ridge,0.005,0.04590589765479751,0.035234745235086185,True,True
200,7,genuine_increment,True,polynomial_ridge_interactions,0.005,0.04401302091057141,0.035214992649431585,True,True
200,8,null_metric,False,polynomial_ridge,0.29,-0.00023043256756770034,-0.0014151072073634843,False,False
200,8,null_metric,False,polynomial_ridge_interactions,0.28,-0.00036797889841533316,-0.0009523066793612483,False,False
200,8,nonlinear_proxy,False,polynomial_ridge,0.27,-0.00018375693794246695,-0.0007710551877309717,False,False
200,8,nonlinear_proxy,False,polynomial_ridge_interactions,0.615,-0.0004543437606455477,-0.0005650565849030238,False,False
200,8,heteroskedastic_null,False,polynomial_ridge,0.135,-0.0005762300815266366,-0.0007059013089157096,False,False
200,8,heteroskedastic_null,False,polynomial_ridge_interactions,0.055,-0.00011885032461952938,-0.0004112649927080124,False,False
200,8,clustered_null,False,polynomial_ridge,0.04,0.0008136651508561348,-0.009628784733641284,False,False
200,8,clustered_null,False,polynomial_ridge_interactions,0.14,-0.00231062979615905,-0.004982326358240012,False,False
200,8,genuine_increment,True,polynomial_ridge,0.005,0.03893385635735103,0.032945275836924845,True,True
200,8,genuine_increment,True,polynomial_ridge_interactions,0.005,0.0398775338870945,0.032300123495942294,True,True
200,9,null_metric,False,polynomial_ridge,0.045,-6.73728200859848e-05,-0.0021187613424938447,False,False
200,9,null_metric,False,polynomial_ridge_interactions,0.265,-0.000232487837459789,-0.0007259296177227899,False,False
200,9,nonlinear_proxy,False,polynomial_ridge,0.615,-0.00010615697901603539,-0.000487331300510974,False,False
200,9,nonlinear_proxy,False,polynomial_ridge_interactions,0.655,0.00012324575649885847,-0.0003266984599985976,False,False
200,9,heteroskedastic_null,False,polynomial_ridge,0.63,-0.0001381844395867103,-0.0006825094190662855,False,False
200,9,heteroskedastic_null,False,polynomial_ridge_interactions,0.615,-2.8145102638301757e-05,-0.00027527168532310594,False,False
200,9,clustered_null,False,polynomial_ridge,0.58,-0.0021098266207944943,-0.0034198331762816414,False,False
200,9,clustered_null,False,polynomial_ridge_interactions,0.67,-0.0007250442550193262,-0.0023744292295639086,False,False
200,9,genuine_increment,True,polynomial_ridge,0.005,0.04472701639659446,0.0359460952336532,True,True
200,9,genuine_increment,True,polynomial_ridge_interactions,0.005,0.044978328927210535,0.03595102181453978,True,True
200,10,null_metric,False,polynomial_ridge,0.305,-0.0015958174286673059,-0.002358759745111889,False,False
200,10,null_metric,False,polynomial_ridge_interactions,0.57,-0.00014024184165270168,-0.0008685869799193301,False,False
200,10,nonlinear_proxy,False,polynomial_ridge,0.44,-0.0001952916367960059,-0.0003625028905610044,False,False
200,10,nonlinear_proxy,False,polynomial_ridge_interactions,0.415,-0.0001130018581309471,-0.00023296402967641115,False,False
200,10,heteroskedastic_null,False,polynomial_ridge,0.11,-0.0003603697305403497,-0.0007659049970523482,False,False
200,10,heteroskedastic_null,False,polynomial_ridge_interactions,0.19,-2.177421470757855e-05,-0.0004901572902976665,False,False
200,10,clustered_null,False,polynomial_ridge,0.115,-0.0006199773528616365,-0.004331465855536917,False,False
200,10,clustered_null,False,polynomial_ridge_interactions,0.12,-0.0012937070262799277,-0.002614608522101326,False,False
200,10,genuine_increment,True,polynomial_ridge,0.005,0.04151503291841015,0.0334022781958873,True,True
200,10,genuine_increment,True,polynomial_ridge_interactions,0.005,0.04585253838035115,0.03424010837898174,True,True
200,11,null_metric,False,polynomial_ridge,0.705,-0.0016178647887400387,-0.002016870214188163,False,False
200,11,null_metric,False,polynomial_ridge_interactions,0.99,-0.0006760779586327849,-0.0008128274584108065,False,False
200,11,nonlinear_proxy,False,polynomial_ridge,0.705,-0.00013864243908944755,-0.00040211873841969526,False,False
200,11,nonlinear_proxy,False,polynomial_ridge_interactions,0.66,-4.893551943829788e-06,-0.00019691396346948643,False,False
200,11,heteroskedastic_null,False,polynomial_ridge,0.68,-0.00029995035612915937,-0.0009465306911009203,False,False
200,11,heteroskedastic_null,False,polynomial_ridge_interactions,0.735,-9.629044561866064e-05,-0.0005636579055410398,False,False
200,11,clustered_null,False,polynomial_ridge,0.105,-0.008055892180650503,-0.02062884868825982,False,False
200,11,clustered_null,False,polynomial_ridge_interactions,0.62,-0.0030869353809307304,-0.011187812151183184,False,False
200,11,genuine_increment,True,polynomial_ridge,0.005,0.04642508085881748,0.036991069030406394,True,True
200,11,genuine_increment,True,polynomial_ridge_interactions,0.005,0.04359733640819408,0.03646491717601157,True,True
200,12,null_metric,False,polynomial_ridge,0.24,-1.202879635203713e-05,-0.0011889625078375815,False,False
200,12,null_metric,False,polynomial_ridge_interactions,0.22,-0.0008199308664262363,-0.0012756894189330226,False,False
200,12,nonlinear_proxy,False,polynomial_ridge,0.1,-0.00047439106765755946,-0.0004544567301986239,False,False
200,12,nonlinear_proxy,False,polynomial_ridge_interactions,0.15,-0.0002140798957720215,-0.00045707256301916145,False,False
200,12,heteroskedastic_null,False,polynomial_ridge,0.26,-0.0005822816780737296,-0.0006914475596312443,False,False
200,12,heteroskedastic_null,False,polynomial_ridge_interactions,0.295,-0.00023172562906802543,-0.00023165710040006234,False,False
200,12,clustered_null,False,polynomial_ridge,0.06,0.0003465950373605746,-0.007856985263831532,False,False
200,12,clustered_null,False,polynomial_ridge_interactions,0.1,0.0013277995394852284,-0.007654866246620137,False,False
200,12,genuine_increment,True,polynomial_ridge,0.005,0.04790254249005953,0.03905037569010598,True,True
200,12,genuine_increment,True,polynomial_ridge_interactions,0.005,0.04683775540159989,0.03913090201141317,True,True
200,13,null_metric,False,polynomial_ridge,0.405,-0.0013725938753435737,-0.002056254534649304,False,False
200,13,null_metric,False,polynomial_ridge_interactions,0.215,-0.0006126257996171697,-0.0008910922738835187,False,False
200,13,nonlinear_proxy,False,polynomial_ridge,0.43,0.00044729861778550466,-0.00011221171165550396,False,False
200,13,nonlinear_proxy,False,polynomial_ridge_interactions,0.495,0.00015416245298981862,-0.00027570374066080263,False,False
200,13,heteroskedastic_null,False,polynomial_ridge,0.59,-0.0004002445411121812,-0.0005167509577204835,False,False
200,13,heteroskedastic_null,False,polynomial_ridge_interactions,0.54,1.5575407317088355e-05,-0.00011368846325273341,False,False
200,13,clustered_null,False,polynomial_ridge,0.035,-0.002142042346691665,-0.005717080043865395,False,False
200,13,clustered_null,False,polynomial_ridge_interactions,0.085,-0.0004308661333337037,-0.004789459267323739,False,False
200,13,genuine_increment,True,polynomial_ridge,0.005,0.043726473786665436,0.03483977463846954,True,True
200,13,genuine_increment,True,polynomial_ridge_interactions,0.005,0.044140873795163724,0.03466738552629446,True,True
200,14,null_metric,False,polynomial_ridge,0.09,-0.0008333960482869059,-0.0021458883741996395,False,False
200,14,null_metric,False,polynomial_ridge_interactions,0.15,-4.5676442896727676e-05,-0.0009131986543886451,False,False
200,14,nonlinear_proxy,False,polynomial_ridge,0.79,-0.0002112327343644525,-0.0003650151561981938,False,False
200,14,nonlinear_proxy,False,polynomial_ridge_interactions,0.67,-0.000119323705203833,-0.0002522625456797238,False,False
200,14,heteroskedastic_null,False,polynomial_ridge,0.035,-0.0004346843089728467,-0.0006888729343994673,False,False
200,14,heteroskedastic_null,False,polynomial_ridge_interactions,0.035,-6.066314747791429e-05,-0.0004302849255789348,False,False
200,14,clustered_null,False,polynomial_ridge,0.285,-0.010951162950501074,-0.011607799070457003,False,False
200,14,clustered_null,False,polynomial_ridge_interactions,0.23,-0.0010191600443595142,-0.009571685015309415,False,False
200,14,genuine_increment,True,polynomial_ridge,0.005,0.03949170037441249,0.03030313110445175,True,True
200,14,genuine_increment,True,polynomial_ridge_interactions,0.005,0.03945256829975832,0.029578025251131283,True,True
200,15,null_metric,False,polynomial_ridge,0.025,-0.0010253152650716232,-0.002727282568490963,False,False
200,15,null_metric,False,polynomial_ridge_interactions,0.055,0.0008777917076176513,-0.0006500931334258843,False,False
200,15,nonlinear_proxy,False,polynomial_ridge,0.115,0.00043914182791290977,-2.8709762392437744e-05,False,False
200,15,nonlinear_proxy,False,polynomial_ridge_interactions,0.14,0.00015252885226095525,-8.287541519076341e-05,False,False
200,15,heteroskedastic_null,False,polynomial_ridge,0.06,-7.6801801385867e-05,-0.000658054028263383,False,False
200,15,heteroskedastic_null,False,polynomial_ridge_interactions,0.105,8.436809136007015e-06,-0.0002821509814888809,False,False
200,15,clustered_null,False,polynomial_ridge,0.36,-0.0054196738989592125,-0.006696239964658295,False,False
200,15,clustered_null,False,polynomial_ridge_interactions,0.565,-0.0005627892246036562,-0.005558243894188627,False,False
200,15,genuine_increment,True,polynomial_ridge,0.005,0.03935457974881147,0.027811627985081293,True,True
200,15,genuine_increment,True,polynomial_ridge_interactions,0.005,0.03903475263728294,0.02819708396818949,True,True
200,16,null_metric,False,polynomial_ridge,0.67,-0.0011913911985569556,-0.0015085441068532757,False,False
200,16,null_metric,False,polynomial_ridge_interactions,0.845,-0.00011223921905251233,-0.0006154436822588769,False,False
200,16,nonlinear_proxy,False,polynomial_ridge,0.015,0.00035205881932371275,-0.0002810873446052643,False,False
200,16,nonlinear_proxy,False,polynomial_ridge_interactions,0.01,8.580558621441251e-05,-0.0002432708197398244,False,False
200,16,heteroskedastic_null,False,polynomial_ridge,0.245,-0.0006029237597926854,-0.0008342236962356875,False,False
200,16,heteroskedastic_null,False,polynomial_ridge_interactions,0.115,6.24543079836377e-05,-0.00023322158428810367,False,False
200,16,clustered_null,False,polynomial_ridge,0.27,-0.001728388497549211,-0.007659476392403764,False,False
200,16,clustered_null,False,polynomial_ridge_interactions,0.055,-0.0011908284575687343,-0.006014949416205015,False,False
200,16,genuine_increment,True,polynomial_ridge,0.005,0.04303066592719115,0.03352867069539018,True,True
200,16,genuine_increment,True,polynomial_ridge_interactions,0.005,0.04369822111721398,0.03278107068987738,True,True
200,17,null_metric,False,polynomial_ridge,0.915,-0.0005852455264093691,-0.0012477256860907232,False,False
200,17,null_metric,False,polynomial_ridge_interactions,0.925,-0.00033361356545996007,-0.0005954514308446448,False,False
200,17,nonlinear_proxy,False,polynomial_ridge,0.195,-0.00024155804634044993,-0.0005673740495749759,False,False
200,17,nonlinear_proxy,False,polynomial_ridge_interactions,0.325,-5.475065890016371e-05,-0.000246234883276643,False,False
200,17,heteroskedastic_null,False,polynomial_ridge,0.34,-0.0005460577131858844,-0.0012757898336561617,False,False
200,17,heteroskedastic_null,False,polynomial_ridge_interactions,0.29,-0.0002566878234403734,-0.0006368170621220764,False,False
200,17,clustered_null,False,polynomial_ridge,0.445,-0.003047378507088746,-0.01054626448760162,False,False
200,17,clustered_null,False,polynomial_ridge_interactions,0.35,-0.005940750095134166,-0.006845787029535554,False,False
200,17,genuine_increment,True,polynomial_ridge,0.005,0.04057488567130583,0.02910417646966091,True,True
200,17,genuine_increment,True,polynomial_ridge_interactions,0.005,0.039903357173640845,0.03016326480793555,True,True
200,18,null_metric,False,polynomial_ridge,0.795,-0.0005166600382938945,-0.00134440311692394,False,False
200,18,null_metric,False,polynomial_ridge_interactions,0.985,-0.0001747537258185508,-0.0008658124954667535,False,False
200,18,nonlinear_proxy,False,polynomial_ridge,0.855,-0.00019051971897532036,-0.00039817589762836645,False,False
200,18,nonlinear_proxy,False,polynomial_ridge_interactions,0.3,-0.00020633974922802233,-0.0003181008868197899,False,False
200,18,heteroskedastic_null,False,polynomial_ridge,0.45,-7.176054926167491e-05,-0.0012403541873692594,False,False
200,18,heteroskedastic_null,False,polynomial_ridge_interactions,0.59,-0.0007473535873650673,-0.0008749565550713958,False,False
200,18,clustered_null,False,polynomial_ridge,0.57,-0.004672602777760885,-0.011578427563313466,False,False
200,18,clustered_null,False,polynomial_ridge_interactions,0.235,-0.002094049241487636,-0.005921234230306179,False,False
200,18,genuine_increment,True,polynomial_ridge,0.005,0.036957446584215375,0.031137936523925398,True,True
200,18,genuine_increment,True,polynomial_ridge_interactions,0.005,0.038174684606228027,0.030338870772478887,True,True
200,19,null_metric,False,polynomial_ridge,0.01,-0.00041369081841890337,-0.001030893700850784,False,False
200,19,null_metric,False,polynomial_ridge_interactions,0.005,0.00012097154541804503,-0.000526686516081991,False,False
200,19,nonlinear_proxy,False,polynomial_ridge,0.185,-0.00024303375472231083,-0.0007408916697872077,False,False
200,19,nonlinear_proxy,False,polynomial_ridge_interactions,0.23,-0.00022412775088563163,-0.0003535088059391743,False,False
200,19,heteroskedastic_null,False,polynomial_ridge,0.605,-0.0003139314887212752,-0.0005221067551924656,False,False
200,19,heteroskedastic_null,False,polynomial_ridge_interactions,0.555,-0.0003349932047605579,-0.000418988542440186,False,False
200,19,clustered_null,False,polynomial_ridge,0.255,-0.0016600938391192026,-0.005451308708316029,False,False
200,19,clustered_null,False,polynomial_ridge_interactions,0.38,-0.0012823874778372137,-0.0038385271065699386,False,False
200,19,genuine_increment,True,polynomial_ridge,0.005,0.03528510140839838,0.026748416656421425,True,True
200,19,genuine_increment,True,polynomial_ridge_interactions,0.005,0.033004486412255694,0.02526104362715401,True,True
200,20,null_metric,False,polynomial_ridge,0.225,-0.00026261819655874763,-0.0015978292225272263,False,False
200,20,null_metric,False,polynomial_ridge_interactions,0.16,-6.629208717655322e-05,-0.0007210426732291721,False,False
200,20,nonlinear_proxy,False,polynomial_ridge,0.9,-0.0002411355223261259,-0.00047514286940034356,False,False
200,20,nonlinear_proxy,False,polynomial_ridge_interactions,0.855,3.86808655461271e-05,-0.00041685751606149375,False,False
200,20,heteroskedastic_null,False,polynomial_ridge,0.32,-0.0009738431571244786,-0.0010566863297884336,False,False
200,20,heteroskedastic_null,False,polynomial_ridge_interactions,0.465,-0.00011153662993656707,-0.0003903251999173461,False,False
200,20,clustered_null,False,polynomial_ridge,0.515,-0.00797282077650903,-0.006621329972036158,False,False
200,20,clustered_null,False,polynomial_ridge_interactions,0.845,-0.004646814036900499,-0.004078641095760908,False,False
200,20,genuine_increment,True,polynomial_ridge,0.005,0.03417322075125771,0.027530563830290445,True,True
200,20,genuine_increment,True,polynomial_ridge_interactions,0.005,0.03275074155266475,0.026155398896686687,True,True
200,21,null_metric,False,polynomial_ridge,0.88,-0.002212396574593555,-0.0024739550929288893,False,False
200,21,null_metric,False,polynomial_ridge_interactions,0.8,-3.9832283290658355e-05,-0.0010394545152606679,False,False
200,21,nonlinear_proxy,False,polynomial_ridge,0.58,-0.00018565839070810303,-0.0007868131160124538,False,False
200,21,nonlinear_proxy,False,polynomial_ridge_interactions,0.615,0.00017312709065417202,-0.00044205928366195473,False,False
200,21,heteroskedastic_null,False,polynomial_ridge,0.765,-0.000568651977585332,-0.0006524557716313998,False,False
200,21,heteroskedastic_null,False,polynomial_ridge_interactions,0.695,-2.645689778730219e-05,-0.00042378083207979673,False,False
200,21,clustered_null,False,polynomial_ridge,0.26,-0.003711901013402054,-0.007327275487481998,False,False
200,21,clustered_null,False,polynomial_ridge_interactions,0.585,-0.0033544249158401797,-0.006169400491969094,False,False
200,21,genuine_increment,True,polynomial_ridge,0.005,0.03719011212514562,0.02722067014039267,True,True
200,21,genuine_increment,True,polynomial_ridge_interactions,0.005,0.036357060342328815,0.02685627738635237,True,True
200,22,null_metric,False,polynomial_ridge,0.245,-0.0016203479472819068,-0.002481652464110697,False,False
200,22,null_metric,False,polynomial_ridge_interactions,0.81,-0.0003693203020476536,-0.001040326017539814,False,False
200,22,nonlinear_proxy,False,polynomial_ridge,0.545,-0.00028279211552165867,-0.0007801580574241222,False,False
200,22,nonlinear_proxy,False,polynomial_ridge_interactions,0.895,1.4903248511116338e-05,-0.0004371704728970728,False,False
200,22,heteroskedastic_null,False,polynomial_ridge,0.165,0.00017718535230981138,-0.0005487254780752681,False,False
200,22,heteroskedastic_null,False,polynomial_ridge_interactions,0.15,0.000249145399914448,-0.0002553628274499915,False,False
200,22,clustered_null,False,polynomial_ridge,0.475,-0.0017206051475525605,-0.0063614050807689095,False,False
200,22,clustered_null,False,polynomial_ridge_interactions,0.765,-0.0011846157946809738,-0.0048402358235958565,False,False
200,22,genuine_increment,True,polynomial_ridge,0.005,0.045423243679122594,0.036584824429227794,True,True
200,22,genuine_increment,True,polynomial_ridge_interactions,0.005,0.04246923210338804,0.03447753834071836,True,True
200,23,null_metric,False,polynomial_ridge,0.23,-0.00024109301632350283,-0.0014450036038034248,False,False
200,23,null_metric,False,polynomial_ridge_interactions,0.43,-0.0007547731543657912,-0.0008693398137891838,False,False
200,23,nonlinear_proxy,False,polynomial_ridge,0.725,-0.00016121964254336985,-0.0009092466352680107,False,False
200,23,nonlinear_proxy,False,polynomial_ridge_interactions,0.47,-0.00010519756516317626,-0.0004477120310190986,False,False
200,23,heteroskedastic_null,False,polynomial_ridge,0.425,-0.00033209114550065977,-0.0009112190976145251,False,False
200,23,heteroskedastic_null,False,polynomial_ridge_interactions,0.57,3.438889842548483e-05,-0.0002992333621191189,False,False
200,23,clustered_null,False,polynomial_ridge,0.6,-0.004800910055067933,-0.011291483985474948,False,False
200,23,clustered_null,False,polynomial_ridge_interactions,0.045,-0.001316884019794913,-0.0055633158317126,False,False
200,23,genuine_increment,True,polynomial_ridge,0.005,0.04609493524191054,0.03462998005144611,True,True
200,23,genuine_increment,True,polynomial_ridge_interactions,0.005,0.04527908767152192,0.03476202698161417,True,True
200,24,null_metric,False,polynomial_ridge,0.11,-0.0019119881297732337,-0.003168770820737585,False,False
200,24,null_metric,False,polynomial_ridge_interactions,0.1,-0.0012048403790007427,-0.0013371493799313402,False,False
200,24,nonlinear_proxy,False,polynomial_ridge,0.01,0.0002704349162885658,-0.00014245616380688898,False,False
200,24,nonlinear_proxy,False,polynomial_ridge_interactions,0.005,0.0004063684182254593,1.1910563725441252e-05,True,True
200,24,heteroskedastic_null,False,polynomial_ridge,0.155,-0.000622369580785374,-0.0008794645091087987,False,False
200,24,heteroskedastic_null,False,polynomial_ridge_interactions,0.065,-5.459305595842574e-05,-0.00033767259043116654,False,False
200,24,clustered_null,False,polynomial_ridge,0.175,-0.005443729368098917,-0.007914940911846333,False,False
200,24,clustered_null,False,polynomial_ridge_interactions,0.655,-0.0003338231247052119,-0.004454352943319243,False,False
200,24,genuine_increment,True,polynomial_ridge,0.005,0.04090756025656883,0.03064367387300637,True,True
200,24,genuine_increment,True,polynomial_ridge_interactions,0.005,0.04181075838370274,0.0318031949508437,True,True
300,0,null_metric,False,polynomial_ridge,0.345,0.00010526183426561378,-0.0005553801148649804,False,False
300,0,null_metric,False,polynomial_ridge_interactions,0.37,-0.00058399223279227,-0.00042413595981710613,False,False
300,0,nonlinear_proxy,False,polynomial_ridge,0.695,-0.0002722915254652625,-0.00029015450267547865,False,False
300,0,nonlinear_proxy,False,polynomial_ridge_interactions,0.545,-1.2980412325658101e-05,-0.0001742792120002952,False,False
300,0,heteroskedastic_null,False,polynomial_ridge,0.44,-1.8922058090531726e-05,-0.0004148932521374797,False,False
300,0,heteroskedastic_null,False,polynomial_ridge_interactions,0.61,-3.646525958212604e-05,-0.00020320277593397997,False,False
300,0,clustered_null,False,polynomial_ridge,0.955,-0.0011004127694117238,-0.002669046531466269,False,False
300,0,clustered_null,False,polynomial_ridge_interactions,0.855,-0.0011734044495891032,-0.00216351591574501,False,False
300,0,genuine_increment,True,polynomial_ridge,0.005,0.04800202761383876,0.041493757363833095,True,True
300,0,genuine_increment,True,polynomial_ridge_interactions,0.005,0.0482364772970237,0.041588248044875355,True,True
300,1,null_metric,False,polynomial_ridge,0.4,-0.00117427705811253,-0.001158066375682153,False,False
300,1,null_metric,False,polynomial_ridge_interactions,0.34,-0.00024736088475262735,-0.0004917546594423508,False,False
300,1,nonlinear_proxy,False,polynomial_ridge,0.44,7.714735953071039e-05,-0.00015662716809615256,False,False
300,1,nonlinear_proxy,False,polynomial_ridge_interactions,0.655,0.00012155474906034702,-0.00015190341596942915,False,False
300,1,heteroskedastic_null,False,polynomial_ridge,0.34,5.160180036474331e-05,-0.0004570779220820554,False,False
300,1,heteroskedastic_null,False,polynomial_ridge_interactions,0.335,1.8981763106589583e-06,-0.00022060061123184833,False,False
300,1,clustered_null,False,polynomial_ridge,0.635,-0.0018355365046053215,-0.002888374805821701,False,False
300,1,clustered_null,False,polynomial_ridge_interactions,0.46,-0.00021570581045804275,-0.0014761759011244408,False,False
300,1,genuine_increment,True,polynomial_ridge,0.005,0.041623449204089565,0.03557175325053948,True,True
300,1,genuine_increment,True,polynomial_ridge_interactions,0.005,0.04127885210751915,0.03446821308582704,True,True
300,2,null_metric,False,polynomial_ridge,0.48,-0.001435771262383971,-0.0013502663210422632,False,False
300,2,null_metric,False,polynomial_ridge_interactions,0.31,-0.00025859680041619496,-0.0006672964532360564,False,False
300,2,nonlinear_proxy,False,polynomial_ridge,0.21,0.00026793741046957954,-0.00011423437079285388,False,False
300,2,nonlinear_proxy,False,polynomial_ridge_interactions,0.365,-0.00011934403101439284,-0.0002356879543477592,False,False
300,2,heteroskedastic_null,False,polynomial_ridge,0.815,-0.00018178659695386283,-0.0004241478435913798,False,False
300,2,heteroskedastic_null,False,polynomial_ridge_interactions,0.685,-0.0001759689773501525,-0.00017431517697359512,False,False
300,2,clustered_null,False,polynomial_ridge,0.7,-0.00027310616219471465,-0.004262562473234016,False,False
300,2,clustered_null,False,polynomial_ridge_interactions,0.94,-0.00048383165756980817,-0.0029941166977180034,False,False
300,2,genuine_increment,True,polynomial_ridge,0.005,0.040694746211495374,0.03471866933375924,True,True
300,2,genuine_increment,True,polynomial_ridge_interactions,0.005,0.04036048528328954,0.03456385304642812,True,True
300,3,null_metric,False,polynomial_ridge,0.98,1.0685520331409765e-05,-0.0010241614300460968,False,False
300,3,null_metric,False,polynomial_ridge_interactions,0.73,-0.0002780664442450474,-0.0004563669239585065,False,False
300,3,nonlinear_proxy,False,polynomial_ridge,0.645,-1.6658757258216327e-05,-0.0003094040620279778,False,False
300,3,nonlinear_proxy,False,polynomial_ridge_interactions,0.43,-0.00010577652117433993,-0.0002165919951895176,False,False
300,3,heteroskedastic_null,False,polynomial_ridge,0.23,-0.0001500666054846736,-0.0004510287990973175,False,False
300,3,heteroskedastic_null,False,polynomial_ridge_interactions,0.63,-0.00018542559306108063,-0.0002729754527966342,False,False
300,3,clustered_null,False,polynomial_ridge,0.25,-0.0021032556278019823,-0.003526476999719204,False,False
300,3,clustered_null,False,polynomial_ridge_interactions,0.73,-0.0005438696324300898,-0.002214693397129769,False,False
300,3,genuine_increment,True,polynomial_ridge,0.005,0.043722637800233305,0.03627163057635179,True,True
300,3,genuine_increment,True,polynomial_ridge_interactions,0.005,0.04370764279026659,0.03460246860409254,True,True
300,4,null_metric,False,polynomial_ridge,0.13,-0.000413718619785404,-0.0013465042854855023,False,False
300,4,null_metric,False,polynomial_ridge_interactions,0.215,-0.00040810927271716507,-0.0006101840808548393,False,False
300,4,nonlinear_proxy,False,polynomial_ridge,0.585,-0.00016109978047708622,-0.00030350378075819166,False,False
300,4,nonlinear_proxy,False,polynomial_ridge_interactions,0.75,-8.677045482925923e-05,-0.00020213383729175395,False,False
300,4,heteroskedastic_null,False,polynomial_ridge,0.485,-0.00042992322727192916,-0.000847276420934786,False,False
300,4,heteroskedastic_null,False,polynomial_ridge_interactions,0.735,-8.443690655675004e-05,-0.00029496023031478724,False,False
300,4,clustered_null,False,polynomial_ridge,0.24,-0.0026044872214909635,-0.00379973989858294,False,False
300,4,clustered_null,False,polynomial_ridge_interactions,0.285,-0.00028504957639189504,-0.004260193388056462,False,False
300,4,genuine_increment,True,polynomial_ridge,0.005,0.04067768448634995,0.0322724141703649,True,True
300,4,genuine_increment,True,polynomial_ridge_interactions,0.005,0.04175492885612641,0.033638352558788304,True,True
300,5,null_metric,False,polynomial_ridge,0.55,-0.0005239029959547004,-0.0007964951304619468,False,False
300,5,null_metric,False,polynomial_ridge_interactions,0.775,-7.791585757068939e-05,-0.0003340479477544411,False,False
300,5,nonlinear_proxy,False,polynomial_ridge,0.58,-0.0001591316140369843,-0.00037639501099554856,False,False
300,5,nonlinear_proxy,False,polynomial_ridge_interactions,0.61,-2.6138183043275184e-05,-0.00018519802154107022,False,False
300,5,heteroskedastic_null,False,polynomial_ridge,0.725,-0.0004261371762545301,-0.0005506245174442965,False,False
300,5,heteroskedastic_null,False,polynomial_ridge_interactions,0.97,-9.06230816768959e-05,-0.0001742947587929121,False,False
300,5,clustered_null,False,polynomial_ridge,0.695,0.00040803170556576694,-0.004928815037194416,False,False
300,5,clustered_null,False,polynomial_ridge_interactions,0.995,-0.0010152434675051326,-0.0022003237905845884,False,False
300,5,genuine_increment,True,polynomial_ridge,0.005,0.04394422686057454,0.03746135292579246,True,True
300,5,genuine_increment,True,polynomial_ridge_interactions,0.005,0.04386935835552934,0.03610438977482719,True,True
300,6,null_metric,False,polynomial_ridge,0.97,-0.0007267627721905985,-0.0014914644019514316,False,False
300,6,null_metric,False,polynomial_ridge_interactions,0.945,-0.00017398309849214408,-0.0005380212042576744,False,False
300,6,nonlinear_proxy,False,polynomial_ridge,0.2,-0.00016224903692918166,-0.00017923492954668015,False,False
300,6,nonlinear_proxy,False,polynomial_ridge_interactions,0.2,-0.00012246249646167152,-0.00021750647313088122,False,False
300,6,heteroskedastic_null,False,polynomial_ridge,0.09,-0.0001395770717113453,-0.00043015170972982003,False,False
300,6,heteroskedastic_null,False,polynomial_ridge_interactions,0.025,-3.692340322148345e-05,-0.00014285387773538993,False,False
300,6,clustered_null,False,polynomial_ridge,0.425,-0.0035200151583533804,-0.00845918170622011,False,False
300,6,clustered_null,False,polynomial_ridge_interactions,0.21,-0.0021322529374890598,-0.0038892268293144695,False,False
300,6,genuine_increment,True,polynomial_ridge,0.005,0.033453025697413846,0.02620386414810486,True,True
300,6,genuine_increment,True,polynomial_ridge_interactions,0.005,0.03309549431026884,0.02645740267665419,True,True
300,7,null_metric,False,polynomial_ridge,0.63,-0.00035131938084689493,-0.0008467307181599249,False,False
300,7,null_metric,False,polynomial_ridge_interactions,0.735,-0.0004595096535294739,-0.0003729437504858357,False,False
300,7,nonlinear_proxy,False,polynomial_ridge,0.545,4.011059806635544e-05,-0.00016048555049668982,False,False
300,7,nonlinear_proxy,False,polynomial_ridge_interactions,0.375,-0.00011695637617199859,-0.00017570095361872147,False,False
300,7,heteroskedastic_null,False,polynomial_ridge,0.79,-4.471626521699353e-05,-0.0005200383307439485,False,False
300,7,heteroskedastic_null,False,polynomial_ridge_interactions,0.845,-8.040057358856684e-05,-0.0002970908207324026,False,False
300,7,clustered_null,False,polynomial_ridge,0.745,-0.00252809168872814,-0.0037859868124530145,False,False
300,7,clustered_null,False,polynomial_ridge_interactions,0.985,-0.0016956402331670638,-0.0034800532930221333,False,False
300,7,genuine_increment,True,polynomial_ridge,0.005,0.04406357692213734,0.03519570942496292,True,True
300,7,genuine_increment,True,polynomial_ridge_interactions,0.005,0.04228807293856452,0.03487875880980658,True,True
300,8,null_metric,False,polynomial_ridge,0.34,-0.0011164933793995982,-0.0013341532593181464,False,False
300,8,null_metric,False,polynomial_ridge_interactions,0.665,-0.0003427148073940692,-0.0005870785171543765,False,False
300,8,nonlinear_proxy,False,polynomial_ridge,0.03,1.5086521346450478e-05,-0.0003425108071121646,False,False
300,8,nonlinear_proxy,False,polynomial_ridge_interactions,0.08,-0.00012900584051304606,-0.00017479731786415028,False,False
300,8,heteroskedastic_null,False,polynomial_ridge,0.87,-0.00045442473394368896,-0.0004715844468702043,False,False
300,8,heteroskedastic_null,False,polynomial_ridge_interactions,0.83,-0.00011254115292763829,-0.0002580960381606629,False,False
300,8,clustered_null,False,polynomial_ridge,0.78,-0.0012185715865683008,-0.003226759275573965,False,False
300,8,clustered_null,False,polynomial_ridge_interactions,0.475,-0.00014960683179351258,-0.0022124574419115197,False,False
300,8,genuine_increment,True,polynomial_ridge,0.005,0.03838056844823181,0.03187850207801364,True,True
300,8,genuine_increment,True,polynomial_ridge_interactions,0.005,0.03823801727112461,0.029830565842360844,True,True
300,9,null_metric,False,polynomial_ridge,0.01,-0.0001554605141981455,-0.0007656814511753999,False,False
300,9,null_metric,False,polynomial_ridge_interactions,0.02,2.8690871750107483e-05,-0.000372161823231084,False,False
300,9,nonlinear_proxy,False,polynomial_ridge,0.285,-1.4000693188430391e-05,-0.00027695061567604225,False,False
300,9,nonlinear_proxy,False,polynomial_ridge_interactions,0.345,-3.767576178564762e-05,-0.00021643740646228412,False,False
300,9,heteroskedastic_null,False,polynomial_ridge,0.35,-5.25536619563104e-05,-0.00025436394792268904,False,False
300,9,heteroskedastic_null,False,polynomial_ridge_interactions,0.44,-4.85631017991062e-05,-0.00018622424884030863,False,False
300,9,clustered_null,False,polynomial_ridge,0.08,-0.00183312293194628,-0.003125334505595264,False,False
300,9,clustered_null,False,polynomial_ridge_interactions,0.105,-0.0001727759477478403,-0.0015203689253499107,False,False
300,9,genuine_increment,True,polynomial_ridge,0.005,0.044554905578624515,0.03691370185339802,True,True
300,9,genuine_increment,True,polynomial_ridge_interactions,0.005,0.042831593838405485,0.034459311162708804,True,True
300,10,null_metric,False,polynomial_ridge,0.81,-0.000405687954166567,-0.0011703003324259945,False,False
300,10,null_metric,False,polynomial_ridge_interactions,0.805,5.312549373787806e-05,-0.000375324402902987,False,False
300,10,nonlinear_proxy,False,polynomial_ridge,0.42,-0.00020268201204716278,-0.0003204538254089319,False,False
300,10,nonlinear_proxy,False,polynomial_ridge_interactions,0.39,-0.00013210963511942585,-0.0002493769577965203,False,False
300,10,heteroskedastic_null,False,polynomial_ridge,0.43,-0.0003178294171558727,-0.0003628218363264449,False,False
300,10,heteroskedastic_null,False,polynomial_ridge_interactions,0.575,-8.683681125458507e-05,-0.0001591375226838581,False,False
300,10,clustered_null,False,polynomial_ridge,0.285,5.274894062157198e-06,-0.0033014810018356486,False,False
300,10,clustered_null,False,polynomial_ridge_interactions,0.48,-0.0008991571936195729,-0.0018410979268878636,False,False
300,10,genuine_increment,True,polynomial_ridge,0.005,0.04260486724362632,0.035504382515656366,True,True
300,10,genuine_increment,True,polynomial_ridge_interactions,0.005,0.04073955829702092,0.03336788603720492,True,True
300,11,null_metric,False,polynomial_ridge,0.505,-0.0008636103951951898,-0.0012892522754996791,False,False
300,11,null_metric,False,polynomial_ridge_interactions,0.395,-0.0003330302955181913,-0.0006521979502019275,False,False
300,11,nonlinear_proxy,False,polynomial_ridge,0.505,-8.780650703748161e-05,-0.0003314207309344337,False,False
300,11,nonlinear_proxy,False,polynomial_ridge_interactions,0.755,-2.2421501546377245e-05,-0.0002501426681536487,False,False
300,11,heteroskedastic_null,False,polynomial_ridge,0.89,-0.00036676464155335764,-0.000585851313398561,False,False
300,11,heteroskedastic_null,False,polynomial_ridge_interactions,0.895,-1.027214743536467e-05,-0.0002609533609711303,False,False
300,11,clustered_null,False,polynomial_ridge,0.54,-0.004565879014235934,-0.0069485243599120795,False,False
300,11,clustered_null,False,polynomial_ridge_interactions,0.42,-0.003339520209890208,-0.003797593787311991,False,False
300,11,genuine_increment,True,polynomial_ridge,0.005,0.04148134090047486,0.0336755344191306,True,True
300,11,genuine_increment,True,polynomial_ridge_interactions,0.005,0.041649052892944086,0.03330384083947454,True,True
300,12,null_metric,False,polynomial_ridge,0.965,-0.0005038032218676429,-0.0012687733018016778,False,False
300,12,null_metric,False,polynomial_ridge_interactions,0.78,-6.0384378293355107e-05,-0.0005154594208220304,False,False
300,12,nonlinear_proxy,False,polynomial_ridge,0.15,7.890458337778822e-05,-7.935180546936176e-05,False,False
300,12,nonlinear_proxy,False,polynomial_ridge_interactions,0.16,7.845854504681324e-05,-0.00010289155963554009,False,False
300,12,heteroskedastic_null,False,polynomial_ridge,0.895,-0.00015757939008226134,-0.0004340751708442034,False,False
300,12,heteroskedastic_null,False,polynomial_ridge_interactions,0.725,-7.11401890978406e-05,-0.00015125330613236328,False,False
300,12,clustered_null,False,polynomial_ridge,0.445,-0.000507320667644532,-0.0036579805592987596,False,False
300,12,clustered_null,False,polynomial_ridge_interactions,0.555,-0.002043148446541125,-0.002351221838477659,False,False
300,12,genuine_increment,True,polynomial_ridge,0.005,0.043585878487542216,0.03537914094308673,True,True
300,12,genuine_increment,True,polynomial_ridge_interactions,0.005,0.04314938410053404,0.0358668682788627,True,True
300,13,null_metric,False,polynomial_ridge,0.09,-5.748357716999636e-05,-0.0005693629218148245,False,False
300,13,null_metric,False,polynomial_ridge_interactions,0.2,0.00018604405167768276,-0.00024303700550063373,False,False
300,13,nonlinear_proxy,False,polynomial_ridge,0.145,9.48693138124717e-05,-9.379687046824278e-05,False,False
300,13,nonlinear_proxy,False,polynomial_ridge_interactions,0.395,-2.7565504289832343e-05,-0.00016670070368264244,False,False
300,13,heteroskedastic_null,False,polynomial_ridge,0.9,1.9980853195726914e-05,-0.0007480645191714592,False,False
300,13,heteroskedastic_null,False,polynomial_ridge_interactions,0.69,-0.00010986652708830369,-0.000237103698282523,False,False
300,13,clustered_null,False,polynomial_ridge,0.99,5.291983660268493e-05,-0.0019305676999395803,False,False
300,13,clustered_null,False,polynomial_ridge_interactions,0.555,-0.0014640717594232716,-0.0015161690122138226,False,False
300,13,genuine_increment,True,polynomial_ridge,0.005,0.04428664721855256,0.0365077122356716,True,True
300,13,genuine_increment,True,polynomial_ridge_interactions,0.005,0.04411909186194332,0.03620470976112947,True,True
300,14,null_metric,False,polynomial_ridge,0.995,-0.0011795551880983829,-0.0014785127700426546,False,False
300,14,null_metric,False,polynomial_ridge_interactions,0.98,-0.00014005066995409488,-0.0005458827344199497,False,False
300,14,nonlinear_proxy,False,polynomial_ridge,0.615,-2.008938493728435e-06,-0.0002444412619090052,False,False
300,14,nonlinear_proxy,False,polynomial_ridge_interactions,0.545,-5.789571660018249e-05,-0.00016399913638332408,False,False
300,14,heteroskedastic_null,False,polynomial_ridge,0.755,-0.00019730059274838865,-0.0004714697796933971,False,False
300,14,heteroskedastic_null,False,polynomial_ridge_interactions,0.55,-8.146470406540478e-05,-0.00016080690667261976,False,False
300,14,clustered_null,False,polynomial_ridge,0.855,-0.0028765942986867486,-0.004216242100078575,False,False
300,14,clustered_null,False,polynomial_ridge_interactions,0.14,0.0007577071321554461,-0.0007832275475756119,False,False
300,14,genuine_increment,True,polynomial_ridge,0.005,0.04258192479936708,0.032886246934382114,True,True
300,14,genuine_increment,True,polynomial_ridge_interactions,0.005,0.0432296646376019,0.03475475265815514,True,True
300,15,null_metric,False,polynomial_ridge,0.92,-0.00024508214568604025,-0.0006812667576676262,False,False
300,15,null_metric,False,polynomial_ridge_interactions,0.97,0.00012240266625113475,-0.00032159653459580757,False,False
300,15,nonlinear_proxy,False,polynomial_ridge,0.865,-0.00021282185461430486,-0.0003217233085035691,False,False
300,15,nonlinear_proxy,False,polynomial_ridge_interactions,0.785,-0.0005744394404246919,-0.0002461303553019056,False,False
300,15,heteroskedastic_null,False,polynomial_ridge,0.565,7.453427684991215e-05,-0.0003604274172268276,False,False
300,15,heteroskedastic_null,False,polynomial_ridge_interactions,0.58,3.369670994009602e-05,-0.00015584739822117714,False,False
300,15,clustered_null,False,polynomial_ridge,0.715,-0.002558201307980717,-0.004432147388316997,False,False
300,15,clustered_null,False,polynomial_ridge_interactions,0.5,-0.0008049531043564442,-0.0020650248401544325,False,False
300,15,genuine_increment,True,polynomial_ridge,0.005,0.044564454840786805,0.035890683346176,True,True
300,15,genuine_increment,True,polynomial_ridge_interactions,0.005,0.04626616506158192,0.036225381276990175,True,True
300,16,null_metric,False,polynomial_ridge,0.66,-0.0005712959083434242,-0.001090494956655497,False,False
300,16,null_metric,False,polynomial_ridge_interactions,0.36,-0.0002872783143750314,-0.00042780691888450633,False,False
300,16,nonlinear_proxy,False,polynomial_ridge,0.09,6.269667204391802e-05,-0.00023847999303466014,False,False
300,16,nonlinear_proxy,False,polynomial_ridge_interactions,0.11,1.4095157986540076e-05,-8.635698591633075e-05,False,False
300,16,heteroskedastic_null,False,polynomial_ridge,0.15,-0.00037350653493983983,-0.0005270714714346855,False,False
300,16,heteroskedastic_null,False,polynomial_ridge_interactions,0.3,-2.3583514215802515e-06,-0.00023779640529069675,False,False
300,16,clustered_null,False,polynomial_ridge,0.51,-0.0032516475110435997,-0.0032978561845438672,False,False
300,16,clustered_null,False,polynomial_ridge_interactions,0.985,-0.0005688477616812848,-0.0021118185442917103,False,False
300,16,genuine_increment,True,polynomial_ridge,0.005,0.05038487934092976,0.04269483690112288,True,True
300,16,genuine_increment,True,polynomial_ridge_interactions,0.005,0.04837923614907471,0.03874894199948255,True,True
300,17,null_metric,False,polynomial_ridge,0.545,-0.0004855826856223419,-0.0010023407794311227,False,False
300,17,null_metric,False,polynomial_ridge_interactions,0.65,-3.6921181612047105e-05,-0.000561578228926955,False,False
300,17,nonlinear_proxy,False,polynomial_ridge,0.64,-0.00013832412079670554,-0.0003241017700784361,False,False
300,17,nonlinear_proxy,False,polynomial_ridge_interactions,0.34,1.3966228698402902e-05,-0.000246734320317526,False,False
300,17,heteroskedastic_null,False,polynomial_ridge,0.235,3.2265404045118615e-05,-0.0002900018087049924,False,False
300,17,heteroskedastic_null,False,polynomial_ridge_interactions,0.27,2.7978827345565005e-05,-0.00012559368006370887,False,False
300,17,clustered_null,False,polynomial_ridge,0.475,-0.003166944363918841,-0.0033888312601286674,False,False
300,17,clustered_null,False,polynomial_ridge_interactions,0.59,-0.0014326839471004715,-0.0032840531957012012,False,False
300,17,genuine_increment,True,polynomial_ridge,0.005,0.047083678920480695,0.03904866874561571,True,True
300,17,genuine_increment,True,polynomial_ridge_interactions,0.005,0.047523662563485655,0.03794003227597898,True,True
300,18,null_metric,False,polynomial_ridge,0.995,0.00010523408320929975,-0.00028354580530877535,False,False
300,18,null_metric,False,polynomial_ridge_interactions,0.955,-0.00029282460848776073,-0.0004016652890810412,False,False
300,18,nonlinear_proxy,False,polynomial_ridge,0.13,0.00025482726933393363,-0.0001809440969306618,False,False
300,18,nonlinear_proxy,False,polynomial_ridge_interactions,0.13,-1.2207057586819184e-05,-0.00013783045530693338,False,False
300,18,heteroskedastic_null,False,polynomial_ridge,0.935,-0.0003396401379419066,-0.0007521317927620466,False,False
300,18,heteroskedastic_null,False,polynomial_ridge_interactions,0.71,-0.00026628928143297877,-0.00038318434098435816,False,False
300,18,clustered_null,False,polynomial_ridge,0.15,-0.0015135900690587054,-0.003506331846908818,False,False
300,18,clustered_null,False,polynomial_ridge_interactions,0.265,-0.00025969455236021094,-0.0021503991165734097,False,False
300,18,genuine_increment,True,polynomial_ridge,0.005,0.03518292246617031,0.029421107937400246,True,True
300,18,genuine_increment,True,polynomial_ridge_interactions,0.005,0.03554155619612566,0.03087791452509688,True,True
300,19,null_metric,False,polynomial_ridge,0.96,-0.0007802807044804162,-0.0010302876002356001,False,False
300,19,null_metric,False,polynomial_ridge_interactions,0.87,2.083524521613936e-05,-0.0005291528203251232,False,False
300,19,nonlinear_proxy,False,polynomial_ridge,0.88,8.734872159312825e-05,-0.00021369455264099208,False,False
300,19,nonlinear_proxy,False,polynomial_ridge_interactions,0.895,-1.6753834577732003e-05,-0.00015318557468246068,False,False
300,19,heteroskedastic_null,False,polynomial_ridge,0.65,-0.00017818288129735696,-0.0004694407828476789,False,False
300,19,heteroskedastic_null,False,polynomial_ridge_interactions,0.355,2.970770083961672e-05,-0.00014983572065145837,False,False
300,19,clustered_null,False,polynomial_ridge,0.84,-0.00256608791939213,-0.006114108946702056,False,False
300,19,clustered_null,False,polynomial_ridge_interactions,0.875,-0.0019407229376601325,-0.0039197325445644296,False,False
300,19,genuine_increment,True,polynomial_ridge,0.005,0.04122460409410679,0.032699440340456944,True,True
300,19,genuine_increment,True,polynomial_ridge_interactions,0.005,0.04026545043288307,0.03305571722923629,True,True
300,20,null_metric,False,polynomial_ridge,0.16,-0.0001691974735976154,-0.0012484899415920448,False,False
300,20,null_metric,False,polynomial_ridge_interactions,0.105,0.00020962302410073783,-0.0005091044561750609,False,False
300,20,nonlinear_proxy,False,polynomial_ridge,0.76,-0.0001755041549857811,-0.0005982160692292258,False,False
300,20,nonlinear_proxy,False,polynomial_ridge_interactions,0.48,-0.00012589350607074105,-0.0004260235022192962,False,False
300,20,heteroskedastic_null,False,polynomial_ridge,0.01,-0.00023192240846471417,-0.0005096109663395018,False,False
300,20,heteroskedastic_null,False,polynomial_ridge_interactions,0.01,-7.543011329554788e-05,-0.0001662180308165894,False,False
300,20,clustered_null,False,polynomial_ridge,0.85,-0.001700053059427574,-0.0038401645104032484,False,False
300,20,clustered_null,False,polynomial_ridge_interactions,0.905,-0.0006713223005835687,-0.0017195560798360778,False,False
300,20,genuine_increment,True,polynomial_ridge,0.005,0.038422561233243224,0.032484612485549416,True,True
300,20,genuine_increment,True,polynomial_ridge_interactions,0.005,0.036979617056867364,0.03125032122527261,True,True
300,21,null_metric,False,polynomial_ridge,0.505,-0.0004055578518370635,-0.0006280362051584359,False,False
300,21,null_metric,False,polynomial_ridge_interactions,0.36,6.575592154996202e-05,-0.000311653198370041,False,False
300,21,nonlinear_proxy,False,polynomial_ridge,0.01,5.173943308673344e-05,-0.00012746417454506464,False,False
300,21,nonlinear_proxy,False,polynomial_ridge_interactions,0.06,3.562012260626465e-05,-0.00012428658158320578,False,False
300,21,heteroskedastic_null,False,polynomial_ridge,0.29,-0.0001339980881438184,-0.0004614886052241004,False,False
300,21,heteroskedastic_null,False,polynomial_ridge_interactions,0.245,-0.00013007682731746347,-0.00024410136339266778,False,False
300,21,clustered_null,False,polynomial_ridge,0.735,-0.0003038707827416019,-0.0026716745539941433,False,False
300,21,clustered_null,False,polynomial_ridge_interactions,0.57,-0.0012587065923533904,-0.0025246213327467784,False,False
300,21,genuine_increment,True,polynomial_ridge,0.005,0.04365841103020578,0.03681151646378781,True,True
300,21,genuine_increment,True,polynomial_ridge_interactions,0.005,0.04431551758665673,0.03646192543799082,True,True
300,22,null_metric,False,polynomial_ridge,0.275,-0.00032762514389801656,-0.0010257112761818741,False,False
300,22,null_metric,False,polynomial_ridge_interactions,0.555,3.412644996514391e-05,-0.0003653561502135529,False,False
300,22,nonlinear_proxy,False,polynomial_ridge,0.36,-0.00026899536019770603,-0.000464782128735168,False,False
300,22,nonlinear_proxy,False,polynomial_ridge_interactions,0.15,-3.901165937175103e-05,-0.0002534968608736363,False,False
300,22,heteroskedastic_null,False,polynomial_ridge,0.965,-0.00011777106189798069,-0.0004087561032087902,False,False
300,22,heteroskedastic_null,False,polynomial_ridge_interactions,0.9,-5.8432268312171715e-06,-0.00021359331946545126,False,False
300,22,clustered_null,False,polynomial_ridge,0.075,-0.0011530831542075001,-0.00434589520735608,False,False
300,22,clustered_null,False,polynomial_ridge_interactions,0.44,-0.003449103958564556,-0.0036961452319257022,False,False
300,22,genuine_increment,True,polynomial_ridge,0.005,0.039274252353192415,0.03268443168349646,True,True
300,22,genuine_increment,True,polynomial_ridge_interactions,0.005,0.039941575341468964,0.03234305067322269,True,True
300,23,null_metric,False,polynomial_ridge,0.74,-0.0004908244830163222,-0.0013608360249293078,False,False
300,23,null_metric,False,polynomial_ridge_interactions,0.85,7.90517801976115e-05,-0.00044665308787722577,False,False
300,23,nonlinear_proxy,False,polynomial_ridge,0.345,-1.6718111004928107e-05,-0.00021376382562526348,False,False
300,23,nonlinear_proxy,False,polynomial_ridge_interactions,0.115,0.00020365374194263475,-9.445442542654848e-05,False,False
300,23,heteroskedastic_null,False,polynomial_ridge,0.825,6.649684178934925e-06,-0.00027978945762552554,False,False
300,23,heteroskedastic_null,False,polynomial_ridge_interactions,0.59,-5.214943643154675e-05,-0.00019340648194327102,False,False
300,23,clustered_null,False,polynomial_ridge,0.165,-0.0011287125486999817,-0.004181656860987612,False,False
300,23,clustered_null,False,polynomial_ridge_interactions,0.11,-0.0007162574848819103,-0.00230974459713859,False,False
300,23,genuine_increment,True,polynomial_ridge,0.005,0.039978126334366856,0.032921871705812435,True,True
300,23,genuine_increment,True,polynomial_ridge_interactions,0.005,0.040748489049590025,0.03162302704583867,True,True
300,24,null_metric,False,polynomial_ridge,0.04,-0.00047149137759237153,-0.0010550313636863773,False,False
300,24,null_metric,False,polynomial_ridge_interactions,0.02,-0.00010774947766453713,-0.00039172192238083966,False,False
300,24,nonlinear_proxy,False,polynomial_ridge,0.675,-8.321264630449521e-05,-0.0003206288631711539,False,False
300,24,nonlinear_proxy,False,polynomial_ridge_interactions,0.965,-7.286672218439344e-05,-0.0001539443980393208,False,False
300,24,heteroskedastic_null,False,polynomial_ridge,0.895,-6.487753857576176e-05,-0.00041518294332480813,False,False
300,24,heteroskedastic_null,False,polynomial_ridge_interactions,0.78,-3.3686089923618684e-06,-0.00015065399741056256,False,False
300,24,clustered_null,False,polynomial_ridge,0.25,-0.0037402091540618444,-0.0048180123376829614,False,False
300,24,clustered_null,False,polynomial_ridge_interactions,0.345,-0.001200608830183969,-0.002647693322435692,False,False
300,24,genuine_increment,True,polynomial_ridge,0.005,0.04818837920760727,0.04289509146510309,True,True
300,24,genuine_increment,True,polynomial_ridge_interactions,0.005,0.048947538111961675,0.04157186404084459,True,True
