protocol_id,baseline,scenario,reliability,beta,repetition,wild_draws,status,n_groups,orthogonal_wild_p,orthogonal_score_mean,partial_rank_slope,supported,positive_supported
mbe3-pgdl-transfer-confirmation-v2,B1_design,additive_proxy_null,0.3,0.0,0,4999,estimated,240,0.0768,-0.006432549992460204,-0.09484059001405344,False,False
mbe3-pgdl-transfer-confirmation-v2,B1_design,additive_proxy_null,0.3,0.0,1,4999,estimated,240,0.0026,0.013880614896723322,0.1911446852688647,False,False
mbe3-pgdl-transfer-confirmation-v2,B1_design,additive_proxy_null,0.3,0.0,2,4999,estimated,240,0.6424,0.002170530721776252,0.02772581559414099,False,False
mbe3-pgdl-transfer-confirmation-v2,B1_design,additive_proxy_null,0.3,0.0,3,4999,estimated,240,0.4464,0.0032996089946248836,0.04266407002113462,False,False
mbe3-pgdl-transfer-confirmation-v2,B1_design,additive_proxy_null,0.3,0.0,4,4999,estimated,240,0.3528,-0.0038482251006919906,-0.05876799809196163,False,False
mbe3-pgdl-transfer-confirmation-v2,B1_design,additive_proxy_null,0.3,0.0,5,4999,estimated,240,0.4214,-0.0038206238109297786,-0.054357575309703386,False,False
mbe3-pgdl-transfer-confirmation-v2,B1_design,additive_proxy_null,0.3,0.0,6,4999,estimated,240,0.0094,-0.010675293076052873,-0.1528261830522617,False,False
mbe3-pgdl-transfer-confirmation-v2,B1_design,additive_proxy_null,0.3,0.0,7,4999,estimated,240,0.3366,-0.004019417609709356,-0.059270905881321084,False,False
mbe3-pgdl-transfer-confirmation-v2,B1_design,additive_proxy_null,0.3,0.0,8,4999,estimated,240,0.3212,-0.00463665735102575,-0.06170729654492477,False,False
mbe3-pgdl-transfer-confirmation-v2,B1_design,additive_proxy_null,0.3,0.0,9,4999,estimated,240,0.2274,-0.004801481953114912,-0.06718730003409937,False,False
mbe3-pgdl-transfer-confirmation-v2,B1_design,additive_proxy_null,0.3,0.0,10,4999,estimated,240,0.0078,-0.010691359037634936,-0.18129508753175028,False,False
mbe3-pgdl-transfer-confirmation-v2,B1_design,additive_proxy_null,0.3,0.0,11,4999,estimated,240,0.979,0.00011671417774519558,0.0018210451297003673,False,False
mbe3-pgdl-transfer-confirmation-v2,B1_design,additive_proxy_null,0.3,0.0,12,4999,estimated,240,0.038,0.00968142503062707,0.13067891996169603,False,False
mbe3-pgdl-transfer-confirmation-v2,B1_design,additive_proxy_null,0.3,0.0,13,4999,estimated,240,0.6578,-0.0018899787436860499,-0.025023125153374418,False,False
mbe3-pgdl-transfer-confirmation-v2,B1_design,additive_proxy_null,0.3,0.0,14,4999,estimated,240,0.8912,-0.0006132227196780356,-0.009065174851757766,False,False
mbe3-pgdl-transfer-confirmation-v2,B1_design,additive_proxy_null,0.3,0.0,15,4999,estimated,240,0.4622,0.0031081775743905496,0.05234560189724991,False,False
mbe3-pgdl-transfer-confirmation-v2,B1_design,additive_proxy_null,0.3,0.0,16,4999,estimated,240,0.0226,0.009679585748349392,0.12104801125791523,False,False
mbe3-pgdl-transfer-confirmation-v2,B1_design,additive_proxy_null,0.3,0.0,17,4999,estimated,240,0.0598,-0.00745392024826105,-0.1098738011920622,False,False
mbe3-pgdl-transfer-confirmation-v2,B1_design,additive_proxy_null,0.3,0.0,18,4999,estimated,240,0.12,0.007941980666993526,0.0948411704459326,False,False
mbe3-pgdl-transfer-confirmation-v2,B1_design,additive_proxy_null,0.3,0.0,19,4999,estimated,240,0.5736,0.002114250210182728,0.03398118723450691,False,False
mbe3-pgdl-transfer-confirmation-v2,B1_design,additive_proxy_null,0.3,0.0,20,4999,estimated,240,0.0244,0.01000095915782916,0.14731331922017787,False,False
mbe3-pgdl-transfer-confirmation-v2,B1_design,additive_proxy_null,0.3,0.0,21,4999,estimated,240,0.1664,0.005618943957252554,0.09487722973458017,False,False
mbe3-pgdl-transfer-confirmation-v2,B1_design,additive_proxy_null,0.3,0.0,22,4999,estimated,240,0.889,0.0005232894500620537,0.008032794621191296,False,False
mbe3-pgdl-transfer-confirmation-v2,B1_design,additive_proxy_null,0.3,0.0,23,4999,estimated,240,0.0432,0.009498126634072979,0.12619589236356255,False,False
mbe3-pgdl-transfer-confirmation-v2,B1_design,additive_proxy_null,0.3,0.0,24,4999,estimated,240,0.0986,-0.006658329763351678,-0.09168379738165269,False,False
mbe3-pgdl-transfer-confirmation-v2,B1_design,additive_proxy_null,0.3,0.0,25,4999,estimated,240,0.6176,-0.002238249161356185,-0.03270823705085278,False,False
mbe3-pgdl-transfer-confirmation-v2,B1_design,additive_proxy_null,0.3,0.0,26,4999,estimated,240,0.675,0.0018477226389244706,0.026837094331371807,False,False
mbe3-pgdl-transfer-confirmation-v2,B1_design,additive_proxy_null,0.3,0.0,27,4999,estimated,240,0.1666,-0.005438439771367269,-0.08334905374226334,False,False
mbe3-pgdl-transfer-confirmation-v2,B1_design,additive_proxy_null,0.3,0.0,28,4999,estimated,240,0.0688,-0.008876579997363099,-0.12330428858516891,False,False
mbe3-pgdl-transfer-confirmation-v2,B1_design,additive_proxy_null,0.3,0.0,29,4999,estimated,240,0.6942,0.0015875617041147705,0.02551974492883683,False,False
mbe3-pgdl-transfer-confirmation-v2,B1_design,additive_proxy_null,0.3,0.0,30,4999,estimated,240,0.266,0.005141294479855101,0.0667836624859097,False,False
mbe3-pgdl-transfer-confirmation-v2,B1_design,additive_proxy_null,0.3,0.0,31,4999,estimated,240,0.353,0.004387070568922715,0.06480107840955884,False,False
mbe3-pgdl-transfer-confirmation-v2,B1_design,additive_proxy_null,0.3,0.0,32,4999,estimated,240,0.6328,-0.0023424008618887454,-0.03016554216317038,False,False
mbe3-pgdl-transfer-confirmation-v2,B1_design,additive_proxy_null,0.3,0.0,33,4999,estimated,240,0.6328,-0.002311790095930154,-0.03595349950082438,False,False
mbe3-pgdl-transfer-confirmation-v2,B1_design,additive_proxy_null,0.3,0.0,34,4999,estimated,240,0.2762,-0.004795142083381938,-0.06657482782703258,False,False
mbe3-pgdl-transfer-confirmation-v2,B1_design,additive_proxy_null,0.3,0.0,35,4999,estimated,240,0.3264,-0.004122762260666807,-0.057925919881825765,False,False
mbe3-pgdl-transfer-confirmation-v2,B1_design,additive_proxy_null,0.3,0.0,36,4999,estimated,240,0.902,0.0005188945764087769,0.00811387807786862,False,False
mbe3-pgdl-transfer-confirmation-v2,B1_design,additive_proxy_null,0.3,0.0,37,4999,estimated,240,0.323,-0.0038300940207567895,-0.05333656075837127,False,False
mbe3-pgdl-transfer-confirmation-v2,B1_design,additive_proxy_null,0.3,0.0,38,4999,estimated,240,0.9986,1.2991978531731267e-05,0.00016467755695921045,False,False
mbe3-pgdl-transfer-confirmation-v2,B1_design,additive_proxy_null,0.3,0.0,39,4999,estimated,240,0.1652,-0.005984061457924778,-0.09507292048139301,False,False
mbe3-pgdl-transfer-confirmation-v2,B1_design,additive_proxy_null,0.3,0.0,40,4999,estimated,240,0.5554,0.002151131925520624,0.031945753135377446,False,False
mbe3-pgdl-transfer-confirmation-v2,B1_design,additive_proxy_null,0.3,0.0,41,4999,estimated,240,0.512,-0.0025169071465173864,-0.03980978454446216,False,False
mbe3-pgdl-transfer-confirmation-v2,B1_design,additive_proxy_null,0.3,0.0,42,4999,estimated,240,0.9626,-0.0001944244924974515,-0.003062849664493002,False,False
mbe3-pgdl-transfer-confirmation-v2,B1_design,additive_proxy_null,0.3,0.0,43,4999,estimated,240,0.4804,-0.002985652150842908,-0.042213634525501455,False,False
mbe3-pgdl-transfer-confirmation-v2,B1_design,additive_proxy_null,0.3,0.0,44,4999,estimated,240,0.8646,-0.0006535545270950412,-0.010405066674490418,False,False
mbe3-pgdl-transfer-confirmation-v2,B1_design,additive_proxy_null,0.3,0.0,45,4999,estimated,240,0.229,-0.006005399425445948,-0.07858905998120164,False,False
mbe3-pgdl-transfer-confirmation-v2,B1_design,additive_proxy_null,0.3,0.0,46,4999,estimated,240,0.9816,0.00010630274364341815,0.0016076866415850992,False,False
mbe3-pgdl-transfer-confirmation-v2,B1_design,additive_proxy_null,0.3,0.0,47,4999,estimated,240,0.0976,0.0068328036832889264,0.10057758018093589,False,False
mbe3-pgdl-transfer-confirmation-v2,B1_design,additive_proxy_null,0.3,0.0,48,4999,estimated,240,0.5916,0.0025238343033522504,0.03509335692603697,False,False
mbe3-pgdl-transfer-confirmation-v2,B1_design,additive_proxy_null,0.3,0.0,49,4999,estimated,240,0.1542,0.006924468613467286,0.08927540847922229,False,False
mbe3-pgdl-transfer-confirmation-v2,B1_design,additive_proxy_null,0.3,0.0,50,4999,estimated,240,0.0468,-0.007423313240470423,-0.11014480009632703,False,False
mbe3-pgdl-transfer-confirmation-v2,B1_design,additive_proxy_null,0.3,0.0,51,4999,estimated,240,0.7406,0.0014704841782640712,0.020584400280823676,False,False
mbe3-pgdl-transfer-confirmation-v2,B1_design,additive_proxy_null,0.3,0.0,52,4999,estimated,240,0.4064,0.0034016651587071736,0.05649957093682989,False,False
mbe3-pgdl-transfer-confirmation-v2,B1_design,additive_proxy_null,0.3,0.0,53,4999,estimated,240,0.9488,0.00030832007491059775,0.00450436886951731,False,False
mbe3-pgdl-transfer-confirmation-v2,B1_design,additive_proxy_null,0.3,0.0,54,4999,estimated,240,0.499,0.0032507959805788958,0.043678903181462114,False,False
mbe3-pgdl-transfer-confirmation-v2,B1_design,additive_proxy_null,0.3,0.0,55,4999,estimated,240,0.4052,-0.0036526144909259334,-0.04893866675046109,False,False
mbe3-pgdl-transfer-confirmation-v2,B1_design,additive_proxy_null,0.3,0.0,56,4999,estimated,240,0.677,0.0017984380545727377,0.025197857682144248,False,False
mbe3-pgdl-transfer-confirmation-v2,B1_design,additive_proxy_null,0.3,0.0,57,4999,estimated,240,0.4678,0.002928094567095606,0.0407192504861331,False,False
mbe3-pgdl-transfer-confirmation-v2,B1_design,additive_proxy_null,0.3,0.0,58,4999,estimated,240,0.1048,0.006906795212676262,0.09963510537942499,False,False
mbe3-pgdl-transfer-confirmation-v2,B1_design,additive_proxy_null,0.3,0.0,59,4999,estimated,240,0.028,0.009978441347978659,0.15076528975183798,False,False
mbe3-pgdl-transfer-confirmation-v2,B1_design,additive_proxy_null,0.3,0.0,60,4999,estimated,240,0.6398,0.0018769274109521755,0.029932987934768458,False,False
mbe3-pgdl-transfer-confirmation-v2,B1_design,additive_proxy_null,0.3,0.0,61,4999,estimated,240,0.5288,0.002599975511074429,0.04434726925845156,False,False
mbe3-pgdl-transfer-confirmation-v2,B1_design,additive_proxy_null,0.3,0.0,62,4999,estimated,240,0.253,-0.004579923867019021,-0.06553011297215028,False,False
mbe3-pgdl-transfer-confirmation-v2,B1_design,additive_proxy_null,0.3,0.0,63,4999,estimated,240,0.4772,-0.0034748169475462,-0.05104469776221477,False,False
mbe3-pgdl-transfer-confirmation-v2,B1_design,additive_proxy_null,0.3,0.0,64,4999,estimated,240,0.5982,0.0024565175914827635,0.03302503316013713,False,False
mbe3-pgdl-transfer-confirmation-v2,B1_design,additive_proxy_null,0.3,0.0,65,4999,estimated,240,0.8376,0.0009075948331780941,0.013215994295013068,False,False
mbe3-pgdl-transfer-confirmation-v2,B1_design,additive_proxy_null,0.3,0.0,66,4999,estimated,240,0.5244,0.002551263452968632,0.03556100479609865,False,False
mbe3-pgdl-transfer-confirmation-v2,B1_design,additive_proxy_null,0.3,0.0,67,4999,estimated,240,0.3822,-0.0033764380485329084,-0.0579202641364786,False,False
mbe3-pgdl-transfer-confirmation-v2,B1_design,additive_proxy_null,0.3,0.0,68,4999,estimated,240,0.3968,-0.003287919915583772,-0.04631529862121219,False,False
mbe3-pgdl-transfer-confirmation-v2,B1_design,additive_proxy_null,0.3,0.0,69,4999,estimated,240,0.311,-0.004322396552674526,-0.06021892263659329,False,False
mbe3-pgdl-transfer-confirmation-v2,B1_design,additive_proxy_null,0.3,0.0,70,4999,estimated,240,0.7722,0.0011844594471593912,0.016846195849607004,False,False
mbe3-pgdl-transfer-confirmation-v2,B1_design,additive_proxy_null,0.3,0.0,71,4999,estimated,240,0.452,0.0033694405110129082,0.048185015587938695,False,False
mbe3-pgdl-transfer-confirmation-v2,B1_design,additive_proxy_null,0.3,0.0,72,4999,estimated,240,0.26,-0.00471212783804236,-0.06681258660278833,False,False
mbe3-pgdl-transfer-confirmation-v2,B1_design,additive_proxy_null,0.3,0.0,73,4999,estimated,240,0.606,-0.0020071703543673844,-0.030035164463619493,False,False
mbe3-pgdl-transfer-confirmation-v2,B1_design,additive_proxy_null,0.3,0.0,74,4999,estimated,240,0.7862,-0.0011195135873040723,-0.01699565219669463,False,False
mbe3-pgdl-transfer-confirmation-v2,B1_design,additive_proxy_null,0.3,0.0,75,4999,estimated,240,0.5624,-0.002434526544875948,-0.03386597332956101,False,False
mbe3-pgdl-transfer-confirmation-v2,B1_design,additive_proxy_null,0.3,0.0,76,4999,estimated,240,0.544,-0.0025426187093233435,-0.034289047053276,False,False
mbe3-pgdl-transfer-confirmation-v2,B1_design,additive_proxy_null,0.3,0.0,77,4999,estimated,240,0.1626,-0.006766916377993056,-0.08319139692532138,False,False
mbe3-pgdl-transfer-confirmation-v2,B1_design,additive_proxy_null,0.3,0.0,78,4999,estimated,240,0.2744,0.005205329308671824,0.07447137149906823,False,False
mbe3-pgdl-transfer-confirmation-v2,B1_design,additive_proxy_null,0.3,0.0,79,4999,estimated,240,0.9568,0.00021767757809375982,0.003118337051727978,False,False
mbe3-pgdl-transfer-confirmation-v2,B1_design,additive_proxy_null,0.3,0.0,80,4999,estimated,240,0.2336,0.005716619475833235,0.07391757473382528,False,False
mbe3-pgdl-transfer-confirmation-v2,B1_design,additive_proxy_null,0.3,0.0,81,4999,estimated,240,0.1948,-0.005576948943395218,-0.08401885331874964,False,False
mbe3-pgdl-transfer-confirmation-v2,B1_design,additive_proxy_null,0.3,0.0,82,4999,estimated,240,0.7976,0.0012283448526263674,0.015582664804229592,False,False
mbe3-pgdl-transfer-confirmation-v2,B1_design,additive_proxy_null,0.3,0.0,83,4999,estimated,240,0.5444,-0.002337028855908822,-0.037640323957244405,False,False
mbe3-pgdl-transfer-confirmation-v2,B1_design,additive_proxy_null,0.3,0.0,84,4999,estimated,240,0.2634,-0.004849406994866538,-0.060143852807944195,False,False
mbe3-pgdl-transfer-confirmation-v2,B1_design,additive_proxy_null,0.3,0.0,85,4999,estimated,240,0.6942,-0.0017089573986130379,-0.02455726904696311,False,False
mbe3-pgdl-transfer-confirmation-v2,B1_design,additive_proxy_null,0.3,0.0,86,4999,estimated,240,0.4898,0.0028292578110279427,0.04157524793658463,False,False
mbe3-pgdl-transfer-confirmation-v2,B1_design,additive_proxy_null,0.3,0.0,87,4999,estimated,240,0.0306,0.008838555616674968,0.12567483025037296,False,False
mbe3-pgdl-transfer-confirmation-v2,B1_design,additive_proxy_null,0.3,0.0,88,4999,estimated,240,0.967,-0.00016117412207428185,-0.002456958692033091,False,False
mbe3-pgdl-transfer-confirmation-v2,B1_design,additive_proxy_null,0.3,0.0,89,4999,estimated,240,0.0604,-0.007373357358024228,-0.10382944900060885,False,False
mbe3-pgdl-transfer-confirmation-v2,B1_design,additive_proxy_null,0.3,0.0,90,4999,estimated,240,0.8958,0.0005908045594725395,0.008337368440102348,False,False
mbe3-pgdl-transfer-confirmation-v2,B1_design,additive_proxy_null,0.3,0.0,91,4999,estimated,240,0.5198,0.002685852512402115,0.03994115416381579,False,False
mbe3-pgdl-transfer-confirmation-v2,B1_design,additive_proxy_null,0.3,0.0,92,4999,estimated,240,0.7674,0.0012436064800437079,0.016795189731192962,False,False
mbe3-pgdl-transfer-confirmation-v2,B1_design,additive_proxy_null,0.3,0.0,93,4999,estimated,240,0.2164,0.00523697677680753,0.07130596975783544,False,False
mbe3-pgdl-transfer-confirmation-v2,B1_design,additive_proxy_null,0.3,0.0,94,4999,estimated,240,0.0992,0.007270052277917618,0.10091211603122724,False,False
mbe3-pgdl-transfer-confirmation-v2,B1_design,additive_proxy_null,0.3,0.0,95,4999,estimated,240,0.4056,-0.0035644927966732073,-0.047677792105840125,False,False
mbe3-pgdl-transfer-confirmation-v2,B1_design,additive_proxy_null,0.3,0.0,96,4999,estimated,240,0.2522,-0.004690879052957927,-0.0693662148099766,False,False
mbe3-pgdl-transfer-confirmation-v2,B1_design,additive_proxy_null,0.3,0.0,97,4999,estimated,240,0.0864,-0.006391316897146633,-0.10084177752961511,False,False
mbe3-pgdl-transfer-confirmation-v2,B1_design,additive_proxy_null,0.3,0.0,98,4999,estimated,240,0.2104,0.004905285248407185,0.07485297472568246,False,False
mbe3-pgdl-transfer-confirmation-v2,B1_design,additive_proxy_null,0.3,0.0,99,4999,estimated,240,0.429,0.003451397016710206,0.048322503729270175,False,False
mbe3-pgdl-transfer-confirmation-v2,B1_design,additive_proxy_null,0.8,0.0,0,4999,estimated,240,0.3472,-0.0038821769305445544,-0.0570078156573977,False,False
mbe3-pgdl-transfer-confirmation-v2,B1_design,additive_proxy_null,0.8,0.0,1,4999,estimated,240,0.7396,0.0014905756898067296,0.02350833977728102,False,False
mbe3-pgdl-transfer-confirmation-v2,B1_design,additive_proxy_null,0.8,0.0,2,4999,estimated,240,0.3566,0.004027738180310252,0.053847372282290654,False,False
mbe3-pgdl-transfer-confirmation-v2,B1_design,additive_proxy_null,0.8,0.0,3,4999,estimated,240,0.5336,-0.0024735983272015094,-0.03856795441101444,False,False
mbe3-pgdl-transfer-confirmation-v2,B1_design,additive_proxy_null,0.8,0.0,4,4999,estimated,240,0.4152,0.003223547096486715,0.05417385435156016,False,False
mbe3-pgdl-transfer-confirmation-v2,B1_design,additive_proxy_null,0.8,0.0,5,4999,estimated,240,0.6818,-0.001673312596644136,-0.02681228221577907,False,False
mbe3-pgdl-transfer-confirmation-v2,B1_design,additive_proxy_null,0.8,0.0,6,4999,estimated,240,0.39,-0.0035666198827837142,-0.05571478316053433,False,False
mbe3-pgdl-transfer-confirmation-v2,B1_design,additive_proxy_null,0.8,0.0,7,4999,estimated,240,0.4932,0.0032761860953216797,0.03969984718759243,False,False
mbe3-pgdl-transfer-confirmation-v2,B1_design,additive_proxy_null,0.8,0.0,8,4999,estimated,240,0.0002,0.013818795481533008,0.19197213936765578,True,True
mbe3-pgdl-transfer-confirmation-v2,B1_design,additive_proxy_null,0.8,0.0,9,4999,estimated,240,0.7804,-0.0013560573632432399,-0.01759708588630219,False,False
mbe3-pgdl-transfer-confirmation-v2,B1_design,additive_proxy_null,0.8,0.0,10,4999,estimated,240,0.2444,0.003975007292028742,0.0639250789055203,False,False
mbe3-pgdl-transfer-confirmation-v2,B1_design,additive_proxy_null,0.8,0.0,11,4999,estimated,240,0.0318,0.009876049806866499,0.1426339578149963,False,False
mbe3-pgdl-transfer-confirmation-v2,B1_design,additive_proxy_null,0.8,0.0,12,4999,estimated,240,0.8266,0.0008668271541373433,0.012062512104160403,False,False
mbe3-pgdl-transfer-confirmation-v2,B1_design,additive_proxy_null,0.8,0.0,13,4999,estimated,240,0.6148,-0.0021290908165035884,-0.029442697470993717,False,False
mbe3-pgdl-transfer-confirmation-v2,B1_design,additive_proxy_null,0.8,0.0,14,4999,estimated,240,0.0136,-0.010625882643924778,-0.1402153006067789,False,False
mbe3-pgdl-transfer-confirmation-v2,B1_design,additive_proxy_null,0.8,0.0,15,4999,estimated,240,0.9604,-0.00019167420188639616,-0.002796101382715019,False,False
mbe3-pgdl-transfer-confirmation-v2,B1_design,additive_proxy_null,0.8,0.0,16,4999,estimated,240,0.0072,0.01085181753564692,0.17689214757847388,False,False
mbe3-pgdl-transfer-confirmation-v2,B1_design,additive_proxy_null,0.8,0.0,17,4999,estimated,240,0.3204,0.004551820949328354,0.0695234855980475,False,False
mbe3-pgdl-transfer-confirmation-v2,B1_design,additive_proxy_null,0.8,0.0,18,4999,estimated,240,0.6324,0.0020451849246508253,0.02988364707958755,False,False
mbe3-pgdl-transfer-confirmation-v2,B1_design,additive_proxy_null,0.8,0.0,19,4999,estimated,240,0.4978,-0.0029112911291228802,-0.0461302620696966,False,False
mbe3-pgdl-transfer-confirmation-v2,B1_design,additive_proxy_null,0.8,0.0,20,4999,estimated,240,0.909,-0.00046720291683812555,-0.006574050341456844,False,False
mbe3-pgdl-transfer-confirmation-v2,B1_design,additive_proxy_null,0.8,0.0,21,4999,estimated,240,0.369,-0.003607670989813565,-0.05350462991820711,False,False
mbe3-pgdl-transfer-confirmation-v2,B1_design,additive_proxy_null,0.8,0.0,22,4999,estimated,240,0.8152,0.001136463323188284,0.013610730772385574,False,False
mbe3-pgdl-transfer-confirmation-v2,B1_design,additive_proxy_null,0.8,0.0,23,4999,estimated,240,0.5208,0.002429179233497454,0.03348560581484605,False,False
mbe3-pgdl-transfer-confirmation-v2,B1_design,additive_proxy_null,0.8,0.0,24,4999,estimated,240,0.9138,0.00045766873114879217,0.007940093455656822,False,False
mbe3-pgdl-transfer-confirmation-v2,B1_design,additive_proxy_null,0.8,0.0,25,4999,estimated,240,0.1258,-0.006154501631263669,-0.09654522565540907,False,False
mbe3-pgdl-transfer-confirmation-v2,B1_design,additive_proxy_null,0.8,0.0,26,4999,estimated,240,0.702,0.0016451220057513611,0.022779847921844638,False,False
mbe3-pgdl-transfer-confirmation-v2,B1_design,additive_proxy_null,0.8,0.0,27,4999,estimated,240,0.4656,-0.0030324382795703787,-0.04922535749333838,False,False
mbe3-pgdl-transfer-confirmation-v2,B1_design,additive_proxy_null,0.8,0.0,28,4999,estimated,240,0.3984,0.0035696688570537186,0.05830898972696937,False,False
mbe3-pgdl-transfer-confirmation-v2,B1_design,additive_proxy_null,0.8,0.0,29,4999,estimated,240,0.6692,-0.0016349448668285455,-0.025292129243958534,False,False
mbe3-pgdl-transfer-confirmation-v2,B1_design,additive_proxy_null,0.8,0.0,30,4999,estimated,240,0.7352,-0.00159181211031325,-0.021437218340908334,False,False
mbe3-pgdl-transfer-confirmation-v2,B1_design,additive_proxy_null,0.8,0.0,31,4999,estimated,240,0.67,0.001833735774738892,0.02329998484015838,False,False
mbe3-pgdl-transfer-confirmation-v2,B1_design,additive_proxy_null,0.8,0.0,32,4999,estimated,240,0.5344,-0.002421091235760844,-0.037644214378372474,False,False
mbe3-pgdl-transfer-confirmation-v2,B1_design,additive_proxy_null,0.8,0.0,33,4999,estimated,240,0.9486,0.00028889261458519996,0.004393362755801261,False,False
mbe3-pgdl-transfer-confirmation-v2,B1_design,additive_proxy_null,0.8,0.0,34,4999,estimated,240,0.9898,-4.350295978224339e-05,-0.0006900936179322859,False,False
mbe3-pgdl-transfer-confirmation-v2,B1_design,additive_proxy_null,0.8,0.0,35,4999,estimated,240,0.0716,-0.007566266200208989,-0.10536351326480821,False,False
mbe3-pgdl-transfer-confirmation-v2,B1_design,additive_proxy_null,0.8,0.0,36,4999,estimated,240,0.5266,0.003160179449163966,0.04002261419984618,False,False
mbe3-pgdl-transfer-confirmation-v2,B1_design,additive_proxy_null,0.8,0.0,37,4999,estimated,240,0.1698,-0.005554882330842442,-0.07610139002586266,False,False
mbe3-pgdl-transfer-confirmation-v2,B1_design,additive_proxy_null,0.8,0.0,38,4999,estimated,240,0.3602,-0.003452365036695898,-0.057619162010120524,False,False
mbe3-pgdl-transfer-confirmation-v2,B1_design,additive_proxy_null,0.8,0.0,39,4999,estimated,240,0.0136,-0.009074692727817999,-0.13770705273748066,False,False
mbe3-pgdl-transfer-confirmation-v2,B1_design,additive_proxy_null,0.8,0.0,40,4999,estimated,240,0.4748,-0.0026603481112188565,-0.04107320066424703,False,False
mbe3-pgdl-transfer-confirmation-v2,B1_design,additive_proxy_null,0.8,0.0,41,4999,estimated,240,0.903,-0.0005373688078899583,-0.0077585957590238196,False,False
mbe3-pgdl-transfer-confirmation-v2,B1_design,additive_proxy_null,0.8,0.0,42,4999,estimated,240,0.056,0.008153442585873449,0.11023738727726909,False,False
mbe3-pgdl-transfer-confirmation-v2,B1_design,additive_proxy_null,0.8,0.0,43,4999,estimated,240,0.637,-0.0021562482216199164,-0.0291463805081225,False,False
mbe3-pgdl-transfer-confirmation-v2,B1_design,additive_proxy_null,0.8,0.0,44,4999,estimated,240,0.7452,0.0013665705595511002,0.020289117571519688,False,False
mbe3-pgdl-transfer-confirmation-v2,B1_design,additive_proxy_null,0.8,0.0,45,4999,estimated,240,0.0274,-0.011301288889604317,-0.12926349904908613,False,False
mbe3-pgdl-transfer-confirmation-v2,B1_design,additive_proxy_null,0.8,0.0,46,4999,estimated,240,0.3626,-0.004555695539141677,-0.06233292398554647,False,False
mbe3-pgdl-transfer-confirmation-v2,B1_design,additive_proxy_null,0.8,0.0,47,4999,estimated,240,0.462,0.00307060709294605,0.05251806385901689,False,False
mbe3-pgdl-transfer-confirmation-v2,B1_design,additive_proxy_null,0.8,0.0,48,4999,estimated,240,0.9532,0.0002349135565261969,0.0036180205893495154,False,False
mbe3-pgdl-transfer-confirmation-v2,B1_design,additive_proxy_null,0.8,0.0,49,4999,estimated,240,0.506,0.002734587824623469,0.04071196819313698,False,False
mbe3-pgdl-transfer-confirmation-v2,B1_design,additive_proxy_null,0.8,0.0,50,4999,estimated,240,0.8396,0.0009295351653401806,0.012962323099481,False,False
mbe3-pgdl-transfer-confirmation-v2,B1_design,additive_proxy_null,0.8,0.0,51,4999,estimated,240,0.9986,1.876899181116609e-05,0.0002477973108511798,False,False
mbe3-pgdl-transfer-confirmation-v2,B1_design,additive_proxy_null,0.8,0.0,52,4999,estimated,240,0.724,-0.001461011284920244,-0.0226265065990683,False,False
mbe3-pgdl-transfer-confirmation-v2,B1_design,additive_proxy_null,0.8,0.0,53,4999,estimated,240,0.429,0.0038780240039761995,0.05054808804783083,False,False
mbe3-pgdl-transfer-confirmation-v2,B1_design,additive_proxy_null,0.8,0.0,54,4999,estimated,240,0.015,0.01090247923231346,0.14078976434775184,False,False
mbe3-pgdl-transfer-confirmation-v2,B1_design,additive_proxy_null,0.8,0.0,55,4999,estimated,240,0.037,-0.009521274229387974,-0.11800514293886095,False,False
mbe3-pgdl-transfer-confirmation-v2,B1_design,additive_proxy_null,0.8,0.0,56,4999,estimated,240,0.2232,-0.005061892920278497,-0.07348902536842306,False,False
mbe3-pgdl-transfer-confirmation-v2,B1_design,additive_proxy_null,0.8,0.0,57,4999,estimated,240,0.0262,0.008831819106117677,0.15523348406248552,False,False
mbe3-pgdl-transfer-confirmation-v2,B1_design,additive_proxy_null,0.8,0.0,58,4999,estimated,240,0.5536,-0.0027483718087347913,-0.036752446362863254,False,False
mbe3-pgdl-transfer-confirmation-v2,B1_design,additive_proxy_null,0.8,0.0,59,4999,estimated,240,0.8162,0.0009669862290056173,0.014634328320669686,False,False
mbe3-pgdl-transfer-confirmation-v2,B1_design,additive_proxy_null,0.8,0.0,60,4999,estimated,240,0.2482,0.004882869882388236,0.07767358600588907,False,False
mbe3-pgdl-transfer-confirmation-v2,B1_design,additive_proxy_null,0.8,0.0,61,4999,estimated,240,0.0908,-0.006529570694236647,-0.09068890892698604,False,False
mbe3-pgdl-transfer-confirmation-v2,B1_design,additive_proxy_null,0.8,0.0,62,4999,estimated,240,0.6864,-0.0015281379117584647,-0.025516828170165356,False,False
mbe3-pgdl-transfer-confirmation-v2,B1_design,additive_proxy_null,0.8,0.0,63,4999,estimated,240,0.4876,-0.002558372859721438,-0.03673777844108361,False,False
mbe3-pgdl-transfer-confirmation-v2,B1_design,additive_proxy_null,0.8,0.0,64,4999,estimated,240,0.005,0.012166864169261105,0.17669820382762924,False,False
mbe3-pgdl-transfer-confirmation-v2,B1_design,additive_proxy_null,0.8,0.0,65,4999,estimated,240,0.8524,0.0008605972251690815,0.011765055842436561,False,False
mbe3-pgdl-transfer-confirmation-v2,B1_design,additive_proxy_null,0.8,0.0,66,4999,estimated,240,0.8296,-0.0009056745077504916,-0.013336274683728498,False,False
mbe3-pgdl-transfer-confirmation-v2,B1_design,additive_proxy_null,0.8,0.0,67,4999,estimated,240,0.8702,-0.000667158419353019,-0.00939418471085561,False,False
mbe3-pgdl-transfer-confirmation-v2,B1_design,additive_proxy_null,0.8,0.0,68,4999,estimated,240,0.8464,0.0008024298561236205,0.011269876713227898,False,False
mbe3-pgdl-transfer-confirmation-v2,B1_design,additive_proxy_null,0.8,0.0,69,4999,estimated,240,0.9794,0.00012934974809909877,0.0018394195817384262,False,False
mbe3-pgdl-transfer-confirmation-v2,B1_design,additive_proxy_null,0.8,0.0,70,4999,estimated,240,0.8202,-0.000995128166133889,-0.013003702687308955,False,False
mbe3-pgdl-transfer-confirmation-v2,B1_design,additive_proxy_null,0.8,0.0,71,4999,estimated,240,0.8898,-0.0006145379932225708,-0.009253619651043448,False,False
mbe3-pgdl-transfer-confirmation-v2,B1_design,additive_proxy_null,0.8,0.0,72,4999,estimated,240,0.1238,0.006802423340693299,0.09056967350342317,False,False
mbe3-pgdl-transfer-confirmation-v2,B1_design,additive_proxy_null,0.8,0.0,73,4999,estimated,240,0.466,-0.0030187986435211704,-0.04317820368652215,False,False
mbe3-pgdl-transfer-confirmation-v2,B1_design,additive_proxy_null,0.8,0.0,74,4999,estimated,240,0.6566,-0.0018295538149399946,-0.02783512391423428,False,False
mbe3-pgdl-transfer-confirmation-v2,B1_design,additive_proxy_null,0.8,0.0,75,4999,estimated,240,0.4726,-0.003054721246899531,-0.04347031211683236,False,False
mbe3-pgdl-transfer-confirmation-v2,B1_design,additive_proxy_null,0.8,0.0,76,4999,estimated,240,0.0372,-0.008646710289538893,-0.13245771198641754,False,False
mbe3-pgdl-transfer-confirmation-v2,B1_design,additive_proxy_null,0.8,0.0,77,4999,estimated,240,0.3538,-0.0039016333501389706,-0.057606017268012726,False,False
mbe3-pgdl-transfer-confirmation-v2,B1_design,additive_proxy_null,0.8,0.0,78,4999,estimated,240,0.0234,0.010371118816021836,0.1342925059950523,False,False
mbe3-pgdl-transfer-confirmation-v2,B1_design,additive_proxy_null,0.8,0.0,79,4999,estimated,240,0.7676,-0.0013755048175230974,-0.021840484062555635,False,False
mbe3-pgdl-transfer-confirmation-v2,B1_design,additive_proxy_null,0.8,0.0,80,4999,estimated,240,0.6256,0.0023056863854284807,0.033450008231747694,False,False
mbe3-pgdl-transfer-confirmation-v2,B1_design,additive_proxy_null,0.8,0.0,81,4999,estimated,240,0.5522,0.0027369040518297485,0.03349368871354376,False,False
mbe3-pgdl-transfer-confirmation-v2,B1_design,additive_proxy_null,0.8,0.0,82,4999,estimated,240,0.9038,0.0005167966798887378,0.007766175146326019,False,False
mbe3-pgdl-transfer-confirmation-v2,B1_design,additive_proxy_null,0.8,0.0,83,4999,estimated,240,0.4554,0.003261082409169713,0.04909500842698024,False,False
mbe3-pgdl-transfer-confirmation-v2,B1_design,additive_proxy_null,0.8,0.0,84,4999,estimated,240,0.4674,-0.0030841314105252817,-0.041951033317305576,False,False
mbe3-pgdl-transfer-confirmation-v2,B1_design,additive_proxy_null,0.8,0.0,85,4999,estimated,240,0.0676,0.006953462092817563,0.09393379218303204,False,False
mbe3-pgdl-transfer-confirmation-v2,B1_design,additive_proxy_null,0.8,0.0,86,4999,estimated,240,0.2988,-0.004279733128944938,-0.0684020917571568,False,False
mbe3-pgdl-transfer-confirmation-v2,B1_design,additive_proxy_null,0.8,0.0,87,4999,estimated,240,0.5134,-0.0030266074882893137,-0.04244659053757337,False,False
mbe3-pgdl-transfer-confirmation-v2,B1_design,additive_proxy_null,0.8,0.0,88,4999,estimated,240,0.1142,0.007163038887614566,0.09642617567318232,False,False
mbe3-pgdl-transfer-confirmation-v2,B1_design,additive_proxy_null,0.8,0.0,89,4999,estimated,240,0.1772,-0.0056388616278048274,-0.08284308257507486,False,False
mbe3-pgdl-transfer-confirmation-v2,B1_design,additive_proxy_null,0.8,0.0,90,4999,estimated,240,0.3378,0.004136825869723584,0.052235069946167764,False,False
mbe3-pgdl-transfer-confirmation-v2,B1_design,additive_proxy_null,0.8,0.0,91,4999,estimated,240,0.899,-0.00048064151018894867,-0.0063934095404832355,False,False
mbe3-pgdl-transfer-confirmation-v2,B1_design,additive_proxy_null,0.8,0.0,92,4999,estimated,240,0.7102,-0.0014813984016434744,-0.021718618478389202,False,False
mbe3-pgdl-transfer-confirmation-v2,B1_design,additive_proxy_null,0.8,0.0,93,4999,estimated,240,0.61,0.0019166943151858156,0.03438780204690503,False,False
mbe3-pgdl-transfer-confirmation-v2,B1_design,additive_proxy_null,0.8,0.0,94,4999,estimated,240,0.998,-1.2093860251323937e-05,-0.00018782588821647983,False,False
mbe3-pgdl-transfer-confirmation-v2,B1_design,additive_proxy_null,0.8,0.0,95,4999,estimated,240,0.2262,0.004456141955809843,0.06824442363014538,False,False
mbe3-pgdl-transfer-confirmation-v2,B1_design,additive_proxy_null,0.8,0.0,96,4999,estimated,240,0.0212,0.009286274424553261,0.1489639059348202,False,False
mbe3-pgdl-transfer-confirmation-v2,B1_design,additive_proxy_null,0.8,0.0,97,4999,estimated,240,0.607,-0.0024153295538375907,-0.030799400887665467,False,False
mbe3-pgdl-transfer-confirmation-v2,B1_design,additive_proxy_null,0.8,0.0,98,4999,estimated,240,0.7462,0.0014593455213900925,0.019573870340337522,False,False
mbe3-pgdl-transfer-confirmation-v2,B1_design,additive_proxy_null,0.8,0.0,99,4999,estimated,240,0.2062,-0.005593395826092443,-0.07692116581240623,False,False
mbe3-pgdl-transfer-confirmation-v2,B1_design,heteroskedastic_proxy_null,0.3,0.0,0,4999,estimated,240,0.5728,0.002224674890592562,0.03431769110766286,False,False
mbe3-pgdl-transfer-confirmation-v2,B1_design,heteroskedastic_proxy_null,0.3,0.0,1,4999,estimated,240,0.0734,0.008207342048267693,0.10467910065253866,False,False
mbe3-pgdl-transfer-confirmation-v2,B1_design,heteroskedastic_proxy_null,0.3,0.0,2,4999,estimated,240,0.0782,-0.006304130333342391,-0.08568488545606659,False,False
mbe3-pgdl-transfer-confirmation-v2,B1_design,heteroskedastic_proxy_null,0.3,0.0,3,4999,estimated,240,0.1366,0.005538519789032461,0.0791935167481185,False,False
mbe3-pgdl-transfer-confirmation-v2,B1_design,heteroskedastic_proxy_null,0.3,0.0,4,4999,estimated,240,0.7578,0.0013667876855299826,0.019612888804443777,False,False
mbe3-pgdl-transfer-confirmation-v2,B1_design,heteroskedastic_proxy_null,0.3,0.0,5,4999,estimated,240,0.441,-0.0030975004698982423,-0.04597437238808829,False,False
mbe3-pgdl-transfer-confirmation-v2,B1_design,heteroskedastic_proxy_null,0.3,0.0,6,4999,estimated,240,0.195,-0.004696534760327573,-0.07259856555279487,False,False
mbe3-pgdl-transfer-confirmation-v2,B1_design,heteroskedastic_proxy_null,0.3,0.0,7,4999,estimated,240,0.374,0.0032305276114780544,0.04801398228438764,False,False
mbe3-pgdl-transfer-confirmation-v2,B1_design,heteroskedastic_proxy_null,0.3,0.0,8,4999,estimated,240,0.5424,-0.0021394734720617554,-0.032467026472206596,False,False
mbe3-pgdl-transfer-confirmation-v2,B1_design,heteroskedastic_proxy_null,0.3,0.0,9,4999,estimated,240,0.1946,0.00566345541957994,0.0752381346364882,False,False
mbe3-pgdl-transfer-confirmation-v2,B1_design,heteroskedastic_proxy_null,0.3,0.0,10,4999,estimated,240,0.0452,-0.008179213580896395,-0.11681974576235747,False,False
mbe3-pgdl-transfer-confirmation-v2,B1_design,heteroskedastic_proxy_null,0.3,0.0,11,4999,estimated,240,0.3066,0.003823187661988259,0.06367338605392259,False,False
mbe3-pgdl-transfer-confirmation-v2,B1_design,heteroskedastic_proxy_null,0.3,0.0,12,4999,estimated,240,0.7198,-0.0015099915185880833,-0.020444910680817645,False,False
mbe3-pgdl-transfer-confirmation-v2,B1_design,heteroskedastic_proxy_null,0.3,0.0,13,4999,estimated,240,0.1742,-0.00537880108546379,-0.08018272810819962,False,False
mbe3-pgdl-transfer-confirmation-v2,B1_design,heteroskedastic_proxy_null,0.3,0.0,14,4999,estimated,240,0.4258,-0.00306390287913942,-0.04748628954468406,False,False
mbe3-pgdl-transfer-confirmation-v2,B1_design,heteroskedastic_proxy_null,0.3,0.0,15,4999,estimated,240,0.3976,0.003559777224073172,0.04733826028580619,False,False
mbe3-pgdl-transfer-confirmation-v2,B1_design,heteroskedastic_proxy_null,0.3,0.0,16,4999,estimated,240,0.139,-0.0060998921120881434,-0.0927501534770578,False,False
mbe3-pgdl-transfer-confirmation-v2,B1_design,heteroskedastic_proxy_null,0.3,0.0,17,4999,estimated,240,0.107,0.006042363016206799,0.08287070428793511,False,False
mbe3-pgdl-transfer-confirmation-v2,B1_design,heteroskedastic_proxy_null,0.3,0.0,18,4999,estimated,240,0.1288,-0.005392519087150716,-0.0728173485621659,False,False
mbe3-pgdl-transfer-confirmation-v2,B1_design,heteroskedastic_proxy_null,0.3,0.0,19,4999,estimated,240,0.9158,0.0003811245493915374,0.0062041567830101035,False,False
mbe3-pgdl-transfer-confirmation-v2,B1_design,heteroskedastic_proxy_null,0.3,0.0,20,4999,estimated,240,0.01,-0.010764438181895248,-0.1455069463513847,False,False
mbe3-pgdl-transfer-confirmation-v2,B1_design,heteroskedastic_proxy_null,0.3,0.0,21,4999,estimated,240,0.7314,0.0014642534346656706,0.019027244189684028,False,False
mbe3-pgdl-transfer-confirmation-v2,B1_design,heteroskedastic_proxy_null,0.3,0.0,22,4999,estimated,240,0.687,0.0014656429979709419,0.022435782386533206,False,False
mbe3-pgdl-transfer-confirmation-v2,B1_design,heteroskedastic_proxy_null,0.3,0.0,23,4999,estimated,240,0.1118,0.0060134542042389605,0.08733826634800833,False,False
mbe3-pgdl-transfer-confirmation-v2,B1_design,heteroskedastic_proxy_null,0.3,0.0,24,4999,estimated,240,0.057,-0.006822621635464355,-0.10766376691487863,False,False
mbe3-pgdl-transfer-confirmation-v2,B1_design,heteroskedastic_proxy_null,0.3,0.0,25,4999,estimated,240,0.7788,-0.0011722002978397153,-0.015088995743705362,False,False
mbe3-pgdl-transfer-confirmation-v2,B1_design,heteroskedastic_proxy_null,0.3,0.0,26,4999,estimated,240,0.2668,-0.0043290513894259025,-0.05947408540428076,False,False
mbe3-pgdl-transfer-confirmation-v2,B1_design,heteroskedastic_proxy_null,0.3,0.0,27,4999,estimated,240,0.3422,0.0037961589997633103,0.057652063996777914,False,False
mbe3-pgdl-transfer-confirmation-v2,B1_design,heteroskedastic_proxy_null,0.3,0.0,28,4999,estimated,240,0.2568,0.004170228913285409,0.0631898416367758,False,False
mbe3-pgdl-transfer-confirmation-v2,B1_design,heteroskedastic_proxy_null,0.3,0.0,29,4999,estimated,240,0.4454,0.0032349141123493583,0.04367825196722697,False,False
mbe3-pgdl-transfer-confirmation-v2,B1_design,heteroskedastic_proxy_null,0.3,0.0,30,4999,estimated,240,0.0574,-0.008476151648076535,-0.12926144404650006,False,False
mbe3-pgdl-transfer-confirmation-v2,B1_design,heteroskedastic_proxy_null,0.3,0.0,31,4999,estimated,240,0.4704,0.0029319017586093873,0.04166963016730112,False,False
mbe3-pgdl-transfer-confirmation-v2,B1_design,heteroskedastic_proxy_null,0.3,0.0,32,4999,estimated,240,0.7774,0.0011721388272208,0.015010646790698766,False,False
mbe3-pgdl-transfer-confirmation-v2,B1_design,heteroskedastic_proxy_null,0.3,0.0,33,4999,estimated,240,0.247,-0.004462913819069963,-0.06586379587933915,False,False
mbe3-pgdl-transfer-confirmation-v2,B1_design,heteroskedastic_proxy_null,0.3,0.0,34,4999,estimated,240,0.0066,0.010357156911535543,0.15580767456286426,False,False
mbe3-pgdl-transfer-confirmation-v2,B1_design,heteroskedastic_proxy_null,0.3,0.0,35,4999,estimated,240,0.7496,0.0011357872397819773,0.0175555867582926,False,False
mbe3-pgdl-transfer-confirmation-v2,B1_design,heteroskedastic_proxy_null,0.3,0.0,36,4999,estimated,240,0.7342,-0.001170750871776522,-0.020322082318129146,False,False
mbe3-pgdl-transfer-confirmation-v2,B1_design,heteroskedastic_proxy_null,0.3,0.0,37,4999,estimated,240,0.2878,0.004087051498746488,0.05313639854476948,False,False
mbe3-pgdl-transfer-confirmation-v2,B1_design,heteroskedastic_proxy_null,0.3,0.0,38,4999,estimated,240,0.9448,-0.0002537798636216277,-0.003598185274374489,False,False
mbe3-pgdl-transfer-confirmation-v2,B1_design,heteroskedastic_proxy_null,0.3,0.0,39,4999,estimated,240,0.2234,-0.004833900824962357,-0.06616266130446956,False,False
mbe3-pgdl-transfer-confirmation-v2,B1_design,heteroskedastic_proxy_null,0.3,0.0,40,4999,estimated,240,0.0426,-0.007133640392162533,-0.1161324170416645,False,False
mbe3-pgdl-transfer-confirmation-v2,B1_design,heteroskedastic_proxy_null,0.3,0.0,41,4999,estimated,240,0.7302,0.0014125085720667235,0.017804795322562666,False,False
mbe3-pgdl-transfer-confirmation-v2,B1_design,heteroskedastic_proxy_null,0.3,0.0,42,4999,estimated,240,0.0462,0.007677740887431623,0.10709343893276088,False,False
mbe3-pgdl-transfer-confirmation-v2,B1_design,heteroskedastic_proxy_null,0.3,0.0,43,4999,estimated,240,0.5582,0.002327092916786767,0.035320887048970996,False,False
mbe3-pgdl-transfer-confirmation-v2,B1_design,heteroskedastic_proxy_null,0.3,0.0,44,4999,estimated,240,0.2508,0.00441875122154776,0.06965608846418418,False,False
mbe3-pgdl-transfer-confirmation-v2,B1_design,heteroskedastic_proxy_null,0.3,0.0,45,4999,estimated,240,0.4368,0.0032759945649498265,0.0437352800345383,False,False
mbe3-pgdl-transfer-confirmation-v2,B1_design,heteroskedastic_proxy_null,0.3,0.0,46,4999,estimated,240,0.737,0.0011021981233292262,0.01656953465777305,False,False
mbe3-pgdl-transfer-confirmation-v2,B1_design,heteroskedastic_proxy_null,0.3,0.0,47,4999,estimated,240,0.2898,0.004024015169867288,0.055406822915467266,False,False
mbe3-pgdl-transfer-confirmation-v2,B1_design,heteroskedastic_proxy_null,0.3,0.0,48,4999,estimated,240,0.6306,-0.002091526078981737,-0.02950402789873653,False,False
mbe3-pgdl-transfer-confirmation-v2,B1_design,heteroskedastic_proxy_null,0.3,0.0,49,4999,estimated,240,0.8368,-0.0007780442240912063,-0.011468917091204612,False,False
mbe3-pgdl-transfer-confirmation-v2,B1_design,heteroskedastic_proxy_null,0.3,0.0,50,4999,estimated,240,0.6332,0.0020113182383934944,0.0324404222645907,False,False
mbe3-pgdl-transfer-confirmation-v2,B1_design,heteroskedastic_proxy_null,0.3,0.0,51,4999,estimated,240,0.2476,-0.004362352829850951,-0.06884105571505914,False,False
mbe3-pgdl-transfer-confirmation-v2,B1_design,heteroskedastic_proxy_null,0.3,0.0,52,4999,estimated,240,0.2306,-0.004923243409450952,-0.06717411272140116,False,False
mbe3-pgdl-transfer-confirmation-v2,B1_design,heteroskedastic_proxy_null,0.3,0.0,53,4999,estimated,240,0.5962,-0.002112013492150491,-0.031053935240802195,False,False
mbe3-pgdl-transfer-confirmation-v2,B1_design,heteroskedastic_proxy_null,0.3,0.0,54,4999,estimated,240,0.097,0.0068062332793143165,0.08997694402405655,False,False
mbe3-pgdl-transfer-confirmation-v2,B1_design,heteroskedastic_proxy_null,0.3,0.0,55,4999,estimated,240,0.6968,-0.0013971401816084126,-0.02105477874850814,False,False
mbe3-pgdl-transfer-confirmation-v2,B1_design,heteroskedastic_proxy_null,0.3,0.0,56,4999,estimated,240,0.8972,0.0004794957851820901,0.006722760090621932,False,False
mbe3-pgdl-transfer-confirmation-v2,B1_design,heteroskedastic_proxy_null,0.3,0.0,57,4999,estimated,240,0.562,-0.0022479713050070475,-0.03233586541565996,False,False
mbe3-pgdl-transfer-confirmation-v2,B1_design,heteroskedastic_proxy_null,0.3,0.0,58,4999,estimated,240,0.7474,0.0013011287088076024,0.016871397824823352,False,False
mbe3-pgdl-transfer-confirmation-v2,B1_design,heteroskedastic_proxy_null,0.3,0.0,59,4999,estimated,240,0.3704,-0.0031646326137589518,-0.04931219741580412,False,False
mbe3-pgdl-transfer-confirmation-v2,B1_design,heteroskedastic_proxy_null,0.3,0.0,60,4999,estimated,240,0.6592,-0.0016814087225434837,-0.02443674810301117,False,False
mbe3-pgdl-transfer-confirmation-v2,B1_design,heteroskedastic_proxy_null,0.3,0.0,61,4999,estimated,240,0.374,0.0033523508581612743,0.049951412999558936,False,False
mbe3-pgdl-transfer-confirmation-v2,B1_design,heteroskedastic_proxy_null,0.3,0.0,62,4999,estimated,240,0.1588,-0.005414953562367675,-0.07823648843449887,False,False
mbe3-pgdl-transfer-confirmation-v2,B1_design,heteroskedastic_proxy_null,0.3,0.0,63,4999,estimated,240,0.0062,-0.009468060662616962,-0.14547552543294537,False,False
mbe3-pgdl-transfer-confirmation-v2,B1_design,heteroskedastic_proxy_null,0.3,0.0,64,4999,estimated,240,0.0076,0.011074897619827308,0.14111399300986782,False,False
mbe3-pgdl-transfer-confirmation-v2,B1_design,heteroskedastic_proxy_null,0.3,0.0,65,4999,estimated,240,0.4096,0.0032389197872007697,0.050389677037485966,False,False
mbe3-pgdl-transfer-confirmation-v2,B1_design,heteroskedastic_proxy_null,0.3,0.0,66,4999,estimated,240,0.2634,0.00489975861111119,0.0681569138155833,False,False
mbe3-pgdl-transfer-confirmation-v2,B1_design,heteroskedastic_proxy_null,0.3,0.0,67,4999,estimated,240,0.89,-0.0005591962749129049,-0.007823403372653437,False,False
mbe3-pgdl-transfer-confirmation-v2,B1_design,heteroskedastic_proxy_null,0.3,0.0,68,4999,estimated,240,0.1258,-0.006242057822717069,-0.09058010807822617,False,False
mbe3-pgdl-transfer-confirmation-v2,B1_design,heteroskedastic_proxy_null,0.3,0.0,69,4999,estimated,240,0.0018,-0.013246247645613277,-0.18805418586467917,False,False
mbe3-pgdl-transfer-confirmation-v2,B1_design,heteroskedastic_proxy_null,0.3,0.0,70,4999,estimated,240,0.8478,-0.0008367789421591165,-0.014284095285994182,False,False
mbe3-pgdl-transfer-confirmation-v2,B1_design,heteroskedastic_proxy_null,0.3,0.0,71,4999,estimated,240,0.1406,0.005530997979319604,0.07795213489716366,False,False
mbe3-pgdl-transfer-confirmation-v2,B1_design,heteroskedastic_proxy_null,0.3,0.0,72,4999,estimated,240,0.0802,-0.00669290243321636,-0.09670940057312988,False,False
mbe3-pgdl-transfer-confirmation-v2,B1_design,heteroskedastic_proxy_null,0.3,0.0,73,4999,estimated,240,0.2352,-0.005550001844017138,-0.07995473385281975,False,False
mbe3-pgdl-transfer-confirmation-v2,B1_design,heteroskedastic_proxy_null,0.3,0.0,74,4999,estimated,240,0.1602,-0.005925194256092536,-0.0870748879747058,False,False
mbe3-pgdl-transfer-confirmation-v2,B1_design,heteroskedastic_proxy_null,0.3,0.0,75,4999,estimated,240,0.5894,0.0019503132348856968,0.031077918406731467,False,False
mbe3-pgdl-transfer-confirmation-v2,B1_design,heteroskedastic_proxy_null,0.3,0.0,76,4999,estimated,240,0.4574,-0.00312389478374631,-0.04995991329956595,False,False
mbe3-pgdl-transfer-confirmation-v2,B1_design,heteroskedastic_proxy_null,0.3,0.0,77,4999,estimated,240,0.396,-0.0035276817912184826,-0.05260517671963847,False,False
mbe3-pgdl-transfer-confirmation-v2,B1_design,heteroskedastic_proxy_null,0.3,0.0,78,4999,estimated,240,0.5284,0.002315331809698574,0.03459059428375217,False,False
mbe3-pgdl-transfer-confirmation-v2,B1_design,heteroskedastic_proxy_null,0.3,0.0,79,4999,estimated,240,0.1212,0.00552905955035193,0.08022556836322658,False,False
mbe3-pgdl-transfer-confirmation-v2,B1_design,heteroskedastic_proxy_null,0.3,0.0,80,4999,estimated,240,0.1092,-0.007877071988896506,-0.10853099163915847,False,False
mbe3-pgdl-transfer-confirmation-v2,B1_design,heteroskedastic_proxy_null,0.3,0.0,81,4999,estimated,240,0.057,-0.006834755003203739,-0.11767835496037114,False,False
mbe3-pgdl-transfer-confirmation-v2,B1_design,heteroskedastic_proxy_null,0.3,0.0,82,4999,estimated,240,0.7456,-0.0013966388859732069,-0.021016037059510672,False,False
mbe3-pgdl-transfer-confirmation-v2,B1_design,heteroskedastic_proxy_null,0.3,0.0,83,4999,estimated,240,0.1932,-0.005166440431095422,-0.07295925120944369,False,False
mbe3-pgdl-transfer-confirmation-v2,B1_design,heteroskedastic_proxy_null,0.3,0.0,84,4999,estimated,240,0.5706,-0.0018219271137478968,-0.03554310266092797,False,False
mbe3-pgdl-transfer-confirmation-v2,B1_design,heteroskedastic_proxy_null,0.3,0.0,85,4999,estimated,240,0.0714,0.006419379360571313,0.08292556462767864,False,False
mbe3-pgdl-transfer-confirmation-v2,B1_design,heteroskedastic_proxy_null,0.3,0.0,86,4999,estimated,240,0.1492,-0.005612572444053161,-0.08162278916272782,False,False
mbe3-pgdl-transfer-confirmation-v2,B1_design,heteroskedastic_proxy_null,0.3,0.0,87,4999,estimated,240,0.2278,0.004891269245653886,0.0699090371677353,False,False
mbe3-pgdl-transfer-confirmation-v2,B1_design,heteroskedastic_proxy_null,0.3,0.0,88,4999,estimated,240,0.6024,0.0020513271424476135,0.030496673756283146,False,False
mbe3-pgdl-transfer-confirmation-v2,B1_design,heteroskedastic_proxy_null,0.3,0.0,89,4999,estimated,240,0.2656,0.0052805784946317975,0.06169966315703923,False,False
mbe3-pgdl-transfer-confirmation-v2,B1_design,heteroskedastic_proxy_null,0.3,0.0,90,4999,estimated,240,0.866,0.0006783220989794655,0.010792423256889578,False,False
mbe3-pgdl-transfer-confirmation-v2,B1_design,heteroskedastic_proxy_null,0.3,0.0,91,4999,estimated,240,0.5978,0.0022350955065983885,0.031671287383660755,False,False
mbe3-pgdl-transfer-confirmation-v2,B1_design,heteroskedastic_proxy_null,0.3,0.0,92,4999,estimated,240,0.4864,-0.0027460127338351276,-0.038934059444605734,False,False
mbe3-pgdl-transfer-confirmation-v2,B1_design,heteroskedastic_proxy_null,0.3,0.0,93,4999,estimated,240,0.2898,0.004545253161784713,0.07107323983004848,False,False
mbe3-pgdl-transfer-confirmation-v2,B1_design,heteroskedastic_proxy_null,0.3,0.0,94,4999,estimated,240,0.0668,-0.006432345715268449,-0.10272937686112975,False,False
mbe3-pgdl-transfer-confirmation-v2,B1_design,heteroskedastic_proxy_null,0.3,0.0,95,4999,estimated,240,0.1208,0.0059083512415287354,0.08576976585867684,False,False
mbe3-pgdl-transfer-confirmation-v2,B1_design,heteroskedastic_proxy_null,0.3,0.0,96,4999,estimated,240,0.025,0.007902243610855866,0.11090114881679504,False,False
mbe3-pgdl-transfer-confirmation-v2,B1_design,heteroskedastic_proxy_null,0.3,0.0,97,4999,estimated,240,0.4296,0.002872795518179863,0.0437948599278145,False,False
mbe3-pgdl-transfer-confirmation-v2,B1_design,heteroskedastic_proxy_null,0.3,0.0,98,4999,estimated,240,0.4564,-0.002688038319708666,-0.04130865801551891,False,False
mbe3-pgdl-transfer-confirmation-v2,B1_design,heteroskedastic_proxy_null,0.3,0.0,99,4999,estimated,240,0.5024,0.0027522619521967297,0.03682187724770988,False,False
mbe3-pgdl-transfer-confirmation-v2,B1_design,heteroskedastic_proxy_null,0.8,0.0,0,4999,estimated,240,0.0842,-0.0070513166630038985,-0.09556263040777324,False,False
mbe3-pgdl-transfer-confirmation-v2,B1_design,heteroskedastic_proxy_null,0.8,0.0,1,4999,estimated,240,0.7082,-0.0017324985774958875,-0.022966753609489646,False,False
mbe3-pgdl-transfer-confirmation-v2,B1_design,heteroskedastic_proxy_null,0.8,0.0,2,4999,estimated,240,0.4786,-0.0030197105378051386,-0.046395891954605153,False,False
mbe3-pgdl-transfer-confirmation-v2,B1_design,heteroskedastic_proxy_null,0.8,0.0,3,4999,estimated,240,0.4416,-0.002744356369547827,-0.04183598930167747,False,False
mbe3-pgdl-transfer-confirmation-v2,B1_design,heteroskedastic_proxy_null,0.8,0.0,4,4999,estimated,240,0.124,-0.006163551828719689,-0.07896498856683962,False,False
mbe3-pgdl-transfer-confirmation-v2,B1_design,heteroskedastic_proxy_null,0.8,0.0,5,4999,estimated,240,0.0902,0.005929676273079134,0.08706030010717432,False,False
mbe3-pgdl-transfer-confirmation-v2,B1_design,heteroskedastic_proxy_null,0.8,0.0,6,4999,estimated,240,0.4962,0.002460542230420861,0.03592972997072776,False,False
mbe3-pgdl-transfer-confirmation-v2,B1_design,heteroskedastic_proxy_null,0.8,0.0,7,4999,estimated,240,0.7906,-0.001023569687617489,-0.0148214184244626,False,False
mbe3-pgdl-transfer-confirmation-v2,B1_design,heteroskedastic_proxy_null,0.8,0.0,8,4999,estimated,240,0.2654,0.0043924068776090164,0.06401588759327999,False,False
mbe3-pgdl-transfer-confirmation-v2,B1_design,heteroskedastic_proxy_null,0.8,0.0,9,4999,estimated,240,0.0014,-0.012166581377274709,-0.18362674930554343,False,False
mbe3-pgdl-transfer-confirmation-v2,B1_design,heteroskedastic_proxy_null,0.8,0.0,10,4999,estimated,240,0.0536,0.008109969016266582,0.10895533546362644,False,False
mbe3-pgdl-transfer-confirmation-v2,B1_design,heteroskedastic_proxy_null,0.8,0.0,11,4999,estimated,240,0.2482,0.0044405363076123,0.06696133489207125,False,False
mbe3-pgdl-transfer-confirmation-v2,B1_design,heteroskedastic_proxy_null,0.8,0.0,12,4999,estimated,240,0.962,-0.00023167512532307292,-0.0034558182938941033,False,False
mbe3-pgdl-transfer-confirmation-v2,B1_design,heteroskedastic_proxy_null,0.8,0.0,13,4999,estimated,240,0.0038,0.013130344733417147,0.172066125945529,False,False
mbe3-pgdl-transfer-confirmation-v2,B1_design,heteroskedastic_proxy_null,0.8,0.0,14,4999,estimated,240,0.3198,0.004044338519105459,0.054652669166926446,False,False
mbe3-pgdl-transfer-confirmation-v2,B1_design,heteroskedastic_proxy_null,0.8,0.0,15,4999,estimated,240,0.1584,0.0064877224072040695,0.09261591717330867,False,False
mbe3-pgdl-transfer-confirmation-v2,B1_design,heteroskedastic_proxy_null,0.8,0.0,16,4999,estimated,240,0.711,-0.0017526673399652927,-0.021553675006700083,False,False
mbe3-pgdl-transfer-confirmation-v2,B1_design,heteroskedastic_proxy_null,0.8,0.0,17,4999,estimated,240,0.6034,0.001966083023995983,0.030087488563635516,False,False
mbe3-pgdl-transfer-confirmation-v2,B1_design,heteroskedastic_proxy_null,0.8,0.0,18,4999,estimated,240,0.0158,0.008396600201227716,0.13059285728344833,False,False
mbe3-pgdl-transfer-confirmation-v2,B1_design,heteroskedastic_proxy_null,0.8,0.0,19,4999,estimated,240,0.1614,0.005307089201936502,0.07733496006150672,False,False
mbe3-pgdl-transfer-confirmation-v2,B1_design,heteroskedastic_proxy_null,0.8,0.0,20,4999,estimated,240,0.5952,0.002103977676639885,0.029039826331426724,False,False
mbe3-pgdl-transfer-confirmation-v2,B1_design,heteroskedastic_proxy_null,0.8,0.0,21,4999,estimated,240,0.5036,0.0025572651953776567,0.035495323357082845,False,False
mbe3-pgdl-transfer-confirmation-v2,B1_design,heteroskedastic_proxy_null,0.8,0.0,22,4999,estimated,240,0.5314,0.002751167075100132,0.04026220977310657,False,False
mbe3-pgdl-transfer-confirmation-v2,B1_design,heteroskedastic_proxy_null,0.8,0.0,23,4999,estimated,240,0.5024,0.0025646021431830917,0.04437261476033988,False,False
mbe3-pgdl-transfer-confirmation-v2,B1_design,heteroskedastic_proxy_null,0.8,0.0,24,4999,estimated,240,0.9054,-0.00040432777891230787,-0.006535593942077256,False,False
mbe3-pgdl-transfer-confirmation-v2,B1_design,heteroskedastic_proxy_null,0.8,0.0,25,4999,estimated,240,0.6702,0.0016792872863914342,0.021877802945812135,False,False
mbe3-pgdl-transfer-confirmation-v2,B1_design,heteroskedastic_proxy_null,0.8,0.0,26,4999,estimated,240,0.9958,-2.680027327836935e-05,-0.0003373356202455641,False,False
mbe3-pgdl-transfer-confirmation-v2,B1_design,heteroskedastic_proxy_null,0.8,0.0,27,4999,estimated,240,0.7482,0.0011682594239084895,0.018254597635495914,False,False
mbe3-pgdl-transfer-confirmation-v2,B1_design,heteroskedastic_proxy_null,0.8,0.0,28,4999,estimated,240,0.0378,0.00857146632979014,0.11920700185106889,False,False
mbe3-pgdl-transfer-confirmation-v2,B1_design,heteroskedastic_proxy_null,0.8,0.0,29,4999,estimated,240,0.1954,-0.004845290501597503,-0.082413584833213,False,False
mbe3-pgdl-transfer-confirmation-v2,B1_design,heteroskedastic_proxy_null,0.8,0.0,30,4999,estimated,240,0.0214,0.0088608350338286,0.12793425083672927,False,False
mbe3-pgdl-transfer-confirmation-v2,B1_design,heteroskedastic_proxy_null,0.8,0.0,31,4999,estimated,240,0.1778,-0.005359700938489135,-0.07359601578965791,False,False
mbe3-pgdl-transfer-confirmation-v2,B1_design,heteroskedastic_proxy_null,0.8,0.0,32,4999,estimated,240,0.9062,-0.0004886292032368328,-0.0062181366853423965,False,False
mbe3-pgdl-transfer-confirmation-v2,B1_design,heteroskedastic_proxy_null,0.8,0.0,33,4999,estimated,240,0.4356,0.003151810405443778,0.04280226795855526,False,False
mbe3-pgdl-transfer-confirmation-v2,B1_design,heteroskedastic_proxy_null,0.8,0.0,34,4999,estimated,240,0.0856,0.005677795726102414,0.08555051257543132,False,False
mbe3-pgdl-transfer-confirmation-v2,B1_design,heteroskedastic_proxy_null,0.8,0.0,35,4999,estimated,240,0.548,-0.002555184212994061,-0.03488137874499804,False,False
mbe3-pgdl-transfer-confirmation-v2,B1_design,heteroskedastic_proxy_null,0.8,0.0,36,4999,estimated,240,0.3426,-0.003404192123736711,-0.05256987605153145,False,False
mbe3-pgdl-transfer-confirmation-v2,B1_design,heteroskedastic_proxy_null,0.8,0.0,37,4999,estimated,240,0.542,0.0024172432636426185,0.03583925999765567,False,False
mbe3-pgdl-transfer-confirmation-v2,B1_design,heteroskedastic_proxy_null,0.8,0.0,38,4999,estimated,240,0.9262,0.0004538614831005941,0.00563358565927365,False,False
mbe3-pgdl-transfer-confirmation-v2,B1_design,heteroskedastic_proxy_null,0.8,0.0,39,4999,estimated,240,0.8914,0.000588961172730787,0.008235961347004588,False,False
mbe3-pgdl-transfer-confirmation-v2,B1_design,heteroskedastic_proxy_null,0.8,0.0,40,4999,estimated,240,0.8348,0.0008209864513683561,0.013637404177719982,False,False
mbe3-pgdl-transfer-confirmation-v2,B1_design,heteroskedastic_proxy_null,0.8,0.0,41,4999,estimated,240,0.3698,-0.003973936367797057,-0.05223401165174961,False,False
mbe3-pgdl-transfer-confirmation-v2,B1_design,heteroskedastic_proxy_null,0.8,0.0,42,4999,estimated,240,0.1764,-0.005125512418126765,-0.06891109210230838,False,False
mbe3-pgdl-transfer-confirmation-v2,B1_design,heteroskedastic_proxy_null,0.8,0.0,43,4999,estimated,240,0.417,0.003183183647696858,0.043937396207210995,False,False
mbe3-pgdl-transfer-confirmation-v2,B1_design,heteroskedastic_proxy_null,0.8,0.0,44,4999,estimated,240,0.954,-0.00020317303762891944,-0.0029347084340581816,False,False
mbe3-pgdl-transfer-confirmation-v2,B1_design,heteroskedastic_proxy_null,0.8,0.0,45,4999,estimated,240,0.9038,0.000518059369809915,0.008226581873131905,False,False
mbe3-pgdl-transfer-confirmation-v2,B1_design,heteroskedastic_proxy_null,0.8,0.0,46,4999,estimated,240,0.075,0.007504558425953653,0.10578085558163071,False,False
mbe3-pgdl-transfer-confirmation-v2,B1_design,heteroskedastic_proxy_null,0.8,0.0,47,4999,estimated,240,0.183,0.005206541667515001,0.06438502278030836,False,False
mbe3-pgdl-transfer-confirmation-v2,B1_design,heteroskedastic_proxy_null,0.8,0.0,48,4999,estimated,240,0.1612,-0.005532735681788633,-0.07717678584655627,False,False
mbe3-pgdl-transfer-confirmation-v2,B1_design,heteroskedastic_proxy_null,0.8,0.0,49,4999,estimated,240,0.6788,-0.0017881110614443442,-0.0241817828860601,False,False
mbe3-pgdl-transfer-confirmation-v2,B1_design,heteroskedastic_proxy_null,0.8,0.0,50,4999,estimated,240,0.0798,-0.006647024030215501,-0.10738133163234972,False,False
mbe3-pgdl-transfer-confirmation-v2,B1_design,heteroskedastic_proxy_null,0.8,0.0,51,4999,estimated,240,0.9974,-1.5283786989416424e-05,-0.00019054181996812047,False,False
mbe3-pgdl-transfer-confirmation-v2,B1_design,heteroskedastic_proxy_null,0.8,0.0,52,4999,estimated,240,0.1378,0.005368199420792533,0.07799280836580744,False,False
mbe3-pgdl-transfer-confirmation-v2,B1_design,heteroskedastic_proxy_null,0.8,0.0,53,4999,estimated,240,0.0354,0.009057603695125272,0.1197845628643779,False,False
mbe3-pgdl-transfer-confirmation-v2,B1_design,heteroskedastic_proxy_null,0.8,0.0,54,4999,estimated,240,0.2976,-0.003675572410868616,-0.05101029867530326,False,False
mbe3-pgdl-transfer-confirmation-v2,B1_design,heteroskedastic_proxy_null,0.8,0.0,55,4999,estimated,240,0.0952,0.006501923687932992,0.09200415780242434,False,False
mbe3-pgdl-transfer-confirmation-v2,B1_design,heteroskedastic_proxy_null,0.8,0.0,56,4999,estimated,240,0.1256,0.006262754150155102,0.08440313383985935,False,False
mbe3-pgdl-transfer-confirmation-v2,B1_design,heteroskedastic_proxy_null,0.8,0.0,57,4999,estimated,240,0.1694,0.00634170988324382,0.07873074702022503,False,False
mbe3-pgdl-transfer-confirmation-v2,B1_design,heteroskedastic_proxy_null,0.8,0.0,58,4999,estimated,240,0.8928,0.00044871165537933,0.0072909641714606595,False,False
mbe3-pgdl-transfer-confirmation-v2,B1_design,heteroskedastic_proxy_null,0.8,0.0,59,4999,estimated,240,0.4648,0.0030891054322177564,0.044026622989917365,False,False
mbe3-pgdl-transfer-confirmation-v2,B1_design,heteroskedastic_proxy_null,0.8,0.0,60,4999,estimated,240,0.035,0.00850658060044313,0.11131474558892278,False,False
mbe3-pgdl-transfer-confirmation-v2,B1_design,heteroskedastic_proxy_null,0.8,0.0,61,4999,estimated,240,0.0306,0.008809828613481011,0.12863286883034264,False,False
mbe3-pgdl-transfer-confirmation-v2,B1_design,heteroskedastic_proxy_null,0.8,0.0,62,4999,estimated,240,0.1408,0.005730127733230037,0.0791735485567598,False,False
mbe3-pgdl-transfer-confirmation-v2,B1_design,heteroskedastic_proxy_null,0.8,0.0,63,4999,estimated,240,0.9312,0.0003266154950824399,0.0049546737165391186,False,False
mbe3-pgdl-transfer-confirmation-v2,B1_design,heteroskedastic_proxy_null,0.8,0.0,64,4999,estimated,240,0.4312,-0.0024770538490327064,-0.03631524146843139,False,False
mbe3-pgdl-transfer-confirmation-v2,B1_design,heteroskedastic_proxy_null,0.8,0.0,65,4999,estimated,240,0.7322,0.0013553236558454895,0.018096736052797498,False,False
mbe3-pgdl-transfer-confirmation-v2,B1_design,heteroskedastic_proxy_null,0.8,0.0,66,4999,estimated,240,0.538,-0.002345148722230448,-0.03021763603395926,False,False
mbe3-pgdl-transfer-confirmation-v2,B1_design,heteroskedastic_proxy_null,0.8,0.0,67,4999,estimated,240,0.828,-0.0008473068944766791,-0.012352251895173897,False,False
mbe3-pgdl-transfer-confirmation-v2,B1_design,heteroskedastic_proxy_null,0.8,0.0,68,4999,estimated,240,0.125,0.005796361944733971,0.07628130337521544,False,False
mbe3-pgdl-transfer-confirmation-v2,B1_design,heteroskedastic_proxy_null,0.8,0.0,69,4999,estimated,240,0.9416,-0.00025821492027928024,-0.003951638023404017,False,False
mbe3-pgdl-transfer-confirmation-v2,B1_design,heteroskedastic_proxy_null,0.8,0.0,70,4999,estimated,240,0.9528,0.0002576516987752159,0.0033525387277822238,False,False
mbe3-pgdl-transfer-confirmation-v2,B1_design,heteroskedastic_proxy_null,0.8,0.0,71,4999,estimated,240,0.0696,0.007495131769478052,0.12012963582169302,False,False
mbe3-pgdl-transfer-confirmation-v2,B1_design,heteroskedastic_proxy_null,0.8,0.0,72,4999,estimated,240,0.0216,0.008075022751935628,0.1405604314935108,False,False
mbe3-pgdl-transfer-confirmation-v2,B1_design,heteroskedastic_proxy_null,0.8,0.0,73,4999,estimated,240,0.763,-0.0011064561354514788,-0.019173908251490488,False,False
mbe3-pgdl-transfer-confirmation-v2,B1_design,heteroskedastic_proxy_null,0.8,0.0,74,4999,estimated,240,0.409,0.0026582533117153915,0.045032609617814044,False,False
mbe3-pgdl-transfer-confirmation-v2,B1_design,heteroskedastic_proxy_null,0.8,0.0,75,4999,estimated,240,0.247,0.0041377520655077335,0.06204322632389276,False,False
mbe3-pgdl-transfer-confirmation-v2,B1_design,heteroskedastic_proxy_null,0.8,0.0,76,4999,estimated,240,0.1436,0.005449593826312677,0.07775434058777721,False,False
mbe3-pgdl-transfer-confirmation-v2,B1_design,heteroskedastic_proxy_null,0.8,0.0,77,4999,estimated,240,0.5596,-0.00205632165733571,-0.030108243633334187,False,False
mbe3-pgdl-transfer-confirmation-v2,B1_design,heteroskedastic_proxy_null,0.8,0.0,78,4999,estimated,240,0.9058,0.0004141575821156777,0.006059623879116761,False,False
mbe3-pgdl-transfer-confirmation-v2,B1_design,heteroskedastic_proxy_null,0.8,0.0,79,4999,estimated,240,0.372,0.0037687287662536615,0.05544693704491652,False,False
mbe3-pgdl-transfer-confirmation-v2,B1_design,heteroskedastic_proxy_null,0.8,0.0,80,4999,estimated,240,0.9594,0.00021897212632762675,0.0033041114039034426,False,False
mbe3-pgdl-transfer-confirmation-v2,B1_design,heteroskedastic_proxy_null,0.8,0.0,81,4999,estimated,240,0.451,0.0033770085739369586,0.043134599527081756,False,False
mbe3-pgdl-transfer-confirmation-v2,B1_design,heteroskedastic_proxy_null,0.8,0.0,82,4999,estimated,240,0.9232,0.00043607500533162415,0.004966784993567274,False,False
mbe3-pgdl-transfer-confirmation-v2,B1_design,heteroskedastic_proxy_null,0.8,0.0,83,4999,estimated,240,0.6192,-0.0018577691803299296,-0.025547283733537117,False,False
mbe3-pgdl-transfer-confirmation-v2,B1_design,heteroskedastic_proxy_null,0.8,0.0,84,4999,estimated,240,0.3368,0.0035680560954076215,0.053370602230890435,False,False
mbe3-pgdl-transfer-confirmation-v2,B1_design,heteroskedastic_proxy_null,0.8,0.0,85,4999,estimated,240,0.4458,-0.0035494254063243233,-0.04581671675721898,False,False
mbe3-pgdl-transfer-confirmation-v2,B1_design,heteroskedastic_proxy_null,0.8,0.0,86,4999,estimated,240,0.065,-0.006965259612949984,-0.10972084693862125,False,False
mbe3-pgdl-transfer-confirmation-v2,B1_design,heteroskedastic_proxy_null,0.8,0.0,87,4999,estimated,240,0.1074,0.007295444125834499,0.09480553677724461,False,False
mbe3-pgdl-transfer-confirmation-v2,B1_design,heteroskedastic_proxy_null,0.8,0.0,88,4999,estimated,240,0.265,0.005118730185053712,0.071386793263525,False,False
mbe3-pgdl-transfer-confirmation-v2,B1_design,heteroskedastic_proxy_null,0.8,0.0,89,4999,estimated,240,0.8522,-0.0007225364793284071,-0.010076995134943608,False,False
mbe3-pgdl-transfer-confirmation-v2,B1_design,heteroskedastic_proxy_null,0.8,0.0,90,4999,estimated,240,0.0512,0.008677615366116965,0.11684295581461658,False,False
mbe3-pgdl-transfer-confirmation-v2,B1_design,heteroskedastic_proxy_null,0.8,0.0,91,4999,estimated,240,0.4154,-0.0031207431384218183,-0.04324147025913102,False,False
mbe3-pgdl-transfer-confirmation-v2,B1_design,heteroskedastic_proxy_null,0.8,0.0,92,4999,estimated,240,0.053,0.007868307353099986,0.11814264437504919,False,False
mbe3-pgdl-transfer-confirmation-v2,B1_design,heteroskedastic_proxy_null,0.8,0.0,93,4999,estimated,240,0.234,-0.004836826573176494,-0.07136927530038871,False,False
mbe3-pgdl-transfer-confirmation-v2,B1_design,heteroskedastic_proxy_null,0.8,0.0,94,4999,estimated,240,0.4164,-0.003345195280086829,-0.04514936102151549,False,False
mbe3-pgdl-transfer-confirmation-v2,B1_design,heteroskedastic_proxy_null,0.8,0.0,95,4999,estimated,240,0.1336,0.006360717939233316,0.09237102217470342,False,False
mbe3-pgdl-transfer-confirmation-v2,B1_design,heteroskedastic_proxy_null,0.8,0.0,96,4999,estimated,240,0.1334,-0.005701817712689897,-0.09784416410417698,False,False
mbe3-pgdl-transfer-confirmation-v2,B1_design,heteroskedastic_proxy_null,0.8,0.0,97,4999,estimated,240,0.2972,-0.0038816658843640077,-0.05812921885608614,False,False
mbe3-pgdl-transfer-confirmation-v2,B1_design,heteroskedastic_proxy_null,0.8,0.0,98,4999,estimated,240,0.1944,0.0050915535156472215,0.061772400009226264,False,False
mbe3-pgdl-transfer-confirmation-v2,B1_design,heteroskedastic_proxy_null,0.8,0.0,99,4999,estimated,240,0.76,0.0012720602725638792,0.01653537804691707,False,False
mbe3-pgdl-transfer-confirmation-v2,B1_design,independent_null,0.3,0.0,0,4999,estimated,240,0.337,0.004946020083611654,0.04787538811507991,False,False
mbe3-pgdl-transfer-confirmation-v2,B1_design,independent_null,0.3,0.0,1,4999,estimated,240,0.9458,-0.0003363310834672432,-0.0030996006151750733,False,False
mbe3-pgdl-transfer-confirmation-v2,B1_design,independent_null,0.3,0.0,2,4999,estimated,240,0.1794,0.006866825418605697,0.0703535971981626,False,False
mbe3-pgdl-transfer-confirmation-v2,B1_design,independent_null,0.3,0.0,3,4999,estimated,240,0.433,0.0035900929370977497,0.03838466635213849,False,False
mbe3-pgdl-transfer-confirmation-v2,B1_design,independent_null,0.3,0.0,4,4999,estimated,240,0.0498,0.009607566639217295,0.09588613273106132,False,False
mbe3-pgdl-transfer-confirmation-v2,B1_design,independent_null,0.3,0.0,5,4999,estimated,240,0.7558,0.0014951924336533313,0.014838016254133196,False,False
mbe3-pgdl-transfer-confirmation-v2,B1_design,independent_null,0.3,0.0,6,4999,estimated,240,0.6084,0.002227672792118368,0.021898127408994248,False,False
mbe3-pgdl-transfer-confirmation-v2,B1_design,independent_null,0.3,0.0,7,4999,estimated,240,0.1152,-0.006936569982827047,-0.07026550155411806,False,False
mbe3-pgdl-transfer-confirmation-v2,B1_design,independent_null,0.3,0.0,8,4999,estimated,240,0.8726,0.0007037681564669452,0.007602436339655257,False,False
mbe3-pgdl-transfer-confirmation-v2,B1_design,independent_null,0.3,0.0,9,4999,estimated,240,0.9414,-0.00034225592948257155,-0.0033898205556308417,False,False
mbe3-pgdl-transfer-confirmation-v2,B1_design,independent_null,0.3,0.0,10,4999,estimated,240,0.528,-0.0032502164536727654,-0.031672754582770295,False,False
mbe3-pgdl-transfer-confirmation-v2,B1_design,independent_null,0.3,0.0,11,4999,estimated,240,0.103,-0.008314932740361452,-0.08376265979937902,False,False
mbe3-pgdl-transfer-confirmation-v2,B1_design,independent_null,0.3,0.0,12,4999,estimated,240,0.323,0.004604102473394022,0.05158215998762314,False,False
mbe3-pgdl-transfer-confirmation-v2,B1_design,independent_null,0.3,0.0,13,4999,estimated,240,0.5138,0.0030037512329364143,0.031733433002920794,False,False
mbe3-pgdl-transfer-confirmation-v2,B1_design,independent_null,0.3,0.0,14,4999,estimated,240,0.4578,0.003260092884821426,0.033932560193245274,False,False
mbe3-pgdl-transfer-confirmation-v2,B1_design,independent_null,0.3,0.0,15,4999,estimated,240,0.324,0.0049720645939594025,0.0514130963125808,False,False
mbe3-pgdl-transfer-confirmation-v2,B1_design,independent_null,0.3,0.0,16,4999,estimated,240,0.7256,-0.001874822741093893,-0.018608462695550738,False,False
mbe3-pgdl-transfer-confirmation-v2,B1_design,independent_null,0.3,0.0,17,4999,estimated,240,0.1064,0.00803855962810932,0.08536280969483835,False,False
mbe3-pgdl-transfer-confirmation-v2,B1_design,independent_null,0.3,0.0,18,4999,estimated,240,0.8438,-0.000919786302704199,-0.009087739833445711,False,False
mbe3-pgdl-transfer-confirmation-v2,B1_design,independent_null,0.3,0.0,19,4999,estimated,240,0.585,0.0027610031540965456,0.02690520408200494,False,False
mbe3-pgdl-transfer-confirmation-v2,B1_design,independent_null,0.3,0.0,20,4999,estimated,240,0.7864,-0.0013076271871758902,-0.014890926828179172,False,False
mbe3-pgdl-transfer-confirmation-v2,B1_design,independent_null,0.3,0.0,21,4999,estimated,240,0.6378,0.0024200492235914237,0.027665029650345677,False,False
mbe3-pgdl-transfer-confirmation-v2,B1_design,independent_null,0.3,0.0,22,4999,estimated,240,0.7132,0.0017032412995048065,0.01657023959104411,False,False
mbe3-pgdl-transfer-confirmation-v2,B1_design,independent_null,0.3,0.0,23,4999,estimated,240,0.0472,0.010068280688295028,0.10695200055724412,False,False
mbe3-pgdl-transfer-confirmation-v2,B1_design,independent_null,0.3,0.0,24,4999,estimated,240,0.0492,0.009871824740519957,0.09567353522547714,False,False
mbe3-pgdl-transfer-confirmation-v2,B1_design,independent_null,0.3,0.0,25,4999,estimated,240,0.396,-0.004033246029760908,-0.040220759586228665,False,False
mbe3-pgdl-transfer-confirmation-v2,B1_design,independent_null,0.3,0.0,26,4999,estimated,240,0.0274,-0.010592731416573454,-0.10572825692775938,False,False
mbe3-pgdl-transfer-confirmation-v2,B1_design,independent_null,0.3,0.0,27,4999,estimated,240,0.5658,0.0024460838258748186,0.025729397063448466,False,False
mbe3-pgdl-transfer-confirmation-v2,B1_design,independent_null,0.3,0.0,28,4999,estimated,240,0.9568,-0.00022319860973567623,-0.002466513486084191,False,False
mbe3-pgdl-transfer-confirmation-v2,B1_design,independent_null,0.3,0.0,29,4999,estimated,240,0.7384,0.0015633239075890585,0.016395028657001712,False,False
mbe3-pgdl-transfer-confirmation-v2,B1_design,independent_null,0.3,0.0,30,4999,estimated,240,0.706,-0.0020844047852609385,-0.020967158258161228,False,False
mbe3-pgdl-transfer-confirmation-v2,B1_design,independent_null,0.3,0.0,31,4999,estimated,240,0.3026,-0.00482123153200879,-0.052902741114848745,False,False
mbe3-pgdl-transfer-confirmation-v2,B1_design,independent_null,0.3,0.0,32,4999,estimated,240,0.2718,-0.00478645475084931,-0.048459686816361834,False,False
mbe3-pgdl-transfer-confirmation-v2,B1_design,independent_null,0.3,0.0,33,4999,estimated,240,0.8126,0.0010825235039241448,0.011300012013988336,False,False
mbe3-pgdl-transfer-confirmation-v2,B1_design,independent_null,0.3,0.0,34,4999,estimated,240,0.0232,0.011465414580472143,0.12398319710056734,False,False
mbe3-pgdl-transfer-confirmation-v2,B1_design,independent_null,0.3,0.0,35,4999,estimated,240,0.274,-0.005841801056630111,-0.05823751615116101,False,False
mbe3-pgdl-transfer-confirmation-v2,B1_design,independent_null,0.3,0.0,36,4999,estimated,240,0.8212,-0.0009713469032570306,-0.010325718100409382,False,False
mbe3-pgdl-transfer-confirmation-v2,B1_design,independent_null,0.3,0.0,37,4999,estimated,240,0.6542,0.0023337285931082463,0.02438603269273,False,False
mbe3-pgdl-transfer-confirmation-v2,B1_design,independent_null,0.3,0.0,38,4999,estimated,240,0.5168,0.0031483393295875886,0.032397863109402784,False,False
mbe3-pgdl-transfer-confirmation-v2,B1_design,independent_null,0.3,0.0,39,4999,estimated,240,0.3564,-0.0045125693267431734,-0.05179981685260325,False,False
mbe3-pgdl-transfer-confirmation-v2,B1_design,independent_null,0.3,0.0,40,4999,estimated,240,0.8466,0.0010120307911856156,0.011001827025988144,False,False
mbe3-pgdl-transfer-confirmation-v2,B1_design,independent_null,0.3,0.0,41,4999,estimated,240,0.694,-0.002005489274256659,-0.021262329243151152,False,False
mbe3-pgdl-transfer-confirmation-v2,B1_design,independent_null,0.3,0.0,42,4999,estimated,240,0.3196,0.004809312873028104,0.05030268189694514,False,False
mbe3-pgdl-transfer-confirmation-v2,B1_design,independent_null,0.3,0.0,43,4999,estimated,240,0.6844,0.0019216428090355433,0.020030691738196705,False,False
mbe3-pgdl-transfer-confirmation-v2,B1_design,independent_null,0.3,0.0,44,4999,estimated,240,0.5542,0.0026654718277304723,0.028843464630662737,False,False
mbe3-pgdl-transfer-confirmation-v2,B1_design,independent_null,0.3,0.0,45,4999,estimated,240,0.9022,0.0006452486965242699,0.006129589594461005,False,False
mbe3-pgdl-transfer-confirmation-v2,B1_design,independent_null,0.3,0.0,46,4999,estimated,240,0.75,0.0016710429701309462,0.016947418550854146,False,False
mbe3-pgdl-transfer-confirmation-v2,B1_design,independent_null,0.3,0.0,47,4999,estimated,240,0.5484,0.003005784514798556,0.032304477293122885,False,False
mbe3-pgdl-transfer-confirmation-v2,B1_design,independent_null,0.3,0.0,48,4999,estimated,240,0.5188,0.003492787042061572,0.03478348467115009,False,False
mbe3-pgdl-transfer-confirmation-v2,B1_design,independent_null,0.3,0.0,49,4999,estimated,240,0.5662,-0.00273824358186713,-0.026023569666303894,False,False
mbe3-pgdl-transfer-confirmation-v2,B1_design,independent_null,0.3,0.0,50,4999,estimated,240,0.993,3.806727751004477e-05,0.00037488148242387643,False,False
mbe3-pgdl-transfer-confirmation-v2,B1_design,independent_null,0.3,0.0,51,4999,estimated,240,0.065,-0.010234299141922969,-0.10937803695073463,False,False
mbe3-pgdl-transfer-confirmation-v2,B1_design,independent_null,0.3,0.0,52,4999,estimated,240,0.1434,-0.007176666944442457,-0.071890476219464,False,False
mbe3-pgdl-transfer-confirmation-v2,B1_design,independent_null,0.3,0.0,53,4999,estimated,240,0.3102,0.004600613585126787,0.052786962252404646,False,False
mbe3-pgdl-transfer-confirmation-v2,B1_design,independent_null,0.3,0.0,54,4999,estimated,240,0.1476,-0.007957055801256553,-0.08259692626123051,False,False
mbe3-pgdl-transfer-confirmation-v2,B1_design,independent_null,0.3,0.0,55,4999,estimated,240,0.9588,0.00023142388398506668,0.0023589413827503286,False,False
mbe3-pgdl-transfer-confirmation-v2,B1_design,independent_null,0.3,0.0,56,4999,estimated,240,0.7894,-0.0013930124283457765,-0.014405957216111313,False,False
mbe3-pgdl-transfer-confirmation-v2,B1_design,independent_null,0.3,0.0,57,4999,estimated,240,0.2884,0.005355149765345007,0.05116521740236807,False,False
mbe3-pgdl-transfer-confirmation-v2,B1_design,independent_null,0.3,0.0,58,4999,estimated,240,0.4186,0.0035835670081807254,0.038054911358887236,False,False
mbe3-pgdl-transfer-confirmation-v2,B1_design,independent_null,0.3,0.0,59,4999,estimated,240,0.5026,-0.003277498176140138,-0.03261407084787336,False,False
mbe3-pgdl-transfer-confirmation-v2,B1_design,independent_null,0.3,0.0,60,4999,estimated,240,0.6326,0.002486149123242676,0.02319007261578642,False,False
mbe3-pgdl-transfer-confirmation-v2,B1_design,independent_null,0.3,0.0,61,4999,estimated,240,0.3504,-0.004347779779900408,-0.04425665965621204,False,False
mbe3-pgdl-transfer-confirmation-v2,B1_design,independent_null,0.3,0.0,62,4999,estimated,240,0.3784,-0.004737260496239524,-0.044941753179163824,False,False
mbe3-pgdl-transfer-confirmation-v2,B1_design,independent_null,0.3,0.0,63,4999,estimated,240,0.2802,-0.00557634951353267,-0.05539700306788953,False,False
mbe3-pgdl-transfer-confirmation-v2,B1_design,independent_null,0.3,0.0,64,4999,estimated,240,0.7322,-0.001704871468045703,-0.017512456959563032,False,False
mbe3-pgdl-transfer-confirmation-v2,B1_design,independent_null,0.3,0.0,65,4999,estimated,240,0.2134,0.005890766250685416,0.06367203899566523,False,False
mbe3-pgdl-transfer-confirmation-v2,B1_design,independent_null,0.3,0.0,66,4999,estimated,240,0.6484,0.0025974451321413867,0.026761703647949577,False,False
mbe3-pgdl-transfer-confirmation-v2,B1_design,independent_null,0.3,0.0,67,4999,estimated,240,0.0836,0.009419342884035436,0.09353598645663667,False,False
mbe3-pgdl-transfer-confirmation-v2,B1_design,independent_null,0.3,0.0,68,4999,estimated,240,0.791,-0.0015053121410715858,-0.015588510277929606,False,False
mbe3-pgdl-transfer-confirmation-v2,B1_design,independent_null,0.3,0.0,69,4999,estimated,240,0.7058,0.001918895642764214,0.020430385416808684,False,False
mbe3-pgdl-transfer-confirmation-v2,B1_design,independent_null,0.3,0.0,70,4999,estimated,240,0.0778,-0.00927060820386026,-0.09734555991449756,False,False
mbe3-pgdl-transfer-confirmation-v2,B1_design,independent_null,0.3,0.0,71,4999,estimated,240,0.161,-0.006215277617302991,-0.06318351217881235,False,False
mbe3-pgdl-transfer-confirmation-v2,B1_design,independent_null,0.3,0.0,72,4999,estimated,240,0.5282,0.003232507605809996,0.030228982662408956,False,False
mbe3-pgdl-transfer-confirmation-v2,B1_design,independent_null,0.3,0.0,73,4999,estimated,240,0.9262,0.0003951305720118231,0.004122914819177238,False,False
mbe3-pgdl-transfer-confirmation-v2,B1_design,independent_null,0.3,0.0,74,4999,estimated,240,0.3024,-0.005734421252628787,-0.05407277185763621,False,False
mbe3-pgdl-transfer-confirmation-v2,B1_design,independent_null,0.3,0.0,75,4999,estimated,240,0.9662,0.00021726215611748897,0.002145299414416285,False,False
mbe3-pgdl-transfer-confirmation-v2,B1_design,independent_null,0.3,0.0,76,4999,estimated,240,0.046,0.010672384659889107,0.1137995397107268,False,False
mbe3-pgdl-transfer-confirmation-v2,B1_design,independent_null,0.3,0.0,77,4999,estimated,240,0.678,-0.001930423747386559,-0.019008860057570333,False,False
mbe3-pgdl-transfer-confirmation-v2,B1_design,independent_null,0.3,0.0,78,4999,estimated,240,0.4858,0.0036889951769603388,0.04048090573977706,False,False
mbe3-pgdl-transfer-confirmation-v2,B1_design,independent_null,0.3,0.0,79,4999,estimated,240,0.714,-0.0017203876193606397,-0.017635805678691927,False,False
mbe3-pgdl-transfer-confirmation-v2,B1_design,independent_null,0.3,0.0,80,4999,estimated,240,0.0054,-0.014877922570891102,-0.15443593870612873,False,False
mbe3-pgdl-transfer-confirmation-v2,B1_design,independent_null,0.3,0.0,81,4999,estimated,240,0.9496,-0.0002618272313131566,-0.0027629203955204253,False,False
mbe3-pgdl-transfer-confirmation-v2,B1_design,independent_null,0.3,0.0,82,4999,estimated,240,0.9066,0.0006089432260662065,0.006094758165130374,False,False
mbe3-pgdl-transfer-confirmation-v2,B1_design,independent_null,0.3,0.0,83,4999,estimated,240,0.9898,-5.684360192082354e-05,-0.0005891485674326717,False,False
mbe3-pgdl-transfer-confirmation-v2,B1_design,independent_null,0.3,0.0,84,4999,estimated,240,0.7656,-0.0013734776091315637,-0.014546195290871927,False,False
mbe3-pgdl-transfer-confirmation-v2,B1_design,independent_null,0.3,0.0,85,4999,estimated,240,0.5492,-0.0029420528934746117,-0.029205148543100152,False,False
mbe3-pgdl-transfer-confirmation-v2,B1_design,independent_null,0.3,0.0,86,4999,estimated,240,0.4094,0.004430657761824572,0.039024306936302156,False,False
mbe3-pgdl-transfer-confirmation-v2,B1_design,independent_null,0.3,0.0,87,4999,estimated,240,0.0726,0.008909688129032003,0.09426915612818784,False,False
mbe3-pgdl-transfer-confirmation-v2,B1_design,independent_null,0.3,0.0,88,4999,estimated,240,0.814,-0.001232481705667375,-0.01289187716458365,False,False
mbe3-pgdl-transfer-confirmation-v2,B1_design,independent_null,0.3,0.0,89,4999,estimated,240,0.7594,-0.0015930320838227383,-0.01563603796479242,False,False
mbe3-pgdl-transfer-confirmation-v2,B1_design,independent_null,0.3,0.0,90,4999,estimated,240,0.593,-0.0028640193828105356,-0.028861147421704668,False,False
mbe3-pgdl-transfer-confirmation-v2,B1_design,independent_null,0.3,0.0,91,4999,estimated,240,0.4708,0.003323762555889577,0.03564850599623634,False,False
mbe3-pgdl-transfer-confirmation-v2,B1_design,independent_null,0.3,0.0,92,4999,estimated,240,0.8382,-0.0009950480735526925,-0.01115523640282371,False,False
mbe3-pgdl-transfer-confirmation-v2,B1_design,independent_null,0.3,0.0,93,4999,estimated,240,0.8816,-0.0007283972277674282,-0.007357137500958046,False,False
mbe3-pgdl-transfer-confirmation-v2,B1_design,independent_null,0.3,0.0,94,4999,estimated,240,0.5152,-0.0031956065996420866,-0.035311090676185077,False,False
mbe3-pgdl-transfer-confirmation-v2,B1_design,independent_null,0.3,0.0,95,4999,estimated,240,0.0758,-0.008999876386628825,-0.08197367195928232,False,False
mbe3-pgdl-transfer-confirmation-v2,B1_design,independent_null,0.3,0.0,96,4999,estimated,240,0.7248,0.001796002477375869,0.017626802822981166,False,False
mbe3-pgdl-transfer-confirmation-v2,B1_design,independent_null,0.3,0.0,97,4999,estimated,240,0.1212,0.008098290528510105,0.08421052368607902,False,False
mbe3-pgdl-transfer-confirmation-v2,B1_design,independent_null,0.3,0.0,98,4999,estimated,240,0.754,0.0015027462772232631,0.015422518877800847,False,False
mbe3-pgdl-transfer-confirmation-v2,B1_design,independent_null,0.3,0.0,99,4999,estimated,240,0.9728,-0.00017051077860930398,-0.001672357714435961,False,False
mbe3-pgdl-transfer-confirmation-v2,B1_design,independent_null,0.8,0.0,0,4999,estimated,240,0.043,-0.009729981217742907,-0.09768508848650992,False,False
mbe3-pgdl-transfer-confirmation-v2,B1_design,independent_null,0.8,0.0,1,4999,estimated,240,0.1508,0.007157001400766032,0.07161591175706139,False,False
mbe3-pgdl-transfer-confirmation-v2,B1_design,independent_null,0.8,0.0,2,4999,estimated,240,0.7844,-0.001426071428827841,-0.015008610702943641,False,False
mbe3-pgdl-transfer-confirmation-v2,B1_design,independent_null,0.8,0.0,3,4999,estimated,240,0.7256,0.0018991505459348633,0.019093421248007638,False,False
mbe3-pgdl-transfer-confirmation-v2,B1_design,independent_null,0.8,0.0,4,4999,estimated,240,0.0014,-0.016810726876515147,-0.15519671716422956,False,False
mbe3-pgdl-transfer-confirmation-v2,B1_design,independent_null,0.8,0.0,5,4999,estimated,240,0.1574,-0.00662822387413128,-0.07328634686568802,False,False
mbe3-pgdl-transfer-confirmation-v2,B1_design,independent_null,0.8,0.0,6,4999,estimated,240,0.3516,-0.004699561231058828,-0.045659810425209835,False,False
mbe3-pgdl-transfer-confirmation-v2,B1_design,independent_null,0.8,0.0,7,4999,estimated,240,0.0648,-0.009287424659509581,-0.08758969046070599,False,False
mbe3-pgdl-transfer-confirmation-v2,B1_design,independent_null,0.8,0.0,8,4999,estimated,240,0.7342,0.001665261659309348,0.017102537694022115,False,False
mbe3-pgdl-transfer-confirmation-v2,B1_design,independent_null,0.8,0.0,9,4999,estimated,240,0.2544,0.005533482260579889,0.05640442779786972,False,False
mbe3-pgdl-transfer-confirmation-v2,B1_design,independent_null,0.8,0.0,10,4999,estimated,240,0.392,0.004542892506982333,0.04454260988602739,False,False
mbe3-pgdl-transfer-confirmation-v2,B1_design,independent_null,0.8,0.0,11,4999,estimated,240,0.5258,-0.0029827906336382473,-0.029976115779601735,False,False
mbe3-pgdl-transfer-confirmation-v2,B1_design,independent_null,0.8,0.0,12,4999,estimated,240,0.7696,-0.0013252673917105052,-0.013348878877369416,False,False
mbe3-pgdl-transfer-confirmation-v2,B1_design,independent_null,0.8,0.0,13,4999,estimated,240,0.6432,-0.0026742474884546997,-0.025815877958857873,False,False
mbe3-pgdl-transfer-confirmation-v2,B1_design,independent_null,0.8,0.0,14,4999,estimated,240,0.0512,-0.01008625842485551,-0.1092618644142019,False,False
mbe3-pgdl-transfer-confirmation-v2,B1_design,independent_null,0.8,0.0,15,4999,estimated,240,0.017,-0.012479840570214694,-0.12018590158701978,False,False
mbe3-pgdl-transfer-confirmation-v2,B1_design,independent_null,0.8,0.0,16,4999,estimated,240,0.4084,0.003745596599975846,0.03988890175462968,False,False
mbe3-pgdl-transfer-confirmation-v2,B1_design,independent_null,0.8,0.0,17,4999,estimated,240,0.4526,0.003632430598864175,0.03861216581725744,False,False
mbe3-pgdl-transfer-confirmation-v2,B1_design,independent_null,0.8,0.0,18,4999,estimated,240,0.3802,-0.004545930269639504,-0.04504670570872305,False,False
mbe3-pgdl-transfer-confirmation-v2,B1_design,independent_null,0.8,0.0,19,4999,estimated,240,0.1774,-0.00614044373085808,-0.06164173608313837,False,False
mbe3-pgdl-transfer-confirmation-v2,B1_design,independent_null,0.8,0.0,20,4999,estimated,240,0.017,-0.01210054652053489,-0.12021544479885506,False,False
mbe3-pgdl-transfer-confirmation-v2,B1_design,independent_null,0.8,0.0,21,4999,estimated,240,0.8044,0.000983197384366456,0.010931101272064352,False,False
mbe3-pgdl-transfer-confirmation-v2,B1_design,independent_null,0.8,0.0,22,4999,estimated,240,0.2788,0.005485272089195081,0.056768053786710786,False,False
mbe3-pgdl-transfer-confirmation-v2,B1_design,independent_null,0.8,0.0,23,4999,estimated,240,0.2354,0.005874291380445135,0.06085236793148339,False,False
mbe3-pgdl-transfer-confirmation-v2,B1_design,independent_null,0.8,0.0,24,4999,estimated,240,0.9256,0.0004870790560871303,0.004906623584744168,False,False
mbe3-pgdl-transfer-confirmation-v2,B1_design,independent_null,0.8,0.0,25,4999,estimated,240,0.2998,-0.004689426556649451,-0.05174890130636334,False,False
mbe3-pgdl-transfer-confirmation-v2,B1_design,independent_null,0.8,0.0,26,4999,estimated,240,0.1094,-0.007674057091080619,-0.07788975002746949,False,False
mbe3-pgdl-transfer-confirmation-v2,B1_design,independent_null,0.8,0.0,27,4999,estimated,240,0.6828,-0.001962320857436065,-0.02117679021939012,False,False
mbe3-pgdl-transfer-confirmation-v2,B1_design,independent_null,0.8,0.0,28,4999,estimated,240,0.9156,-0.0005612751105893615,-0.0059604535597821895,False,False
mbe3-pgdl-transfer-confirmation-v2,B1_design,independent_null,0.8,0.0,29,4999,estimated,240,0.1484,0.007699344947445587,0.07755540633404431,False,False
mbe3-pgdl-transfer-confirmation-v2,B1_design,independent_null,0.8,0.0,30,4999,estimated,240,0.378,-0.004271613539991054,-0.04559944579662767,False,False
mbe3-pgdl-transfer-confirmation-v2,B1_design,independent_null,0.8,0.0,31,4999,estimated,240,0.6096,-0.002474424180083464,-0.026587336085366613,False,False
mbe3-pgdl-transfer-confirmation-v2,B1_design,independent_null,0.8,0.0,32,4999,estimated,240,0.7574,-0.0014356349007992417,-0.015282228620198606,False,False
mbe3-pgdl-transfer-confirmation-v2,B1_design,independent_null,0.8,0.0,33,4999,estimated,240,0.0334,-0.011335423933756512,-0.10996987212646439,False,False
mbe3-pgdl-transfer-confirmation-v2,B1_design,independent_null,0.8,0.0,34,4999,estimated,240,0.5612,-0.0028242048494395784,-0.03170671972003341,False,False
mbe3-pgdl-transfer-confirmation-v2,B1_design,independent_null,0.8,0.0,35,4999,estimated,240,0.4434,-0.004442392458709134,-0.04518885167687586,False,False
mbe3-pgdl-transfer-confirmation-v2,B1_design,independent_null,0.8,0.0,36,4999,estimated,240,0.7444,0.0015799652142865323,0.01571347429619547,False,False
mbe3-pgdl-transfer-confirmation-v2,B1_design,independent_null,0.8,0.0,37,4999,estimated,240,0.3496,-0.004436047949152278,-0.04554393604552401,False,False
mbe3-pgdl-transfer-confirmation-v2,B1_design,independent_null,0.8,0.0,38,4999,estimated,240,0.6176,0.002638170403853043,0.02572632876639172,False,False
mbe3-pgdl-transfer-confirmation-v2,B1_design,independent_null,0.8,0.0,39,4999,estimated,240,0.4076,-0.003983266526661483,-0.04462027900164835,False,False
mbe3-pgdl-transfer-confirmation-v2,B1_design,independent_null,0.8,0.0,40,4999,estimated,240,0.9374,-0.0003881821245571337,-0.004046918212454931,False,False
mbe3-pgdl-transfer-confirmation-v2,B1_design,independent_null,0.8,0.0,41,4999,estimated,240,0.048,-0.010540866606159013,-0.10984900181543802,False,False
mbe3-pgdl-transfer-confirmation-v2,B1_design,independent_null,0.8,0.0,42,4999,estimated,240,0.9014,-0.0006343743149040288,-0.006689022809216746,False,False
mbe3-pgdl-transfer-confirmation-v2,B1_design,independent_null,0.8,0.0,43,4999,estimated,240,0.0132,-0.011149226243717362,-0.12288418176337987,False,False
mbe3-pgdl-transfer-confirmation-v2,B1_design,independent_null,0.8,0.0,44,4999,estimated,240,0.4352,-0.0034005344071235456,-0.03421471886381479,False,False
mbe3-pgdl-transfer-confirmation-v2,B1_design,independent_null,0.8,0.0,45,4999,estimated,240,0.6174,-0.002584665055399777,-0.02766976416196776,False,False
mbe3-pgdl-transfer-confirmation-v2,B1_design,independent_null,0.8,0.0,46,4999,estimated,240,0.2434,-0.005214836493862718,-0.05291878140805255,False,False
mbe3-pgdl-transfer-confirmation-v2,B1_design,independent_null,0.8,0.0,47,4999,estimated,240,0.2996,-0.005284749073588012,-0.0507118162392125,False,False
mbe3-pgdl-transfer-confirmation-v2,B1_design,independent_null,0.8,0.0,48,4999,estimated,240,0.4962,-0.0034034289459959474,-0.033466880084588396,False,False
mbe3-pgdl-transfer-confirmation-v2,B1_design,independent_null,0.8,0.0,49,4999,estimated,240,0.7072,0.0019286951292206997,0.0199861914840447,False,False
mbe3-pgdl-transfer-confirmation-v2,B1_design,independent_null,0.8,0.0,50,4999,estimated,240,0.1702,0.007373262921250776,0.0759188262626125,False,False
mbe3-pgdl-transfer-confirmation-v2,B1_design,independent_null,0.8,0.0,51,4999,estimated,240,0.5938,-0.0023351281162474914,-0.024084215891885873,False,False
mbe3-pgdl-transfer-confirmation-v2,B1_design,independent_null,0.8,0.0,52,4999,estimated,240,0.2268,-0.006207826307475811,-0.06151005711582938,False,False
mbe3-pgdl-transfer-confirmation-v2,B1_design,independent_null,0.8,0.0,53,4999,estimated,240,0.9468,0.00032948266051929727,0.00338284116223522,False,False
mbe3-pgdl-transfer-confirmation-v2,B1_design,independent_null,0.8,0.0,54,4999,estimated,240,0.2354,0.005945201958408235,0.060071765885130635,False,False
mbe3-pgdl-transfer-confirmation-v2,B1_design,independent_null,0.8,0.0,55,4999,estimated,240,0.5504,-0.0028023950220169526,-0.028515809112922116,False,False
mbe3-pgdl-transfer-confirmation-v2,B1_design,independent_null,0.8,0.0,56,4999,estimated,240,0.6054,-0.002535797122166984,-0.025875027458805912,False,False
mbe3-pgdl-transfer-confirmation-v2,B1_design,independent_null,0.8,0.0,57,4999,estimated,240,0.5586,0.0031563840834055923,0.031620750890897026,False,False
mbe3-pgdl-transfer-confirmation-v2,B1_design,independent_null,0.8,0.0,58,4999,estimated,240,0.506,0.003246982255820517,0.0327805538805777,False,False
mbe3-pgdl-transfer-confirmation-v2,B1_design,independent_null,0.8,0.0,59,4999,estimated,240,0.4608,-0.0035384379478916755,-0.0356324640233703,False,False
mbe3-pgdl-transfer-confirmation-v2,B1_design,independent_null,0.8,0.0,60,4999,estimated,240,0.7362,0.0016584134855791343,0.017307871636438273,False,False
mbe3-pgdl-transfer-confirmation-v2,B1_design,independent_null,0.8,0.0,61,4999,estimated,240,0.0594,0.009727166846347642,0.10087665772862724,False,False
mbe3-pgdl-transfer-confirmation-v2,B1_design,independent_null,0.8,0.0,62,4999,estimated,240,0.2772,0.005459162623191815,0.056116395690213434,False,False
mbe3-pgdl-transfer-confirmation-v2,B1_design,independent_null,0.8,0.0,63,4999,estimated,240,0.5518,-0.0032974910696902935,-0.03250365113077244,False,False
mbe3-pgdl-transfer-confirmation-v2,B1_design,independent_null,0.8,0.0,64,4999,estimated,240,0.0252,0.011737433219598711,0.11334431444804331,False,False
mbe3-pgdl-transfer-confirmation-v2,B1_design,independent_null,0.8,0.0,65,4999,estimated,240,0.3894,-0.004354744037408413,-0.044096923498290454,False,False
mbe3-pgdl-transfer-confirmation-v2,B1_design,independent_null,0.8,0.0,66,4999,estimated,240,0.2138,0.006279240726296322,0.05906765464704471,False,False
mbe3-pgdl-transfer-confirmation-v2,B1_design,independent_null,0.8,0.0,67,4999,estimated,240,0.1288,0.006976451661722647,0.07671090025240539,False,False
mbe3-pgdl-transfer-confirmation-v2,B1_design,independent_null,0.8,0.0,68,4999,estimated,240,0.3016,0.004282298335546691,0.04680240036077514,False,False
mbe3-pgdl-transfer-confirmation-v2,B1_design,independent_null,0.8,0.0,69,4999,estimated,240,0.099,-0.008426748676203593,-0.08308012692619257,False,False
mbe3-pgdl-transfer-confirmation-v2,B1_design,independent_null,0.8,0.0,70,4999,estimated,240,0.7106,0.0019022957803050333,0.018755184305112235,False,False
mbe3-pgdl-transfer-confirmation-v2,B1_design,independent_null,0.8,0.0,71,4999,estimated,240,0.7074,-0.00189214713276903,-0.01923511540860668,False,False
mbe3-pgdl-transfer-confirmation-v2,B1_design,independent_null,0.8,0.0,72,4999,estimated,240,0.5884,-0.0023735374945723317,-0.024319116006231892,False,False
mbe3-pgdl-transfer-confirmation-v2,B1_design,independent_null,0.8,0.0,73,4999,estimated,240,0.1424,0.007696494299441561,0.07647957256443683,False,False
mbe3-pgdl-transfer-confirmation-v2,B1_design,independent_null,0.8,0.0,74,4999,estimated,240,0.5508,0.003262966619598358,0.033640599058828866,False,False
mbe3-pgdl-transfer-confirmation-v2,B1_design,independent_null,0.8,0.0,75,4999,estimated,240,0.8872,-0.0005622767048810188,-0.006419709984620632,False,False
mbe3-pgdl-transfer-confirmation-v2,B1_design,independent_null,0.8,0.0,76,4999,estimated,240,0.4842,-0.0037700115064617586,-0.040326666148889044,False,False
mbe3-pgdl-transfer-confirmation-v2,B1_design,independent_null,0.8,0.0,77,4999,estimated,240,0.0432,0.00978850630744767,0.09687725874183262,False,False
mbe3-pgdl-transfer-confirmation-v2,B1_design,independent_null,0.8,0.0,78,4999,estimated,240,0.1444,-0.007318937517195119,-0.06921149801742503,False,False
mbe3-pgdl-transfer-confirmation-v2,B1_design,independent_null,0.8,0.0,79,4999,estimated,240,0.3172,0.005281817369861142,0.058403688655076724,False,False
mbe3-pgdl-transfer-confirmation-v2,B1_design,independent_null,0.8,0.0,80,4999,estimated,240,0.196,0.006758990329063747,0.06317174453331578,False,False
mbe3-pgdl-transfer-confirmation-v2,B1_design,independent_null,0.8,0.0,81,4999,estimated,240,0.0196,0.009698771645485662,0.1000356298878941,False,False
mbe3-pgdl-transfer-confirmation-v2,B1_design,independent_null,0.8,0.0,82,4999,estimated,240,0.8564,-0.001026116391335039,-0.010243840192957885,False,False
mbe3-pgdl-transfer-confirmation-v2,B1_design,independent_null,0.8,0.0,83,4999,estimated,240,0.6872,-0.002034627996154732,-0.02136440667411898,False,False
mbe3-pgdl-transfer-confirmation-v2,B1_design,independent_null,0.8,0.0,84,4999,estimated,240,0.1258,0.0065182926255495325,0.07834811759085913,False,False
mbe3-pgdl-transfer-confirmation-v2,B1_design,independent_null,0.8,0.0,85,4999,estimated,240,0.6536,-0.002449095639168222,-0.024278732259608197,False,False
mbe3-pgdl-transfer-confirmation-v2,B1_design,independent_null,0.8,0.0,86,4999,estimated,240,0.3992,0.004442495617753481,0.04273367951160316,False,False
mbe3-pgdl-transfer-confirmation-v2,B1_design,independent_null,0.8,0.0,87,4999,estimated,240,0.5748,-0.0024518881041736607,-0.0253659623803379,False,False
mbe3-pgdl-transfer-confirmation-v2,B1_design,independent_null,0.8,0.0,88,4999,estimated,240,0.3512,0.004640711271805659,0.047743381822274465,False,False
mbe3-pgdl-transfer-confirmation-v2,B1_design,independent_null,0.8,0.0,89,4999,estimated,240,0.8764,-0.0008003793746842252,-0.007993890977673834,False,False
mbe3-pgdl-transfer-confirmation-v2,B1_design,independent_null,0.8,0.0,90,4999,estimated,240,0.6066,-0.0024639658745150336,-0.02450674359902382,False,False
mbe3-pgdl-transfer-confirmation-v2,B1_design,independent_null,0.8,0.0,91,4999,estimated,240,0.2274,-0.006166959834686927,-0.0634795851707891,False,False
mbe3-pgdl-transfer-confirmation-v2,B1_design,independent_null,0.8,0.0,92,4999,estimated,240,0.7998,0.0014657068645717484,0.013907528249189347,False,False
mbe3-pgdl-transfer-confirmation-v2,B1_design,independent_null,0.8,0.0,93,4999,estimated,240,0.132,-0.007903351625819498,-0.07640265135144587,False,False
mbe3-pgdl-transfer-confirmation-v2,B1_design,independent_null,0.8,0.0,94,4999,estimated,240,0.0642,0.0096221981510577,0.09268084619332755,False,False
mbe3-pgdl-transfer-confirmation-v2,B1_design,independent_null,0.8,0.0,95,4999,estimated,240,0.9788,0.0001272091205668587,0.0013097735617046775,False,False
mbe3-pgdl-transfer-confirmation-v2,B1_design,independent_null,0.8,0.0,96,4999,estimated,240,0.3916,0.004120618299923728,0.04112560028815748,False,False
mbe3-pgdl-transfer-confirmation-v2,B1_design,independent_null,0.8,0.0,97,4999,estimated,240,0.8108,0.0010396474599913366,0.010427618968769328,False,False
mbe3-pgdl-transfer-confirmation-v2,B1_design,independent_null,0.8,0.0,98,4999,estimated,240,0.8252,0.0011344510738547735,0.012017136455496003,False,False
mbe3-pgdl-transfer-confirmation-v2,B1_design,independent_null,0.8,0.0,99,4999,estimated,240,0.0504,-0.010259180748653566,-0.10243710211756865,False,False
mbe3-pgdl-transfer-confirmation-v2,B1_design,interaction_increment,0.3,0.2,0,4999,estimated,240,0.0398,0.00855457921349524,0.11625125416227157,False,False
mbe3-pgdl-transfer-confirmation-v2,B1_design,interaction_increment,0.3,0.2,1,4999,estimated,240,0.047,0.008567424426634527,0.13060899950678198,False,False
mbe3-pgdl-transfer-confirmation-v2,B1_design,interaction_increment,0.3,0.2,2,4999,estimated,240,0.6352,0.0021685428048777854,0.031212382824541085,False,False
mbe3-pgdl-transfer-confirmation-v2,B1_design,interaction_increment,0.3,0.2,3,4999,estimated,240,0.0016,0.0124104315414924,0.19208052736810263,False,False
mbe3-pgdl-transfer-confirmation-v2,B1_design,interaction_increment,0.3,0.2,4,4999,estimated,240,0.057,0.007328632114293854,0.11610268566306889,False,False
mbe3-pgdl-transfer-confirmation-v2,B1_design,interaction_increment,0.3,0.2,5,4999,estimated,240,0.1634,0.006165566289913773,0.08800847548869471,False,False
mbe3-pgdl-transfer-confirmation-v2,B1_design,interaction_increment,0.3,0.2,6,4999,estimated,240,0.0356,0.009834359861435323,0.13024977656189593,False,False
mbe3-pgdl-transfer-confirmation-v2,B1_design,interaction_increment,0.3,0.2,7,4999,estimated,240,0.0066,0.01332254450108877,0.17349190865877734,False,False
mbe3-pgdl-transfer-confirmation-v2,B1_design,interaction_increment,0.3,0.2,8,4999,estimated,240,0.0134,0.010501252953729254,0.15043508694957297,False,False
mbe3-pgdl-transfer-confirmation-v2,B1_design,interaction_increment,0.3,0.2,9,4999,estimated,240,0.0648,0.00793179404572294,0.11211040174022578,False,False
mbe3-pgdl-transfer-confirmation-v2,B1_design,interaction_increment,0.3,0.2,10,4999,estimated,240,0.2992,0.004318502328022903,0.058329718184298704,False,False
mbe3-pgdl-transfer-confirmation-v2,B1_design,interaction_increment,0.3,0.2,11,4999,estimated,240,0.417,0.003537564070532142,0.06077965699165927,False,False
mbe3-pgdl-transfer-confirmation-v2,B1_design,interaction_increment,0.3,0.2,12,4999,estimated,240,0.0118,0.009957092709501068,0.14875432522881968,False,False
mbe3-pgdl-transfer-confirmation-v2,B1_design,interaction_increment,0.3,0.2,13,4999,estimated,240,0.12,0.006427895057843078,0.08820231761964849,False,False
mbe3-pgdl-transfer-confirmation-v2,B1_design,interaction_increment,0.3,0.2,14,4999,estimated,240,0.203,0.00635771696122501,0.08640319244450291,False,False
mbe3-pgdl-transfer-confirmation-v2,B1_design,interaction_increment,0.3,0.2,15,4999,estimated,240,0.0012,0.01631703866801624,0.19750141514527572,False,False
mbe3-pgdl-transfer-confirmation-v2,B1_design,interaction_increment,0.3,0.2,16,4999,estimated,240,0.0008,0.01321007388437404,0.18287087376061398,True,True
mbe3-pgdl-transfer-confirmation-v2,B1_design,interaction_increment,0.3,0.2,17,4999,estimated,240,0.126,0.005598306384718466,0.1041462855670306,False,False
mbe3-pgdl-transfer-confirmation-v2,B1_design,interaction_increment,0.3,0.2,18,4999,estimated,240,0.0422,0.007329301407771687,0.11635091477507746,False,False
mbe3-pgdl-transfer-confirmation-v2,B1_design,interaction_increment,0.3,0.2,19,4999,estimated,240,0.234,0.004997977022443919,0.07506439770545202,False,False
mbe3-pgdl-transfer-confirmation-v2,B1_design,interaction_increment,0.3,0.2,20,4999,estimated,240,0.2448,0.004981357249695934,0.06848877728243823,False,False
mbe3-pgdl-transfer-confirmation-v2,B1_design,interaction_increment,0.3,0.2,21,4999,estimated,240,0.164,0.006404934440346546,0.08852935733308254,False,False
mbe3-pgdl-transfer-confirmation-v2,B1_design,interaction_increment,0.3,0.2,22,4999,estimated,240,0.0768,0.008567498643317283,0.10940989810639112,False,False
mbe3-pgdl-transfer-confirmation-v2,B1_design,interaction_increment,0.3,0.2,23,4999,estimated,240,0.015,0.008779295712633731,0.13241654429245844,False,False
mbe3-pgdl-transfer-confirmation-v2,B1_design,interaction_increment,0.3,0.2,24,4999,estimated,240,0.9682,-0.0001359527057636781,-0.0022452177490760185,False,False
mbe3-pgdl-transfer-confirmation-v2,B1_design,interaction_increment,0.3,0.2,25,4999,estimated,240,0.1902,0.005452167865962762,0.0813707513444625,False,False
mbe3-pgdl-transfer-confirmation-v2,B1_design,interaction_increment,0.3,0.2,26,4999,estimated,240,0.891,-0.000680993577247225,-0.009080520961670543,False,False
mbe3-pgdl-transfer-confirmation-v2,B1_design,interaction_increment,0.3,0.2,27,4999,estimated,240,0.2012,0.005191521814691861,0.0839436886982634,False,False
mbe3-pgdl-transfer-confirmation-v2,B1_design,interaction_increment,0.3,0.2,28,4999,estimated,240,0.6148,0.0021920278183564634,0.031153489753651245,False,False
mbe3-pgdl-transfer-confirmation-v2,B1_design,interaction_increment,0.3,0.2,29,4999,estimated,240,0.025,0.009811905882506343,0.13247401144231044,False,False
mbe3-pgdl-transfer-confirmation-v2,B1_design,interaction_increment,0.3,0.2,30,4999,estimated,240,0.1404,0.006116161262433676,0.0806944613957936,False,False
mbe3-pgdl-transfer-confirmation-v2,B1_design,interaction_increment,0.3,0.2,31,4999,estimated,240,0.8424,-0.000899343501253597,-0.01243052657027753,False,False
mbe3-pgdl-transfer-confirmation-v2,B1_design,interaction_increment,0.3,0.2,32,4999,estimated,240,0.0798,0.007395437566434311,0.11590274053155457,False,False
mbe3-pgdl-transfer-confirmation-v2,B1_design,interaction_increment,0.3,0.2,33,4999,estimated,240,0.2334,0.005973852950837468,0.07675816353206046,False,False
mbe3-pgdl-transfer-confirmation-v2,B1_design,interaction_increment,0.3,0.2,34,4999,estimated,240,0.1098,-0.006838093392046344,-0.09262314862949945,False,False
mbe3-pgdl-transfer-confirmation-v2,B1_design,interaction_increment,0.3,0.2,35,4999,estimated,240,0.2976,0.0047581062688764175,0.06886537731841313,False,False
mbe3-pgdl-transfer-confirmation-v2,B1_design,interaction_increment,0.3,0.2,36,4999,estimated,240,0.0196,0.013050404848278858,0.15577130609888573,False,False
mbe3-pgdl-transfer-confirmation-v2,B1_design,interaction_increment,0.3,0.2,37,4999,estimated,240,0.1594,0.005071021719350705,0.0786911995093999,False,False
mbe3-pgdl-transfer-confirmation-v2,B1_design,interaction_increment,0.3,0.2,38,4999,estimated,240,0.1272,0.00658214679689933,0.10353736571754187,False,False
mbe3-pgdl-transfer-confirmation-v2,B1_design,interaction_increment,0.3,0.2,39,4999,estimated,240,0.165,0.006328900438507093,0.09001961695970206,False,False
mbe3-pgdl-transfer-confirmation-v2,B1_design,interaction_increment,0.3,0.2,40,4999,estimated,240,0.4318,0.0034910069240899093,0.0442412130874724,False,False
mbe3-pgdl-transfer-confirmation-v2,B1_design,interaction_increment,0.3,0.2,41,4999,estimated,240,0.0022,0.013685413893688008,0.19880743651989577,False,False
mbe3-pgdl-transfer-confirmation-v2,B1_design,interaction_increment,0.3,0.2,42,4999,estimated,240,0.0478,0.007820007012954659,0.13183157452538982,False,False
mbe3-pgdl-transfer-confirmation-v2,B1_design,interaction_increment,0.3,0.2,43,4999,estimated,240,0.726,-0.001484405738742945,-0.02144620055957733,False,False
mbe3-pgdl-transfer-confirmation-v2,B1_design,interaction_increment,0.3,0.2,44,4999,estimated,240,0.019,0.010048313953131945,0.14898340269797403,False,False
mbe3-pgdl-transfer-confirmation-v2,B1_design,interaction_increment,0.3,0.2,45,4999,estimated,240,0.0018,0.013794559238836062,0.20958911866727606,False,False
mbe3-pgdl-transfer-confirmation-v2,B1_design,interaction_increment,0.3,0.2,46,4999,estimated,240,0.0008,0.01752744385577832,0.23257551757040712,True,True
mbe3-pgdl-transfer-confirmation-v2,B1_design,interaction_increment,0.3,0.2,47,4999,estimated,240,0.5974,-0.002133965084391323,-0.027779169578998366,False,False
mbe3-pgdl-transfer-confirmation-v2,B1_design,interaction_increment,0.3,0.2,48,4999,estimated,240,0.0398,0.009205727024353431,0.1268916378801684,False,False
mbe3-pgdl-transfer-confirmation-v2,B1_design,interaction_increment,0.3,0.2,49,4999,estimated,240,0.0624,0.008140575657297899,0.10317116259327669,False,False
mbe3-pgdl-transfer-confirmation-v2,B1_design,interaction_increment,0.3,0.2,50,4999,estimated,240,0.017,0.010268406135605023,0.14377634683662463,False,False
mbe3-pgdl-transfer-confirmation-v2,B1_design,interaction_increment,0.3,0.2,51,4999,estimated,240,0.03,0.010088329402951676,0.15092270171429537,False,False
mbe3-pgdl-transfer-confirmation-v2,B1_design,interaction_increment,0.3,0.2,52,4999,estimated,240,0.5232,0.0024735561557813423,0.04101685929277576,False,False
mbe3-pgdl-transfer-confirmation-v2,B1_design,interaction_increment,0.3,0.2,53,4999,estimated,240,0.001,0.017103686734187423,0.21601825478430264,True,True
mbe3-pgdl-transfer-confirmation-v2,B1_design,interaction_increment,0.3,0.2,54,4999,estimated,240,0.021,0.009375696107060901,0.13387857298752498,False,False
mbe3-pgdl-transfer-confirmation-v2,B1_design,interaction_increment,0.3,0.2,55,4999,estimated,240,0.0594,0.00721926032201709,0.11682324322505161,False,False
mbe3-pgdl-transfer-confirmation-v2,B1_design,interaction_increment,0.3,0.2,56,4999,estimated,240,0.5158,0.003343235602693742,0.04576483674167135,False,False
mbe3-pgdl-transfer-confirmation-v2,B1_design,interaction_increment,0.3,0.2,57,4999,estimated,240,0.005,0.011543890508178814,0.16908733832282968,False,False
mbe3-pgdl-transfer-confirmation-v2,B1_design,interaction_increment,0.3,0.2,58,4999,estimated,240,0.0538,0.008879663022187527,0.12278992112677152,False,False
mbe3-pgdl-transfer-confirmation-v2,B1_design,interaction_increment,0.3,0.2,59,4999,estimated,240,0.2614,0.00518859810673222,0.06853318366732974,False,False
mbe3-pgdl-transfer-confirmation-v2,B1_design,interaction_increment,0.3,0.2,60,4999,estimated,240,0.319,0.004733506527903247,0.07094903229068666,False,False
mbe3-pgdl-transfer-confirmation-v2,B1_design,interaction_increment,0.3,0.2,61,4999,estimated,240,0.1978,0.006050362227466249,0.07932100546807146,False,False
mbe3-pgdl-transfer-confirmation-v2,B1_design,interaction_increment,0.3,0.2,62,4999,estimated,240,0.1904,0.005731026025142725,0.08239984061066742,False,False
mbe3-pgdl-transfer-confirmation-v2,B1_design,interaction_increment,0.3,0.2,63,4999,estimated,240,0.0586,0.008720929688193978,0.12312023804020898,False,False
mbe3-pgdl-transfer-confirmation-v2,B1_design,interaction_increment,0.3,0.2,64,4999,estimated,240,0.0168,0.010606859580729287,0.16536612731345124,False,False
mbe3-pgdl-transfer-confirmation-v2,B1_design,interaction_increment,0.3,0.2,65,4999,estimated,240,0.294,0.004538592818940269,0.0752227229886298,False,False
mbe3-pgdl-transfer-confirmation-v2,B1_design,interaction_increment,0.3,0.2,66,4999,estimated,240,0.0136,0.011096898811104604,0.15618466898466637,False,False
mbe3-pgdl-transfer-confirmation-v2,B1_design,interaction_increment,0.3,0.2,67,4999,estimated,240,0.3466,0.004524584470436555,0.06112749600531328,False,False
mbe3-pgdl-transfer-confirmation-v2,B1_design,interaction_increment,0.3,0.2,68,4999,estimated,240,0.7928,-0.0011699997661967466,-0.01642671045044408,False,False
mbe3-pgdl-transfer-confirmation-v2,B1_design,interaction_increment,0.3,0.2,69,4999,estimated,240,0.5914,0.002472188670166149,0.037058585304845744,False,False
mbe3-pgdl-transfer-confirmation-v2,B1_design,interaction_increment,0.3,0.2,70,4999,estimated,240,0.5942,-0.002472519351391943,-0.037371426400420266,False,False
mbe3-pgdl-transfer-confirmation-v2,B1_design,interaction_increment,0.3,0.2,71,4999,estimated,240,0.0156,0.010834326712848239,0.17231696562337023,False,False
mbe3-pgdl-transfer-confirmation-v2,B1_design,interaction_increment,0.3,0.2,72,4999,estimated,240,0.1054,0.006789887698126773,0.11029275739388748,False,False
mbe3-pgdl-transfer-confirmation-v2,B1_design,interaction_increment,0.3,0.2,73,4999,estimated,240,0.7368,0.0013488682750704083,0.01894812859908323,False,False
mbe3-pgdl-transfer-confirmation-v2,B1_design,interaction_increment,0.3,0.2,74,4999,estimated,240,0.1768,0.006354352467411168,0.08360241532416296,False,False
mbe3-pgdl-transfer-confirmation-v2,B1_design,interaction_increment,0.3,0.2,75,4999,estimated,240,0.9094,-0.00052521558133248,-0.008192560827308041,False,False
mbe3-pgdl-transfer-confirmation-v2,B1_design,interaction_increment,0.3,0.2,76,4999,estimated,240,0.7622,-0.0013335697220367654,-0.019510693130770793,False,False
mbe3-pgdl-transfer-confirmation-v2,B1_design,interaction_increment,0.3,0.2,77,4999,estimated,240,0.9066,0.00043961262675269486,0.0075283975155268235,False,False
mbe3-pgdl-transfer-confirmation-v2,B1_design,interaction_increment,0.3,0.2,78,4999,estimated,240,0.6904,0.0018724556732041006,0.026621927393127943,False,False
mbe3-pgdl-transfer-confirmation-v2,B1_design,interaction_increment,0.3,0.2,79,4999,estimated,240,0.3494,-0.004031519727039881,-0.060857798378306245,False,False
mbe3-pgdl-transfer-confirmation-v2,B1_design,interaction_increment,0.3,0.2,80,4999,estimated,240,0.0314,0.008829685026644774,0.14256975671529856,False,False
mbe3-pgdl-transfer-confirmation-v2,B1_design,interaction_increment,0.3,0.2,81,4999,estimated,240,0.837,0.0008747701864047529,0.011863617663290988,False,False
mbe3-pgdl-transfer-confirmation-v2,B1_design,interaction_increment,0.3,0.2,82,4999,estimated,240,0.0406,0.009833266459357202,0.1258362130525652,False,False
mbe3-pgdl-transfer-confirmation-v2,B1_design,interaction_increment,0.3,0.2,83,4999,estimated,240,0.244,0.005224452303369228,0.07438251728301644,False,False
mbe3-pgdl-transfer-confirmation-v2,B1_design,interaction_increment,0.3,0.2,84,4999,estimated,240,0.0138,0.011324418232486377,0.1484333364176806,False,False
mbe3-pgdl-transfer-confirmation-v2,B1_design,interaction_increment,0.3,0.2,85,4999,estimated,240,0.8886,-0.0005324747465751872,-0.009334659599190116,False,False
mbe3-pgdl-transfer-confirmation-v2,B1_design,interaction_increment,0.3,0.2,86,4999,estimated,240,0.1828,0.005402425421382697,0.0877283326358063,False,False
mbe3-pgdl-transfer-confirmation-v2,B1_design,interaction_increment,0.3,0.2,87,4999,estimated,240,0.309,0.004528245425241881,0.06234498392444856,False,False
mbe3-pgdl-transfer-confirmation-v2,B1_design,interaction_increment,0.3,0.2,88,4999,estimated,240,0.005,0.012446744250583567,0.191801292539583,False,False
mbe3-pgdl-transfer-confirmation-v2,B1_design,interaction_increment,0.3,0.2,89,4999,estimated,240,0.0002,0.016017856076930494,0.22885062102188228,True,True
mbe3-pgdl-transfer-confirmation-v2,B1_design,interaction_increment,0.3,0.2,90,4999,estimated,240,0.8808,-0.0006397620087903383,-0.0089441107071239,False,False
mbe3-pgdl-transfer-confirmation-v2,B1_design,interaction_increment,0.3,0.2,91,4999,estimated,240,0.027,0.009967868775827015,0.1412736918020836,False,False
mbe3-pgdl-transfer-confirmation-v2,B1_design,interaction_increment,0.3,0.2,92,4999,estimated,240,0.0138,0.010969444325023586,0.15059707908395417,False,False
mbe3-pgdl-transfer-confirmation-v2,B1_design,interaction_increment,0.3,0.2,93,4999,estimated,240,0.0114,0.010001702287829218,0.16900945959723426,False,False
mbe3-pgdl-transfer-confirmation-v2,B1_design,interaction_increment,0.3,0.2,94,4999,estimated,240,0.0228,0.009524871331966198,0.1389967389067045,False,False
mbe3-pgdl-transfer-confirmation-v2,B1_design,interaction_increment,0.3,0.2,95,4999,estimated,240,0.0676,0.007509275096053204,0.12166064056512231,False,False
mbe3-pgdl-transfer-confirmation-v2,B1_design,interaction_increment,0.3,0.2,96,4999,estimated,240,0.0004,0.013791157708914826,0.2073442275911757,True,True
mbe3-pgdl-transfer-confirmation-v2,B1_design,interaction_increment,0.3,0.2,97,4999,estimated,240,0.0018,0.013217748295681665,0.20015223689894532,False,False
mbe3-pgdl-transfer-confirmation-v2,B1_design,interaction_increment,0.3,0.2,98,4999,estimated,240,0.0002,0.013203879836863474,0.20525217284367367,True,True
mbe3-pgdl-transfer-confirmation-v2,B1_design,interaction_increment,0.3,0.2,99,4999,estimated,240,0.0044,0.011245780307511609,0.14985808950931062,False,False
mbe3-pgdl-transfer-confirmation-v2,B1_design,interaction_increment,0.3,0.35,0,4999,estimated,240,0.0094,0.010994528129324369,0.1649046822916569,False,False
mbe3-pgdl-transfer-confirmation-v2,B1_design,interaction_increment,0.3,0.35,1,4999,estimated,240,0.0178,0.010008935756028554,0.15081216962626023,False,False
mbe3-pgdl-transfer-confirmation-v2,B1_design,interaction_increment,0.3,0.35,2,4999,estimated,240,0.0238,0.009696259755384034,0.12353697249408552,False,False
mbe3-pgdl-transfer-confirmation-v2,B1_design,interaction_increment,0.3,0.35,3,4999,estimated,240,0.107,0.0065187516426171745,0.10396994958928152,False,False
mbe3-pgdl-transfer-confirmation-v2,B1_design,interaction_increment,0.3,0.35,4,4999,estimated,240,0.1066,0.007337325649825888,0.1110553135981346,False,False
mbe3-pgdl-transfer-confirmation-v2,B1_design,interaction_increment,0.3,0.35,5,4999,estimated,240,0.0016,0.011729056784105168,0.18019909412505136,False,False
mbe3-pgdl-transfer-confirmation-v2,B1_design,interaction_increment,0.3,0.35,6,4999,estimated,240,0.0286,0.010205848359542281,0.13761391752851454,False,False
mbe3-pgdl-transfer-confirmation-v2,B1_design,interaction_increment,0.3,0.35,7,4999,estimated,240,0.0034,0.011760726304595587,0.1730132682738155,False,False
mbe3-pgdl-transfer-confirmation-v2,B1_design,interaction_increment,0.3,0.35,8,4999,estimated,240,0.2112,0.004687228842484724,0.07032934458839127,False,False
mbe3-pgdl-transfer-confirmation-v2,B1_design,interaction_increment,0.3,0.35,9,4999,estimated,240,0.0002,0.019150807806646457,0.24887186927551194,True,True
mbe3-pgdl-transfer-confirmation-v2,B1_design,interaction_increment,0.3,0.35,10,4999,estimated,240,0.147,0.00645896757937574,0.0974095904135055,False,False
mbe3-pgdl-transfer-confirmation-v2,B1_design,interaction_increment,0.3,0.35,11,4999,estimated,240,0.3338,0.003947713998404896,0.06708179023795231,False,False
mbe3-pgdl-transfer-confirmation-v2,B1_design,interaction_increment,0.3,0.35,12,4999,estimated,240,0.1514,0.005915751261916752,0.08334165049075361,False,False
mbe3-pgdl-transfer-confirmation-v2,B1_design,interaction_increment,0.3,0.35,13,4999,estimated,240,0.066,0.008159438692415207,0.11644964926395697,False,False
mbe3-pgdl-transfer-confirmation-v2,B1_design,interaction_increment,0.3,0.35,14,4999,estimated,240,0.0002,0.01648019519692103,0.21286057086337834,True,True
mbe3-pgdl-transfer-confirmation-v2,B1_design,interaction_increment,0.3,0.35,15,4999,estimated,240,0.0002,0.019805920217391398,0.2706034596353689,True,True
mbe3-pgdl-transfer-confirmation-v2,B1_design,interaction_increment,0.3,0.35,16,4999,estimated,240,0.1618,0.006095258353843548,0.08218856441883869,False,False
mbe3-pgdl-transfer-confirmation-v2,B1_design,interaction_increment,0.3,0.35,17,4999,estimated,240,0.0036,0.011275393879115808,0.15851986525219358,False,False
mbe3-pgdl-transfer-confirmation-v2,B1_design,interaction_increment,0.3,0.35,18,4999,estimated,240,0.0002,0.014336811230692727,0.22768766012946307,True,True
mbe3-pgdl-transfer-confirmation-v2,B1_design,interaction_increment,0.3,0.35,19,4999,estimated,240,0.1118,0.00740593959758298,0.09592951349972745,False,False
mbe3-pgdl-transfer-confirmation-v2,B1_design,interaction_increment,0.3,0.35,20,4999,estimated,240,0.0004,0.01662291935440097,0.2399401911112758,True,True
mbe3-pgdl-transfer-confirmation-v2,B1_design,interaction_increment,0.3,0.35,21,4999,estimated,240,0.3266,0.0038578518126420602,0.05550841823918015,False,False
mbe3-pgdl-transfer-confirmation-v2,B1_design,interaction_increment,0.3,0.35,22,4999,estimated,240,0.0054,0.013282720857612304,0.19400019206944563,False,False
mbe3-pgdl-transfer-confirmation-v2,B1_design,interaction_increment,0.3,0.35,23,4999,estimated,240,0.066,0.007621895106404214,0.11087982996185375,False,False
mbe3-pgdl-transfer-confirmation-v2,B1_design,interaction_increment,0.3,0.35,24,4999,estimated,240,0.0036,0.010688359773184008,0.16196996418791368,False,False
mbe3-pgdl-transfer-confirmation-v2,B1_design,interaction_increment,0.3,0.35,25,4999,estimated,240,0.0128,0.012433052234859073,0.17427393982590408,False,False
mbe3-pgdl-transfer-confirmation-v2,B1_design,interaction_increment,0.3,0.35,26,4999,estimated,240,0.1652,0.005050493132890797,0.0745506974142331,False,False
mbe3-pgdl-transfer-confirmation-v2,B1_design,interaction_increment,0.3,0.35,27,4999,estimated,240,0.0066,0.01070540980119246,0.1543802320527901,False,False
mbe3-pgdl-transfer-confirmation-v2,B1_design,interaction_increment,0.3,0.35,28,4999,estimated,240,0.0678,0.00857717801967531,0.1188900650281951,False,False
mbe3-pgdl-transfer-confirmation-v2,B1_design,interaction_increment,0.3,0.35,29,4999,estimated,240,0.0002,0.01712490177106197,0.2353761028487015,True,True
mbe3-pgdl-transfer-confirmation-v2,B1_design,interaction_increment,0.3,0.35,30,4999,estimated,240,0.3242,0.004429944652595299,0.06172861749146537,False,False
mbe3-pgdl-transfer-confirmation-v2,B1_design,interaction_increment,0.3,0.35,31,4999,estimated,240,0.0002,0.016310850237040857,0.2554246425612703,True,True
mbe3-pgdl-transfer-confirmation-v2,B1_design,interaction_increment,0.3,0.35,32,4999,estimated,240,0.0018,0.013501045323420348,0.189782789618761,False,False
mbe3-pgdl-transfer-confirmation-v2,B1_design,interaction_increment,0.3,0.35,33,4999,estimated,240,0.001,0.014834482615788602,0.18751098050364726,True,True
mbe3-pgdl-transfer-confirmation-v2,B1_design,interaction_increment,0.3,0.35,34,4999,estimated,240,0.3222,0.003980267885175933,0.06027332270225301,False,False
mbe3-pgdl-transfer-confirmation-v2,B1_design,interaction_increment,0.3,0.35,35,4999,estimated,240,0.0002,0.01827364490884201,0.27706669216384927,True,True
mbe3-pgdl-transfer-confirmation-v2,B1_design,interaction_increment,0.3,0.35,36,4999,estimated,240,0.0004,0.01691177840213495,0.2694398912190283,True,True
mbe3-pgdl-transfer-confirmation-v2,B1_design,interaction_increment,0.3,0.35,37,4999,estimated,240,0.0002,0.02296125952607759,0.281535277814289,True,True
mbe3-pgdl-transfer-confirmation-v2,B1_design,interaction_increment,0.3,0.35,38,4999,estimated,240,0.0126,0.01071618232258196,0.139428902042534,False,False
mbe3-pgdl-transfer-confirmation-v2,B1_design,interaction_increment,0.3,0.35,39,4999,estimated,240,0.0006,0.013614460497181947,0.20668558991687344,True,True
mbe3-pgdl-transfer-confirmation-v2,B1_design,interaction_increment,0.3,0.35,40,4999,estimated,240,0.0506,0.009052042680804458,0.129239629305227,False,False
mbe3-pgdl-transfer-confirmation-v2,B1_design,interaction_increment,0.3,0.35,41,4999,estimated,240,0.0018,0.014520831888028527,0.18581850018968246,False,False
mbe3-pgdl-transfer-confirmation-v2,B1_design,interaction_increment,0.3,0.35,42,4999,estimated,240,0.0026,0.013307896615811825,0.18503199691997557,False,False
mbe3-pgdl-transfer-confirmation-v2,B1_design,interaction_increment,0.3,0.35,43,4999,estimated,240,0.0034,0.01150774303541822,0.16729309816310212,False,False
mbe3-pgdl-transfer-confirmation-v2,B1_design,interaction_increment,0.3,0.35,44,4999,estimated,240,0.0002,0.022737910880591076,0.3345272892420244,True,True
mbe3-pgdl-transfer-confirmation-v2,B1_design,interaction_increment,0.3,0.35,45,4999,estimated,240,0.0006,0.01634675630604792,0.2218411876716235,True,True
mbe3-pgdl-transfer-confirmation-v2,B1_design,interaction_increment,0.3,0.35,46,4999,estimated,240,0.2142,0.00612697054273535,0.089979963710586,False,False
mbe3-pgdl-transfer-confirmation-v2,B1_design,interaction_increment,0.3,0.35,47,4999,estimated,240,0.0002,0.020707809740301827,0.2923230903903358,True,True
mbe3-pgdl-transfer-confirmation-v2,B1_design,interaction_increment,0.3,0.35,48,4999,estimated,240,0.0304,0.00908160591213025,0.14206136566156882,False,False
mbe3-pgdl-transfer-confirmation-v2,B1_design,interaction_increment,0.3,0.35,49,4999,estimated,240,0.0578,0.00837095460892901,0.13711619617340287,False,False
mbe3-pgdl-transfer-confirmation-v2,B1_design,interaction_increment,0.3,0.35,50,4999,estimated,240,0.0012,0.012997487075000572,0.18100075972020707,False,False
mbe3-pgdl-transfer-confirmation-v2,B1_design,interaction_increment,0.3,0.35,51,4999,estimated,240,0.0144,0.009613692846708311,0.1325288136591685,False,False
mbe3-pgdl-transfer-confirmation-v2,B1_design,interaction_increment,0.3,0.35,52,4999,estimated,240,0.0254,0.010054696136419083,0.11882796255211449,False,False
mbe3-pgdl-transfer-confirmation-v2,B1_design,interaction_increment,0.3,0.35,53,4999,estimated,240,0.0022,0.013542665263942615,0.2042025673854613,False,False
mbe3-pgdl-transfer-confirmation-v2,B1_design,interaction_increment,0.3,0.35,54,4999,estimated,240,0.5572,0.002725234413365228,0.03889090995341088,False,False
mbe3-pgdl-transfer-confirmation-v2,B1_design,interaction_increment,0.3,0.35,55,4999,estimated,240,0.0158,0.011142505102899937,0.14132197534623936,False,False
mbe3-pgdl-transfer-confirmation-v2,B1_design,interaction_increment,0.3,0.35,56,4999,estimated,240,0.0114,0.010369696164154008,0.18008397891045194,False,False
mbe3-pgdl-transfer-confirmation-v2,B1_design,interaction_increment,0.3,0.35,57,4999,estimated,240,0.0206,0.009135808771102634,0.1359558009193685,False,False
mbe3-pgdl-transfer-confirmation-v2,B1_design,interaction_increment,0.3,0.35,58,4999,estimated,240,0.348,0.0042855893785940374,0.060305848484085066,False,False
mbe3-pgdl-transfer-confirmation-v2,B1_design,interaction_increment,0.3,0.35,59,4999,estimated,240,0.0116,0.013482323830642962,0.18640897272937312,False,False
mbe3-pgdl-transfer-confirmation-v2,B1_design,interaction_increment,0.3,0.35,60,4999,estimated,240,0.0058,0.012584342033131675,0.16515853528223295,False,False
mbe3-pgdl-transfer-confirmation-v2,B1_design,interaction_increment,0.3,0.35,61,4999,estimated,240,0.0004,0.019614260830614887,0.2531017661486104,True,True
mbe3-pgdl-transfer-confirmation-v2,B1_design,interaction_increment,0.3,0.35,62,4999,estimated,240,0.0034,0.012619949131269589,0.17327351442340264,False,False
mbe3-pgdl-transfer-confirmation-v2,B1_design,interaction_increment,0.3,0.35,63,4999,estimated,240,0.0188,0.012655102230256314,0.16113900752951546,False,False
mbe3-pgdl-transfer-confirmation-v2,B1_design,interaction_increment,0.3,0.35,64,4999,estimated,240,0.188,0.005636027928662516,0.08350308991688589,False,False
mbe3-pgdl-transfer-confirmation-v2,B1_design,interaction_increment,0.3,0.35,65,4999,estimated,240,0.0002,0.019588804377470046,0.3251023145098848,True,True
mbe3-pgdl-transfer-confirmation-v2,B1_design,interaction_increment,0.3,0.35,66,4999,estimated,240,0.0002,0.016540318438864225,0.21969702348110318,True,True
mbe3-pgdl-transfer-confirmation-v2,B1_design,interaction_increment,0.3,0.35,67,4999,estimated,240,0.008,0.011473595984050181,0.16570300841874266,False,False
mbe3-pgdl-transfer-confirmation-v2,B1_design,interaction_increment,0.3,0.35,68,4999,estimated,240,0.6278,0.002153146480471745,0.029981478266485118,False,False
mbe3-pgdl-transfer-confirmation-v2,B1_design,interaction_increment,0.3,0.35,69,4999,estimated,240,0.2928,0.004292352079971658,0.07322815629335695,False,False
mbe3-pgdl-transfer-confirmation-v2,B1_design,interaction_increment,0.3,0.35,70,4999,estimated,240,0.0002,0.021620785906452954,0.32104273537040645,True,True
mbe3-pgdl-transfer-confirmation-v2,B1_design,interaction_increment,0.3,0.35,71,4999,estimated,240,0.0002,0.019440119969350536,0.23510934646468754,True,True
mbe3-pgdl-transfer-confirmation-v2,B1_design,interaction_increment,0.3,0.35,72,4999,estimated,240,0.188,0.005714324216437275,0.08148432291309776,False,False
mbe3-pgdl-transfer-confirmation-v2,B1_design,interaction_increment,0.3,0.35,73,4999,estimated,240,0.4228,0.003758323586507629,0.05255032011679496,False,False
mbe3-pgdl-transfer-confirmation-v2,B1_design,interaction_increment,0.3,0.35,74,4999,estimated,240,0.0002,0.015960820794329023,0.2724584462903258,True,True
mbe3-pgdl-transfer-confirmation-v2,B1_design,interaction_increment,0.3,0.35,75,4999,estimated,240,0.0168,0.010950677220407814,0.15374189376622066,False,False
mbe3-pgdl-transfer-confirmation-v2,B1_design,interaction_increment,0.3,0.35,76,4999,estimated,240,0.0002,0.019016156004115527,0.2733021829917349,True,True
mbe3-pgdl-transfer-confirmation-v2,B1_design,interaction_increment,0.3,0.35,77,4999,estimated,240,0.0314,0.010474867615133191,0.13774595623501956,False,False
mbe3-pgdl-transfer-confirmation-v2,B1_design,interaction_increment,0.3,0.35,78,4999,estimated,240,0.0006,0.013936382517737829,0.19563718134654218,True,True
mbe3-pgdl-transfer-confirmation-v2,B1_design,interaction_increment,0.3,0.35,79,4999,estimated,240,0.0114,0.013864546281698038,0.17232202999404353,False,False
mbe3-pgdl-transfer-confirmation-v2,B1_design,interaction_increment,0.3,0.35,80,4999,estimated,240,0.7738,0.0010836841524463911,0.01692166361173377,False,False
mbe3-pgdl-transfer-confirmation-v2,B1_design,interaction_increment,0.3,0.35,81,4999,estimated,240,0.0058,0.012528658983124774,0.16641629052010407,False,False
mbe3-pgdl-transfer-confirmation-v2,B1_design,interaction_increment,0.3,0.35,82,4999,estimated,240,0.0606,0.008024814127522458,0.12115557118850277,False,False
mbe3-pgdl-transfer-confirmation-v2,B1_design,interaction_increment,0.3,0.35,83,4999,estimated,240,0.0004,0.019063368261957148,0.25017258626998023,True,True
mbe3-pgdl-transfer-confirmation-v2,B1_design,interaction_increment,0.3,0.35,84,4999,estimated,240,0.5816,-0.0020506171367279252,-0.0292739686876373,False,False
mbe3-pgdl-transfer-confirmation-v2,B1_design,interaction_increment,0.3,0.35,85,4999,estimated,240,0.0346,0.008844501148699132,0.12781893699225647,False,False
mbe3-pgdl-transfer-confirmation-v2,B1_design,interaction_increment,0.3,0.35,86,4999,estimated,240,0.0344,0.009459158352226294,0.14924946725547844,False,False
mbe3-pgdl-transfer-confirmation-v2,B1_design,interaction_increment,0.3,0.35,87,4999,estimated,240,0.0116,0.011148768121130267,0.1418699589971388,False,False
mbe3-pgdl-transfer-confirmation-v2,B1_design,interaction_increment,0.3,0.35,88,4999,estimated,240,0.0002,0.02230606837513493,0.282890564681655,True,True
mbe3-pgdl-transfer-confirmation-v2,B1_design,interaction_increment,0.3,0.35,89,4999,estimated,240,0.0042,0.013381288686820874,0.1644100212850296,False,False
mbe3-pgdl-transfer-confirmation-v2,B1_design,interaction_increment,0.3,0.35,90,4999,estimated,240,0.6274,0.0021517576468822537,0.0266015612833972,False,False
mbe3-pgdl-transfer-confirmation-v2,B1_design,interaction_increment,0.3,0.35,91,4999,estimated,240,0.0008,0.015460107004548545,0.2280653487044981,True,True
mbe3-pgdl-transfer-confirmation-v2,B1_design,interaction_increment,0.3,0.35,92,4999,estimated,240,0.0244,0.00957899804482156,0.13475955569805848,False,False
mbe3-pgdl-transfer-confirmation-v2,B1_design,interaction_increment,0.3,0.35,93,4999,estimated,240,0.0006,0.01518250337433963,0.23066798434230498,True,True
mbe3-pgdl-transfer-confirmation-v2,B1_design,interaction_increment,0.3,0.35,94,4999,estimated,240,0.1664,0.006327578539726964,0.08498065162097315,False,False
mbe3-pgdl-transfer-confirmation-v2,B1_design,interaction_increment,0.3,0.35,95,4999,estimated,240,0.0076,0.011267896382878203,0.15378924328478036,False,False
mbe3-pgdl-transfer-confirmation-v2,B1_design,interaction_increment,0.3,0.35,96,4999,estimated,240,0.0002,0.021931540859499065,0.3070858109515787,True,True
mbe3-pgdl-transfer-confirmation-v2,B1_design,interaction_increment,0.3,0.35,97,4999,estimated,240,0.0466,0.008582651677967956,0.12417202796444078,False,False
mbe3-pgdl-transfer-confirmation-v2,B1_design,interaction_increment,0.3,0.35,98,4999,estimated,240,0.0386,0.009951350284054573,0.14388424607326586,False,False
mbe3-pgdl-transfer-confirmation-v2,B1_design,interaction_increment,0.3,0.35,99,4999,estimated,240,0.0004,0.01881423568344319,0.27313615285129156,True,True
mbe3-pgdl-transfer-confirmation-v2,B1_design,interaction_increment,0.3,0.5,0,4999,estimated,240,0.0044,0.01421974688471564,0.19441451244424457,False,False
mbe3-pgdl-transfer-confirmation-v2,B1_design,interaction_increment,0.3,0.5,1,4999,estimated,240,0.0042,0.012021156906919279,0.17298103991280978,False,False
mbe3-pgdl-transfer-confirmation-v2,B1_design,interaction_increment,0.3,0.5,2,4999,estimated,240,0.0006,0.014870284417267954,0.24301850488763732,True,True
mbe3-pgdl-transfer-confirmation-v2,B1_design,interaction_increment,0.3,0.5,3,4999,estimated,240,0.0002,0.023051710631225672,0.31413110981044146,True,True
mbe3-pgdl-transfer-confirmation-v2,B1_design,interaction_increment,0.3,0.5,4,4999,estimated,240,0.0092,0.011893623937649889,0.1634357945362936,False,False
mbe3-pgdl-transfer-confirmation-v2,B1_design,interaction_increment,0.3,0.5,5,4999,estimated,240,0.0006,0.016044619990299366,0.20792952584350768,True,True
mbe3-pgdl-transfer-confirmation-v2,B1_design,interaction_increment,0.3,0.5,6,4999,estimated,240,0.0036,0.014531342760863142,0.19184087972878824,False,False
mbe3-pgdl-transfer-confirmation-v2,B1_design,interaction_increment,0.3,0.5,7,4999,estimated,240,0.0002,0.024290281107462723,0.37865774421395193,True,True
mbe3-pgdl-transfer-confirmation-v2,B1_design,interaction_increment,0.3,0.5,8,4999,estimated,240,0.0002,0.020501564329209587,0.30384119262811665,True,True
mbe3-pgdl-transfer-confirmation-v2,B1_design,interaction_increment,0.3,0.5,9,4999,estimated,240,0.0002,0.018083335739713404,0.24853070182668321,True,True
mbe3-pgdl-transfer-confirmation-v2,B1_design,interaction_increment,0.3,0.5,10,4999,estimated,240,0.0026,0.013778167777587306,0.20384194673077854,False,False
mbe3-pgdl-transfer-confirmation-v2,B1_design,interaction_increment,0.3,0.5,11,4999,estimated,240,0.0002,0.01933216800509516,0.26215976671574265,True,True
mbe3-pgdl-transfer-confirmation-v2,B1_design,interaction_increment,0.3,0.5,12,4999,estimated,240,0.0002,0.01999768263517924,0.2609632103238153,True,True
mbe3-pgdl-transfer-confirmation-v2,B1_design,interaction_increment,0.3,0.5,13,4999,estimated,240,0.0002,0.02430661328162351,0.3377207555289806,True,True
mbe3-pgdl-transfer-confirmation-v2,B1_design,interaction_increment,0.3,0.5,14,4999,estimated,240,0.0002,0.019734781472637415,0.27584125931962156,True,True
mbe3-pgdl-transfer-confirmation-v2,B1_design,interaction_increment,0.3,0.5,15,4999,estimated,240,0.0028,0.013491874541102322,0.172381182138087,False,False
mbe3-pgdl-transfer-confirmation-v2,B1_design,interaction_increment,0.3,0.5,16,4999,estimated,240,0.0006,0.018836619948580775,0.27847270273529745,True,True
mbe3-pgdl-transfer-confirmation-v2,B1_design,interaction_increment,0.3,0.5,17,4999,estimated,240,0.0364,0.010063452006323784,0.14173611102273714,False,False
mbe3-pgdl-transfer-confirmation-v2,B1_design,interaction_increment,0.3,0.5,18,4999,estimated,240,0.0002,0.01929193498589572,0.2851633604661474,True,True
mbe3-pgdl-transfer-confirmation-v2,B1_design,interaction_increment,0.3,0.5,19,4999,estimated,240,0.0002,0.021622901223517683,0.31203368987392593,True,True
mbe3-pgdl-transfer-confirmation-v2,B1_design,interaction_increment,0.3,0.5,20,4999,estimated,240,0.0002,0.015269652455349092,0.2295508545247161,True,True
mbe3-pgdl-transfer-confirmation-v2,B1_design,interaction_increment,0.3,0.5,21,4999,estimated,240,0.0002,0.025012794108115997,0.3662990813723079,True,True
mbe3-pgdl-transfer-confirmation-v2,B1_design,interaction_increment,0.3,0.5,22,4999,estimated,240,0.0002,0.027168280984762164,0.36161197012933105,True,True
mbe3-pgdl-transfer-confirmation-v2,B1_design,interaction_increment,0.3,0.5,23,4999,estimated,240,0.0002,0.022523646089008396,0.32705793963046087,True,True
mbe3-pgdl-transfer-confirmation-v2,B1_design,interaction_increment,0.3,0.5,24,4999,estimated,240,0.0002,0.030883004689528256,0.43253588588725117,True,True
mbe3-pgdl-transfer-confirmation-v2,B1_design,interaction_increment,0.3,0.5,25,4999,estimated,240,0.0002,0.02399987586043552,0.3425300186577164,True,True
mbe3-pgdl-transfer-confirmation-v2,B1_design,interaction_increment,0.3,0.5,26,4999,estimated,240,0.0002,0.015955706456267073,0.2254770796609281,True,True
mbe3-pgdl-transfer-confirmation-v2,B1_design,interaction_increment,0.3,0.5,27,4999,estimated,240,0.0006,0.014445222445460518,0.2240273321818789,True,True
mbe3-pgdl-transfer-confirmation-v2,B1_design,interaction_increment,0.3,0.5,28,4999,estimated,240,0.0002,0.01614486300251584,0.23958325084381837,True,True
mbe3-pgdl-transfer-confirmation-v2,B1_design,interaction_increment,0.3,0.5,29,4999,estimated,240,0.0032,0.013243718369559836,0.1852838603786049,False,False
mbe3-pgdl-transfer-confirmation-v2,B1_design,interaction_increment,0.3,0.5,30,4999,estimated,240,0.0002,0.020229193141068625,0.2725287218787947,True,True
mbe3-pgdl-transfer-confirmation-v2,B1_design,interaction_increment,0.3,0.5,31,4999,estimated,240,0.0186,0.009771475361853604,0.13724790370813733,False,False
mbe3-pgdl-transfer-confirmation-v2,B1_design,interaction_increment,0.3,0.5,32,4999,estimated,240,0.0002,0.026956150797296925,0.3678179094410635,True,True
mbe3-pgdl-transfer-confirmation-v2,B1_design,interaction_increment,0.3,0.5,33,4999,estimated,240,0.0016,0.013993535723695782,0.2125071795486405,False,False
mbe3-pgdl-transfer-confirmation-v2,B1_design,interaction_increment,0.3,0.5,34,4999,estimated,240,0.0002,0.02262191116129136,0.32143436711705314,True,True
mbe3-pgdl-transfer-confirmation-v2,B1_design,interaction_increment,0.3,0.5,35,4999,estimated,240,0.0004,0.018749647736596087,0.25422457347337346,True,True
mbe3-pgdl-transfer-confirmation-v2,B1_design,interaction_increment,0.3,0.5,36,4999,estimated,240,0.0002,0.017318639721424344,0.253919607124709,True,True
mbe3-pgdl-transfer-confirmation-v2,B1_design,interaction_increment,0.3,0.5,37,4999,estimated,240,0.001,0.01746633922456668,0.2577586475758701,True,True
mbe3-pgdl-transfer-confirmation-v2,B1_design,interaction_increment,0.3,0.5,38,4999,estimated,240,0.0004,0.017000018974284558,0.21531398118795006,True,True
mbe3-pgdl-transfer-confirmation-v2,B1_design,interaction_increment,0.3,0.5,39,4999,estimated,240,0.0002,0.02068810951616867,0.2640061733978119,True,True
mbe3-pgdl-transfer-confirmation-v2,B1_design,interaction_increment,0.3,0.5,40,4999,estimated,240,0.0004,0.019067163652078025,0.2427723443200348,True,True
mbe3-pgdl-transfer-confirmation-v2,B1_design,interaction_increment,0.3,0.5,41,4999,estimated,240,0.0024,0.012762016317467949,0.23162663759952923,False,False
mbe3-pgdl-transfer-confirmation-v2,B1_design,interaction_increment,0.3,0.5,42,4999,estimated,240,0.007,0.009931205927127741,0.1705205897235565,False,False
mbe3-pgdl-transfer-confirmation-v2,B1_design,interaction_increment,0.3,0.5,43,4999,estimated,240,0.034,0.008000462732041694,0.14750261689076585,False,False
mbe3-pgdl-transfer-confirmation-v2,B1_design,interaction_increment,0.3,0.5,44,4999,estimated,240,0.0002,0.023947932462067053,0.3234823371715704,True,True
mbe3-pgdl-transfer-confirmation-v2,B1_design,interaction_increment,0.3,0.5,45,4999,estimated,240,0.0002,0.01724183902265168,0.22962979804315695,True,True
mbe3-pgdl-transfer-confirmation-v2,B1_design,interaction_increment,0.3,0.5,46,4999,estimated,240,0.2744,0.005490210810337681,0.07332966377941105,False,False
mbe3-pgdl-transfer-confirmation-v2,B1_design,interaction_increment,0.3,0.5,47,4999,estimated,240,0.0002,0.018957738115883534,0.24959238312551724,True,True
mbe3-pgdl-transfer-confirmation-v2,B1_design,interaction_increment,0.3,0.5,48,4999,estimated,240,0.001,0.014637851646654376,0.21137539116741436,True,True
mbe3-pgdl-transfer-confirmation-v2,B1_design,interaction_increment,0.3,0.5,49,4999,estimated,240,0.0002,0.024455964991615405,0.3730680047698751,True,True
mbe3-pgdl-transfer-confirmation-v2,B1_design,interaction_increment,0.3,0.5,50,4999,estimated,240,0.0226,0.011242148953513798,0.13957036433779318,False,False
mbe3-pgdl-transfer-confirmation-v2,B1_design,interaction_increment,0.3,0.5,51,4999,estimated,240,0.0178,0.009991145937011503,0.14837298076367111,False,False
mbe3-pgdl-transfer-confirmation-v2,B1_design,interaction_increment,0.3,0.5,52,4999,estimated,240,0.0242,0.010420677005886744,0.1548271175376659,False,False
mbe3-pgdl-transfer-confirmation-v2,B1_design,interaction_increment,0.3,0.5,53,4999,estimated,240,0.0732,0.008844985346355383,0.11427471761365061,False,False
mbe3-pgdl-transfer-confirmation-v2,B1_design,interaction_increment,0.3,0.5,54,4999,estimated,240,0.0002,0.016595860924273002,0.2556095845532248,True,True
mbe3-pgdl-transfer-confirmation-v2,B1_design,interaction_increment,0.3,0.5,55,4999,estimated,240,0.0016,0.014098524542740824,0.1699163646561323,False,False
mbe3-pgdl-transfer-confirmation-v2,B1_design,interaction_increment,0.3,0.5,56,4999,estimated,240,0.0006,0.016544693749199115,0.2611969062464295,True,True
mbe3-pgdl-transfer-confirmation-v2,B1_design,interaction_increment,0.3,0.5,57,4999,estimated,240,0.0004,0.015455522486269272,0.237904120122642,True,True
mbe3-pgdl-transfer-confirmation-v2,B1_design,interaction_increment,0.3,0.5,58,4999,estimated,240,0.01,0.012241984196088664,0.15092867478758368,False,False
mbe3-pgdl-transfer-confirmation-v2,B1_design,interaction_increment,0.3,0.5,59,4999,estimated,240,0.0002,0.023020268894273888,0.36477339511102524,True,True
mbe3-pgdl-transfer-confirmation-v2,B1_design,interaction_increment,0.3,0.5,60,4999,estimated,240,0.0046,0.014169099273034674,0.1996791374979815,False,False
mbe3-pgdl-transfer-confirmation-v2,B1_design,interaction_increment,0.3,0.5,61,4999,estimated,240,0.0628,0.008439045993734802,0.11497031392290655,False,False
mbe3-pgdl-transfer-confirmation-v2,B1_design,interaction_increment,0.3,0.5,62,4999,estimated,240,0.0002,0.01936663624636921,0.27938054809975177,True,True
mbe3-pgdl-transfer-confirmation-v2,B1_design,interaction_increment,0.3,0.5,63,4999,estimated,240,0.0004,0.018720276600568717,0.24858054756824463,True,True
mbe3-pgdl-transfer-confirmation-v2,B1_design,interaction_increment,0.3,0.5,64,4999,estimated,240,0.004,0.013351434703754928,0.19205555630362414,False,False
mbe3-pgdl-transfer-confirmation-v2,B1_design,interaction_increment,0.3,0.5,65,4999,estimated,240,0.0006,0.014190291354368638,0.20704136689814032,True,True
mbe3-pgdl-transfer-confirmation-v2,B1_design,interaction_increment,0.3,0.5,66,4999,estimated,240,0.002,0.01513868283957005,0.20009389595678712,False,False
mbe3-pgdl-transfer-confirmation-v2,B1_design,interaction_increment,0.3,0.5,67,4999,estimated,240,0.299,0.004751653965825999,0.06677384248257252,False,False
mbe3-pgdl-transfer-confirmation-v2,B1_design,interaction_increment,0.3,0.5,68,4999,estimated,240,0.0002,0.020763311326722822,0.28914726730167944,True,True
mbe3-pgdl-transfer-confirmation-v2,B1_design,interaction_increment,0.3,0.5,69,4999,estimated,240,0.0034,0.014167181008982004,0.20057890859356226,False,False
mbe3-pgdl-transfer-confirmation-v2,B1_design,interaction_increment,0.3,0.5,70,4999,estimated,240,0.0006,0.015780582891980165,0.21002574736381716,True,True
mbe3-pgdl-transfer-confirmation-v2,B1_design,interaction_increment,0.3,0.5,71,4999,estimated,240,0.0018,0.013222058185799562,0.19396666843801827,False,False
mbe3-pgdl-transfer-confirmation-v2,B1_design,interaction_increment,0.3,0.5,72,4999,estimated,240,0.0006,0.020228152482868966,0.330800102832117,True,True
mbe3-pgdl-transfer-confirmation-v2,B1_design,interaction_increment,0.3,0.5,73,4999,estimated,240,0.0002,0.02367086797358924,0.29649535130359617,True,True
mbe3-pgdl-transfer-confirmation-v2,B1_design,interaction_increment,0.3,0.5,74,4999,estimated,240,0.0002,0.023046246141065527,0.32819477871463365,True,True
mbe3-pgdl-transfer-confirmation-v2,B1_design,interaction_increment,0.3,0.5,75,4999,estimated,240,0.0002,0.01866823970250695,0.266178644918393,True,True
mbe3-pgdl-transfer-confirmation-v2,B1_design,interaction_increment,0.3,0.5,76,4999,estimated,240,0.001,0.016661637305972074,0.23006549964124762,True,True
mbe3-pgdl-transfer-confirmation-v2,B1_design,interaction_increment,0.3,0.5,77,4999,estimated,240,0.0002,0.01982998166346325,0.2659709692089519,True,True
mbe3-pgdl-transfer-confirmation-v2,B1_design,interaction_increment,0.3,0.5,78,4999,estimated,240,0.0004,0.019184585413448068,0.26852471447663867,True,True
mbe3-pgdl-transfer-confirmation-v2,B1_design,interaction_increment,0.3,0.5,79,4999,estimated,240,0.0002,0.016823677097175107,0.23027998648846545,True,True
mbe3-pgdl-transfer-confirmation-v2,B1_design,interaction_increment,0.3,0.5,80,4999,estimated,240,0.0102,0.0120874223292497,0.16255283485650163,False,False
mbe3-pgdl-transfer-confirmation-v2,B1_design,interaction_increment,0.3,0.5,81,4999,estimated,240,0.1128,0.007519711402810247,0.11043091772994987,False,False
mbe3-pgdl-transfer-confirmation-v2,B1_design,interaction_increment,0.3,0.5,82,4999,estimated,240,0.0002,0.018690193509689545,0.2365891519732458,True,True
mbe3-pgdl-transfer-confirmation-v2,B1_design,interaction_increment,0.3,0.5,83,4999,estimated,240,0.0002,0.02057683738360375,0.2808999808360534,True,True
mbe3-pgdl-transfer-confirmation-v2,B1_design,interaction_increment,0.3,0.5,84,4999,estimated,240,0.0002,0.018130126711056776,0.27505008392797536,True,True
mbe3-pgdl-transfer-confirmation-v2,B1_design,interaction_increment,0.3,0.5,85,4999,estimated,240,0.002,0.013852587962516079,0.20765708327987162,False,False
mbe3-pgdl-transfer-confirmation-v2,B1_design,interaction_increment,0.3,0.5,86,4999,estimated,240,0.0502,0.007549821285574249,0.11405981194408665,False,False
mbe3-pgdl-transfer-confirmation-v2,B1_design,interaction_increment,0.3,0.5,87,4999,estimated,240,0.0138,0.012104164944823985,0.14654500116381083,False,False
mbe3-pgdl-transfer-confirmation-v2,B1_design,interaction_increment,0.3,0.5,88,4999,estimated,240,0.0024,0.015281496288277161,0.21262387304111996,False,False
mbe3-pgdl-transfer-confirmation-v2,B1_design,interaction_increment,0.3,0.5,89,4999,estimated,240,0.0926,0.007586336380938525,0.09904013792842259,False,False
mbe3-pgdl-transfer-confirmation-v2,B1_design,interaction_increment,0.3,0.5,90,4999,estimated,240,0.0002,0.02164474208715085,0.31248916116561376,True,True
mbe3-pgdl-transfer-confirmation-v2,B1_design,interaction_increment,0.3,0.5,91,4999,estimated,240,0.0038,0.011574972647473983,0.1708075429956455,False,False
mbe3-pgdl-transfer-confirmation-v2,B1_design,interaction_increment,0.3,0.5,92,4999,estimated,240,0.0002,0.021009857714932696,0.2941857327811366,True,True
mbe3-pgdl-transfer-confirmation-v2,B1_design,interaction_increment,0.3,0.5,93,4999,estimated,240,0.0002,0.016593999690787942,0.24146986060642042,True,True
mbe3-pgdl-transfer-confirmation-v2,B1_design,interaction_increment,0.3,0.5,94,4999,estimated,240,0.0338,0.008639729923340422,0.13081690393699688,False,False
mbe3-pgdl-transfer-confirmation-v2,B1_design,interaction_increment,0.3,0.5,95,4999,estimated,240,0.002,0.013877754043387437,0.18665139899162672,False,False
mbe3-pgdl-transfer-confirmation-v2,B1_design,interaction_increment,0.3,0.5,96,4999,estimated,240,0.0002,0.02340619469028344,0.3331709306305641,True,True
mbe3-pgdl-transfer-confirmation-v2,B1_design,interaction_increment,0.3,0.5,97,4999,estimated,240,0.0002,0.017503623672359317,0.248410882662868,True,True
mbe3-pgdl-transfer-confirmation-v2,B1_design,interaction_increment,0.3,0.5,98,4999,estimated,240,0.0002,0.024344377697210363,0.3491635146975346,True,True
mbe3-pgdl-transfer-confirmation-v2,B1_design,interaction_increment,0.3,0.5,99,4999,estimated,240,0.0008,0.014665633446845492,0.2080528781919715,True,True
mbe3-pgdl-transfer-confirmation-v2,B1_design,interaction_increment,0.8,0.2,0,4999,estimated,240,0.0002,0.017932148039132886,0.25895482666441993,True,True
mbe3-pgdl-transfer-confirmation-v2,B1_design,interaction_increment,0.8,0.2,1,4999,estimated,240,0.0252,0.009515274616255806,0.14754198787715186,False,False
mbe3-pgdl-transfer-confirmation-v2,B1_design,interaction_increment,0.8,0.2,2,4999,estimated,240,0.0082,0.011140263258984975,0.17119433231486172,False,False
mbe3-pgdl-transfer-confirmation-v2,B1_design,interaction_increment,0.8,0.2,3,4999,estimated,240,0.003,0.012203490453805926,0.1702885038906508,False,False
mbe3-pgdl-transfer-confirmation-v2,B1_design,interaction_increment,0.8,0.2,4,4999,estimated,240,0.0002,0.016464841163654344,0.25912623443470695,True,True
mbe3-pgdl-transfer-confirmation-v2,B1_design,interaction_increment,0.8,0.2,5,4999,estimated,240,0.0006,0.016773734159872638,0.2476141959380992,True,True
mbe3-pgdl-transfer-confirmation-v2,B1_design,interaction_increment,0.8,0.2,6,4999,estimated,240,0.0116,0.01012889512414804,0.15336293772425252,False,False
mbe3-pgdl-transfer-confirmation-v2,B1_design,interaction_increment,0.8,0.2,7,4999,estimated,240,0.0028,0.01380385534741886,0.20275639330427353,False,False
mbe3-pgdl-transfer-confirmation-v2,B1_design,interaction_increment,0.8,0.2,8,4999,estimated,240,0.0938,0.008268884841814438,0.10484609490100846,False,False
mbe3-pgdl-transfer-confirmation-v2,B1_design,interaction_increment,0.8,0.2,9,4999,estimated,240,0.0002,0.020090284209585068,0.27008060762724956,True,True
mbe3-pgdl-transfer-confirmation-v2,B1_design,interaction_increment,0.8,0.2,10,4999,estimated,240,0.202,0.005689207976844241,0.0688328271742657,False,False
mbe3-pgdl-transfer-confirmation-v2,B1_design,interaction_increment,0.8,0.2,11,4999,estimated,240,0.0608,0.008686021282095538,0.1277406055640629,False,False
mbe3-pgdl-transfer-confirmation-v2,B1_design,interaction_increment,0.8,0.2,12,4999,estimated,240,0.1976,0.005080639005409767,0.07661952334940665,False,False
mbe3-pgdl-transfer-confirmation-v2,B1_design,interaction_increment,0.8,0.2,13,4999,estimated,240,0.0004,0.014107604555960395,0.22726714849881946,True,True
mbe3-pgdl-transfer-confirmation-v2,B1_design,interaction_increment,0.8,0.2,14,4999,estimated,240,0.0046,0.011678826962998075,0.17567495290861537,False,False
mbe3-pgdl-transfer-confirmation-v2,B1_design,interaction_increment,0.8,0.2,15,4999,estimated,240,0.3362,0.0036224957684576594,0.05503289041590185,False,False
mbe3-pgdl-transfer-confirmation-v2,B1_design,interaction_increment,0.8,0.2,16,4999,estimated,240,0.0512,0.008224297187240543,0.12267053611337213,False,False
mbe3-pgdl-transfer-confirmation-v2,B1_design,interaction_increment,0.8,0.2,17,4999,estimated,240,0.0978,0.008044533414759459,0.12215867028059475,False,False
mbe3-pgdl-transfer-confirmation-v2,B1_design,interaction_increment,0.8,0.2,18,4999,estimated,240,0.005,0.012611801627306973,0.16574590592129534,False,False
mbe3-pgdl-transfer-confirmation-v2,B1_design,interaction_increment,0.8,0.2,19,4999,estimated,240,0.0324,0.009534797714640242,0.12056696866397278,False,False
mbe3-pgdl-transfer-confirmation-v2,B1_design,interaction_increment,0.8,0.2,20,4999,estimated,240,0.0132,0.011387539241901733,0.1608172742105896,False,False
mbe3-pgdl-transfer-confirmation-v2,B1_design,interaction_increment,0.8,0.2,21,4999,estimated,240,0.0376,0.009330934921843965,0.13147153883711477,False,False
mbe3-pgdl-transfer-confirmation-v2,B1_design,interaction_increment,0.8,0.2,22,4999,estimated,240,0.1398,0.0067994713876423215,0.08852034362962717,False,False
mbe3-pgdl-transfer-confirmation-v2,B1_design,interaction_increment,0.8,0.2,23,4999,estimated,240,0.461,0.0026438184501843846,0.04723791607901551,False,False
mbe3-pgdl-transfer-confirmation-v2,B1_design,interaction_increment,0.8,0.2,24,4999,estimated,240,0.0784,0.007271263464879329,0.11043435050689838,False,False
mbe3-pgdl-transfer-confirmation-v2,B1_design,interaction_increment,0.8,0.2,25,4999,estimated,240,0.0496,0.008465541198449304,0.12392123697092994,False,False
mbe3-pgdl-transfer-confirmation-v2,B1_design,interaction_increment,0.8,0.2,26,4999,estimated,240,0.0006,0.015330553790141819,0.20228526105661007,True,True
mbe3-pgdl-transfer-confirmation-v2,B1_design,interaction_increment,0.8,0.2,27,4999,estimated,240,0.0006,0.013227201970144853,0.18785853148923704,True,True
mbe3-pgdl-transfer-confirmation-v2,B1_design,interaction_increment,0.8,0.2,28,4999,estimated,240,0.0836,0.007421248045871015,0.1112636219830991,False,False
mbe3-pgdl-transfer-confirmation-v2,B1_design,interaction_increment,0.8,0.2,29,4999,estimated,240,0.0002,0.01625065084418208,0.2296679341947217,True,True
mbe3-pgdl-transfer-confirmation-v2,B1_design,interaction_increment,0.8,0.2,30,4999,estimated,240,0.0106,0.009681282256345068,0.15624189711741387,False,False
mbe3-pgdl-transfer-confirmation-v2,B1_design,interaction_increment,0.8,0.2,31,4999,estimated,240,0.3592,0.0039025597749341783,0.0637378220914879,False,False
mbe3-pgdl-transfer-confirmation-v2,B1_design,interaction_increment,0.8,0.2,32,4999,estimated,240,0.0026,0.013439063592670997,0.18916781201329033,False,False
mbe3-pgdl-transfer-confirmation-v2,B1_design,interaction_increment,0.8,0.2,33,4999,estimated,240,0.0408,0.009607055722698042,0.1548324785244114,False,False
mbe3-pgdl-transfer-confirmation-v2,B1_design,interaction_increment,0.8,0.2,34,4999,estimated,240,0.0002,0.02268711705933091,0.29810419367757923,True,True
mbe3-pgdl-transfer-confirmation-v2,B1_design,interaction_increment,0.8,0.2,35,4999,estimated,240,0.3896,0.003948687929774773,0.05468409004752193,False,False
mbe3-pgdl-transfer-confirmation-v2,B1_design,interaction_increment,0.8,0.2,36,4999,estimated,240,0.0002,0.01773411539339218,0.2681852924776301,True,True
mbe3-pgdl-transfer-confirmation-v2,B1_design,interaction_increment,0.8,0.2,37,4999,estimated,240,0.1748,0.006247509908595185,0.08596579541615817,False,False
mbe3-pgdl-transfer-confirmation-v2,B1_design,interaction_increment,0.8,0.2,38,4999,estimated,240,0.8466,0.0008149976521587046,0.013982505240182179,False,False
mbe3-pgdl-transfer-confirmation-v2,B1_design,interaction_increment,0.8,0.2,39,4999,estimated,240,0.0002,0.01835941885390903,0.22114464626751598,True,True
mbe3-pgdl-transfer-confirmation-v2,B1_design,interaction_increment,0.8,0.2,40,4999,estimated,240,0.0284,0.009449024382637729,0.14675477447412597,False,False
mbe3-pgdl-transfer-confirmation-v2,B1_design,interaction_increment,0.8,0.2,41,4999,estimated,240,0.0008,0.014592399570540036,0.20556065340681087,True,True
mbe3-pgdl-transfer-confirmation-v2,B1_design,interaction_increment,0.8,0.2,42,4999,estimated,240,0.0006,0.016143677858648467,0.2380554483499065,True,True
mbe3-pgdl-transfer-confirmation-v2,B1_design,interaction_increment,0.8,0.2,43,4999,estimated,240,0.0068,0.011431884541836487,0.16168639899264212,False,False
mbe3-pgdl-transfer-confirmation-v2,B1_design,interaction_increment,0.8,0.2,44,4999,estimated,240,0.1552,0.005917182043240741,0.09210603100380878,False,False
mbe3-pgdl-transfer-confirmation-v2,B1_design,interaction_increment,0.8,0.2,45,4999,estimated,240,0.0312,0.00901482947101291,0.1418986309637058,False,False
mbe3-pgdl-transfer-confirmation-v2,B1_design,interaction_increment,0.8,0.2,46,4999,estimated,240,0.0018,0.013791527046180274,0.20142696008138716,False,False
mbe3-pgdl-transfer-confirmation-v2,B1_design,interaction_increment,0.8,0.2,47,4999,estimated,240,0.0012,0.015893979889221727,0.23972587850390406,False,False
mbe3-pgdl-transfer-confirmation-v2,B1_design,interaction_increment,0.8,0.2,48,4999,estimated,240,0.0168,0.009696891711188283,0.13502914162456078,False,False
mbe3-pgdl-transfer-confirmation-v2,B1_design,interaction_increment,0.8,0.2,49,4999,estimated,240,0.0024,0.012784465311697295,0.19870692524432643,False,False
mbe3-pgdl-transfer-confirmation-v2,B1_design,interaction_increment,0.8,0.2,50,4999,estimated,240,0.0002,0.01677972271586416,0.2317442351762087,True,True
mbe3-pgdl-transfer-confirmation-v2,B1_design,interaction_increment,0.8,0.2,51,4999,estimated,240,0.071,0.00935283072910424,0.12020270907360614,False,False
mbe3-pgdl-transfer-confirmation-v2,B1_design,interaction_increment,0.8,0.2,52,4999,estimated,240,0.0096,0.011146437571500729,0.16906877330745143,False,False
mbe3-pgdl-transfer-confirmation-v2,B1_design,interaction_increment,0.8,0.2,53,4999,estimated,240,0.0208,0.009314780091496399,0.14989733878226313,False,False
mbe3-pgdl-transfer-confirmation-v2,B1_design,interaction_increment,0.8,0.2,54,4999,estimated,240,0.0224,0.009739175892871488,0.13124147200657793,False,False
mbe3-pgdl-transfer-confirmation-v2,B1_design,interaction_increment,0.8,0.2,55,4999,estimated,240,0.0002,0.015341812546658139,0.24751590234454193,True,True
mbe3-pgdl-transfer-confirmation-v2,B1_design,interaction_increment,0.8,0.2,56,4999,estimated,240,0.0328,0.009765074029294548,0.12768980648767558,False,False
mbe3-pgdl-transfer-confirmation-v2,B1_design,interaction_increment,0.8,0.2,57,4999,estimated,240,0.0238,0.009949635561272782,0.1323623642279103,False,False
mbe3-pgdl-transfer-confirmation-v2,B1_design,interaction_increment,0.8,0.2,58,4999,estimated,240,0.0778,0.008542548931910376,0.12758991602375272,False,False
mbe3-pgdl-transfer-confirmation-v2,B1_design,interaction_increment,0.8,0.2,59,4999,estimated,240,0.0076,0.011495093411744272,0.19881780992775222,False,False
mbe3-pgdl-transfer-confirmation-v2,B1_design,interaction_increment,0.8,0.2,60,4999,estimated,240,0.001,0.014628458410299782,0.20408700326659734,True,True
mbe3-pgdl-transfer-confirmation-v2,B1_design,interaction_increment,0.8,0.2,61,4999,estimated,240,0.0032,0.01208206238641964,0.1968873181695793,False,False
mbe3-pgdl-transfer-confirmation-v2,B1_design,interaction_increment,0.8,0.2,62,4999,estimated,240,0.0004,0.015885457171674413,0.20928038703933405,True,True
mbe3-pgdl-transfer-confirmation-v2,B1_design,interaction_increment,0.8,0.2,63,4999,estimated,240,0.0002,0.01663379424492694,0.25605758002170226,True,True
mbe3-pgdl-transfer-confirmation-v2,B1_design,interaction_increment,0.8,0.2,64,4999,estimated,240,0.0086,0.010816737038411564,0.16413686244788178,False,False
mbe3-pgdl-transfer-confirmation-v2,B1_design,interaction_increment,0.8,0.2,65,4999,estimated,240,0.0088,0.010612952954369067,0.1353992462911043,False,False
mbe3-pgdl-transfer-confirmation-v2,B1_design,interaction_increment,0.8,0.2,66,4999,estimated,240,0.742,-0.0014811163991615107,-0.02160029228912111,False,False
mbe3-pgdl-transfer-confirmation-v2,B1_design,interaction_increment,0.8,0.2,67,4999,estimated,240,0.0184,0.011049851736828275,0.15797661499153975,False,False
mbe3-pgdl-transfer-confirmation-v2,B1_design,interaction_increment,0.8,0.2,68,4999,estimated,240,0.015,0.01018533419071609,0.14981955975882477,False,False
mbe3-pgdl-transfer-confirmation-v2,B1_design,interaction_increment,0.8,0.2,69,4999,estimated,240,0.0012,0.013872272486500864,0.20682027120314886,False,False
mbe3-pgdl-transfer-confirmation-v2,B1_design,interaction_increment,0.8,0.2,70,4999,estimated,240,0.0412,0.008340936869404474,0.1184799326685937,False,False
mbe3-pgdl-transfer-confirmation-v2,B1_design,interaction_increment,0.8,0.2,71,4999,estimated,240,0.0014,0.01168250182566863,0.20980225282534554,False,False
mbe3-pgdl-transfer-confirmation-v2,B1_design,interaction_increment,0.8,0.2,72,4999,estimated,240,0.0034,0.011318336026032539,0.18322204099171552,False,False
mbe3-pgdl-transfer-confirmation-v2,B1_design,interaction_increment,0.8,0.2,73,4999,estimated,240,0.006,0.013007898383377882,0.17283284860598266,False,False
mbe3-pgdl-transfer-confirmation-v2,B1_design,interaction_increment,0.8,0.2,74,4999,estimated,240,0.0002,0.01832925285530799,0.27034056099984266,True,True
mbe3-pgdl-transfer-confirmation-v2,B1_design,interaction_increment,0.8,0.2,75,4999,estimated,240,0.0002,0.017404384498111134,0.2646269793205961,True,True
mbe3-pgdl-transfer-confirmation-v2,B1_design,interaction_increment,0.8,0.2,76,4999,estimated,240,0.0698,0.008023014410064665,0.12127873314198678,False,False
mbe3-pgdl-transfer-confirmation-v2,B1_design,interaction_increment,0.8,0.2,77,4999,estimated,240,0.0124,0.011141376394053416,0.1539743809544279,False,False
mbe3-pgdl-transfer-confirmation-v2,B1_design,interaction_increment,0.8,0.2,78,4999,estimated,240,0.0012,0.013800235530781664,0.19923113555043523,False,False
mbe3-pgdl-transfer-confirmation-v2,B1_design,interaction_increment,0.8,0.2,79,4999,estimated,240,0.1274,0.006485114406824294,0.09374080484273446,False,False
mbe3-pgdl-transfer-confirmation-v2,B1_design,interaction_increment,0.8,0.2,80,4999,estimated,240,0.3276,0.004350425420845694,0.05944625543610292,False,False
mbe3-pgdl-transfer-confirmation-v2,B1_design,interaction_increment,0.8,0.2,81,4999,estimated,240,0.0002,0.01940242762061617,0.30504176974919456,True,True
mbe3-pgdl-transfer-confirmation-v2,B1_design,interaction_increment,0.8,0.2,82,4999,estimated,240,0.006,0.011722398585770673,0.16968979334256057,False,False
mbe3-pgdl-transfer-confirmation-v2,B1_design,interaction_increment,0.8,0.2,83,4999,estimated,240,0.0332,0.009948206861301555,0.12964975119378316,False,False
mbe3-pgdl-transfer-confirmation-v2,B1_design,interaction_increment,0.8,0.2,84,4999,estimated,240,0.0004,0.015845770278227308,0.24632584842325903,True,True
mbe3-pgdl-transfer-confirmation-v2,B1_design,interaction_increment,0.8,0.2,85,4999,estimated,240,0.0004,0.015185723506536079,0.2247496935836799,True,True
mbe3-pgdl-transfer-confirmation-v2,B1_design,interaction_increment,0.8,0.2,86,4999,estimated,240,0.5876,0.002347354170048795,0.03086818748976695,False,False
mbe3-pgdl-transfer-confirmation-v2,B1_design,interaction_increment,0.8,0.2,87,4999,estimated,240,0.001,0.01366596004272494,0.19961032489703953,True,True
mbe3-pgdl-transfer-confirmation-v2,B1_design,interaction_increment,0.8,0.2,88,4999,estimated,240,0.024,0.010279078139458981,0.14743325091168813,False,False
mbe3-pgdl-transfer-confirmation-v2,B1_design,interaction_increment,0.8,0.2,89,4999,estimated,240,0.1578,0.00578836530355674,0.0799542094494274,False,False
mbe3-pgdl-transfer-confirmation-v2,B1_design,interaction_increment,0.8,0.2,90,4999,estimated,240,0.0432,0.01027547718958194,0.14159954230042918,False,False
mbe3-pgdl-transfer-confirmation-v2,B1_design,interaction_increment,0.8,0.2,91,4999,estimated,240,0.0004,0.014661933353851646,0.2209958664927375,True,True
mbe3-pgdl-transfer-confirmation-v2,B1_design,interaction_increment,0.8,0.2,92,4999,estimated,240,0.0022,0.014887230722680719,0.18364741375572183,False,False
mbe3-pgdl-transfer-confirmation-v2,B1_design,interaction_increment,0.8,0.2,93,4999,estimated,240,0.6754,0.0019113802971935478,0.027213765761990843,False,False
mbe3-pgdl-transfer-confirmation-v2,B1_design,interaction_increment,0.8,0.2,94,4999,estimated,240,0.1744,0.0069980771837169255,0.09808701002671791,False,False
mbe3-pgdl-transfer-confirmation-v2,B1_design,interaction_increment,0.8,0.2,95,4999,estimated,240,0.001,0.016554948905931826,0.21840668012987974,True,True
mbe3-pgdl-transfer-confirmation-v2,B1_design,interaction_increment,0.8,0.2,96,4999,estimated,240,0.0002,0.015700105192521664,0.24681960087522825,True,True
mbe3-pgdl-transfer-confirmation-v2,B1_design,interaction_increment,0.8,0.2,97,4999,estimated,240,0.0002,0.01857385544743152,0.2916767705830028,True,True
mbe3-pgdl-transfer-confirmation-v2,B1_design,interaction_increment,0.8,0.2,98,4999,estimated,240,0.0082,0.010904378398427134,0.16950064300613096,False,False
mbe3-pgdl-transfer-confirmation-v2,B1_design,interaction_increment,0.8,0.2,99,4999,estimated,240,0.0002,0.015718939300477814,0.23377609718064818,True,True
mbe3-pgdl-transfer-confirmation-v2,B1_design,interaction_increment,0.8,0.35,0,4999,estimated,240,0.0002,0.026787996854337408,0.3644972228165428,True,True
mbe3-pgdl-transfer-confirmation-v2,B1_design,interaction_increment,0.8,0.35,1,4999,estimated,240,0.003,0.01379848607253764,0.1886984076816715,False,False
mbe3-pgdl-transfer-confirmation-v2,B1_design,interaction_increment,0.8,0.35,2,4999,estimated,240,0.0002,0.01788981147519039,0.24403829771455907,True,True
mbe3-pgdl-transfer-confirmation-v2,B1_design,interaction_increment,0.8,0.35,3,4999,estimated,240,0.0016,0.01486735504347313,0.1952115624279985,False,False
mbe3-pgdl-transfer-confirmation-v2,B1_design,interaction_increment,0.8,0.35,4,4999,estimated,240,0.0002,0.01895267170477076,0.314315116936912,True,True
mbe3-pgdl-transfer-confirmation-v2,B1_design,interaction_increment,0.8,0.35,5,4999,estimated,240,0.0002,0.02053434788084556,0.31101358843736115,True,True
mbe3-pgdl-transfer-confirmation-v2,B1_design,interaction_increment,0.8,0.35,6,4999,estimated,240,0.0002,0.02352508121806118,0.2953225598262428,True,True
mbe3-pgdl-transfer-confirmation-v2,B1_design,interaction_increment,0.8,0.35,7,4999,estimated,240,0.0002,0.02112127413093736,0.31523064909041526,True,True
mbe3-pgdl-transfer-confirmation-v2,B1_design,interaction_increment,0.8,0.35,8,4999,estimated,240,0.0002,0.021480406950759343,0.3344679356732731,True,True
mbe3-pgdl-transfer-confirmation-v2,B1_design,interaction_increment,0.8,0.35,9,4999,estimated,240,0.0002,0.018493106309723985,0.32262591832477844,True,True
mbe3-pgdl-transfer-confirmation-v2,B1_design,interaction_increment,0.8,0.35,10,4999,estimated,240,0.0002,0.025974416849192886,0.35408201823788427,True,True
mbe3-pgdl-transfer-confirmation-v2,B1_design,interaction_increment,0.8,0.35,11,4999,estimated,240,0.0008,0.01585857984477181,0.24267449939443125,True,True
mbe3-pgdl-transfer-confirmation-v2,B1_design,interaction_increment,0.8,0.35,12,4999,estimated,240,0.0002,0.020178457629113532,0.2740693116450428,True,True
mbe3-pgdl-transfer-confirmation-v2,B1_design,interaction_increment,0.8,0.35,13,4999,estimated,240,0.002,0.015392442491298996,0.21150762506957552,False,False
mbe3-pgdl-transfer-confirmation-v2,B1_design,interaction_increment,0.8,0.35,14,4999,estimated,240,0.0426,0.008413162962171483,0.12486671672392946,False,False
mbe3-pgdl-transfer-confirmation-v2,B1_design,interaction_increment,0.8,0.35,15,4999,estimated,240,0.0002,0.018045667192301405,0.2476145748306865,True,True
mbe3-pgdl-transfer-confirmation-v2,B1_design,interaction_increment,0.8,0.35,16,4999,estimated,240,0.0004,0.018526255164514595,0.28723029866949434,True,True
mbe3-pgdl-transfer-confirmation-v2,B1_design,interaction_increment,0.8,0.35,17,4999,estimated,240,0.0014,0.012547256808141205,0.2038593769666559,False,False
mbe3-pgdl-transfer-confirmation-v2,B1_design,interaction_increment,0.8,0.35,18,4999,estimated,240,0.0004,0.017241207314591757,0.2269932612823179,True,True
mbe3-pgdl-transfer-confirmation-v2,B1_design,interaction_increment,0.8,0.35,19,4999,estimated,240,0.0002,0.028375957306196804,0.390180949760984,True,True
mbe3-pgdl-transfer-confirmation-v2,B1_design,interaction_increment,0.8,0.35,20,4999,estimated,240,0.0002,0.020380465426397754,0.2664356849305705,True,True
mbe3-pgdl-transfer-confirmation-v2,B1_design,interaction_increment,0.8,0.35,21,4999,estimated,240,0.007,0.011302934495924266,0.1782500826101739,False,False
mbe3-pgdl-transfer-confirmation-v2,B1_design,interaction_increment,0.8,0.35,22,4999,estimated,240,0.0018,0.01301821467274339,0.20059219871242556,False,False
mbe3-pgdl-transfer-confirmation-v2,B1_design,interaction_increment,0.8,0.35,23,4999,estimated,240,0.0006,0.015547347468431226,0.21466200145509273,True,True
mbe3-pgdl-transfer-confirmation-v2,B1_design,interaction_increment,0.8,0.35,24,4999,estimated,240,0.0002,0.017002476450478855,0.26586206579867916,True,True
mbe3-pgdl-transfer-confirmation-v2,B1_design,interaction_increment,0.8,0.35,25,4999,estimated,240,0.0004,0.020754860689556846,0.2749794190914687,True,True
mbe3-pgdl-transfer-confirmation-v2,B1_design,interaction_increment,0.8,0.35,26,4999,estimated,240,0.0002,0.01989243901006823,0.2849520838515112,True,True
mbe3-pgdl-transfer-confirmation-v2,B1_design,interaction_increment,0.8,0.35,27,4999,estimated,240,0.0002,0.01588581172238317,0.24698383624738252,True,True
mbe3-pgdl-transfer-confirmation-v2,B1_design,interaction_increment,0.8,0.35,28,4999,estimated,240,0.0002,0.014078506158912889,0.24314112814650654,True,True
mbe3-pgdl-transfer-confirmation-v2,B1_design,interaction_increment,0.8,0.35,29,4999,estimated,240,0.0002,0.020305370301383508,0.286203425061305,True,True
mbe3-pgdl-transfer-confirmation-v2,B1_design,interaction_increment,0.8,0.35,30,4999,estimated,240,0.0116,0.010215093657129474,0.14738450952470844,False,False
mbe3-pgdl-transfer-confirmation-v2,B1_design,interaction_increment,0.8,0.35,31,4999,estimated,240,0.0002,0.019872879164855962,0.2775954153695038,True,True
mbe3-pgdl-transfer-confirmation-v2,B1_design,interaction_increment,0.8,0.35,32,4999,estimated,240,0.0002,0.018432673869989685,0.2769205135491643,True,True
mbe3-pgdl-transfer-confirmation-v2,B1_design,interaction_increment,0.8,0.35,33,4999,estimated,240,0.0002,0.023267366177946527,0.3109362858475785,True,True
mbe3-pgdl-transfer-confirmation-v2,B1_design,interaction_increment,0.8,0.35,34,4999,estimated,240,0.0002,0.02675608930416821,0.3882044290321254,True,True
mbe3-pgdl-transfer-confirmation-v2,B1_design,interaction_increment,0.8,0.35,35,4999,estimated,240,0.0002,0.026232763442860577,0.367694357059945,True,True
mbe3-pgdl-transfer-confirmation-v2,B1_design,interaction_increment,0.8,0.35,36,4999,estimated,240,0.005,0.013409080164941512,0.1900013855923619,False,False
mbe3-pgdl-transfer-confirmation-v2,B1_design,interaction_increment,0.8,0.35,37,4999,estimated,240,0.0002,0.01926790643564471,0.25805453001090317,True,True
mbe3-pgdl-transfer-confirmation-v2,B1_design,interaction_increment,0.8,0.35,38,4999,estimated,240,0.0004,0.017147526611283055,0.24294513754517158,True,True
mbe3-pgdl-transfer-confirmation-v2,B1_design,interaction_increment,0.8,0.35,39,4999,estimated,240,0.0002,0.01779053259684998,0.24403485261429314,True,True
mbe3-pgdl-transfer-confirmation-v2,B1_design,interaction_increment,0.8,0.35,40,4999,estimated,240,0.0002,0.01825496105056715,0.24187790349829952,True,True
mbe3-pgdl-transfer-confirmation-v2,B1_design,interaction_increment,0.8,0.35,41,4999,estimated,240,0.0002,0.017492948688043564,0.28433501899266567,True,True
mbe3-pgdl-transfer-confirmation-v2,B1_design,interaction_increment,0.8,0.35,42,4999,estimated,240,0.0002,0.02071901106381564,0.28595021359044404,True,True
mbe3-pgdl-transfer-confirmation-v2,B1_design,interaction_increment,0.8,0.35,43,4999,estimated,240,0.0024,0.01431832614053535,0.19704690551365184,False,False
mbe3-pgdl-transfer-confirmation-v2,B1_design,interaction_increment,0.8,0.35,44,4999,estimated,240,0.0002,0.029719501741756624,0.4391741558548638,True,True
mbe3-pgdl-transfer-confirmation-v2,B1_design,interaction_increment,0.8,0.35,45,4999,estimated,240,0.0002,0.020810084991891097,0.31683225281081423,True,True
mbe3-pgdl-transfer-confirmation-v2,B1_design,interaction_increment,0.8,0.35,46,4999,estimated,240,0.0002,0.02676203810047484,0.4094283585708165,True,True
mbe3-pgdl-transfer-confirmation-v2,B1_design,interaction_increment,0.8,0.35,47,4999,estimated,240,0.0002,0.01603111457794335,0.2207811873633734,True,True
mbe3-pgdl-transfer-confirmation-v2,B1_design,interaction_increment,0.8,0.35,48,4999,estimated,240,0.0026,0.015402386493980963,0.1997974782514756,False,False
mbe3-pgdl-transfer-confirmation-v2,B1_design,interaction_increment,0.8,0.35,49,4999,estimated,240,0.0004,0.014195081603894148,0.209485269381614,True,True
mbe3-pgdl-transfer-confirmation-v2,B1_design,interaction_increment,0.8,0.35,50,4999,estimated,240,0.0002,0.022909495097862893,0.335296221438768,True,True
mbe3-pgdl-transfer-confirmation-v2,B1_design,interaction_increment,0.8,0.35,51,4999,estimated,240,0.0002,0.020809676636610677,0.30198452065003145,True,True
mbe3-pgdl-transfer-confirmation-v2,B1_design,interaction_increment,0.8,0.35,52,4999,estimated,240,0.0002,0.022378984566533533,0.32019509814145025,True,True
mbe3-pgdl-transfer-confirmation-v2,B1_design,interaction_increment,0.8,0.35,53,4999,estimated,240,0.0066,0.011472431720150337,0.17571831917766287,False,False
mbe3-pgdl-transfer-confirmation-v2,B1_design,interaction_increment,0.8,0.35,54,4999,estimated,240,0.0002,0.022208014300478147,0.34233385828840446,True,True
mbe3-pgdl-transfer-confirmation-v2,B1_design,interaction_increment,0.8,0.35,55,4999,estimated,240,0.0004,0.017946310397360707,0.2635074176235317,True,True
mbe3-pgdl-transfer-confirmation-v2,B1_design,interaction_increment,0.8,0.35,56,4999,estimated,240,0.0032,0.016321606816436674,0.19561467776006242,False,False
mbe3-pgdl-transfer-confirmation-v2,B1_design,interaction_increment,0.8,0.35,57,4999,estimated,240,0.0002,0.021744867555222973,0.3120598614479373,True,True
mbe3-pgdl-transfer-confirmation-v2,B1_design,interaction_increment,0.8,0.35,58,4999,estimated,240,0.0002,0.015875663523079373,0.21958147207259382,True,True
mbe3-pgdl-transfer-confirmation-v2,B1_design,interaction_increment,0.8,0.35,59,4999,estimated,240,0.0002,0.028590120940560668,0.3739155957741169,True,True
mbe3-pgdl-transfer-confirmation-v2,B1_design,interaction_increment,0.8,0.35,60,4999,estimated,240,0.0002,0.017914700860707233,0.26705918465786305,True,True
mbe3-pgdl-transfer-confirmation-v2,B1_design,interaction_increment,0.8,0.35,61,4999,estimated,240,0.0006,0.017407575188551964,0.2584187033988976,True,True
mbe3-pgdl-transfer-confirmation-v2,B1_design,interaction_increment,0.8,0.35,62,4999,estimated,240,0.0002,0.016054693869309376,0.2540960908184526,True,True
mbe3-pgdl-transfer-confirmation-v2,B1_design,interaction_increment,0.8,0.35,63,4999,estimated,240,0.0004,0.01828342645963541,0.2636765109886407,True,True
mbe3-pgdl-transfer-confirmation-v2,B1_design,interaction_increment,0.8,0.35,64,4999,estimated,240,0.0002,0.018578629959303,0.2687188399254608,True,True
mbe3-pgdl-transfer-confirmation-v2,B1_design,interaction_increment,0.8,0.35,65,4999,estimated,240,0.0002,0.016430500265353403,0.24701703368868444,True,True
mbe3-pgdl-transfer-confirmation-v2,B1_design,interaction_increment,0.8,0.35,66,4999,estimated,240,0.0002,0.018825420204999947,0.2728928124422225,True,True
mbe3-pgdl-transfer-confirmation-v2,B1_design,interaction_increment,0.8,0.35,67,4999,estimated,240,0.0114,0.01221026385784496,0.14821525404939837,False,False
mbe3-pgdl-transfer-confirmation-v2,B1_design,interaction_increment,0.8,0.35,68,4999,estimated,240,0.0002,0.019851941216980737,0.271373939727708,True,True
mbe3-pgdl-transfer-confirmation-v2,B1_design,interaction_increment,0.8,0.35,69,4999,estimated,240,0.0036,0.01272651072433299,0.176148598478847,False,False
mbe3-pgdl-transfer-confirmation-v2,B1_design,interaction_increment,0.8,0.35,70,4999,estimated,240,0.0002,0.028300033550045258,0.38286452661464926,True,True
mbe3-pgdl-transfer-confirmation-v2,B1_design,interaction_increment,0.8,0.35,71,4999,estimated,240,0.0002,0.016450389928015292,0.25438499802498427,True,True
mbe3-pgdl-transfer-confirmation-v2,B1_design,interaction_increment,0.8,0.35,72,4999,estimated,240,0.0084,0.009676298514442365,0.15205202635093312,False,False
mbe3-pgdl-transfer-confirmation-v2,B1_design,interaction_increment,0.8,0.35,73,4999,estimated,240,0.0002,0.026371175184759794,0.3727668056862555,True,True
mbe3-pgdl-transfer-confirmation-v2,B1_design,interaction_increment,0.8,0.35,74,4999,estimated,240,0.0002,0.021741947998712083,0.3226612475116469,True,True
mbe3-pgdl-transfer-confirmation-v2,B1_design,interaction_increment,0.8,0.35,75,4999,estimated,240,0.0002,0.02463774485166003,0.3378428069710406,True,True
mbe3-pgdl-transfer-confirmation-v2,B1_design,interaction_increment,0.8,0.35,76,4999,estimated,240,0.0002,0.027764332771111382,0.37276251181055153,True,True
mbe3-pgdl-transfer-confirmation-v2,B1_design,interaction_increment,0.8,0.35,77,4999,estimated,240,0.0008,0.0168868413141535,0.22796375748129974,True,True
mbe3-pgdl-transfer-confirmation-v2,B1_design,interaction_increment,0.8,0.35,78,4999,estimated,240,0.0002,0.02531493230834169,0.3243912178285699,True,True
mbe3-pgdl-transfer-confirmation-v2,B1_design,interaction_increment,0.8,0.35,79,4999,estimated,240,0.0026,0.013743115092774934,0.19810325663375644,False,False
mbe3-pgdl-transfer-confirmation-v2,B1_design,interaction_increment,0.8,0.35,80,4999,estimated,240,0.0072,0.012036951021069294,0.161433478388026,False,False
mbe3-pgdl-transfer-confirmation-v2,B1_design,interaction_increment,0.8,0.35,81,4999,estimated,240,0.001,0.01452989536997012,0.19314107601844882,True,True
mbe3-pgdl-transfer-confirmation-v2,B1_design,interaction_increment,0.8,0.35,82,4999,estimated,240,0.001,0.014407350670410383,0.21475635079900393,True,True
mbe3-pgdl-transfer-confirmation-v2,B1_design,interaction_increment,0.8,0.35,83,4999,estimated,240,0.0002,0.022660466599338548,0.34017727829865213,True,True
mbe3-pgdl-transfer-confirmation-v2,B1_design,interaction_increment,0.8,0.35,84,4999,estimated,240,0.0004,0.01740883104998924,0.25969203617981057,True,True
mbe3-pgdl-transfer-confirmation-v2,B1_design,interaction_increment,0.8,0.35,85,4999,estimated,240,0.0002,0.015793896324432174,0.25174422818148673,True,True
mbe3-pgdl-transfer-confirmation-v2,B1_design,interaction_increment,0.8,0.35,86,4999,estimated,240,0.0002,0.013957422128142685,0.2434801299488731,True,True
mbe3-pgdl-transfer-confirmation-v2,B1_design,interaction_increment,0.8,0.35,87,4999,estimated,240,0.0002,0.01947715934891733,0.2390505449631796,True,True
mbe3-pgdl-transfer-confirmation-v2,B1_design,interaction_increment,0.8,0.35,88,4999,estimated,240,0.0002,0.027887292554674502,0.39536506663552534,True,True
mbe3-pgdl-transfer-confirmation-v2,B1_design,interaction_increment,0.8,0.35,89,4999,estimated,240,0.0002,0.024683537057685247,0.3577509860231274,True,True
mbe3-pgdl-transfer-confirmation-v2,B1_design,interaction_increment,0.8,0.35,90,4999,estimated,240,0.0002,0.02266975937476577,0.33468128898438587,True,True
mbe3-pgdl-transfer-confirmation-v2,B1_design,interaction_increment,0.8,0.35,91,4999,estimated,240,0.0002,0.01751715465963159,0.292890576502518,True,True
mbe3-pgdl-transfer-confirmation-v2,B1_design,interaction_increment,0.8,0.35,92,4999,estimated,240,0.0002,0.024582634745628443,0.30264807154458206,True,True
mbe3-pgdl-transfer-confirmation-v2,B1_design,interaction_increment,0.8,0.35,93,4999,estimated,240,0.0002,0.022522693405031404,0.32657602382085577,True,True
mbe3-pgdl-transfer-confirmation-v2,B1_design,interaction_increment,0.8,0.35,94,4999,estimated,240,0.0002,0.028599084215091226,0.4028805028183555,True,True
mbe3-pgdl-transfer-confirmation-v2,B1_design,interaction_increment,0.8,0.35,95,4999,estimated,240,0.0004,0.014738849434682183,0.2029560422711044,True,True
mbe3-pgdl-transfer-confirmation-v2,B1_design,interaction_increment,0.8,0.35,96,4999,estimated,240,0.0002,0.021445112495006195,0.29579585502672723,True,True
mbe3-pgdl-transfer-confirmation-v2,B1_design,interaction_increment,0.8,0.35,97,4999,estimated,240,0.0008,0.015862349922545014,0.23585632558597996,True,True
mbe3-pgdl-transfer-confirmation-v2,B1_design,interaction_increment,0.8,0.35,98,4999,estimated,240,0.0002,0.02046364659523062,0.29869035486435297,True,True
mbe3-pgdl-transfer-confirmation-v2,B1_design,interaction_increment,0.8,0.35,99,4999,estimated,240,0.0002,0.0229178287844333,0.3080193536462488,True,True
mbe3-pgdl-transfer-confirmation-v2,B1_design,interaction_increment,0.8,0.5,0,4999,estimated,240,0.0004,0.018770450527213402,0.25681025540229524,True,True
mbe3-pgdl-transfer-confirmation-v2,B1_design,interaction_increment,0.8,0.5,1,4999,estimated,240,0.0004,0.02021393837045612,0.3042196062424884,True,True
mbe3-pgdl-transfer-confirmation-v2,B1_design,interaction_increment,0.8,0.5,2,4999,estimated,240,0.0002,0.02212872255509277,0.35612087347440285,True,True
mbe3-pgdl-transfer-confirmation-v2,B1_design,interaction_increment,0.8,0.5,3,4999,estimated,240,0.0002,0.022680576228252074,0.3923433120085971,True,True
mbe3-pgdl-transfer-confirmation-v2,B1_design,interaction_increment,0.8,0.5,4,4999,estimated,240,0.0002,0.03332641420707154,0.5065978534055277,True,True
mbe3-pgdl-transfer-confirmation-v2,B1_design,interaction_increment,0.8,0.5,5,4999,estimated,240,0.0002,0.03011628922791702,0.42552230885486614,True,True
mbe3-pgdl-transfer-confirmation-v2,B1_design,interaction_increment,0.8,0.5,6,4999,estimated,240,0.0002,0.029125897389563015,0.39271471915699274,True,True
mbe3-pgdl-transfer-confirmation-v2,B1_design,interaction_increment,0.8,0.5,7,4999,estimated,240,0.0002,0.03393942896646616,0.47874371587778825,True,True
mbe3-pgdl-transfer-confirmation-v2,B1_design,interaction_increment,0.8,0.5,8,4999,estimated,240,0.0002,0.02396719669761703,0.3055990274983876,True,True
mbe3-pgdl-transfer-confirmation-v2,B1_design,interaction_increment,0.8,0.5,9,4999,estimated,240,0.0002,0.026276324822611392,0.3857362644008269,True,True
mbe3-pgdl-transfer-confirmation-v2,B1_design,interaction_increment,0.8,0.5,10,4999,estimated,240,0.0002,0.028320009266219835,0.4390989986040967,True,True
mbe3-pgdl-transfer-confirmation-v2,B1_design,interaction_increment,0.8,0.5,11,4999,estimated,240,0.0002,0.036152171857658275,0.4869918540040044,True,True
mbe3-pgdl-transfer-confirmation-v2,B1_design,interaction_increment,0.8,0.5,12,4999,estimated,240,0.0002,0.020826633261707226,0.307676646376426,True,True
mbe3-pgdl-transfer-confirmation-v2,B1_design,interaction_increment,0.8,0.5,13,4999,estimated,240,0.0002,0.028730177625612155,0.45017847028812064,True,True
mbe3-pgdl-transfer-confirmation-v2,B1_design,interaction_increment,0.8,0.5,14,4999,estimated,240,0.0004,0.01845457166442568,0.23857687897720892,True,True
mbe3-pgdl-transfer-confirmation-v2,B1_design,interaction_increment,0.8,0.5,15,4999,estimated,240,0.0002,0.030885294211187266,0.4150297888646115,True,True
mbe3-pgdl-transfer-confirmation-v2,B1_design,interaction_increment,0.8,0.5,16,4999,estimated,240,0.0002,0.030751628775365955,0.47421388935010983,True,True
mbe3-pgdl-transfer-confirmation-v2,B1_design,interaction_increment,0.8,0.5,17,4999,estimated,240,0.0002,0.023444281688305414,0.3777702999843733,True,True
mbe3-pgdl-transfer-confirmation-v2,B1_design,interaction_increment,0.8,0.5,18,4999,estimated,240,0.0002,0.021109652987298392,0.32859001057275994,True,True
mbe3-pgdl-transfer-confirmation-v2,B1_design,interaction_increment,0.8,0.5,19,4999,estimated,240,0.0002,0.026802401016270346,0.4146375774212815,True,True
mbe3-pgdl-transfer-confirmation-v2,B1_design,interaction_increment,0.8,0.5,20,4999,estimated,240,0.0032,0.014723946054365389,0.21786514760207015,False,False
mbe3-pgdl-transfer-confirmation-v2,B1_design,interaction_increment,0.8,0.5,21,4999,estimated,240,0.0002,0.02402271424946276,0.3460044063144265,True,True
mbe3-pgdl-transfer-confirmation-v2,B1_design,interaction_increment,0.8,0.5,22,4999,estimated,240,0.0002,0.028726161431417565,0.43011955319801887,True,True
mbe3-pgdl-transfer-confirmation-v2,B1_design,interaction_increment,0.8,0.5,23,4999,estimated,240,0.0002,0.03622709622638808,0.48325019093181526,True,True
mbe3-pgdl-transfer-confirmation-v2,B1_design,interaction_increment,0.8,0.5,24,4999,estimated,240,0.0002,0.029182743416919937,0.4339417160796411,True,True
mbe3-pgdl-transfer-confirmation-v2,B1_design,interaction_increment,0.8,0.5,25,4999,estimated,240,0.0002,0.03262930549304688,0.45923906825884325,True,True
mbe3-pgdl-transfer-confirmation-v2,B1_design,interaction_increment,0.8,0.5,26,4999,estimated,240,0.0002,0.02263877550141845,0.2935342606889718,True,True
mbe3-pgdl-transfer-confirmation-v2,B1_design,interaction_increment,0.8,0.5,27,4999,estimated,240,0.0002,0.021725875821480216,0.2917157702604879,True,True
mbe3-pgdl-transfer-confirmation-v2,B1_design,interaction_increment,0.8,0.5,28,4999,estimated,240,0.0002,0.027447273550138894,0.37923268130745913,True,True
mbe3-pgdl-transfer-confirmation-v2,B1_design,interaction_increment,0.8,0.5,29,4999,estimated,240,0.0002,0.028883737334839385,0.4260160987500738,True,True
mbe3-pgdl-transfer-confirmation-v2,B1_design,interaction_increment,0.8,0.5,30,4999,estimated,240,0.0002,0.031114242641072494,0.4254416521434834,True,True
mbe3-pgdl-transfer-confirmation-v2,B1_design,interaction_increment,0.8,0.5,31,4999,estimated,240,0.0002,0.028290274848878805,0.4296667549421909,True,True
mbe3-pgdl-transfer-confirmation-v2,B1_design,interaction_increment,0.8,0.5,32,4999,estimated,240,0.0002,0.021317087610544162,0.3183766109471421,True,True
mbe3-pgdl-transfer-confirmation-v2,B1_design,interaction_increment,0.8,0.5,33,4999,estimated,240,0.0002,0.03397302393556225,0.47346794225508254,True,True
mbe3-pgdl-transfer-confirmation-v2,B1_design,interaction_increment,0.8,0.5,34,4999,estimated,240,0.0002,0.028562223670484867,0.355948198985454,True,True
mbe3-pgdl-transfer-confirmation-v2,B1_design,interaction_increment,0.8,0.5,35,4999,estimated,240,0.0002,0.017592712996925344,0.27836470543633307,True,True
mbe3-pgdl-transfer-confirmation-v2,B1_design,interaction_increment,0.8,0.5,36,4999,estimated,240,0.0002,0.034000606797916035,0.445316822150002,True,True
mbe3-pgdl-transfer-confirmation-v2,B1_design,interaction_increment,0.8,0.5,37,4999,estimated,240,0.0002,0.019062044364972403,0.3254336539862085,True,True
mbe3-pgdl-transfer-confirmation-v2,B1_design,interaction_increment,0.8,0.5,38,4999,estimated,240,0.0002,0.02541319331180493,0.34044203288180463,True,True
mbe3-pgdl-transfer-confirmation-v2,B1_design,interaction_increment,0.8,0.5,39,4999,estimated,240,0.0002,0.025866905815571554,0.3602187337933131,True,True
mbe3-pgdl-transfer-confirmation-v2,B1_design,interaction_increment,0.8,0.5,40,4999,estimated,240,0.0002,0.025434437220799855,0.35661668240921407,True,True
mbe3-pgdl-transfer-confirmation-v2,B1_design,interaction_increment,0.8,0.5,41,4999,estimated,240,0.0002,0.02279536627751278,0.34604907950288555,True,True
mbe3-pgdl-transfer-confirmation-v2,B1_design,interaction_increment,0.8,0.5,42,4999,estimated,240,0.0002,0.020306066634491884,0.29956857555827976,True,True
mbe3-pgdl-transfer-confirmation-v2,B1_design,interaction_increment,0.8,0.5,43,4999,estimated,240,0.0002,0.017850692742543587,0.2474341705097083,True,True
mbe3-pgdl-transfer-confirmation-v2,B1_design,interaction_increment,0.8,0.5,44,4999,estimated,240,0.0002,0.03451648649791263,0.4563857401213041,True,True
mbe3-pgdl-transfer-confirmation-v2,B1_design,interaction_increment,0.8,0.5,45,4999,estimated,240,0.0002,0.02327026217412082,0.3286936984598703,True,True
mbe3-pgdl-transfer-confirmation-v2,B1_design,interaction_increment,0.8,0.5,46,4999,estimated,240,0.0002,0.03178130715689096,0.43276517004802506,True,True
mbe3-pgdl-transfer-confirmation-v2,B1_design,interaction_increment,0.8,0.5,47,4999,estimated,240,0.0002,0.024858431604561852,0.37262789218025605,True,True
mbe3-pgdl-transfer-confirmation-v2,B1_design,interaction_increment,0.8,0.5,48,4999,estimated,240,0.0002,0.023177698564149935,0.3330931976407289,True,True
mbe3-pgdl-transfer-confirmation-v2,B1_design,interaction_increment,0.8,0.5,49,4999,estimated,240,0.0002,0.033053056981292024,0.5331737274081954,True,True
mbe3-pgdl-transfer-confirmation-v2,B1_design,interaction_increment,0.8,0.5,50,4999,estimated,240,0.0002,0.0223198334105973,0.32576718581855657,True,True
mbe3-pgdl-transfer-confirmation-v2,B1_design,interaction_increment,0.8,0.5,51,4999,estimated,240,0.0002,0.028965999154540137,0.4656285003565842,True,True
mbe3-pgdl-transfer-confirmation-v2,B1_design,interaction_increment,0.8,0.5,52,4999,estimated,240,0.0002,0.023541875048547198,0.34526298877711137,True,True
mbe3-pgdl-transfer-confirmation-v2,B1_design,interaction_increment,0.8,0.5,53,4999,estimated,240,0.0002,0.027230722131260984,0.4160815799957249,True,True
mbe3-pgdl-transfer-confirmation-v2,B1_design,interaction_increment,0.8,0.5,54,4999,estimated,240,0.0004,0.02016145589341712,0.2874072287438168,True,True
mbe3-pgdl-transfer-confirmation-v2,B1_design,interaction_increment,0.8,0.5,55,4999,estimated,240,0.0002,0.039280490514261086,0.5002011895324354,True,True
mbe3-pgdl-transfer-confirmation-v2,B1_design,interaction_increment,0.8,0.5,56,4999,estimated,240,0.0002,0.022896068911940418,0.3508662573222515,True,True
mbe3-pgdl-transfer-confirmation-v2,B1_design,interaction_increment,0.8,0.5,57,4999,estimated,240,0.0002,0.02697650871090281,0.34345943351480906,True,True
mbe3-pgdl-transfer-confirmation-v2,B1_design,interaction_increment,0.8,0.5,58,4999,estimated,240,0.0002,0.027843334374136174,0.3655621354383574,True,True
mbe3-pgdl-transfer-confirmation-v2,B1_design,interaction_increment,0.8,0.5,59,4999,estimated,240,0.0002,0.026754997941991727,0.35709807743596717,True,True
mbe3-pgdl-transfer-confirmation-v2,B1_design,interaction_increment,0.8,0.5,60,4999,estimated,240,0.0002,0.026493506493999546,0.3285599958826945,True,True
mbe3-pgdl-transfer-confirmation-v2,B1_design,interaction_increment,0.8,0.5,61,4999,estimated,240,0.0002,0.0332995197736081,0.4884098926514833,True,True
mbe3-pgdl-transfer-confirmation-v2,B1_design,interaction_increment,0.8,0.5,62,4999,estimated,240,0.0002,0.026810137837752844,0.368732237238867,True,True
mbe3-pgdl-transfer-confirmation-v2,B1_design,interaction_increment,0.8,0.5,63,4999,estimated,240,0.0002,0.023996293397212484,0.3134255366039723,True,True
mbe3-pgdl-transfer-confirmation-v2,B1_design,interaction_increment,0.8,0.5,64,4999,estimated,240,0.0002,0.030997519722067778,0.40251382777755046,True,True
mbe3-pgdl-transfer-confirmation-v2,B1_design,interaction_increment,0.8,0.5,65,4999,estimated,240,0.0002,0.029635026885724912,0.3989347800400942,True,True
mbe3-pgdl-transfer-confirmation-v2,B1_design,interaction_increment,0.8,0.5,66,4999,estimated,240,0.0002,0.021599992803209744,0.331241136983995,True,True
mbe3-pgdl-transfer-confirmation-v2,B1_design,interaction_increment,0.8,0.5,67,4999,estimated,240,0.0002,0.02206005536814005,0.3928581058042341,True,True
mbe3-pgdl-transfer-confirmation-v2,B1_design,interaction_increment,0.8,0.5,68,4999,estimated,240,0.0002,0.02391452027358709,0.3494983944111346,True,True
mbe3-pgdl-transfer-confirmation-v2,B1_design,interaction_increment,0.8,0.5,69,4999,estimated,240,0.0002,0.02947774227721119,0.36739166032238635,True,True
mbe3-pgdl-transfer-confirmation-v2,B1_design,interaction_increment,0.8,0.5,70,4999,estimated,240,0.0002,0.027213741019088418,0.41317009951682965,True,True
mbe3-pgdl-transfer-confirmation-v2,B1_design,interaction_increment,0.8,0.5,71,4999,estimated,240,0.0002,0.032277192488029384,0.4989011497115282,True,True
mbe3-pgdl-transfer-confirmation-v2,B1_design,interaction_increment,0.8,0.5,72,4999,estimated,240,0.0018,0.012122528374791013,0.2046012218205806,False,False
mbe3-pgdl-transfer-confirmation-v2,B1_design,interaction_increment,0.8,0.5,73,4999,estimated,240,0.0002,0.02363463609100042,0.3660628306078299,True,True
mbe3-pgdl-transfer-confirmation-v2,B1_design,interaction_increment,0.8,0.5,74,4999,estimated,240,0.0004,0.015360437488223763,0.25665871555333764,True,True
mbe3-pgdl-transfer-confirmation-v2,B1_design,interaction_increment,0.8,0.5,75,4999,estimated,240,0.0002,0.0197828275393045,0.2817421784227112,True,True
mbe3-pgdl-transfer-confirmation-v2,B1_design,interaction_increment,0.8,0.5,76,4999,estimated,240,0.0002,0.027162415876734406,0.38807729603602925,True,True
mbe3-pgdl-transfer-confirmation-v2,B1_design,interaction_increment,0.8,0.5,77,4999,estimated,240,0.0002,0.023393981224415075,0.3573689232929386,True,True
mbe3-pgdl-transfer-confirmation-v2,B1_design,interaction_increment,0.8,0.5,78,4999,estimated,240,0.0002,0.03326457515485257,0.4655423339921939,True,True
mbe3-pgdl-transfer-confirmation-v2,B1_design,interaction_increment,0.8,0.5,79,4999,estimated,240,0.0002,0.0263661863336085,0.36188120153350845,True,True
mbe3-pgdl-transfer-confirmation-v2,B1_design,interaction_increment,0.8,0.5,80,4999,estimated,240,0.0002,0.026645780031651977,0.39119008882254835,True,True
mbe3-pgdl-transfer-confirmation-v2,B1_design,interaction_increment,0.8,0.5,81,4999,estimated,240,0.0002,0.030957240228058437,0.41342406769532597,True,True
mbe3-pgdl-transfer-confirmation-v2,B1_design,interaction_increment,0.8,0.5,82,4999,estimated,240,0.0002,0.02564451998958872,0.39014749448749964,True,True
mbe3-pgdl-transfer-confirmation-v2,B1_design,interaction_increment,0.8,0.5,83,4999,estimated,240,0.0002,0.03705107252936816,0.4602142044664632,True,True
mbe3-pgdl-transfer-confirmation-v2,B1_design,interaction_increment,0.8,0.5,84,4999,estimated,240,0.0002,0.033394530908708135,0.5313136099360778,True,True
mbe3-pgdl-transfer-confirmation-v2,B1_design,interaction_increment,0.8,0.5,85,4999,estimated,240,0.0002,0.028940360888384985,0.36802292170496026,True,True
mbe3-pgdl-transfer-confirmation-v2,B1_design,interaction_increment,0.8,0.5,86,4999,estimated,240,0.0002,0.02931909494565755,0.3724022123712891,True,True
mbe3-pgdl-transfer-confirmation-v2,B1_design,interaction_increment,0.8,0.5,87,4999,estimated,240,0.0002,0.023373486483639138,0.36768653352067904,True,True
mbe3-pgdl-transfer-confirmation-v2,B1_design,interaction_increment,0.8,0.5,88,4999,estimated,240,0.0002,0.028696417910412678,0.3952721145235284,True,True
mbe3-pgdl-transfer-confirmation-v2,B1_design,interaction_increment,0.8,0.5,89,4999,estimated,240,0.0002,0.01913134337840515,0.29098732227324614,True,True
mbe3-pgdl-transfer-confirmation-v2,B1_design,interaction_increment,0.8,0.5,90,4999,estimated,240,0.0002,0.033377625698990325,0.48803947541761644,True,True
mbe3-pgdl-transfer-confirmation-v2,B1_design,interaction_increment,0.8,0.5,91,4999,estimated,240,0.0004,0.020719052418447768,0.29840321149433563,True,True
mbe3-pgdl-transfer-confirmation-v2,B1_design,interaction_increment,0.8,0.5,92,4999,estimated,240,0.0002,0.023799629929436353,0.36247280012386907,True,True
mbe3-pgdl-transfer-confirmation-v2,B1_design,interaction_increment,0.8,0.5,93,4999,estimated,240,0.0002,0.019262724170748306,0.27271716416785713,True,True
mbe3-pgdl-transfer-confirmation-v2,B1_design,interaction_increment,0.8,0.5,94,4999,estimated,240,0.0002,0.04298342671481659,0.543963423388809,True,True
mbe3-pgdl-transfer-confirmation-v2,B1_design,interaction_increment,0.8,0.5,95,4999,estimated,240,0.0002,0.03621519551097045,0.41589143858221267,True,True
mbe3-pgdl-transfer-confirmation-v2,B1_design,interaction_increment,0.8,0.5,96,4999,estimated,240,0.0004,0.017330851652467935,0.2898680773638191,True,True
mbe3-pgdl-transfer-confirmation-v2,B1_design,interaction_increment,0.8,0.5,97,4999,estimated,240,0.0002,0.030464009013429452,0.44264745760867724,True,True
mbe3-pgdl-transfer-confirmation-v2,B1_design,interaction_increment,0.8,0.5,98,4999,estimated,240,0.0002,0.036648932820095535,0.49964278102280457,True,True
mbe3-pgdl-transfer-confirmation-v2,B1_design,interaction_increment,0.8,0.5,99,4999,estimated,240,0.0002,0.02287951703489017,0.39860354628897743,True,True
mbe3-pgdl-transfer-confirmation-v2,B1_design,interaction_proxy_null,0.3,0.0,0,4999,estimated,240,0.5274,0.0026625266778369195,0.03532639667829129,False,False
mbe3-pgdl-transfer-confirmation-v2,B1_design,interaction_proxy_null,0.3,0.0,1,4999,estimated,240,0.5884,0.0021780012406699017,0.03484224355082935,False,False
mbe3-pgdl-transfer-confirmation-v2,B1_design,interaction_proxy_null,0.3,0.0,2,4999,estimated,240,0.9438,-0.0002972248878075283,-0.004209721565429791,False,False
mbe3-pgdl-transfer-confirmation-v2,B1_design,interaction_proxy_null,0.3,0.0,3,4999,estimated,240,0.0562,0.008669118529723482,0.1225305777385073,False,False
mbe3-pgdl-transfer-confirmation-v2,B1_design,interaction_proxy_null,0.3,0.0,4,4999,estimated,240,0.468,-0.0031779741013787575,-0.041473003309070375,False,False
mbe3-pgdl-transfer-confirmation-v2,B1_design,interaction_proxy_null,0.3,0.0,5,4999,estimated,240,0.5946,-0.0021911644380292147,-0.029751872957152255,False,False
mbe3-pgdl-transfer-confirmation-v2,B1_design,interaction_proxy_null,0.3,0.0,6,4999,estimated,240,0.768,-0.0013311979507780439,-0.020859662555792028,False,False
mbe3-pgdl-transfer-confirmation-v2,B1_design,interaction_proxy_null,0.3,0.0,7,4999,estimated,240,0.5106,-0.00287856292814318,-0.04120962279227368,False,False
mbe3-pgdl-transfer-confirmation-v2,B1_design,interaction_proxy_null,0.3,0.0,8,4999,estimated,240,0.702,-0.001584940651910572,-0.024087380409639144,False,False
mbe3-pgdl-transfer-confirmation-v2,B1_design,interaction_proxy_null,0.3,0.0,9,4999,estimated,240,0.5284,-0.0024156900152891426,-0.03878831009871696,False,False
mbe3-pgdl-transfer-confirmation-v2,B1_design,interaction_proxy_null,0.3,0.0,10,4999,estimated,240,0.733,0.0013353829730853128,0.017565628386990818,False,False
mbe3-pgdl-transfer-confirmation-v2,B1_design,interaction_proxy_null,0.3,0.0,11,4999,estimated,240,0.396,0.004023269854578282,0.05702320701730782,False,False
mbe3-pgdl-transfer-confirmation-v2,B1_design,interaction_proxy_null,0.3,0.0,12,4999,estimated,240,0.7158,0.0018033087018005081,0.026384866025020937,False,False
mbe3-pgdl-transfer-confirmation-v2,B1_design,interaction_proxy_null,0.3,0.0,13,4999,estimated,240,0.7154,-0.0017179367770266728,-0.023211293888158013,False,False
mbe3-pgdl-transfer-confirmation-v2,B1_design,interaction_proxy_null,0.3,0.0,14,4999,estimated,240,0.2624,-0.004687162884855138,-0.07031238988985967,False,False
mbe3-pgdl-transfer-confirmation-v2,B1_design,interaction_proxy_null,0.3,0.0,15,4999,estimated,240,0.0876,-0.007206244353808582,-0.09978020725889791,False,False
mbe3-pgdl-transfer-confirmation-v2,B1_design,interaction_proxy_null,0.3,0.0,16,4999,estimated,240,0.2726,-0.0041734815820994664,-0.06449313462167414,False,False
mbe3-pgdl-transfer-confirmation-v2,B1_design,interaction_proxy_null,0.3,0.0,17,4999,estimated,240,0.5492,0.0025773044724100636,0.035939611115523545,False,False
mbe3-pgdl-transfer-confirmation-v2,B1_design,interaction_proxy_null,0.3,0.0,18,4999,estimated,240,0.2284,0.00491509305996358,0.08352815201326542,False,False
mbe3-pgdl-transfer-confirmation-v2,B1_design,interaction_proxy_null,0.3,0.0,19,4999,estimated,240,0.0932,0.007087043336784648,0.10874794692186283,False,False
mbe3-pgdl-transfer-confirmation-v2,B1_design,interaction_proxy_null,0.3,0.0,20,4999,estimated,240,0.321,-0.003783425247501826,-0.053622569879822696,False,False
mbe3-pgdl-transfer-confirmation-v2,B1_design,interaction_proxy_null,0.3,0.0,21,4999,estimated,240,0.6738,0.0017974909492581696,0.026300037094966613,False,False
mbe3-pgdl-transfer-confirmation-v2,B1_design,interaction_proxy_null,0.3,0.0,22,4999,estimated,240,0.543,0.002727243956149644,0.03825940402880138,False,False
mbe3-pgdl-transfer-confirmation-v2,B1_design,interaction_proxy_null,0.3,0.0,23,4999,estimated,240,0.0686,0.0075591637826787385,0.12505685946296136,False,False
mbe3-pgdl-transfer-confirmation-v2,B1_design,interaction_proxy_null,0.3,0.0,24,4999,estimated,240,0.0512,0.008624372436684706,0.11994069673823639,False,False
mbe3-pgdl-transfer-confirmation-v2,B1_design,interaction_proxy_null,0.3,0.0,25,4999,estimated,240,0.572,-0.0023819049659518894,-0.03838167283825124,False,False
mbe3-pgdl-transfer-confirmation-v2,B1_design,interaction_proxy_null,0.3,0.0,26,4999,estimated,240,0.9238,-0.00037983934601177466,-0.0059108107505704355,False,False
mbe3-pgdl-transfer-confirmation-v2,B1_design,interaction_proxy_null,0.3,0.0,27,4999,estimated,240,0.873,-0.0005838095531207862,-0.009195898704454088,False,False
mbe3-pgdl-transfer-confirmation-v2,B1_design,interaction_proxy_null,0.3,0.0,28,4999,estimated,240,0.8902,0.0005607313027194504,0.007910618263215902,False,False
mbe3-pgdl-transfer-confirmation-v2,B1_design,interaction_proxy_null,0.3,0.0,29,4999,estimated,240,0.389,0.0037790135421544883,0.04973840286595772,False,False
mbe3-pgdl-transfer-confirmation-v2,B1_design,interaction_proxy_null,0.3,0.0,30,4999,estimated,240,0.7598,0.0011173207614086464,0.018356152431382246,False,False
mbe3-pgdl-transfer-confirmation-v2,B1_design,interaction_proxy_null,0.3,0.0,31,4999,estimated,240,0.0318,-0.008628145406806084,-0.12607962366467862,False,False
mbe3-pgdl-transfer-confirmation-v2,B1_design,interaction_proxy_null,0.3,0.0,32,4999,estimated,240,0.0816,-0.007957178129999076,-0.10364303349364139,False,False
mbe3-pgdl-transfer-confirmation-v2,B1_design,interaction_proxy_null,0.3,0.0,33,4999,estimated,240,0.6682,-0.001887626558340772,-0.0268697221267151,False,False
mbe3-pgdl-transfer-confirmation-v2,B1_design,interaction_proxy_null,0.3,0.0,34,4999,estimated,240,0.2548,0.005349611795350245,0.06597123022207413,False,False
mbe3-pgdl-transfer-confirmation-v2,B1_design,interaction_proxy_null,0.3,0.0,35,4999,estimated,240,0.9296,-0.0004066100212841673,-0.005826901193328459,False,False
mbe3-pgdl-transfer-confirmation-v2,B1_design,interaction_proxy_null,0.3,0.0,36,4999,estimated,240,0.9952,3.018674112737115e-05,0.00041887047043638695,False,False
mbe3-pgdl-transfer-confirmation-v2,B1_design,interaction_proxy_null,0.3,0.0,37,4999,estimated,240,0.446,-0.003463210036582317,-0.051272973414258946,False,False
mbe3-pgdl-transfer-confirmation-v2,B1_design,interaction_proxy_null,0.3,0.0,38,4999,estimated,240,0.2702,-0.004663943114717101,-0.065516873428096,False,False
mbe3-pgdl-transfer-confirmation-v2,B1_design,interaction_proxy_null,0.3,0.0,39,4999,estimated,240,0.2476,-0.004573778146878664,-0.07753071486678458,False,False
mbe3-pgdl-transfer-confirmation-v2,B1_design,interaction_proxy_null,0.3,0.0,40,4999,estimated,240,0.54,0.0023938306897097494,0.03727882807997783,False,False
mbe3-pgdl-transfer-confirmation-v2,B1_design,interaction_proxy_null,0.3,0.0,41,4999,estimated,240,0.7502,-0.0012606044807409833,-0.0191409181094428,False,False
mbe3-pgdl-transfer-confirmation-v2,B1_design,interaction_proxy_null,0.3,0.0,42,4999,estimated,240,0.282,-0.003917230492191227,-0.06230898777410189,False,False
mbe3-pgdl-transfer-confirmation-v2,B1_design,interaction_proxy_null,0.3,0.0,43,4999,estimated,240,0.2312,-0.005740503722180841,-0.07724144208112084,False,False
mbe3-pgdl-transfer-confirmation-v2,B1_design,interaction_proxy_null,0.3,0.0,44,4999,estimated,240,0.2516,0.0053694916055193566,0.06682706712031067,False,False
mbe3-pgdl-transfer-confirmation-v2,B1_design,interaction_proxy_null,0.3,0.0,45,4999,estimated,240,0.345,-0.00455790110722926,-0.07076711291916563,False,False
mbe3-pgdl-transfer-confirmation-v2,B1_design,interaction_proxy_null,0.3,0.0,46,4999,estimated,240,0.8244,0.0008896823100397577,0.013989336026620723,False,False
mbe3-pgdl-transfer-confirmation-v2,B1_design,interaction_proxy_null,0.3,0.0,47,4999,estimated,240,0.2352,0.004765341844457287,0.07811852583225773,False,False
mbe3-pgdl-transfer-confirmation-v2,B1_design,interaction_proxy_null,0.3,0.0,48,4999,estimated,240,0.7236,0.0016231650424048977,0.02450990578917295,False,False
mbe3-pgdl-transfer-confirmation-v2,B1_design,interaction_proxy_null,0.3,0.0,49,4999,estimated,240,0.3274,-0.0046697339726367105,-0.06356501306232902,False,False
mbe3-pgdl-transfer-confirmation-v2,B1_design,interaction_proxy_null,0.3,0.0,50,4999,estimated,240,0.1116,-0.00664355212066212,-0.09529644015898985,False,False
mbe3-pgdl-transfer-confirmation-v2,B1_design,interaction_proxy_null,0.3,0.0,51,4999,estimated,240,0.4458,-0.003733995103099465,-0.05215580206202368,False,False
mbe3-pgdl-transfer-confirmation-v2,B1_design,interaction_proxy_null,0.3,0.0,52,4999,estimated,240,0.9576,-0.00021125479829380613,-0.0032322234272784017,False,False
mbe3-pgdl-transfer-confirmation-v2,B1_design,interaction_proxy_null,0.3,0.0,53,4999,estimated,240,0.9282,0.0003627749405369279,0.005360148257840431,False,False
mbe3-pgdl-transfer-confirmation-v2,B1_design,interaction_proxy_null,0.3,0.0,54,4999,estimated,240,0.249,0.004524764001757172,0.0691181707076414,False,False
mbe3-pgdl-transfer-confirmation-v2,B1_design,interaction_proxy_null,0.3,0.0,55,4999,estimated,240,0.3854,0.0035653781459391255,0.04436270137713928,False,False
mbe3-pgdl-transfer-confirmation-v2,B1_design,interaction_proxy_null,0.3,0.0,56,4999,estimated,240,0.9312,-0.0003919489639472573,-0.006130372298329656,False,False
mbe3-pgdl-transfer-confirmation-v2,B1_design,interaction_proxy_null,0.3,0.0,57,4999,estimated,240,0.1964,0.006073079651804345,0.08115082078964245,False,False
mbe3-pgdl-transfer-confirmation-v2,B1_design,interaction_proxy_null,0.3,0.0,58,4999,estimated,240,0.687,0.0016728974775229671,0.024203261400917178,False,False
mbe3-pgdl-transfer-confirmation-v2,B1_design,interaction_proxy_null,0.3,0.0,59,4999,estimated,240,0.446,-0.0028102833990102222,-0.046147016167458435,False,False
mbe3-pgdl-transfer-confirmation-v2,B1_design,interaction_proxy_null,0.3,0.0,60,4999,estimated,240,0.002,0.013367883114262426,0.21129652583023054,False,False
mbe3-pgdl-transfer-confirmation-v2,B1_design,interaction_proxy_null,0.3,0.0,61,4999,estimated,240,0.7608,-0.001237890623810592,-0.01804635345877212,False,False
mbe3-pgdl-transfer-confirmation-v2,B1_design,interaction_proxy_null,0.3,0.0,62,4999,estimated,240,0.3636,-0.003703476485852326,-0.05460605652165961,False,False
mbe3-pgdl-transfer-confirmation-v2,B1_design,interaction_proxy_null,0.3,0.0,63,4999,estimated,240,0.0702,-0.006602249677500399,-0.1016062149092335,False,False
mbe3-pgdl-transfer-confirmation-v2,B1_design,interaction_proxy_null,0.3,0.0,64,4999,estimated,240,0.41,0.003293746261072374,0.05466998563302049,False,False
mbe3-pgdl-transfer-confirmation-v2,B1_design,interaction_proxy_null,0.3,0.0,65,4999,estimated,240,0.4024,0.0035748920596400707,0.052065609741758265,False,False
mbe3-pgdl-transfer-confirmation-v2,B1_design,interaction_proxy_null,0.3,0.0,66,4999,estimated,240,0.0398,0.008423257098209196,0.1139961238130564,False,False
mbe3-pgdl-transfer-confirmation-v2,B1_design,interaction_proxy_null,0.3,0.0,67,4999,estimated,240,0.0582,0.007976397023988882,0.11585734974049812,False,False
mbe3-pgdl-transfer-confirmation-v2,B1_design,interaction_proxy_null,0.3,0.0,68,4999,estimated,240,0.6338,-0.0019120307670208309,-0.031535106543600484,False,False
mbe3-pgdl-transfer-confirmation-v2,B1_design,interaction_proxy_null,0.3,0.0,69,4999,estimated,240,0.2626,-0.004530373207074076,-0.066844237690183,False,False
mbe3-pgdl-transfer-confirmation-v2,B1_design,interaction_proxy_null,0.3,0.0,70,4999,estimated,240,0.045,0.008567038794003824,0.12255373264708554,False,False
mbe3-pgdl-transfer-confirmation-v2,B1_design,interaction_proxy_null,0.3,0.0,71,4999,estimated,240,0.82,-0.0009671751970881479,-0.013037121658090648,False,False
mbe3-pgdl-transfer-confirmation-v2,B1_design,interaction_proxy_null,0.3,0.0,72,4999,estimated,240,0.9248,-0.0004340489118438491,-0.006253679077280656,False,False
mbe3-pgdl-transfer-confirmation-v2,B1_design,interaction_proxy_null,0.3,0.0,73,4999,estimated,240,0.6552,-0.0020058221367804437,-0.02792329549989379,False,False
mbe3-pgdl-transfer-confirmation-v2,B1_design,interaction_proxy_null,0.3,0.0,74,4999,estimated,240,0.9896,-5.954094614406061e-05,-0.0008462961041572871,False,False
mbe3-pgdl-transfer-confirmation-v2,B1_design,interaction_proxy_null,0.3,0.0,75,4999,estimated,240,0.7294,0.0015476016943204278,0.025525583512067906,False,False
mbe3-pgdl-transfer-confirmation-v2,B1_design,interaction_proxy_null,0.3,0.0,76,4999,estimated,240,0.4968,-0.0029334194837168743,-0.04275443906798729,False,False
mbe3-pgdl-transfer-confirmation-v2,B1_design,interaction_proxy_null,0.3,0.0,77,4999,estimated,240,0.4652,0.0035149771821325216,0.04505627827062161,False,False
mbe3-pgdl-transfer-confirmation-v2,B1_design,interaction_proxy_null,0.3,0.0,78,4999,estimated,240,0.7792,-0.0012344848426777053,-0.019436346006532754,False,False
mbe3-pgdl-transfer-confirmation-v2,B1_design,interaction_proxy_null,0.3,0.0,79,4999,estimated,240,0.7584,0.0012758130370112766,0.01717009864610612,False,False
mbe3-pgdl-transfer-confirmation-v2,B1_design,interaction_proxy_null,0.3,0.0,80,4999,estimated,240,0.4566,-0.003360470058003017,-0.04520302423584449,False,False
mbe3-pgdl-transfer-confirmation-v2,B1_design,interaction_proxy_null,0.3,0.0,81,4999,estimated,240,0.4542,-0.0034081978652444242,-0.048868311377083466,False,False
mbe3-pgdl-transfer-confirmation-v2,B1_design,interaction_proxy_null,0.3,0.0,82,4999,estimated,240,0.8474,0.0007936946702981585,0.01082796955793521,False,False
mbe3-pgdl-transfer-confirmation-v2,B1_design,interaction_proxy_null,0.3,0.0,83,4999,estimated,240,0.4256,0.0028357744221388296,0.04419960891765825,False,False
mbe3-pgdl-transfer-confirmation-v2,B1_design,interaction_proxy_null,0.3,0.0,84,4999,estimated,240,0.6158,-0.0023106536582597104,-0.03003100168660315,False,False
mbe3-pgdl-transfer-confirmation-v2,B1_design,interaction_proxy_null,0.3,0.0,85,4999,estimated,240,0.9914,3.7661063653595304e-05,0.000577590123631042,False,False
mbe3-pgdl-transfer-confirmation-v2,B1_design,interaction_proxy_null,0.3,0.0,86,4999,estimated,240,0.9094,0.00047299105786651765,0.006448094579574634,False,False
mbe3-pgdl-transfer-confirmation-v2,B1_design,interaction_proxy_null,0.3,0.0,87,4999,estimated,240,0.5688,0.0027840693342776105,0.03367624143369558,False,False
mbe3-pgdl-transfer-confirmation-v2,B1_design,interaction_proxy_null,0.3,0.0,88,4999,estimated,240,0.1116,-0.007548079713394551,-0.09532383124953447,False,False
mbe3-pgdl-transfer-confirmation-v2,B1_design,interaction_proxy_null,0.3,0.0,89,4999,estimated,240,0.251,-0.004808376169246505,-0.06013439038483053,False,False
mbe3-pgdl-transfer-confirmation-v2,B1_design,interaction_proxy_null,0.3,0.0,90,4999,estimated,240,0.077,-0.007609541400252875,-0.11783428033634674,False,False
mbe3-pgdl-transfer-confirmation-v2,B1_design,interaction_proxy_null,0.3,0.0,91,4999,estimated,240,0.889,-0.0005814149127147076,-0.008067464901133374,False,False
mbe3-pgdl-transfer-confirmation-v2,B1_design,interaction_proxy_null,0.3,0.0,92,4999,estimated,240,0.3732,0.003427027991548628,0.04881707666232305,False,False
mbe3-pgdl-transfer-confirmation-v2,B1_design,interaction_proxy_null,0.3,0.0,93,4999,estimated,240,0.213,-0.005620998247489652,-0.07082103997979071,False,False
mbe3-pgdl-transfer-confirmation-v2,B1_design,interaction_proxy_null,0.3,0.0,94,4999,estimated,240,0.3648,0.003818818598662889,0.054414925429885845,False,False
mbe3-pgdl-transfer-confirmation-v2,B1_design,interaction_proxy_null,0.3,0.0,95,4999,estimated,240,0.5582,0.0025489904393903003,0.035767949955573676,False,False
mbe3-pgdl-transfer-confirmation-v2,B1_design,interaction_proxy_null,0.3,0.0,96,4999,estimated,240,0.7214,0.001534136752302793,0.02059798700542637,False,False
mbe3-pgdl-transfer-confirmation-v2,B1_design,interaction_proxy_null,0.3,0.0,97,4999,estimated,240,0.6994,0.0017153711530903816,0.022354638222351682,False,False
mbe3-pgdl-transfer-confirmation-v2,B1_design,interaction_proxy_null,0.3,0.0,98,4999,estimated,240,0.4738,-0.003462748020724,-0.04403624280246653,False,False
mbe3-pgdl-transfer-confirmation-v2,B1_design,interaction_proxy_null,0.3,0.0,99,4999,estimated,240,0.3048,0.0045175995237767335,0.06349932379650354,False,False
mbe3-pgdl-transfer-confirmation-v2,B1_design,interaction_proxy_null,0.8,0.0,0,4999,estimated,240,0.5042,0.002669894488219965,0.040804082598402173,False,False
mbe3-pgdl-transfer-confirmation-v2,B1_design,interaction_proxy_null,0.8,0.0,1,4999,estimated,240,0.0464,0.00943534055781049,0.12035520258368618,False,False
mbe3-pgdl-transfer-confirmation-v2,B1_design,interaction_proxy_null,0.8,0.0,2,4999,estimated,240,0.1348,-0.006483507863564291,-0.08424810096555818,False,False
mbe3-pgdl-transfer-confirmation-v2,B1_design,interaction_proxy_null,0.8,0.0,3,4999,estimated,240,0.8996,0.0005434321767022984,0.008530355200029515,False,False
mbe3-pgdl-transfer-confirmation-v2,B1_design,interaction_proxy_null,0.8,0.0,4,4999,estimated,240,0.2122,0.004919708533157446,0.07864986417349482,False,False
mbe3-pgdl-transfer-confirmation-v2,B1_design,interaction_proxy_null,0.8,0.0,5,4999,estimated,240,0.1554,-0.006057614389408415,-0.09034354586038192,False,False
mbe3-pgdl-transfer-confirmation-v2,B1_design,interaction_proxy_null,0.8,0.0,6,4999,estimated,240,0.2426,-0.004344136490781946,-0.0667305925345288,False,False
mbe3-pgdl-transfer-confirmation-v2,B1_design,interaction_proxy_null,0.8,0.0,7,4999,estimated,240,0.0144,0.01097756384289957,0.16240554100219912,False,False
mbe3-pgdl-transfer-confirmation-v2,B1_design,interaction_proxy_null,0.8,0.0,8,4999,estimated,240,0.3414,0.003966206600702366,0.049739209221389365,False,False
mbe3-pgdl-transfer-confirmation-v2,B1_design,interaction_proxy_null,0.8,0.0,9,4999,estimated,240,0.835,0.0009732052780468231,0.014591296482696137,False,False
mbe3-pgdl-transfer-confirmation-v2,B1_design,interaction_proxy_null,0.8,0.0,10,4999,estimated,240,0.6332,-0.0018904748702644157,-0.029657240288793255,False,False
mbe3-pgdl-transfer-confirmation-v2,B1_design,interaction_proxy_null,0.8,0.0,11,4999,estimated,240,0.7028,0.0016100290941340656,0.02427805214510803,False,False
mbe3-pgdl-transfer-confirmation-v2,B1_design,interaction_proxy_null,0.8,0.0,12,4999,estimated,240,0.162,-0.006265493015413746,-0.09460598838843472,False,False
mbe3-pgdl-transfer-confirmation-v2,B1_design,interaction_proxy_null,0.8,0.0,13,4999,estimated,240,0.3904,-0.002947814821782815,-0.04397914820626996,False,False
mbe3-pgdl-transfer-confirmation-v2,B1_design,interaction_proxy_null,0.8,0.0,14,4999,estimated,240,0.7414,-0.0012467080139936984,-0.016792735145987437,False,False
mbe3-pgdl-transfer-confirmation-v2,B1_design,interaction_proxy_null,0.8,0.0,15,4999,estimated,240,0.4198,0.00311636444606144,0.044596189926242376,False,False
mbe3-pgdl-transfer-confirmation-v2,B1_design,interaction_proxy_null,0.8,0.0,16,4999,estimated,240,0.3872,-0.003484898600423336,-0.04949114001664684,False,False
mbe3-pgdl-transfer-confirmation-v2,B1_design,interaction_proxy_null,0.8,0.0,17,4999,estimated,240,0.0326,-0.009563846180040003,-0.12909117153075064,False,False
mbe3-pgdl-transfer-confirmation-v2,B1_design,interaction_proxy_null,0.8,0.0,18,4999,estimated,240,0.001,-0.014747546222053657,-0.2324846781959496,True,False
mbe3-pgdl-transfer-confirmation-v2,B1_design,interaction_proxy_null,0.8,0.0,19,4999,estimated,240,0.709,-0.001626197364764802,-0.020917178888231365,False,False
mbe3-pgdl-transfer-confirmation-v2,B1_design,interaction_proxy_null,0.8,0.0,20,4999,estimated,240,0.9154,-0.0004239704798178539,-0.005803328072672534,False,False
mbe3-pgdl-transfer-confirmation-v2,B1_design,interaction_proxy_null,0.8,0.0,21,4999,estimated,240,0.2402,0.005193768638838721,0.07736091869567743,False,False
mbe3-pgdl-transfer-confirmation-v2,B1_design,interaction_proxy_null,0.8,0.0,22,4999,estimated,240,0.8778,-0.000720379745043023,-0.00871460281527337,False,False
mbe3-pgdl-transfer-confirmation-v2,B1_design,interaction_proxy_null,0.8,0.0,23,4999,estimated,240,0.715,0.001532509435246029,0.02504694665419156,False,False
mbe3-pgdl-transfer-confirmation-v2,B1_design,interaction_proxy_null,0.8,0.0,24,4999,estimated,240,0.5442,0.002450063644463893,0.03583296759012482,False,False
mbe3-pgdl-transfer-confirmation-v2,B1_design,interaction_proxy_null,0.8,0.0,25,4999,estimated,240,0.8998,0.0004867098020103766,0.007110993126142847,False,False
mbe3-pgdl-transfer-confirmation-v2,B1_design,interaction_proxy_null,0.8,0.0,26,4999,estimated,240,0.2958,0.004389139031397302,0.07187988040313713,False,False
mbe3-pgdl-transfer-confirmation-v2,B1_design,interaction_proxy_null,0.8,0.0,27,4999,estimated,240,0.1004,-0.007623514100701066,-0.09379801200150933,False,False
mbe3-pgdl-transfer-confirmation-v2,B1_design,interaction_proxy_null,0.8,0.0,28,4999,estimated,240,0.3954,0.0035192319867206816,0.05765461730184134,False,False
mbe3-pgdl-transfer-confirmation-v2,B1_design,interaction_proxy_null,0.8,0.0,29,4999,estimated,240,0.7128,0.0015273372080824796,0.019029048542177865,False,False
mbe3-pgdl-transfer-confirmation-v2,B1_design,interaction_proxy_null,0.8,0.0,30,4999,estimated,240,0.0074,0.01150052011698072,0.16690181078802782,False,False
mbe3-pgdl-transfer-confirmation-v2,B1_design,interaction_proxy_null,0.8,0.0,31,4999,estimated,240,0.9022,0.0004692650481970579,0.006982124733150452,False,False
mbe3-pgdl-transfer-confirmation-v2,B1_design,interaction_proxy_null,0.8,0.0,32,4999,estimated,240,0.1866,0.005717586870428014,0.0978304827352278,False,False
mbe3-pgdl-transfer-confirmation-v2,B1_design,interaction_proxy_null,0.8,0.0,33,4999,estimated,240,0.5452,0.00250427287916745,0.0354746747220439,False,False
mbe3-pgdl-transfer-confirmation-v2,B1_design,interaction_proxy_null,0.8,0.0,34,4999,estimated,240,0.7986,-0.0009778662431339708,-0.014529089174498145,False,False
mbe3-pgdl-transfer-confirmation-v2,B1_design,interaction_proxy_null,0.8,0.0,35,4999,estimated,240,0.4274,0.0035088270988573615,0.04975719037592634,False,False
mbe3-pgdl-transfer-confirmation-v2,B1_design,interaction_proxy_null,0.8,0.0,36,4999,estimated,240,0.6786,0.001836353882749904,0.02355577730510825,False,False
mbe3-pgdl-transfer-confirmation-v2,B1_design,interaction_proxy_null,0.8,0.0,37,4999,estimated,240,0.5166,-0.0026776294661821484,-0.03529489470451628,False,False
mbe3-pgdl-transfer-confirmation-v2,B1_design,interaction_proxy_null,0.8,0.0,38,4999,estimated,240,0.1422,0.006010904642944376,0.08739535724676072,False,False
mbe3-pgdl-transfer-confirmation-v2,B1_design,interaction_proxy_null,0.8,0.0,39,4999,estimated,240,0.1044,-0.0067759023422862465,-0.09286519732181867,False,False
mbe3-pgdl-transfer-confirmation-v2,B1_design,interaction_proxy_null,0.8,0.0,40,4999,estimated,240,0.0662,0.008401511186743427,0.09699469948851336,False,False
mbe3-pgdl-transfer-confirmation-v2,B1_design,interaction_proxy_null,0.8,0.0,41,4999,estimated,240,0.5956,-0.002309013482360672,-0.03257754618113775,False,False
mbe3-pgdl-transfer-confirmation-v2,B1_design,interaction_proxy_null,0.8,0.0,42,4999,estimated,240,0.6428,0.0020258416676308877,0.027403597047770664,False,False
mbe3-pgdl-transfer-confirmation-v2,B1_design,interaction_proxy_null,0.8,0.0,43,4999,estimated,240,0.6266,0.0021823785246343802,0.02706421318056937,False,False
mbe3-pgdl-transfer-confirmation-v2,B1_design,interaction_proxy_null,0.8,0.0,44,4999,estimated,240,0.4108,0.0038687733231617186,0.05402092549321417,False,False
mbe3-pgdl-transfer-confirmation-v2,B1_design,interaction_proxy_null,0.8,0.0,45,4999,estimated,240,0.8374,0.0007213104217033685,0.012044379131068426,False,False
mbe3-pgdl-transfer-confirmation-v2,B1_design,interaction_proxy_null,0.8,0.0,46,4999,estimated,240,0.7704,-0.001238964006194047,-0.017628564496074143,False,False
mbe3-pgdl-transfer-confirmation-v2,B1_design,interaction_proxy_null,0.8,0.0,47,4999,estimated,240,0.238,0.005065562237213467,0.07737054534563614,False,False
mbe3-pgdl-transfer-confirmation-v2,B1_design,interaction_proxy_null,0.8,0.0,48,4999,estimated,240,0.345,0.003586744253729901,0.05336513437243831,False,False
mbe3-pgdl-transfer-confirmation-v2,B1_design,interaction_proxy_null,0.8,0.0,49,4999,estimated,240,0.7696,0.001206615391414089,0.01722165384312079,False,False
mbe3-pgdl-transfer-confirmation-v2,B1_design,interaction_proxy_null,0.8,0.0,50,4999,estimated,240,0.6258,-0.002058290336705263,-0.03401802327593647,False,False
mbe3-pgdl-transfer-confirmation-v2,B1_design,interaction_proxy_null,0.8,0.0,51,4999,estimated,240,0.2512,-0.00463788383861,-0.0662574988486945,False,False
mbe3-pgdl-transfer-confirmation-v2,B1_design,interaction_proxy_null,0.8,0.0,52,4999,estimated,240,0.5638,0.0021364336926555723,0.03177514511124735,False,False
mbe3-pgdl-transfer-confirmation-v2,B1_design,interaction_proxy_null,0.8,0.0,53,4999,estimated,240,0.383,0.003517575297490518,0.05122484210742104,False,False
mbe3-pgdl-transfer-confirmation-v2,B1_design,interaction_proxy_null,0.8,0.0,54,4999,estimated,240,0.7156,-0.0013912533016077692,-0.019669099321279606,False,False
mbe3-pgdl-transfer-confirmation-v2,B1_design,interaction_proxy_null,0.8,0.0,55,4999,estimated,240,0.0114,0.011269660684347387,0.1684011350064717,False,False
mbe3-pgdl-transfer-confirmation-v2,B1_design,interaction_proxy_null,0.8,0.0,56,4999,estimated,240,0.8222,0.000902800287720687,0.013131333283716158,False,False
mbe3-pgdl-transfer-confirmation-v2,B1_design,interaction_proxy_null,0.8,0.0,57,4999,estimated,240,0.9708,0.00016027738842370649,0.002470085680710699,False,False
mbe3-pgdl-transfer-confirmation-v2,B1_design,interaction_proxy_null,0.8,0.0,58,4999,estimated,240,0.3156,0.0048461893302433195,0.05611690222817746,False,False
mbe3-pgdl-transfer-confirmation-v2,B1_design,interaction_proxy_null,0.8,0.0,59,4999,estimated,240,0.6506,0.0017783111847195733,0.02788254437346769,False,False
mbe3-pgdl-transfer-confirmation-v2,B1_design,interaction_proxy_null,0.8,0.0,60,4999,estimated,240,0.5216,0.0025010146804950975,0.03843197944451963,False,False
mbe3-pgdl-transfer-confirmation-v2,B1_design,interaction_proxy_null,0.8,0.0,61,4999,estimated,240,0.1108,0.007149030607896044,0.11242645927620151,False,False
mbe3-pgdl-transfer-confirmation-v2,B1_design,interaction_proxy_null,0.8,0.0,62,4999,estimated,240,0.8086,-0.000965446155957287,-0.015030598258485444,False,False
mbe3-pgdl-transfer-confirmation-v2,B1_design,interaction_proxy_null,0.8,0.0,63,4999,estimated,240,0.1714,0.0052620464614399325,0.08158673943253292,False,False
mbe3-pgdl-transfer-confirmation-v2,B1_design,interaction_proxy_null,0.8,0.0,64,4999,estimated,240,0.971,-0.00017404410659587974,-0.0021697494733262657,False,False
mbe3-pgdl-transfer-confirmation-v2,B1_design,interaction_proxy_null,0.8,0.0,65,4999,estimated,240,0.112,0.0075723567477381576,0.10015532856343924,False,False
mbe3-pgdl-transfer-confirmation-v2,B1_design,interaction_proxy_null,0.8,0.0,66,4999,estimated,240,0.4866,0.002823254024208951,0.04281062454772038,False,False
mbe3-pgdl-transfer-confirmation-v2,B1_design,interaction_proxy_null,0.8,0.0,67,4999,estimated,240,0.4302,-0.0034314897011744855,-0.04836557864423536,False,False
mbe3-pgdl-transfer-confirmation-v2,B1_design,interaction_proxy_null,0.8,0.0,68,4999,estimated,240,0.1014,0.007127458547966939,0.10111257589870165,False,False
mbe3-pgdl-transfer-confirmation-v2,B1_design,interaction_proxy_null,0.8,0.0,69,4999,estimated,240,0.4586,0.00334989886275326,0.04266774650503977,False,False
mbe3-pgdl-transfer-confirmation-v2,B1_design,interaction_proxy_null,0.8,0.0,70,4999,estimated,240,0.8062,-0.000972391387803292,-0.016519114854992342,False,False
mbe3-pgdl-transfer-confirmation-v2,B1_design,interaction_proxy_null,0.8,0.0,71,4999,estimated,240,0.9716,0.00019536977832771975,0.002803491237649972,False,False
mbe3-pgdl-transfer-confirmation-v2,B1_design,interaction_proxy_null,0.8,0.0,72,4999,estimated,240,0.0132,0.010997090963966432,0.15185589003497763,False,False
mbe3-pgdl-transfer-confirmation-v2,B1_design,interaction_proxy_null,0.8,0.0,73,4999,estimated,240,0.6132,0.002264149884319588,0.031007378111798368,False,False
mbe3-pgdl-transfer-confirmation-v2,B1_design,interaction_proxy_null,0.8,0.0,74,4999,estimated,240,0.0386,0.008890322001252737,0.12508757379110627,False,False
mbe3-pgdl-transfer-confirmation-v2,B1_design,interaction_proxy_null,0.8,0.0,75,4999,estimated,240,0.004,-0.01297503369213936,-0.1796167370295037,False,False
mbe3-pgdl-transfer-confirmation-v2,B1_design,interaction_proxy_null,0.8,0.0,76,4999,estimated,240,0.6306,-0.0020189267498009413,-0.030836649714744577,False,False
mbe3-pgdl-transfer-confirmation-v2,B1_design,interaction_proxy_null,0.8,0.0,77,4999,estimated,240,0.0236,-0.009263716687184636,-0.1350426502160348,False,False
mbe3-pgdl-transfer-confirmation-v2,B1_design,interaction_proxy_null,0.8,0.0,78,4999,estimated,240,0.5332,0.0029053881500985565,0.042369432521737034,False,False
mbe3-pgdl-transfer-confirmation-v2,B1_design,interaction_proxy_null,0.8,0.0,79,4999,estimated,240,0.5884,-0.0021731142416778686,-0.03342703799369839,False,False
mbe3-pgdl-transfer-confirmation-v2,B1_design,interaction_proxy_null,0.8,0.0,80,4999,estimated,240,0.543,-0.0024711464972380108,-0.03775201967237289,False,False
mbe3-pgdl-transfer-confirmation-v2,B1_design,interaction_proxy_null,0.8,0.0,81,4999,estimated,240,0.0656,-0.007323696049102527,-0.10001553670661889,False,False
mbe3-pgdl-transfer-confirmation-v2,B1_design,interaction_proxy_null,0.8,0.0,82,4999,estimated,240,0.203,-0.005734149260209146,-0.07669871027130386,False,False
mbe3-pgdl-transfer-confirmation-v2,B1_design,interaction_proxy_null,0.8,0.0,83,4999,estimated,240,0.4328,-0.003306641065372768,-0.049168981885329324,False,False
mbe3-pgdl-transfer-confirmation-v2,B1_design,interaction_proxy_null,0.8,0.0,84,4999,estimated,240,0.0814,0.007135069028072013,0.10843197722578811,False,False
mbe3-pgdl-transfer-confirmation-v2,B1_design,interaction_proxy_null,0.8,0.0,85,4999,estimated,240,0.2328,0.00466119070797599,0.0753615615275644,False,False
mbe3-pgdl-transfer-confirmation-v2,B1_design,interaction_proxy_null,0.8,0.0,86,4999,estimated,240,0.4562,0.0037533980907134574,0.048226429912062024,False,False
mbe3-pgdl-transfer-confirmation-v2,B1_design,interaction_proxy_null,0.8,0.0,87,4999,estimated,240,0.431,0.003371311889807068,0.04760653693006992,False,False
mbe3-pgdl-transfer-confirmation-v2,B1_design,interaction_proxy_null,0.8,0.0,88,4999,estimated,240,0.1356,-0.0062200697092694,-0.09859574269559712,False,False
mbe3-pgdl-transfer-confirmation-v2,B1_design,interaction_proxy_null,0.8,0.0,89,4999,estimated,240,0.8176,-0.0008015408342438028,-0.013656555708119973,False,False
mbe3-pgdl-transfer-confirmation-v2,B1_design,interaction_proxy_null,0.8,0.0,90,4999,estimated,240,0.4456,0.0037514150484997577,0.04841313661752861,False,False
mbe3-pgdl-transfer-confirmation-v2,B1_design,interaction_proxy_null,0.8,0.0,91,4999,estimated,240,0.6476,0.0018623263079672028,0.027356602021948576,False,False
mbe3-pgdl-transfer-confirmation-v2,B1_design,interaction_proxy_null,0.8,0.0,92,4999,estimated,240,0.4318,-0.003129692287986031,-0.044649384254928676,False,False
mbe3-pgdl-transfer-confirmation-v2,B1_design,interaction_proxy_null,0.8,0.0,93,4999,estimated,240,0.5026,-0.003038864626659481,-0.04357978398095656,False,False
mbe3-pgdl-transfer-confirmation-v2,B1_design,interaction_proxy_null,0.8,0.0,94,4999,estimated,240,0.0944,0.006717631040845714,0.10427956188866071,False,False
mbe3-pgdl-transfer-confirmation-v2,B1_design,interaction_proxy_null,0.8,0.0,95,4999,estimated,240,0.2364,-0.004721286684278686,-0.0726379412476664,False,False
mbe3-pgdl-transfer-confirmation-v2,B1_design,interaction_proxy_null,0.8,0.0,96,4999,estimated,240,0.8812,0.0006575354341548517,0.009372840063009018,False,False
mbe3-pgdl-transfer-confirmation-v2,B1_design,interaction_proxy_null,0.8,0.0,97,4999,estimated,240,0.8806,-0.0006280973493260798,-0.008720223260225143,False,False
mbe3-pgdl-transfer-confirmation-v2,B1_design,interaction_proxy_null,0.8,0.0,98,4999,estimated,240,0.1862,0.005029060442541326,0.06788281431960293,False,False
mbe3-pgdl-transfer-confirmation-v2,B1_design,interaction_proxy_null,0.8,0.0,99,4999,estimated,240,0.1254,-0.006349755762432851,-0.09972810761210062,False,False
mbe3-pgdl-transfer-confirmation-v2,B1_design,nonlinear_proxy_null,0.3,0.0,0,4999,estimated,240,0.5162,0.003578293393116026,0.04361236233161791,False,False
mbe3-pgdl-transfer-confirmation-v2,B1_design,nonlinear_proxy_null,0.3,0.0,1,4999,estimated,240,0.6964,0.0016624528967433096,0.021754294875023256,False,False
mbe3-pgdl-transfer-confirmation-v2,B1_design,nonlinear_proxy_null,0.3,0.0,2,4999,estimated,240,0.0388,-0.008944903029216411,-0.1156599625033798,False,False
mbe3-pgdl-transfer-confirmation-v2,B1_design,nonlinear_proxy_null,0.3,0.0,3,4999,estimated,240,0.2526,0.004778308414681533,0.06834618388501536,False,False
mbe3-pgdl-transfer-confirmation-v2,B1_design,nonlinear_proxy_null,0.3,0.0,4,4999,estimated,240,0.6978,0.0016636507699277628,0.02369009659917497,False,False
mbe3-pgdl-transfer-confirmation-v2,B1_design,nonlinear_proxy_null,0.3,0.0,5,4999,estimated,240,0.6474,-0.001996274186357704,-0.02755880622280194,False,False
mbe3-pgdl-transfer-confirmation-v2,B1_design,nonlinear_proxy_null,0.3,0.0,6,4999,estimated,240,0.5062,0.002761977925587851,0.04331764093636915,False,False
mbe3-pgdl-transfer-confirmation-v2,B1_design,nonlinear_proxy_null,0.3,0.0,7,4999,estimated,240,0.3734,0.004226447398647029,0.057122570884228466,False,False
mbe3-pgdl-transfer-confirmation-v2,B1_design,nonlinear_proxy_null,0.3,0.0,8,4999,estimated,240,0.2344,0.004744156668637473,0.07077233667722403,False,False
mbe3-pgdl-transfer-confirmation-v2,B1_design,nonlinear_proxy_null,0.3,0.0,9,4999,estimated,240,0.2654,0.004642666689688074,0.06643229397947442,False,False
mbe3-pgdl-transfer-confirmation-v2,B1_design,nonlinear_proxy_null,0.3,0.0,10,4999,estimated,240,0.6622,-0.0019275845906941485,-0.025367342114663842,False,False
mbe3-pgdl-transfer-confirmation-v2,B1_design,nonlinear_proxy_null,0.3,0.0,11,4999,estimated,240,0.7184,-0.001681363412448474,-0.02393547090172242,False,False
mbe3-pgdl-transfer-confirmation-v2,B1_design,nonlinear_proxy_null,0.3,0.0,12,4999,estimated,240,0.6238,-0.002177214608526295,-0.033491708583426,False,False
mbe3-pgdl-transfer-confirmation-v2,B1_design,nonlinear_proxy_null,0.3,0.0,13,4999,estimated,240,0.9406,-0.0003237221186339287,-0.00453865978696403,False,False
mbe3-pgdl-transfer-confirmation-v2,B1_design,nonlinear_proxy_null,0.3,0.0,14,4999,estimated,240,0.0448,-0.009183583984075898,-0.12239178895925085,False,False
mbe3-pgdl-transfer-confirmation-v2,B1_design,nonlinear_proxy_null,0.3,0.0,15,4999,estimated,240,0.279,0.0047025724143438885,0.06339044596281793,False,False
mbe3-pgdl-transfer-confirmation-v2,B1_design,nonlinear_proxy_null,0.3,0.0,16,4999,estimated,240,0.465,-0.003699276054861131,-0.048417216068097305,False,False
mbe3-pgdl-transfer-confirmation-v2,B1_design,nonlinear_proxy_null,0.3,0.0,17,4999,estimated,240,0.459,-0.002888187073580672,-0.04532387744791708,False,False
mbe3-pgdl-transfer-confirmation-v2,B1_design,nonlinear_proxy_null,0.3,0.0,18,4999,estimated,240,0.9624,-0.00019990972581174793,-0.0029823211728445672,False,False
mbe3-pgdl-transfer-confirmation-v2,B1_design,nonlinear_proxy_null,0.3,0.0,19,4999,estimated,240,0.1786,-0.005626464166670433,-0.08364239945848803,False,False
mbe3-pgdl-transfer-confirmation-v2,B1_design,nonlinear_proxy_null,0.3,0.0,20,4999,estimated,240,0.186,-0.005394984239869062,-0.07540200942170765,False,False
mbe3-pgdl-transfer-confirmation-v2,B1_design,nonlinear_proxy_null,0.3,0.0,21,4999,estimated,240,0.3742,0.00372083734259794,0.05200569824310669,False,False
mbe3-pgdl-transfer-confirmation-v2,B1_design,nonlinear_proxy_null,0.3,0.0,22,4999,estimated,240,0.216,-0.005080854315205213,-0.08152779632966291,False,False
mbe3-pgdl-transfer-confirmation-v2,B1_design,nonlinear_proxy_null,0.3,0.0,23,4999,estimated,240,0.8804,0.0006412584171072257,0.009628648872718203,False,False
mbe3-pgdl-transfer-confirmation-v2,B1_design,nonlinear_proxy_null,0.3,0.0,24,4999,estimated,240,0.998,-8.187476981846391e-06,-0.00012000344207512696,False,False
mbe3-pgdl-transfer-confirmation-v2,B1_design,nonlinear_proxy_null,0.3,0.0,25,4999,estimated,240,0.3982,0.0036094025522133283,0.04969573208732893,False,False
mbe3-pgdl-transfer-confirmation-v2,B1_design,nonlinear_proxy_null,0.3,0.0,26,4999,estimated,240,0.222,-0.004872231261514333,-0.07059091206985271,False,False
mbe3-pgdl-transfer-confirmation-v2,B1_design,nonlinear_proxy_null,0.3,0.0,27,4999,estimated,240,0.9352,-0.0003828658471435371,-0.004846849904963615,False,False
mbe3-pgdl-transfer-confirmation-v2,B1_design,nonlinear_proxy_null,0.3,0.0,28,4999,estimated,240,0.494,0.0028230862425058655,0.03912560855066667,False,False
mbe3-pgdl-transfer-confirmation-v2,B1_design,nonlinear_proxy_null,0.3,0.0,29,4999,estimated,240,0.0926,0.006780977397618836,0.10359810643957626,False,False
mbe3-pgdl-transfer-confirmation-v2,B1_design,nonlinear_proxy_null,0.3,0.0,30,4999,estimated,240,0.4404,0.0033669907373382935,0.04578799143245701,False,False
mbe3-pgdl-transfer-confirmation-v2,B1_design,nonlinear_proxy_null,0.3,0.0,31,4999,estimated,240,0.2662,0.005465686791360854,0.07528204056632157,False,False
mbe3-pgdl-transfer-confirmation-v2,B1_design,nonlinear_proxy_null,0.3,0.0,32,4999,estimated,240,0.2854,0.004131708784584521,0.0736733879921542,False,False
mbe3-pgdl-transfer-confirmation-v2,B1_design,nonlinear_proxy_null,0.3,0.0,33,4999,estimated,240,0.9214,-0.0004176553760454007,-0.00694724221741036,False,False
mbe3-pgdl-transfer-confirmation-v2,B1_design,nonlinear_proxy_null,0.3,0.0,34,4999,estimated,240,0.6454,0.0017787990221393643,0.026619223050186228,False,False
mbe3-pgdl-transfer-confirmation-v2,B1_design,nonlinear_proxy_null,0.3,0.0,35,4999,estimated,240,0.2588,0.004816710242283377,0.07392430821579284,False,False
mbe3-pgdl-transfer-confirmation-v2,B1_design,nonlinear_proxy_null,0.3,0.0,36,4999,estimated,240,0.2634,0.00447621193742754,0.06578145462634989,False,False
mbe3-pgdl-transfer-confirmation-v2,B1_design,nonlinear_proxy_null,0.3,0.0,37,4999,estimated,240,0.8796,-0.0006554886517692375,-0.009134343280882588,False,False
mbe3-pgdl-transfer-confirmation-v2,B1_design,nonlinear_proxy_null,0.3,0.0,38,4999,estimated,240,0.8232,0.0008798557673562972,0.014225943235050557,False,False
mbe3-pgdl-transfer-confirmation-v2,B1_design,nonlinear_proxy_null,0.3,0.0,39,4999,estimated,240,0.3204,0.004257403630670716,0.06511869557075127,False,False
mbe3-pgdl-transfer-confirmation-v2,B1_design,nonlinear_proxy_null,0.3,0.0,40,4999,estimated,240,0.578,0.0025597871896342597,0.03768277025530168,False,False
mbe3-pgdl-transfer-confirmation-v2,B1_design,nonlinear_proxy_null,0.3,0.0,41,4999,estimated,240,0.0062,-0.01126936610424795,-0.16041902697203314,False,False
mbe3-pgdl-transfer-confirmation-v2,B1_design,nonlinear_proxy_null,0.3,0.0,42,4999,estimated,240,0.064,0.009268767763985254,0.12320832622549507,False,False
mbe3-pgdl-transfer-confirmation-v2,B1_design,nonlinear_proxy_null,0.3,0.0,43,4999,estimated,240,0.326,0.004249868390345189,0.060085480903982795,False,False
mbe3-pgdl-transfer-confirmation-v2,B1_design,nonlinear_proxy_null,0.3,0.0,44,4999,estimated,240,0.0052,-0.01066491686539978,-0.14838442842210792,False,False
mbe3-pgdl-transfer-confirmation-v2,B1_design,nonlinear_proxy_null,0.3,0.0,45,4999,estimated,240,0.3076,-0.004445706775378626,-0.06128029459300206,False,False
mbe3-pgdl-transfer-confirmation-v2,B1_design,nonlinear_proxy_null,0.3,0.0,46,4999,estimated,240,0.4688,-0.002999380160011211,-0.038926232958211265,False,False
mbe3-pgdl-transfer-confirmation-v2,B1_design,nonlinear_proxy_null,0.3,0.0,47,4999,estimated,240,0.3848,0.0036893222186310266,0.0590729685008299,False,False
mbe3-pgdl-transfer-confirmation-v2,B1_design,nonlinear_proxy_null,0.3,0.0,48,4999,estimated,240,0.2056,-0.005574212897879414,-0.08604569530322902,False,False
mbe3-pgdl-transfer-confirmation-v2,B1_design,nonlinear_proxy_null,0.3,0.0,49,4999,estimated,240,0.94,-0.0003227901577579464,-0.004431069980972152,False,False
mbe3-pgdl-transfer-confirmation-v2,B1_design,nonlinear_proxy_null,0.3,0.0,50,4999,estimated,240,0.104,-0.0061763824883159235,-0.0930088977254661,False,False
mbe3-pgdl-transfer-confirmation-v2,B1_design,nonlinear_proxy_null,0.3,0.0,51,4999,estimated,240,0.114,0.005983768124564315,0.10359967897632931,False,False
mbe3-pgdl-transfer-confirmation-v2,B1_design,nonlinear_proxy_null,0.3,0.0,52,4999,estimated,240,0.3804,0.004159931440444493,0.052087273611395625,False,False
mbe3-pgdl-transfer-confirmation-v2,B1_design,nonlinear_proxy_null,0.3,0.0,53,4999,estimated,240,0.6062,-0.001972951841254279,-0.02771935871863962,False,False
mbe3-pgdl-transfer-confirmation-v2,B1_design,nonlinear_proxy_null,0.3,0.0,54,4999,estimated,240,0.6018,0.0024190380784944324,0.03422675185329846,False,False
mbe3-pgdl-transfer-confirmation-v2,B1_design,nonlinear_proxy_null,0.3,0.0,55,4999,estimated,240,0.874,0.0006232623401142299,0.010054929799757759,False,False
mbe3-pgdl-transfer-confirmation-v2,B1_design,nonlinear_proxy_null,0.3,0.0,56,4999,estimated,240,0.239,0.005294964268288225,0.0697640061522697,False,False
mbe3-pgdl-transfer-confirmation-v2,B1_design,nonlinear_proxy_null,0.3,0.0,57,4999,estimated,240,0.4532,-0.003053523690587833,-0.043962960293993145,False,False
mbe3-pgdl-transfer-confirmation-v2,B1_design,nonlinear_proxy_null,0.3,0.0,58,4999,estimated,240,0.5234,-0.003010745651261152,-0.0399872095739842,False,False
mbe3-pgdl-transfer-confirmation-v2,B1_design,nonlinear_proxy_null,0.3,0.0,59,4999,estimated,240,0.1326,-0.005893794646180097,-0.09630800735156406,False,False
mbe3-pgdl-transfer-confirmation-v2,B1_design,nonlinear_proxy_null,0.3,0.0,60,4999,estimated,240,0.124,0.006197835764017413,0.08567314142388577,False,False
mbe3-pgdl-transfer-confirmation-v2,B1_design,nonlinear_proxy_null,0.3,0.0,61,4999,estimated,240,0.8536,0.0008390097228016239,0.013771092519245132,False,False
mbe3-pgdl-transfer-confirmation-v2,B1_design,nonlinear_proxy_null,0.3,0.0,62,4999,estimated,240,0.952,0.0002551991413402029,0.0041535587931991235,False,False
mbe3-pgdl-transfer-confirmation-v2,B1_design,nonlinear_proxy_null,0.3,0.0,63,4999,estimated,240,0.5724,0.002162416234793921,0.03165019482416179,False,False
mbe3-pgdl-transfer-confirmation-v2,B1_design,nonlinear_proxy_null,0.3,0.0,64,4999,estimated,240,0.0138,-0.011093859902613069,-0.15841962247811828,False,False
mbe3-pgdl-transfer-confirmation-v2,B1_design,nonlinear_proxy_null,0.3,0.0,65,4999,estimated,240,0.4678,-0.003036205980234167,-0.05077604101983575,False,False
mbe3-pgdl-transfer-confirmation-v2,B1_design,nonlinear_proxy_null,0.3,0.0,66,4999,estimated,240,0.949,0.0002838790032868648,0.003939168895385247,False,False
mbe3-pgdl-transfer-confirmation-v2,B1_design,nonlinear_proxy_null,0.3,0.0,67,4999,estimated,240,0.8446,0.0008649770873827169,0.011592315627796326,False,False
mbe3-pgdl-transfer-confirmation-v2,B1_design,nonlinear_proxy_null,0.3,0.0,68,4999,estimated,240,0.0556,-0.007903065822510193,-0.11105727173034624,False,False
mbe3-pgdl-transfer-confirmation-v2,B1_design,nonlinear_proxy_null,0.3,0.0,69,4999,estimated,240,0.0898,-0.007645474240620021,-0.10007156482908229,False,False
mbe3-pgdl-transfer-confirmation-v2,B1_design,nonlinear_proxy_null,0.3,0.0,70,4999,estimated,240,0.8594,-0.0008391249533685093,-0.011419965219413953,False,False
mbe3-pgdl-transfer-confirmation-v2,B1_design,nonlinear_proxy_null,0.3,0.0,71,4999,estimated,240,0.3224,0.005035745525180193,0.06588636978489971,False,False
mbe3-pgdl-transfer-confirmation-v2,B1_design,nonlinear_proxy_null,0.3,0.0,72,4999,estimated,240,0.0002,-0.01796442670632156,-0.25910190186039134,True,False
mbe3-pgdl-transfer-confirmation-v2,B1_design,nonlinear_proxy_null,0.3,0.0,73,4999,estimated,240,0.8,-0.0010891138565591032,-0.013061685903507508,False,False
mbe3-pgdl-transfer-confirmation-v2,B1_design,nonlinear_proxy_null,0.3,0.0,74,4999,estimated,240,0.8336,0.0009614291646175594,0.013719919639736552,False,False
mbe3-pgdl-transfer-confirmation-v2,B1_design,nonlinear_proxy_null,0.3,0.0,75,4999,estimated,240,0.3636,0.004002038571217119,0.06758995942583872,False,False
mbe3-pgdl-transfer-confirmation-v2,B1_design,nonlinear_proxy_null,0.3,0.0,76,4999,estimated,240,0.2342,-0.004813781977844788,-0.07913208210139785,False,False
mbe3-pgdl-transfer-confirmation-v2,B1_design,nonlinear_proxy_null,0.3,0.0,77,4999,estimated,240,0.5858,-0.002545656283026647,-0.03632598297185839,False,False
mbe3-pgdl-transfer-confirmation-v2,B1_design,nonlinear_proxy_null,0.3,0.0,78,4999,estimated,240,0.5298,0.002829121151256125,0.041213361836041226,False,False
mbe3-pgdl-transfer-confirmation-v2,B1_design,nonlinear_proxy_null,0.3,0.0,79,4999,estimated,240,0.5926,-0.002178022126021784,-0.027951552308327365,False,False
mbe3-pgdl-transfer-confirmation-v2,B1_design,nonlinear_proxy_null,0.3,0.0,80,4999,estimated,240,0.0074,0.012028033636737169,0.16573384544996977,False,False
mbe3-pgdl-transfer-confirmation-v2,B1_design,nonlinear_proxy_null,0.3,0.0,81,4999,estimated,240,0.0222,-0.008650570911837026,-0.1527348787199,False,False
mbe3-pgdl-transfer-confirmation-v2,B1_design,nonlinear_proxy_null,0.3,0.0,82,4999,estimated,240,0.528,0.002772688811552454,0.04308163016365121,False,False
mbe3-pgdl-transfer-confirmation-v2,B1_design,nonlinear_proxy_null,0.3,0.0,83,4999,estimated,240,0.5216,-0.0028041026471635876,-0.03847874655719187,False,False
mbe3-pgdl-transfer-confirmation-v2,B1_design,nonlinear_proxy_null,0.3,0.0,84,4999,estimated,240,0.2676,0.00470332668662828,0.06549446112516519,False,False
mbe3-pgdl-transfer-confirmation-v2,B1_design,nonlinear_proxy_null,0.3,0.0,85,4999,estimated,240,0.3716,0.004293766377226834,0.06153267363159198,False,False
mbe3-pgdl-transfer-confirmation-v2,B1_design,nonlinear_proxy_null,0.3,0.0,86,4999,estimated,240,0.3924,-0.003628451588368048,-0.05600662774502752,False,False
mbe3-pgdl-transfer-confirmation-v2,B1_design,nonlinear_proxy_null,0.3,0.0,87,4999,estimated,240,0.244,0.004919141193136881,0.06605924646925061,False,False
mbe3-pgdl-transfer-confirmation-v2,B1_design,nonlinear_proxy_null,0.3,0.0,88,4999,estimated,240,0.8186,0.0010528258305387936,0.013938691743994784,False,False
mbe3-pgdl-transfer-confirmation-v2,B1_design,nonlinear_proxy_null,0.3,0.0,89,4999,estimated,240,0.5588,0.0027014902809267124,0.03683072383148606,False,False
mbe3-pgdl-transfer-confirmation-v2,B1_design,nonlinear_proxy_null,0.3,0.0,90,4999,estimated,240,0.5338,-0.0025361167878654046,-0.035988290929956646,False,False
mbe3-pgdl-transfer-confirmation-v2,B1_design,nonlinear_proxy_null,0.3,0.0,91,4999,estimated,240,0.2058,0.005428316173897193,0.06939891556742173,False,False
mbe3-pgdl-transfer-confirmation-v2,B1_design,nonlinear_proxy_null,0.3,0.0,92,4999,estimated,240,0.9048,-0.00042960678609768203,-0.007495283053725767,False,False
mbe3-pgdl-transfer-confirmation-v2,B1_design,nonlinear_proxy_null,0.3,0.0,93,4999,estimated,240,0.8586,0.0007514912875217725,0.011523584953955923,False,False
mbe3-pgdl-transfer-confirmation-v2,B1_design,nonlinear_proxy_null,0.3,0.0,94,4999,estimated,240,0.523,0.0030973389229675204,0.04191189719337918,False,False
mbe3-pgdl-transfer-confirmation-v2,B1_design,nonlinear_proxy_null,0.3,0.0,95,4999,estimated,240,0.4044,0.0038070538089456448,0.05305629240588029,False,False
mbe3-pgdl-transfer-confirmation-v2,B1_design,nonlinear_proxy_null,0.3,0.0,96,4999,estimated,240,0.3446,0.003488018801490958,0.05811428670505968,False,False
mbe3-pgdl-transfer-confirmation-v2,B1_design,nonlinear_proxy_null,0.3,0.0,97,4999,estimated,240,0.3028,-0.004752177657782826,-0.0608569721357117,False,False
mbe3-pgdl-transfer-confirmation-v2,B1_design,nonlinear_proxy_null,0.3,0.0,98,4999,estimated,240,0.2422,0.005877695731039469,0.08065890335767231,False,False
mbe3-pgdl-transfer-confirmation-v2,B1_design,nonlinear_proxy_null,0.3,0.0,99,4999,estimated,240,0.1784,-0.005629776671488571,-0.08734100491247117,False,False
mbe3-pgdl-transfer-confirmation-v2,B1_design,nonlinear_proxy_null,0.8,0.0,0,4999,estimated,240,0.1884,0.006131839379617451,0.08011687683887746,False,False
mbe3-pgdl-transfer-confirmation-v2,B1_design,nonlinear_proxy_null,0.8,0.0,1,4999,estimated,240,0.1992,0.004935927384449969,0.0732449582910373,False,False
mbe3-pgdl-transfer-confirmation-v2,B1_design,nonlinear_proxy_null,0.8,0.0,2,4999,estimated,240,0.788,-0.001175154136346898,-0.01576342939898777,False,False
mbe3-pgdl-transfer-confirmation-v2,B1_design,nonlinear_proxy_null,0.8,0.0,3,4999,estimated,240,0.4858,-0.0033302652029007953,-0.04341662834194248,False,False
mbe3-pgdl-transfer-confirmation-v2,B1_design,nonlinear_proxy_null,0.8,0.0,4,4999,estimated,240,0.6778,0.0016809488992409378,0.023695369697501963,False,False
mbe3-pgdl-transfer-confirmation-v2,B1_design,nonlinear_proxy_null,0.8,0.0,5,4999,estimated,240,0.2042,-0.005312431943677875,-0.07607212988774795,False,False
mbe3-pgdl-transfer-confirmation-v2,B1_design,nonlinear_proxy_null,0.8,0.0,6,4999,estimated,240,0.2914,-0.004279689022569324,-0.06319160398110985,False,False
mbe3-pgdl-transfer-confirmation-v2,B1_design,nonlinear_proxy_null,0.8,0.0,7,4999,estimated,240,0.0514,-0.008289666994426766,-0.11235348227433316,False,False
mbe3-pgdl-transfer-confirmation-v2,B1_design,nonlinear_proxy_null,0.8,0.0,8,4999,estimated,240,0.7718,0.0012632360539965124,0.01788144198340687,False,False
mbe3-pgdl-transfer-confirmation-v2,B1_design,nonlinear_proxy_null,0.8,0.0,9,4999,estimated,240,0.4218,-0.00399050072379813,-0.04673693111271133,False,False
mbe3-pgdl-transfer-confirmation-v2,B1_design,nonlinear_proxy_null,0.8,0.0,10,4999,estimated,240,0.7456,-0.0015295169690267743,-0.018876234544855514,False,False
mbe3-pgdl-transfer-confirmation-v2,B1_design,nonlinear_proxy_null,0.8,0.0,11,4999,estimated,240,0.9936,-4.368434916401376e-05,-0.0005774515427784099,False,False
mbe3-pgdl-transfer-confirmation-v2,B1_design,nonlinear_proxy_null,0.8,0.0,12,4999,estimated,240,0.4088,-0.003035471773487857,-0.04844209188610944,False,False
mbe3-pgdl-transfer-confirmation-v2,B1_design,nonlinear_proxy_null,0.8,0.0,13,4999,estimated,240,0.1322,0.00678883534348385,0.08724401360986625,False,False
mbe3-pgdl-transfer-confirmation-v2,B1_design,nonlinear_proxy_null,0.8,0.0,14,4999,estimated,240,0.9986,6.926794486419169e-06,0.00010310826039734909,False,False
mbe3-pgdl-transfer-confirmation-v2,B1_design,nonlinear_proxy_null,0.8,0.0,15,4999,estimated,240,0.4518,0.003012339395169965,0.05049785974056263,False,False
mbe3-pgdl-transfer-confirmation-v2,B1_design,nonlinear_proxy_null,0.8,0.0,16,4999,estimated,240,0.1176,-0.0072865644876848185,-0.09021975497793835,False,False
mbe3-pgdl-transfer-confirmation-v2,B1_design,nonlinear_proxy_null,0.8,0.0,17,4999,estimated,240,0.9354,-0.00034909403006044723,-0.005410723093420824,False,False
mbe3-pgdl-transfer-confirmation-v2,B1_design,nonlinear_proxy_null,0.8,0.0,18,4999,estimated,240,0.5664,-0.002579959679669401,-0.03473425219058023,False,False
mbe3-pgdl-transfer-confirmation-v2,B1_design,nonlinear_proxy_null,0.8,0.0,19,4999,estimated,240,0.4928,-0.003052331559399794,-0.04273523571384841,False,False
mbe3-pgdl-transfer-confirmation-v2,B1_design,nonlinear_proxy_null,0.8,0.0,20,4999,estimated,240,0.2196,0.005087169897624963,0.06496159256272856,False,False
mbe3-pgdl-transfer-confirmation-v2,B1_design,nonlinear_proxy_null,0.8,0.0,21,4999,estimated,240,0.6218,0.0019061786120341737,0.03085286153815364,False,False
mbe3-pgdl-transfer-confirmation-v2,B1_design,nonlinear_proxy_null,0.8,0.0,22,4999,estimated,240,0.7362,0.0014767252136501012,0.021868125599081165,False,False
mbe3-pgdl-transfer-confirmation-v2,B1_design,nonlinear_proxy_null,0.8,0.0,23,4999,estimated,240,0.1212,0.0062801281806828205,0.09942097314383995,False,False
mbe3-pgdl-transfer-confirmation-v2,B1_design,nonlinear_proxy_null,0.8,0.0,24,4999,estimated,240,0.6472,-0.0018662472383467628,-0.024938120622415683,False,False
mbe3-pgdl-transfer-confirmation-v2,B1_design,nonlinear_proxy_null,0.8,0.0,25,4999,estimated,240,0.4468,0.003469080310051691,0.04802707885518488,False,False
mbe3-pgdl-transfer-confirmation-v2,B1_design,nonlinear_proxy_null,0.8,0.0,26,4999,estimated,240,0.664,0.0016969262184561595,0.024720466307493517,False,False
mbe3-pgdl-transfer-confirmation-v2,B1_design,nonlinear_proxy_null,0.8,0.0,27,4999,estimated,240,0.8756,-0.0005983994431257071,-0.00879142161344055,False,False
mbe3-pgdl-transfer-confirmation-v2,B1_design,nonlinear_proxy_null,0.8,0.0,28,4999,estimated,240,0.8458,-0.0007314585529397136,-0.010101857716754287,False,False
mbe3-pgdl-transfer-confirmation-v2,B1_design,nonlinear_proxy_null,0.8,0.0,29,4999,estimated,240,0.0068,0.012055977229263319,0.1614421559531961,False,False
mbe3-pgdl-transfer-confirmation-v2,B1_design,nonlinear_proxy_null,0.8,0.0,30,4999,estimated,240,0.9354,0.000296413454371437,0.0049060786566955655,False,False
mbe3-pgdl-transfer-confirmation-v2,B1_design,nonlinear_proxy_null,0.8,0.0,31,4999,estimated,240,0.8958,0.0006471545183051139,0.01113652029572889,False,False
mbe3-pgdl-transfer-confirmation-v2,B1_design,nonlinear_proxy_null,0.8,0.0,32,4999,estimated,240,0.5846,-0.0024045412162614225,-0.03281708216619363,False,False
mbe3-pgdl-transfer-confirmation-v2,B1_design,nonlinear_proxy_null,0.8,0.0,33,4999,estimated,240,0.5516,0.0026921777675694676,0.03770720258466912,False,False
mbe3-pgdl-transfer-confirmation-v2,B1_design,nonlinear_proxy_null,0.8,0.0,34,4999,estimated,240,0.8548,0.0007966824728297773,0.010422952204270964,False,False
mbe3-pgdl-transfer-confirmation-v2,B1_design,nonlinear_proxy_null,0.8,0.0,35,4999,estimated,240,0.1208,0.0054594258936970595,0.09486975505409088,False,False
mbe3-pgdl-transfer-confirmation-v2,B1_design,nonlinear_proxy_null,0.8,0.0,36,4999,estimated,240,0.0626,-0.0076095184812432735,-0.11700251370559853,False,False
mbe3-pgdl-transfer-confirmation-v2,B1_design,nonlinear_proxy_null,0.8,0.0,37,4999,estimated,240,0.7866,0.0011692893595427471,0.01717484862276821,False,False
mbe3-pgdl-transfer-confirmation-v2,B1_design,nonlinear_proxy_null,0.8,0.0,38,4999,estimated,240,0.7874,-0.0010230568394513665,-0.018955767095121208,False,False
mbe3-pgdl-transfer-confirmation-v2,B1_design,nonlinear_proxy_null,0.8,0.0,39,4999,estimated,240,0.9744,-0.00014470879247268273,-0.002159908821830871,False,False
mbe3-pgdl-transfer-confirmation-v2,B1_design,nonlinear_proxy_null,0.8,0.0,40,4999,estimated,240,0.4348,-0.003220104832366674,-0.05006536564234705,False,False
mbe3-pgdl-transfer-confirmation-v2,B1_design,nonlinear_proxy_null,0.8,0.0,41,4999,estimated,240,0.9412,0.00034210289577528625,0.0055145219071993075,False,False
mbe3-pgdl-transfer-confirmation-v2,B1_design,nonlinear_proxy_null,0.8,0.0,42,4999,estimated,240,0.066,0.009017240906671756,0.12477428091239125,False,False
mbe3-pgdl-transfer-confirmation-v2,B1_design,nonlinear_proxy_null,0.8,0.0,43,4999,estimated,240,0.7316,-0.0013944637574325185,-0.02006993956457187,False,False
mbe3-pgdl-transfer-confirmation-v2,B1_design,nonlinear_proxy_null,0.8,0.0,44,4999,estimated,240,0.2804,-0.004127574682403678,-0.06161083286497684,False,False
mbe3-pgdl-transfer-confirmation-v2,B1_design,nonlinear_proxy_null,0.8,0.0,45,4999,estimated,240,0.6666,0.0017025795946614155,0.025115487120696108,False,False
mbe3-pgdl-transfer-confirmation-v2,B1_design,nonlinear_proxy_null,0.8,0.0,46,4999,estimated,240,0.1024,-0.006360761045784563,-0.09383794523804932,False,False
mbe3-pgdl-transfer-confirmation-v2,B1_design,nonlinear_proxy_null,0.8,0.0,47,4999,estimated,240,0.6046,-0.002411370095191424,-0.03519337307388707,False,False
mbe3-pgdl-transfer-confirmation-v2,B1_design,nonlinear_proxy_null,0.8,0.0,48,4999,estimated,240,0.7706,0.0012761228204799377,0.018756178421987648,False,False
mbe3-pgdl-transfer-confirmation-v2,B1_design,nonlinear_proxy_null,0.8,0.0,49,4999,estimated,240,0.6074,0.002578147262845461,0.03747112636513649,False,False
mbe3-pgdl-transfer-confirmation-v2,B1_design,nonlinear_proxy_null,0.8,0.0,50,4999,estimated,240,0.3386,0.004292807520289165,0.06468712474345012,False,False
mbe3-pgdl-transfer-confirmation-v2,B1_design,nonlinear_proxy_null,0.8,0.0,51,4999,estimated,240,0.023,0.010773066924626243,0.1512819870203257,False,False
mbe3-pgdl-transfer-confirmation-v2,B1_design,nonlinear_proxy_null,0.8,0.0,52,4999,estimated,240,0.4272,-0.0032729590294838574,-0.047760595600629084,False,False
mbe3-pgdl-transfer-confirmation-v2,B1_design,nonlinear_proxy_null,0.8,0.0,53,4999,estimated,240,0.0262,0.009672506523135902,0.12744307367654628,False,False
mbe3-pgdl-transfer-confirmation-v2,B1_design,nonlinear_proxy_null,0.8,0.0,54,4999,estimated,240,0.2798,-0.004654388610933526,-0.07547859995590238,False,False
mbe3-pgdl-transfer-confirmation-v2,B1_design,nonlinear_proxy_null,0.8,0.0,55,4999,estimated,240,0.5026,-0.002783001898445283,-0.042452429536666066,False,False
mbe3-pgdl-transfer-confirmation-v2,B1_design,nonlinear_proxy_null,0.8,0.0,56,4999,estimated,240,0.962,-0.0001934516567569618,-0.002840957403030006,False,False
mbe3-pgdl-transfer-confirmation-v2,B1_design,nonlinear_proxy_null,0.8,0.0,57,4999,estimated,240,0.5058,-0.0030044677898694353,-0.04221485821065229,False,False
mbe3-pgdl-transfer-confirmation-v2,B1_design,nonlinear_proxy_null,0.8,0.0,58,4999,estimated,240,0.462,-0.0030206715260714676,-0.04727556029237832,False,False
mbe3-pgdl-transfer-confirmation-v2,B1_design,nonlinear_proxy_null,0.8,0.0,59,4999,estimated,240,0.5394,-0.0024134668914099025,-0.04097364518633667,False,False
mbe3-pgdl-transfer-confirmation-v2,B1_design,nonlinear_proxy_null,0.8,0.0,60,4999,estimated,240,0.6938,-0.0019747998683989883,-0.024936370675353897,False,False
mbe3-pgdl-transfer-confirmation-v2,B1_design,nonlinear_proxy_null,0.8,0.0,61,4999,estimated,240,0.2648,0.004850392357352821,0.06598316128214253,False,False
mbe3-pgdl-transfer-confirmation-v2,B1_design,nonlinear_proxy_null,0.8,0.0,62,4999,estimated,240,0.1602,-0.005650480352114485,-0.08801586795336767,False,False
mbe3-pgdl-transfer-confirmation-v2,B1_design,nonlinear_proxy_null,0.8,0.0,63,4999,estimated,240,0.04,-0.008362831636494978,-0.11708575776776775,False,False
mbe3-pgdl-transfer-confirmation-v2,B1_design,nonlinear_proxy_null,0.8,0.0,64,4999,estimated,240,0.8862,-0.0006057493388848252,-0.007762843969271322,False,False
mbe3-pgdl-transfer-confirmation-v2,B1_design,nonlinear_proxy_null,0.8,0.0,65,4999,estimated,240,0.001,0.015246024662985042,0.2157197841379614,True,True
mbe3-pgdl-transfer-confirmation-v2,B1_design,nonlinear_proxy_null,0.8,0.0,66,4999,estimated,240,0.9038,0.000492484879965893,0.006561333315149209,False,False
mbe3-pgdl-transfer-confirmation-v2,B1_design,nonlinear_proxy_null,0.8,0.0,67,4999,estimated,240,0.6844,-0.0018212275359673698,-0.02720021963789427,False,False
mbe3-pgdl-transfer-confirmation-v2,B1_design,nonlinear_proxy_null,0.8,0.0,68,4999,estimated,240,0.9872,-6.476459297142522e-05,-0.0008947352982973537,False,False
mbe3-pgdl-transfer-confirmation-v2,B1_design,nonlinear_proxy_null,0.8,0.0,69,4999,estimated,240,0.8248,0.0009652364052693182,0.013062851943452627,False,False
mbe3-pgdl-transfer-confirmation-v2,B1_design,nonlinear_proxy_null,0.8,0.0,70,4999,estimated,240,0.6224,-0.0018335219155375512,-0.03227583029045058,False,False
mbe3-pgdl-transfer-confirmation-v2,B1_design,nonlinear_proxy_null,0.8,0.0,71,4999,estimated,240,0.5184,0.0024621537782337707,0.03701928588475775,False,False
mbe3-pgdl-transfer-confirmation-v2,B1_design,nonlinear_proxy_null,0.8,0.0,72,4999,estimated,240,0.0266,-0.009829118294955797,-0.12874783890449612,False,False
mbe3-pgdl-transfer-confirmation-v2,B1_design,nonlinear_proxy_null,0.8,0.0,73,4999,estimated,240,0.7402,-0.0012666589218366237,-0.019769030438176058,False,False
mbe3-pgdl-transfer-confirmation-v2,B1_design,nonlinear_proxy_null,0.8,0.0,74,4999,estimated,240,0.2318,0.005219563590923005,0.07786365702934936,False,False
mbe3-pgdl-transfer-confirmation-v2,B1_design,nonlinear_proxy_null,0.8,0.0,75,4999,estimated,240,0.7066,0.001687031851037013,0.027319222884430425,False,False
mbe3-pgdl-transfer-confirmation-v2,B1_design,nonlinear_proxy_null,0.8,0.0,76,4999,estimated,240,0.4246,0.0037744853076488493,0.051652817736232245,False,False
mbe3-pgdl-transfer-confirmation-v2,B1_design,nonlinear_proxy_null,0.8,0.0,77,4999,estimated,240,0.637,-0.0018804471759467783,-0.02864393661886877,False,False
mbe3-pgdl-transfer-confirmation-v2,B1_design,nonlinear_proxy_null,0.8,0.0,78,4999,estimated,240,0.1538,-0.006705387817334191,-0.09148770703677953,False,False
mbe3-pgdl-transfer-confirmation-v2,B1_design,nonlinear_proxy_null,0.8,0.0,79,4999,estimated,240,0.193,-0.004850291683925806,-0.08882520674823216,False,False
mbe3-pgdl-transfer-confirmation-v2,B1_design,nonlinear_proxy_null,0.8,0.0,80,4999,estimated,240,0.7682,0.0014272759352271967,0.017735394507917966,False,False
mbe3-pgdl-transfer-confirmation-v2,B1_design,nonlinear_proxy_null,0.8,0.0,81,4999,estimated,240,0.642,0.0021514091005503436,0.030350080304812923,False,False
mbe3-pgdl-transfer-confirmation-v2,B1_design,nonlinear_proxy_null,0.8,0.0,82,4999,estimated,240,0.0262,0.010811478696949196,0.13875513586919083,False,False
mbe3-pgdl-transfer-confirmation-v2,B1_design,nonlinear_proxy_null,0.8,0.0,83,4999,estimated,240,0.0438,0.009021481392305124,0.12997967257545373,False,False
mbe3-pgdl-transfer-confirmation-v2,B1_design,nonlinear_proxy_null,0.8,0.0,84,4999,estimated,240,0.0748,-0.007104654962833879,-0.10825237349862477,False,False
mbe3-pgdl-transfer-confirmation-v2,B1_design,nonlinear_proxy_null,0.8,0.0,85,4999,estimated,240,0.0602,0.008817007689181831,0.10589538488031325,False,False
mbe3-pgdl-transfer-confirmation-v2,B1_design,nonlinear_proxy_null,0.8,0.0,86,4999,estimated,240,0.2176,0.005522106523153827,0.08890751725055934,False,False
mbe3-pgdl-transfer-confirmation-v2,B1_design,nonlinear_proxy_null,0.8,0.0,87,4999,estimated,240,0.0416,0.00834640377137336,0.11797839251807334,False,False
mbe3-pgdl-transfer-confirmation-v2,B1_design,nonlinear_proxy_null,0.8,0.0,88,4999,estimated,240,0.3512,-0.0033580018398239675,-0.05430262716151199,False,False
mbe3-pgdl-transfer-confirmation-v2,B1_design,nonlinear_proxy_null,0.8,0.0,89,4999,estimated,240,0.7004,-0.0013882060862577539,-0.022775393205324724,False,False
mbe3-pgdl-transfer-confirmation-v2,B1_design,nonlinear_proxy_null,0.8,0.0,90,4999,estimated,240,0.9042,0.0005170137430163582,0.009369896596014404,False,False
mbe3-pgdl-transfer-confirmation-v2,B1_design,nonlinear_proxy_null,0.8,0.0,91,4999,estimated,240,0.4042,-0.0034124129810924266,-0.04640768690925834,False,False
mbe3-pgdl-transfer-confirmation-v2,B1_design,nonlinear_proxy_null,0.8,0.0,92,4999,estimated,240,0.7396,-0.0015773847612334004,-0.019814262116389196,False,False
mbe3-pgdl-transfer-confirmation-v2,B1_design,nonlinear_proxy_null,0.8,0.0,93,4999,estimated,240,0.4852,0.0035934335611442444,0.048942830612094125,False,False
mbe3-pgdl-transfer-confirmation-v2,B1_design,nonlinear_proxy_null,0.8,0.0,94,4999,estimated,240,0.4694,0.0035034204322235483,0.044269670412762016,False,False
mbe3-pgdl-transfer-confirmation-v2,B1_design,nonlinear_proxy_null,0.8,0.0,95,4999,estimated,240,0.007,-0.011368423737240011,-0.15932543564455476,False,False
mbe3-pgdl-transfer-confirmation-v2,B1_design,nonlinear_proxy_null,0.8,0.0,96,4999,estimated,240,0.5324,-0.002638766915441474,-0.04167776740190113,False,False
mbe3-pgdl-transfer-confirmation-v2,B1_design,nonlinear_proxy_null,0.8,0.0,97,4999,estimated,240,0.821,-0.0010941744642665072,-0.014503616300246876,False,False
mbe3-pgdl-transfer-confirmation-v2,B1_design,nonlinear_proxy_null,0.8,0.0,98,4999,estimated,240,0.0488,0.00869225048611714,0.11205475803708122,False,False
mbe3-pgdl-transfer-confirmation-v2,B1_design,nonlinear_proxy_null,0.8,0.0,99,4999,estimated,240,0.0234,-0.009662194852308207,-0.14452542308555433,False,False
mbe3-pgdl-transfer-confirmation-v2,B2_training_loss,additive_proxy_null,0.3,0.0,0,4999,estimated,240,0.5948,0.002653263625879605,0.03605812425316119,False,False
mbe3-pgdl-transfer-confirmation-v2,B2_training_loss,additive_proxy_null,0.3,0.0,1,4999,estimated,240,0.0702,-0.0072899544059539835,-0.10807561393540252,False,False
mbe3-pgdl-transfer-confirmation-v2,B2_training_loss,additive_proxy_null,0.3,0.0,2,4999,estimated,240,0.1122,0.007926986851976554,0.1022251023846863,False,False
mbe3-pgdl-transfer-confirmation-v2,B2_training_loss,additive_proxy_null,0.3,0.0,3,4999,estimated,240,0.8062,0.0011189142690583216,0.015889936639434915,False,False
mbe3-pgdl-transfer-confirmation-v2,B2_training_loss,additive_proxy_null,0.3,0.0,4,4999,estimated,240,0.1104,0.00839101657321139,0.10084254441908673,False,False
mbe3-pgdl-transfer-confirmation-v2,B2_training_loss,additive_proxy_null,0.3,0.0,5,4999,estimated,240,0.4824,-0.0037774964486647486,-0.04745007817987557,False,False
mbe3-pgdl-transfer-confirmation-v2,B2_training_loss,additive_proxy_null,0.3,0.0,6,4999,estimated,240,0.0136,-0.013389388972737386,-0.16882013153556283,False,False
mbe3-pgdl-transfer-confirmation-v2,B2_training_loss,additive_proxy_null,0.3,0.0,7,4999,estimated,240,0.6474,0.0022680780908007517,0.0272924908482819,False,False
mbe3-pgdl-transfer-confirmation-v2,B2_training_loss,additive_proxy_null,0.3,0.0,8,4999,estimated,240,0.444,0.0035336769231175515,0.04723616836715793,False,False
mbe3-pgdl-transfer-confirmation-v2,B2_training_loss,additive_proxy_null,0.3,0.0,9,4999,estimated,240,0.9704,0.00019983717603704783,0.0027010161517787754,False,False
mbe3-pgdl-transfer-confirmation-v2,B2_training_loss,additive_proxy_null,0.3,0.0,10,4999,estimated,240,0.0654,0.008371404038146034,0.11698651927671476,False,False
mbe3-pgdl-transfer-confirmation-v2,B2_training_loss,additive_proxy_null,0.3,0.0,11,4999,estimated,240,0.95,-0.00026147143126407647,-0.003636271425152586,False,False
mbe3-pgdl-transfer-confirmation-v2,B2_training_loss,additive_proxy_null,0.3,0.0,12,4999,estimated,240,0.1452,0.0060007287807463585,0.09755968817873815,False,False
mbe3-pgdl-transfer-confirmation-v2,B2_training_loss,additive_proxy_null,0.3,0.0,13,4999,estimated,240,0.9984,1.1549141330511233e-05,0.00017524336757044392,False,False
mbe3-pgdl-transfer-confirmation-v2,B2_training_loss,additive_proxy_null,0.3,0.0,14,4999,estimated,240,0.7774,-0.0013489356654365682,-0.017937749265335923,False,False
mbe3-pgdl-transfer-confirmation-v2,B2_training_loss,additive_proxy_null,0.3,0.0,15,4999,estimated,240,0.1972,-0.005927848496036297,-0.08293792581381577,False,False
mbe3-pgdl-transfer-confirmation-v2,B2_training_loss,additive_proxy_null,0.3,0.0,16,4999,estimated,240,0.6882,0.0017453325499632852,0.027347786739745833,False,False
mbe3-pgdl-transfer-confirmation-v2,B2_training_loss,additive_proxy_null,0.3,0.0,17,4999,estimated,240,0.4212,-0.0044445614857097915,-0.05990441335610274,False,False
mbe3-pgdl-transfer-confirmation-v2,B2_training_loss,additive_proxy_null,0.3,0.0,18,4999,estimated,240,0.5122,-0.003587404526222647,-0.04441240900002775,False,False
mbe3-pgdl-transfer-confirmation-v2,B2_training_loss,additive_proxy_null,0.3,0.0,19,4999,estimated,240,0.5442,-0.002701323809920705,-0.03286764323627417,False,False
mbe3-pgdl-transfer-confirmation-v2,B2_training_loss,additive_proxy_null,0.3,0.0,20,4999,estimated,240,0.2896,0.005023520577047549,0.060566817006147376,False,False
mbe3-pgdl-transfer-confirmation-v2,B2_training_loss,additive_proxy_null,0.3,0.0,21,4999,estimated,240,0.6542,0.0018859806149042972,0.023805642441667337,False,False
mbe3-pgdl-transfer-confirmation-v2,B2_training_loss,additive_proxy_null,0.3,0.0,22,4999,estimated,240,0.4608,0.0030922006561947754,0.043230507552195936,False,False
mbe3-pgdl-transfer-confirmation-v2,B2_training_loss,additive_proxy_null,0.3,0.0,23,4999,estimated,240,0.7304,-0.001754883006245385,-0.021841466047129363,False,False
mbe3-pgdl-transfer-confirmation-v2,B2_training_loss,additive_proxy_null,0.3,0.0,24,4999,estimated,240,0.1504,-0.006256626982621799,-0.08821872987867607,False,False
mbe3-pgdl-transfer-confirmation-v2,B2_training_loss,additive_proxy_null,0.3,0.0,25,4999,estimated,240,0.4794,0.0031726483788655185,0.04327055444187425,False,False
mbe3-pgdl-transfer-confirmation-v2,B2_training_loss,additive_proxy_null,0.3,0.0,26,4999,estimated,240,0.679,-0.001782653816628627,-0.02506268897051606,False,False
mbe3-pgdl-transfer-confirmation-v2,B2_training_loss,additive_proxy_null,0.3,0.0,27,4999,estimated,240,0.3614,0.003987161790068636,0.05587119178426658,False,False
mbe3-pgdl-transfer-confirmation-v2,B2_training_loss,additive_proxy_null,0.3,0.0,28,4999,estimated,240,0.0114,0.011294728042672265,0.1507697418580627,False,False
mbe3-pgdl-transfer-confirmation-v2,B2_training_loss,additive_proxy_null,0.3,0.0,29,4999,estimated,240,0.4196,-0.003510280438130556,-0.04525442232252021,False,False
mbe3-pgdl-transfer-confirmation-v2,B2_training_loss,additive_proxy_null,0.3,0.0,30,4999,estimated,240,0.7168,0.0016681424674607336,0.022440912821789127,False,False
mbe3-pgdl-transfer-confirmation-v2,B2_training_loss,additive_proxy_null,0.3,0.0,31,4999,estimated,240,0.5424,-0.0035426359440609476,-0.04460948173819234,False,False
mbe3-pgdl-transfer-confirmation-v2,B2_training_loss,additive_proxy_null,0.3,0.0,32,4999,estimated,240,0.9118,-0.00043821759710837985,-0.0065414375050266566,False,False
mbe3-pgdl-transfer-confirmation-v2,B2_training_loss,additive_proxy_null,0.3,0.0,33,4999,estimated,240,0.4754,0.003312797081601969,0.04068142953636871,False,False
mbe3-pgdl-transfer-confirmation-v2,B2_training_loss,additive_proxy_null,0.3,0.0,34,4999,estimated,240,0.294,0.00487413976150503,0.06824472329527116,False,False
mbe3-pgdl-transfer-confirmation-v2,B2_training_loss,additive_proxy_null,0.3,0.0,35,4999,estimated,240,0.3672,-0.003451814480193174,-0.05423396869629946,False,False
mbe3-pgdl-transfer-confirmation-v2,B2_training_loss,additive_proxy_null,0.3,0.0,36,4999,estimated,240,0.297,-0.004531694430315509,-0.0639618527835186,False,False
mbe3-pgdl-transfer-confirmation-v2,B2_training_loss,additive_proxy_null,0.3,0.0,37,4999,estimated,240,0.3182,0.004255206633162105,0.05377322830317952,False,False
mbe3-pgdl-transfer-confirmation-v2,B2_training_loss,additive_proxy_null,0.3,0.0,38,4999,estimated,240,0.0774,0.007019148150628844,0.1096014353544965,False,False
mbe3-pgdl-transfer-confirmation-v2,B2_training_loss,additive_proxy_null,0.3,0.0,39,4999,estimated,240,0.1286,0.007261833072851433,0.0891208840949507,False,False
mbe3-pgdl-transfer-confirmation-v2,B2_training_loss,additive_proxy_null,0.3,0.0,40,4999,estimated,240,0.7846,-0.001409193781856441,-0.015150817240633918,False,False
mbe3-pgdl-transfer-confirmation-v2,B2_training_loss,additive_proxy_null,0.3,0.0,41,4999,estimated,240,0.5522,0.0026176424901824683,0.038104707573419126,False,False
mbe3-pgdl-transfer-confirmation-v2,B2_training_loss,additive_proxy_null,0.3,0.0,42,4999,estimated,240,0.1338,0.006690277860203839,0.10446092082326405,False,False
mbe3-pgdl-transfer-confirmation-v2,B2_training_loss,additive_proxy_null,0.3,0.0,43,4999,estimated,240,0.0252,-0.009310246864454507,-0.12690071709357117,False,False
mbe3-pgdl-transfer-confirmation-v2,B2_training_loss,additive_proxy_null,0.3,0.0,44,4999,estimated,240,0.3888,-0.004180894225643442,-0.05979576057260249,False,False
mbe3-pgdl-transfer-confirmation-v2,B2_training_loss,additive_proxy_null,0.3,0.0,45,4999,estimated,240,0.2576,-0.004862599167523153,-0.07111170782666444,False,False
mbe3-pgdl-transfer-confirmation-v2,B2_training_loss,additive_proxy_null,0.3,0.0,46,4999,estimated,240,0.0238,-0.008925128384868159,-0.12854522053416045,False,False
mbe3-pgdl-transfer-confirmation-v2,B2_training_loss,additive_proxy_null,0.3,0.0,47,4999,estimated,240,0.7406,-0.0012306042135514673,-0.020125383077164095,False,False
mbe3-pgdl-transfer-confirmation-v2,B2_training_loss,additive_proxy_null,0.3,0.0,48,4999,estimated,240,0.387,0.003545714756663271,0.05087916422444912,False,False
mbe3-pgdl-transfer-confirmation-v2,B2_training_loss,additive_proxy_null,0.3,0.0,49,4999,estimated,240,0.4012,0.003867549382832529,0.05677431239582868,False,False
mbe3-pgdl-transfer-confirmation-v2,B2_training_loss,additive_proxy_null,0.3,0.0,50,4999,estimated,240,0.6402,0.0020034910550143165,0.030687150954295223,False,False
mbe3-pgdl-transfer-confirmation-v2,B2_training_loss,additive_proxy_null,0.3,0.0,51,4999,estimated,240,0.1884,0.006229788316993277,0.09098901135238192,False,False
mbe3-pgdl-transfer-confirmation-v2,B2_training_loss,additive_proxy_null,0.3,0.0,52,4999,estimated,240,0.1888,0.006443760852804564,0.08628591716442645,False,False
mbe3-pgdl-transfer-confirmation-v2,B2_training_loss,additive_proxy_null,0.3,0.0,53,4999,estimated,240,0.7054,-0.001870216594821921,-0.023383749641502426,False,False
mbe3-pgdl-transfer-confirmation-v2,B2_training_loss,additive_proxy_null,0.3,0.0,54,4999,estimated,240,0.0502,-0.009036367438987062,-0.13009275545361693,False,False
mbe3-pgdl-transfer-confirmation-v2,B2_training_loss,additive_proxy_null,0.3,0.0,55,4999,estimated,240,0.7724,0.0013866153434575763,0.019895375732634495,False,False
mbe3-pgdl-transfer-confirmation-v2,B2_training_loss,additive_proxy_null,0.3,0.0,56,4999,estimated,240,0.9376,0.0003208497683300356,0.004282078075057858,False,False
mbe3-pgdl-transfer-confirmation-v2,B2_training_loss,additive_proxy_null,0.3,0.0,57,4999,estimated,240,0.0366,-0.010466626218013024,-0.14551823412501094,False,False
mbe3-pgdl-transfer-confirmation-v2,B2_training_loss,additive_proxy_null,0.3,0.0,58,4999,estimated,240,0.8468,0.0008166407714001097,0.011161503251261397,False,False
mbe3-pgdl-transfer-confirmation-v2,B2_training_loss,additive_proxy_null,0.3,0.0,59,4999,estimated,240,0.8472,-0.0008640772077329035,-0.012190215137465741,False,False
mbe3-pgdl-transfer-confirmation-v2,B2_training_loss,additive_proxy_null,0.3,0.0,60,4999,estimated,240,0.2406,-0.004480140574972134,-0.06726648462766967,False,False
mbe3-pgdl-transfer-confirmation-v2,B2_training_loss,additive_proxy_null,0.3,0.0,61,4999,estimated,240,0.0278,0.010442929177620979,0.15701364344760826,False,False
mbe3-pgdl-transfer-confirmation-v2,B2_training_loss,additive_proxy_null,0.3,0.0,62,4999,estimated,240,0.505,0.0028339231226322897,0.03648591723323231,False,False
mbe3-pgdl-transfer-confirmation-v2,B2_training_loss,additive_proxy_null,0.3,0.0,63,4999,estimated,240,0.6488,0.001989099313707976,0.029418572677558607,False,False
mbe3-pgdl-transfer-confirmation-v2,B2_training_loss,additive_proxy_null,0.3,0.0,64,4999,estimated,240,0.078,-0.007683553989867705,-0.0977245981018297,False,False
mbe3-pgdl-transfer-confirmation-v2,B2_training_loss,additive_proxy_null,0.3,0.0,65,4999,estimated,240,0.2822,-0.005009853423464718,-0.06438725210357554,False,False
mbe3-pgdl-transfer-confirmation-v2,B2_training_loss,additive_proxy_null,0.3,0.0,66,4999,estimated,240,0.6308,0.0023975370796586568,0.028176365544294663,False,False
mbe3-pgdl-transfer-confirmation-v2,B2_training_loss,additive_proxy_null,0.3,0.0,67,4999,estimated,240,0.3938,0.0033215969845954126,0.046396318632712916,False,False
mbe3-pgdl-transfer-confirmation-v2,B2_training_loss,additive_proxy_null,0.3,0.0,68,4999,estimated,240,0.0968,-0.006900182780468667,-0.09938387943320491,False,False
mbe3-pgdl-transfer-confirmation-v2,B2_training_loss,additive_proxy_null,0.3,0.0,69,4999,estimated,240,0.0246,-0.009753243885736528,-0.14484315489895278,False,False
mbe3-pgdl-transfer-confirmation-v2,B2_training_loss,additive_proxy_null,0.3,0.0,70,4999,estimated,240,0.7268,0.0016550762301822924,0.021304949691348312,False,False
mbe3-pgdl-transfer-confirmation-v2,B2_training_loss,additive_proxy_null,0.3,0.0,71,4999,estimated,240,0.0274,0.009612266971187793,0.1322602579291193,False,False
mbe3-pgdl-transfer-confirmation-v2,B2_training_loss,additive_proxy_null,0.3,0.0,72,4999,estimated,240,0.3536,-0.004478096933410518,-0.05591641122548158,False,False
mbe3-pgdl-transfer-confirmation-v2,B2_training_loss,additive_proxy_null,0.3,0.0,73,4999,estimated,240,0.9948,3.5653799312847694e-05,0.0005512256419363585,False,False
mbe3-pgdl-transfer-confirmation-v2,B2_training_loss,additive_proxy_null,0.3,0.0,74,4999,estimated,240,0.1084,0.007112103675776627,0.10053930073840277,False,False
mbe3-pgdl-transfer-confirmation-v2,B2_training_loss,additive_proxy_null,0.3,0.0,75,4999,estimated,240,0.5388,0.0028120969850958214,0.03124444350477855,False,False
mbe3-pgdl-transfer-confirmation-v2,B2_training_loss,additive_proxy_null,0.3,0.0,76,4999,estimated,240,0.7574,-0.0011578650348466662,-0.015499477204657438,False,False
mbe3-pgdl-transfer-confirmation-v2,B2_training_loss,additive_proxy_null,0.3,0.0,77,4999,estimated,240,0.951,0.0002246796099391199,0.0033872153096068587,False,False
mbe3-pgdl-transfer-confirmation-v2,B2_training_loss,additive_proxy_null,0.3,0.0,78,4999,estimated,240,0.8008,0.0013291702001919357,0.01765968911861493,False,False
mbe3-pgdl-transfer-confirmation-v2,B2_training_loss,additive_proxy_null,0.3,0.0,79,4999,estimated,240,0.794,-0.0010678764444582711,-0.015242863835122092,False,False
mbe3-pgdl-transfer-confirmation-v2,B2_training_loss,additive_proxy_null,0.3,0.0,80,4999,estimated,240,0.554,0.0023660757920706452,0.03620724452602499,False,False
mbe3-pgdl-transfer-confirmation-v2,B2_training_loss,additive_proxy_null,0.3,0.0,81,4999,estimated,240,0.2194,0.005352743347894383,0.07070155543984258,False,False
mbe3-pgdl-transfer-confirmation-v2,B2_training_loss,additive_proxy_null,0.3,0.0,82,4999,estimated,240,0.939,0.0003564048744439279,0.004652818486920546,False,False
mbe3-pgdl-transfer-confirmation-v2,B2_training_loss,additive_proxy_null,0.3,0.0,83,4999,estimated,240,0.6742,-0.0017980963378136498,-0.028902148415653795,False,False
mbe3-pgdl-transfer-confirmation-v2,B2_training_loss,additive_proxy_null,0.3,0.0,84,4999,estimated,240,0.0048,0.014249431194404893,0.1860978584392313,False,False
mbe3-pgdl-transfer-confirmation-v2,B2_training_loss,additive_proxy_null,0.3,0.0,85,4999,estimated,240,0.356,-0.003976457482675106,-0.055662329459665885,False,False
mbe3-pgdl-transfer-confirmation-v2,B2_training_loss,additive_proxy_null,0.3,0.0,86,4999,estimated,240,0.2314,0.004734157522524945,0.07979072249768603,False,False
mbe3-pgdl-transfer-confirmation-v2,B2_training_loss,additive_proxy_null,0.3,0.0,87,4999,estimated,240,0.2706,0.0057686792445331685,0.06588992094452349,False,False
mbe3-pgdl-transfer-confirmation-v2,B2_training_loss,additive_proxy_null,0.3,0.0,88,4999,estimated,240,0.3754,-0.004386555982291873,-0.05231494046027756,False,False
mbe3-pgdl-transfer-confirmation-v2,B2_training_loss,additive_proxy_null,0.3,0.0,89,4999,estimated,240,0.2618,-0.0060652952767100135,-0.07841169498810358,False,False
mbe3-pgdl-transfer-confirmation-v2,B2_training_loss,additive_proxy_null,0.3,0.0,90,4999,estimated,240,0.7264,-0.0017250661823287824,-0.02242001048693628,False,False
mbe3-pgdl-transfer-confirmation-v2,B2_training_loss,additive_proxy_null,0.3,0.0,91,4999,estimated,240,0.1612,0.006187820075877702,0.08005639522832207,False,False
mbe3-pgdl-transfer-confirmation-v2,B2_training_loss,additive_proxy_null,0.3,0.0,92,4999,estimated,240,0.8208,0.0010287507622874137,0.013499466763996637,False,False
mbe3-pgdl-transfer-confirmation-v2,B2_training_loss,additive_proxy_null,0.3,0.0,93,4999,estimated,240,0.7524,0.0012934928971715688,0.01801114465034992,False,False
mbe3-pgdl-transfer-confirmation-v2,B2_training_loss,additive_proxy_null,0.3,0.0,94,4999,estimated,240,0.2592,-0.004889716732315513,-0.0775975343263499,False,False
mbe3-pgdl-transfer-confirmation-v2,B2_training_loss,additive_proxy_null,0.3,0.0,95,4999,estimated,240,0.2716,-0.005139043056366704,-0.06911859685806443,False,False
mbe3-pgdl-transfer-confirmation-v2,B2_training_loss,additive_proxy_null,0.3,0.0,96,4999,estimated,240,0.3656,-0.004053617723674654,-0.05654647037125553,False,False
mbe3-pgdl-transfer-confirmation-v2,B2_training_loss,additive_proxy_null,0.3,0.0,97,4999,estimated,240,0.4212,0.00417811137652988,0.05265531350406598,False,False
mbe3-pgdl-transfer-confirmation-v2,B2_training_loss,additive_proxy_null,0.3,0.0,98,4999,estimated,240,0.5116,0.0032372017947836303,0.036268222149591765,False,False
mbe3-pgdl-transfer-confirmation-v2,B2_training_loss,additive_proxy_null,0.3,0.0,99,4999,estimated,240,0.6024,0.0021939982986337223,0.030844137132415354,False,False
mbe3-pgdl-transfer-confirmation-v2,B2_training_loss,additive_proxy_null,0.8,0.0,0,4999,estimated,240,0.4372,-0.003202035735541243,-0.043295234755608036,False,False
mbe3-pgdl-transfer-confirmation-v2,B2_training_loss,additive_proxy_null,0.8,0.0,1,4999,estimated,240,0.164,0.006803227085087912,0.0782637825498703,False,False
mbe3-pgdl-transfer-confirmation-v2,B2_training_loss,additive_proxy_null,0.8,0.0,2,4999,estimated,240,0.1884,0.00519343269090458,0.07423649919868448,False,False
mbe3-pgdl-transfer-confirmation-v2,B2_training_loss,additive_proxy_null,0.8,0.0,3,4999,estimated,240,0.0508,0.008348257661443922,0.11142724856078531,False,False
mbe3-pgdl-transfer-confirmation-v2,B2_training_loss,additive_proxy_null,0.8,0.0,4,4999,estimated,240,0.251,0.00534150219155322,0.07975817346508726,False,False
mbe3-pgdl-transfer-confirmation-v2,B2_training_loss,additive_proxy_null,0.8,0.0,5,4999,estimated,240,0.6214,-0.0022575860731985685,-0.03453306560691379,False,False
mbe3-pgdl-transfer-confirmation-v2,B2_training_loss,additive_proxy_null,0.8,0.0,6,4999,estimated,240,0.9872,-6.738301522488307e-05,-0.0009409179561034437,False,False
mbe3-pgdl-transfer-confirmation-v2,B2_training_loss,additive_proxy_null,0.8,0.0,7,4999,estimated,240,0.6308,-0.0021604481300626253,-0.030784370043541506,False,False
mbe3-pgdl-transfer-confirmation-v2,B2_training_loss,additive_proxy_null,0.8,0.0,8,4999,estimated,240,0.2874,0.004542035203301047,0.06376367381091277,False,False
mbe3-pgdl-transfer-confirmation-v2,B2_training_loss,additive_proxy_null,0.8,0.0,9,4999,estimated,240,0.388,0.003922566092260804,0.05664333835020064,False,False
mbe3-pgdl-transfer-confirmation-v2,B2_training_loss,additive_proxy_null,0.8,0.0,10,4999,estimated,240,0.57,-0.0026395875170311003,-0.03540042765308782,False,False
mbe3-pgdl-transfer-confirmation-v2,B2_training_loss,additive_proxy_null,0.8,0.0,11,4999,estimated,240,0.2418,-0.005290806254376379,-0.06781056761986766,False,False
mbe3-pgdl-transfer-confirmation-v2,B2_training_loss,additive_proxy_null,0.8,0.0,12,4999,estimated,240,0.8714,0.0008485252331406549,0.010323021375849268,False,False
mbe3-pgdl-transfer-confirmation-v2,B2_training_loss,additive_proxy_null,0.8,0.0,13,4999,estimated,240,0.0258,-0.010112470716585286,-0.12702875431955074,False,False
mbe3-pgdl-transfer-confirmation-v2,B2_training_loss,additive_proxy_null,0.8,0.0,14,4999,estimated,240,0.1132,0.007315183569404865,0.1015599305320732,False,False
mbe3-pgdl-transfer-confirmation-v2,B2_training_loss,additive_proxy_null,0.8,0.0,15,4999,estimated,240,0.5544,0.0025423599268772365,0.03770182124540488,False,False
mbe3-pgdl-transfer-confirmation-v2,B2_training_loss,additive_proxy_null,0.8,0.0,16,4999,estimated,240,0.1522,0.0068718829485266255,0.09284723827945107,False,False
mbe3-pgdl-transfer-confirmation-v2,B2_training_loss,additive_proxy_null,0.8,0.0,17,4999,estimated,240,0.1708,-0.006036695630752364,-0.08687520382448448,False,False
mbe3-pgdl-transfer-confirmation-v2,B2_training_loss,additive_proxy_null,0.8,0.0,18,4999,estimated,240,0.9222,-0.0005250092177286167,-0.0070337943813704625,False,False
mbe3-pgdl-transfer-confirmation-v2,B2_training_loss,additive_proxy_null,0.8,0.0,19,4999,estimated,240,0.0174,0.011814066463701185,0.14660540336737635,False,False
mbe3-pgdl-transfer-confirmation-v2,B2_training_loss,additive_proxy_null,0.8,0.0,20,4999,estimated,240,0.1462,-0.007110709675072067,-0.08547481763125504,False,False
mbe3-pgdl-transfer-confirmation-v2,B2_training_loss,additive_proxy_null,0.8,0.0,21,4999,estimated,240,0.4592,-0.003747228868022649,-0.05252290471301481,False,False
mbe3-pgdl-transfer-confirmation-v2,B2_training_loss,additive_proxy_null,0.8,0.0,22,4999,estimated,240,0.3612,-0.004785389925138447,-0.05627989821359867,False,False
mbe3-pgdl-transfer-confirmation-v2,B2_training_loss,additive_proxy_null,0.8,0.0,23,4999,estimated,240,0.4584,-0.0032422886864117125,-0.04849865476532663,False,False
mbe3-pgdl-transfer-confirmation-v2,B2_training_loss,additive_proxy_null,0.8,0.0,24,4999,estimated,240,0.2792,0.005024200982012945,0.062258453872847334,False,False
mbe3-pgdl-transfer-confirmation-v2,B2_training_loss,additive_proxy_null,0.8,0.0,25,4999,estimated,240,0.2358,-0.005080748864200018,-0.07258656899926949,False,False
mbe3-pgdl-transfer-confirmation-v2,B2_training_loss,additive_proxy_null,0.8,0.0,26,4999,estimated,240,0.8744,0.0007341086276599018,0.011144377552596766,False,False
mbe3-pgdl-transfer-confirmation-v2,B2_training_loss,additive_proxy_null,0.8,0.0,27,4999,estimated,240,0.862,-0.0007587677072094465,-0.010626399086311506,False,False
mbe3-pgdl-transfer-confirmation-v2,B2_training_loss,additive_proxy_null,0.8,0.0,28,4999,estimated,240,0.5744,0.002659431769033199,0.03766360562313069,False,False
mbe3-pgdl-transfer-confirmation-v2,B2_training_loss,additive_proxy_null,0.8,0.0,29,4999,estimated,240,0.8364,0.0008867519909267816,0.010831860976712097,False,False
mbe3-pgdl-transfer-confirmation-v2,B2_training_loss,additive_proxy_null,0.8,0.0,30,4999,estimated,240,0.2258,0.004645477933234491,0.07263543412701814,False,False
mbe3-pgdl-transfer-confirmation-v2,B2_training_loss,additive_proxy_null,0.8,0.0,31,4999,estimated,240,0.3662,-0.005005228004320457,-0.05993676224413017,False,False
mbe3-pgdl-transfer-confirmation-v2,B2_training_loss,additive_proxy_null,0.8,0.0,32,4999,estimated,240,0.5626,0.0026512451768309175,0.035516791488421254,False,False
mbe3-pgdl-transfer-confirmation-v2,B2_training_loss,additive_proxy_null,0.8,0.0,33,4999,estimated,240,0.1538,-0.006204892738710713,-0.07774149417565189,False,False
mbe3-pgdl-transfer-confirmation-v2,B2_training_loss,additive_proxy_null,0.8,0.0,34,4999,estimated,240,0.0712,-0.00901545722674872,-0.10385954178282208,False,False
mbe3-pgdl-transfer-confirmation-v2,B2_training_loss,additive_proxy_null,0.8,0.0,35,4999,estimated,240,0.2506,-0.004859933590994429,-0.08102745969413949,False,False
mbe3-pgdl-transfer-confirmation-v2,B2_training_loss,additive_proxy_null,0.8,0.0,36,4999,estimated,240,0.14,0.00652610534177797,0.10415518495871441,False,False
mbe3-pgdl-transfer-confirmation-v2,B2_training_loss,additive_proxy_null,0.8,0.0,37,4999,estimated,240,0.2414,-0.005386116202067277,-0.0681009118666977,False,False
mbe3-pgdl-transfer-confirmation-v2,B2_training_loss,additive_proxy_null,0.8,0.0,38,4999,estimated,240,0.6178,0.002102414595225134,0.028623793699222605,False,False
mbe3-pgdl-transfer-confirmation-v2,B2_training_loss,additive_proxy_null,0.8,0.0,39,4999,estimated,240,0.2184,0.005212447662898506,0.07615647054757331,False,False
mbe3-pgdl-transfer-confirmation-v2,B2_training_loss,additive_proxy_null,0.8,0.0,40,4999,estimated,240,0.2376,0.0049496799190603775,0.09744109944889887,False,False
mbe3-pgdl-transfer-confirmation-v2,B2_training_loss,additive_proxy_null,0.8,0.0,41,4999,estimated,240,0.7372,0.0014958209451183392,0.020184558623145044,False,False
mbe3-pgdl-transfer-confirmation-v2,B2_training_loss,additive_proxy_null,0.8,0.0,42,4999,estimated,240,0.0562,-0.009011962901371988,-0.11648514676163936,False,False
mbe3-pgdl-transfer-confirmation-v2,B2_training_loss,additive_proxy_null,0.8,0.0,43,4999,estimated,240,0.134,0.006463458276794061,0.08890958375457127,False,False
mbe3-pgdl-transfer-confirmation-v2,B2_training_loss,additive_proxy_null,0.8,0.0,44,4999,estimated,240,0.4736,-0.0031725544187089904,-0.04215601679540851,False,False
mbe3-pgdl-transfer-confirmation-v2,B2_training_loss,additive_proxy_null,0.8,0.0,45,4999,estimated,240,0.665,0.0019168072366125579,0.02642951155207022,False,False
mbe3-pgdl-transfer-confirmation-v2,B2_training_loss,additive_proxy_null,0.8,0.0,46,4999,estimated,240,0.991,3.55910456133766e-05,0.0005270435786051503,False,False
mbe3-pgdl-transfer-confirmation-v2,B2_training_loss,additive_proxy_null,0.8,0.0,47,4999,estimated,240,0.5124,-0.0029177803251065142,-0.04362316617925623,False,False
mbe3-pgdl-transfer-confirmation-v2,B2_training_loss,additive_proxy_null,0.8,0.0,48,4999,estimated,240,0.587,0.0023834724106030153,0.032068586467783385,False,False
mbe3-pgdl-transfer-confirmation-v2,B2_training_loss,additive_proxy_null,0.8,0.0,49,4999,estimated,240,0.0798,-0.007626889976666027,-0.11149169123989634,False,False
mbe3-pgdl-transfer-confirmation-v2,B2_training_loss,additive_proxy_null,0.8,0.0,50,4999,estimated,240,0.1342,0.006710989931384851,0.08827809658477699,False,False
mbe3-pgdl-transfer-confirmation-v2,B2_training_loss,additive_proxy_null,0.8,0.0,51,4999,estimated,240,0.3526,0.0038558723081289817,0.058913940062824986,False,False
mbe3-pgdl-transfer-confirmation-v2,B2_training_loss,additive_proxy_null,0.8,0.0,52,4999,estimated,240,0.1824,-0.005719492289746093,-0.07854784902567112,False,False
mbe3-pgdl-transfer-confirmation-v2,B2_training_loss,additive_proxy_null,0.8,0.0,53,4999,estimated,240,0.9158,-0.0005896561951219824,-0.007577298017778944,False,False
mbe3-pgdl-transfer-confirmation-v2,B2_training_loss,additive_proxy_null,0.8,0.0,54,4999,estimated,240,0.4036,0.0034577396606726954,0.05334287459962356,False,False
mbe3-pgdl-transfer-confirmation-v2,B2_training_loss,additive_proxy_null,0.8,0.0,55,4999,estimated,240,0.9942,-2.6720132755481824e-05,-0.0003993479226624735,False,False
mbe3-pgdl-transfer-confirmation-v2,B2_training_loss,additive_proxy_null,0.8,0.0,56,4999,estimated,240,0.6292,0.0017570242979738746,0.030584300121089383,False,False
mbe3-pgdl-transfer-confirmation-v2,B2_training_loss,additive_proxy_null,0.8,0.0,57,4999,estimated,240,0.7992,0.001163532467558559,0.014010873854738502,False,False
mbe3-pgdl-transfer-confirmation-v2,B2_training_loss,additive_proxy_null,0.8,0.0,58,4999,estimated,240,0.3976,-0.003681858841031227,-0.05081179760749073,False,False
mbe3-pgdl-transfer-confirmation-v2,B2_training_loss,additive_proxy_null,0.8,0.0,59,4999,estimated,240,0.014,-0.01189529887899554,-0.17295727488273083,False,False
mbe3-pgdl-transfer-confirmation-v2,B2_training_loss,additive_proxy_null,0.8,0.0,60,4999,estimated,240,0.8754,0.0005438561865475717,0.008504679161762296,False,False
mbe3-pgdl-transfer-confirmation-v2,B2_training_loss,additive_proxy_null,0.8,0.0,61,4999,estimated,240,0.2316,-0.0045664170236807645,-0.06505484312692668,False,False
mbe3-pgdl-transfer-confirmation-v2,B2_training_loss,additive_proxy_null,0.8,0.0,62,4999,estimated,240,0.0084,0.013243151002625983,0.15978182835877258,False,False
mbe3-pgdl-transfer-confirmation-v2,B2_training_loss,additive_proxy_null,0.8,0.0,63,4999,estimated,240,0.923,-0.00036631176467341646,-0.006356400189626906,False,False
mbe3-pgdl-transfer-confirmation-v2,B2_training_loss,additive_proxy_null,0.8,0.0,64,4999,estimated,240,0.4332,-0.003351065456370016,-0.04538440231476899,False,False
mbe3-pgdl-transfer-confirmation-v2,B2_training_loss,additive_proxy_null,0.8,0.0,65,4999,estimated,240,0.7318,-0.0015232452942172579,-0.01967697066184115,False,False
mbe3-pgdl-transfer-confirmation-v2,B2_training_loss,additive_proxy_null,0.8,0.0,66,4999,estimated,240,0.051,-0.008755333496418067,-0.11045343492330567,False,False
mbe3-pgdl-transfer-confirmation-v2,B2_training_loss,additive_proxy_null,0.8,0.0,67,4999,estimated,240,0.0558,-0.007365433349108937,-0.11890198669025726,False,False
mbe3-pgdl-transfer-confirmation-v2,B2_training_loss,additive_proxy_null,0.8,0.0,68,4999,estimated,240,0.1056,-0.007561929828244765,-0.08870373323141965,False,False
mbe3-pgdl-transfer-confirmation-v2,B2_training_loss,additive_proxy_null,0.8,0.0,69,4999,estimated,240,0.2348,0.005419008823669967,0.06411043131123559,False,False
mbe3-pgdl-transfer-confirmation-v2,B2_training_loss,additive_proxy_null,0.8,0.0,70,4999,estimated,240,0.1052,0.007194554826013131,0.08788941623539477,False,False
mbe3-pgdl-transfer-confirmation-v2,B2_training_loss,additive_proxy_null,0.8,0.0,71,4999,estimated,240,0.555,-0.002521922315754369,-0.03275554551387618,False,False
mbe3-pgdl-transfer-confirmation-v2,B2_training_loss,additive_proxy_null,0.8,0.0,72,4999,estimated,240,0.1168,-0.006718453344923514,-0.09469683888194153,False,False
mbe3-pgdl-transfer-confirmation-v2,B2_training_loss,additive_proxy_null,0.8,0.0,73,4999,estimated,240,0.5526,0.0028258676750287,0.035324702206254714,False,False
mbe3-pgdl-transfer-confirmation-v2,B2_training_loss,additive_proxy_null,0.8,0.0,74,4999,estimated,240,0.0606,-0.007668322260712527,-0.11679016914062611,False,False
mbe3-pgdl-transfer-confirmation-v2,B2_training_loss,additive_proxy_null,0.8,0.0,75,4999,estimated,240,0.215,0.006589491848307652,0.08467767072780034,False,False
mbe3-pgdl-transfer-confirmation-v2,B2_training_loss,additive_proxy_null,0.8,0.0,76,4999,estimated,240,0.0464,0.010149563349893817,0.12578843246384142,False,False
mbe3-pgdl-transfer-confirmation-v2,B2_training_loss,additive_proxy_null,0.8,0.0,77,4999,estimated,240,0.0174,0.010784473109184328,0.15730542458307534,False,False
mbe3-pgdl-transfer-confirmation-v2,B2_training_loss,additive_proxy_null,0.8,0.0,78,4999,estimated,240,0.8502,0.0008492138761498735,0.011154522260298639,False,False
mbe3-pgdl-transfer-confirmation-v2,B2_training_loss,additive_proxy_null,0.8,0.0,79,4999,estimated,240,0.3852,-0.003601498109081753,-0.045826913417781,False,False
mbe3-pgdl-transfer-confirmation-v2,B2_training_loss,additive_proxy_null,0.8,0.0,80,4999,estimated,240,0.1338,-0.00574958409988189,-0.09225536302343457,False,False
mbe3-pgdl-transfer-confirmation-v2,B2_training_loss,additive_proxy_null,0.8,0.0,81,4999,estimated,240,0.6778,-0.0017006284845430678,-0.026246150776407462,False,False
mbe3-pgdl-transfer-confirmation-v2,B2_training_loss,additive_proxy_null,0.8,0.0,82,4999,estimated,240,0.7194,0.0016204461802329661,0.01915632801879484,False,False
mbe3-pgdl-transfer-confirmation-v2,B2_training_loss,additive_proxy_null,0.8,0.0,83,4999,estimated,240,0.2686,-0.004767983916004888,-0.06126257565352626,False,False
mbe3-pgdl-transfer-confirmation-v2,B2_training_loss,additive_proxy_null,0.8,0.0,84,4999,estimated,240,0.983,0.00011017554542529599,0.0016785040947313902,False,False
mbe3-pgdl-transfer-confirmation-v2,B2_training_loss,additive_proxy_null,0.8,0.0,85,4999,estimated,240,0.5934,-0.0019180819252616287,-0.02956031230824077,False,False
mbe3-pgdl-transfer-confirmation-v2,B2_training_loss,additive_proxy_null,0.8,0.0,86,4999,estimated,240,0.0078,-0.01323846716870614,-0.16838425393885795,False,False
mbe3-pgdl-transfer-confirmation-v2,B2_training_loss,additive_proxy_null,0.8,0.0,87,4999,estimated,240,0.1938,0.006237827389584399,0.0691800382985354,False,False
mbe3-pgdl-transfer-confirmation-v2,B2_training_loss,additive_proxy_null,0.8,0.0,88,4999,estimated,240,0.4592,-0.0033310322004482407,-0.045310179581929004,False,False
mbe3-pgdl-transfer-confirmation-v2,B2_training_loss,additive_proxy_null,0.8,0.0,89,4999,estimated,240,0.7,-0.0017557087289889917,-0.02698653973687321,False,False
mbe3-pgdl-transfer-confirmation-v2,B2_training_loss,additive_proxy_null,0.8,0.0,90,4999,estimated,240,0.1076,-0.0069548929872059176,-0.09459161991475541,False,False
mbe3-pgdl-transfer-confirmation-v2,B2_training_loss,additive_proxy_null,0.8,0.0,91,4999,estimated,240,0.0002,-0.020551218055606193,-0.28760626459041816,True,False
mbe3-pgdl-transfer-confirmation-v2,B2_training_loss,additive_proxy_null,0.8,0.0,92,4999,estimated,240,0.535,0.0023619851135012935,0.035406980243373055,False,False
mbe3-pgdl-transfer-confirmation-v2,B2_training_loss,additive_proxy_null,0.8,0.0,93,4999,estimated,240,0.3304,-0.004535903112709005,-0.06951396088464587,False,False
mbe3-pgdl-transfer-confirmation-v2,B2_training_loss,additive_proxy_null,0.8,0.0,94,4999,estimated,240,0.2162,-0.006192520320989564,-0.0735488873748439,False,False
mbe3-pgdl-transfer-confirmation-v2,B2_training_loss,additive_proxy_null,0.8,0.0,95,4999,estimated,240,0.6758,0.0020773582738444576,0.02785168701682755,False,False
mbe3-pgdl-transfer-confirmation-v2,B2_training_loss,additive_proxy_null,0.8,0.0,96,4999,estimated,240,0.4662,0.0030876841218450543,0.04612244019613403,False,False
mbe3-pgdl-transfer-confirmation-v2,B2_training_loss,additive_proxy_null,0.8,0.0,97,4999,estimated,240,0.4902,0.003370749216418701,0.041675323262519756,False,False
mbe3-pgdl-transfer-confirmation-v2,B2_training_loss,additive_proxy_null,0.8,0.0,98,4999,estimated,240,0.3688,0.004128143677423402,0.05230705273798729,False,False
mbe3-pgdl-transfer-confirmation-v2,B2_training_loss,additive_proxy_null,0.8,0.0,99,4999,estimated,240,0.5972,-0.0024147666598511434,-0.03653898694793474,False,False
mbe3-pgdl-transfer-confirmation-v2,B2_training_loss,heteroskedastic_proxy_null,0.3,0.0,0,4999,estimated,240,0.036,-0.008731427404839757,-0.11285064092708191,False,False
mbe3-pgdl-transfer-confirmation-v2,B2_training_loss,heteroskedastic_proxy_null,0.3,0.0,1,4999,estimated,240,0.0646,-0.007803292269110649,-0.10065342992393392,False,False
mbe3-pgdl-transfer-confirmation-v2,B2_training_loss,heteroskedastic_proxy_null,0.3,0.0,2,4999,estimated,240,0.35,-0.0041370551165895554,-0.05953204897677995,False,False
mbe3-pgdl-transfer-confirmation-v2,B2_training_loss,heteroskedastic_proxy_null,0.3,0.0,3,4999,estimated,240,0.3956,-0.003456110541067208,-0.05129352090758895,False,False
mbe3-pgdl-transfer-confirmation-v2,B2_training_loss,heteroskedastic_proxy_null,0.3,0.0,4,4999,estimated,240,0.481,0.002721485844771138,0.040128105088609325,False,False
mbe3-pgdl-transfer-confirmation-v2,B2_training_loss,heteroskedastic_proxy_null,0.3,0.0,5,4999,estimated,240,0.7638,0.0011569913814867563,0.015188792424178844,False,False
mbe3-pgdl-transfer-confirmation-v2,B2_training_loss,heteroskedastic_proxy_null,0.3,0.0,6,4999,estimated,240,0.3744,-0.0035013472045903582,-0.05104889906522151,False,False
mbe3-pgdl-transfer-confirmation-v2,B2_training_loss,heteroskedastic_proxy_null,0.3,0.0,7,4999,estimated,240,0.2648,-0.005375005156604928,-0.06924791888011668,False,False
mbe3-pgdl-transfer-confirmation-v2,B2_training_loss,heteroskedastic_proxy_null,0.3,0.0,8,4999,estimated,240,0.3528,0.004407523600300019,0.05959047620356888,False,False
mbe3-pgdl-transfer-confirmation-v2,B2_training_loss,heteroskedastic_proxy_null,0.3,0.0,9,4999,estimated,240,0.4416,0.003452562952689434,0.0459949021493189,False,False
mbe3-pgdl-transfer-confirmation-v2,B2_training_loss,heteroskedastic_proxy_null,0.3,0.0,10,4999,estimated,240,0.6554,0.002063134075835362,0.029384714301927264,False,False
mbe3-pgdl-transfer-confirmation-v2,B2_training_loss,heteroskedastic_proxy_null,0.3,0.0,11,4999,estimated,240,0.1696,0.005281163434876715,0.08019607344775169,False,False
mbe3-pgdl-transfer-confirmation-v2,B2_training_loss,heteroskedastic_proxy_null,0.3,0.0,12,4999,estimated,240,0.1576,0.007205684524655853,0.10056546362252718,False,False
mbe3-pgdl-transfer-confirmation-v2,B2_training_loss,heteroskedastic_proxy_null,0.3,0.0,13,4999,estimated,240,0.551,0.0018627426495742908,0.027040743507993112,False,False
mbe3-pgdl-transfer-confirmation-v2,B2_training_loss,heteroskedastic_proxy_null,0.3,0.0,14,4999,estimated,240,0.6194,-0.0021528355257455388,-0.029284559015479026,False,False
mbe3-pgdl-transfer-confirmation-v2,B2_training_loss,heteroskedastic_proxy_null,0.3,0.0,15,4999,estimated,240,0.0726,0.007286338066293977,0.09722602964673761,False,False
mbe3-pgdl-transfer-confirmation-v2,B2_training_loss,heteroskedastic_proxy_null,0.3,0.0,16,4999,estimated,240,0.131,0.005562789290387957,0.07640616605382082,False,False
mbe3-pgdl-transfer-confirmation-v2,B2_training_loss,heteroskedastic_proxy_null,0.3,0.0,17,4999,estimated,240,0.5318,0.002755296074360842,0.035691074789343004,False,False
mbe3-pgdl-transfer-confirmation-v2,B2_training_loss,heteroskedastic_proxy_null,0.3,0.0,18,4999,estimated,240,0.159,-0.006456754772475456,-0.08883428005286644,False,False
mbe3-pgdl-transfer-confirmation-v2,B2_training_loss,heteroskedastic_proxy_null,0.3,0.0,19,4999,estimated,240,0.0986,0.007774613324471238,0.09667473100667123,False,False
mbe3-pgdl-transfer-confirmation-v2,B2_training_loss,heteroskedastic_proxy_null,0.3,0.0,20,4999,estimated,240,0.182,0.006322546551295166,0.07380246540849934,False,False
mbe3-pgdl-transfer-confirmation-v2,B2_training_loss,heteroskedastic_proxy_null,0.3,0.0,21,4999,estimated,240,0.4914,0.0034696048070921868,0.04235764682311978,False,False
mbe3-pgdl-transfer-confirmation-v2,B2_training_loss,heteroskedastic_proxy_null,0.3,0.0,22,4999,estimated,240,0.1398,-0.006168345930167759,-0.07227920667064952,False,False
mbe3-pgdl-transfer-confirmation-v2,B2_training_loss,heteroskedastic_proxy_null,0.3,0.0,23,4999,estimated,240,0.2006,-0.006313528827156122,-0.07572625474098459,False,False
mbe3-pgdl-transfer-confirmation-v2,B2_training_loss,heteroskedastic_proxy_null,0.3,0.0,24,4999,estimated,240,0.1534,0.006262747600843745,0.07738591823888523,False,False
mbe3-pgdl-transfer-confirmation-v2,B2_training_loss,heteroskedastic_proxy_null,0.3,0.0,25,4999,estimated,240,0.2474,0.0046038789910117705,0.06451285403220797,False,False
mbe3-pgdl-transfer-confirmation-v2,B2_training_loss,heteroskedastic_proxy_null,0.3,0.0,26,4999,estimated,240,0.8334,0.0008596315983463289,0.01191480262429066,False,False
mbe3-pgdl-transfer-confirmation-v2,B2_training_loss,heteroskedastic_proxy_null,0.3,0.0,27,4999,estimated,240,0.0258,-0.009687048246373248,-0.15583841987194508,False,False
mbe3-pgdl-transfer-confirmation-v2,B2_training_loss,heteroskedastic_proxy_null,0.3,0.0,28,4999,estimated,240,0.1254,0.0061554498502148025,0.09698355652703819,False,False
mbe3-pgdl-transfer-confirmation-v2,B2_training_loss,heteroskedastic_proxy_null,0.3,0.0,29,4999,estimated,240,0.7738,0.001286401488757119,0.0167586035693092,False,False
mbe3-pgdl-transfer-confirmation-v2,B2_training_loss,heteroskedastic_proxy_null,0.3,0.0,30,4999,estimated,240,0.654,-0.0022073060311492325,-0.030609088543872193,False,False
mbe3-pgdl-transfer-confirmation-v2,B2_training_loss,heteroskedastic_proxy_null,0.3,0.0,31,4999,estimated,240,0.4072,0.003508785943386001,0.046854144234691426,False,False
mbe3-pgdl-transfer-confirmation-v2,B2_training_loss,heteroskedastic_proxy_null,0.3,0.0,32,4999,estimated,240,0.029,0.01043772287787628,0.13479428970718696,False,False
mbe3-pgdl-transfer-confirmation-v2,B2_training_loss,heteroskedastic_proxy_null,0.3,0.0,33,4999,estimated,240,0.235,-0.004807520286856859,-0.06555304476234025,False,False
mbe3-pgdl-transfer-confirmation-v2,B2_training_loss,heteroskedastic_proxy_null,0.3,0.0,34,4999,estimated,240,0.0776,-0.006236344297021938,-0.09632291063448147,False,False
mbe3-pgdl-transfer-confirmation-v2,B2_training_loss,heteroskedastic_proxy_null,0.3,0.0,35,4999,estimated,240,0.517,0.0025541398955258587,0.03805362447672904,False,False
mbe3-pgdl-transfer-confirmation-v2,B2_training_loss,heteroskedastic_proxy_null,0.3,0.0,36,4999,estimated,240,0.206,0.005146375634898174,0.06730115218203275,False,False
mbe3-pgdl-transfer-confirmation-v2,B2_training_loss,heteroskedastic_proxy_null,0.3,0.0,37,4999,estimated,240,0.866,-0.0006669413666982979,-0.009937636711643313,False,False
mbe3-pgdl-transfer-confirmation-v2,B2_training_loss,heteroskedastic_proxy_null,0.3,0.0,38,4999,estimated,240,0.2228,0.004924990284330442,0.07196267261713692,False,False
mbe3-pgdl-transfer-confirmation-v2,B2_training_loss,heteroskedastic_proxy_null,0.3,0.0,39,4999,estimated,240,0.217,-0.005216563376772244,-0.07387846042064151,False,False
mbe3-pgdl-transfer-confirmation-v2,B2_training_loss,heteroskedastic_proxy_null,0.3,0.0,40,4999,estimated,240,0.0222,-0.009426248047520675,-0.13527031623957764,False,False
mbe3-pgdl-transfer-confirmation-v2,B2_training_loss,heteroskedastic_proxy_null,0.3,0.0,41,4999,estimated,240,0.1144,-0.006505180210170477,-0.08429524076913059,False,False
mbe3-pgdl-transfer-confirmation-v2,B2_training_loss,heteroskedastic_proxy_null,0.3,0.0,42,4999,estimated,240,0.7676,-0.0012440680114493119,-0.01568373019633723,False,False
mbe3-pgdl-transfer-confirmation-v2,B2_training_loss,heteroskedastic_proxy_null,0.3,0.0,43,4999,estimated,240,0.2282,0.004659730224165533,0.06764350982924953,False,False
mbe3-pgdl-transfer-confirmation-v2,B2_training_loss,heteroskedastic_proxy_null,0.3,0.0,44,4999,estimated,240,0.9674,-0.00022622711618087895,-0.002723919770057408,False,False
mbe3-pgdl-transfer-confirmation-v2,B2_training_loss,heteroskedastic_proxy_null,0.3,0.0,45,4999,estimated,240,0.4504,-0.002918999766112303,-0.034745650611535187,False,False
mbe3-pgdl-transfer-confirmation-v2,B2_training_loss,heteroskedastic_proxy_null,0.3,0.0,46,4999,estimated,240,0.813,-0.0009225021422549324,-0.014018366325312016,False,False
mbe3-pgdl-transfer-confirmation-v2,B2_training_loss,heteroskedastic_proxy_null,0.3,0.0,47,4999,estimated,240,0.4464,-0.0030478224441029896,-0.04365886347508176,False,False
mbe3-pgdl-transfer-confirmation-v2,B2_training_loss,heteroskedastic_proxy_null,0.3,0.0,48,4999,estimated,240,0.1002,0.006785930937844724,0.09397429332455201,False,False
mbe3-pgdl-transfer-confirmation-v2,B2_training_loss,heteroskedastic_proxy_null,0.3,0.0,49,4999,estimated,240,0.294,0.004648442580788466,0.06718160909421639,False,False
mbe3-pgdl-transfer-confirmation-v2,B2_training_loss,heteroskedastic_proxy_null,0.3,0.0,50,4999,estimated,240,0.1372,-0.006566699409230275,-0.08906199076569395,False,False
mbe3-pgdl-transfer-confirmation-v2,B2_training_loss,heteroskedastic_proxy_null,0.3,0.0,51,4999,estimated,240,0.0416,0.007463357029417578,0.10029707967792087,False,False
mbe3-pgdl-transfer-confirmation-v2,B2_training_loss,heteroskedastic_proxy_null,0.3,0.0,52,4999,estimated,240,0.2502,-0.005244635507753569,-0.0784890819856758,False,False
mbe3-pgdl-transfer-confirmation-v2,B2_training_loss,heteroskedastic_proxy_null,0.3,0.0,53,4999,estimated,240,0.9844,8.36093562308284e-05,0.0011877691641340425,False,False
mbe3-pgdl-transfer-confirmation-v2,B2_training_loss,heteroskedastic_proxy_null,0.3,0.0,54,4999,estimated,240,0.1502,-0.006310455723107408,-0.0871544111279581,False,False
mbe3-pgdl-transfer-confirmation-v2,B2_training_loss,heteroskedastic_proxy_null,0.3,0.0,55,4999,estimated,240,0.7882,-0.0012908420294901488,-0.01781874476690576,False,False
mbe3-pgdl-transfer-confirmation-v2,B2_training_loss,heteroskedastic_proxy_null,0.3,0.0,56,4999,estimated,240,0.1802,-0.005500099282361329,-0.07522055980592438,False,False
mbe3-pgdl-transfer-confirmation-v2,B2_training_loss,heteroskedastic_proxy_null,0.3,0.0,57,4999,estimated,240,0.8584,-0.0006702173344526754,-0.01038413906589263,False,False
mbe3-pgdl-transfer-confirmation-v2,B2_training_loss,heteroskedastic_proxy_null,0.3,0.0,58,4999,estimated,240,0.842,-0.000789262175206968,-0.010838019850307901,False,False
mbe3-pgdl-transfer-confirmation-v2,B2_training_loss,heteroskedastic_proxy_null,0.3,0.0,59,4999,estimated,240,0.1032,-0.005812847926022561,-0.09264808223813988,False,False
mbe3-pgdl-transfer-confirmation-v2,B2_training_loss,heteroskedastic_proxy_null,0.3,0.0,60,4999,estimated,240,0.2214,-0.005217480425725374,-0.06308562637003572,False,False
mbe3-pgdl-transfer-confirmation-v2,B2_training_loss,heteroskedastic_proxy_null,0.3,0.0,61,4999,estimated,240,0.551,0.0027477297554590247,0.03738687541329932,False,False
mbe3-pgdl-transfer-confirmation-v2,B2_training_loss,heteroskedastic_proxy_null,0.3,0.0,62,4999,estimated,240,0.6158,-0.0018892765760417556,-0.026583953594468617,False,False
mbe3-pgdl-transfer-confirmation-v2,B2_training_loss,heteroskedastic_proxy_null,0.3,0.0,63,4999,estimated,240,0.6812,0.0017268657395194966,0.025364387038722853,False,False
mbe3-pgdl-transfer-confirmation-v2,B2_training_loss,heteroskedastic_proxy_null,0.3,0.0,64,4999,estimated,240,0.1478,0.006054856754024716,0.08336284118189352,False,False
mbe3-pgdl-transfer-confirmation-v2,B2_training_loss,heteroskedastic_proxy_null,0.3,0.0,65,4999,estimated,240,0.4384,0.0036446232065745375,0.05271502772194712,False,False
mbe3-pgdl-transfer-confirmation-v2,B2_training_loss,heteroskedastic_proxy_null,0.3,0.0,66,4999,estimated,240,0.0242,0.008303538447054752,0.11427672902210445,False,False
mbe3-pgdl-transfer-confirmation-v2,B2_training_loss,heteroskedastic_proxy_null,0.3,0.0,67,4999,estimated,240,0.6302,0.002036570165771916,0.026380937062546305,False,False
mbe3-pgdl-transfer-confirmation-v2,B2_training_loss,heteroskedastic_proxy_null,0.3,0.0,68,4999,estimated,240,0.1514,0.00611357559386253,0.0781570707580656,False,False
mbe3-pgdl-transfer-confirmation-v2,B2_training_loss,heteroskedastic_proxy_null,0.3,0.0,69,4999,estimated,240,0.0176,0.009090909826547337,0.1371733605789737,False,False
mbe3-pgdl-transfer-confirmation-v2,B2_training_loss,heteroskedastic_proxy_null,0.3,0.0,70,4999,estimated,240,0.5192,0.0024067733949088006,0.028622627725428427,False,False
mbe3-pgdl-transfer-confirmation-v2,B2_training_loss,heteroskedastic_proxy_null,0.3,0.0,71,4999,estimated,240,0.0034,0.01216795263368503,0.17651580458666494,False,False
mbe3-pgdl-transfer-confirmation-v2,B2_training_loss,heteroskedastic_proxy_null,0.3,0.0,72,4999,estimated,240,0.5818,0.0020156560389337015,0.032069490810353346,False,False
mbe3-pgdl-transfer-confirmation-v2,B2_training_loss,heteroskedastic_proxy_null,0.3,0.0,73,4999,estimated,240,0.6448,-0.0020246661419249913,-0.024950303125772764,False,False
mbe3-pgdl-transfer-confirmation-v2,B2_training_loss,heteroskedastic_proxy_null,0.3,0.0,74,4999,estimated,240,0.0016,-0.014628157070562763,-0.19437049937999737,False,False
mbe3-pgdl-transfer-confirmation-v2,B2_training_loss,heteroskedastic_proxy_null,0.3,0.0,75,4999,estimated,240,0.2786,-0.004345139528163198,-0.0615976228369251,False,False
mbe3-pgdl-transfer-confirmation-v2,B2_training_loss,heteroskedastic_proxy_null,0.3,0.0,76,4999,estimated,240,0.1228,0.005616100049621583,0.08002831291650685,False,False
mbe3-pgdl-transfer-confirmation-v2,B2_training_loss,heteroskedastic_proxy_null,0.3,0.0,77,4999,estimated,240,0.4728,0.00343888813615988,0.04104125044725076,False,False
mbe3-pgdl-transfer-confirmation-v2,B2_training_loss,heteroskedastic_proxy_null,0.3,0.0,78,4999,estimated,240,0.7724,-0.0013803106980101296,-0.019530822604409772,False,False
mbe3-pgdl-transfer-confirmation-v2,B2_training_loss,heteroskedastic_proxy_null,0.3,0.0,79,4999,estimated,240,0.8176,0.001074365367244302,0.014510803400848017,False,False
mbe3-pgdl-transfer-confirmation-v2,B2_training_loss,heteroskedastic_proxy_null,0.3,0.0,80,4999,estimated,240,0.3036,0.004251611432256415,0.06100520053966577,False,False
mbe3-pgdl-transfer-confirmation-v2,B2_training_loss,heteroskedastic_proxy_null,0.3,0.0,81,4999,estimated,240,0.7494,-0.0014477592675802135,-0.020771433242216458,False,False
mbe3-pgdl-transfer-confirmation-v2,B2_training_loss,heteroskedastic_proxy_null,0.3,0.0,82,4999,estimated,240,0.6614,-0.0017396841375969503,-0.026262072533212256,False,False
mbe3-pgdl-transfer-confirmation-v2,B2_training_loss,heteroskedastic_proxy_null,0.3,0.0,83,4999,estimated,240,0.733,-0.0014615509121676021,-0.019445892764417442,False,False
mbe3-pgdl-transfer-confirmation-v2,B2_training_loss,heteroskedastic_proxy_null,0.3,0.0,84,4999,estimated,240,0.62,-0.0019642806653927002,-0.026045939271029366,False,False
mbe3-pgdl-transfer-confirmation-v2,B2_training_loss,heteroskedastic_proxy_null,0.3,0.0,85,4999,estimated,240,0.3718,-0.0042100484200899265,-0.05490138360483482,False,False
mbe3-pgdl-transfer-confirmation-v2,B2_training_loss,heteroskedastic_proxy_null,0.3,0.0,86,4999,estimated,240,0.3466,-0.003958263190840116,-0.06653511591675303,False,False
mbe3-pgdl-transfer-confirmation-v2,B2_training_loss,heteroskedastic_proxy_null,0.3,0.0,87,4999,estimated,240,0.9786,-8.241992866673819e-05,-0.0013273863769874708,False,False
mbe3-pgdl-transfer-confirmation-v2,B2_training_loss,heteroskedastic_proxy_null,0.3,0.0,88,4999,estimated,240,0.4958,0.002946778617514391,0.0359533238710321,False,False
mbe3-pgdl-transfer-confirmation-v2,B2_training_loss,heteroskedastic_proxy_null,0.3,0.0,89,4999,estimated,240,0.8396,-0.000920606284283039,-0.010043204015655222,False,False
mbe3-pgdl-transfer-confirmation-v2,B2_training_loss,heteroskedastic_proxy_null,0.3,0.0,90,4999,estimated,240,0.98,0.00010887030142230127,0.001808030911607489,False,False
mbe3-pgdl-transfer-confirmation-v2,B2_training_loss,heteroskedastic_proxy_null,0.3,0.0,91,4999,estimated,240,0.1332,-0.0061284218673614815,-0.07158410131710015,False,False
mbe3-pgdl-transfer-confirmation-v2,B2_training_loss,heteroskedastic_proxy_null,0.3,0.0,92,4999,estimated,240,0.7778,0.001354929783392358,0.01782849217369862,False,False
mbe3-pgdl-transfer-confirmation-v2,B2_training_loss,heteroskedastic_proxy_null,0.3,0.0,93,4999,estimated,240,0.155,0.006674196544688182,0.07285056841105843,False,False
mbe3-pgdl-transfer-confirmation-v2,B2_training_loss,heteroskedastic_proxy_null,0.3,0.0,94,4999,estimated,240,0.6296,-0.0019216255402039492,-0.024022287239414918,False,False
mbe3-pgdl-transfer-confirmation-v2,B2_training_loss,heteroskedastic_proxy_null,0.3,0.0,95,4999,estimated,240,0.1908,-0.005606094229158089,-0.07638781045871898,False,False
mbe3-pgdl-transfer-confirmation-v2,B2_training_loss,heteroskedastic_proxy_null,0.3,0.0,96,4999,estimated,240,0.1682,0.005777418758565942,0.07131971596103723,False,False
mbe3-pgdl-transfer-confirmation-v2,B2_training_loss,heteroskedastic_proxy_null,0.3,0.0,97,4999,estimated,240,0.632,0.001958567411219241,0.027044174989312598,False,False
mbe3-pgdl-transfer-confirmation-v2,B2_training_loss,heteroskedastic_proxy_null,0.3,0.0,98,4999,estimated,240,0.5734,0.0024499822198190174,0.03352325376452886,False,False
mbe3-pgdl-transfer-confirmation-v2,B2_training_loss,heteroskedastic_proxy_null,0.3,0.0,99,4999,estimated,240,0.2184,0.004849701090953912,0.06775592899532164,False,False
mbe3-pgdl-transfer-confirmation-v2,B2_training_loss,heteroskedastic_proxy_null,0.8,0.0,0,4999,estimated,240,0.3184,-0.0040080635702235525,-0.057809580522292445,False,False
mbe3-pgdl-transfer-confirmation-v2,B2_training_loss,heteroskedastic_proxy_null,0.8,0.0,1,4999,estimated,240,0.5344,-0.0031629837993495907,-0.04637694272848281,False,False
mbe3-pgdl-transfer-confirmation-v2,B2_training_loss,heteroskedastic_proxy_null,0.8,0.0,2,4999,estimated,240,0.8004,0.001088747615257308,0.013600020525209025,False,False
mbe3-pgdl-transfer-confirmation-v2,B2_training_loss,heteroskedastic_proxy_null,0.8,0.0,3,4999,estimated,240,0.74,0.0015263037350217196,0.01893141928473164,False,False
mbe3-pgdl-transfer-confirmation-v2,B2_training_loss,heteroskedastic_proxy_null,0.8,0.0,4,4999,estimated,240,0.1438,0.0061484858735449035,0.07135894111195495,False,False
mbe3-pgdl-transfer-confirmation-v2,B2_training_loss,heteroskedastic_proxy_null,0.8,0.0,5,4999,estimated,240,0.4998,-0.002770174479187458,-0.04497483653422612,False,False
mbe3-pgdl-transfer-confirmation-v2,B2_training_loss,heteroskedastic_proxy_null,0.8,0.0,6,4999,estimated,240,0.267,-0.004659525462560801,-0.07067584012803464,False,False
mbe3-pgdl-transfer-confirmation-v2,B2_training_loss,heteroskedastic_proxy_null,0.8,0.0,7,4999,estimated,240,0.6808,-0.001801992672895659,-0.027899290677208203,False,False
mbe3-pgdl-transfer-confirmation-v2,B2_training_loss,heteroskedastic_proxy_null,0.8,0.0,8,4999,estimated,240,0.886,-0.0006077157903503749,-0.009452067983180054,False,False
mbe3-pgdl-transfer-confirmation-v2,B2_training_loss,heteroskedastic_proxy_null,0.8,0.0,9,4999,estimated,240,0.0856,-0.00799519602867116,-0.08739659531681183,False,False
mbe3-pgdl-transfer-confirmation-v2,B2_training_loss,heteroskedastic_proxy_null,0.8,0.0,10,4999,estimated,240,0.579,-0.002122644673080403,-0.02805073804045605,False,False
mbe3-pgdl-transfer-confirmation-v2,B2_training_loss,heteroskedastic_proxy_null,0.8,0.0,11,4999,estimated,240,0.93,-0.00043526261204557823,-0.005886113435753491,False,False
mbe3-pgdl-transfer-confirmation-v2,B2_training_loss,heteroskedastic_proxy_null,0.8,0.0,12,4999,estimated,240,0.7264,-0.001438756276687926,-0.01751219708646318,False,False
mbe3-pgdl-transfer-confirmation-v2,B2_training_loss,heteroskedastic_proxy_null,0.8,0.0,13,4999,estimated,240,0.5034,0.002746910246964799,0.03806735261417841,False,False
mbe3-pgdl-transfer-confirmation-v2,B2_training_loss,heteroskedastic_proxy_null,0.8,0.0,14,4999,estimated,240,0.8512,-0.0007869302465147043,-0.010017109426529952,False,False
mbe3-pgdl-transfer-confirmation-v2,B2_training_loss,heteroskedastic_proxy_null,0.8,0.0,15,4999,estimated,240,0.5424,0.0021036253809933163,0.025321213716712625,False,False
mbe3-pgdl-transfer-confirmation-v2,B2_training_loss,heteroskedastic_proxy_null,0.8,0.0,16,4999,estimated,240,0.5326,0.0026947269029827833,0.033737543678861295,False,False
mbe3-pgdl-transfer-confirmation-v2,B2_training_loss,heteroskedastic_proxy_null,0.8,0.0,17,4999,estimated,240,0.6356,0.0019307101848286203,0.02409756510042024,False,False
mbe3-pgdl-transfer-confirmation-v2,B2_training_loss,heteroskedastic_proxy_null,0.8,0.0,18,4999,estimated,240,0.225,0.005569032581380209,0.0695380461833085,False,False
mbe3-pgdl-transfer-confirmation-v2,B2_training_loss,heteroskedastic_proxy_null,0.8,0.0,19,4999,estimated,240,0.0084,0.012520339050722576,0.14527514019006005,False,False
mbe3-pgdl-transfer-confirmation-v2,B2_training_loss,heteroskedastic_proxy_null,0.8,0.0,20,4999,estimated,240,0.4162,-0.0032046068011494368,-0.04326839184327662,False,False
mbe3-pgdl-transfer-confirmation-v2,B2_training_loss,heteroskedastic_proxy_null,0.8,0.0,21,4999,estimated,240,0.5032,0.002953811932018143,0.03907585181579609,False,False
mbe3-pgdl-transfer-confirmation-v2,B2_training_loss,heteroskedastic_proxy_null,0.8,0.0,22,4999,estimated,240,0.1652,-0.0057094941662605226,-0.0678194826358513,False,False
mbe3-pgdl-transfer-confirmation-v2,B2_training_loss,heteroskedastic_proxy_null,0.8,0.0,23,4999,estimated,240,0.0024,0.012578759156547391,0.16603530913495068,False,False
mbe3-pgdl-transfer-confirmation-v2,B2_training_loss,heteroskedastic_proxy_null,0.8,0.0,24,4999,estimated,240,0.6884,-0.0015511766326997722,-0.02115608415536964,False,False
mbe3-pgdl-transfer-confirmation-v2,B2_training_loss,heteroskedastic_proxy_null,0.8,0.0,25,4999,estimated,240,0.4868,-0.003170241494467084,-0.044538945084227295,False,False
mbe3-pgdl-transfer-confirmation-v2,B2_training_loss,heteroskedastic_proxy_null,0.8,0.0,26,4999,estimated,240,0.1198,-0.007122835495355849,-0.08942279086040089,False,False
mbe3-pgdl-transfer-confirmation-v2,B2_training_loss,heteroskedastic_proxy_null,0.8,0.0,27,4999,estimated,240,0.8512,-0.0007747873778745362,-0.012020423351414159,False,False
mbe3-pgdl-transfer-confirmation-v2,B2_training_loss,heteroskedastic_proxy_null,0.8,0.0,28,4999,estimated,240,0.9696,0.0001990565542311871,0.002541510637057205,False,False
mbe3-pgdl-transfer-confirmation-v2,B2_training_loss,heteroskedastic_proxy_null,0.8,0.0,29,4999,estimated,240,0.974,0.00016212117134000424,0.0022150697259168827,False,False
mbe3-pgdl-transfer-confirmation-v2,B2_training_loss,heteroskedastic_proxy_null,0.8,0.0,30,4999,estimated,240,0.008,-0.012020223940604698,-0.16347058292832445,False,False
mbe3-pgdl-transfer-confirmation-v2,B2_training_loss,heteroskedastic_proxy_null,0.8,0.0,31,4999,estimated,240,0.2552,-0.004463987803746137,-0.05707180677160729,False,False
mbe3-pgdl-transfer-confirmation-v2,B2_training_loss,heteroskedastic_proxy_null,0.8,0.0,32,4999,estimated,240,0.3708,-0.0037391179004448733,-0.053173085163036676,False,False
mbe3-pgdl-transfer-confirmation-v2,B2_training_loss,heteroskedastic_proxy_null,0.8,0.0,33,4999,estimated,240,0.3064,-0.004246332609621651,-0.05023989576966156,False,False
mbe3-pgdl-transfer-confirmation-v2,B2_training_loss,heteroskedastic_proxy_null,0.8,0.0,34,4999,estimated,240,0.6462,-0.0018727830590462523,-0.02745712162521533,False,False
mbe3-pgdl-transfer-confirmation-v2,B2_training_loss,heteroskedastic_proxy_null,0.8,0.0,35,4999,estimated,240,0.2548,-0.004794153474227244,-0.06313846460307128,False,False
mbe3-pgdl-transfer-confirmation-v2,B2_training_loss,heteroskedastic_proxy_null,0.8,0.0,36,4999,estimated,240,0.4984,0.0023099270303014933,0.03136059046645462,False,False
mbe3-pgdl-transfer-confirmation-v2,B2_training_loss,heteroskedastic_proxy_null,0.8,0.0,37,4999,estimated,240,0.3794,0.003823116277300412,0.05676756770088358,False,False
mbe3-pgdl-transfer-confirmation-v2,B2_training_loss,heteroskedastic_proxy_null,0.8,0.0,38,4999,estimated,240,0.6994,0.0015664568510481813,0.020313816413714113,False,False
mbe3-pgdl-transfer-confirmation-v2,B2_training_loss,heteroskedastic_proxy_null,0.8,0.0,39,4999,estimated,240,0.0098,0.010391378459588384,0.1359722827918042,False,False
mbe3-pgdl-transfer-confirmation-v2,B2_training_loss,heteroskedastic_proxy_null,0.8,0.0,40,4999,estimated,240,0.8824,-0.0005991109491220091,-0.009139384718092313,False,False
mbe3-pgdl-transfer-confirmation-v2,B2_training_loss,heteroskedastic_proxy_null,0.8,0.0,41,4999,estimated,240,0.1534,0.00608630781347369,0.0729524728333115,False,False
mbe3-pgdl-transfer-confirmation-v2,B2_training_loss,heteroskedastic_proxy_null,0.8,0.0,42,4999,estimated,240,0.7808,0.0012306310885659667,0.01702956517409448,False,False
mbe3-pgdl-transfer-confirmation-v2,B2_training_loss,heteroskedastic_proxy_null,0.8,0.0,43,4999,estimated,240,0.6242,-0.0015500523020749851,-0.026123172672173928,False,False
mbe3-pgdl-transfer-confirmation-v2,B2_training_loss,heteroskedastic_proxy_null,0.8,0.0,44,4999,estimated,240,0.8222,0.000881622843031521,0.011505596248593764,False,False
mbe3-pgdl-transfer-confirmation-v2,B2_training_loss,heteroskedastic_proxy_null,0.8,0.0,45,4999,estimated,240,0.307,0.004580577548388799,0.061474052434307556,False,False
mbe3-pgdl-transfer-confirmation-v2,B2_training_loss,heteroskedastic_proxy_null,0.8,0.0,46,4999,estimated,240,0.9516,-0.00023397792150761873,-0.0036107676832223294,False,False
mbe3-pgdl-transfer-confirmation-v2,B2_training_loss,heteroskedastic_proxy_null,0.8,0.0,47,4999,estimated,240,0.0668,0.0077236298084571815,0.08546248597740408,False,False
mbe3-pgdl-transfer-confirmation-v2,B2_training_loss,heteroskedastic_proxy_null,0.8,0.0,48,4999,estimated,240,0.2904,-0.004362276022943967,-0.063990355225189,False,False
mbe3-pgdl-transfer-confirmation-v2,B2_training_loss,heteroskedastic_proxy_null,0.8,0.0,49,4999,estimated,240,0.0032,0.01314786939416294,0.18971456042760926,False,False
mbe3-pgdl-transfer-confirmation-v2,B2_training_loss,heteroskedastic_proxy_null,0.8,0.0,50,4999,estimated,240,0.2858,0.004357600705500895,0.060714776426469746,False,False
mbe3-pgdl-transfer-confirmation-v2,B2_training_loss,heteroskedastic_proxy_null,0.8,0.0,51,4999,estimated,240,0.406,-0.0032796858566335133,-0.04399662290677148,False,False
mbe3-pgdl-transfer-confirmation-v2,B2_training_loss,heteroskedastic_proxy_null,0.8,0.0,52,4999,estimated,240,0.0572,0.007961281884067521,0.10937388125211141,False,False
mbe3-pgdl-transfer-confirmation-v2,B2_training_loss,heteroskedastic_proxy_null,0.8,0.0,53,4999,estimated,240,0.5314,-0.0026797079926032274,-0.038262982326587286,False,False
mbe3-pgdl-transfer-confirmation-v2,B2_training_loss,heteroskedastic_proxy_null,0.8,0.0,54,4999,estimated,240,0.878,-0.0006200354618407205,-0.008128306829320711,False,False
mbe3-pgdl-transfer-confirmation-v2,B2_training_loss,heteroskedastic_proxy_null,0.8,0.0,55,4999,estimated,240,0.2826,-0.004722192861975775,-0.060701269563155316,False,False
mbe3-pgdl-transfer-confirmation-v2,B2_training_loss,heteroskedastic_proxy_null,0.8,0.0,56,4999,estimated,240,0.8938,0.0004442766543455226,0.006508865757291934,False,False
mbe3-pgdl-transfer-confirmation-v2,B2_training_loss,heteroskedastic_proxy_null,0.8,0.0,57,4999,estimated,240,0.554,-0.002990476150390875,-0.034206522101803305,False,False
mbe3-pgdl-transfer-confirmation-v2,B2_training_loss,heteroskedastic_proxy_null,0.8,0.0,58,4999,estimated,240,0.2072,0.005531781038807953,0.08552088252527645,False,False
mbe3-pgdl-transfer-confirmation-v2,B2_training_loss,heteroskedastic_proxy_null,0.8,0.0,59,4999,estimated,240,0.9304,0.0003901176205154619,0.004768557079336182,False,False
mbe3-pgdl-transfer-confirmation-v2,B2_training_loss,heteroskedastic_proxy_null,0.8,0.0,60,4999,estimated,240,0.4286,0.0026213474016349146,0.04582783404754332,False,False
mbe3-pgdl-transfer-confirmation-v2,B2_training_loss,heteroskedastic_proxy_null,0.8,0.0,61,4999,estimated,240,0.7644,-0.0013257646669282918,-0.015327000313579916,False,False
mbe3-pgdl-transfer-confirmation-v2,B2_training_loss,heteroskedastic_proxy_null,0.8,0.0,62,4999,estimated,240,0.057,-0.0067468572959371205,-0.10574322391120698,False,False
mbe3-pgdl-transfer-confirmation-v2,B2_training_loss,heteroskedastic_proxy_null,0.8,0.0,63,4999,estimated,240,0.0046,-0.011857067469857466,-0.17579054789229268,False,False
mbe3-pgdl-transfer-confirmation-v2,B2_training_loss,heteroskedastic_proxy_null,0.8,0.0,64,4999,estimated,240,0.5606,-0.002132187134979655,-0.029178512561227377,False,False
mbe3-pgdl-transfer-confirmation-v2,B2_training_loss,heteroskedastic_proxy_null,0.8,0.0,65,4999,estimated,240,0.7104,-0.0014546076945217592,-0.020481132078702474,False,False
mbe3-pgdl-transfer-confirmation-v2,B2_training_loss,heteroskedastic_proxy_null,0.8,0.0,66,4999,estimated,240,0.7176,0.0015327238076374775,0.022628760914480826,False,False
mbe3-pgdl-transfer-confirmation-v2,B2_training_loss,heteroskedastic_proxy_null,0.8,0.0,67,4999,estimated,240,0.774,-0.0012506509959070641,-0.015567643762239444,False,False
mbe3-pgdl-transfer-confirmation-v2,B2_training_loss,heteroskedastic_proxy_null,0.8,0.0,68,4999,estimated,240,0.012,0.010429883209894063,0.1441857589509928,False,False
mbe3-pgdl-transfer-confirmation-v2,B2_training_loss,heteroskedastic_proxy_null,0.8,0.0,69,4999,estimated,240,0.3114,0.004518558944592381,0.05808275397667529,False,False
mbe3-pgdl-transfer-confirmation-v2,B2_training_loss,heteroskedastic_proxy_null,0.8,0.0,70,4999,estimated,240,0.0762,-0.007394320405547918,-0.09367917926381777,False,False
mbe3-pgdl-transfer-confirmation-v2,B2_training_loss,heteroskedastic_proxy_null,0.8,0.0,71,4999,estimated,240,0.1042,0.007409137631624498,0.10062988886905026,False,False
mbe3-pgdl-transfer-confirmation-v2,B2_training_loss,heteroskedastic_proxy_null,0.8,0.0,72,4999,estimated,240,0.341,-0.0034414238743423753,-0.047750072641661256,False,False
mbe3-pgdl-transfer-confirmation-v2,B2_training_loss,heteroskedastic_proxy_null,0.8,0.0,73,4999,estimated,240,0.3632,-0.0033687103098662343,-0.05138332519327493,False,False
mbe3-pgdl-transfer-confirmation-v2,B2_training_loss,heteroskedastic_proxy_null,0.8,0.0,74,4999,estimated,240,0.9818,0.00010732222122722957,0.0012811408092726687,False,False
mbe3-pgdl-transfer-confirmation-v2,B2_training_loss,heteroskedastic_proxy_null,0.8,0.0,75,4999,estimated,240,0.861,-0.0008210504534835824,-0.011001703061942966,False,False
mbe3-pgdl-transfer-confirmation-v2,B2_training_loss,heteroskedastic_proxy_null,0.8,0.0,76,4999,estimated,240,0.0208,-0.008788143602836336,-0.12852246178199397,False,False
mbe3-pgdl-transfer-confirmation-v2,B2_training_loss,heteroskedastic_proxy_null,0.8,0.0,77,4999,estimated,240,0.387,-0.003876317386758142,-0.05028355476946668,False,False
mbe3-pgdl-transfer-confirmation-v2,B2_training_loss,heteroskedastic_proxy_null,0.8,0.0,78,4999,estimated,240,0.9648,-0.00018283022728787882,-0.002245247944840263,False,False
mbe3-pgdl-transfer-confirmation-v2,B2_training_loss,heteroskedastic_proxy_null,0.8,0.0,79,4999,estimated,240,0.9364,0.00028337428596362304,0.004160895984535986,False,False
mbe3-pgdl-transfer-confirmation-v2,B2_training_loss,heteroskedastic_proxy_null,0.8,0.0,80,4999,estimated,240,0.0564,-0.007197428248877421,-0.10473329826463487,False,False
mbe3-pgdl-transfer-confirmation-v2,B2_training_loss,heteroskedastic_proxy_null,0.8,0.0,81,4999,estimated,240,0.8032,0.0010157369291588607,0.013103740178738213,False,False
mbe3-pgdl-transfer-confirmation-v2,B2_training_loss,heteroskedastic_proxy_null,0.8,0.0,82,4999,estimated,240,0.2506,0.00536515827746504,0.07074460182003385,False,False
mbe3-pgdl-transfer-confirmation-v2,B2_training_loss,heteroskedastic_proxy_null,0.8,0.0,83,4999,estimated,240,0.0372,-0.01023324811956782,-0.12683109114622995,False,False
mbe3-pgdl-transfer-confirmation-v2,B2_training_loss,heteroskedastic_proxy_null,0.8,0.0,84,4999,estimated,240,0.6044,0.0022722093456152355,0.0312906138429574,False,False
mbe3-pgdl-transfer-confirmation-v2,B2_training_loss,heteroskedastic_proxy_null,0.8,0.0,85,4999,estimated,240,0.0936,0.006990728653711124,0.09583240087833135,False,False
mbe3-pgdl-transfer-confirmation-v2,B2_training_loss,heteroskedastic_proxy_null,0.8,0.0,86,4999,estimated,240,0.4842,-0.0026816297715788425,-0.03476963970341464,False,False
mbe3-pgdl-transfer-confirmation-v2,B2_training_loss,heteroskedastic_proxy_null,0.8,0.0,87,4999,estimated,240,0.0484,-0.00855851352536568,-0.12117996186692973,False,False
mbe3-pgdl-transfer-confirmation-v2,B2_training_loss,heteroskedastic_proxy_null,0.8,0.0,88,4999,estimated,240,0.6498,0.001982393591358175,0.026155424304713383,False,False
mbe3-pgdl-transfer-confirmation-v2,B2_training_loss,heteroskedastic_proxy_null,0.8,0.0,89,4999,estimated,240,0.3518,0.0036919519496326266,0.05444653547254117,False,False
mbe3-pgdl-transfer-confirmation-v2,B2_training_loss,heteroskedastic_proxy_null,0.8,0.0,90,4999,estimated,240,0.1938,0.005926371267713909,0.07728359727956464,False,False
mbe3-pgdl-transfer-confirmation-v2,B2_training_loss,heteroskedastic_proxy_null,0.8,0.0,91,4999,estimated,240,0.0576,0.007813554804407619,0.11287482914804225,False,False
mbe3-pgdl-transfer-confirmation-v2,B2_training_loss,heteroskedastic_proxy_null,0.8,0.0,92,4999,estimated,240,0.189,-0.005557593767112745,-0.07359526719624115,False,False
mbe3-pgdl-transfer-confirmation-v2,B2_training_loss,heteroskedastic_proxy_null,0.8,0.0,93,4999,estimated,240,0.515,0.00251368619610675,0.03937565763011536,False,False
mbe3-pgdl-transfer-confirmation-v2,B2_training_loss,heteroskedastic_proxy_null,0.8,0.0,94,4999,estimated,240,0.8638,-0.0007963360453491934,-0.012076039589284476,False,False
mbe3-pgdl-transfer-confirmation-v2,B2_training_loss,heteroskedastic_proxy_null,0.8,0.0,95,4999,estimated,240,0.0202,-0.010487742294965923,-0.1222549932095979,False,False
mbe3-pgdl-transfer-confirmation-v2,B2_training_loss,heteroskedastic_proxy_null,0.8,0.0,96,4999,estimated,240,0.0886,0.007764188493810535,0.09371775864434125,False,False
mbe3-pgdl-transfer-confirmation-v2,B2_training_loss,heteroskedastic_proxy_null,0.8,0.0,97,4999,estimated,240,0.643,0.0020230546131058537,0.02670819689197577,False,False
mbe3-pgdl-transfer-confirmation-v2,B2_training_loss,heteroskedastic_proxy_null,0.8,0.0,98,4999,estimated,240,0.6648,0.0019468742823623181,0.02479160852462478,False,False
mbe3-pgdl-transfer-confirmation-v2,B2_training_loss,heteroskedastic_proxy_null,0.8,0.0,99,4999,estimated,240,0.0936,0.006161555660813675,0.08836104596939083,False,False
mbe3-pgdl-transfer-confirmation-v2,B2_training_loss,independent_null,0.3,0.0,0,4999,estimated,240,0.0464,-0.008728289839309893,-0.08611463125990725,False,False
mbe3-pgdl-transfer-confirmation-v2,B2_training_loss,independent_null,0.3,0.0,1,4999,estimated,240,0.6282,-0.0024476029843112567,-0.021751540958181683,False,False
mbe3-pgdl-transfer-confirmation-v2,B2_training_loss,independent_null,0.3,0.0,2,4999,estimated,240,0.3048,0.005767773785966368,0.04784013324411225,False,False
mbe3-pgdl-transfer-confirmation-v2,B2_training_loss,independent_null,0.3,0.0,3,4999,estimated,240,0.5332,-0.0032814306603252395,-0.030067662631346238,False,False
mbe3-pgdl-transfer-confirmation-v2,B2_training_loss,independent_null,0.3,0.0,4,4999,estimated,240,0.2704,-0.0056663372304616546,-0.056762919952635195,False,False
mbe3-pgdl-transfer-confirmation-v2,B2_training_loss,independent_null,0.3,0.0,5,4999,estimated,240,0.586,0.0031073174612378804,0.029517814209022716,False,False
mbe3-pgdl-transfer-confirmation-v2,B2_training_loss,independent_null,0.3,0.0,6,4999,estimated,240,0.9274,0.0004287097064724493,0.003931110909432405,False,False
mbe3-pgdl-transfer-confirmation-v2,B2_training_loss,independent_null,0.3,0.0,7,4999,estimated,240,0.0662,0.011150812358179845,0.10106112643928451,False,False
mbe3-pgdl-transfer-confirmation-v2,B2_training_loss,independent_null,0.3,0.0,8,4999,estimated,240,0.3656,0.0043810282647042805,0.044882445376760664,False,False
mbe3-pgdl-transfer-confirmation-v2,B2_training_loss,independent_null,0.3,0.0,9,4999,estimated,240,0.0778,-0.009492407026187004,-0.09292664460779819,False,False
mbe3-pgdl-transfer-confirmation-v2,B2_training_loss,independent_null,0.3,0.0,10,4999,estimated,240,0.4404,-0.004334120501728338,-0.04142287698453631,False,False
mbe3-pgdl-transfer-confirmation-v2,B2_training_loss,independent_null,0.3,0.0,11,4999,estimated,240,0.001,-0.01948211442774405,-0.17708103436874403,True,False
mbe3-pgdl-transfer-confirmation-v2,B2_training_loss,independent_null,0.3,0.0,12,4999,estimated,240,0.2696,-0.005749953776532446,-0.05887637739116126,False,False
mbe3-pgdl-transfer-confirmation-v2,B2_training_loss,independent_null,0.3,0.0,13,4999,estimated,240,0.179,0.006538308790017429,0.06061382831282479,False,False
mbe3-pgdl-transfer-confirmation-v2,B2_training_loss,independent_null,0.3,0.0,14,4999,estimated,240,0.1056,0.007981920082735764,0.07241213875117303,False,False
mbe3-pgdl-transfer-confirmation-v2,B2_training_loss,independent_null,0.3,0.0,15,4999,estimated,240,0.5858,-0.002808518911026345,-0.029405572579402687,False,False
mbe3-pgdl-transfer-confirmation-v2,B2_training_loss,independent_null,0.3,0.0,16,4999,estimated,240,0.1384,-0.008061876150436595,-0.08018472410235898,False,False
mbe3-pgdl-transfer-confirmation-v2,B2_training_loss,independent_null,0.3,0.0,17,4999,estimated,240,0.929,-0.0004340728209960271,-0.004371640569910392,False,False
mbe3-pgdl-transfer-confirmation-v2,B2_training_loss,independent_null,0.3,0.0,18,4999,estimated,240,0.5642,-0.003427540135696946,-0.031255689734671854,False,False
mbe3-pgdl-transfer-confirmation-v2,B2_training_loss,independent_null,0.3,0.0,19,4999,estimated,240,0.7172,-0.001752646751272002,-0.019507678364640468,False,False
mbe3-pgdl-transfer-confirmation-v2,B2_training_loss,independent_null,0.3,0.0,20,4999,estimated,240,0.0814,0.008656433981593874,0.08908831599847628,False,False
mbe3-pgdl-transfer-confirmation-v2,B2_training_loss,independent_null,0.3,0.0,21,4999,estimated,240,0.3526,-0.004958072741655802,-0.04869140482591684,False,False
mbe3-pgdl-transfer-confirmation-v2,B2_training_loss,independent_null,0.3,0.0,22,4999,estimated,240,0.7162,-0.0019923664500027145,-0.018912728237367983,False,False
mbe3-pgdl-transfer-confirmation-v2,B2_training_loss,independent_null,0.3,0.0,23,4999,estimated,240,0.1288,0.007408507880972662,0.07900599798951119,False,False
mbe3-pgdl-transfer-confirmation-v2,B2_training_loss,independent_null,0.3,0.0,24,4999,estimated,240,0.3318,0.005468165034705194,0.05249380106665904,False,False
mbe3-pgdl-transfer-confirmation-v2,B2_training_loss,independent_null,0.3,0.0,25,4999,estimated,240,0.1472,0.0074910780119422,0.07346966839933125,False,False
mbe3-pgdl-transfer-confirmation-v2,B2_training_loss,independent_null,0.3,0.0,26,4999,estimated,240,0.1788,-0.007377362099330506,-0.06680407197853618,False,False
mbe3-pgdl-transfer-confirmation-v2,B2_training_loss,independent_null,0.3,0.0,27,4999,estimated,240,0.6388,0.002706630980327972,0.023527441410417103,False,False
mbe3-pgdl-transfer-confirmation-v2,B2_training_loss,independent_null,0.3,0.0,28,4999,estimated,240,0.2486,-0.006009476851558091,-0.060602901222969234,False,False
mbe3-pgdl-transfer-confirmation-v2,B2_training_loss,independent_null,0.3,0.0,29,4999,estimated,240,0.1406,-0.0075174764329512846,-0.07392549267410875,False,False
mbe3-pgdl-transfer-confirmation-v2,B2_training_loss,independent_null,0.3,0.0,30,4999,estimated,240,0.0798,-0.009391092346348107,-0.09754228521472087,False,False
mbe3-pgdl-transfer-confirmation-v2,B2_training_loss,independent_null,0.3,0.0,31,4999,estimated,240,0.5882,0.0024776866613648247,0.023713436766701644,False,False
mbe3-pgdl-transfer-confirmation-v2,B2_training_loss,independent_null,0.3,0.0,32,4999,estimated,240,0.1252,0.008274181211077638,0.07603696568751736,False,False
mbe3-pgdl-transfer-confirmation-v2,B2_training_loss,independent_null,0.3,0.0,33,4999,estimated,240,0.3924,0.004079833464972227,0.04462500424592873,False,False
mbe3-pgdl-transfer-confirmation-v2,B2_training_loss,independent_null,0.3,0.0,34,4999,estimated,240,0.249,0.006473174116724356,0.06292952479204951,False,False
mbe3-pgdl-transfer-confirmation-v2,B2_training_loss,independent_null,0.3,0.0,35,4999,estimated,240,0.1344,-0.007574226829275856,-0.07206107142294062,False,False
mbe3-pgdl-transfer-confirmation-v2,B2_training_loss,independent_null,0.3,0.0,36,4999,estimated,240,0.7142,0.001836943538069538,0.01696237936383102,False,False
mbe3-pgdl-transfer-confirmation-v2,B2_training_loss,independent_null,0.3,0.0,37,4999,estimated,240,0.9844,8.319408704348663e-05,0.0007000051344942237,False,False
mbe3-pgdl-transfer-confirmation-v2,B2_training_loss,independent_null,0.3,0.0,38,4999,estimated,240,0.3572,0.004805531954649428,0.05017632383879793,False,False
mbe3-pgdl-transfer-confirmation-v2,B2_training_loss,independent_null,0.3,0.0,39,4999,estimated,240,0.885,-0.0007327253454637583,-0.0075947473447282475,False,False
mbe3-pgdl-transfer-confirmation-v2,B2_training_loss,independent_null,0.3,0.0,40,4999,estimated,240,0.6156,-0.0027129123680515984,-0.02771925234393496,False,False
mbe3-pgdl-transfer-confirmation-v2,B2_training_loss,independent_null,0.3,0.0,41,4999,estimated,240,0.2444,-0.00595964462250681,-0.059774620246642145,False,False
mbe3-pgdl-transfer-confirmation-v2,B2_training_loss,independent_null,0.3,0.0,42,4999,estimated,240,0.3784,0.004044727360190182,0.04439235419877188,False,False
mbe3-pgdl-transfer-confirmation-v2,B2_training_loss,independent_null,0.3,0.0,43,4999,estimated,240,0.5454,0.0032109862700892286,0.03246227373128902,False,False
mbe3-pgdl-transfer-confirmation-v2,B2_training_loss,independent_null,0.3,0.0,44,4999,estimated,240,0.959,0.00026245042896630433,0.002778936557328861,False,False
mbe3-pgdl-transfer-confirmation-v2,B2_training_loss,independent_null,0.3,0.0,45,4999,estimated,240,0.476,0.0037899757286997864,0.036775535645364586,False,False
mbe3-pgdl-transfer-confirmation-v2,B2_training_loss,independent_null,0.3,0.0,46,4999,estimated,240,0.0796,0.00896212331918628,0.09012088785800369,False,False
mbe3-pgdl-transfer-confirmation-v2,B2_training_loss,independent_null,0.3,0.0,47,4999,estimated,240,0.1536,0.007643179595064677,0.07965590710359877,False,False
mbe3-pgdl-transfer-confirmation-v2,B2_training_loss,independent_null,0.3,0.0,48,4999,estimated,240,0.7102,-0.002430136693666296,-0.022393386129400634,False,False
mbe3-pgdl-transfer-confirmation-v2,B2_training_loss,independent_null,0.3,0.0,49,4999,estimated,240,0.6056,0.002752288520949495,0.027789277760065186,False,False
mbe3-pgdl-transfer-confirmation-v2,B2_training_loss,independent_null,0.3,0.0,50,4999,estimated,240,0.2146,0.007173152231609051,0.06464392153540699,False,False
mbe3-pgdl-transfer-confirmation-v2,B2_training_loss,independent_null,0.3,0.0,51,4999,estimated,240,0.0212,-0.014347195183428745,-0.1275403884809531,False,False
mbe3-pgdl-transfer-confirmation-v2,B2_training_loss,independent_null,0.3,0.0,52,4999,estimated,240,0.8334,0.0010472376838031683,0.010047612925887033,False,False
mbe3-pgdl-transfer-confirmation-v2,B2_training_loss,independent_null,0.3,0.0,53,4999,estimated,240,0.054,0.010637492370160867,0.10184963083109126,False,False
mbe3-pgdl-transfer-confirmation-v2,B2_training_loss,independent_null,0.3,0.0,54,4999,estimated,240,0.9214,-0.0005274035671630543,-0.005239523645378058,False,False
mbe3-pgdl-transfer-confirmation-v2,B2_training_loss,independent_null,0.3,0.0,55,4999,estimated,240,0.669,0.0021835795801631495,0.02111867601981454,False,False
mbe3-pgdl-transfer-confirmation-v2,B2_training_loss,independent_null,0.3,0.0,56,4999,estimated,240,0.801,0.001340163706340598,0.012561293615039878,False,False
mbe3-pgdl-transfer-confirmation-v2,B2_training_loss,independent_null,0.3,0.0,57,4999,estimated,240,0.094,0.009347675450201936,0.08635137037056043,False,False
mbe3-pgdl-transfer-confirmation-v2,B2_training_loss,independent_null,0.3,0.0,58,4999,estimated,240,0.3924,0.004047438912045392,0.04175804626249635,False,False
mbe3-pgdl-transfer-confirmation-v2,B2_training_loss,independent_null,0.3,0.0,59,4999,estimated,240,0.7748,0.0015500850474196605,0.015280942204919223,False,False
mbe3-pgdl-transfer-confirmation-v2,B2_training_loss,independent_null,0.3,0.0,60,4999,estimated,240,0.0936,-0.009494310406007326,-0.08212894091197304,False,False
mbe3-pgdl-transfer-confirmation-v2,B2_training_loss,independent_null,0.3,0.0,61,4999,estimated,240,0.9182,0.0004988347520208656,0.0050469830389586355,False,False
mbe3-pgdl-transfer-confirmation-v2,B2_training_loss,independent_null,0.3,0.0,62,4999,estimated,240,0.422,0.0039712657551288924,0.04302191409790236,False,False
mbe3-pgdl-transfer-confirmation-v2,B2_training_loss,independent_null,0.3,0.0,63,4999,estimated,240,0.1704,0.007652139934073077,0.0665563421166711,False,False
mbe3-pgdl-transfer-confirmation-v2,B2_training_loss,independent_null,0.3,0.0,64,4999,estimated,240,0.005,0.014639709247569159,0.14108323357498695,False,False
mbe3-pgdl-transfer-confirmation-v2,B2_training_loss,independent_null,0.3,0.0,65,4999,estimated,240,0.126,-0.00701931340519635,-0.06851859178895449,False,False
mbe3-pgdl-transfer-confirmation-v2,B2_training_loss,independent_null,0.3,0.0,66,4999,estimated,240,0.94,0.0003773727894473028,0.0034225227209209825,False,False
mbe3-pgdl-transfer-confirmation-v2,B2_training_loss,independent_null,0.3,0.0,67,4999,estimated,240,0.5758,0.0026239575270334773,0.027250746466924124,False,False
mbe3-pgdl-transfer-confirmation-v2,B2_training_loss,independent_null,0.3,0.0,68,4999,estimated,240,0.0084,0.015160333149217442,0.14354887110457923,False,False
mbe3-pgdl-transfer-confirmation-v2,B2_training_loss,independent_null,0.3,0.0,69,4999,estimated,240,0.383,-0.0045009313547216675,-0.04484471427583345,False,False
mbe3-pgdl-transfer-confirmation-v2,B2_training_loss,independent_null,0.3,0.0,70,4999,estimated,240,0.8036,-0.0012795677009099407,-0.012179658690920152,False,False
mbe3-pgdl-transfer-confirmation-v2,B2_training_loss,independent_null,0.3,0.0,71,4999,estimated,240,0.7582,-0.0016527351316428115,-0.015030191759528105,False,False
mbe3-pgdl-transfer-confirmation-v2,B2_training_loss,independent_null,0.3,0.0,72,4999,estimated,240,0.2762,0.006462206144902111,0.05842438193261476,False,False
mbe3-pgdl-transfer-confirmation-v2,B2_training_loss,independent_null,0.3,0.0,73,4999,estimated,240,0.8978,-0.0006276696159995208,-0.006203977459060231,False,False
mbe3-pgdl-transfer-confirmation-v2,B2_training_loss,independent_null,0.3,0.0,74,4999,estimated,240,0.33,-0.004901759683321456,-0.04699182460709155,False,False
mbe3-pgdl-transfer-confirmation-v2,B2_training_loss,independent_null,0.3,0.0,75,4999,estimated,240,0.9322,0.00043694312800661715,0.005041920317602477,False,False
mbe3-pgdl-transfer-confirmation-v2,B2_training_loss,independent_null,0.3,0.0,76,4999,estimated,240,0.0206,0.012688095268301652,0.12028187444094944,False,False
mbe3-pgdl-transfer-confirmation-v2,B2_training_loss,independent_null,0.3,0.0,77,4999,estimated,240,0.988,-9.061523900513689e-05,-0.0008811383854371794,False,False
mbe3-pgdl-transfer-confirmation-v2,B2_training_loss,independent_null,0.3,0.0,78,4999,estimated,240,0.1226,-0.008294490558137036,-0.08312700676596477,False,False
mbe3-pgdl-transfer-confirmation-v2,B2_training_loss,independent_null,0.3,0.0,79,4999,estimated,240,0.5124,0.0029583718388911553,0.028537114758970736,False,False
mbe3-pgdl-transfer-confirmation-v2,B2_training_loss,independent_null,0.3,0.0,80,4999,estimated,240,0.5294,-0.003308179941566843,-0.03172391474907017,False,False
mbe3-pgdl-transfer-confirmation-v2,B2_training_loss,independent_null,0.3,0.0,81,4999,estimated,240,0.3772,-0.004653924327480614,-0.048303902230981785,False,False
mbe3-pgdl-transfer-confirmation-v2,B2_training_loss,independent_null,0.3,0.0,82,4999,estimated,240,0.0372,-0.010687099479630266,-0.10632922863791162,False,False
mbe3-pgdl-transfer-confirmation-v2,B2_training_loss,independent_null,0.3,0.0,83,4999,estimated,240,0.0828,0.008672917142783792,0.0865704950484276,False,False
mbe3-pgdl-transfer-confirmation-v2,B2_training_loss,independent_null,0.3,0.0,84,4999,estimated,240,0.4528,0.0037193576834869016,0.03517572006345457,False,False
mbe3-pgdl-transfer-confirmation-v2,B2_training_loss,independent_null,0.3,0.0,85,4999,estimated,240,0.7042,0.001909375630605024,0.01787117843345215,False,False
mbe3-pgdl-transfer-confirmation-v2,B2_training_loss,independent_null,0.3,0.0,86,4999,estimated,240,0.0158,-0.011007377774609613,-0.09906791765356204,False,False
mbe3-pgdl-transfer-confirmation-v2,B2_training_loss,independent_null,0.3,0.0,87,4999,estimated,240,0.4934,-0.0034876534369109886,-0.03420745920018668,False,False
mbe3-pgdl-transfer-confirmation-v2,B2_training_loss,independent_null,0.3,0.0,88,4999,estimated,240,0.4552,0.003602835345685044,0.034758537871293564,False,False
mbe3-pgdl-transfer-confirmation-v2,B2_training_loss,independent_null,0.3,0.0,89,4999,estimated,240,0.061,0.009745281562938655,0.099711883584894,False,False
mbe3-pgdl-transfer-confirmation-v2,B2_training_loss,independent_null,0.3,0.0,90,4999,estimated,240,0.6624,-0.0020176792410391575,-0.018946843544458372,False,False
mbe3-pgdl-transfer-confirmation-v2,B2_training_loss,independent_null,0.3,0.0,91,4999,estimated,240,0.8252,-0.001142984496089959,-0.010189439787828563,False,False
mbe3-pgdl-transfer-confirmation-v2,B2_training_loss,independent_null,0.3,0.0,92,4999,estimated,240,0.921,0.0005555063634609914,0.005545540331785707,False,False
mbe3-pgdl-transfer-confirmation-v2,B2_training_loss,independent_null,0.3,0.0,93,4999,estimated,240,0.3044,0.005287581703291506,0.05220687748535033,False,False
mbe3-pgdl-transfer-confirmation-v2,B2_training_loss,independent_null,0.3,0.0,94,4999,estimated,240,0.8804,0.0008330334356647894,0.00821546896349567,False,False
mbe3-pgdl-transfer-confirmation-v2,B2_training_loss,independent_null,0.3,0.0,95,4999,estimated,240,0.4756,0.003688732568397321,0.03690364006992567,False,False
mbe3-pgdl-transfer-confirmation-v2,B2_training_loss,independent_null,0.3,0.0,96,4999,estimated,240,0.674,-0.0022391526907638995,-0.02124043644912967,False,False
mbe3-pgdl-transfer-confirmation-v2,B2_training_loss,independent_null,0.3,0.0,97,4999,estimated,240,0.2758,-0.005266886400362845,-0.048286155209895334,False,False
mbe3-pgdl-transfer-confirmation-v2,B2_training_loss,independent_null,0.3,0.0,98,4999,estimated,240,0.3184,0.005412967218572383,0.05017822239233122,False,False
mbe3-pgdl-transfer-confirmation-v2,B2_training_loss,independent_null,0.3,0.0,99,4999,estimated,240,0.072,-0.009796896713187323,-0.08810314895556659,False,False
mbe3-pgdl-transfer-confirmation-v2,B2_training_loss,independent_null,0.8,0.0,0,4999,estimated,240,0.6044,-0.0025440413889189087,-0.02442441302288734,False,False
mbe3-pgdl-transfer-confirmation-v2,B2_training_loss,independent_null,0.8,0.0,1,4999,estimated,240,0.5844,0.0028840264010607016,0.02848617774436046,False,False
mbe3-pgdl-transfer-confirmation-v2,B2_training_loss,independent_null,0.8,0.0,2,4999,estimated,240,0.812,0.0013699976529319461,0.014697918829638525,False,False
mbe3-pgdl-transfer-confirmation-v2,B2_training_loss,independent_null,0.8,0.0,3,4999,estimated,240,0.3726,-0.00421186631230047,-0.04162469139508678,False,False
mbe3-pgdl-transfer-confirmation-v2,B2_training_loss,independent_null,0.8,0.0,4,4999,estimated,240,0.1092,0.007979807573497722,0.077208957816497,False,False
mbe3-pgdl-transfer-confirmation-v2,B2_training_loss,independent_null,0.8,0.0,5,4999,estimated,240,0.1876,-0.007173504862329354,-0.06300883819679823,False,False
mbe3-pgdl-transfer-confirmation-v2,B2_training_loss,independent_null,0.8,0.0,6,4999,estimated,240,0.8414,-0.0011148340143494677,-0.010577442538139045,False,False
mbe3-pgdl-transfer-confirmation-v2,B2_training_loss,independent_null,0.8,0.0,7,4999,estimated,240,0.1298,0.007486430727416334,0.07631654196262948,False,False
mbe3-pgdl-transfer-confirmation-v2,B2_training_loss,independent_null,0.8,0.0,8,4999,estimated,240,0.6748,0.002190643012929298,0.022671387250992932,False,False
mbe3-pgdl-transfer-confirmation-v2,B2_training_loss,independent_null,0.8,0.0,9,4999,estimated,240,0.1368,-0.007057240072687696,-0.07785711117481263,False,False
mbe3-pgdl-transfer-confirmation-v2,B2_training_loss,independent_null,0.8,0.0,10,4999,estimated,240,0.5462,0.0032067271749074617,0.031901269850418364,False,False
mbe3-pgdl-transfer-confirmation-v2,B2_training_loss,independent_null,0.8,0.0,11,4999,estimated,240,0.1624,-0.006411848499071884,-0.06948258031707648,False,False
mbe3-pgdl-transfer-confirmation-v2,B2_training_loss,independent_null,0.8,0.0,12,4999,estimated,240,0.5106,0.003621793175418366,0.03490639079901588,False,False
mbe3-pgdl-transfer-confirmation-v2,B2_training_loss,independent_null,0.8,0.0,13,4999,estimated,240,0.7872,0.0014298332533869917,0.01491880075430986,False,False
mbe3-pgdl-transfer-confirmation-v2,B2_training_loss,independent_null,0.8,0.0,14,4999,estimated,240,0.38,0.004289856340121921,0.04297081154213506,False,False
mbe3-pgdl-transfer-confirmation-v2,B2_training_loss,independent_null,0.8,0.0,15,4999,estimated,240,0.4854,0.003313458739630153,0.034783747042604535,False,False
mbe3-pgdl-transfer-confirmation-v2,B2_training_loss,independent_null,0.8,0.0,16,4999,estimated,240,0.5008,-0.003481734961884457,-0.03329332741240812,False,False
mbe3-pgdl-transfer-confirmation-v2,B2_training_loss,independent_null,0.8,0.0,17,4999,estimated,240,0.1244,0.008412211043573226,0.0820176228287917,False,False
mbe3-pgdl-transfer-confirmation-v2,B2_training_loss,independent_null,0.8,0.0,18,4999,estimated,240,0.9902,6.405000307578499e-05,0.0005893581501439541,False,False
mbe3-pgdl-transfer-confirmation-v2,B2_training_loss,independent_null,0.8,0.0,19,4999,estimated,240,0.9766,-0.0001842449287750625,-0.0018335917745808345,False,False
mbe3-pgdl-transfer-confirmation-v2,B2_training_loss,independent_null,0.8,0.0,20,4999,estimated,240,0.1228,0.008390441303088162,0.0779942108068223,False,False
mbe3-pgdl-transfer-confirmation-v2,B2_training_loss,independent_null,0.8,0.0,21,4999,estimated,240,0.0484,0.0127389685415541,0.10258137931579293,False,False
mbe3-pgdl-transfer-confirmation-v2,B2_training_loss,independent_null,0.8,0.0,22,4999,estimated,240,0.832,-0.0012042290201880977,-0.010978666617796225,False,False
mbe3-pgdl-transfer-confirmation-v2,B2_training_loss,independent_null,0.8,0.0,23,4999,estimated,240,0.758,-0.0016600652300124141,-0.016719929363267667,False,False
mbe3-pgdl-transfer-confirmation-v2,B2_training_loss,independent_null,0.8,0.0,24,4999,estimated,240,0.4462,0.0042227869037447015,0.04452319810662384,False,False
mbe3-pgdl-transfer-confirmation-v2,B2_training_loss,independent_null,0.8,0.0,25,4999,estimated,240,0.0876,0.009903721106351827,0.09209807336371342,False,False
mbe3-pgdl-transfer-confirmation-v2,B2_training_loss,independent_null,0.8,0.0,26,4999,estimated,240,0.3158,0.005257213012426513,0.05304049821895853,False,False
mbe3-pgdl-transfer-confirmation-v2,B2_training_loss,independent_null,0.8,0.0,27,4999,estimated,240,0.1354,-0.007674215966460455,-0.07724137885883842,False,False
mbe3-pgdl-transfer-confirmation-v2,B2_training_loss,independent_null,0.8,0.0,28,4999,estimated,240,0.2988,-0.00576749242240797,-0.055962725626326405,False,False
mbe3-pgdl-transfer-confirmation-v2,B2_training_loss,independent_null,0.8,0.0,29,4999,estimated,240,0.6644,0.0022995761915667315,0.02147220096771202,False,False
mbe3-pgdl-transfer-confirmation-v2,B2_training_loss,independent_null,0.8,0.0,30,4999,estimated,240,0.6924,-0.002133503498718346,-0.02148775271477006,False,False
mbe3-pgdl-transfer-confirmation-v2,B2_training_loss,independent_null,0.8,0.0,31,4999,estimated,240,0.006,-0.016402555530916605,-0.1655020858682142,False,False
mbe3-pgdl-transfer-confirmation-v2,B2_training_loss,independent_null,0.8,0.0,32,4999,estimated,240,0.5576,0.0028144805358326346,0.03226238816979669,False,False
mbe3-pgdl-transfer-confirmation-v2,B2_training_loss,independent_null,0.8,0.0,33,4999,estimated,240,0.9056,0.0006215614482294375,0.0058883658789079425,False,False
mbe3-pgdl-transfer-confirmation-v2,B2_training_loss,independent_null,0.8,0.0,34,4999,estimated,240,0.7418,-0.001673895205496625,-0.016071899764039423,False,False
mbe3-pgdl-transfer-confirmation-v2,B2_training_loss,independent_null,0.8,0.0,35,4999,estimated,240,0.407,-0.004341378562070464,-0.03700602353654269,False,False
mbe3-pgdl-transfer-confirmation-v2,B2_training_loss,independent_null,0.8,0.0,36,4999,estimated,240,0.6252,0.002442779424687223,0.02377841130422592,False,False
mbe3-pgdl-transfer-confirmation-v2,B2_training_loss,independent_null,0.8,0.0,37,4999,estimated,240,0.2678,-0.005998986811819537,-0.05315909354454867,False,False
mbe3-pgdl-transfer-confirmation-v2,B2_training_loss,independent_null,0.8,0.0,38,4999,estimated,240,0.179,-0.006692528592979528,-0.06355021253858421,False,False
mbe3-pgdl-transfer-confirmation-v2,B2_training_loss,independent_null,0.8,0.0,39,4999,estimated,240,0.5004,0.0030269311291836,0.031200101686161802,False,False
mbe3-pgdl-transfer-confirmation-v2,B2_training_loss,independent_null,0.8,0.0,40,4999,estimated,240,0.9164,0.0005507582417640729,0.005784621140918658,False,False
mbe3-pgdl-transfer-confirmation-v2,B2_training_loss,independent_null,0.8,0.0,41,4999,estimated,240,0.2382,0.005374884959205638,0.05239513467988459,False,False
mbe3-pgdl-transfer-confirmation-v2,B2_training_loss,independent_null,0.8,0.0,42,4999,estimated,240,0.2272,-0.006079081068584782,-0.06502936972219245,False,False
mbe3-pgdl-transfer-confirmation-v2,B2_training_loss,independent_null,0.8,0.0,43,4999,estimated,240,0.7424,0.0017727888533454795,0.017504919951545708,False,False
mbe3-pgdl-transfer-confirmation-v2,B2_training_loss,independent_null,0.8,0.0,44,4999,estimated,240,0.097,-0.009760971232537214,-0.09405935226602437,False,False
mbe3-pgdl-transfer-confirmation-v2,B2_training_loss,independent_null,0.8,0.0,45,4999,estimated,240,0.8902,0.0006946728935904536,0.006976487953650484,False,False
mbe3-pgdl-transfer-confirmation-v2,B2_training_loss,independent_null,0.8,0.0,46,4999,estimated,240,0.762,-0.001719701709903615,-0.014696171794517147,False,False
mbe3-pgdl-transfer-confirmation-v2,B2_training_loss,independent_null,0.8,0.0,47,4999,estimated,240,0.1476,0.008208524842140439,0.07862637127631789,False,False
mbe3-pgdl-transfer-confirmation-v2,B2_training_loss,independent_null,0.8,0.0,48,4999,estimated,240,0.2518,0.005379325454538346,0.05403801020203305,False,False
mbe3-pgdl-transfer-confirmation-v2,B2_training_loss,independent_null,0.8,0.0,49,4999,estimated,240,0.4634,-0.003626553253147999,-0.03986017964038715,False,False
mbe3-pgdl-transfer-confirmation-v2,B2_training_loss,independent_null,0.8,0.0,50,4999,estimated,240,0.1414,-0.007482223008843405,-0.07228053247523991,False,False
mbe3-pgdl-transfer-confirmation-v2,B2_training_loss,independent_null,0.8,0.0,51,4999,estimated,240,0.2478,0.006140686667873746,0.054542758402037185,False,False
mbe3-pgdl-transfer-confirmation-v2,B2_training_loss,independent_null,0.8,0.0,52,4999,estimated,240,0.5314,0.0033757844292462993,0.033952227046228474,False,False
mbe3-pgdl-transfer-confirmation-v2,B2_training_loss,independent_null,0.8,0.0,53,4999,estimated,240,0.0544,-0.00959154421586751,-0.09871446803940943,False,False
mbe3-pgdl-transfer-confirmation-v2,B2_training_loss,independent_null,0.8,0.0,54,4999,estimated,240,0.8894,0.0007192514951571918,0.0071464405293041565,False,False
mbe3-pgdl-transfer-confirmation-v2,B2_training_loss,independent_null,0.8,0.0,55,4999,estimated,240,0.9742,0.0001683822725077962,0.0016191814791899144,False,False
mbe3-pgdl-transfer-confirmation-v2,B2_training_loss,independent_null,0.8,0.0,56,4999,estimated,240,0.2808,0.005579506070665922,0.0534637923381321,False,False
mbe3-pgdl-transfer-confirmation-v2,B2_training_loss,independent_null,0.8,0.0,57,4999,estimated,240,0.639,0.002231283783444252,0.02343421609358744,False,False
mbe3-pgdl-transfer-confirmation-v2,B2_training_loss,independent_null,0.8,0.0,58,4999,estimated,240,0.2708,0.00613609377442871,0.05359198648164213,False,False
mbe3-pgdl-transfer-confirmation-v2,B2_training_loss,independent_null,0.8,0.0,59,4999,estimated,240,0.6216,-0.002782465862503538,-0.02674488070633075,False,False
mbe3-pgdl-transfer-confirmation-v2,B2_training_loss,independent_null,0.8,0.0,60,4999,estimated,240,0.8416,-0.0008003530895715568,-0.00866956042773843,False,False
mbe3-pgdl-transfer-confirmation-v2,B2_training_loss,independent_null,0.8,0.0,61,4999,estimated,240,0.0782,-0.009904902634175141,-0.10381933337205787,False,False
mbe3-pgdl-transfer-confirmation-v2,B2_training_loss,independent_null,0.8,0.0,62,4999,estimated,240,0.4488,-0.0038196891187067925,-0.038374242440070754,False,False
mbe3-pgdl-transfer-confirmation-v2,B2_training_loss,independent_null,0.8,0.0,63,4999,estimated,240,0.788,0.0014265979269419337,0.01370167479778775,False,False
mbe3-pgdl-transfer-confirmation-v2,B2_training_loss,independent_null,0.8,0.0,64,4999,estimated,240,0.0208,-0.011208584008530613,-0.1024400692861242,False,False
mbe3-pgdl-transfer-confirmation-v2,B2_training_loss,independent_null,0.8,0.0,65,4999,estimated,240,0.3732,0.005291862852428159,0.05327590881398093,False,False
mbe3-pgdl-transfer-confirmation-v2,B2_training_loss,independent_null,0.8,0.0,66,4999,estimated,240,0.4798,-0.003844971347327768,-0.03374522510430434,False,False
mbe3-pgdl-transfer-confirmation-v2,B2_training_loss,independent_null,0.8,0.0,67,4999,estimated,240,0.7234,0.0018848999505788613,0.01864764017344903,False,False
mbe3-pgdl-transfer-confirmation-v2,B2_training_loss,independent_null,0.8,0.0,68,4999,estimated,240,0.767,0.0015893941506930538,0.015307476549388795,False,False
mbe3-pgdl-transfer-confirmation-v2,B2_training_loss,independent_null,0.8,0.0,69,4999,estimated,240,0.1458,-0.007596795362034903,-0.06913265067052811,False,False
mbe3-pgdl-transfer-confirmation-v2,B2_training_loss,independent_null,0.8,0.0,70,4999,estimated,240,0.4472,0.004290800656314315,0.04083005830722052,False,False
mbe3-pgdl-transfer-confirmation-v2,B2_training_loss,independent_null,0.8,0.0,71,4999,estimated,240,0.6346,-0.0024918928104975895,-0.02282654568702075,False,False
mbe3-pgdl-transfer-confirmation-v2,B2_training_loss,independent_null,0.8,0.0,72,4999,estimated,240,0.5438,-0.00320708407925461,-0.03132438439536385,False,False
mbe3-pgdl-transfer-confirmation-v2,B2_training_loss,independent_null,0.8,0.0,73,4999,estimated,240,0.6462,-0.0021424073533072405,-0.020277414850021568,False,False
mbe3-pgdl-transfer-confirmation-v2,B2_training_loss,independent_null,0.8,0.0,74,4999,estimated,240,0.074,-0.00927930489121938,-0.08733458407274203,False,False
mbe3-pgdl-transfer-confirmation-v2,B2_training_loss,independent_null,0.8,0.0,75,4999,estimated,240,0.8924,0.0006754255399857,0.007024119967131815,False,False
mbe3-pgdl-transfer-confirmation-v2,B2_training_loss,independent_null,0.8,0.0,76,4999,estimated,240,0.9156,0.00046102926727642685,0.004985151435006392,False,False
mbe3-pgdl-transfer-confirmation-v2,B2_training_loss,independent_null,0.8,0.0,77,4999,estimated,240,0.117,0.007585569886854526,0.07438123653497015,False,False
mbe3-pgdl-transfer-confirmation-v2,B2_training_loss,independent_null,0.8,0.0,78,4999,estimated,240,0.715,0.00202884642266639,0.019435357334732298,False,False
mbe3-pgdl-transfer-confirmation-v2,B2_training_loss,independent_null,0.8,0.0,79,4999,estimated,240,0.5436,-0.0029742171671107293,-0.029356222793370745,False,False
mbe3-pgdl-transfer-confirmation-v2,B2_training_loss,independent_null,0.8,0.0,80,4999,estimated,240,0.8988,0.0006400385077003849,0.006215331138485815,False,False
mbe3-pgdl-transfer-confirmation-v2,B2_training_loss,independent_null,0.8,0.0,81,4999,estimated,240,0.2222,0.006081631527010645,0.054313238318301954,False,False
mbe3-pgdl-transfer-confirmation-v2,B2_training_loss,independent_null,0.8,0.0,82,4999,estimated,240,0.3854,0.005075859113080313,0.04792772030695399,False,False
mbe3-pgdl-transfer-confirmation-v2,B2_training_loss,independent_null,0.8,0.0,83,4999,estimated,240,0.9494,0.0003249396350482795,0.0034134274818213594,False,False
mbe3-pgdl-transfer-confirmation-v2,B2_training_loss,independent_null,0.8,0.0,84,4999,estimated,240,0.0816,0.008770191913255811,0.09475880968007,False,False
mbe3-pgdl-transfer-confirmation-v2,B2_training_loss,independent_null,0.8,0.0,85,4999,estimated,240,0.6122,0.002778244776989476,0.02706428635581614,False,False
mbe3-pgdl-transfer-confirmation-v2,B2_training_loss,independent_null,0.8,0.0,86,4999,estimated,240,0.1758,-0.00672550244632816,-0.06751461257517435,False,False
mbe3-pgdl-transfer-confirmation-v2,B2_training_loss,independent_null,0.8,0.0,87,4999,estimated,240,0.8664,0.0008485632171500982,0.009067866941086026,False,False
mbe3-pgdl-transfer-confirmation-v2,B2_training_loss,independent_null,0.8,0.0,88,4999,estimated,240,0.6152,0.002377228707234842,0.024938948034871913,False,False
mbe3-pgdl-transfer-confirmation-v2,B2_training_loss,independent_null,0.8,0.0,89,4999,estimated,240,0.0086,0.014060647240096225,0.1430752491198772,False,False
mbe3-pgdl-transfer-confirmation-v2,B2_training_loss,independent_null,0.8,0.0,90,4999,estimated,240,0.1094,-0.007499171675850677,-0.0769387047087252,False,False
mbe3-pgdl-transfer-confirmation-v2,B2_training_loss,independent_null,0.8,0.0,91,4999,estimated,240,0.3792,0.0047956030870765715,0.044899321500002275,False,False
mbe3-pgdl-transfer-confirmation-v2,B2_training_loss,independent_null,0.8,0.0,92,4999,estimated,240,0.8028,-0.0012219338988362883,-0.011570279372677772,False,False
mbe3-pgdl-transfer-confirmation-v2,B2_training_loss,independent_null,0.8,0.0,93,4999,estimated,240,0.0146,-0.014611861264880902,-0.13451731181311977,False,False
mbe3-pgdl-transfer-confirmation-v2,B2_training_loss,independent_null,0.8,0.0,94,4999,estimated,240,0.2764,0.00570071888127174,0.05778869230299766,False,False
mbe3-pgdl-transfer-confirmation-v2,B2_training_loss,independent_null,0.8,0.0,95,4999,estimated,240,0.2516,-0.007461495882554446,-0.07329310893234266,False,False
mbe3-pgdl-transfer-confirmation-v2,B2_training_loss,independent_null,0.8,0.0,96,4999,estimated,240,0.5264,0.0033948347649884287,0.03321905262403137,False,False
mbe3-pgdl-transfer-confirmation-v2,B2_training_loss,independent_null,0.8,0.0,97,4999,estimated,240,0.0858,-0.00929434685542286,-0.08045497385376026,False,False
mbe3-pgdl-transfer-confirmation-v2,B2_training_loss,independent_null,0.8,0.0,98,4999,estimated,240,0.1302,0.007476952545426598,0.07149230093820086,False,False
mbe3-pgdl-transfer-confirmation-v2,B2_training_loss,independent_null,0.8,0.0,99,4999,estimated,240,0.765,0.0016152772400623836,0.017746152211308267,False,False
mbe3-pgdl-transfer-confirmation-v2,B2_training_loss,interaction_increment,0.3,0.2,0,4999,estimated,240,0.0006,0.014279047505462586,0.20319391547653484,True,True
mbe3-pgdl-transfer-confirmation-v2,B2_training_loss,interaction_increment,0.3,0.2,1,4999,estimated,240,0.3374,0.004696009035321047,0.06094946796649438,False,False
mbe3-pgdl-transfer-confirmation-v2,B2_training_loss,interaction_increment,0.3,0.2,2,4999,estimated,240,0.1328,0.007213548971130365,0.09022761544311182,False,False
mbe3-pgdl-transfer-confirmation-v2,B2_training_loss,interaction_increment,0.3,0.2,3,4999,estimated,240,0.2742,0.006043110043220921,0.07378012180672124,False,False
mbe3-pgdl-transfer-confirmation-v2,B2_training_loss,interaction_increment,0.3,0.2,4,4999,estimated,240,0.9156,-0.0004868411082961687,-0.007005238454776528,False,False
mbe3-pgdl-transfer-confirmation-v2,B2_training_loss,interaction_increment,0.3,0.2,5,4999,estimated,240,0.3928,0.0036958815963352106,0.04742276837880255,False,False
mbe3-pgdl-transfer-confirmation-v2,B2_training_loss,interaction_increment,0.3,0.2,6,4999,estimated,240,0.376,0.003565431562344228,0.04947832650471684,False,False
mbe3-pgdl-transfer-confirmation-v2,B2_training_loss,interaction_increment,0.3,0.2,7,4999,estimated,240,0.4136,0.003848740438778279,0.04708377271591771,False,False
mbe3-pgdl-transfer-confirmation-v2,B2_training_loss,interaction_increment,0.3,0.2,8,4999,estimated,240,0.1102,0.006990278229747669,0.0984308638313773,False,False
mbe3-pgdl-transfer-confirmation-v2,B2_training_loss,interaction_increment,0.3,0.2,9,4999,estimated,240,0.0086,0.01664910885920497,0.21274265432607412,False,False
mbe3-pgdl-transfer-confirmation-v2,B2_training_loss,interaction_increment,0.3,0.2,10,4999,estimated,240,0.8368,0.0009247103034267494,0.013586334589425552,False,False
mbe3-pgdl-transfer-confirmation-v2,B2_training_loss,interaction_increment,0.3,0.2,11,4999,estimated,240,0.2158,0.005641314712213176,0.07274135499470927,False,False
mbe3-pgdl-transfer-confirmation-v2,B2_training_loss,interaction_increment,0.3,0.2,12,4999,estimated,240,0.0034,0.012250896431277117,0.18774084035398872,False,False
mbe3-pgdl-transfer-confirmation-v2,B2_training_loss,interaction_increment,0.3,0.2,13,4999,estimated,240,0.4948,-0.0031299827670091596,-0.04068229662129121,False,False
mbe3-pgdl-transfer-confirmation-v2,B2_training_loss,interaction_increment,0.3,0.2,14,4999,estimated,240,0.2394,0.005430294587020432,0.07419084494898391,False,False
mbe3-pgdl-transfer-confirmation-v2,B2_training_loss,interaction_increment,0.3,0.2,15,4999,estimated,240,0.1306,0.008510513504694108,0.10399173547935191,False,False
mbe3-pgdl-transfer-confirmation-v2,B2_training_loss,interaction_increment,0.3,0.2,16,4999,estimated,240,0.573,0.002701926707369511,0.03720671174967783,False,False
mbe3-pgdl-transfer-confirmation-v2,B2_training_loss,interaction_increment,0.3,0.2,17,4999,estimated,240,0.0054,0.012723726847416354,0.17369735976874082,False,False
mbe3-pgdl-transfer-confirmation-v2,B2_training_loss,interaction_increment,0.3,0.2,18,4999,estimated,240,0.0298,0.009766863130196288,0.1407700519967278,False,False
mbe3-pgdl-transfer-confirmation-v2,B2_training_loss,interaction_increment,0.3,0.2,19,4999,estimated,240,0.6162,-0.0023396863386044237,-0.03161336700457196,False,False
mbe3-pgdl-transfer-confirmation-v2,B2_training_loss,interaction_increment,0.3,0.2,20,4999,estimated,240,0.2848,0.00444394000339845,0.06946082883996543,False,False
mbe3-pgdl-transfer-confirmation-v2,B2_training_loss,interaction_increment,0.3,0.2,21,4999,estimated,240,0.539,0.0031111195661253873,0.038262973833597974,False,False
mbe3-pgdl-transfer-confirmation-v2,B2_training_loss,interaction_increment,0.3,0.2,22,4999,estimated,240,0.979,0.00010793443815378992,0.0015293849870465222,False,False
mbe3-pgdl-transfer-confirmation-v2,B2_training_loss,interaction_increment,0.3,0.2,23,4999,estimated,240,0.8176,-0.0011237755461212292,-0.01493936098125222,False,False
mbe3-pgdl-transfer-confirmation-v2,B2_training_loss,interaction_increment,0.3,0.2,24,4999,estimated,240,0.0206,0.010488757819188014,0.1309354416138773,False,False
mbe3-pgdl-transfer-confirmation-v2,B2_training_loss,interaction_increment,0.3,0.2,25,4999,estimated,240,0.9656,0.00021616753984935063,0.002754024215816384,False,False
mbe3-pgdl-transfer-confirmation-v2,B2_training_loss,interaction_increment,0.3,0.2,26,4999,estimated,240,0.823,-0.0009865269949874318,-0.014211548300164885,False,False
mbe3-pgdl-transfer-confirmation-v2,B2_training_loss,interaction_increment,0.3,0.2,27,4999,estimated,240,0.0904,0.008269857173313232,0.10621942466625339,False,False
mbe3-pgdl-transfer-confirmation-v2,B2_training_loss,interaction_increment,0.3,0.2,28,4999,estimated,240,0.1924,0.005386508722435946,0.07681374650494478,False,False
mbe3-pgdl-transfer-confirmation-v2,B2_training_loss,interaction_increment,0.3,0.2,29,4999,estimated,240,0.1132,0.007407720877255255,0.09516098338253255,False,False
mbe3-pgdl-transfer-confirmation-v2,B2_training_loss,interaction_increment,0.3,0.2,30,4999,estimated,240,0.0012,0.014605332769800002,0.21943824473236925,False,False
mbe3-pgdl-transfer-confirmation-v2,B2_training_loss,interaction_increment,0.3,0.2,31,4999,estimated,240,0.0638,0.008754815167560248,0.10855092751494683,False,False
mbe3-pgdl-transfer-confirmation-v2,B2_training_loss,interaction_increment,0.3,0.2,32,4999,estimated,240,0.083,0.006815222675487243,0.09715355112304631,False,False
mbe3-pgdl-transfer-confirmation-v2,B2_training_loss,interaction_increment,0.3,0.2,33,4999,estimated,240,0.0722,0.0074303304395650326,0.10278757374459203,False,False
mbe3-pgdl-transfer-confirmation-v2,B2_training_loss,interaction_increment,0.3,0.2,34,4999,estimated,240,0.189,0.005938189311591228,0.0750720253625361,False,False
mbe3-pgdl-transfer-confirmation-v2,B2_training_loss,interaction_increment,0.3,0.2,35,4999,estimated,240,0.041,0.01012449982376592,0.14802553402380159,False,False
mbe3-pgdl-transfer-confirmation-v2,B2_training_loss,interaction_increment,0.3,0.2,36,4999,estimated,240,0.4374,0.003775811599627859,0.04892562458521809,False,False
mbe3-pgdl-transfer-confirmation-v2,B2_training_loss,interaction_increment,0.3,0.2,37,4999,estimated,240,0.0098,0.012349429813686105,0.1693475092133053,False,False
mbe3-pgdl-transfer-confirmation-v2,B2_training_loss,interaction_increment,0.3,0.2,38,4999,estimated,240,0.0012,0.01560037996914469,0.20429881253747553,False,False
mbe3-pgdl-transfer-confirmation-v2,B2_training_loss,interaction_increment,0.3,0.2,39,4999,estimated,240,0.0452,0.009453426633088544,0.11524649354598814,False,False
mbe3-pgdl-transfer-confirmation-v2,B2_training_loss,interaction_increment,0.3,0.2,40,4999,estimated,240,0.5566,0.0025514863404800443,0.03623816356897041,False,False
mbe3-pgdl-transfer-confirmation-v2,B2_training_loss,interaction_increment,0.3,0.2,41,4999,estimated,240,0.0238,0.011254953735636631,0.15781899220341947,False,False
mbe3-pgdl-transfer-confirmation-v2,B2_training_loss,interaction_increment,0.3,0.2,42,4999,estimated,240,0.345,0.0046702834071293935,0.06169002985157938,False,False
mbe3-pgdl-transfer-confirmation-v2,B2_training_loss,interaction_increment,0.3,0.2,43,4999,estimated,240,0.8422,-0.0009455709306186018,-0.014069510714304722,False,False
mbe3-pgdl-transfer-confirmation-v2,B2_training_loss,interaction_increment,0.3,0.2,44,4999,estimated,240,0.9868,-9.756994629933486e-05,-0.0016131872518923573,False,False
mbe3-pgdl-transfer-confirmation-v2,B2_training_loss,interaction_increment,0.3,0.2,45,4999,estimated,240,0.2676,0.004969420972701332,0.06799785025260892,False,False
mbe3-pgdl-transfer-confirmation-v2,B2_training_loss,interaction_increment,0.3,0.2,46,4999,estimated,240,0.324,0.004411753030024456,0.0594650506614348,False,False
mbe3-pgdl-transfer-confirmation-v2,B2_training_loss,interaction_increment,0.3,0.2,47,4999,estimated,240,0.002,0.013872371238607673,0.18127186898908332,False,False
mbe3-pgdl-transfer-confirmation-v2,B2_training_loss,interaction_increment,0.3,0.2,48,4999,estimated,240,0.0848,0.007153360417835463,0.09435236386923389,False,False
mbe3-pgdl-transfer-confirmation-v2,B2_training_loss,interaction_increment,0.3,0.2,49,4999,estimated,240,0.2244,0.0055895246893060396,0.07083835016828563,False,False
mbe3-pgdl-transfer-confirmation-v2,B2_training_loss,interaction_increment,0.3,0.2,50,4999,estimated,240,0.0302,0.010106422344023269,0.13484974725061102,False,False
mbe3-pgdl-transfer-confirmation-v2,B2_training_loss,interaction_increment,0.3,0.2,51,4999,estimated,240,0.2006,0.006703209585188383,0.08805329092592913,False,False
mbe3-pgdl-transfer-confirmation-v2,B2_training_loss,interaction_increment,0.3,0.2,52,4999,estimated,240,0.1354,0.006300296078843998,0.09508832067947309,False,False
mbe3-pgdl-transfer-confirmation-v2,B2_training_loss,interaction_increment,0.3,0.2,53,4999,estimated,240,0.0692,0.007943813042220256,0.10806310208529953,False,False
mbe3-pgdl-transfer-confirmation-v2,B2_training_loss,interaction_increment,0.3,0.2,54,4999,estimated,240,0.3446,0.0043044023861111514,0.05910424843181779,False,False
mbe3-pgdl-transfer-confirmation-v2,B2_training_loss,interaction_increment,0.3,0.2,55,4999,estimated,240,0.0046,0.015204535370756002,0.194593576057456,False,False
mbe3-pgdl-transfer-confirmation-v2,B2_training_loss,interaction_increment,0.3,0.2,56,4999,estimated,240,0.6034,0.002080277895733999,0.031066431070678566,False,False
mbe3-pgdl-transfer-confirmation-v2,B2_training_loss,interaction_increment,0.3,0.2,57,4999,estimated,240,0.0002,0.018019804533191474,0.2618554058965245,True,True
mbe3-pgdl-transfer-confirmation-v2,B2_training_loss,interaction_increment,0.3,0.2,58,4999,estimated,240,0.6936,-0.0018870117560445552,-0.02533698516897558,False,False
mbe3-pgdl-transfer-confirmation-v2,B2_training_loss,interaction_increment,0.3,0.2,59,4999,estimated,240,0.0098,0.013904909813874078,0.17685180788226662,False,False
mbe3-pgdl-transfer-confirmation-v2,B2_training_loss,interaction_increment,0.3,0.2,60,4999,estimated,240,0.2046,0.005106627765611312,0.08485700731424839,False,False
mbe3-pgdl-transfer-confirmation-v2,B2_training_loss,interaction_increment,0.3,0.2,61,4999,estimated,240,0.0014,0.01435576855681153,0.1846412774448757,False,False
mbe3-pgdl-transfer-confirmation-v2,B2_training_loss,interaction_increment,0.3,0.2,62,4999,estimated,240,0.0086,0.009134841368108734,0.14922300738997574,False,False
mbe3-pgdl-transfer-confirmation-v2,B2_training_loss,interaction_increment,0.3,0.2,63,4999,estimated,240,0.5644,0.002974944523721439,0.03501693403961168,False,False
mbe3-pgdl-transfer-confirmation-v2,B2_training_loss,interaction_increment,0.3,0.2,64,4999,estimated,240,0.318,0.003935365439175323,0.05796927598828894,False,False
mbe3-pgdl-transfer-confirmation-v2,B2_training_loss,interaction_increment,0.3,0.2,65,4999,estimated,240,0.0352,0.008357278998710853,0.11219265438869411,False,False
mbe3-pgdl-transfer-confirmation-v2,B2_training_loss,interaction_increment,0.3,0.2,66,4999,estimated,240,0.5866,0.0023806885277218633,0.037417950074603766,False,False
mbe3-pgdl-transfer-confirmation-v2,B2_training_loss,interaction_increment,0.3,0.2,67,4999,estimated,240,0.022,0.010525200118423764,0.14151351750120258,False,False
mbe3-pgdl-transfer-confirmation-v2,B2_training_loss,interaction_increment,0.3,0.2,68,4999,estimated,240,0.1396,0.005838564207733145,0.09668165567456272,False,False
mbe3-pgdl-transfer-confirmation-v2,B2_training_loss,interaction_increment,0.3,0.2,69,4999,estimated,240,0.275,0.005144541578566431,0.06820505898669228,False,False
mbe3-pgdl-transfer-confirmation-v2,B2_training_loss,interaction_increment,0.3,0.2,70,4999,estimated,240,0.0544,0.008925033414152916,0.11632402722321081,False,False
mbe3-pgdl-transfer-confirmation-v2,B2_training_loss,interaction_increment,0.3,0.2,71,4999,estimated,240,0.6266,0.00245224909309469,0.029681899096387326,False,False
mbe3-pgdl-transfer-confirmation-v2,B2_training_loss,interaction_increment,0.3,0.2,72,4999,estimated,240,0.1214,0.007359161338544668,0.10491915537657266,False,False
mbe3-pgdl-transfer-confirmation-v2,B2_training_loss,interaction_increment,0.3,0.2,73,4999,estimated,240,0.0046,0.012515223161662951,0.16579071644753404,False,False
mbe3-pgdl-transfer-confirmation-v2,B2_training_loss,interaction_increment,0.3,0.2,74,4999,estimated,240,0.7834,0.0012343127143592556,0.017158559856092128,False,False
mbe3-pgdl-transfer-confirmation-v2,B2_training_loss,interaction_increment,0.3,0.2,75,4999,estimated,240,0.014,0.010928960935369205,0.1297662408927127,False,False
mbe3-pgdl-transfer-confirmation-v2,B2_training_loss,interaction_increment,0.3,0.2,76,4999,estimated,240,0.4038,-0.003740516883244477,-0.050558033087858674,False,False
mbe3-pgdl-transfer-confirmation-v2,B2_training_loss,interaction_increment,0.3,0.2,77,4999,estimated,240,0.192,0.006410983168416383,0.07358240701427746,False,False
mbe3-pgdl-transfer-confirmation-v2,B2_training_loss,interaction_increment,0.3,0.2,78,4999,estimated,240,0.105,0.007314058720253887,0.09969757740845032,False,False
mbe3-pgdl-transfer-confirmation-v2,B2_training_loss,interaction_increment,0.3,0.2,79,4999,estimated,240,0.0338,0.008312053624085268,0.1339167985796968,False,False
mbe3-pgdl-transfer-confirmation-v2,B2_training_loss,interaction_increment,0.3,0.2,80,4999,estimated,240,0.0858,0.008931470435702582,0.11284873036707682,False,False
mbe3-pgdl-transfer-confirmation-v2,B2_training_loss,interaction_increment,0.3,0.2,81,4999,estimated,240,0.4454,0.003401565473426461,0.04609700120911664,False,False
mbe3-pgdl-transfer-confirmation-v2,B2_training_loss,interaction_increment,0.3,0.2,82,4999,estimated,240,0.8482,0.0008767864445117786,0.0119760696320913,False,False
mbe3-pgdl-transfer-confirmation-v2,B2_training_loss,interaction_increment,0.3,0.2,83,4999,estimated,240,0.005,0.010531346192135919,0.16695715022701155,False,False
mbe3-pgdl-transfer-confirmation-v2,B2_training_loss,interaction_increment,0.3,0.2,84,4999,estimated,240,0.0944,0.0074184331921976565,0.10529531133919764,False,False
mbe3-pgdl-transfer-confirmation-v2,B2_training_loss,interaction_increment,0.3,0.2,85,4999,estimated,240,0.1154,0.00704083060741234,0.10435991575262667,False,False
mbe3-pgdl-transfer-confirmation-v2,B2_training_loss,interaction_increment,0.3,0.2,86,4999,estimated,240,0.2764,0.004565786011853017,0.06480647500347243,False,False
mbe3-pgdl-transfer-confirmation-v2,B2_training_loss,interaction_increment,0.3,0.2,87,4999,estimated,240,0.0024,0.014224010123737977,0.1958239818336457,False,False
mbe3-pgdl-transfer-confirmation-v2,B2_training_loss,interaction_increment,0.3,0.2,88,4999,estimated,240,0.0114,0.012998058689433467,0.1676691236426598,False,False
mbe3-pgdl-transfer-confirmation-v2,B2_training_loss,interaction_increment,0.3,0.2,89,4999,estimated,240,0.077,0.008289653606847818,0.10599288604902489,False,False
mbe3-pgdl-transfer-confirmation-v2,B2_training_loss,interaction_increment,0.3,0.2,90,4999,estimated,240,0.018,0.011311204347444525,0.15107637849543068,False,False
mbe3-pgdl-transfer-confirmation-v2,B2_training_loss,interaction_increment,0.3,0.2,91,4999,estimated,240,0.0098,0.011075541709583865,0.14917883487316147,False,False
mbe3-pgdl-transfer-confirmation-v2,B2_training_loss,interaction_increment,0.3,0.2,92,4999,estimated,240,0.3864,0.003553935957466726,0.05010707234132163,False,False
mbe3-pgdl-transfer-confirmation-v2,B2_training_loss,interaction_increment,0.3,0.2,93,4999,estimated,240,0.2544,0.005581990255912643,0.07598534430973845,False,False
mbe3-pgdl-transfer-confirmation-v2,B2_training_loss,interaction_increment,0.3,0.2,94,4999,estimated,240,0.1424,0.007342375007052317,0.09474612134649926,False,False
mbe3-pgdl-transfer-confirmation-v2,B2_training_loss,interaction_increment,0.3,0.2,95,4999,estimated,240,0.149,0.0068554375408030836,0.085567112759232,False,False
mbe3-pgdl-transfer-confirmation-v2,B2_training_loss,interaction_increment,0.3,0.2,96,4999,estimated,240,0.9242,0.0004132207935528223,0.005472385941653398,False,False
mbe3-pgdl-transfer-confirmation-v2,B2_training_loss,interaction_increment,0.3,0.2,97,4999,estimated,240,0.1046,0.007074405377619009,0.08916185777146958,False,False
mbe3-pgdl-transfer-confirmation-v2,B2_training_loss,interaction_increment,0.3,0.2,98,4999,estimated,240,0.004,0.012757405503727845,0.18165931049086267,False,False
mbe3-pgdl-transfer-confirmation-v2,B2_training_loss,interaction_increment,0.3,0.2,99,4999,estimated,240,0.1354,0.00636237950086343,0.08871458072000042,False,False
mbe3-pgdl-transfer-confirmation-v2,B2_training_loss,interaction_increment,0.3,0.35,0,4999,estimated,240,0.211,0.005461268813331399,0.0705388266034249,False,False
mbe3-pgdl-transfer-confirmation-v2,B2_training_loss,interaction_increment,0.3,0.35,1,4999,estimated,240,0.0254,0.010252073738735573,0.14918368796901807,False,False
mbe3-pgdl-transfer-confirmation-v2,B2_training_loss,interaction_increment,0.3,0.35,2,4999,estimated,240,0.1176,0.0075900347877093195,0.10087721248155956,False,False
mbe3-pgdl-transfer-confirmation-v2,B2_training_loss,interaction_increment,0.3,0.35,3,4999,estimated,240,0.0452,0.009571758721504156,0.12789972265277,False,False
mbe3-pgdl-transfer-confirmation-v2,B2_training_loss,interaction_increment,0.3,0.35,4,4999,estimated,240,0.011,0.010485991515372283,0.14032920966120557,False,False
mbe3-pgdl-transfer-confirmation-v2,B2_training_loss,interaction_increment,0.3,0.35,5,4999,estimated,240,0.0002,0.019594132284169993,0.2729939742570786,True,True
mbe3-pgdl-transfer-confirmation-v2,B2_training_loss,interaction_increment,0.3,0.35,6,4999,estimated,240,0.0454,0.009570726208597708,0.1281467245180538,False,False
mbe3-pgdl-transfer-confirmation-v2,B2_training_loss,interaction_increment,0.3,0.35,7,4999,estimated,240,0.0002,0.029211390474520038,0.3677829970196289,True,True
mbe3-pgdl-transfer-confirmation-v2,B2_training_loss,interaction_increment,0.3,0.35,8,4999,estimated,240,0.2158,0.007216917922299378,0.08618924415184376,False,False
mbe3-pgdl-transfer-confirmation-v2,B2_training_loss,interaction_increment,0.3,0.35,9,4999,estimated,240,0.404,0.003393318272814185,0.04821995515981426,False,False
mbe3-pgdl-transfer-confirmation-v2,B2_training_loss,interaction_increment,0.3,0.35,10,4999,estimated,240,0.1906,0.005764269017720469,0.08632933557185847,False,False
mbe3-pgdl-transfer-confirmation-v2,B2_training_loss,interaction_increment,0.3,0.35,11,4999,estimated,240,0.0042,0.014410899216841789,0.19424524183827785,False,False
mbe3-pgdl-transfer-confirmation-v2,B2_training_loss,interaction_increment,0.3,0.35,12,4999,estimated,240,0.0002,0.021736242999169996,0.27470867278723937,True,True
mbe3-pgdl-transfer-confirmation-v2,B2_training_loss,interaction_increment,0.3,0.35,13,4999,estimated,240,0.115,0.007818298366471306,0.1208931448348075,False,False
mbe3-pgdl-transfer-confirmation-v2,B2_training_loss,interaction_increment,0.3,0.35,14,4999,estimated,240,0.0006,0.018769052351795937,0.2182336519818303,True,True
mbe3-pgdl-transfer-confirmation-v2,B2_training_loss,interaction_increment,0.3,0.35,15,4999,estimated,240,0.0022,0.014504873657584294,0.19583193250900421,False,False
mbe3-pgdl-transfer-confirmation-v2,B2_training_loss,interaction_increment,0.3,0.35,16,4999,estimated,240,0.0056,0.010937516000796055,0.14608295934207755,False,False
mbe3-pgdl-transfer-confirmation-v2,B2_training_loss,interaction_increment,0.3,0.35,17,4999,estimated,240,0.0002,0.017689843212051058,0.24333664076372863,True,True
mbe3-pgdl-transfer-confirmation-v2,B2_training_loss,interaction_increment,0.3,0.35,18,4999,estimated,240,0.0006,0.016137104942152054,0.1930307544155888,True,True
mbe3-pgdl-transfer-confirmation-v2,B2_training_loss,interaction_increment,0.3,0.35,19,4999,estimated,240,0.0028,0.0159481080512076,0.20010800468624054,False,False
mbe3-pgdl-transfer-confirmation-v2,B2_training_loss,interaction_increment,0.3,0.35,20,4999,estimated,240,0.0006,0.021928614337992678,0.2663538910225266,True,True
mbe3-pgdl-transfer-confirmation-v2,B2_training_loss,interaction_increment,0.3,0.35,21,4999,estimated,240,0.0004,0.017933421797744754,0.24613332279027977,True,True
mbe3-pgdl-transfer-confirmation-v2,B2_training_loss,interaction_increment,0.3,0.35,22,4999,estimated,240,0.0016,0.014956299883871926,0.21277123475568313,False,False
mbe3-pgdl-transfer-confirmation-v2,B2_training_loss,interaction_increment,0.3,0.35,23,4999,estimated,240,0.0002,0.016150269099230584,0.2262857171688264,True,True
mbe3-pgdl-transfer-confirmation-v2,B2_training_loss,interaction_increment,0.3,0.35,24,4999,estimated,240,0.031,0.00911084728037106,0.12528847352044636,False,False
mbe3-pgdl-transfer-confirmation-v2,B2_training_loss,interaction_increment,0.3,0.35,25,4999,estimated,240,0.0232,0.01210657709656085,0.14298193832868647,False,False
mbe3-pgdl-transfer-confirmation-v2,B2_training_loss,interaction_increment,0.3,0.35,26,4999,estimated,240,0.0002,0.02337940932514526,0.2798212004416593,True,True
mbe3-pgdl-transfer-confirmation-v2,B2_training_loss,interaction_increment,0.3,0.35,27,4999,estimated,240,0.0472,0.009955984825775265,0.13796005798538838,False,False
mbe3-pgdl-transfer-confirmation-v2,B2_training_loss,interaction_increment,0.3,0.35,28,4999,estimated,240,0.1012,0.007521857784652197,0.08509001147274244,False,False
mbe3-pgdl-transfer-confirmation-v2,B2_training_loss,interaction_increment,0.3,0.35,29,4999,estimated,240,0.0974,0.008809778141957512,0.11180722931071117,False,False
mbe3-pgdl-transfer-confirmation-v2,B2_training_loss,interaction_increment,0.3,0.35,30,4999,estimated,240,0.0018,0.014902756315253845,0.19189663159709602,False,False
mbe3-pgdl-transfer-confirmation-v2,B2_training_loss,interaction_increment,0.3,0.35,31,4999,estimated,240,0.4554,0.0032880680952296596,0.04384317511859578,False,False
mbe3-pgdl-transfer-confirmation-v2,B2_training_loss,interaction_increment,0.3,0.35,32,4999,estimated,240,0.0002,0.016259838295274665,0.23228873321600657,True,True
mbe3-pgdl-transfer-confirmation-v2,B2_training_loss,interaction_increment,0.3,0.35,33,4999,estimated,240,0.011,0.011277379042056416,0.15036446986875496,False,False
mbe3-pgdl-transfer-confirmation-v2,B2_training_loss,interaction_increment,0.3,0.35,34,4999,estimated,240,0.022,0.01348004660570489,0.15697942223119715,False,False
mbe3-pgdl-transfer-confirmation-v2,B2_training_loss,interaction_increment,0.3,0.35,35,4999,estimated,240,0.0548,0.00933150245390718,0.11655073745809522,False,False
mbe3-pgdl-transfer-confirmation-v2,B2_training_loss,interaction_increment,0.3,0.35,36,4999,estimated,240,0.006,0.011985517493009254,0.15212429808434763,False,False
mbe3-pgdl-transfer-confirmation-v2,B2_training_loss,interaction_increment,0.3,0.35,37,4999,estimated,240,0.0258,0.00963571418073494,0.12997545683641099,False,False
mbe3-pgdl-transfer-confirmation-v2,B2_training_loss,interaction_increment,0.3,0.35,38,4999,estimated,240,0.004,0.013344839010625985,0.17183515313953066,False,False
mbe3-pgdl-transfer-confirmation-v2,B2_training_loss,interaction_increment,0.3,0.35,39,4999,estimated,240,0.0606,0.00905648953943869,0.11888641497093425,False,False
mbe3-pgdl-transfer-confirmation-v2,B2_training_loss,interaction_increment,0.3,0.35,40,4999,estimated,240,0.0198,0.011517960539737793,0.15526236179569206,False,False
mbe3-pgdl-transfer-confirmation-v2,B2_training_loss,interaction_increment,0.3,0.35,41,4999,estimated,240,0.026,0.007932403379151173,0.15061900048066917,False,False
mbe3-pgdl-transfer-confirmation-v2,B2_training_loss,interaction_increment,0.3,0.35,42,4999,estimated,240,0.0002,0.024775296799003556,0.35207615676253995,True,True
mbe3-pgdl-transfer-confirmation-v2,B2_training_loss,interaction_increment,0.3,0.35,43,4999,estimated,240,0.001,0.01680666357244946,0.2335312665527392,True,True
mbe3-pgdl-transfer-confirmation-v2,B2_training_loss,interaction_increment,0.3,0.35,44,4999,estimated,240,0.0014,0.015027553798313184,0.2275444042980762,False,False
mbe3-pgdl-transfer-confirmation-v2,B2_training_loss,interaction_increment,0.3,0.35,45,4999,estimated,240,0.0454,0.009463398372630116,0.15117227860361784,False,False
mbe3-pgdl-transfer-confirmation-v2,B2_training_loss,interaction_increment,0.3,0.35,46,4999,estimated,240,0.5456,0.002748385868384469,0.04002379746447529,False,False
mbe3-pgdl-transfer-confirmation-v2,B2_training_loss,interaction_increment,0.3,0.35,47,4999,estimated,240,0.025,0.01068611598180342,0.13212046585099996,False,False
mbe3-pgdl-transfer-confirmation-v2,B2_training_loss,interaction_increment,0.3,0.35,48,4999,estimated,240,0.2232,0.005647368520490779,0.07774710978287461,False,False
mbe3-pgdl-transfer-confirmation-v2,B2_training_loss,interaction_increment,0.3,0.35,49,4999,estimated,240,0.005,0.013816171018917021,0.20166910215504305,False,False
mbe3-pgdl-transfer-confirmation-v2,B2_training_loss,interaction_increment,0.3,0.35,50,4999,estimated,240,0.7814,0.0015244417917522689,0.01659585398263548,False,False
mbe3-pgdl-transfer-confirmation-v2,B2_training_loss,interaction_increment,0.3,0.35,51,4999,estimated,240,0.9008,-0.0006350007856300466,-0.0080031029650019,False,False
mbe3-pgdl-transfer-confirmation-v2,B2_training_loss,interaction_increment,0.3,0.35,52,4999,estimated,240,0.006,0.013897109890939181,0.17895316037871487,False,False
mbe3-pgdl-transfer-confirmation-v2,B2_training_loss,interaction_increment,0.3,0.35,53,4999,estimated,240,0.0308,0.009855991218570356,0.13036538221492255,False,False
mbe3-pgdl-transfer-confirmation-v2,B2_training_loss,interaction_increment,0.3,0.35,54,4999,estimated,240,0.286,0.005088986379538579,0.06503063540292243,False,False
mbe3-pgdl-transfer-confirmation-v2,B2_training_loss,interaction_increment,0.3,0.35,55,4999,estimated,240,0.3684,0.0040147755286626206,0.060331858144662555,False,False
mbe3-pgdl-transfer-confirmation-v2,B2_training_loss,interaction_increment,0.3,0.35,56,4999,estimated,240,0.1458,0.0067655098904694875,0.09964996693153436,False,False
mbe3-pgdl-transfer-confirmation-v2,B2_training_loss,interaction_increment,0.3,0.35,57,4999,estimated,240,0.6508,0.0018333736280679576,0.027024250989369804,False,False
mbe3-pgdl-transfer-confirmation-v2,B2_training_loss,interaction_increment,0.3,0.35,58,4999,estimated,240,0.0002,0.01614326040160513,0.2360718340494534,True,True
mbe3-pgdl-transfer-confirmation-v2,B2_training_loss,interaction_increment,0.3,0.35,59,4999,estimated,240,0.0736,0.00808547244708208,0.10193331648774366,False,False
mbe3-pgdl-transfer-confirmation-v2,B2_training_loss,interaction_increment,0.3,0.35,60,4999,estimated,240,0.0002,0.023412170191801484,0.3204745560876074,True,True
mbe3-pgdl-transfer-confirmation-v2,B2_training_loss,interaction_increment,0.3,0.35,61,4999,estimated,240,0.022,0.010897460067463676,0.14940792953975873,False,False
mbe3-pgdl-transfer-confirmation-v2,B2_training_loss,interaction_increment,0.3,0.35,62,4999,estimated,240,0.0826,0.008540887673380322,0.09961304353878947,False,False
mbe3-pgdl-transfer-confirmation-v2,B2_training_loss,interaction_increment,0.3,0.35,63,4999,estimated,240,0.0026,0.013690916417056102,0.1947958825621703,False,False
mbe3-pgdl-transfer-confirmation-v2,B2_training_loss,interaction_increment,0.3,0.35,64,4999,estimated,240,0.0194,0.010273836340300204,0.1383012028692779,False,False
mbe3-pgdl-transfer-confirmation-v2,B2_training_loss,interaction_increment,0.3,0.35,65,4999,estimated,240,0.0082,0.011593987873994164,0.16967921673066602,False,False
mbe3-pgdl-transfer-confirmation-v2,B2_training_loss,interaction_increment,0.3,0.35,66,4999,estimated,240,0.0006,0.01975435193262747,0.23010944171316364,True,True
mbe3-pgdl-transfer-confirmation-v2,B2_training_loss,interaction_increment,0.3,0.35,67,4999,estimated,240,0.0834,0.007673389618211599,0.09607032712952362,False,False
mbe3-pgdl-transfer-confirmation-v2,B2_training_loss,interaction_increment,0.3,0.35,68,4999,estimated,240,0.0142,0.011280193366503407,0.15940059127466089,False,False
mbe3-pgdl-transfer-confirmation-v2,B2_training_loss,interaction_increment,0.3,0.35,69,4999,estimated,240,0.0046,0.013893427819025262,0.1691453773374008,False,False
mbe3-pgdl-transfer-confirmation-v2,B2_training_loss,interaction_increment,0.3,0.35,70,4999,estimated,240,0.0004,0.01734505332123116,0.22958237723089947,True,True
mbe3-pgdl-transfer-confirmation-v2,B2_training_loss,interaction_increment,0.3,0.35,71,4999,estimated,240,0.023,0.010838180832238042,0.14354238004659833,False,False
mbe3-pgdl-transfer-confirmation-v2,B2_training_loss,interaction_increment,0.3,0.35,72,4999,estimated,240,0.0026,0.012380028444493296,0.18565641649995093,False,False
mbe3-pgdl-transfer-confirmation-v2,B2_training_loss,interaction_increment,0.3,0.35,73,4999,estimated,240,0.0146,0.012359353399372467,0.18515152105377225,False,False
mbe3-pgdl-transfer-confirmation-v2,B2_training_loss,interaction_increment,0.3,0.35,74,4999,estimated,240,0.0206,0.010227958084785764,0.14371284026513118,False,False
mbe3-pgdl-transfer-confirmation-v2,B2_training_loss,interaction_increment,0.3,0.35,75,4999,estimated,240,0.1272,0.007422215274493882,0.09730859288006634,False,False
mbe3-pgdl-transfer-confirmation-v2,B2_training_loss,interaction_increment,0.3,0.35,76,4999,estimated,240,0.5202,0.0026797513498148934,0.035973025622188654,False,False
mbe3-pgdl-transfer-confirmation-v2,B2_training_loss,interaction_increment,0.3,0.35,77,4999,estimated,240,0.0004,0.018819007896302378,0.23350434708985726,True,True
mbe3-pgdl-transfer-confirmation-v2,B2_training_loss,interaction_increment,0.3,0.35,78,4999,estimated,240,0.0004,0.019769542854357672,0.31174754783439707,True,True
mbe3-pgdl-transfer-confirmation-v2,B2_training_loss,interaction_increment,0.3,0.35,79,4999,estimated,240,0.0032,0.015106151269399733,0.19995400203910432,False,False
mbe3-pgdl-transfer-confirmation-v2,B2_training_loss,interaction_increment,0.3,0.35,80,4999,estimated,240,0.114,0.006497272961401471,0.08562608057391367,False,False
mbe3-pgdl-transfer-confirmation-v2,B2_training_loss,interaction_increment,0.3,0.35,81,4999,estimated,240,0.0024,0.014242481765279497,0.18536255733987367,False,False
mbe3-pgdl-transfer-confirmation-v2,B2_training_loss,interaction_increment,0.3,0.35,82,4999,estimated,240,0.001,0.015833928875297852,0.20608545349068338,True,True
mbe3-pgdl-transfer-confirmation-v2,B2_training_loss,interaction_increment,0.3,0.35,83,4999,estimated,240,0.0006,0.01894725626059702,0.2560395151929069,True,True
mbe3-pgdl-transfer-confirmation-v2,B2_training_loss,interaction_increment,0.3,0.35,84,4999,estimated,240,0.0012,0.016134378625794005,0.21598966131641706,False,False
mbe3-pgdl-transfer-confirmation-v2,B2_training_loss,interaction_increment,0.3,0.35,85,4999,estimated,240,0.0078,0.011843883439085906,0.16741572793219725,False,False
mbe3-pgdl-transfer-confirmation-v2,B2_training_loss,interaction_increment,0.3,0.35,86,4999,estimated,240,0.0014,0.01567354666902578,0.212883786960668,False,False
mbe3-pgdl-transfer-confirmation-v2,B2_training_loss,interaction_increment,0.3,0.35,87,4999,estimated,240,0.0072,0.012182244962480255,0.16222224039457972,False,False
mbe3-pgdl-transfer-confirmation-v2,B2_training_loss,interaction_increment,0.3,0.35,88,4999,estimated,240,0.0852,0.00711891776167083,0.10026958836566902,False,False
mbe3-pgdl-transfer-confirmation-v2,B2_training_loss,interaction_increment,0.3,0.35,89,4999,estimated,240,0.0064,0.015262621986072368,0.15905986728488952,False,False
mbe3-pgdl-transfer-confirmation-v2,B2_training_loss,interaction_increment,0.3,0.35,90,4999,estimated,240,0.0002,0.02276339671450785,0.28513223205274046,True,True
mbe3-pgdl-transfer-confirmation-v2,B2_training_loss,interaction_increment,0.3,0.35,91,4999,estimated,240,0.0102,0.01129605084236253,0.1488407389967385,False,False
mbe3-pgdl-transfer-confirmation-v2,B2_training_loss,interaction_increment,0.3,0.35,92,4999,estimated,240,0.0002,0.022299741533560416,0.32101839786466513,True,True
mbe3-pgdl-transfer-confirmation-v2,B2_training_loss,interaction_increment,0.3,0.35,93,4999,estimated,240,0.4232,0.0037901319129740305,0.050363895081920955,False,False
mbe3-pgdl-transfer-confirmation-v2,B2_training_loss,interaction_increment,0.3,0.35,94,4999,estimated,240,0.003,0.014834136019197242,0.19995663686739704,False,False
mbe3-pgdl-transfer-confirmation-v2,B2_training_loss,interaction_increment,0.3,0.35,95,4999,estimated,240,0.004,0.017032445056806195,0.18930308403456672,False,False
mbe3-pgdl-transfer-confirmation-v2,B2_training_loss,interaction_increment,0.3,0.35,96,4999,estimated,240,0.0532,0.009755460036300864,0.12941897034231653,False,False
mbe3-pgdl-transfer-confirmation-v2,B2_training_loss,interaction_increment,0.3,0.35,97,4999,estimated,240,0.0056,0.012784823464352706,0.16428951800327274,False,False
mbe3-pgdl-transfer-confirmation-v2,B2_training_loss,interaction_increment,0.3,0.35,98,4999,estimated,240,0.003,0.015148322387754647,0.21297765527786655,False,False
mbe3-pgdl-transfer-confirmation-v2,B2_training_loss,interaction_increment,0.3,0.35,99,4999,estimated,240,0.0006,0.01970726995082881,0.2461065887579084,True,True
mbe3-pgdl-transfer-confirmation-v2,B2_training_loss,interaction_increment,0.3,0.5,0,4999,estimated,240,0.0008,0.01431414634181164,0.2224346122059559,True,True
mbe3-pgdl-transfer-confirmation-v2,B2_training_loss,interaction_increment,0.3,0.5,1,4999,estimated,240,0.015,0.011897075172683843,0.16033557070354193,False,False
mbe3-pgdl-transfer-confirmation-v2,B2_training_loss,interaction_increment,0.3,0.5,2,4999,estimated,240,0.0008,0.01659133183070615,0.19976534348633682,True,True
mbe3-pgdl-transfer-confirmation-v2,B2_training_loss,interaction_increment,0.3,0.5,3,4999,estimated,240,0.0002,0.02763757417944054,0.39539937389601704,True,True
mbe3-pgdl-transfer-confirmation-v2,B2_training_loss,interaction_increment,0.3,0.5,4,4999,estimated,240,0.0348,0.009645327682273911,0.14707116098330883,False,False
mbe3-pgdl-transfer-confirmation-v2,B2_training_loss,interaction_increment,0.3,0.5,5,4999,estimated,240,0.0016,0.01672173270257188,0.23157428117699574,False,False
mbe3-pgdl-transfer-confirmation-v2,B2_training_loss,interaction_increment,0.3,0.5,6,4999,estimated,240,0.0002,0.019776228687853312,0.29470479204756594,True,True
mbe3-pgdl-transfer-confirmation-v2,B2_training_loss,interaction_increment,0.3,0.5,7,4999,estimated,240,0.0002,0.02101535762849054,0.24061701662607946,True,True
mbe3-pgdl-transfer-confirmation-v2,B2_training_loss,interaction_increment,0.3,0.5,8,4999,estimated,240,0.0002,0.025734622585633415,0.3618962310720551,True,True
mbe3-pgdl-transfer-confirmation-v2,B2_training_loss,interaction_increment,0.3,0.5,9,4999,estimated,240,0.0002,0.03238220787353564,0.3522979369492059,True,True
mbe3-pgdl-transfer-confirmation-v2,B2_training_loss,interaction_increment,0.3,0.5,10,4999,estimated,240,0.2618,0.004894953151112626,0.06782473803908859,False,False
mbe3-pgdl-transfer-confirmation-v2,B2_training_loss,interaction_increment,0.3,0.5,11,4999,estimated,240,0.0054,0.012545433165011785,0.1771379481598354,False,False
mbe3-pgdl-transfer-confirmation-v2,B2_training_loss,interaction_increment,0.3,0.5,12,4999,estimated,240,0.0006,0.016593765422364837,0.21735207889220728,True,True
mbe3-pgdl-transfer-confirmation-v2,B2_training_loss,interaction_increment,0.3,0.5,13,4999,estimated,240,0.0066,0.012561935107803133,0.19921550109449923,False,False
mbe3-pgdl-transfer-confirmation-v2,B2_training_loss,interaction_increment,0.3,0.5,14,4999,estimated,240,0.0002,0.0191567542781618,0.2699350133352562,True,True
mbe3-pgdl-transfer-confirmation-v2,B2_training_loss,interaction_increment,0.3,0.5,15,4999,estimated,240,0.0002,0.020290205898812703,0.29149973148939207,True,True
mbe3-pgdl-transfer-confirmation-v2,B2_training_loss,interaction_increment,0.3,0.5,16,4999,estimated,240,0.0002,0.021622751188774936,0.28663438663629154,True,True
mbe3-pgdl-transfer-confirmation-v2,B2_training_loss,interaction_increment,0.3,0.5,17,4999,estimated,240,0.0002,0.01949748377012288,0.2590600252510561,True,True
mbe3-pgdl-transfer-confirmation-v2,B2_training_loss,interaction_increment,0.3,0.5,18,4999,estimated,240,0.0002,0.018657937890514485,0.2700976520103295,True,True
mbe3-pgdl-transfer-confirmation-v2,B2_training_loss,interaction_increment,0.3,0.5,19,4999,estimated,240,0.0228,0.011022690942370324,0.15605470519259385,False,False
mbe3-pgdl-transfer-confirmation-v2,B2_training_loss,interaction_increment,0.3,0.5,20,4999,estimated,240,0.0004,0.01887151000352986,0.22869306819686097,True,True
mbe3-pgdl-transfer-confirmation-v2,B2_training_loss,interaction_increment,0.3,0.5,21,4999,estimated,240,0.0002,0.018562869903073653,0.26076382108704527,True,True
mbe3-pgdl-transfer-confirmation-v2,B2_training_loss,interaction_increment,0.3,0.5,22,4999,estimated,240,0.0018,0.013748175719368757,0.1704278332818074,False,False
mbe3-pgdl-transfer-confirmation-v2,B2_training_loss,interaction_increment,0.3,0.5,23,4999,estimated,240,0.0138,0.012111270567963395,0.16432651472410603,False,False
mbe3-pgdl-transfer-confirmation-v2,B2_training_loss,interaction_increment,0.3,0.5,24,4999,estimated,240,0.0026,0.013890681147186532,0.18867167651202513,False,False
mbe3-pgdl-transfer-confirmation-v2,B2_training_loss,interaction_increment,0.3,0.5,25,4999,estimated,240,0.0004,0.017810553063226178,0.26051543696172164,True,True
mbe3-pgdl-transfer-confirmation-v2,B2_training_loss,interaction_increment,0.3,0.5,26,4999,estimated,240,0.0002,0.02323345398535771,0.32723842322461794,True,True
mbe3-pgdl-transfer-confirmation-v2,B2_training_loss,interaction_increment,0.3,0.5,27,4999,estimated,240,0.001,0.016817708534401937,0.21122918452386624,True,True
mbe3-pgdl-transfer-confirmation-v2,B2_training_loss,interaction_increment,0.3,0.5,28,4999,estimated,240,0.5922,0.0025904089714133436,0.0324210549246091,False,False
mbe3-pgdl-transfer-confirmation-v2,B2_training_loss,interaction_increment,0.3,0.5,29,4999,estimated,240,0.0418,0.007625064159321659,0.11069358747518067,False,False
mbe3-pgdl-transfer-confirmation-v2,B2_training_loss,interaction_increment,0.3,0.5,30,4999,estimated,240,0.0016,0.01603248224286915,0.2059106472937417,False,False
mbe3-pgdl-transfer-confirmation-v2,B2_training_loss,interaction_increment,0.3,0.5,31,4999,estimated,240,0.0002,0.022278770346734963,0.31935760921513284,True,True
mbe3-pgdl-transfer-confirmation-v2,B2_training_loss,interaction_increment,0.3,0.5,32,4999,estimated,240,0.0002,0.02119690569610367,0.28948414936901234,True,True
mbe3-pgdl-transfer-confirmation-v2,B2_training_loss,interaction_increment,0.3,0.5,33,4999,estimated,240,0.0064,0.013747130683154711,0.18310578333890468,False,False
mbe3-pgdl-transfer-confirmation-v2,B2_training_loss,interaction_increment,0.3,0.5,34,4999,estimated,240,0.0002,0.022021983973593773,0.2804105406334946,True,True
mbe3-pgdl-transfer-confirmation-v2,B2_training_loss,interaction_increment,0.3,0.5,35,4999,estimated,240,0.0004,0.016849352179476695,0.24447653227982113,True,True
mbe3-pgdl-transfer-confirmation-v2,B2_training_loss,interaction_increment,0.3,0.5,36,4999,estimated,240,0.0002,0.024228318136202142,0.30670943955408725,True,True
mbe3-pgdl-transfer-confirmation-v2,B2_training_loss,interaction_increment,0.3,0.5,37,4999,estimated,240,0.003,0.015632111626450045,0.18398991732456488,False,False
mbe3-pgdl-transfer-confirmation-v2,B2_training_loss,interaction_increment,0.3,0.5,38,4999,estimated,240,0.0832,0.008267770012886078,0.11034239530382818,False,False
mbe3-pgdl-transfer-confirmation-v2,B2_training_loss,interaction_increment,0.3,0.5,39,4999,estimated,240,0.0002,0.029033368580962348,0.32606938644958816,True,True
mbe3-pgdl-transfer-confirmation-v2,B2_training_loss,interaction_increment,0.3,0.5,40,4999,estimated,240,0.0002,0.019892801608919927,0.2637820959622119,True,True
mbe3-pgdl-transfer-confirmation-v2,B2_training_loss,interaction_increment,0.3,0.5,41,4999,estimated,240,0.0002,0.029068683515208058,0.36236297034773346,True,True
mbe3-pgdl-transfer-confirmation-v2,B2_training_loss,interaction_increment,0.3,0.5,42,4999,estimated,240,0.0006,0.01664376142024789,0.2198839196136076,True,True
mbe3-pgdl-transfer-confirmation-v2,B2_training_loss,interaction_increment,0.3,0.5,43,4999,estimated,240,0.0002,0.02058617187741825,0.2815304226867305,True,True
mbe3-pgdl-transfer-confirmation-v2,B2_training_loss,interaction_increment,0.3,0.5,44,4999,estimated,240,0.0002,0.019323709106939004,0.2766118866061488,True,True
mbe3-pgdl-transfer-confirmation-v2,B2_training_loss,interaction_increment,0.3,0.5,45,4999,estimated,240,0.0044,0.014926523826890081,0.1947319743948993,False,False
mbe3-pgdl-transfer-confirmation-v2,B2_training_loss,interaction_increment,0.3,0.5,46,4999,estimated,240,0.0002,0.01894002843258845,0.2770758255318585,True,True
mbe3-pgdl-transfer-confirmation-v2,B2_training_loss,interaction_increment,0.3,0.5,47,4999,estimated,240,0.001,0.015327857499542515,0.21092297148297015,True,True
mbe3-pgdl-transfer-confirmation-v2,B2_training_loss,interaction_increment,0.3,0.5,48,4999,estimated,240,0.0002,0.020373293156746082,0.274459440461134,True,True
mbe3-pgdl-transfer-confirmation-v2,B2_training_loss,interaction_increment,0.3,0.5,49,4999,estimated,240,0.0206,0.011681305816109584,0.16150857561273577,False,False
mbe3-pgdl-transfer-confirmation-v2,B2_training_loss,interaction_increment,0.3,0.5,50,4999,estimated,240,0.0002,0.023248021709249875,0.3023429221581268,True,True
mbe3-pgdl-transfer-confirmation-v2,B2_training_loss,interaction_increment,0.3,0.5,51,4999,estimated,240,0.0022,0.01362234342383489,0.19533253679355592,False,False
mbe3-pgdl-transfer-confirmation-v2,B2_training_loss,interaction_increment,0.3,0.5,52,4999,estimated,240,0.0004,0.018739005845951857,0.27391089236410826,True,True
mbe3-pgdl-transfer-confirmation-v2,B2_training_loss,interaction_increment,0.3,0.5,53,4999,estimated,240,0.0022,0.014587682637675198,0.21410641767200644,False,False
mbe3-pgdl-transfer-confirmation-v2,B2_training_loss,interaction_increment,0.3,0.5,54,4999,estimated,240,0.0018,0.01675486051002913,0.23218356323921951,False,False
mbe3-pgdl-transfer-confirmation-v2,B2_training_loss,interaction_increment,0.3,0.5,55,4999,estimated,240,0.0092,0.011040183106321662,0.16777159986911908,False,False
mbe3-pgdl-transfer-confirmation-v2,B2_training_loss,interaction_increment,0.3,0.5,56,4999,estimated,240,0.0002,0.02102898337980643,0.3161527396309997,True,True
mbe3-pgdl-transfer-confirmation-v2,B2_training_loss,interaction_increment,0.3,0.5,57,4999,estimated,240,0.0004,0.015229522196020206,0.20779922245013566,True,True
mbe3-pgdl-transfer-confirmation-v2,B2_training_loss,interaction_increment,0.3,0.5,58,4999,estimated,240,0.0002,0.019118680345749404,0.2627656273982448,True,True
mbe3-pgdl-transfer-confirmation-v2,B2_training_loss,interaction_increment,0.3,0.5,59,4999,estimated,240,0.0002,0.017612144143679873,0.28187755585104446,True,True
mbe3-pgdl-transfer-confirmation-v2,B2_training_loss,interaction_increment,0.3,0.5,60,4999,estimated,240,0.0014,0.016396619171064386,0.23251538760450044,False,False
mbe3-pgdl-transfer-confirmation-v2,B2_training_loss,interaction_increment,0.3,0.5,61,4999,estimated,240,0.001,0.016190956389970763,0.2363963704992037,True,True
mbe3-pgdl-transfer-confirmation-v2,B2_training_loss,interaction_increment,0.3,0.5,62,4999,estimated,240,0.0002,0.020039333139822212,0.2452267853199765,True,True
mbe3-pgdl-transfer-confirmation-v2,B2_training_loss,interaction_increment,0.3,0.5,63,4999,estimated,240,0.0004,0.019607478546171526,0.24074535083870713,True,True
mbe3-pgdl-transfer-confirmation-v2,B2_training_loss,interaction_increment,0.3,0.5,64,4999,estimated,240,0.007,0.014290295955964706,0.18979499877710831,False,False
mbe3-pgdl-transfer-confirmation-v2,B2_training_loss,interaction_increment,0.3,0.5,65,4999,estimated,240,0.0022,0.015128115600622846,0.1915815692451761,False,False
mbe3-pgdl-transfer-confirmation-v2,B2_training_loss,interaction_increment,0.3,0.5,66,4999,estimated,240,0.0002,0.01805016126224905,0.22269256738524107,True,True
mbe3-pgdl-transfer-confirmation-v2,B2_training_loss,interaction_increment,0.3,0.5,67,4999,estimated,240,0.0226,0.01058544562356552,0.1564366190669847,False,False
mbe3-pgdl-transfer-confirmation-v2,B2_training_loss,interaction_increment,0.3,0.5,68,4999,estimated,240,0.0118,0.01140202803173094,0.16502873574635427,False,False
mbe3-pgdl-transfer-confirmation-v2,B2_training_loss,interaction_increment,0.3,0.5,69,4999,estimated,240,0.0002,0.026214870671558484,0.3401156875330431,True,True
mbe3-pgdl-transfer-confirmation-v2,B2_training_loss,interaction_increment,0.3,0.5,70,4999,estimated,240,0.0002,0.01727692805580692,0.20498770733639846,True,True
mbe3-pgdl-transfer-confirmation-v2,B2_training_loss,interaction_increment,0.3,0.5,71,4999,estimated,240,0.0002,0.020553862208605216,0.25206760816852564,True,True
mbe3-pgdl-transfer-confirmation-v2,B2_training_loss,interaction_increment,0.3,0.5,72,4999,estimated,240,0.0002,0.022447295397583198,0.3109135297264304,True,True
mbe3-pgdl-transfer-confirmation-v2,B2_training_loss,interaction_increment,0.3,0.5,73,4999,estimated,240,0.0006,0.019780214604017844,0.26552611000970544,True,True
mbe3-pgdl-transfer-confirmation-v2,B2_training_loss,interaction_increment,0.3,0.5,74,4999,estimated,240,0.0012,0.017480824329697466,0.2376543561371085,False,False
mbe3-pgdl-transfer-confirmation-v2,B2_training_loss,interaction_increment,0.3,0.5,75,4999,estimated,240,0.0002,0.01979503084811919,0.26604618019066084,True,True
mbe3-pgdl-transfer-confirmation-v2,B2_training_loss,interaction_increment,0.3,0.5,76,4999,estimated,240,0.0002,0.024573717753336135,0.32098902610582647,True,True
mbe3-pgdl-transfer-confirmation-v2,B2_training_loss,interaction_increment,0.3,0.5,77,4999,estimated,240,0.0546,0.008690221940622297,0.14226733832131422,False,False
mbe3-pgdl-transfer-confirmation-v2,B2_training_loss,interaction_increment,0.3,0.5,78,4999,estimated,240,0.0002,0.023658789186880233,0.347301960200799,True,True
mbe3-pgdl-transfer-confirmation-v2,B2_training_loss,interaction_increment,0.3,0.5,79,4999,estimated,240,0.0002,0.017919739323369068,0.2516107594435751,True,True
mbe3-pgdl-transfer-confirmation-v2,B2_training_loss,interaction_increment,0.3,0.5,80,4999,estimated,240,0.0002,0.017810577947481067,0.28203805555970834,True,True
mbe3-pgdl-transfer-confirmation-v2,B2_training_loss,interaction_increment,0.3,0.5,81,4999,estimated,240,0.0002,0.023726549996153208,0.27667899099344767,True,True
mbe3-pgdl-transfer-confirmation-v2,B2_training_loss,interaction_increment,0.3,0.5,82,4999,estimated,240,0.0014,0.018060467631214765,0.23545537302317104,False,False
mbe3-pgdl-transfer-confirmation-v2,B2_training_loss,interaction_increment,0.3,0.5,83,4999,estimated,240,0.0002,0.022819712329057055,0.3204212632549027,True,True
mbe3-pgdl-transfer-confirmation-v2,B2_training_loss,interaction_increment,0.3,0.5,84,4999,estimated,240,0.0002,0.026273754380479686,0.3638281774712806,True,True
mbe3-pgdl-transfer-confirmation-v2,B2_training_loss,interaction_increment,0.3,0.5,85,4999,estimated,240,0.0168,0.011720893554750053,0.1412195876393769,False,False
mbe3-pgdl-transfer-confirmation-v2,B2_training_loss,interaction_increment,0.3,0.5,86,4999,estimated,240,0.0006,0.015814951433447008,0.19382757742468465,True,True
mbe3-pgdl-transfer-confirmation-v2,B2_training_loss,interaction_increment,0.3,0.5,87,4999,estimated,240,0.0052,0.015449087832061082,0.1966401524551441,False,False
mbe3-pgdl-transfer-confirmation-v2,B2_training_loss,interaction_increment,0.3,0.5,88,4999,estimated,240,0.0002,0.017608841904480907,0.2616825311840544,True,True
mbe3-pgdl-transfer-confirmation-v2,B2_training_loss,interaction_increment,0.3,0.5,89,4999,estimated,240,0.0002,0.017229024875670254,0.2564574565017911,True,True
mbe3-pgdl-transfer-confirmation-v2,B2_training_loss,interaction_increment,0.3,0.5,90,4999,estimated,240,0.0024,0.014345242150006036,0.20142183160925253,False,False
mbe3-pgdl-transfer-confirmation-v2,B2_training_loss,interaction_increment,0.3,0.5,91,4999,estimated,240,0.0002,0.024899585686697114,0.34971479712181236,True,True
mbe3-pgdl-transfer-confirmation-v2,B2_training_loss,interaction_increment,0.3,0.5,92,4999,estimated,240,0.0026,0.014954736611670459,0.20578919913002477,False,False
mbe3-pgdl-transfer-confirmation-v2,B2_training_loss,interaction_increment,0.3,0.5,93,4999,estimated,240,0.0008,0.018822535743086084,0.22765091741807975,True,True
mbe3-pgdl-transfer-confirmation-v2,B2_training_loss,interaction_increment,0.3,0.5,94,4999,estimated,240,0.0002,0.024887216415010505,0.30227512477088037,True,True
mbe3-pgdl-transfer-confirmation-v2,B2_training_loss,interaction_increment,0.3,0.5,95,4999,estimated,240,0.0002,0.022288458185975215,0.3019205255869574,True,True
mbe3-pgdl-transfer-confirmation-v2,B2_training_loss,interaction_increment,0.3,0.5,96,4999,estimated,240,0.0002,0.017720704689777964,0.2861690601179367,True,True
mbe3-pgdl-transfer-confirmation-v2,B2_training_loss,interaction_increment,0.3,0.5,97,4999,estimated,240,0.0002,0.028276825330317057,0.4002269391050172,True,True
mbe3-pgdl-transfer-confirmation-v2,B2_training_loss,interaction_increment,0.3,0.5,98,4999,estimated,240,0.0002,0.023998048331051104,0.3238248575432451,True,True
mbe3-pgdl-transfer-confirmation-v2,B2_training_loss,interaction_increment,0.3,0.5,99,4999,estimated,240,0.0002,0.023608537420089667,0.34471109277093503,True,True
mbe3-pgdl-transfer-confirmation-v2,B2_training_loss,interaction_increment,0.8,0.2,0,4999,estimated,240,0.0006,0.018575120690186298,0.27140463103457396,True,True
mbe3-pgdl-transfer-confirmation-v2,B2_training_loss,interaction_increment,0.8,0.2,1,4999,estimated,240,0.0002,0.0176205125983287,0.2659255464847678,True,True
mbe3-pgdl-transfer-confirmation-v2,B2_training_loss,interaction_increment,0.8,0.2,2,4999,estimated,240,0.014,0.010364764611278478,0.1590272267978546,False,False
mbe3-pgdl-transfer-confirmation-v2,B2_training_loss,interaction_increment,0.8,0.2,3,4999,estimated,240,0.012,0.010428713290846247,0.1511601479829926,False,False
mbe3-pgdl-transfer-confirmation-v2,B2_training_loss,interaction_increment,0.8,0.2,4,4999,estimated,240,0.0624,0.008560358867453035,0.11865703720849388,False,False
mbe3-pgdl-transfer-confirmation-v2,B2_training_loss,interaction_increment,0.8,0.2,5,4999,estimated,240,0.0002,0.020353541930463702,0.24991046278908374,True,True
mbe3-pgdl-transfer-confirmation-v2,B2_training_loss,interaction_increment,0.8,0.2,6,4999,estimated,240,0.2344,0.005172374022986411,0.08112972540521297,False,False
mbe3-pgdl-transfer-confirmation-v2,B2_training_loss,interaction_increment,0.8,0.2,7,4999,estimated,240,0.003,0.013985062937462258,0.17134822686761472,False,False
mbe3-pgdl-transfer-confirmation-v2,B2_training_loss,interaction_increment,0.8,0.2,8,4999,estimated,240,0.0002,0.020737442806879766,0.28342287443955316,True,True
mbe3-pgdl-transfer-confirmation-v2,B2_training_loss,interaction_increment,0.8,0.2,9,4999,estimated,240,0.0228,0.009764179605951249,0.14343866492457844,False,False
mbe3-pgdl-transfer-confirmation-v2,B2_training_loss,interaction_increment,0.8,0.2,10,4999,estimated,240,0.0006,0.01632323177394066,0.22624130814783674,True,True
mbe3-pgdl-transfer-confirmation-v2,B2_training_loss,interaction_increment,0.8,0.2,11,4999,estimated,240,0.0416,0.009945217590583562,0.1170430217550619,False,False
mbe3-pgdl-transfer-confirmation-v2,B2_training_loss,interaction_increment,0.8,0.2,12,4999,estimated,240,0.0002,0.023542942096568188,0.30228990443661224,True,True
mbe3-pgdl-transfer-confirmation-v2,B2_training_loss,interaction_increment,0.8,0.2,13,4999,estimated,240,0.0084,0.012361368910134245,0.16194402502493366,False,False
mbe3-pgdl-transfer-confirmation-v2,B2_training_loss,interaction_increment,0.8,0.2,14,4999,estimated,240,0.3668,0.003725599702495113,0.056622265094946965,False,False
mbe3-pgdl-transfer-confirmation-v2,B2_training_loss,interaction_increment,0.8,0.2,15,4999,estimated,240,0.0418,0.010036210723926412,0.1126946241584624,False,False
mbe3-pgdl-transfer-confirmation-v2,B2_training_loss,interaction_increment,0.8,0.2,16,4999,estimated,240,0.013,0.01059210259714578,0.15519659825691529,False,False
mbe3-pgdl-transfer-confirmation-v2,B2_training_loss,interaction_increment,0.8,0.2,17,4999,estimated,240,0.002,0.015765275354120825,0.20845644600950428,False,False
mbe3-pgdl-transfer-confirmation-v2,B2_training_loss,interaction_increment,0.8,0.2,18,4999,estimated,240,0.0018,0.014643324428742352,0.20154641083513836,False,False
mbe3-pgdl-transfer-confirmation-v2,B2_training_loss,interaction_increment,0.8,0.2,19,4999,estimated,240,0.1224,0.007722848630955635,0.1065716267619936,False,False
mbe3-pgdl-transfer-confirmation-v2,B2_training_loss,interaction_increment,0.8,0.2,20,4999,estimated,240,0.0002,0.020315295439913898,0.2916543472849019,True,True
mbe3-pgdl-transfer-confirmation-v2,B2_training_loss,interaction_increment,0.8,0.2,21,4999,estimated,240,0.0074,0.014169552081720833,0.16969031953286837,False,False
mbe3-pgdl-transfer-confirmation-v2,B2_training_loss,interaction_increment,0.8,0.2,22,4999,estimated,240,0.2046,0.005227677128348678,0.07878058417702147,False,False
mbe3-pgdl-transfer-confirmation-v2,B2_training_loss,interaction_increment,0.8,0.2,23,4999,estimated,240,0.3194,0.0041202171119506855,0.05891394810965719,False,False
mbe3-pgdl-transfer-confirmation-v2,B2_training_loss,interaction_increment,0.8,0.2,24,4999,estimated,240,0.0016,0.014266138905667643,0.20017572633178077,False,False
mbe3-pgdl-transfer-confirmation-v2,B2_training_loss,interaction_increment,0.8,0.2,25,4999,estimated,240,0.0384,0.010957928399116012,0.1344921634517775,False,False
mbe3-pgdl-transfer-confirmation-v2,B2_training_loss,interaction_increment,0.8,0.2,26,4999,estimated,240,0.0862,0.007191905935825737,0.09649699531659581,False,False
mbe3-pgdl-transfer-confirmation-v2,B2_training_loss,interaction_increment,0.8,0.2,27,4999,estimated,240,0.1896,0.006198789435930817,0.07768986428736396,False,False
mbe3-pgdl-transfer-confirmation-v2,B2_training_loss,interaction_increment,0.8,0.2,28,4999,estimated,240,0.3238,0.004863834104893139,0.06968399156321073,False,False
mbe3-pgdl-transfer-confirmation-v2,B2_training_loss,interaction_increment,0.8,0.2,29,4999,estimated,240,0.0002,0.017948760264542743,0.2812326230621902,True,True
mbe3-pgdl-transfer-confirmation-v2,B2_training_loss,interaction_increment,0.8,0.2,30,4999,estimated,240,0.001,0.013225233409152937,0.18761400542647588,True,True
mbe3-pgdl-transfer-confirmation-v2,B2_training_loss,interaction_increment,0.8,0.2,31,4999,estimated,240,0.5968,0.00243353158351499,0.031910462143844104,False,False
mbe3-pgdl-transfer-confirmation-v2,B2_training_loss,interaction_increment,0.8,0.2,32,4999,estimated,240,0.6846,0.0019988742657246613,0.026228585083207977,False,False
mbe3-pgdl-transfer-confirmation-v2,B2_training_loss,interaction_increment,0.8,0.2,33,4999,estimated,240,0.0004,0.015742915822662153,0.2560947532263793,True,True
mbe3-pgdl-transfer-confirmation-v2,B2_training_loss,interaction_increment,0.8,0.2,34,4999,estimated,240,0.0054,0.013450796110727787,0.16135793695315637,False,False
mbe3-pgdl-transfer-confirmation-v2,B2_training_loss,interaction_increment,0.8,0.2,35,4999,estimated,240,0.0018,0.014391897314390752,0.19079859757716672,False,False
mbe3-pgdl-transfer-confirmation-v2,B2_training_loss,interaction_increment,0.8,0.2,36,4999,estimated,240,0.349,0.0038149142844433465,0.05821736853861521,False,False
mbe3-pgdl-transfer-confirmation-v2,B2_training_loss,interaction_increment,0.8,0.2,37,4999,estimated,240,0.1138,0.007159776352349307,0.10492786244798209,False,False
mbe3-pgdl-transfer-confirmation-v2,B2_training_loss,interaction_increment,0.8,0.2,38,4999,estimated,240,0.622,0.002354503357052029,0.031575063799419725,False,False
mbe3-pgdl-transfer-confirmation-v2,B2_training_loss,interaction_increment,0.8,0.2,39,4999,estimated,240,0.0228,0.01104883344354169,0.14483681211315813,False,False
mbe3-pgdl-transfer-confirmation-v2,B2_training_loss,interaction_increment,0.8,0.2,40,4999,estimated,240,0.015,0.010806595460863959,0.13325526272163998,False,False
mbe3-pgdl-transfer-confirmation-v2,B2_training_loss,interaction_increment,0.8,0.2,41,4999,estimated,240,0.011,0.011379654680124803,0.15965499855665155,False,False
mbe3-pgdl-transfer-confirmation-v2,B2_training_loss,interaction_increment,0.8,0.2,42,4999,estimated,240,0.0034,0.01358961836873562,0.20111555049345042,False,False
mbe3-pgdl-transfer-confirmation-v2,B2_training_loss,interaction_increment,0.8,0.2,43,4999,estimated,240,0.0072,0.010985238616053827,0.1746318966498649,False,False
mbe3-pgdl-transfer-confirmation-v2,B2_training_loss,interaction_increment,0.8,0.2,44,4999,estimated,240,0.0004,0.01623236220457364,0.21989104210524205,True,True
mbe3-pgdl-transfer-confirmation-v2,B2_training_loss,interaction_increment,0.8,0.2,45,4999,estimated,240,0.7538,0.0014743821027987459,0.01793806286782581,False,False
mbe3-pgdl-transfer-confirmation-v2,B2_training_loss,interaction_increment,0.8,0.2,46,4999,estimated,240,0.0004,0.01914472942012953,0.2624161748336468,True,True
mbe3-pgdl-transfer-confirmation-v2,B2_training_loss,interaction_increment,0.8,0.2,47,4999,estimated,240,0.005,0.013194863422221354,0.1971021532631417,False,False
mbe3-pgdl-transfer-confirmation-v2,B2_training_loss,interaction_increment,0.8,0.2,48,4999,estimated,240,0.0002,0.02306954378171885,0.31087239819355855,True,True
mbe3-pgdl-transfer-confirmation-v2,B2_training_loss,interaction_increment,0.8,0.2,49,4999,estimated,240,0.0144,0.011567590915943058,0.1368606630086451,False,False
mbe3-pgdl-transfer-confirmation-v2,B2_training_loss,interaction_increment,0.8,0.2,50,4999,estimated,240,0.0002,0.020363094641704813,0.301797315620415,True,True
mbe3-pgdl-transfer-confirmation-v2,B2_training_loss,interaction_increment,0.8,0.2,51,4999,estimated,240,0.0042,0.015356802000232107,0.19122017664861515,False,False
mbe3-pgdl-transfer-confirmation-v2,B2_training_loss,interaction_increment,0.8,0.2,52,4999,estimated,240,0.0528,0.008382852015432337,0.11887028767886822,False,False
mbe3-pgdl-transfer-confirmation-v2,B2_training_loss,interaction_increment,0.8,0.2,53,4999,estimated,240,0.0058,0.014122096824846471,0.18559503869373078,False,False
mbe3-pgdl-transfer-confirmation-v2,B2_training_loss,interaction_increment,0.8,0.2,54,4999,estimated,240,0.0118,0.012710825615304,0.15449735177883486,False,False
mbe3-pgdl-transfer-confirmation-v2,B2_training_loss,interaction_increment,0.8,0.2,55,4999,estimated,240,0.5792,0.002647477705877657,0.03537544355732464,False,False
mbe3-pgdl-transfer-confirmation-v2,B2_training_loss,interaction_increment,0.8,0.2,56,4999,estimated,240,0.0002,0.02257670420477108,0.2902262155801733,True,True
mbe3-pgdl-transfer-confirmation-v2,B2_training_loss,interaction_increment,0.8,0.2,57,4999,estimated,240,0.121,0.007655561128650841,0.10442373987956367,False,False
mbe3-pgdl-transfer-confirmation-v2,B2_training_loss,interaction_increment,0.8,0.2,58,4999,estimated,240,0.0002,0.017515778509213095,0.21250386833109217,True,True
mbe3-pgdl-transfer-confirmation-v2,B2_training_loss,interaction_increment,0.8,0.2,59,4999,estimated,240,0.0006,0.015727024345295642,0.23443361246699693,True,True
mbe3-pgdl-transfer-confirmation-v2,B2_training_loss,interaction_increment,0.8,0.2,60,4999,estimated,240,0.0054,0.012850439146721678,0.1782657561745634,False,False
mbe3-pgdl-transfer-confirmation-v2,B2_training_loss,interaction_increment,0.8,0.2,61,4999,estimated,240,0.0014,0.014851396585122571,0.19906410022458423,False,False
mbe3-pgdl-transfer-confirmation-v2,B2_training_loss,interaction_increment,0.8,0.2,62,4999,estimated,240,0.021,0.010519675589974383,0.13812697269348617,False,False
mbe3-pgdl-transfer-confirmation-v2,B2_training_loss,interaction_increment,0.8,0.2,63,4999,estimated,240,0.0026,0.014932590119903173,0.19106187893595708,False,False
mbe3-pgdl-transfer-confirmation-v2,B2_training_loss,interaction_increment,0.8,0.2,64,4999,estimated,240,0.0002,0.018456823002374653,0.23787097406713445,True,True
mbe3-pgdl-transfer-confirmation-v2,B2_training_loss,interaction_increment,0.8,0.2,65,4999,estimated,240,0.0348,0.010152127882821046,0.1369650539186487,False,False
mbe3-pgdl-transfer-confirmation-v2,B2_training_loss,interaction_increment,0.8,0.2,66,4999,estimated,240,0.001,0.015164397926689725,0.21373164456166655,True,True
mbe3-pgdl-transfer-confirmation-v2,B2_training_loss,interaction_increment,0.8,0.2,67,4999,estimated,240,0.0042,0.011458306048148329,0.18402440333048106,False,False
mbe3-pgdl-transfer-confirmation-v2,B2_training_loss,interaction_increment,0.8,0.2,68,4999,estimated,240,0.0002,0.023361845960677585,0.3005545524276403,True,True
mbe3-pgdl-transfer-confirmation-v2,B2_training_loss,interaction_increment,0.8,0.2,69,4999,estimated,240,0.006,0.012285416304050787,0.17464455196204576,False,False
mbe3-pgdl-transfer-confirmation-v2,B2_training_loss,interaction_increment,0.8,0.2,70,4999,estimated,240,0.2316,0.005576669544282435,0.07134443174731023,False,False
mbe3-pgdl-transfer-confirmation-v2,B2_training_loss,interaction_increment,0.8,0.2,71,4999,estimated,240,0.0194,0.01038707253758543,0.15565215801843899,False,False
mbe3-pgdl-transfer-confirmation-v2,B2_training_loss,interaction_increment,0.8,0.2,72,4999,estimated,240,0.0344,0.008072481115728926,0.1298449892282971,False,False
mbe3-pgdl-transfer-confirmation-v2,B2_training_loss,interaction_increment,0.8,0.2,73,4999,estimated,240,0.0028,0.013470595085702076,0.21602373902927474,False,False
mbe3-pgdl-transfer-confirmation-v2,B2_training_loss,interaction_increment,0.8,0.2,74,4999,estimated,240,0.0058,0.012047657441461584,0.19418288657524796,False,False
mbe3-pgdl-transfer-confirmation-v2,B2_training_loss,interaction_increment,0.8,0.2,75,4999,estimated,240,0.0002,0.020615920966856213,0.255305571262783,True,True
mbe3-pgdl-transfer-confirmation-v2,B2_training_loss,interaction_increment,0.8,0.2,76,4999,estimated,240,0.0222,0.01102332961468585,0.1434992069821635,False,False
mbe3-pgdl-transfer-confirmation-v2,B2_training_loss,interaction_increment,0.8,0.2,77,4999,estimated,240,0.002,0.01646659631490681,0.22480570635187624,False,False
mbe3-pgdl-transfer-confirmation-v2,B2_training_loss,interaction_increment,0.8,0.2,78,4999,estimated,240,0.0074,0.0114769490896057,0.17565838393263977,False,False
mbe3-pgdl-transfer-confirmation-v2,B2_training_loss,interaction_increment,0.8,0.2,79,4999,estimated,240,0.0462,0.008942537521159812,0.12277250218726186,False,False
mbe3-pgdl-transfer-confirmation-v2,B2_training_loss,interaction_increment,0.8,0.2,80,4999,estimated,240,0.0026,0.0153830655692554,0.17999225090518947,False,False
mbe3-pgdl-transfer-confirmation-v2,B2_training_loss,interaction_increment,0.8,0.2,81,4999,estimated,240,0.0014,0.014488656185261236,0.20450015355193119,False,False
mbe3-pgdl-transfer-confirmation-v2,B2_training_loss,interaction_increment,0.8,0.2,82,4999,estimated,240,0.0002,0.020557963943791318,0.27680996249353773,True,True
mbe3-pgdl-transfer-confirmation-v2,B2_training_loss,interaction_increment,0.8,0.2,83,4999,estimated,240,0.0102,0.012046282830600745,0.16356496684914118,False,False
mbe3-pgdl-transfer-confirmation-v2,B2_training_loss,interaction_increment,0.8,0.2,84,4999,estimated,240,0.0112,0.01269830798132137,0.16385696092222296,False,False
mbe3-pgdl-transfer-confirmation-v2,B2_training_loss,interaction_increment,0.8,0.2,85,4999,estimated,240,0.0004,0.012914155427625038,0.20870493423870595,True,True
mbe3-pgdl-transfer-confirmation-v2,B2_training_loss,interaction_increment,0.8,0.2,86,4999,estimated,240,0.1684,0.005730214299197111,0.0843350859281376,False,False
mbe3-pgdl-transfer-confirmation-v2,B2_training_loss,interaction_increment,0.8,0.2,87,4999,estimated,240,0.0042,0.014992034010118567,0.19093594673134556,False,False
mbe3-pgdl-transfer-confirmation-v2,B2_training_loss,interaction_increment,0.8,0.2,88,4999,estimated,240,0.0014,0.015314531061881813,0.20565559828169544,False,False
mbe3-pgdl-transfer-confirmation-v2,B2_training_loss,interaction_increment,0.8,0.2,89,4999,estimated,240,0.055,0.009459329155897074,0.12703432191059427,False,False
mbe3-pgdl-transfer-confirmation-v2,B2_training_loss,interaction_increment,0.8,0.2,90,4999,estimated,240,0.0026,0.013537727012516435,0.18638533923059422,False,False
mbe3-pgdl-transfer-confirmation-v2,B2_training_loss,interaction_increment,0.8,0.2,91,4999,estimated,240,0.0002,0.02007047595456446,0.267208538834543,True,True
mbe3-pgdl-transfer-confirmation-v2,B2_training_loss,interaction_increment,0.8,0.2,92,4999,estimated,240,0.0002,0.016973602320513405,0.21749053992822756,True,True
mbe3-pgdl-transfer-confirmation-v2,B2_training_loss,interaction_increment,0.8,0.2,93,4999,estimated,240,0.0174,0.011919381448560914,0.14670494436793796,False,False
mbe3-pgdl-transfer-confirmation-v2,B2_training_loss,interaction_increment,0.8,0.2,94,4999,estimated,240,0.0018,0.015331956722329964,0.22145991612527444,False,False
mbe3-pgdl-transfer-confirmation-v2,B2_training_loss,interaction_increment,0.8,0.2,95,4999,estimated,240,0.0002,0.018033752485676454,0.24775132886276924,True,True
mbe3-pgdl-transfer-confirmation-v2,B2_training_loss,interaction_increment,0.8,0.2,96,4999,estimated,240,0.3234,0.00431781977555786,0.06409457687429694,False,False
mbe3-pgdl-transfer-confirmation-v2,B2_training_loss,interaction_increment,0.8,0.2,97,4999,estimated,240,0.0002,0.01883129609447308,0.2411741180515653,True,True
mbe3-pgdl-transfer-confirmation-v2,B2_training_loss,interaction_increment,0.8,0.2,98,4999,estimated,240,0.0202,0.009452341990818092,0.15093668670929047,False,False
mbe3-pgdl-transfer-confirmation-v2,B2_training_loss,interaction_increment,0.8,0.2,99,4999,estimated,240,0.04,0.008375385062179079,0.12255577404943212,False,False
mbe3-pgdl-transfer-confirmation-v2,B2_training_loss,interaction_increment,0.8,0.35,0,4999,estimated,240,0.0002,0.02454478372717879,0.38752376373447417,True,True
mbe3-pgdl-transfer-confirmation-v2,B2_training_loss,interaction_increment,0.8,0.35,1,4999,estimated,240,0.0002,0.024306916913367633,0.2970949437318507,True,True
mbe3-pgdl-transfer-confirmation-v2,B2_training_loss,interaction_increment,0.8,0.35,2,4999,estimated,240,0.0002,0.025033805234572312,0.3452413726519154,True,True
mbe3-pgdl-transfer-confirmation-v2,B2_training_loss,interaction_increment,0.8,0.35,3,4999,estimated,240,0.0002,0.01706625210387767,0.233205421951215,True,True
mbe3-pgdl-transfer-confirmation-v2,B2_training_loss,interaction_increment,0.8,0.35,4,4999,estimated,240,0.0002,0.02501516792182062,0.31953589612935823,True,True
mbe3-pgdl-transfer-confirmation-v2,B2_training_loss,interaction_increment,0.8,0.35,5,4999,estimated,240,0.0002,0.02026029024763094,0.2733538682959512,True,True
mbe3-pgdl-transfer-confirmation-v2,B2_training_loss,interaction_increment,0.8,0.35,6,4999,estimated,240,0.0002,0.02325019251419413,0.30528057180190193,True,True
mbe3-pgdl-transfer-confirmation-v2,B2_training_loss,interaction_increment,0.8,0.35,7,4999,estimated,240,0.0002,0.026087796988590515,0.3332377573291456,True,True
mbe3-pgdl-transfer-confirmation-v2,B2_training_loss,interaction_increment,0.8,0.35,8,4999,estimated,240,0.0004,0.021312322464824944,0.29616199780560326,True,True
mbe3-pgdl-transfer-confirmation-v2,B2_training_loss,interaction_increment,0.8,0.35,9,4999,estimated,240,0.0022,0.01577042718923576,0.20830325946821363,False,False
mbe3-pgdl-transfer-confirmation-v2,B2_training_loss,interaction_increment,0.8,0.35,10,4999,estimated,240,0.0004,0.021648517093368496,0.25112544937304554,True,True
mbe3-pgdl-transfer-confirmation-v2,B2_training_loss,interaction_increment,0.8,0.35,11,4999,estimated,240,0.0008,0.01574817087016646,0.19932513101856011,True,True
mbe3-pgdl-transfer-confirmation-v2,B2_training_loss,interaction_increment,0.8,0.35,12,4999,estimated,240,0.0006,0.01733830287654199,0.25870171093728345,True,True
mbe3-pgdl-transfer-confirmation-v2,B2_training_loss,interaction_increment,0.8,0.35,13,4999,estimated,240,0.0002,0.019105208124329514,0.26830494783615355,True,True
mbe3-pgdl-transfer-confirmation-v2,B2_training_loss,interaction_increment,0.8,0.35,14,4999,estimated,240,0.0002,0.019467922592166197,0.24366774021779047,True,True
mbe3-pgdl-transfer-confirmation-v2,B2_training_loss,interaction_increment,0.8,0.35,15,4999,estimated,240,0.0016,0.01694051003214977,0.21450801778365952,False,False
mbe3-pgdl-transfer-confirmation-v2,B2_training_loss,interaction_increment,0.8,0.35,16,4999,estimated,240,0.0002,0.017840272740233618,0.24534893947719097,True,True
mbe3-pgdl-transfer-confirmation-v2,B2_training_loss,interaction_increment,0.8,0.35,17,4999,estimated,240,0.0022,0.01301811241932894,0.20159619674180604,False,False
mbe3-pgdl-transfer-confirmation-v2,B2_training_loss,interaction_increment,0.8,0.35,18,4999,estimated,240,0.0004,0.016078266034546332,0.2503579126853788,True,True
mbe3-pgdl-transfer-confirmation-v2,B2_training_loss,interaction_increment,0.8,0.35,19,4999,estimated,240,0.0002,0.026927590183641954,0.3229377608888757,True,True
mbe3-pgdl-transfer-confirmation-v2,B2_training_loss,interaction_increment,0.8,0.35,20,4999,estimated,240,0.0002,0.026377129020595563,0.3630942890975922,True,True
mbe3-pgdl-transfer-confirmation-v2,B2_training_loss,interaction_increment,0.8,0.35,21,4999,estimated,240,0.0002,0.018347120450750657,0.2564540626510751,True,True
mbe3-pgdl-transfer-confirmation-v2,B2_training_loss,interaction_increment,0.8,0.35,22,4999,estimated,240,0.0002,0.018786790868193085,0.2998452489442933,True,True
mbe3-pgdl-transfer-confirmation-v2,B2_training_loss,interaction_increment,0.8,0.35,23,4999,estimated,240,0.0002,0.021207354806983013,0.3020359929374381,True,True
mbe3-pgdl-transfer-confirmation-v2,B2_training_loss,interaction_increment,0.8,0.35,24,4999,estimated,240,0.0002,0.02416542640190363,0.3515912081909594,True,True
mbe3-pgdl-transfer-confirmation-v2,B2_training_loss,interaction_increment,0.8,0.35,25,4999,estimated,240,0.0058,0.009599700034641298,0.1509992305341651,False,False
mbe3-pgdl-transfer-confirmation-v2,B2_training_loss,interaction_increment,0.8,0.35,26,4999,estimated,240,0.0002,0.014880306694365174,0.20675935115004776,True,True
mbe3-pgdl-transfer-confirmation-v2,B2_training_loss,interaction_increment,0.8,0.35,27,4999,estimated,240,0.0254,0.009390135194216201,0.12142440435269505,False,False
mbe3-pgdl-transfer-confirmation-v2,B2_training_loss,interaction_increment,0.8,0.35,28,4999,estimated,240,0.0002,0.018879741050303638,0.28017391696527966,True,True
mbe3-pgdl-transfer-confirmation-v2,B2_training_loss,interaction_increment,0.8,0.35,29,4999,estimated,240,0.0002,0.020781458359535477,0.2807520980604175,True,True
mbe3-pgdl-transfer-confirmation-v2,B2_training_loss,interaction_increment,0.8,0.35,30,4999,estimated,240,0.0002,0.02173355938220848,0.28653347167229326,True,True
mbe3-pgdl-transfer-confirmation-v2,B2_training_loss,interaction_increment,0.8,0.35,31,4999,estimated,240,0.0002,0.02496283325473013,0.3543691823299808,True,True
mbe3-pgdl-transfer-confirmation-v2,B2_training_loss,interaction_increment,0.8,0.35,32,4999,estimated,240,0.0018,0.014617016759082002,0.18728031518920651,False,False
mbe3-pgdl-transfer-confirmation-v2,B2_training_loss,interaction_increment,0.8,0.35,33,4999,estimated,240,0.0002,0.026880331259879077,0.3384885160444053,True,True
mbe3-pgdl-transfer-confirmation-v2,B2_training_loss,interaction_increment,0.8,0.35,34,4999,estimated,240,0.0002,0.02190835311800918,0.31000260468309637,True,True
mbe3-pgdl-transfer-confirmation-v2,B2_training_loss,interaction_increment,0.8,0.35,35,4999,estimated,240,0.0002,0.023028573702414897,0.30096551532388827,True,True
mbe3-pgdl-transfer-confirmation-v2,B2_training_loss,interaction_increment,0.8,0.35,36,4999,estimated,240,0.0002,0.020457983376191025,0.2996140612854092,True,True
mbe3-pgdl-transfer-confirmation-v2,B2_training_loss,interaction_increment,0.8,0.35,37,4999,estimated,240,0.0002,0.019392802508886794,0.2804647168752748,True,True
mbe3-pgdl-transfer-confirmation-v2,B2_training_loss,interaction_increment,0.8,0.35,38,4999,estimated,240,0.0162,0.011876569916019035,0.1612901509129854,False,False
mbe3-pgdl-transfer-confirmation-v2,B2_training_loss,interaction_increment,0.8,0.35,39,4999,estimated,240,0.0002,0.03088233913636551,0.3838380415010524,True,True
mbe3-pgdl-transfer-confirmation-v2,B2_training_loss,interaction_increment,0.8,0.35,40,4999,estimated,240,0.042,0.008240284461314688,0.12823968540037073,False,False
mbe3-pgdl-transfer-confirmation-v2,B2_training_loss,interaction_increment,0.8,0.35,41,4999,estimated,240,0.0002,0.01747296041015621,0.24150486569241614,True,True
mbe3-pgdl-transfer-confirmation-v2,B2_training_loss,interaction_increment,0.8,0.35,42,4999,estimated,240,0.0002,0.021193449756498707,0.27962475203003156,True,True
mbe3-pgdl-transfer-confirmation-v2,B2_training_loss,interaction_increment,0.8,0.35,43,4999,estimated,240,0.0002,0.02287017358763064,0.3039114872698551,True,True
mbe3-pgdl-transfer-confirmation-v2,B2_training_loss,interaction_increment,0.8,0.35,44,4999,estimated,240,0.0002,0.019660373757864037,0.26730951682857684,True,True
mbe3-pgdl-transfer-confirmation-v2,B2_training_loss,interaction_increment,0.8,0.35,45,4999,estimated,240,0.0004,0.019020715125297086,0.23000113849880624,True,True
mbe3-pgdl-transfer-confirmation-v2,B2_training_loss,interaction_increment,0.8,0.35,46,4999,estimated,240,0.0002,0.029449796645476586,0.3973083506758048,True,True
mbe3-pgdl-transfer-confirmation-v2,B2_training_loss,interaction_increment,0.8,0.35,47,4999,estimated,240,0.0002,0.018449132582530173,0.24375915849301208,True,True
mbe3-pgdl-transfer-confirmation-v2,B2_training_loss,interaction_increment,0.8,0.35,48,4999,estimated,240,0.0082,0.01168866075020041,0.18347265751085223,False,False
mbe3-pgdl-transfer-confirmation-v2,B2_training_loss,interaction_increment,0.8,0.35,49,4999,estimated,240,0.0002,0.028390148155958753,0.3765084670922206,True,True
mbe3-pgdl-transfer-confirmation-v2,B2_training_loss,interaction_increment,0.8,0.35,50,4999,estimated,240,0.0002,0.017360531465235994,0.22687120435857014,True,True
mbe3-pgdl-transfer-confirmation-v2,B2_training_loss,interaction_increment,0.8,0.35,51,4999,estimated,240,0.0012,0.015095877595373492,0.22418850060309978,False,False
mbe3-pgdl-transfer-confirmation-v2,B2_training_loss,interaction_increment,0.8,0.35,52,4999,estimated,240,0.0002,0.025274088014791203,0.3076127654204276,True,True
mbe3-pgdl-transfer-confirmation-v2,B2_training_loss,interaction_increment,0.8,0.35,53,4999,estimated,240,0.0002,0.027337970553414567,0.3716063769484659,True,True
mbe3-pgdl-transfer-confirmation-v2,B2_training_loss,interaction_increment,0.8,0.35,54,4999,estimated,240,0.0002,0.020494239743596675,0.28052236306467804,True,True
mbe3-pgdl-transfer-confirmation-v2,B2_training_loss,interaction_increment,0.8,0.35,55,4999,estimated,240,0.0006,0.016306058568321395,0.22495218131460426,True,True
mbe3-pgdl-transfer-confirmation-v2,B2_training_loss,interaction_increment,0.8,0.35,56,4999,estimated,240,0.0002,0.02119962449219032,0.3504041869594959,True,True
mbe3-pgdl-transfer-confirmation-v2,B2_training_loss,interaction_increment,0.8,0.35,57,4999,estimated,240,0.0002,0.023548986470555575,0.2832081278602734,True,True
mbe3-pgdl-transfer-confirmation-v2,B2_training_loss,interaction_increment,0.8,0.35,58,4999,estimated,240,0.0002,0.020283508621985778,0.2867325559873236,True,True
mbe3-pgdl-transfer-confirmation-v2,B2_training_loss,interaction_increment,0.8,0.35,59,4999,estimated,240,0.0002,0.01797414333438369,0.22777806066982623,True,True
mbe3-pgdl-transfer-confirmation-v2,B2_training_loss,interaction_increment,0.8,0.35,60,4999,estimated,240,0.0002,0.026275273274345024,0.3704376361004093,True,True
mbe3-pgdl-transfer-confirmation-v2,B2_training_loss,interaction_increment,0.8,0.35,61,4999,estimated,240,0.001,0.01615359481470405,0.20541644315882807,True,True
mbe3-pgdl-transfer-confirmation-v2,B2_training_loss,interaction_increment,0.8,0.35,62,4999,estimated,240,0.0018,0.014606637647869548,0.20651513946513028,False,False
mbe3-pgdl-transfer-confirmation-v2,B2_training_loss,interaction_increment,0.8,0.35,63,4999,estimated,240,0.0008,0.01518333203635255,0.25404506649546926,True,True
mbe3-pgdl-transfer-confirmation-v2,B2_training_loss,interaction_increment,0.8,0.35,64,4999,estimated,240,0.0002,0.018168592921698458,0.23824094951652133,True,True
mbe3-pgdl-transfer-confirmation-v2,B2_training_loss,interaction_increment,0.8,0.35,65,4999,estimated,240,0.0012,0.018847099519920467,0.23582979658610062,False,False
mbe3-pgdl-transfer-confirmation-v2,B2_training_loss,interaction_increment,0.8,0.35,66,4999,estimated,240,0.0048,0.011981225874867505,0.17696009078330927,False,False
mbe3-pgdl-transfer-confirmation-v2,B2_training_loss,interaction_increment,0.8,0.35,67,4999,estimated,240,0.0002,0.02284085714564179,0.2879926427180747,True,True
mbe3-pgdl-transfer-confirmation-v2,B2_training_loss,interaction_increment,0.8,0.35,68,4999,estimated,240,0.0002,0.02045677913676427,0.2639568505414032,True,True
mbe3-pgdl-transfer-confirmation-v2,B2_training_loss,interaction_increment,0.8,0.35,69,4999,estimated,240,0.0046,0.015868501247366686,0.20106333890737613,False,False
mbe3-pgdl-transfer-confirmation-v2,B2_training_loss,interaction_increment,0.8,0.35,70,4999,estimated,240,0.0004,0.016611146974929825,0.23834512132504537,True,True
mbe3-pgdl-transfer-confirmation-v2,B2_training_loss,interaction_increment,0.8,0.35,71,4999,estimated,240,0.0002,0.02514484791183503,0.32269814916506667,True,True
mbe3-pgdl-transfer-confirmation-v2,B2_training_loss,interaction_increment,0.8,0.35,72,4999,estimated,240,0.0002,0.018304742529382998,0.2616630191510677,True,True
mbe3-pgdl-transfer-confirmation-v2,B2_training_loss,interaction_increment,0.8,0.35,73,4999,estimated,240,0.0002,0.02113184004102274,0.25589892874701486,True,True
mbe3-pgdl-transfer-confirmation-v2,B2_training_loss,interaction_increment,0.8,0.35,74,4999,estimated,240,0.0002,0.02459017532509589,0.3601629694376896,True,True
mbe3-pgdl-transfer-confirmation-v2,B2_training_loss,interaction_increment,0.8,0.35,75,4999,estimated,240,0.0006,0.02106107451642032,0.2903558461767226,True,True
mbe3-pgdl-transfer-confirmation-v2,B2_training_loss,interaction_increment,0.8,0.35,76,4999,estimated,240,0.0002,0.029854313583283876,0.3521178431058254,True,True
mbe3-pgdl-transfer-confirmation-v2,B2_training_loss,interaction_increment,0.8,0.35,77,4999,estimated,240,0.0004,0.018726202564558266,0.24237870614491372,True,True
mbe3-pgdl-transfer-confirmation-v2,B2_training_loss,interaction_increment,0.8,0.35,78,4999,estimated,240,0.0002,0.016124615404170713,0.236969785380992,True,True
mbe3-pgdl-transfer-confirmation-v2,B2_training_loss,interaction_increment,0.8,0.35,79,4999,estimated,240,0.0002,0.026416337495783662,0.38153788396038213,True,True
mbe3-pgdl-transfer-confirmation-v2,B2_training_loss,interaction_increment,0.8,0.35,80,4999,estimated,240,0.001,0.016097782572563113,0.23555459338067852,True,True
mbe3-pgdl-transfer-confirmation-v2,B2_training_loss,interaction_increment,0.8,0.35,81,4999,estimated,240,0.0014,0.017795232958311404,0.21751736043675468,False,False
mbe3-pgdl-transfer-confirmation-v2,B2_training_loss,interaction_increment,0.8,0.35,82,4999,estimated,240,0.001,0.014804119205341507,0.1967856095183535,True,True
mbe3-pgdl-transfer-confirmation-v2,B2_training_loss,interaction_increment,0.8,0.35,83,4999,estimated,240,0.0008,0.01851509775958742,0.21752210791048202,True,True
mbe3-pgdl-transfer-confirmation-v2,B2_training_loss,interaction_increment,0.8,0.35,84,4999,estimated,240,0.0002,0.017699001012254894,0.2348721600264193,True,True
mbe3-pgdl-transfer-confirmation-v2,B2_training_loss,interaction_increment,0.8,0.35,85,4999,estimated,240,0.0006,0.015052844817492242,0.22728993756875293,True,True
mbe3-pgdl-transfer-confirmation-v2,B2_training_loss,interaction_increment,0.8,0.35,86,4999,estimated,240,0.0002,0.019895298613934975,0.3155390708259408,True,True
mbe3-pgdl-transfer-confirmation-v2,B2_training_loss,interaction_increment,0.8,0.35,87,4999,estimated,240,0.0004,0.016522250700396906,0.21088420543669792,True,True
mbe3-pgdl-transfer-confirmation-v2,B2_training_loss,interaction_increment,0.8,0.35,88,4999,estimated,240,0.0002,0.02648777256745535,0.3902525246463031,True,True
mbe3-pgdl-transfer-confirmation-v2,B2_training_loss,interaction_increment,0.8,0.35,89,4999,estimated,240,0.0002,0.021654679899910736,0.28103517979157533,True,True
mbe3-pgdl-transfer-confirmation-v2,B2_training_loss,interaction_increment,0.8,0.35,90,4999,estimated,240,0.0002,0.02253813111243791,0.3444222535120302,True,True
mbe3-pgdl-transfer-confirmation-v2,B2_training_loss,interaction_increment,0.8,0.35,91,4999,estimated,240,0.0002,0.026520657742862344,0.3506755942082032,True,True
mbe3-pgdl-transfer-confirmation-v2,B2_training_loss,interaction_increment,0.8,0.35,92,4999,estimated,240,0.0002,0.021737841356339393,0.2859594802344047,True,True
mbe3-pgdl-transfer-confirmation-v2,B2_training_loss,interaction_increment,0.8,0.35,93,4999,estimated,240,0.0002,0.023082512580966878,0.2979757903314611,True,True
mbe3-pgdl-transfer-confirmation-v2,B2_training_loss,interaction_increment,0.8,0.35,94,4999,estimated,240,0.0002,0.02793410774156767,0.34814044552429196,True,True
mbe3-pgdl-transfer-confirmation-v2,B2_training_loss,interaction_increment,0.8,0.35,95,4999,estimated,240,0.0002,0.02064046988592682,0.29862736117145994,True,True
mbe3-pgdl-transfer-confirmation-v2,B2_training_loss,interaction_increment,0.8,0.35,96,4999,estimated,240,0.0002,0.02840030089525315,0.3784065171761664,True,True
mbe3-pgdl-transfer-confirmation-v2,B2_training_loss,interaction_increment,0.8,0.35,97,4999,estimated,240,0.0002,0.025771365270857424,0.34076566811969,True,True
mbe3-pgdl-transfer-confirmation-v2,B2_training_loss,interaction_increment,0.8,0.35,98,4999,estimated,240,0.0002,0.023268299907595505,0.31190066261434546,True,True
mbe3-pgdl-transfer-confirmation-v2,B2_training_loss,interaction_increment,0.8,0.35,99,4999,estimated,240,0.0002,0.022470708040090732,0.293025776418793,True,True
mbe3-pgdl-transfer-confirmation-v2,B2_training_loss,interaction_increment,0.8,0.5,0,4999,estimated,240,0.0002,0.019946218516471912,0.2879599537210486,True,True
mbe3-pgdl-transfer-confirmation-v2,B2_training_loss,interaction_increment,0.8,0.5,1,4999,estimated,240,0.0002,0.023729646414844728,0.3036826625814897,True,True
mbe3-pgdl-transfer-confirmation-v2,B2_training_loss,interaction_increment,0.8,0.5,2,4999,estimated,240,0.0002,0.03561891112953956,0.6115335868659977,True,True
mbe3-pgdl-transfer-confirmation-v2,B2_training_loss,interaction_increment,0.8,0.5,3,4999,estimated,240,0.0002,0.026282499201029468,0.39659224360025513,True,True
mbe3-pgdl-transfer-confirmation-v2,B2_training_loss,interaction_increment,0.8,0.5,4,4999,estimated,240,0.0002,0.027169422896299564,0.3547177930871361,True,True
mbe3-pgdl-transfer-confirmation-v2,B2_training_loss,interaction_increment,0.8,0.5,5,4999,estimated,240,0.0002,0.021916912919911536,0.3198598443478032,True,True
mbe3-pgdl-transfer-confirmation-v2,B2_training_loss,interaction_increment,0.8,0.5,6,4999,estimated,240,0.0002,0.040175817685053815,0.49219710361138824,True,True
mbe3-pgdl-transfer-confirmation-v2,B2_training_loss,interaction_increment,0.8,0.5,7,4999,estimated,240,0.0002,0.030263138326975095,0.3862837327255002,True,True
mbe3-pgdl-transfer-confirmation-v2,B2_training_loss,interaction_increment,0.8,0.5,8,4999,estimated,240,0.0002,0.03031706630511157,0.403227484662475,True,True
mbe3-pgdl-transfer-confirmation-v2,B2_training_loss,interaction_increment,0.8,0.5,9,4999,estimated,240,0.0002,0.022475497383916816,0.3705104479506197,True,True
mbe3-pgdl-transfer-confirmation-v2,B2_training_loss,interaction_increment,0.8,0.5,10,4999,estimated,240,0.0002,0.02499463393679814,0.33628578672323917,True,True
mbe3-pgdl-transfer-confirmation-v2,B2_training_loss,interaction_increment,0.8,0.5,11,4999,estimated,240,0.0002,0.02500777186989885,0.3030931082442244,True,True
mbe3-pgdl-transfer-confirmation-v2,B2_training_loss,interaction_increment,0.8,0.5,12,4999,estimated,240,0.0002,0.027206753455070738,0.3838188974134738,True,True
mbe3-pgdl-transfer-confirmation-v2,B2_training_loss,interaction_increment,0.8,0.5,13,4999,estimated,240,0.0002,0.019342108127712015,0.30085155459420715,True,True
mbe3-pgdl-transfer-confirmation-v2,B2_training_loss,interaction_increment,0.8,0.5,14,4999,estimated,240,0.0002,0.023226597845759582,0.31304630567228137,True,True
mbe3-pgdl-transfer-confirmation-v2,B2_training_loss,interaction_increment,0.8,0.5,15,4999,estimated,240,0.0002,0.02465542304494891,0.33372252970895017,True,True
mbe3-pgdl-transfer-confirmation-v2,B2_training_loss,interaction_increment,0.8,0.5,16,4999,estimated,240,0.0004,0.01764057701429246,0.26231146890950563,True,True
mbe3-pgdl-transfer-confirmation-v2,B2_training_loss,interaction_increment,0.8,0.5,17,4999,estimated,240,0.0002,0.029171796184571493,0.35475680531334935,True,True
mbe3-pgdl-transfer-confirmation-v2,B2_training_loss,interaction_increment,0.8,0.5,18,4999,estimated,240,0.0002,0.03615151323844626,0.45506994025163444,True,True
mbe3-pgdl-transfer-confirmation-v2,B2_training_loss,interaction_increment,0.8,0.5,19,4999,estimated,240,0.0002,0.028828135487868063,0.3618034120999267,True,True
mbe3-pgdl-transfer-confirmation-v2,B2_training_loss,interaction_increment,0.8,0.5,20,4999,estimated,240,0.0002,0.03213725841584234,0.40678902292761393,True,True
mbe3-pgdl-transfer-confirmation-v2,B2_training_loss,interaction_increment,0.8,0.5,21,4999,estimated,240,0.0002,0.025552180054512815,0.3301094603738882,True,True
mbe3-pgdl-transfer-confirmation-v2,B2_training_loss,interaction_increment,0.8,0.5,22,4999,estimated,240,0.0002,0.02508196134396381,0.382458351418229,True,True
mbe3-pgdl-transfer-confirmation-v2,B2_training_loss,interaction_increment,0.8,0.5,23,4999,estimated,240,0.0002,0.021491758484388765,0.33969799209964924,True,True
mbe3-pgdl-transfer-confirmation-v2,B2_training_loss,interaction_increment,0.8,0.5,24,4999,estimated,240,0.0002,0.03178426048696556,0.4436511927801434,True,True
mbe3-pgdl-transfer-confirmation-v2,B2_training_loss,interaction_increment,0.8,0.5,25,4999,estimated,240,0.0002,0.023635685363886442,0.30812965222286465,True,True
mbe3-pgdl-transfer-confirmation-v2,B2_training_loss,interaction_increment,0.8,0.5,26,4999,estimated,240,0.0002,0.03050248424644091,0.44295715792854556,True,True
mbe3-pgdl-transfer-confirmation-v2,B2_training_loss,interaction_increment,0.8,0.5,27,4999,estimated,240,0.0002,0.03182312235752049,0.4101403530772015,True,True
mbe3-pgdl-transfer-confirmation-v2,B2_training_loss,interaction_increment,0.8,0.5,28,4999,estimated,240,0.0002,0.024368078919825457,0.35166765689590307,True,True
mbe3-pgdl-transfer-confirmation-v2,B2_training_loss,interaction_increment,0.8,0.5,29,4999,estimated,240,0.0238,0.010853694821400445,0.14461136467794422,False,False
mbe3-pgdl-transfer-confirmation-v2,B2_training_loss,interaction_increment,0.8,0.5,30,4999,estimated,240,0.0002,0.026053149243214432,0.4153033242434584,True,True
mbe3-pgdl-transfer-confirmation-v2,B2_training_loss,interaction_increment,0.8,0.5,31,4999,estimated,240,0.0002,0.030281979658298798,0.4261396399614105,True,True
mbe3-pgdl-transfer-confirmation-v2,B2_training_loss,interaction_increment,0.8,0.5,32,4999,estimated,240,0.0002,0.03412821639401677,0.4004730469317954,True,True
mbe3-pgdl-transfer-confirmation-v2,B2_training_loss,interaction_increment,0.8,0.5,33,4999,estimated,240,0.0002,0.03565848217683497,0.47349314609632076,True,True
mbe3-pgdl-transfer-confirmation-v2,B2_training_loss,interaction_increment,0.8,0.5,34,4999,estimated,240,0.0002,0.03252259543844865,0.4688107834526908,True,True
mbe3-pgdl-transfer-confirmation-v2,B2_training_loss,interaction_increment,0.8,0.5,35,4999,estimated,240,0.0002,0.028268072150101742,0.3663638550406508,True,True
mbe3-pgdl-transfer-confirmation-v2,B2_training_loss,interaction_increment,0.8,0.5,36,4999,estimated,240,0.0002,0.03045913317368721,0.4338703757515139,True,True
mbe3-pgdl-transfer-confirmation-v2,B2_training_loss,interaction_increment,0.8,0.5,37,4999,estimated,240,0.0002,0.030468956115475933,0.3717245158782287,True,True
mbe3-pgdl-transfer-confirmation-v2,B2_training_loss,interaction_increment,0.8,0.5,38,4999,estimated,240,0.0002,0.021526740568659063,0.3217111072914056,True,True
mbe3-pgdl-transfer-confirmation-v2,B2_training_loss,interaction_increment,0.8,0.5,39,4999,estimated,240,0.0002,0.021824814757814403,0.3043003598774911,True,True
mbe3-pgdl-transfer-confirmation-v2,B2_training_loss,interaction_increment,0.8,0.5,40,4999,estimated,240,0.0002,0.019799129684606523,0.27650789272189247,True,True
mbe3-pgdl-transfer-confirmation-v2,B2_training_loss,interaction_increment,0.8,0.5,41,4999,estimated,240,0.0002,0.030904154840917863,0.4873011509798162,True,True
mbe3-pgdl-transfer-confirmation-v2,B2_training_loss,interaction_increment,0.8,0.5,42,4999,estimated,240,0.0002,0.02668701971306117,0.3416535491728886,True,True
mbe3-pgdl-transfer-confirmation-v2,B2_training_loss,interaction_increment,0.8,0.5,43,4999,estimated,240,0.0002,0.02442185285576644,0.36372295102533214,True,True
mbe3-pgdl-transfer-confirmation-v2,B2_training_loss,interaction_increment,0.8,0.5,44,4999,estimated,240,0.0002,0.02846062981569953,0.3953288564019798,True,True
mbe3-pgdl-transfer-confirmation-v2,B2_training_loss,interaction_increment,0.8,0.5,45,4999,estimated,240,0.0002,0.022604178144382876,0.40434918235473455,True,True
mbe3-pgdl-transfer-confirmation-v2,B2_training_loss,interaction_increment,0.8,0.5,46,4999,estimated,240,0.0002,0.03530507192403187,0.3917474299461712,True,True
mbe3-pgdl-transfer-confirmation-v2,B2_training_loss,interaction_increment,0.8,0.5,47,4999,estimated,240,0.0002,0.028594579321436088,0.35334329029284034,True,True
mbe3-pgdl-transfer-confirmation-v2,B2_training_loss,interaction_increment,0.8,0.5,48,4999,estimated,240,0.0002,0.034266059658425836,0.5051597243212469,True,True
mbe3-pgdl-transfer-confirmation-v2,B2_training_loss,interaction_increment,0.8,0.5,49,4999,estimated,240,0.0002,0.026716641840100617,0.33420584964099775,True,True
mbe3-pgdl-transfer-confirmation-v2,B2_training_loss,interaction_increment,0.8,0.5,50,4999,estimated,240,0.0002,0.026680354225985373,0.3711439451073702,True,True
mbe3-pgdl-transfer-confirmation-v2,B2_training_loss,interaction_increment,0.8,0.5,51,4999,estimated,240,0.0002,0.034989408223922686,0.3773030524944506,True,True
mbe3-pgdl-transfer-confirmation-v2,B2_training_loss,interaction_increment,0.8,0.5,52,4999,estimated,240,0.0002,0.026810441354865235,0.3865793245089195,True,True
mbe3-pgdl-transfer-confirmation-v2,B2_training_loss,interaction_increment,0.8,0.5,53,4999,estimated,240,0.0006,0.01597217334833622,0.22265200934285256,True,True
mbe3-pgdl-transfer-confirmation-v2,B2_training_loss,interaction_increment,0.8,0.5,54,4999,estimated,240,0.0002,0.025144213525766616,0.3270760172051364,True,True
mbe3-pgdl-transfer-confirmation-v2,B2_training_loss,interaction_increment,0.8,0.5,55,4999,estimated,240,0.0002,0.02689775836881501,0.33738598622676047,True,True
mbe3-pgdl-transfer-confirmation-v2,B2_training_loss,interaction_increment,0.8,0.5,56,4999,estimated,240,0.0002,0.023214000321728986,0.3104601815132294,True,True
mbe3-pgdl-transfer-confirmation-v2,B2_training_loss,interaction_increment,0.8,0.5,57,4999,estimated,240,0.0002,0.027796195964831183,0.461861439862273,True,True
mbe3-pgdl-transfer-confirmation-v2,B2_training_loss,interaction_increment,0.8,0.5,58,4999,estimated,240,0.0002,0.029437529151461236,0.4152465368920239,True,True
mbe3-pgdl-transfer-confirmation-v2,B2_training_loss,interaction_increment,0.8,0.5,59,4999,estimated,240,0.0002,0.026515108690278608,0.36487776817089634,True,True
mbe3-pgdl-transfer-confirmation-v2,B2_training_loss,interaction_increment,0.8,0.5,60,4999,estimated,240,0.0002,0.02787462852882997,0.3465185366179147,True,True
mbe3-pgdl-transfer-confirmation-v2,B2_training_loss,interaction_increment,0.8,0.5,61,4999,estimated,240,0.0002,0.025207657325101624,0.38425630221966933,True,True
mbe3-pgdl-transfer-confirmation-v2,B2_training_loss,interaction_increment,0.8,0.5,62,4999,estimated,240,0.0002,0.02844970841696859,0.3554277548122564,True,True
mbe3-pgdl-transfer-confirmation-v2,B2_training_loss,interaction_increment,0.8,0.5,63,4999,estimated,240,0.0002,0.0225941010469492,0.37217565226830435,True,True
mbe3-pgdl-transfer-confirmation-v2,B2_training_loss,interaction_increment,0.8,0.5,64,4999,estimated,240,0.0002,0.03173043913414831,0.5035362250089005,True,True
mbe3-pgdl-transfer-confirmation-v2,B2_training_loss,interaction_increment,0.8,0.5,65,4999,estimated,240,0.0002,0.026616810188465533,0.459071600191278,True,True
mbe3-pgdl-transfer-confirmation-v2,B2_training_loss,interaction_increment,0.8,0.5,66,4999,estimated,240,0.0002,0.02117219815865079,0.30178716204444517,True,True
mbe3-pgdl-transfer-confirmation-v2,B2_training_loss,interaction_increment,0.8,0.5,67,4999,estimated,240,0.0002,0.03883915496530931,0.47899304491401945,True,True
mbe3-pgdl-transfer-confirmation-v2,B2_training_loss,interaction_increment,0.8,0.5,68,4999,estimated,240,0.0002,0.032814309389338076,0.409556997602046,True,True
mbe3-pgdl-transfer-confirmation-v2,B2_training_loss,interaction_increment,0.8,0.5,69,4999,estimated,240,0.0002,0.038997802867408844,0.48014274399192997,True,True
mbe3-pgdl-transfer-confirmation-v2,B2_training_loss,interaction_increment,0.8,0.5,70,4999,estimated,240,0.0002,0.03877550869097335,0.5831659546210942,True,True
mbe3-pgdl-transfer-confirmation-v2,B2_training_loss,interaction_increment,0.8,0.5,71,4999,estimated,240,0.0002,0.03005544546752897,0.38231511995942485,True,True
mbe3-pgdl-transfer-confirmation-v2,B2_training_loss,interaction_increment,0.8,0.5,72,4999,estimated,240,0.0002,0.02398086473820386,0.282194657719358,True,True
mbe3-pgdl-transfer-confirmation-v2,B2_training_loss,interaction_increment,0.8,0.5,73,4999,estimated,240,0.0002,0.033407847019081297,0.4683846361203555,True,True
mbe3-pgdl-transfer-confirmation-v2,B2_training_loss,interaction_increment,0.8,0.5,74,4999,estimated,240,0.0002,0.02397849656155671,0.401041546351905,True,True
mbe3-pgdl-transfer-confirmation-v2,B2_training_loss,interaction_increment,0.8,0.5,75,4999,estimated,240,0.0002,0.02656832522296178,0.36438507034253453,True,True
mbe3-pgdl-transfer-confirmation-v2,B2_training_loss,interaction_increment,0.8,0.5,76,4999,estimated,240,0.0002,0.02766830704020858,0.3316526940996637,True,True
mbe3-pgdl-transfer-confirmation-v2,B2_training_loss,interaction_increment,0.8,0.5,77,4999,estimated,240,0.0002,0.026458497713705873,0.39344278951541545,True,True
mbe3-pgdl-transfer-confirmation-v2,B2_training_loss,interaction_increment,0.8,0.5,78,4999,estimated,240,0.0002,0.030112527078950894,0.40885048890018705,True,True
mbe3-pgdl-transfer-confirmation-v2,B2_training_loss,interaction_increment,0.8,0.5,79,4999,estimated,240,0.0002,0.03297473434564581,0.45827697351791463,True,True
mbe3-pgdl-transfer-confirmation-v2,B2_training_loss,interaction_increment,0.8,0.5,80,4999,estimated,240,0.0002,0.02366283333182626,0.3471602130060973,True,True
mbe3-pgdl-transfer-confirmation-v2,B2_training_loss,interaction_increment,0.8,0.5,81,4999,estimated,240,0.0002,0.03199128627726907,0.4302157539122699,True,True
mbe3-pgdl-transfer-confirmation-v2,B2_training_loss,interaction_increment,0.8,0.5,82,4999,estimated,240,0.0002,0.033443226585359934,0.3972693838016171,True,True
mbe3-pgdl-transfer-confirmation-v2,B2_training_loss,interaction_increment,0.8,0.5,83,4999,estimated,240,0.0002,0.026955221401322785,0.28833849482387736,True,True
mbe3-pgdl-transfer-confirmation-v2,B2_training_loss,interaction_increment,0.8,0.5,84,4999,estimated,240,0.0002,0.036583118881202574,0.42089594488704013,True,True
mbe3-pgdl-transfer-confirmation-v2,B2_training_loss,interaction_increment,0.8,0.5,85,4999,estimated,240,0.0002,0.03193887656607628,0.43134645255212223,True,True
mbe3-pgdl-transfer-confirmation-v2,B2_training_loss,interaction_increment,0.8,0.5,86,4999,estimated,240,0.0002,0.022647393265528715,0.3234195869073436,True,True
mbe3-pgdl-transfer-confirmation-v2,B2_training_loss,interaction_increment,0.8,0.5,87,4999,estimated,240,0.0002,0.02948781798602513,0.39053410471731476,True,True
mbe3-pgdl-transfer-confirmation-v2,B2_training_loss,interaction_increment,0.8,0.5,88,4999,estimated,240,0.0002,0.023431582499235944,0.3946899071962447,True,True
mbe3-pgdl-transfer-confirmation-v2,B2_training_loss,interaction_increment,0.8,0.5,89,4999,estimated,240,0.0002,0.02314278589852427,0.3398015422727789,True,True
mbe3-pgdl-transfer-confirmation-v2,B2_training_loss,interaction_increment,0.8,0.5,90,4999,estimated,240,0.0002,0.02414467961847584,0.3639967990278355,True,True
mbe3-pgdl-transfer-confirmation-v2,B2_training_loss,interaction_increment,0.8,0.5,91,4999,estimated,240,0.0002,0.024223016072884816,0.3261218597563512,True,True
mbe3-pgdl-transfer-confirmation-v2,B2_training_loss,interaction_increment,0.8,0.5,92,4999,estimated,240,0.0002,0.021707691806938465,0.32632345161332016,True,True
mbe3-pgdl-transfer-confirmation-v2,B2_training_loss,interaction_increment,0.8,0.5,93,4999,estimated,240,0.0002,0.027212503138586638,0.3143221102282825,True,True
mbe3-pgdl-transfer-confirmation-v2,B2_training_loss,interaction_increment,0.8,0.5,94,4999,estimated,240,0.0002,0.027578646844717964,0.3938777632237997,True,True
mbe3-pgdl-transfer-confirmation-v2,B2_training_loss,interaction_increment,0.8,0.5,95,4999,estimated,240,0.0002,0.03195341520424529,0.43936276805197133,True,True
mbe3-pgdl-transfer-confirmation-v2,B2_training_loss,interaction_increment,0.8,0.5,96,4999,estimated,240,0.0002,0.022664513369407356,0.30503550261158896,True,True
mbe3-pgdl-transfer-confirmation-v2,B2_training_loss,interaction_increment,0.8,0.5,97,4999,estimated,240,0.0002,0.02986796726171596,0.3890217695914323,True,True
mbe3-pgdl-transfer-confirmation-v2,B2_training_loss,interaction_increment,0.8,0.5,98,4999,estimated,240,0.0002,0.025113275842788586,0.3277066583614144,True,True
mbe3-pgdl-transfer-confirmation-v2,B2_training_loss,interaction_increment,0.8,0.5,99,4999,estimated,240,0.0052,0.01114297132823002,0.18066027505605414,False,False
mbe3-pgdl-transfer-confirmation-v2,B2_training_loss,interaction_proxy_null,0.3,0.0,0,4999,estimated,240,0.2504,0.004443411488685618,0.06544026795369445,False,False
mbe3-pgdl-transfer-confirmation-v2,B2_training_loss,interaction_proxy_null,0.3,0.0,1,4999,estimated,240,0.0422,0.009740851656540437,0.12322109113286518,False,False
mbe3-pgdl-transfer-confirmation-v2,B2_training_loss,interaction_proxy_null,0.3,0.0,2,4999,estimated,240,0.589,0.002708369119599595,0.037385258880586275,False,False
mbe3-pgdl-transfer-confirmation-v2,B2_training_loss,interaction_proxy_null,0.3,0.0,3,4999,estimated,240,0.933,0.00039157753237500627,0.00552152495322851,False,False
mbe3-pgdl-transfer-confirmation-v2,B2_training_loss,interaction_proxy_null,0.3,0.0,4,4999,estimated,240,0.8192,0.0010310878182844467,0.015092488712986742,False,False
mbe3-pgdl-transfer-confirmation-v2,B2_training_loss,interaction_proxy_null,0.3,0.0,5,4999,estimated,240,0.162,0.005755284657935056,0.07883958255806128,False,False
mbe3-pgdl-transfer-confirmation-v2,B2_training_loss,interaction_proxy_null,0.3,0.0,6,4999,estimated,240,0.0404,0.009844827853279736,0.12169650857560534,False,False
mbe3-pgdl-transfer-confirmation-v2,B2_training_loss,interaction_proxy_null,0.3,0.0,7,4999,estimated,240,0.89,0.0006890711543083958,0.008839851837995733,False,False
mbe3-pgdl-transfer-confirmation-v2,B2_training_loss,interaction_proxy_null,0.3,0.0,8,4999,estimated,240,0.8886,0.0006671074993197179,0.009461152323111819,False,False
mbe3-pgdl-transfer-confirmation-v2,B2_training_loss,interaction_proxy_null,0.3,0.0,9,4999,estimated,240,0.077,0.008200336412328698,0.1054022762436062,False,False
mbe3-pgdl-transfer-confirmation-v2,B2_training_loss,interaction_proxy_null,0.3,0.0,10,4999,estimated,240,0.0004,0.015101584964169691,0.21833007703096083,True,True
mbe3-pgdl-transfer-confirmation-v2,B2_training_loss,interaction_proxy_null,0.3,0.0,11,4999,estimated,240,0.4994,0.0031401296910524065,0.043319309905369245,False,False
mbe3-pgdl-transfer-confirmation-v2,B2_training_loss,interaction_proxy_null,0.3,0.0,12,4999,estimated,240,0.9372,0.0003331933907299129,0.004058109064376766,False,False
mbe3-pgdl-transfer-confirmation-v2,B2_training_loss,interaction_proxy_null,0.3,0.0,13,4999,estimated,240,0.7792,-0.0014796076050397166,-0.015950891540954054,False,False
mbe3-pgdl-transfer-confirmation-v2,B2_training_loss,interaction_proxy_null,0.3,0.0,14,4999,estimated,240,0.1148,0.007011513242595594,0.11002837880743004,False,False
mbe3-pgdl-transfer-confirmation-v2,B2_training_loss,interaction_proxy_null,0.3,0.0,15,4999,estimated,240,0.7846,0.0013813550824824884,0.017015501301887757,False,False
mbe3-pgdl-transfer-confirmation-v2,B2_training_loss,interaction_proxy_null,0.3,0.0,16,4999,estimated,240,0.3832,0.004149181903333953,0.06079340247147184,False,False
mbe3-pgdl-transfer-confirmation-v2,B2_training_loss,interaction_proxy_null,0.3,0.0,17,4999,estimated,240,0.2892,0.004864586941623778,0.06774794257587487,False,False
mbe3-pgdl-transfer-confirmation-v2,B2_training_loss,interaction_proxy_null,0.3,0.0,18,4999,estimated,240,0.6568,-0.002049721371803093,-0.026205100506947927,False,False
mbe3-pgdl-transfer-confirmation-v2,B2_training_loss,interaction_proxy_null,0.3,0.0,19,4999,estimated,240,0.8528,-0.000853147115299271,-0.010387097342616523,False,False
mbe3-pgdl-transfer-confirmation-v2,B2_training_loss,interaction_proxy_null,0.3,0.0,20,4999,estimated,240,0.6758,-0.0019195090394441285,-0.0223843028675478,False,False
mbe3-pgdl-transfer-confirmation-v2,B2_training_loss,interaction_proxy_null,0.3,0.0,21,4999,estimated,240,0.65,-0.0019644243011810343,-0.027618263243481215,False,False
mbe3-pgdl-transfer-confirmation-v2,B2_training_loss,interaction_proxy_null,0.3,0.0,22,4999,estimated,240,0.0688,0.008572927061250783,0.12799822692551135,False,False
mbe3-pgdl-transfer-confirmation-v2,B2_training_loss,interaction_proxy_null,0.3,0.0,23,4999,estimated,240,0.697,0.0017816151131087676,0.024683057861407228,False,False
mbe3-pgdl-transfer-confirmation-v2,B2_training_loss,interaction_proxy_null,0.3,0.0,24,4999,estimated,240,0.4684,-0.00289351195762115,-0.04000729373204738,False,False
mbe3-pgdl-transfer-confirmation-v2,B2_training_loss,interaction_proxy_null,0.3,0.0,25,4999,estimated,240,0.6978,0.0016966488049788926,0.023366694951002243,False,False
mbe3-pgdl-transfer-confirmation-v2,B2_training_loss,interaction_proxy_null,0.3,0.0,26,4999,estimated,240,0.7608,-0.0015119201973267213,-0.01844981251316972,False,False
mbe3-pgdl-transfer-confirmation-v2,B2_training_loss,interaction_proxy_null,0.3,0.0,27,4999,estimated,240,0.6364,0.002040990286646185,0.0286860804984303,False,False
mbe3-pgdl-transfer-confirmation-v2,B2_training_loss,interaction_proxy_null,0.3,0.0,28,4999,estimated,240,0.9434,-0.0002970956216521048,-0.004288852505449409,False,False
mbe3-pgdl-transfer-confirmation-v2,B2_training_loss,interaction_proxy_null,0.3,0.0,29,4999,estimated,240,0.68,0.001917081853715405,0.024705587281131102,False,False
mbe3-pgdl-transfer-confirmation-v2,B2_training_loss,interaction_proxy_null,0.3,0.0,30,4999,estimated,240,0.89,0.0007349753653440196,0.008975388065433897,False,False
mbe3-pgdl-transfer-confirmation-v2,B2_training_loss,interaction_proxy_null,0.3,0.0,31,4999,estimated,240,0.3538,0.0037170030763926777,0.050216277099458806,False,False
mbe3-pgdl-transfer-confirmation-v2,B2_training_loss,interaction_proxy_null,0.3,0.0,32,4999,estimated,240,0.8206,-0.0009872098671397508,-0.015314027060399742,False,False
mbe3-pgdl-transfer-confirmation-v2,B2_training_loss,interaction_proxy_null,0.3,0.0,33,4999,estimated,240,0.0252,-0.009701205776096206,-0.14105600973765092,False,False
mbe3-pgdl-transfer-confirmation-v2,B2_training_loss,interaction_proxy_null,0.3,0.0,34,4999,estimated,240,0.9382,-0.0004312661610504383,-0.005380540921735287,False,False
mbe3-pgdl-transfer-confirmation-v2,B2_training_loss,interaction_proxy_null,0.3,0.0,35,4999,estimated,240,0.1298,-0.005888450030286222,-0.0905272269258964,False,False
mbe3-pgdl-transfer-confirmation-v2,B2_training_loss,interaction_proxy_null,0.3,0.0,36,4999,estimated,240,0.152,-0.0062831185770768575,-0.08225292667958968,False,False
mbe3-pgdl-transfer-confirmation-v2,B2_training_loss,interaction_proxy_null,0.3,0.0,37,4999,estimated,240,0.5236,0.0028981250624147232,0.03977072935266036,False,False
mbe3-pgdl-transfer-confirmation-v2,B2_training_loss,interaction_proxy_null,0.3,0.0,38,4999,estimated,240,0.3692,0.003829578527392242,0.051621115542439415,False,False
mbe3-pgdl-transfer-confirmation-v2,B2_training_loss,interaction_proxy_null,0.3,0.0,39,4999,estimated,240,0.2604,-0.004633785915489292,-0.06243257606450104,False,False
mbe3-pgdl-transfer-confirmation-v2,B2_training_loss,interaction_proxy_null,0.3,0.0,40,4999,estimated,240,0.219,-0.006010346133332376,-0.07133970763690572,False,False
mbe3-pgdl-transfer-confirmation-v2,B2_training_loss,interaction_proxy_null,0.3,0.0,41,4999,estimated,240,0.4648,0.0033130026348617016,0.048746262821783626,False,False
mbe3-pgdl-transfer-confirmation-v2,B2_training_loss,interaction_proxy_null,0.3,0.0,42,4999,estimated,240,0.2936,0.004840645200244681,0.061909274031949735,False,False
mbe3-pgdl-transfer-confirmation-v2,B2_training_loss,interaction_proxy_null,0.3,0.0,43,4999,estimated,240,0.8704,-0.0007385299113706098,-0.009288953239967094,False,False
mbe3-pgdl-transfer-confirmation-v2,B2_training_loss,interaction_proxy_null,0.3,0.0,44,4999,estimated,240,0.6702,-0.0019362386227151673,-0.026587379775100117,False,False
mbe3-pgdl-transfer-confirmation-v2,B2_training_loss,interaction_proxy_null,0.3,0.0,45,4999,estimated,240,0.4876,0.0033965176117343424,0.048504395810261586,False,False
mbe3-pgdl-transfer-confirmation-v2,B2_training_loss,interaction_proxy_null,0.3,0.0,46,4999,estimated,240,0.555,0.0028865014049104854,0.038179152175693495,False,False
mbe3-pgdl-transfer-confirmation-v2,B2_training_loss,interaction_proxy_null,0.3,0.0,47,4999,estimated,240,0.9504,0.0002909751277962209,0.004369274220771812,False,False
mbe3-pgdl-transfer-confirmation-v2,B2_training_loss,interaction_proxy_null,0.3,0.0,48,4999,estimated,240,0.329,0.004313295689659174,0.06037213845990373,False,False
mbe3-pgdl-transfer-confirmation-v2,B2_training_loss,interaction_proxy_null,0.3,0.0,49,4999,estimated,240,0.5602,0.0024657400815237583,0.035825931186546124,False,False
mbe3-pgdl-transfer-confirmation-v2,B2_training_loss,interaction_proxy_null,0.3,0.0,50,4999,estimated,240,0.0752,-0.008049701580482573,-0.1101770975514745,False,False
mbe3-pgdl-transfer-confirmation-v2,B2_training_loss,interaction_proxy_null,0.3,0.0,51,4999,estimated,240,0.1838,0.007125234434577147,0.0915853291063456,False,False
mbe3-pgdl-transfer-confirmation-v2,B2_training_loss,interaction_proxy_null,0.3,0.0,52,4999,estimated,240,0.038,0.008960725386156842,0.12081933888607897,False,False
mbe3-pgdl-transfer-confirmation-v2,B2_training_loss,interaction_proxy_null,0.3,0.0,53,4999,estimated,240,0.0302,0.010866962911242036,0.1349454212447417,False,False
mbe3-pgdl-transfer-confirmation-v2,B2_training_loss,interaction_proxy_null,0.3,0.0,54,4999,estimated,240,0.6938,-0.001927514293024669,-0.023858294200420346,False,False
mbe3-pgdl-transfer-confirmation-v2,B2_training_loss,interaction_proxy_null,0.3,0.0,55,4999,estimated,240,0.5314,-0.002802848429241066,-0.04264818079560214,False,False
mbe3-pgdl-transfer-confirmation-v2,B2_training_loss,interaction_proxy_null,0.3,0.0,56,4999,estimated,240,0.9136,-0.0005405689010324288,-0.006832032568374169,False,False
mbe3-pgdl-transfer-confirmation-v2,B2_training_loss,interaction_proxy_null,0.3,0.0,57,4999,estimated,240,0.5484,0.0025381454920174818,0.03133431085989946,False,False
mbe3-pgdl-transfer-confirmation-v2,B2_training_loss,interaction_proxy_null,0.3,0.0,58,4999,estimated,240,0.1306,0.00740511880715621,0.09975018985033843,False,False
mbe3-pgdl-transfer-confirmation-v2,B2_training_loss,interaction_proxy_null,0.3,0.0,59,4999,estimated,240,0.1364,-0.005825863111537333,-0.10798640345854298,False,False
mbe3-pgdl-transfer-confirmation-v2,B2_training_loss,interaction_proxy_null,0.3,0.0,60,4999,estimated,240,0.3906,-0.004664535866453554,-0.055177282965470746,False,False
mbe3-pgdl-transfer-confirmation-v2,B2_training_loss,interaction_proxy_null,0.3,0.0,61,4999,estimated,240,0.6848,-0.0017085452232310178,-0.02434304469523745,False,False
mbe3-pgdl-transfer-confirmation-v2,B2_training_loss,interaction_proxy_null,0.3,0.0,62,4999,estimated,240,0.1912,0.0061764247941569995,0.08255724274546689,False,False
mbe3-pgdl-transfer-confirmation-v2,B2_training_loss,interaction_proxy_null,0.3,0.0,63,4999,estimated,240,0.7162,-0.0015077078184510123,-0.01953887700343556,False,False
mbe3-pgdl-transfer-confirmation-v2,B2_training_loss,interaction_proxy_null,0.3,0.0,64,4999,estimated,240,0.1382,0.006822812041049063,0.09464394052126852,False,False
mbe3-pgdl-transfer-confirmation-v2,B2_training_loss,interaction_proxy_null,0.3,0.0,65,4999,estimated,240,0.8136,-0.0011057256509444885,-0.01571673401114356,False,False
mbe3-pgdl-transfer-confirmation-v2,B2_training_loss,interaction_proxy_null,0.3,0.0,66,4999,estimated,240,0.973,-0.0001812271874028435,-0.00214497962705312,False,False
mbe3-pgdl-transfer-confirmation-v2,B2_training_loss,interaction_proxy_null,0.3,0.0,67,4999,estimated,240,0.1578,0.006619415037760709,0.09652811055771075,False,False
mbe3-pgdl-transfer-confirmation-v2,B2_training_loss,interaction_proxy_null,0.3,0.0,68,4999,estimated,240,0.5262,-0.0031610668633257344,-0.04113603666010526,False,False
mbe3-pgdl-transfer-confirmation-v2,B2_training_loss,interaction_proxy_null,0.3,0.0,69,4999,estimated,240,0.0218,0.011349969760137045,0.1423720831052875,False,False
mbe3-pgdl-transfer-confirmation-v2,B2_training_loss,interaction_proxy_null,0.3,0.0,70,4999,estimated,240,0.0984,0.007358906225130973,0.0911664818400976,False,False
mbe3-pgdl-transfer-confirmation-v2,B2_training_loss,interaction_proxy_null,0.3,0.0,71,4999,estimated,240,0.174,0.0063123665747547315,0.07380642368219949,False,False
mbe3-pgdl-transfer-confirmation-v2,B2_training_loss,interaction_proxy_null,0.3,0.0,72,4999,estimated,240,0.808,0.001076152127292906,0.015928955059995576,False,False
mbe3-pgdl-transfer-confirmation-v2,B2_training_loss,interaction_proxy_null,0.3,0.0,73,4999,estimated,240,0.3104,-0.004792982825029947,-0.06960520733422829,False,False
mbe3-pgdl-transfer-confirmation-v2,B2_training_loss,interaction_proxy_null,0.3,0.0,74,4999,estimated,240,0.052,-0.009410398230647996,-0.12007904042440763,False,False
mbe3-pgdl-transfer-confirmation-v2,B2_training_loss,interaction_proxy_null,0.3,0.0,75,4999,estimated,240,0.2694,0.0052341954512782115,0.07202059956832293,False,False
mbe3-pgdl-transfer-confirmation-v2,B2_training_loss,interaction_proxy_null,0.3,0.0,76,4999,estimated,240,0.1066,-0.007550766261867583,-0.09454025343528269,False,False
mbe3-pgdl-transfer-confirmation-v2,B2_training_loss,interaction_proxy_null,0.3,0.0,77,4999,estimated,240,0.1326,0.006250320117467308,0.09073325765686355,False,False
mbe3-pgdl-transfer-confirmation-v2,B2_training_loss,interaction_proxy_null,0.3,0.0,78,4999,estimated,240,0.0622,0.009231056569318333,0.13061081673376276,False,False
mbe3-pgdl-transfer-confirmation-v2,B2_training_loss,interaction_proxy_null,0.3,0.0,79,4999,estimated,240,0.0558,-0.008426385835938296,-0.11665861117724327,False,False
mbe3-pgdl-transfer-confirmation-v2,B2_training_loss,interaction_proxy_null,0.3,0.0,80,4999,estimated,240,0.7404,0.0015284002561681488,0.019376857242214548,False,False
mbe3-pgdl-transfer-confirmation-v2,B2_training_loss,interaction_proxy_null,0.3,0.0,81,4999,estimated,240,0.4338,0.0036078666465034783,0.05360704931760334,False,False
mbe3-pgdl-transfer-confirmation-v2,B2_training_loss,interaction_proxy_null,0.3,0.0,82,4999,estimated,240,0.6636,-0.0017380963077923699,-0.02488219107090828,False,False
mbe3-pgdl-transfer-confirmation-v2,B2_training_loss,interaction_proxy_null,0.3,0.0,83,4999,estimated,240,0.8902,0.0006627024469095584,0.009516015815943012,False,False
mbe3-pgdl-transfer-confirmation-v2,B2_training_loss,interaction_proxy_null,0.3,0.0,84,4999,estimated,240,0.9816,7.196268284688246e-05,0.0012919682671382617,False,False
mbe3-pgdl-transfer-confirmation-v2,B2_training_loss,interaction_proxy_null,0.3,0.0,85,4999,estimated,240,0.0112,0.012033763802646365,0.15348983154635276,False,False
mbe3-pgdl-transfer-confirmation-v2,B2_training_loss,interaction_proxy_null,0.3,0.0,86,4999,estimated,240,0.9352,-0.0003824959672689703,-0.00507600775594374,False,False
mbe3-pgdl-transfer-confirmation-v2,B2_training_loss,interaction_proxy_null,0.3,0.0,87,4999,estimated,240,0.99,-4.7476606509518536e-05,-0.000646472206342152,False,False
mbe3-pgdl-transfer-confirmation-v2,B2_training_loss,interaction_proxy_null,0.3,0.0,88,4999,estimated,240,0.0176,-0.010517783095848061,-0.13599248277192483,False,False
mbe3-pgdl-transfer-confirmation-v2,B2_training_loss,interaction_proxy_null,0.3,0.0,89,4999,estimated,240,0.518,0.002803926740576634,0.039584700845651716,False,False
mbe3-pgdl-transfer-confirmation-v2,B2_training_loss,interaction_proxy_null,0.3,0.0,90,4999,estimated,240,0.2486,-0.004947837703422491,-0.0681302536671198,False,False
mbe3-pgdl-transfer-confirmation-v2,B2_training_loss,interaction_proxy_null,0.3,0.0,91,4999,estimated,240,0.064,0.008754452772868036,0.11031752837815248,False,False
mbe3-pgdl-transfer-confirmation-v2,B2_training_loss,interaction_proxy_null,0.3,0.0,92,4999,estimated,240,0.7958,0.0011957060958998353,0.015181302572167134,False,False
mbe3-pgdl-transfer-confirmation-v2,B2_training_loss,interaction_proxy_null,0.3,0.0,93,4999,estimated,240,0.5214,0.002525402041516576,0.03808812965790273,False,False
mbe3-pgdl-transfer-confirmation-v2,B2_training_loss,interaction_proxy_null,0.3,0.0,94,4999,estimated,240,0.352,-0.004316314966936648,-0.055380840745319876,False,False
mbe3-pgdl-transfer-confirmation-v2,B2_training_loss,interaction_proxy_null,0.3,0.0,95,4999,estimated,240,0.439,-0.0032262988623111785,-0.04416627035252063,False,False
mbe3-pgdl-transfer-confirmation-v2,B2_training_loss,interaction_proxy_null,0.3,0.0,96,4999,estimated,240,0.0214,0.010850636705834537,0.14751383807859897,False,False
mbe3-pgdl-transfer-confirmation-v2,B2_training_loss,interaction_proxy_null,0.3,0.0,97,4999,estimated,240,0.8474,0.0010760745962525747,0.013310318173094485,False,False
mbe3-pgdl-transfer-confirmation-v2,B2_training_loss,interaction_proxy_null,0.3,0.0,98,4999,estimated,240,0.4774,-0.0030057270039873605,-0.04544656558171249,False,False
mbe3-pgdl-transfer-confirmation-v2,B2_training_loss,interaction_proxy_null,0.3,0.0,99,4999,estimated,240,0.753,-0.0016598220574732148,-0.02317027738122104,False,False
mbe3-pgdl-transfer-confirmation-v2,B2_training_loss,interaction_proxy_null,0.8,0.0,0,4999,estimated,240,0.0088,0.011613434122333377,0.14376922996811342,False,False
mbe3-pgdl-transfer-confirmation-v2,B2_training_loss,interaction_proxy_null,0.8,0.0,1,4999,estimated,240,0.1144,-0.007233086214432057,-0.09403283444201734,False,False
mbe3-pgdl-transfer-confirmation-v2,B2_training_loss,interaction_proxy_null,0.8,0.0,2,4999,estimated,240,0.681,0.0019227632278662878,0.02822040645623916,False,False
mbe3-pgdl-transfer-confirmation-v2,B2_training_loss,interaction_proxy_null,0.8,0.0,3,4999,estimated,240,0.0258,0.010904118898093174,0.13726258778376427,False,False
mbe3-pgdl-transfer-confirmation-v2,B2_training_loss,interaction_proxy_null,0.8,0.0,4,4999,estimated,240,0.354,0.004720167216224134,0.06238093481687903,False,False
mbe3-pgdl-transfer-confirmation-v2,B2_training_loss,interaction_proxy_null,0.8,0.0,5,4999,estimated,240,0.5726,0.0020863748767163503,0.033982165217134194,False,False
mbe3-pgdl-transfer-confirmation-v2,B2_training_loss,interaction_proxy_null,0.8,0.0,6,4999,estimated,240,0.6038,-0.002486742599362841,-0.03687109407499939,False,False
mbe3-pgdl-transfer-confirmation-v2,B2_training_loss,interaction_proxy_null,0.8,0.0,7,4999,estimated,240,0.6228,0.00207604900573923,0.029942965005712908,False,False
mbe3-pgdl-transfer-confirmation-v2,B2_training_loss,interaction_proxy_null,0.8,0.0,8,4999,estimated,240,0.925,0.000510485988004709,0.00681364947196263,False,False
mbe3-pgdl-transfer-confirmation-v2,B2_training_loss,interaction_proxy_null,0.8,0.0,9,4999,estimated,240,0.3038,0.004543008481904028,0.06413461911571822,False,False
mbe3-pgdl-transfer-confirmation-v2,B2_training_loss,interaction_proxy_null,0.8,0.0,10,4999,estimated,240,0.2516,0.005296544858560983,0.07319229930085215,False,False
mbe3-pgdl-transfer-confirmation-v2,B2_training_loss,interaction_proxy_null,0.8,0.0,11,4999,estimated,240,0.5842,-0.0025962808145639027,-0.033618177465720385,False,False
mbe3-pgdl-transfer-confirmation-v2,B2_training_loss,interaction_proxy_null,0.8,0.0,12,4999,estimated,240,0.536,-0.0028943562760331536,-0.03871320384418441,False,False
mbe3-pgdl-transfer-confirmation-v2,B2_training_loss,interaction_proxy_null,0.8,0.0,13,4999,estimated,240,0.1628,-0.006092500360097203,-0.08682152925220343,False,False
mbe3-pgdl-transfer-confirmation-v2,B2_training_loss,interaction_proxy_null,0.8,0.0,14,4999,estimated,240,0.868,-0.0007187886888347918,-0.010945395494352054,False,False
mbe3-pgdl-transfer-confirmation-v2,B2_training_loss,interaction_proxy_null,0.8,0.0,15,4999,estimated,240,0.1454,0.00657508993861571,0.09383410085103068,False,False
mbe3-pgdl-transfer-confirmation-v2,B2_training_loss,interaction_proxy_null,0.8,0.0,16,4999,estimated,240,0.9514,0.0002696872470363147,0.003980266609103538,False,False
mbe3-pgdl-transfer-confirmation-v2,B2_training_loss,interaction_proxy_null,0.8,0.0,17,4999,estimated,240,0.315,0.006357721307385195,0.06808818554023224,False,False
mbe3-pgdl-transfer-confirmation-v2,B2_training_loss,interaction_proxy_null,0.8,0.0,18,4999,estimated,240,0.575,0.002454737738380543,0.03457054409206096,False,False
mbe3-pgdl-transfer-confirmation-v2,B2_training_loss,interaction_proxy_null,0.8,0.0,19,4999,estimated,240,0.443,-0.0032601589510225745,-0.04402756015216858,False,False
mbe3-pgdl-transfer-confirmation-v2,B2_training_loss,interaction_proxy_null,0.8,0.0,20,4999,estimated,240,0.7718,-0.001302098800283122,-0.018069103104700498,False,False
mbe3-pgdl-transfer-confirmation-v2,B2_training_loss,interaction_proxy_null,0.8,0.0,21,4999,estimated,240,0.4952,0.0033204882459604815,0.054884837587138156,False,False
mbe3-pgdl-transfer-confirmation-v2,B2_training_loss,interaction_proxy_null,0.8,0.0,22,4999,estimated,240,0.0874,0.007721719280579635,0.10355227008628584,False,False
mbe3-pgdl-transfer-confirmation-v2,B2_training_loss,interaction_proxy_null,0.8,0.0,23,4999,estimated,240,0.1076,-0.006392126329950452,-0.08369181600248633,False,False
mbe3-pgdl-transfer-confirmation-v2,B2_training_loss,interaction_proxy_null,0.8,0.0,24,4999,estimated,240,0.7962,0.0012050350942422897,0.016458670494962552,False,False
mbe3-pgdl-transfer-confirmation-v2,B2_training_loss,interaction_proxy_null,0.8,0.0,25,4999,estimated,240,0.018,-0.01125442540715355,-0.15529047359511192,False,False
mbe3-pgdl-transfer-confirmation-v2,B2_training_loss,interaction_proxy_null,0.8,0.0,26,4999,estimated,240,0.2844,-0.005408809910041482,-0.06536438511734595,False,False
mbe3-pgdl-transfer-confirmation-v2,B2_training_loss,interaction_proxy_null,0.8,0.0,27,4999,estimated,240,0.9154,-0.00044445787703929047,-0.0074282107650111345,False,False
mbe3-pgdl-transfer-confirmation-v2,B2_training_loss,interaction_proxy_null,0.8,0.0,28,4999,estimated,240,0.01,0.012634808165609825,0.15296916913963016,False,False
mbe3-pgdl-transfer-confirmation-v2,B2_training_loss,interaction_proxy_null,0.8,0.0,29,4999,estimated,240,0.9516,0.0002673176681285467,0.0036832678784014658,False,False
mbe3-pgdl-transfer-confirmation-v2,B2_training_loss,interaction_proxy_null,0.8,0.0,30,4999,estimated,240,0.1952,-0.005556080755475393,-0.06799788131521135,False,False
mbe3-pgdl-transfer-confirmation-v2,B2_training_loss,interaction_proxy_null,0.8,0.0,31,4999,estimated,240,0.9282,-0.0003891407956173436,-0.005130358736384209,False,False
mbe3-pgdl-transfer-confirmation-v2,B2_training_loss,interaction_proxy_null,0.8,0.0,32,4999,estimated,240,0.502,-0.003014731472649874,-0.042401309867146596,False,False
mbe3-pgdl-transfer-confirmation-v2,B2_training_loss,interaction_proxy_null,0.8,0.0,33,4999,estimated,240,0.0606,0.0080719915317266,0.11387557475060392,False,False
mbe3-pgdl-transfer-confirmation-v2,B2_training_loss,interaction_proxy_null,0.8,0.0,34,4999,estimated,240,0.0296,0.009508583939292622,0.13366405657510824,False,False
mbe3-pgdl-transfer-confirmation-v2,B2_training_loss,interaction_proxy_null,0.8,0.0,35,4999,estimated,240,0.2154,0.005333689582324083,0.07893622335318548,False,False
mbe3-pgdl-transfer-confirmation-v2,B2_training_loss,interaction_proxy_null,0.8,0.0,36,4999,estimated,240,0.3572,0.004184330904781697,0.05170366500498445,False,False
mbe3-pgdl-transfer-confirmation-v2,B2_training_loss,interaction_proxy_null,0.8,0.0,37,4999,estimated,240,0.0162,0.011841283636524487,0.15740957024808275,False,False
mbe3-pgdl-transfer-confirmation-v2,B2_training_loss,interaction_proxy_null,0.8,0.0,38,4999,estimated,240,0.9702,0.0001470978975584634,0.002093194513308952,False,False
mbe3-pgdl-transfer-confirmation-v2,B2_training_loss,interaction_proxy_null,0.8,0.0,39,4999,estimated,240,0.295,-0.004634579367929613,-0.0776875036422137,False,False
mbe3-pgdl-transfer-confirmation-v2,B2_training_loss,interaction_proxy_null,0.8,0.0,40,4999,estimated,240,0.148,-0.006059300699352727,-0.10276254570828186,False,False
mbe3-pgdl-transfer-confirmation-v2,B2_training_loss,interaction_proxy_null,0.8,0.0,41,4999,estimated,240,0.0646,-0.0077866811420647395,-0.10540558482619515,False,False
mbe3-pgdl-transfer-confirmation-v2,B2_training_loss,interaction_proxy_null,0.8,0.0,42,4999,estimated,240,0.3644,-0.004241745851287931,-0.057163519310271825,False,False
mbe3-pgdl-transfer-confirmation-v2,B2_training_loss,interaction_proxy_null,0.8,0.0,43,4999,estimated,240,0.1924,-0.005933808828821986,-0.07737065500288416,False,False
mbe3-pgdl-transfer-confirmation-v2,B2_training_loss,interaction_proxy_null,0.8,0.0,44,4999,estimated,240,0.0834,0.0078071158142389895,0.1065184172914809,False,False
mbe3-pgdl-transfer-confirmation-v2,B2_training_loss,interaction_proxy_null,0.8,0.0,45,4999,estimated,240,0.7134,-0.0016624444863569848,-0.023531482092265733,False,False
mbe3-pgdl-transfer-confirmation-v2,B2_training_loss,interaction_proxy_null,0.8,0.0,46,4999,estimated,240,0.7138,-0.0018174509826495593,-0.023642061842513086,False,False
mbe3-pgdl-transfer-confirmation-v2,B2_training_loss,interaction_proxy_null,0.8,0.0,47,4999,estimated,240,0.4202,-0.003330132914678538,-0.047485370981409696,False,False
mbe3-pgdl-transfer-confirmation-v2,B2_training_loss,interaction_proxy_null,0.8,0.0,48,4999,estimated,240,0.2322,0.0046840249770679215,0.07764088880251789,False,False
mbe3-pgdl-transfer-confirmation-v2,B2_training_loss,interaction_proxy_null,0.8,0.0,49,4999,estimated,240,0.3062,0.004472538367466737,0.06524136452527171,False,False
mbe3-pgdl-transfer-confirmation-v2,B2_training_loss,interaction_proxy_null,0.8,0.0,50,4999,estimated,240,0.0444,-0.00927852285411818,-0.1313164224197367,False,False
mbe3-pgdl-transfer-confirmation-v2,B2_training_loss,interaction_proxy_null,0.8,0.0,51,4999,estimated,240,0.4912,-0.0028707875107226014,-0.05050697576521704,False,False
mbe3-pgdl-transfer-confirmation-v2,B2_training_loss,interaction_proxy_null,0.8,0.0,52,4999,estimated,240,0.2438,-0.005070000433784152,-0.0749714660418881,False,False
mbe3-pgdl-transfer-confirmation-v2,B2_training_loss,interaction_proxy_null,0.8,0.0,53,4999,estimated,240,0.247,-0.005719720773446363,-0.08635719052187979,False,False
mbe3-pgdl-transfer-confirmation-v2,B2_training_loss,interaction_proxy_null,0.8,0.0,54,4999,estimated,240,0.0506,0.008706889146146006,0.1213826258817956,False,False
mbe3-pgdl-transfer-confirmation-v2,B2_training_loss,interaction_proxy_null,0.8,0.0,55,4999,estimated,240,0.2874,-0.004797005392037957,-0.06840072413267619,False,False
mbe3-pgdl-transfer-confirmation-v2,B2_training_loss,interaction_proxy_null,0.8,0.0,56,4999,estimated,240,0.639,-0.002065079268195712,-0.024878817740284293,False,False
mbe3-pgdl-transfer-confirmation-v2,B2_training_loss,interaction_proxy_null,0.8,0.0,57,4999,estimated,240,0.2726,0.0047437429661827514,0.07017067915015032,False,False
mbe3-pgdl-transfer-confirmation-v2,B2_training_loss,interaction_proxy_null,0.8,0.0,58,4999,estimated,240,0.0954,-0.008064200145202113,-0.11416665718991097,False,False
mbe3-pgdl-transfer-confirmation-v2,B2_training_loss,interaction_proxy_null,0.8,0.0,59,4999,estimated,240,0.5364,-0.002760382385267371,-0.03275400963727926,False,False
mbe3-pgdl-transfer-confirmation-v2,B2_training_loss,interaction_proxy_null,0.8,0.0,60,4999,estimated,240,0.0886,-0.007614127581319934,-0.10551034802401633,False,False
mbe3-pgdl-transfer-confirmation-v2,B2_training_loss,interaction_proxy_null,0.8,0.0,61,4999,estimated,240,0.9314,0.0003753521346965841,0.005695034300419101,False,False
mbe3-pgdl-transfer-confirmation-v2,B2_training_loss,interaction_proxy_null,0.8,0.0,62,4999,estimated,240,0.24,-0.004799875331429946,-0.062332401359419816,False,False
mbe3-pgdl-transfer-confirmation-v2,B2_training_loss,interaction_proxy_null,0.8,0.0,63,4999,estimated,240,0.5286,-0.002744507232118433,-0.03525952963040687,False,False
mbe3-pgdl-transfer-confirmation-v2,B2_training_loss,interaction_proxy_null,0.8,0.0,64,4999,estimated,240,0.2188,0.005628792740087119,0.07667363835866796,False,False
mbe3-pgdl-transfer-confirmation-v2,B2_training_loss,interaction_proxy_null,0.8,0.0,65,4999,estimated,240,0.299,0.00470307431227702,0.06625421244923958,False,False
mbe3-pgdl-transfer-confirmation-v2,B2_training_loss,interaction_proxy_null,0.8,0.0,66,4999,estimated,240,0.131,0.007352636931849319,0.0964719249261181,False,False
mbe3-pgdl-transfer-confirmation-v2,B2_training_loss,interaction_proxy_null,0.8,0.0,67,4999,estimated,240,0.9654,-0.00016492009690066792,-0.00222286188526472,False,False
mbe3-pgdl-transfer-confirmation-v2,B2_training_loss,interaction_proxy_null,0.8,0.0,68,4999,estimated,240,0.7366,-0.0015233151530914173,-0.02072111927562944,False,False
mbe3-pgdl-transfer-confirmation-v2,B2_training_loss,interaction_proxy_null,0.8,0.0,69,4999,estimated,240,0.6276,0.002192082745769028,0.027147456642977977,False,False
mbe3-pgdl-transfer-confirmation-v2,B2_training_loss,interaction_proxy_null,0.8,0.0,70,4999,estimated,240,0.085,-0.007921425289439971,-0.10398996761031963,False,False
mbe3-pgdl-transfer-confirmation-v2,B2_training_loss,interaction_proxy_null,0.8,0.0,71,4999,estimated,240,0.3572,0.004116062656065969,0.05579747561640451,False,False
mbe3-pgdl-transfer-confirmation-v2,B2_training_loss,interaction_proxy_null,0.8,0.0,72,4999,estimated,240,0.0468,0.008850579540776454,0.11708125634478561,False,False
mbe3-pgdl-transfer-confirmation-v2,B2_training_loss,interaction_proxy_null,0.8,0.0,73,4999,estimated,240,0.9596,-0.00023547187522589367,-0.00319041234953839,False,False
mbe3-pgdl-transfer-confirmation-v2,B2_training_loss,interaction_proxy_null,0.8,0.0,74,4999,estimated,240,0.2804,0.004916536683276037,0.06669261182121228,False,False
mbe3-pgdl-transfer-confirmation-v2,B2_training_loss,interaction_proxy_null,0.8,0.0,75,4999,estimated,240,0.451,-0.0032203194335916735,-0.04632941971454181,False,False
mbe3-pgdl-transfer-confirmation-v2,B2_training_loss,interaction_proxy_null,0.8,0.0,76,4999,estimated,240,0.4536,0.003166151908721433,0.04785227814195321,False,False
mbe3-pgdl-transfer-confirmation-v2,B2_training_loss,interaction_proxy_null,0.8,0.0,77,4999,estimated,240,0.6182,0.0023115111658677774,0.03489687331171477,False,False
mbe3-pgdl-transfer-confirmation-v2,B2_training_loss,interaction_proxy_null,0.8,0.0,78,4999,estimated,240,0.3304,0.004314925145173299,0.06327292306209724,False,False
mbe3-pgdl-transfer-confirmation-v2,B2_training_loss,interaction_proxy_null,0.8,0.0,79,4999,estimated,240,0.4758,0.0029248390904084206,0.042061551026338524,False,False
mbe3-pgdl-transfer-confirmation-v2,B2_training_loss,interaction_proxy_null,0.8,0.0,80,4999,estimated,240,0.284,-0.0051863142628292514,-0.0732343875324926,False,False
mbe3-pgdl-transfer-confirmation-v2,B2_training_loss,interaction_proxy_null,0.8,0.0,81,4999,estimated,240,0.8866,-0.0007306654114206002,-0.00939318916103276,False,False
mbe3-pgdl-transfer-confirmation-v2,B2_training_loss,interaction_proxy_null,0.8,0.0,82,4999,estimated,240,0.744,-0.0012780362627728948,-0.018155983676269572,False,False
mbe3-pgdl-transfer-confirmation-v2,B2_training_loss,interaction_proxy_null,0.8,0.0,83,4999,estimated,240,0.4156,-0.0035298587994119094,-0.06063333690599519,False,False
mbe3-pgdl-transfer-confirmation-v2,B2_training_loss,interaction_proxy_null,0.8,0.0,84,4999,estimated,240,0.651,0.0019941649030903574,0.026930296312126144,False,False
mbe3-pgdl-transfer-confirmation-v2,B2_training_loss,interaction_proxy_null,0.8,0.0,85,4999,estimated,240,0.2134,0.005066503317359168,0.0745442505051735,False,False
mbe3-pgdl-transfer-confirmation-v2,B2_training_loss,interaction_proxy_null,0.8,0.0,86,4999,estimated,240,0.476,-0.0036186776051829192,-0.042789496844973,False,False
mbe3-pgdl-transfer-confirmation-v2,B2_training_loss,interaction_proxy_null,0.8,0.0,87,4999,estimated,240,0.8808,0.0005976922201015034,0.009113799506348198,False,False
mbe3-pgdl-transfer-confirmation-v2,B2_training_loss,interaction_proxy_null,0.8,0.0,88,4999,estimated,240,0.3076,-0.004660873067299633,-0.07150322249238772,False,False
mbe3-pgdl-transfer-confirmation-v2,B2_training_loss,interaction_proxy_null,0.8,0.0,89,4999,estimated,240,0.066,0.00902716471704215,0.105462760305845,False,False
mbe3-pgdl-transfer-confirmation-v2,B2_training_loss,interaction_proxy_null,0.8,0.0,90,4999,estimated,240,0.7526,-0.0014893755778885946,-0.02081851271649568,False,False
mbe3-pgdl-transfer-confirmation-v2,B2_training_loss,interaction_proxy_null,0.8,0.0,91,4999,estimated,240,0.163,0.006161758628668979,0.08100574412375569,False,False
mbe3-pgdl-transfer-confirmation-v2,B2_training_loss,interaction_proxy_null,0.8,0.0,92,4999,estimated,240,0.9528,0.0002419126511212242,0.003737992846086445,False,False
mbe3-pgdl-transfer-confirmation-v2,B2_training_loss,interaction_proxy_null,0.8,0.0,93,4999,estimated,240,0.0568,0.008053482495709472,0.12561050009508448,False,False
mbe3-pgdl-transfer-confirmation-v2,B2_training_loss,interaction_proxy_null,0.8,0.0,94,4999,estimated,240,0.3622,-0.003999731446829708,-0.05468741939422672,False,False
mbe3-pgdl-transfer-confirmation-v2,B2_training_loss,interaction_proxy_null,0.8,0.0,95,4999,estimated,240,0.0288,-0.009362018870252425,-0.14023108941626566,False,False
mbe3-pgdl-transfer-confirmation-v2,B2_training_loss,interaction_proxy_null,0.8,0.0,96,4999,estimated,240,0.1392,0.005455405895864631,0.0812513162718811,False,False
mbe3-pgdl-transfer-confirmation-v2,B2_training_loss,interaction_proxy_null,0.8,0.0,97,4999,estimated,240,0.3508,0.004857630276595171,0.06742121556862112,False,False
mbe3-pgdl-transfer-confirmation-v2,B2_training_loss,interaction_proxy_null,0.8,0.0,98,4999,estimated,240,0.889,0.0005593301764868409,0.008222849567460708,False,False
mbe3-pgdl-transfer-confirmation-v2,B2_training_loss,interaction_proxy_null,0.8,0.0,99,4999,estimated,240,0.3384,0.0039209601878555204,0.05367801648231106,False,False
mbe3-pgdl-transfer-confirmation-v2,B2_training_loss,nonlinear_proxy_null,0.3,0.0,0,4999,estimated,240,0.499,-0.0030331896959871095,-0.042165940930691814,False,False
mbe3-pgdl-transfer-confirmation-v2,B2_training_loss,nonlinear_proxy_null,0.3,0.0,1,4999,estimated,240,0.2702,0.005254729762346358,0.07337153114117036,False,False
mbe3-pgdl-transfer-confirmation-v2,B2_training_loss,nonlinear_proxy_null,0.3,0.0,2,4999,estimated,240,0.0712,-0.008996703780332977,-0.1147791442845502,False,False
mbe3-pgdl-transfer-confirmation-v2,B2_training_loss,nonlinear_proxy_null,0.3,0.0,3,4999,estimated,240,0.4414,-0.003229391027462969,-0.04613111531231884,False,False
mbe3-pgdl-transfer-confirmation-v2,B2_training_loss,nonlinear_proxy_null,0.3,0.0,4,4999,estimated,240,0.0008,0.016023742971439086,0.21927663907848294,True,True
mbe3-pgdl-transfer-confirmation-v2,B2_training_loss,nonlinear_proxy_null,0.3,0.0,5,4999,estimated,240,0.313,0.00454909229808278,0.06069797319761448,False,False
mbe3-pgdl-transfer-confirmation-v2,B2_training_loss,nonlinear_proxy_null,0.3,0.0,6,4999,estimated,240,0.0534,0.007603096230138758,0.09730736130469626,False,False
mbe3-pgdl-transfer-confirmation-v2,B2_training_loss,nonlinear_proxy_null,0.3,0.0,7,4999,estimated,240,0.1404,-0.0058861447784610945,-0.08426180727735846,False,False
mbe3-pgdl-transfer-confirmation-v2,B2_training_loss,nonlinear_proxy_null,0.3,0.0,8,4999,estimated,240,0.53,-0.002650079321784614,-0.03621130002363083,False,False
mbe3-pgdl-transfer-confirmation-v2,B2_training_loss,nonlinear_proxy_null,0.3,0.0,9,4999,estimated,240,0.5566,0.002735623014076044,0.03730885627984163,False,False
mbe3-pgdl-transfer-confirmation-v2,B2_training_loss,nonlinear_proxy_null,0.3,0.0,10,4999,estimated,240,0.0096,0.013470391293415566,0.18410364929846562,False,False
mbe3-pgdl-transfer-confirmation-v2,B2_training_loss,nonlinear_proxy_null,0.3,0.0,11,4999,estimated,240,0.5956,-0.0028290881417279055,-0.03717018474045119,False,False
mbe3-pgdl-transfer-confirmation-v2,B2_training_loss,nonlinear_proxy_null,0.3,0.0,12,4999,estimated,240,0.4214,0.003849894623644945,0.05617756433791322,False,False
mbe3-pgdl-transfer-confirmation-v2,B2_training_loss,nonlinear_proxy_null,0.3,0.0,13,4999,estimated,240,0.6224,-0.0022341541698697983,-0.030658455254289087,False,False
mbe3-pgdl-transfer-confirmation-v2,B2_training_loss,nonlinear_proxy_null,0.3,0.0,14,4999,estimated,240,0.3702,0.003973609492226757,0.05819907646027703,False,False
mbe3-pgdl-transfer-confirmation-v2,B2_training_loss,nonlinear_proxy_null,0.3,0.0,15,4999,estimated,240,0.1124,0.007629148723740647,0.10055815156968267,False,False
mbe3-pgdl-transfer-confirmation-v2,B2_training_loss,nonlinear_proxy_null,0.3,0.0,16,4999,estimated,240,0.6214,0.002136825762989764,0.029752551659612398,False,False
mbe3-pgdl-transfer-confirmation-v2,B2_training_loss,nonlinear_proxy_null,0.3,0.0,17,4999,estimated,240,0.307,0.004141351655300597,0.06143374718318036,False,False
mbe3-pgdl-transfer-confirmation-v2,B2_training_loss,nonlinear_proxy_null,0.3,0.0,18,4999,estimated,240,0.7156,-0.0016487901653779867,-0.020942193022140617,False,False
mbe3-pgdl-transfer-confirmation-v2,B2_training_loss,nonlinear_proxy_null,0.3,0.0,19,4999,estimated,240,0.3628,-0.003972071761852768,-0.057383087733195566,False,False
mbe3-pgdl-transfer-confirmation-v2,B2_training_loss,nonlinear_proxy_null,0.3,0.0,20,4999,estimated,240,0.0506,0.009324219289289292,0.1250729500678382,False,False
mbe3-pgdl-transfer-confirmation-v2,B2_training_loss,nonlinear_proxy_null,0.3,0.0,21,4999,estimated,240,0.0854,0.00745542679519091,0.1003212991848478,False,False
mbe3-pgdl-transfer-confirmation-v2,B2_training_loss,nonlinear_proxy_null,0.3,0.0,22,4999,estimated,240,0.525,-0.0028222744626655322,-0.03705150657373725,False,False
mbe3-pgdl-transfer-confirmation-v2,B2_training_loss,nonlinear_proxy_null,0.3,0.0,23,4999,estimated,240,0.8672,0.0006704002557369309,0.008374767912249724,False,False
mbe3-pgdl-transfer-confirmation-v2,B2_training_loss,nonlinear_proxy_null,0.3,0.0,24,4999,estimated,240,0.704,-0.0014541656716846462,-0.02164352319113538,False,False
mbe3-pgdl-transfer-confirmation-v2,B2_training_loss,nonlinear_proxy_null,0.3,0.0,25,4999,estimated,240,0.8446,-0.0008486046858820003,-0.01245764643824665,False,False
mbe3-pgdl-transfer-confirmation-v2,B2_training_loss,nonlinear_proxy_null,0.3,0.0,26,4999,estimated,240,0.1722,0.005053441251193567,0.07328565677456786,False,False
mbe3-pgdl-transfer-confirmation-v2,B2_training_loss,nonlinear_proxy_null,0.3,0.0,27,4999,estimated,240,0.5816,-0.002586047414525691,-0.03471387887169423,False,False
mbe3-pgdl-transfer-confirmation-v2,B2_training_loss,nonlinear_proxy_null,0.3,0.0,28,4999,estimated,240,0.4556,-0.003639060016204018,-0.05131741483609398,False,False
mbe3-pgdl-transfer-confirmation-v2,B2_training_loss,nonlinear_proxy_null,0.3,0.0,29,4999,estimated,240,0.0324,0.010626810417424451,0.1438116899420708,False,False
mbe3-pgdl-transfer-confirmation-v2,B2_training_loss,nonlinear_proxy_null,0.3,0.0,30,4999,estimated,240,0.6048,0.001994334130674271,0.02774928694890826,False,False
mbe3-pgdl-transfer-confirmation-v2,B2_training_loss,nonlinear_proxy_null,0.3,0.0,31,4999,estimated,240,0.7454,-0.001520602947897606,-0.020367300093650273,False,False
mbe3-pgdl-transfer-confirmation-v2,B2_training_loss,nonlinear_proxy_null,0.3,0.0,32,4999,estimated,240,0.2892,0.004827293236419638,0.0665259836519068,False,False
mbe3-pgdl-transfer-confirmation-v2,B2_training_loss,nonlinear_proxy_null,0.3,0.0,33,4999,estimated,240,0.9886,6.273432412948314e-05,0.0009089986925148896,False,False
mbe3-pgdl-transfer-confirmation-v2,B2_training_loss,nonlinear_proxy_null,0.3,0.0,34,4999,estimated,240,0.2674,0.005076426698039255,0.07701653215255157,False,False
mbe3-pgdl-transfer-confirmation-v2,B2_training_loss,nonlinear_proxy_null,0.3,0.0,35,4999,estimated,240,0.97,0.00020561876857578726,0.0024375121133255024,False,False
mbe3-pgdl-transfer-confirmation-v2,B2_training_loss,nonlinear_proxy_null,0.3,0.0,36,4999,estimated,240,0.0216,0.010742557386705993,0.14536851122903535,False,False
mbe3-pgdl-transfer-confirmation-v2,B2_training_loss,nonlinear_proxy_null,0.3,0.0,37,4999,estimated,240,0.503,-0.0036013021038409604,-0.03899108800637549,False,False
mbe3-pgdl-transfer-confirmation-v2,B2_training_loss,nonlinear_proxy_null,0.3,0.0,38,4999,estimated,240,0.0056,-0.011661000184705428,-0.16175700506139531,False,False
mbe3-pgdl-transfer-confirmation-v2,B2_training_loss,nonlinear_proxy_null,0.3,0.0,39,4999,estimated,240,0.8942,0.0006033500665304677,0.008428272729599605,False,False
mbe3-pgdl-transfer-confirmation-v2,B2_training_loss,nonlinear_proxy_null,0.3,0.0,40,4999,estimated,240,0.9496,0.0002845578452778818,0.0037395377794965804,False,False
mbe3-pgdl-transfer-confirmation-v2,B2_training_loss,nonlinear_proxy_null,0.3,0.0,41,4999,estimated,240,0.7144,0.0017196211919635427,0.02005826280280934,False,False
mbe3-pgdl-transfer-confirmation-v2,B2_training_loss,nonlinear_proxy_null,0.3,0.0,42,4999,estimated,240,0.0572,-0.007059917599929692,-0.10379724390694647,False,False
mbe3-pgdl-transfer-confirmation-v2,B2_training_loss,nonlinear_proxy_null,0.3,0.0,43,4999,estimated,240,0.0782,0.007818197327312796,0.11337163648908387,False,False
mbe3-pgdl-transfer-confirmation-v2,B2_training_loss,nonlinear_proxy_null,0.3,0.0,44,4999,estimated,240,0.2616,0.004657604650524877,0.07535647130479158,False,False
mbe3-pgdl-transfer-confirmation-v2,B2_training_loss,nonlinear_proxy_null,0.3,0.0,45,4999,estimated,240,0.113,-0.006933787337216956,-0.0974716391519839,False,False
mbe3-pgdl-transfer-confirmation-v2,B2_training_loss,nonlinear_proxy_null,0.3,0.0,46,4999,estimated,240,0.7582,-0.0015115100856361715,-0.018574961260102434,False,False
mbe3-pgdl-transfer-confirmation-v2,B2_training_loss,nonlinear_proxy_null,0.3,0.0,47,4999,estimated,240,0.3564,-0.004094368755260634,-0.052427679569575406,False,False
mbe3-pgdl-transfer-confirmation-v2,B2_training_loss,nonlinear_proxy_null,0.3,0.0,48,4999,estimated,240,0.3194,-0.004370923649680619,-0.06294973896417834,False,False
mbe3-pgdl-transfer-confirmation-v2,B2_training_loss,nonlinear_proxy_null,0.3,0.0,49,4999,estimated,240,0.2,0.006571765910430738,0.08119689132663922,False,False
mbe3-pgdl-transfer-confirmation-v2,B2_training_loss,nonlinear_proxy_null,0.3,0.0,50,4999,estimated,240,0.5094,0.0032174830496649776,0.040907183624741446,False,False
mbe3-pgdl-transfer-confirmation-v2,B2_training_loss,nonlinear_proxy_null,0.3,0.0,51,4999,estimated,240,0.0064,0.011118338595377194,0.17279789540119855,False,False
mbe3-pgdl-transfer-confirmation-v2,B2_training_loss,nonlinear_proxy_null,0.3,0.0,52,4999,estimated,240,0.3978,0.004212417212605823,0.057487735841822894,False,False
mbe3-pgdl-transfer-confirmation-v2,B2_training_loss,nonlinear_proxy_null,0.3,0.0,53,4999,estimated,240,0.9856,7.969748914126625e-05,0.00113887162539453,False,False
mbe3-pgdl-transfer-confirmation-v2,B2_training_loss,nonlinear_proxy_null,0.3,0.0,54,4999,estimated,240,0.1796,-0.006291242367148283,-0.07919146773258068,False,False
mbe3-pgdl-transfer-confirmation-v2,B2_training_loss,nonlinear_proxy_null,0.3,0.0,55,4999,estimated,240,0.141,-0.00655598689246456,-0.09067202365902204,False,False
mbe3-pgdl-transfer-confirmation-v2,B2_training_loss,nonlinear_proxy_null,0.3,0.0,56,4999,estimated,240,0.074,0.008736117620288935,0.10668629811164859,False,False
mbe3-pgdl-transfer-confirmation-v2,B2_training_loss,nonlinear_proxy_null,0.3,0.0,57,4999,estimated,240,0.8562,-0.0008205975751352943,-0.011609423928103548,False,False
mbe3-pgdl-transfer-confirmation-v2,B2_training_loss,nonlinear_proxy_null,0.3,0.0,58,4999,estimated,240,0.3958,-0.004393365151127508,-0.05227803651611137,False,False
mbe3-pgdl-transfer-confirmation-v2,B2_training_loss,nonlinear_proxy_null,0.3,0.0,59,4999,estimated,240,0.7764,0.0012568100138657414,0.017337485499696527,False,False
mbe3-pgdl-transfer-confirmation-v2,B2_training_loss,nonlinear_proxy_null,0.3,0.0,60,4999,estimated,240,0.8408,-0.0008939808879766374,-0.012943145376954072,False,False
mbe3-pgdl-transfer-confirmation-v2,B2_training_loss,nonlinear_proxy_null,0.3,0.0,61,4999,estimated,240,0.3082,-0.00474740205256958,-0.06387636613262622,False,False
mbe3-pgdl-transfer-confirmation-v2,B2_training_loss,nonlinear_proxy_null,0.3,0.0,62,4999,estimated,240,0.2896,0.005031852680499313,0.060567529537617376,False,False
mbe3-pgdl-transfer-confirmation-v2,B2_training_loss,nonlinear_proxy_null,0.3,0.0,63,4999,estimated,240,0.2028,0.006185321604074104,0.08846038874197483,False,False
mbe3-pgdl-transfer-confirmation-v2,B2_training_loss,nonlinear_proxy_null,0.3,0.0,64,4999,estimated,240,0.1342,0.006811865308826906,0.09811244199464048,False,False
mbe3-pgdl-transfer-confirmation-v2,B2_training_loss,nonlinear_proxy_null,0.3,0.0,65,4999,estimated,240,0.0204,-0.010169323553213545,-0.15477932245698925,False,False
mbe3-pgdl-transfer-confirmation-v2,B2_training_loss,nonlinear_proxy_null,0.3,0.0,66,4999,estimated,240,0.847,0.0008002318406300884,0.011617435219068896,False,False
mbe3-pgdl-transfer-confirmation-v2,B2_training_loss,nonlinear_proxy_null,0.3,0.0,67,4999,estimated,240,0.5934,-0.00235513018896711,-0.03345410411641408,False,False
mbe3-pgdl-transfer-confirmation-v2,B2_training_loss,nonlinear_proxy_null,0.3,0.0,68,4999,estimated,240,0.9566,-0.00025640673979902595,-0.0033824630754271915,False,False
mbe3-pgdl-transfer-confirmation-v2,B2_training_loss,nonlinear_proxy_null,0.3,0.0,69,4999,estimated,240,0.677,0.0018570749643350402,0.025239707668250972,False,False
mbe3-pgdl-transfer-confirmation-v2,B2_training_loss,nonlinear_proxy_null,0.3,0.0,70,4999,estimated,240,0.2266,0.005634139124930674,0.08301133642691069,False,False
mbe3-pgdl-transfer-confirmation-v2,B2_training_loss,nonlinear_proxy_null,0.3,0.0,71,4999,estimated,240,0.4712,0.0027698306293034965,0.03705622729535482,False,False
mbe3-pgdl-transfer-confirmation-v2,B2_training_loss,nonlinear_proxy_null,0.3,0.0,72,4999,estimated,240,0.8332,0.0010298241575187543,0.013780294976865384,False,False
mbe3-pgdl-transfer-confirmation-v2,B2_training_loss,nonlinear_proxy_null,0.3,0.0,73,4999,estimated,240,0.603,-0.0018922239906238826,-0.03156097279262851,False,False
mbe3-pgdl-transfer-confirmation-v2,B2_training_loss,nonlinear_proxy_null,0.3,0.0,74,4999,estimated,240,0.5986,0.0022558833319420977,0.03508170798378622,False,False
mbe3-pgdl-transfer-confirmation-v2,B2_training_loss,nonlinear_proxy_null,0.3,0.0,75,4999,estimated,240,0.2592,0.005193897093947917,0.07392369371765822,False,False
mbe3-pgdl-transfer-confirmation-v2,B2_training_loss,nonlinear_proxy_null,0.3,0.0,76,4999,estimated,240,0.9758,-0.00013049460191150026,-0.0015748197670584533,False,False
mbe3-pgdl-transfer-confirmation-v2,B2_training_loss,nonlinear_proxy_null,0.3,0.0,77,4999,estimated,240,0.4542,-0.003334674835229921,-0.04534924064233291,False,False
mbe3-pgdl-transfer-confirmation-v2,B2_training_loss,nonlinear_proxy_null,0.3,0.0,78,4999,estimated,240,0.8806,0.0008422920080191862,0.010153179487626483,False,False
mbe3-pgdl-transfer-confirmation-v2,B2_training_loss,nonlinear_proxy_null,0.3,0.0,79,4999,estimated,240,0.007,0.010841905726406299,0.19343626435332884,False,False
mbe3-pgdl-transfer-confirmation-v2,B2_training_loss,nonlinear_proxy_null,0.3,0.0,80,4999,estimated,240,0.3194,0.004689672687913327,0.06302322663373491,False,False
mbe3-pgdl-transfer-confirmation-v2,B2_training_loss,nonlinear_proxy_null,0.3,0.0,81,4999,estimated,240,0.2702,-0.004823712444994384,-0.06789883105109697,False,False
mbe3-pgdl-transfer-confirmation-v2,B2_training_loss,nonlinear_proxy_null,0.3,0.0,82,4999,estimated,240,0.6964,0.0016343617072129665,0.023652015565287003,False,False
mbe3-pgdl-transfer-confirmation-v2,B2_training_loss,nonlinear_proxy_null,0.3,0.0,83,4999,estimated,240,0.0644,0.01003459215732865,0.12060311889464716,False,False
mbe3-pgdl-transfer-confirmation-v2,B2_training_loss,nonlinear_proxy_null,0.3,0.0,84,4999,estimated,240,0.5558,0.002971456064671903,0.03745608237010107,False,False
mbe3-pgdl-transfer-confirmation-v2,B2_training_loss,nonlinear_proxy_null,0.3,0.0,85,4999,estimated,240,0.1466,0.006877046705521512,0.0874929386050738,False,False
mbe3-pgdl-transfer-confirmation-v2,B2_training_loss,nonlinear_proxy_null,0.3,0.0,86,4999,estimated,240,0.8658,0.0008260322270330037,0.011267809563685265,False,False
mbe3-pgdl-transfer-confirmation-v2,B2_training_loss,nonlinear_proxy_null,0.3,0.0,87,4999,estimated,240,0.541,0.0027753750439033814,0.03519266815390293,False,False
mbe3-pgdl-transfer-confirmation-v2,B2_training_loss,nonlinear_proxy_null,0.3,0.0,88,4999,estimated,240,0.0694,-0.008379539545256703,-0.10937533727640608,False,False
mbe3-pgdl-transfer-confirmation-v2,B2_training_loss,nonlinear_proxy_null,0.3,0.0,89,4999,estimated,240,0.8292,0.0009737120801155369,0.014639879668959448,False,False
mbe3-pgdl-transfer-confirmation-v2,B2_training_loss,nonlinear_proxy_null,0.3,0.0,90,4999,estimated,240,0.128,-0.006084084640661943,-0.07962025987511258,False,False
mbe3-pgdl-transfer-confirmation-v2,B2_training_loss,nonlinear_proxy_null,0.3,0.0,91,4999,estimated,240,0.2682,-0.004957230285671342,-0.07414335743991503,False,False
mbe3-pgdl-transfer-confirmation-v2,B2_training_loss,nonlinear_proxy_null,0.3,0.0,92,4999,estimated,240,0.189,-0.006098239417843677,-0.07935593514780354,False,False
mbe3-pgdl-transfer-confirmation-v2,B2_training_loss,nonlinear_proxy_null,0.3,0.0,93,4999,estimated,240,0.582,0.002692610845542487,0.036940641556253595,False,False
mbe3-pgdl-transfer-confirmation-v2,B2_training_loss,nonlinear_proxy_null,0.3,0.0,94,4999,estimated,240,0.7332,0.001430487377484122,0.024065457345955787,False,False
mbe3-pgdl-transfer-confirmation-v2,B2_training_loss,nonlinear_proxy_null,0.3,0.0,95,4999,estimated,240,0.9536,0.0002791774131688368,0.003247609590508011,False,False
mbe3-pgdl-transfer-confirmation-v2,B2_training_loss,nonlinear_proxy_null,0.3,0.0,96,4999,estimated,240,0.4154,-0.0035555945759838383,-0.049489178114666084,False,False
mbe3-pgdl-transfer-confirmation-v2,B2_training_loss,nonlinear_proxy_null,0.3,0.0,97,4999,estimated,240,0.559,0.0024591657668303684,0.0351635686975573,False,False
mbe3-pgdl-transfer-confirmation-v2,B2_training_loss,nonlinear_proxy_null,0.3,0.0,98,4999,estimated,240,0.2436,0.004610553803275808,0.0681481829382876,False,False
mbe3-pgdl-transfer-confirmation-v2,B2_training_loss,nonlinear_proxy_null,0.3,0.0,99,4999,estimated,240,0.5382,-0.003177374535001916,-0.04247215907142213,False,False
mbe3-pgdl-transfer-confirmation-v2,B2_training_loss,nonlinear_proxy_null,0.8,0.0,0,4999,estimated,240,0.003,0.013232595232826716,0.18154953643829141,False,False
mbe3-pgdl-transfer-confirmation-v2,B2_training_loss,nonlinear_proxy_null,0.8,0.0,1,4999,estimated,240,0.9552,0.00024806762117278225,0.0031508047765548314,False,False
mbe3-pgdl-transfer-confirmation-v2,B2_training_loss,nonlinear_proxy_null,0.8,0.0,2,4999,estimated,240,0.6742,0.001801884801166179,0.03141360950146063,False,False
mbe3-pgdl-transfer-confirmation-v2,B2_training_loss,nonlinear_proxy_null,0.8,0.0,3,4999,estimated,240,0.503,0.0026493789702013936,0.04251293931839383,False,False
mbe3-pgdl-transfer-confirmation-v2,B2_training_loss,nonlinear_proxy_null,0.8,0.0,4,4999,estimated,240,0.9728,0.00012267330102113834,0.001957397143885709,False,False
mbe3-pgdl-transfer-confirmation-v2,B2_training_loss,nonlinear_proxy_null,0.8,0.0,5,4999,estimated,240,0.2032,-0.005514972904956803,-0.07412009292605834,False,False
mbe3-pgdl-transfer-confirmation-v2,B2_training_loss,nonlinear_proxy_null,0.8,0.0,6,4999,estimated,240,0.9508,0.00025441263805841034,0.0031935157928363604,False,False
mbe3-pgdl-transfer-confirmation-v2,B2_training_loss,nonlinear_proxy_null,0.8,0.0,7,4999,estimated,240,0.3226,0.00430741481773417,0.054550425261574914,False,False
mbe3-pgdl-transfer-confirmation-v2,B2_training_loss,nonlinear_proxy_null,0.8,0.0,8,4999,estimated,240,0.2914,0.004767573429487074,0.06160775571992562,False,False
mbe3-pgdl-transfer-confirmation-v2,B2_training_loss,nonlinear_proxy_null,0.8,0.0,9,4999,estimated,240,0.077,-0.00716686480441423,-0.10235698634171964,False,False
mbe3-pgdl-transfer-confirmation-v2,B2_training_loss,nonlinear_proxy_null,0.8,0.0,10,4999,estimated,240,0.5676,-0.0023656590824757177,-0.03325014713214247,False,False
mbe3-pgdl-transfer-confirmation-v2,B2_training_loss,nonlinear_proxy_null,0.8,0.0,11,4999,estimated,240,0.3214,-0.004909386438732829,-0.053258383876738355,False,False
mbe3-pgdl-transfer-confirmation-v2,B2_training_loss,nonlinear_proxy_null,0.8,0.0,12,4999,estimated,240,0.561,-0.002880993180371367,-0.03707363751489042,False,False
mbe3-pgdl-transfer-confirmation-v2,B2_training_loss,nonlinear_proxy_null,0.8,0.0,13,4999,estimated,240,0.5862,0.0021656225062330722,0.03183787826106638,False,False
mbe3-pgdl-transfer-confirmation-v2,B2_training_loss,nonlinear_proxy_null,0.8,0.0,14,4999,estimated,240,0.6874,0.0017769051424642367,0.027660106403519947,False,False
mbe3-pgdl-transfer-confirmation-v2,B2_training_loss,nonlinear_proxy_null,0.8,0.0,15,4999,estimated,240,0.7352,0.001503329078407105,0.022692230928782673,False,False
mbe3-pgdl-transfer-confirmation-v2,B2_training_loss,nonlinear_proxy_null,0.8,0.0,16,4999,estimated,240,0.7098,0.0015562975768891535,0.026133390448899143,False,False
mbe3-pgdl-transfer-confirmation-v2,B2_training_loss,nonlinear_proxy_null,0.8,0.0,17,4999,estimated,240,0.0586,0.007120893887856139,0.11291732276603995,False,False
mbe3-pgdl-transfer-confirmation-v2,B2_training_loss,nonlinear_proxy_null,0.8,0.0,18,4999,estimated,240,0.742,0.0014316781454819614,0.020058626695185416,False,False
mbe3-pgdl-transfer-confirmation-v2,B2_training_loss,nonlinear_proxy_null,0.8,0.0,19,4999,estimated,240,0.684,-0.0016607211401957213,-0.023584619518922562,False,False
mbe3-pgdl-transfer-confirmation-v2,B2_training_loss,nonlinear_proxy_null,0.8,0.0,20,4999,estimated,240,0.8106,-0.0009523484477021722,-0.013449609757816446,False,False
mbe3-pgdl-transfer-confirmation-v2,B2_training_loss,nonlinear_proxy_null,0.8,0.0,21,4999,estimated,240,0.5652,-0.00241100490160595,-0.03254308350639457,False,False
mbe3-pgdl-transfer-confirmation-v2,B2_training_loss,nonlinear_proxy_null,0.8,0.0,22,4999,estimated,240,0.9374,0.00031796672714896543,0.004720431384317172,False,False
mbe3-pgdl-transfer-confirmation-v2,B2_training_loss,nonlinear_proxy_null,0.8,0.0,23,4999,estimated,240,0.6918,-0.0019906663420300548,-0.023481945472815825,False,False
mbe3-pgdl-transfer-confirmation-v2,B2_training_loss,nonlinear_proxy_null,0.8,0.0,24,4999,estimated,240,0.3056,0.004958300685721214,0.07383897513287371,False,False
mbe3-pgdl-transfer-confirmation-v2,B2_training_loss,nonlinear_proxy_null,0.8,0.0,25,4999,estimated,240,0.6668,0.0018956336660330808,0.027458409524063657,False,False
mbe3-pgdl-transfer-confirmation-v2,B2_training_loss,nonlinear_proxy_null,0.8,0.0,26,4999,estimated,240,0.2766,0.005531128805860885,0.06373707836526807,False,False
mbe3-pgdl-transfer-confirmation-v2,B2_training_loss,nonlinear_proxy_null,0.8,0.0,27,4999,estimated,240,0.3296,-0.004131486972802505,-0.05852806517356111,False,False
mbe3-pgdl-transfer-confirmation-v2,B2_training_loss,nonlinear_proxy_null,0.8,0.0,28,4999,estimated,240,0.6056,-0.0022801350523216153,-0.03843399867915832,False,False
mbe3-pgdl-transfer-confirmation-v2,B2_training_loss,nonlinear_proxy_null,0.8,0.0,29,4999,estimated,240,0.9074,0.0004948047988731259,0.006917467651425014,False,False
mbe3-pgdl-transfer-confirmation-v2,B2_training_loss,nonlinear_proxy_null,0.8,0.0,30,4999,estimated,240,0.3974,0.0032755246492408006,0.04621202902748685,False,False
mbe3-pgdl-transfer-confirmation-v2,B2_training_loss,nonlinear_proxy_null,0.8,0.0,31,4999,estimated,240,0.288,0.00502718254179624,0.07552133254400162,False,False
mbe3-pgdl-transfer-confirmation-v2,B2_training_loss,nonlinear_proxy_null,0.8,0.0,32,4999,estimated,240,0.3704,0.004401623006837185,0.05305745850810761,False,False
mbe3-pgdl-transfer-confirmation-v2,B2_training_loss,nonlinear_proxy_null,0.8,0.0,33,4999,estimated,240,0.5022,-0.003114826523157582,-0.04079114336040914,False,False
mbe3-pgdl-transfer-confirmation-v2,B2_training_loss,nonlinear_proxy_null,0.8,0.0,34,4999,estimated,240,0.0722,-0.007271987389552814,-0.09483411269551101,False,False
mbe3-pgdl-transfer-confirmation-v2,B2_training_loss,nonlinear_proxy_null,0.8,0.0,35,4999,estimated,240,0.1252,-0.005813336536056942,-0.08368410440033716,False,False
mbe3-pgdl-transfer-confirmation-v2,B2_training_loss,nonlinear_proxy_null,0.8,0.0,36,4999,estimated,240,0.4106,-0.003761699270858926,-0.05178471057251751,False,False
mbe3-pgdl-transfer-confirmation-v2,B2_training_loss,nonlinear_proxy_null,0.8,0.0,37,4999,estimated,240,0.9216,-0.00044474741510012024,-0.006260602044619383,False,False
mbe3-pgdl-transfer-confirmation-v2,B2_training_loss,nonlinear_proxy_null,0.8,0.0,38,4999,estimated,240,0.775,0.0011726278851194377,0.01667357722158888,False,False
mbe3-pgdl-transfer-confirmation-v2,B2_training_loss,nonlinear_proxy_null,0.8,0.0,39,4999,estimated,240,0.6546,0.0021965440834482244,0.0329637166841551,False,False
mbe3-pgdl-transfer-confirmation-v2,B2_training_loss,nonlinear_proxy_null,0.8,0.0,40,4999,estimated,240,0.9376,-0.0003443171116927613,-0.005089611271083455,False,False
mbe3-pgdl-transfer-confirmation-v2,B2_training_loss,nonlinear_proxy_null,0.8,0.0,41,4999,estimated,240,0.0146,0.01084397951026453,0.136255411710733,False,False
mbe3-pgdl-transfer-confirmation-v2,B2_training_loss,nonlinear_proxy_null,0.8,0.0,42,4999,estimated,240,0.9134,0.0005380820749620555,0.006827284177414777,False,False
mbe3-pgdl-transfer-confirmation-v2,B2_training_loss,nonlinear_proxy_null,0.8,0.0,43,4999,estimated,240,0.6362,-0.002080737763858703,-0.02775708360633682,False,False
mbe3-pgdl-transfer-confirmation-v2,B2_training_loss,nonlinear_proxy_null,0.8,0.0,44,4999,estimated,240,0.8804,-0.000699773878042353,-0.010333336330730452,False,False
mbe3-pgdl-transfer-confirmation-v2,B2_training_loss,nonlinear_proxy_null,0.8,0.0,45,4999,estimated,240,0.3904,-0.0036757939737436566,-0.05158837092360864,False,False
mbe3-pgdl-transfer-confirmation-v2,B2_training_loss,nonlinear_proxy_null,0.8,0.0,46,4999,estimated,240,0.3918,-0.003907445619283486,-0.05358135989579228,False,False
mbe3-pgdl-transfer-confirmation-v2,B2_training_loss,nonlinear_proxy_null,0.8,0.0,47,4999,estimated,240,0.5588,0.0026845005134030608,0.035327172109698025,False,False
mbe3-pgdl-transfer-confirmation-v2,B2_training_loss,nonlinear_proxy_null,0.8,0.0,48,4999,estimated,240,0.3188,-0.004824273955995414,-0.06498573385394658,False,False
mbe3-pgdl-transfer-confirmation-v2,B2_training_loss,nonlinear_proxy_null,0.8,0.0,49,4999,estimated,240,0.181,0.0056586065546746596,0.09341489559937637,False,False
mbe3-pgdl-transfer-confirmation-v2,B2_training_loss,nonlinear_proxy_null,0.8,0.0,50,4999,estimated,240,0.6522,0.0016739840504402831,0.026923458085835284,False,False
mbe3-pgdl-transfer-confirmation-v2,B2_training_loss,nonlinear_proxy_null,0.8,0.0,51,4999,estimated,240,0.327,-0.004346946479686229,-0.05985016915187128,False,False
mbe3-pgdl-transfer-confirmation-v2,B2_training_loss,nonlinear_proxy_null,0.8,0.0,52,4999,estimated,240,0.2482,0.005003561663528569,0.07426410869426363,False,False
mbe3-pgdl-transfer-confirmation-v2,B2_training_loss,nonlinear_proxy_null,0.8,0.0,53,4999,estimated,240,0.945,0.0004086117418448237,0.00444985829032947,False,False
mbe3-pgdl-transfer-confirmation-v2,B2_training_loss,nonlinear_proxy_null,0.8,0.0,54,4999,estimated,240,0.2044,-0.0060788024336723865,-0.07483704888871957,False,False
mbe3-pgdl-transfer-confirmation-v2,B2_training_loss,nonlinear_proxy_null,0.8,0.0,55,4999,estimated,240,0.132,0.007240191741762009,0.1037087470074573,False,False
mbe3-pgdl-transfer-confirmation-v2,B2_training_loss,nonlinear_proxy_null,0.8,0.0,56,4999,estimated,240,0.0454,0.009169211501422915,0.12211768576960415,False,False
mbe3-pgdl-transfer-confirmation-v2,B2_training_loss,nonlinear_proxy_null,0.8,0.0,57,4999,estimated,240,0.0816,-0.007006259880060581,-0.09791850520584916,False,False
mbe3-pgdl-transfer-confirmation-v2,B2_training_loss,nonlinear_proxy_null,0.8,0.0,58,4999,estimated,240,0.009,-0.010912810025814568,-0.15717722222715477,False,False
mbe3-pgdl-transfer-confirmation-v2,B2_training_loss,nonlinear_proxy_null,0.8,0.0,59,4999,estimated,240,0.4368,0.003514976879012112,0.04729648354480263,False,False
mbe3-pgdl-transfer-confirmation-v2,B2_training_loss,nonlinear_proxy_null,0.8,0.0,60,4999,estimated,240,0.1632,0.007111014211153923,0.08902307935425648,False,False
mbe3-pgdl-transfer-confirmation-v2,B2_training_loss,nonlinear_proxy_null,0.8,0.0,61,4999,estimated,240,0.6654,0.0019551018952274906,0.026903371116115512,False,False
mbe3-pgdl-transfer-confirmation-v2,B2_training_loss,nonlinear_proxy_null,0.8,0.0,62,4999,estimated,240,0.863,-0.0008073753334376853,-0.011858762900235733,False,False
mbe3-pgdl-transfer-confirmation-v2,B2_training_loss,nonlinear_proxy_null,0.8,0.0,63,4999,estimated,240,0.0712,0.0076494312180479165,0.10862307487368668,False,False
mbe3-pgdl-transfer-confirmation-v2,B2_training_loss,nonlinear_proxy_null,0.8,0.0,64,4999,estimated,240,0.3084,-0.004303156545688921,-0.06272473419505946,False,False
mbe3-pgdl-transfer-confirmation-v2,B2_training_loss,nonlinear_proxy_null,0.8,0.0,65,4999,estimated,240,0.1012,-0.007525544198380472,-0.09069071170933715,False,False
mbe3-pgdl-transfer-confirmation-v2,B2_training_loss,nonlinear_proxy_null,0.8,0.0,66,4999,estimated,240,0.9714,0.0001961393574987998,0.002937999550571069,False,False
mbe3-pgdl-transfer-confirmation-v2,B2_training_loss,nonlinear_proxy_null,0.8,0.0,67,4999,estimated,240,0.641,0.00202331735383531,0.027583948138806325,False,False
mbe3-pgdl-transfer-confirmation-v2,B2_training_loss,nonlinear_proxy_null,0.8,0.0,68,4999,estimated,240,0.142,0.006738426448125328,0.07819791711396443,False,False
mbe3-pgdl-transfer-confirmation-v2,B2_training_loss,nonlinear_proxy_null,0.8,0.0,69,4999,estimated,240,0.9632,-0.00021087220979311473,-0.0027230109197835094,False,False
mbe3-pgdl-transfer-confirmation-v2,B2_training_loss,nonlinear_proxy_null,0.8,0.0,70,4999,estimated,240,0.151,0.0063991015808009385,0.0827990954623978,False,False
mbe3-pgdl-transfer-confirmation-v2,B2_training_loss,nonlinear_proxy_null,0.8,0.0,71,4999,estimated,240,0.204,0.005290921061106524,0.0752487802902533,False,False
mbe3-pgdl-transfer-confirmation-v2,B2_training_loss,nonlinear_proxy_null,0.8,0.0,72,4999,estimated,240,0.541,0.0025809932067268394,0.04302368134852782,False,False
mbe3-pgdl-transfer-confirmation-v2,B2_training_loss,nonlinear_proxy_null,0.8,0.0,73,4999,estimated,240,0.1086,-0.006954401265644071,-0.10320021144867557,False,False
mbe3-pgdl-transfer-confirmation-v2,B2_training_loss,nonlinear_proxy_null,0.8,0.0,74,4999,estimated,240,0.1306,0.006061096762565594,0.0935535106260365,False,False
mbe3-pgdl-transfer-confirmation-v2,B2_training_loss,nonlinear_proxy_null,0.8,0.0,75,4999,estimated,240,0.6628,-0.0019305576150318636,-0.02551743660299945,False,False
mbe3-pgdl-transfer-confirmation-v2,B2_training_loss,nonlinear_proxy_null,0.8,0.0,76,4999,estimated,240,0.9412,0.00028238088235860344,0.004876398754807775,False,False
mbe3-pgdl-transfer-confirmation-v2,B2_training_loss,nonlinear_proxy_null,0.8,0.0,77,4999,estimated,240,0.8176,-0.0010754123179241035,-0.014365966567170726,False,False
mbe3-pgdl-transfer-confirmation-v2,B2_training_loss,nonlinear_proxy_null,0.8,0.0,78,4999,estimated,240,0.2252,0.005461759225646383,0.08510616172296741,False,False
mbe3-pgdl-transfer-confirmation-v2,B2_training_loss,nonlinear_proxy_null,0.8,0.0,79,4999,estimated,240,0.8414,-0.0008799295626794092,-0.012521416694924358,False,False
mbe3-pgdl-transfer-confirmation-v2,B2_training_loss,nonlinear_proxy_null,0.8,0.0,80,4999,estimated,240,0.7246,0.0016270625944607164,0.020577175535859513,False,False
mbe3-pgdl-transfer-confirmation-v2,B2_training_loss,nonlinear_proxy_null,0.8,0.0,81,4999,estimated,240,0.4724,-0.002911803909516678,-0.03876663794385787,False,False
mbe3-pgdl-transfer-confirmation-v2,B2_training_loss,nonlinear_proxy_null,0.8,0.0,82,4999,estimated,240,0.073,0.008749022682887166,0.11130134890914449,False,False
mbe3-pgdl-transfer-confirmation-v2,B2_training_loss,nonlinear_proxy_null,0.8,0.0,83,4999,estimated,240,0.8392,-0.000966379838153749,-0.011380024618505177,False,False
mbe3-pgdl-transfer-confirmation-v2,B2_training_loss,nonlinear_proxy_null,0.8,0.0,84,4999,estimated,240,0.0544,-0.008251109518599241,-0.12399337736527657,False,False
mbe3-pgdl-transfer-confirmation-v2,B2_training_loss,nonlinear_proxy_null,0.8,0.0,85,4999,estimated,240,0.1312,-0.0068962151435876156,-0.09184085025031086,False,False
mbe3-pgdl-transfer-confirmation-v2,B2_training_loss,nonlinear_proxy_null,0.8,0.0,86,4999,estimated,240,0.0552,0.009151714700079243,0.11863102626490976,False,False
mbe3-pgdl-transfer-confirmation-v2,B2_training_loss,nonlinear_proxy_null,0.8,0.0,87,4999,estimated,240,0.8516,-0.0008144560038717538,-0.012270881083810933,False,False
mbe3-pgdl-transfer-confirmation-v2,B2_training_loss,nonlinear_proxy_null,0.8,0.0,88,4999,estimated,240,0.9388,0.0003896224495622366,0.0047280095519694415,False,False
mbe3-pgdl-transfer-confirmation-v2,B2_training_loss,nonlinear_proxy_null,0.8,0.0,89,4999,estimated,240,0.2068,-0.0052901215972887125,-0.08056606063873013,False,False
mbe3-pgdl-transfer-confirmation-v2,B2_training_loss,nonlinear_proxy_null,0.8,0.0,90,4999,estimated,240,0.0902,-0.007207051508229986,-0.11031879519384076,False,False
mbe3-pgdl-transfer-confirmation-v2,B2_training_loss,nonlinear_proxy_null,0.8,0.0,91,4999,estimated,240,0.8802,0.0006945904259742467,0.008943932946820688,False,False
mbe3-pgdl-transfer-confirmation-v2,B2_training_loss,nonlinear_proxy_null,0.8,0.0,92,4999,estimated,240,0.9494,-0.000283503257940206,-0.004245086526244382,False,False
mbe3-pgdl-transfer-confirmation-v2,B2_training_loss,nonlinear_proxy_null,0.8,0.0,93,4999,estimated,240,0.5882,0.00250282854692876,0.03502817785721193,False,False
mbe3-pgdl-transfer-confirmation-v2,B2_training_loss,nonlinear_proxy_null,0.8,0.0,94,4999,estimated,240,0.0102,0.011070464719994202,0.15500646943145568,False,False
mbe3-pgdl-transfer-confirmation-v2,B2_training_loss,nonlinear_proxy_null,0.8,0.0,95,4999,estimated,240,0.3336,-0.0048885911668576105,-0.06435959374007616,False,False
mbe3-pgdl-transfer-confirmation-v2,B2_training_loss,nonlinear_proxy_null,0.8,0.0,96,4999,estimated,240,0.6102,-0.002280572924107241,-0.0331737451945217,False,False
mbe3-pgdl-transfer-confirmation-v2,B2_training_loss,nonlinear_proxy_null,0.8,0.0,97,4999,estimated,240,0.6398,0.0021306131661831245,0.028422150055098957,False,False
mbe3-pgdl-transfer-confirmation-v2,B2_training_loss,nonlinear_proxy_null,0.8,0.0,98,4999,estimated,240,0.0418,-0.009741083751191766,-0.12944271715913486,False,False
mbe3-pgdl-transfer-confirmation-v2,B2_training_loss,nonlinear_proxy_null,0.8,0.0,99,4999,estimated,240,0.7192,-0.001418741784805978,-0.02020008708847581,False,False
mbe3-pgdl-transfer-confirmation-v2,B3_training_state,additive_proxy_null,0.3,0.0,0,4999,estimated,240,0.4392,0.003690943457071394,0.05243812424453738,False,False
mbe3-pgdl-transfer-confirmation-v2,B3_training_state,additive_proxy_null,0.3,0.0,1,4999,estimated,240,0.7746,-0.0014175721635709053,-0.018507794017283006,False,False
mbe3-pgdl-transfer-confirmation-v2,B3_training_state,additive_proxy_null,0.3,0.0,2,4999,estimated,240,0.7116,0.0015840198757164673,0.02096639715904099,False,False
mbe3-pgdl-transfer-confirmation-v2,B3_training_state,additive_proxy_null,0.3,0.0,3,4999,estimated,240,0.0188,-0.011128164843746081,-0.14875185411635258,False,False
mbe3-pgdl-transfer-confirmation-v2,B3_training_state,additive_proxy_null,0.3,0.0,4,4999,estimated,240,0.7584,0.0012384688560364643,0.01980287460374925,False,False
mbe3-pgdl-transfer-confirmation-v2,B3_training_state,additive_proxy_null,0.3,0.0,5,4999,estimated,240,0.1206,0.006838121957992466,0.09992015537874274,False,False
mbe3-pgdl-transfer-confirmation-v2,B3_training_state,additive_proxy_null,0.3,0.0,6,4999,estimated,240,0.2424,0.005820188068012711,0.06809213293526079,False,False
mbe3-pgdl-transfer-confirmation-v2,B3_training_state,additive_proxy_null,0.3,0.0,7,4999,estimated,240,0.0084,-0.01376207168281902,-0.16694203341900196,False,False
mbe3-pgdl-transfer-confirmation-v2,B3_training_state,additive_proxy_null,0.3,0.0,8,4999,estimated,240,0.0316,-0.009528826710306523,-0.14011711351350778,False,False
mbe3-pgdl-transfer-confirmation-v2,B3_training_state,additive_proxy_null,0.3,0.0,9,4999,estimated,240,0.0086,0.012213602979466998,0.16045432263505427,False,False
mbe3-pgdl-transfer-confirmation-v2,B3_training_state,additive_proxy_null,0.3,0.0,10,4999,estimated,240,0.7662,0.0012118686837318802,0.015427823994333682,False,False
mbe3-pgdl-transfer-confirmation-v2,B3_training_state,additive_proxy_null,0.3,0.0,11,4999,estimated,240,0.079,0.008613125208117436,0.13302794614536387,False,False
mbe3-pgdl-transfer-confirmation-v2,B3_training_state,additive_proxy_null,0.3,0.0,12,4999,estimated,240,0.5112,0.003683343533675042,0.048274616480123544,False,False
mbe3-pgdl-transfer-confirmation-v2,B3_training_state,additive_proxy_null,0.3,0.0,13,4999,estimated,240,0.4652,-0.004069837070056797,-0.0401886880562462,False,False
mbe3-pgdl-transfer-confirmation-v2,B3_training_state,additive_proxy_null,0.3,0.0,14,4999,estimated,240,0.6344,0.0020310003793180573,0.02713343559555433,False,False
mbe3-pgdl-transfer-confirmation-v2,B3_training_state,additive_proxy_null,0.3,0.0,15,4999,estimated,240,0.883,0.0006484358997240654,0.009121472129588278,False,False
mbe3-pgdl-transfer-confirmation-v2,B3_training_state,additive_proxy_null,0.3,0.0,16,4999,estimated,240,0.695,-0.0016356652870667394,-0.020351698209329968,False,False
mbe3-pgdl-transfer-confirmation-v2,B3_training_state,additive_proxy_null,0.3,0.0,17,4999,estimated,240,0.6892,0.0020503425186250276,0.02734286448379119,False,False
mbe3-pgdl-transfer-confirmation-v2,B3_training_state,additive_proxy_null,0.3,0.0,18,4999,estimated,240,0.674,-0.0023521548501514986,-0.025254220024802685,False,False
mbe3-pgdl-transfer-confirmation-v2,B3_training_state,additive_proxy_null,0.3,0.0,19,4999,estimated,240,0.819,0.001039600746029609,0.014272005436621157,False,False
mbe3-pgdl-transfer-confirmation-v2,B3_training_state,additive_proxy_null,0.3,0.0,20,4999,estimated,240,0.6358,0.0021648083618198834,0.029345612839909444,False,False
mbe3-pgdl-transfer-confirmation-v2,B3_training_state,additive_proxy_null,0.3,0.0,21,4999,estimated,240,0.6172,0.0022253643833716713,0.032105714846070416,False,False
mbe3-pgdl-transfer-confirmation-v2,B3_training_state,additive_proxy_null,0.3,0.0,22,4999,estimated,240,0.121,0.007221741904742792,0.08293695541640556,False,False
mbe3-pgdl-transfer-confirmation-v2,B3_training_state,additive_proxy_null,0.3,0.0,23,4999,estimated,240,0.6252,0.0023949377563274184,0.02758568170575572,False,False
mbe3-pgdl-transfer-confirmation-v2,B3_training_state,additive_proxy_null,0.3,0.0,24,4999,estimated,240,0.3382,0.004480399635652995,0.06106036294130746,False,False
mbe3-pgdl-transfer-confirmation-v2,B3_training_state,additive_proxy_null,0.3,0.0,25,4999,estimated,240,0.8948,0.0005916637191791927,0.008640530770009053,False,False
mbe3-pgdl-transfer-confirmation-v2,B3_training_state,additive_proxy_null,0.3,0.0,26,4999,estimated,240,0.0208,0.010488086703274379,0.121413396162697,False,False
mbe3-pgdl-transfer-confirmation-v2,B3_training_state,additive_proxy_null,0.3,0.0,27,4999,estimated,240,0.8034,0.001067737542623127,0.015252196229662956,False,False
mbe3-pgdl-transfer-confirmation-v2,B3_training_state,additive_proxy_null,0.3,0.0,28,4999,estimated,240,0.3108,-0.005003182441217181,-0.06265858137509513,False,False
mbe3-pgdl-transfer-confirmation-v2,B3_training_state,additive_proxy_null,0.3,0.0,29,4999,estimated,240,0.965,0.0002100635935278631,0.0025555727608581663,False,False
mbe3-pgdl-transfer-confirmation-v2,B3_training_state,additive_proxy_null,0.3,0.0,30,4999,estimated,240,0.1928,0.007078719907103281,0.08486736845169579,False,False
mbe3-pgdl-transfer-confirmation-v2,B3_training_state,additive_proxy_null,0.3,0.0,31,4999,estimated,240,0.8748,0.0007449041864919606,0.009626717873729406,False,False
mbe3-pgdl-transfer-confirmation-v2,B3_training_state,additive_proxy_null,0.3,0.0,32,4999,estimated,240,0.5522,0.00257716195203858,0.03674003781502148,False,False
mbe3-pgdl-transfer-confirmation-v2,B3_training_state,additive_proxy_null,0.3,0.0,33,4999,estimated,240,0.0232,0.01216949778213693,0.13485954134772649,False,False
mbe3-pgdl-transfer-confirmation-v2,B3_training_state,additive_proxy_null,0.3,0.0,34,4999,estimated,240,0.8702,-0.0007700821857878552,-0.009108178533121725,False,False
mbe3-pgdl-transfer-confirmation-v2,B3_training_state,additive_proxy_null,0.3,0.0,35,4999,estimated,240,0.4396,-0.0038795430461653355,-0.054628531878866245,False,False
mbe3-pgdl-transfer-confirmation-v2,B3_training_state,additive_proxy_null,0.3,0.0,36,4999,estimated,240,0.8868,-0.0007329758936307736,-0.00878286216652745,False,False
mbe3-pgdl-transfer-confirmation-v2,B3_training_state,additive_proxy_null,0.3,0.0,37,4999,estimated,240,0.221,0.006104061125703594,0.07400887585348695,False,False
mbe3-pgdl-transfer-confirmation-v2,B3_training_state,additive_proxy_null,0.3,0.0,38,4999,estimated,240,0.2994,0.005158481063134368,0.06874163721803242,False,False
mbe3-pgdl-transfer-confirmation-v2,B3_training_state,additive_proxy_null,0.3,0.0,39,4999,estimated,240,0.9706,0.0001647863005731092,0.0022373781262210166,False,False
mbe3-pgdl-transfer-confirmation-v2,B3_training_state,additive_proxy_null,0.3,0.0,40,4999,estimated,240,0.3684,0.004004774469688445,0.055258761296272475,False,False
mbe3-pgdl-transfer-confirmation-v2,B3_training_state,additive_proxy_null,0.3,0.0,41,4999,estimated,240,0.1154,0.00650457094466665,0.08056562555131513,False,False
mbe3-pgdl-transfer-confirmation-v2,B3_training_state,additive_proxy_null,0.3,0.0,42,4999,estimated,240,0.1044,0.008035430286414161,0.10190579849216742,False,False
mbe3-pgdl-transfer-confirmation-v2,B3_training_state,additive_proxy_null,0.3,0.0,43,4999,estimated,240,0.01,0.011369133335433454,0.1729650405427379,False,False
mbe3-pgdl-transfer-confirmation-v2,B3_training_state,additive_proxy_null,0.3,0.0,44,4999,estimated,240,0.724,-0.0016966751801684643,-0.019697216186038966,False,False
mbe3-pgdl-transfer-confirmation-v2,B3_training_state,additive_proxy_null,0.3,0.0,45,4999,estimated,240,0.113,0.00738472777231279,0.09984493275790222,False,False
mbe3-pgdl-transfer-confirmation-v2,B3_training_state,additive_proxy_null,0.3,0.0,46,4999,estimated,240,0.5652,-0.002679272672304141,-0.03486514013100075,False,False
mbe3-pgdl-transfer-confirmation-v2,B3_training_state,additive_proxy_null,0.3,0.0,47,4999,estimated,240,0.0008,-0.017948786922061106,-0.20533866685118646,True,False
mbe3-pgdl-transfer-confirmation-v2,B3_training_state,additive_proxy_null,0.3,0.0,48,4999,estimated,240,0.7942,0.0012675333028123598,0.01634243461436654,False,False
mbe3-pgdl-transfer-confirmation-v2,B3_training_state,additive_proxy_null,0.3,0.0,49,4999,estimated,240,0.6932,0.001948815558472933,0.024846081020532377,False,False
mbe3-pgdl-transfer-confirmation-v2,B3_training_state,additive_proxy_null,0.3,0.0,50,4999,estimated,240,0.0408,-0.010623942251077297,-0.1346492820531224,False,False
mbe3-pgdl-transfer-confirmation-v2,B3_training_state,additive_proxy_null,0.3,0.0,51,4999,estimated,240,0.3616,-0.004092227184847776,-0.05509708574661055,False,False
mbe3-pgdl-transfer-confirmation-v2,B3_training_state,additive_proxy_null,0.3,0.0,52,4999,estimated,240,0.651,-0.0021966969437387032,-0.02963475207237173,False,False
mbe3-pgdl-transfer-confirmation-v2,B3_training_state,additive_proxy_null,0.3,0.0,53,4999,estimated,240,0.065,0.008702337768758632,0.09925227856416749,False,False
mbe3-pgdl-transfer-confirmation-v2,B3_training_state,additive_proxy_null,0.3,0.0,54,4999,estimated,240,0.295,0.0044265285241976045,0.07032720725028606,False,False
mbe3-pgdl-transfer-confirmation-v2,B3_training_state,additive_proxy_null,0.3,0.0,55,4999,estimated,240,0.0406,0.010474071861047651,0.13534388103328068,False,False
mbe3-pgdl-transfer-confirmation-v2,B3_training_state,additive_proxy_null,0.3,0.0,56,4999,estimated,240,0.4546,-0.003778565802172576,-0.04759697669632917,False,False
mbe3-pgdl-transfer-confirmation-v2,B3_training_state,additive_proxy_null,0.3,0.0,57,4999,estimated,240,0.7046,-0.0019140292390900885,-0.02484359677171661,False,False
mbe3-pgdl-transfer-confirmation-v2,B3_training_state,additive_proxy_null,0.3,0.0,58,4999,estimated,240,0.6836,0.0019722172984095493,0.02829980553094315,False,False
mbe3-pgdl-transfer-confirmation-v2,B3_training_state,additive_proxy_null,0.3,0.0,59,4999,estimated,240,0.377,-0.004166338144164447,-0.054696199472678377,False,False
mbe3-pgdl-transfer-confirmation-v2,B3_training_state,additive_proxy_null,0.3,0.0,60,4999,estimated,240,0.7018,-0.0017844294141811366,-0.027924423028828565,False,False
mbe3-pgdl-transfer-confirmation-v2,B3_training_state,additive_proxy_null,0.3,0.0,61,4999,estimated,240,0.286,-0.0060492486917490375,-0.06166727563327462,False,False
mbe3-pgdl-transfer-confirmation-v2,B3_training_state,additive_proxy_null,0.3,0.0,62,4999,estimated,240,0.7566,0.0015249866862686275,0.01762995457408283,False,False
mbe3-pgdl-transfer-confirmation-v2,B3_training_state,additive_proxy_null,0.3,0.0,63,4999,estimated,240,0.1402,-0.0071760755133859055,-0.09755178394359007,False,False
mbe3-pgdl-transfer-confirmation-v2,B3_training_state,additive_proxy_null,0.3,0.0,64,4999,estimated,240,0.4102,-0.003805931619581308,-0.050391940241097936,False,False
mbe3-pgdl-transfer-confirmation-v2,B3_training_state,additive_proxy_null,0.3,0.0,65,4999,estimated,240,0.1996,0.006349298645254268,0.06597519928853088,False,False
mbe3-pgdl-transfer-confirmation-v2,B3_training_state,additive_proxy_null,0.3,0.0,66,4999,estimated,240,0.3256,0.0038669153868366732,0.05748668806823193,False,False
mbe3-pgdl-transfer-confirmation-v2,B3_training_state,additive_proxy_null,0.3,0.0,67,4999,estimated,240,0.0748,-0.008343152114142072,-0.1054873122071763,False,False
mbe3-pgdl-transfer-confirmation-v2,B3_training_state,additive_proxy_null,0.3,0.0,68,4999,estimated,240,0.9146,0.0005329938834397868,0.005591965414230824,False,False
mbe3-pgdl-transfer-confirmation-v2,B3_training_state,additive_proxy_null,0.3,0.0,69,4999,estimated,240,0.0626,0.008739120002889655,0.11176639994118955,False,False
mbe3-pgdl-transfer-confirmation-v2,B3_training_state,additive_proxy_null,0.3,0.0,70,4999,estimated,240,0.8722,0.0007141623307619805,0.010904796708392683,False,False
mbe3-pgdl-transfer-confirmation-v2,B3_training_state,additive_proxy_null,0.3,0.0,71,4999,estimated,240,0.7674,0.001561346987872623,0.018721533178904994,False,False
mbe3-pgdl-transfer-confirmation-v2,B3_training_state,additive_proxy_null,0.3,0.0,72,4999,estimated,240,0.1308,0.006645481528233678,0.09396786811450786,False,False
mbe3-pgdl-transfer-confirmation-v2,B3_training_state,additive_proxy_null,0.3,0.0,73,4999,estimated,240,0.4624,-0.002983454601318933,-0.04346152041351922,False,False
mbe3-pgdl-transfer-confirmation-v2,B3_training_state,additive_proxy_null,0.3,0.0,74,4999,estimated,240,0.1888,0.006107048553111269,0.07401046855294631,False,False
mbe3-pgdl-transfer-confirmation-v2,B3_training_state,additive_proxy_null,0.3,0.0,75,4999,estimated,240,0.1144,0.007503951689012857,0.09010204481186089,False,False
mbe3-pgdl-transfer-confirmation-v2,B3_training_state,additive_proxy_null,0.3,0.0,76,4999,estimated,240,0.1854,-0.006440693958728942,-0.08467829817785986,False,False
mbe3-pgdl-transfer-confirmation-v2,B3_training_state,additive_proxy_null,0.3,0.0,77,4999,estimated,240,0.9134,0.0005191111548861434,0.0075151248623346704,False,False
mbe3-pgdl-transfer-confirmation-v2,B3_training_state,additive_proxy_null,0.3,0.0,78,4999,estimated,240,0.585,0.0025739485703750176,0.029660355948881535,False,False
mbe3-pgdl-transfer-confirmation-v2,B3_training_state,additive_proxy_null,0.3,0.0,79,4999,estimated,240,0.3908,0.0036943007417806575,0.04476604820851533,False,False
mbe3-pgdl-transfer-confirmation-v2,B3_training_state,additive_proxy_null,0.3,0.0,80,4999,estimated,240,0.8564,0.0008035042104899905,0.009566296288896041,False,False
mbe3-pgdl-transfer-confirmation-v2,B3_training_state,additive_proxy_null,0.3,0.0,81,4999,estimated,240,0.0574,0.010508256961465514,0.13241407017437365,False,False
mbe3-pgdl-transfer-confirmation-v2,B3_training_state,additive_proxy_null,0.3,0.0,82,4999,estimated,240,0.0222,-0.010202794180569642,-0.13630411164653505,False,False
mbe3-pgdl-transfer-confirmation-v2,B3_training_state,additive_proxy_null,0.3,0.0,83,4999,estimated,240,0.1632,-0.007150848277574154,-0.09539854978620328,False,False
mbe3-pgdl-transfer-confirmation-v2,B3_training_state,additive_proxy_null,0.3,0.0,84,4999,estimated,240,0.7708,-0.0014041010519082648,-0.019598856257777183,False,False
mbe3-pgdl-transfer-confirmation-v2,B3_training_state,additive_proxy_null,0.3,0.0,85,4999,estimated,240,0.0066,0.014203827264893562,0.19504034371269613,False,False
mbe3-pgdl-transfer-confirmation-v2,B3_training_state,additive_proxy_null,0.3,0.0,86,4999,estimated,240,0.8156,0.0011208312172192583,0.014810507894890232,False,False
mbe3-pgdl-transfer-confirmation-v2,B3_training_state,additive_proxy_null,0.3,0.0,87,4999,estimated,240,0.1168,0.006526633222304989,0.0935014137267393,False,False
mbe3-pgdl-transfer-confirmation-v2,B3_training_state,additive_proxy_null,0.3,0.0,88,4999,estimated,240,0.121,0.006649590784541565,0.09848488735475486,False,False
mbe3-pgdl-transfer-confirmation-v2,B3_training_state,additive_proxy_null,0.3,0.0,89,4999,estimated,240,0.8014,-0.0011349095901217873,-0.01321086816017517,False,False
mbe3-pgdl-transfer-confirmation-v2,B3_training_state,additive_proxy_null,0.3,0.0,90,4999,estimated,240,0.8246,-0.0010740400495716422,-0.013271050239058575,False,False
mbe3-pgdl-transfer-confirmation-v2,B3_training_state,additive_proxy_null,0.3,0.0,91,4999,estimated,240,0.2624,-0.004746114795496823,-0.06690417096890669,False,False
mbe3-pgdl-transfer-confirmation-v2,B3_training_state,additive_proxy_null,0.3,0.0,92,4999,estimated,240,0.56,-0.002682175966847472,-0.03525179048049203,False,False
mbe3-pgdl-transfer-confirmation-v2,B3_training_state,additive_proxy_null,0.3,0.0,93,4999,estimated,240,0.3486,-0.003857772997594718,-0.04842090777516581,False,False
mbe3-pgdl-transfer-confirmation-v2,B3_training_state,additive_proxy_null,0.3,0.0,94,4999,estimated,240,0.307,0.005060852663004906,0.07086780478087147,False,False
mbe3-pgdl-transfer-confirmation-v2,B3_training_state,additive_proxy_null,0.3,0.0,95,4999,estimated,240,0.7878,0.0014009580571271612,0.0157261031632398,False,False
mbe3-pgdl-transfer-confirmation-v2,B3_training_state,additive_proxy_null,0.3,0.0,96,4999,estimated,240,0.2924,0.005503610565716786,0.06732245296998808,False,False
mbe3-pgdl-transfer-confirmation-v2,B3_training_state,additive_proxy_null,0.3,0.0,97,4999,estimated,240,0.8082,-0.0011228990312800327,-0.01502554360172762,False,False
mbe3-pgdl-transfer-confirmation-v2,B3_training_state,additive_proxy_null,0.3,0.0,98,4999,estimated,240,0.9344,-0.00039550194457009893,-0.005506107353623539,False,False
mbe3-pgdl-transfer-confirmation-v2,B3_training_state,additive_proxy_null,0.3,0.0,99,4999,estimated,240,0.831,-0.0010079073219624154,-0.011274603682555938,False,False
mbe3-pgdl-transfer-confirmation-v2,B3_training_state,additive_proxy_null,0.8,0.0,0,4999,estimated,240,0.4588,-0.003914272806181114,-0.04533799538320798,False,False
mbe3-pgdl-transfer-confirmation-v2,B3_training_state,additive_proxy_null,0.8,0.0,1,4999,estimated,240,0.9872,9.285674679058974e-05,0.0011529916206389206,False,False
mbe3-pgdl-transfer-confirmation-v2,B3_training_state,additive_proxy_null,0.8,0.0,2,4999,estimated,240,0.2124,-0.006522523941717672,-0.07623585035071258,False,False
mbe3-pgdl-transfer-confirmation-v2,B3_training_state,additive_proxy_null,0.8,0.0,3,4999,estimated,240,0.1412,-0.006458579849156555,-0.09924533156908223,False,False
mbe3-pgdl-transfer-confirmation-v2,B3_training_state,additive_proxy_null,0.8,0.0,4,4999,estimated,240,0.1292,0.006383129400643344,0.09346914108215754,False,False
mbe3-pgdl-transfer-confirmation-v2,B3_training_state,additive_proxy_null,0.8,0.0,5,4999,estimated,240,0.681,-0.0019408901741590685,-0.025710448446370816,False,False
mbe3-pgdl-transfer-confirmation-v2,B3_training_state,additive_proxy_null,0.8,0.0,6,4999,estimated,240,0.9018,0.0005669128875457303,0.007924935709862175,False,False
mbe3-pgdl-transfer-confirmation-v2,B3_training_state,additive_proxy_null,0.8,0.0,7,4999,estimated,240,0.8714,-0.0008389295452182306,-0.008979920750563735,False,False
mbe3-pgdl-transfer-confirmation-v2,B3_training_state,additive_proxy_null,0.8,0.0,8,4999,estimated,240,0.0028,0.015070390009431549,0.17284142776672085,False,False
mbe3-pgdl-transfer-confirmation-v2,B3_training_state,additive_proxy_null,0.8,0.0,9,4999,estimated,240,0.3522,-0.0048761751866394035,-0.07601736417494709,False,False
mbe3-pgdl-transfer-confirmation-v2,B3_training_state,additive_proxy_null,0.8,0.0,10,4999,estimated,240,0.6882,-0.001603337015390258,-0.023137963974486583,False,False
mbe3-pgdl-transfer-confirmation-v2,B3_training_state,additive_proxy_null,0.8,0.0,11,4999,estimated,240,0.203,-0.005770651629480681,-0.06769219557592782,False,False
mbe3-pgdl-transfer-confirmation-v2,B3_training_state,additive_proxy_null,0.8,0.0,12,4999,estimated,240,0.8504,0.0009131222529204363,0.013180382818817374,False,False
mbe3-pgdl-transfer-confirmation-v2,B3_training_state,additive_proxy_null,0.8,0.0,13,4999,estimated,240,0.4614,0.0033820149918893368,0.045153657566234566,False,False
mbe3-pgdl-transfer-confirmation-v2,B3_training_state,additive_proxy_null,0.8,0.0,14,4999,estimated,240,0.8814,0.0006412167665504818,0.008387319398191394,False,False
mbe3-pgdl-transfer-confirmation-v2,B3_training_state,additive_proxy_null,0.8,0.0,15,4999,estimated,240,0.591,-0.0027249018431483485,-0.03699068672305715,False,False
mbe3-pgdl-transfer-confirmation-v2,B3_training_state,additive_proxy_null,0.8,0.0,16,4999,estimated,240,0.3462,0.004210161722831593,0.051969007146457705,False,False
mbe3-pgdl-transfer-confirmation-v2,B3_training_state,additive_proxy_null,0.8,0.0,17,4999,estimated,240,0.9596,-0.000271161787774631,-0.0030188572406240127,False,False
mbe3-pgdl-transfer-confirmation-v2,B3_training_state,additive_proxy_null,0.8,0.0,18,4999,estimated,240,0.0826,0.008503376647742478,0.11091319135615635,False,False
mbe3-pgdl-transfer-confirmation-v2,B3_training_state,additive_proxy_null,0.8,0.0,19,4999,estimated,240,0.6716,-0.0018892619180505628,-0.023536059479944638,False,False
mbe3-pgdl-transfer-confirmation-v2,B3_training_state,additive_proxy_null,0.8,0.0,20,4999,estimated,240,0.437,0.0035184225514619657,0.04073856047966763,False,False
mbe3-pgdl-transfer-confirmation-v2,B3_training_state,additive_proxy_null,0.8,0.0,21,4999,estimated,240,0.6974,-0.0019733266930475188,-0.0255044630048147,False,False
mbe3-pgdl-transfer-confirmation-v2,B3_training_state,additive_proxy_null,0.8,0.0,22,4999,estimated,240,0.3144,-0.0047879738500334335,-0.06317791613080581,False,False
mbe3-pgdl-transfer-confirmation-v2,B3_training_state,additive_proxy_null,0.8,0.0,23,4999,estimated,240,0.6756,-0.0017821121050969487,-0.02305051542888013,False,False
mbe3-pgdl-transfer-confirmation-v2,B3_training_state,additive_proxy_null,0.8,0.0,24,4999,estimated,240,0.0244,0.012697174858471922,0.15430611760161747,False,False
mbe3-pgdl-transfer-confirmation-v2,B3_training_state,additive_proxy_null,0.8,0.0,25,4999,estimated,240,0.1372,-0.00706722256433967,-0.08196995016017086,False,False
mbe3-pgdl-transfer-confirmation-v2,B3_training_state,additive_proxy_null,0.8,0.0,26,4999,estimated,240,0.7666,-0.0014725304996382042,-0.018072360602893644,False,False
mbe3-pgdl-transfer-confirmation-v2,B3_training_state,additive_proxy_null,0.8,0.0,27,4999,estimated,240,0.8976,0.0006847247912343898,0.008362330455299714,False,False
mbe3-pgdl-transfer-confirmation-v2,B3_training_state,additive_proxy_null,0.8,0.0,28,4999,estimated,240,0.2392,-0.005666231139866458,-0.07030058816820542,False,False
mbe3-pgdl-transfer-confirmation-v2,B3_training_state,additive_proxy_null,0.8,0.0,29,4999,estimated,240,0.4098,0.004481374107885046,0.0487028061040291,False,False
mbe3-pgdl-transfer-confirmation-v2,B3_training_state,additive_proxy_null,0.8,0.0,30,4999,estimated,240,0.4476,-0.004237729077321444,-0.04953133663892561,False,False
mbe3-pgdl-transfer-confirmation-v2,B3_training_state,additive_proxy_null,0.8,0.0,31,4999,estimated,240,0.2168,-0.006128741315189218,-0.07996099601531984,False,False
mbe3-pgdl-transfer-confirmation-v2,B3_training_state,additive_proxy_null,0.8,0.0,32,4999,estimated,240,0.871,0.0007654200681614186,0.010395025871413702,False,False
mbe3-pgdl-transfer-confirmation-v2,B3_training_state,additive_proxy_null,0.8,0.0,33,4999,estimated,240,0.5232,0.003072368576237506,0.034966936698085926,False,False
mbe3-pgdl-transfer-confirmation-v2,B3_training_state,additive_proxy_null,0.8,0.0,34,4999,estimated,240,0.4194,0.0038245082177764496,0.048133391186208865,False,False
mbe3-pgdl-transfer-confirmation-v2,B3_training_state,additive_proxy_null,0.8,0.0,35,4999,estimated,240,0.0002,0.017548721412093623,0.20436329910140552,True,True
mbe3-pgdl-transfer-confirmation-v2,B3_training_state,additive_proxy_null,0.8,0.0,36,4999,estimated,240,0.0892,0.009477358142693414,0.10300664547355726,False,False
mbe3-pgdl-transfer-confirmation-v2,B3_training_state,additive_proxy_null,0.8,0.0,37,4999,estimated,240,0.0968,-0.006870863230187848,-0.10388397666281392,False,False
mbe3-pgdl-transfer-confirmation-v2,B3_training_state,additive_proxy_null,0.8,0.0,38,4999,estimated,240,0.7418,-0.0014432666345026595,-0.017693792458170494,False,False
mbe3-pgdl-transfer-confirmation-v2,B3_training_state,additive_proxy_null,0.8,0.0,39,4999,estimated,240,0.572,0.0027043221323953563,0.02915780955578054,False,False
mbe3-pgdl-transfer-confirmation-v2,B3_training_state,additive_proxy_null,0.8,0.0,40,4999,estimated,240,0.0486,0.012501297006596253,0.1348985920569124,False,False
mbe3-pgdl-transfer-confirmation-v2,B3_training_state,additive_proxy_null,0.8,0.0,41,4999,estimated,240,0.1014,-0.008540599017248539,-0.10228694766899941,False,False
mbe3-pgdl-transfer-confirmation-v2,B3_training_state,additive_proxy_null,0.8,0.0,42,4999,estimated,240,0.7946,-0.0012580590689172653,-0.015407392802823446,False,False
mbe3-pgdl-transfer-confirmation-v2,B3_training_state,additive_proxy_null,0.8,0.0,43,4999,estimated,240,0.6468,0.0021063234567288555,0.02960719323899592,False,False
mbe3-pgdl-transfer-confirmation-v2,B3_training_state,additive_proxy_null,0.8,0.0,44,4999,estimated,240,0.3422,-0.004314522094867001,-0.05354142966712522,False,False
mbe3-pgdl-transfer-confirmation-v2,B3_training_state,additive_proxy_null,0.8,0.0,45,4999,estimated,240,0.2164,-0.005358128971893953,-0.07041799214829653,False,False
mbe3-pgdl-transfer-confirmation-v2,B3_training_state,additive_proxy_null,0.8,0.0,46,4999,estimated,240,0.298,-0.0061092364691461825,-0.06517395245624218,False,False
mbe3-pgdl-transfer-confirmation-v2,B3_training_state,additive_proxy_null,0.8,0.0,47,4999,estimated,240,0.057,-0.009588392083868077,-0.1282716473953466,False,False
mbe3-pgdl-transfer-confirmation-v2,B3_training_state,additive_proxy_null,0.8,0.0,48,4999,estimated,240,0.5734,-0.002934343847597712,-0.03725858104867404,False,False
mbe3-pgdl-transfer-confirmation-v2,B3_training_state,additive_proxy_null,0.8,0.0,49,4999,estimated,240,0.092,-0.008884848171024307,-0.11046112085198044,False,False
mbe3-pgdl-transfer-confirmation-v2,B3_training_state,additive_proxy_null,0.8,0.0,50,4999,estimated,240,0.3822,0.003650084759488326,0.055550582787459536,False,False
mbe3-pgdl-transfer-confirmation-v2,B3_training_state,additive_proxy_null,0.8,0.0,51,4999,estimated,240,0.0592,0.00885517135072226,0.11914471815715563,False,False
mbe3-pgdl-transfer-confirmation-v2,B3_training_state,additive_proxy_null,0.8,0.0,52,4999,estimated,240,0.4806,-0.003462810179376484,-0.04924551002481992,False,False
mbe3-pgdl-transfer-confirmation-v2,B3_training_state,additive_proxy_null,0.8,0.0,53,4999,estimated,240,0.5526,0.003426786167698617,0.042294165950782905,False,False
mbe3-pgdl-transfer-confirmation-v2,B3_training_state,additive_proxy_null,0.8,0.0,54,4999,estimated,240,0.3444,-0.004611838052073197,-0.05707382824516589,False,False
mbe3-pgdl-transfer-confirmation-v2,B3_training_state,additive_proxy_null,0.8,0.0,55,4999,estimated,240,0.071,0.009304399265037308,0.11593144758775865,False,False
mbe3-pgdl-transfer-confirmation-v2,B3_training_state,additive_proxy_null,0.8,0.0,56,4999,estimated,240,0.6122,-0.002511438709276721,-0.03291164533029533,False,False
mbe3-pgdl-transfer-confirmation-v2,B3_training_state,additive_proxy_null,0.8,0.0,57,4999,estimated,240,0.6696,-0.0018907757383277773,-0.022361778033617833,False,False
mbe3-pgdl-transfer-confirmation-v2,B3_training_state,additive_proxy_null,0.8,0.0,58,4999,estimated,240,0.0016,0.014933338399986777,0.19096461669940157,False,False
mbe3-pgdl-transfer-confirmation-v2,B3_training_state,additive_proxy_null,0.8,0.0,59,4999,estimated,240,0.1772,-0.006681669190102352,-0.08526848893732938,False,False
mbe3-pgdl-transfer-confirmation-v2,B3_training_state,additive_proxy_null,0.8,0.0,60,4999,estimated,240,0.1504,-0.00661728491445587,-0.08813216295661394,False,False
mbe3-pgdl-transfer-confirmation-v2,B3_training_state,additive_proxy_null,0.8,0.0,61,4999,estimated,240,0.0564,-0.008233216079577213,-0.11840853966395054,False,False
mbe3-pgdl-transfer-confirmation-v2,B3_training_state,additive_proxy_null,0.8,0.0,62,4999,estimated,240,0.63,-0.0022994907974337106,-0.033321531199127084,False,False
mbe3-pgdl-transfer-confirmation-v2,B3_training_state,additive_proxy_null,0.8,0.0,63,4999,estimated,240,0.8734,-0.0007449171885025936,-0.00930266718435585,False,False
mbe3-pgdl-transfer-confirmation-v2,B3_training_state,additive_proxy_null,0.8,0.0,64,4999,estimated,240,0.3014,0.004872328815696865,0.07522754474904816,False,False
mbe3-pgdl-transfer-confirmation-v2,B3_training_state,additive_proxy_null,0.8,0.0,65,4999,estimated,240,0.1886,0.006330900050004242,0.09275692101759149,False,False
mbe3-pgdl-transfer-confirmation-v2,B3_training_state,additive_proxy_null,0.8,0.0,66,4999,estimated,240,0.0794,0.00897403871181304,0.13229587543347351,False,False
mbe3-pgdl-transfer-confirmation-v2,B3_training_state,additive_proxy_null,0.8,0.0,67,4999,estimated,240,0.2116,0.00487844219229317,0.07183899992245499,False,False
mbe3-pgdl-transfer-confirmation-v2,B3_training_state,additive_proxy_null,0.8,0.0,68,4999,estimated,240,0.228,-0.005353309987687338,-0.06906999201279632,False,False
mbe3-pgdl-transfer-confirmation-v2,B3_training_state,additive_proxy_null,0.8,0.0,69,4999,estimated,240,0.0132,0.010648299010244036,0.15545408331946323,False,False
mbe3-pgdl-transfer-confirmation-v2,B3_training_state,additive_proxy_null,0.8,0.0,70,4999,estimated,240,0.185,0.0059087247883709395,0.0818057756816607,False,False
mbe3-pgdl-transfer-confirmation-v2,B3_training_state,additive_proxy_null,0.8,0.0,71,4999,estimated,240,0.9602,-0.0002869626257096034,-0.003726008202270989,False,False
mbe3-pgdl-transfer-confirmation-v2,B3_training_state,additive_proxy_null,0.8,0.0,72,4999,estimated,240,0.1708,0.007068053017846991,0.09047019371239778,False,False
mbe3-pgdl-transfer-confirmation-v2,B3_training_state,additive_proxy_null,0.8,0.0,73,4999,estimated,240,0.477,0.0036989519007546916,0.04476186425769422,False,False
mbe3-pgdl-transfer-confirmation-v2,B3_training_state,additive_proxy_null,0.8,0.0,74,4999,estimated,240,0.45,-0.0034144711272414683,-0.04647424003524228,False,False
mbe3-pgdl-transfer-confirmation-v2,B3_training_state,additive_proxy_null,0.8,0.0,75,4999,estimated,240,0.7672,0.0012341798590462352,0.018962347651749128,False,False
mbe3-pgdl-transfer-confirmation-v2,B3_training_state,additive_proxy_null,0.8,0.0,76,4999,estimated,240,0.0808,-0.008411445314785628,-0.11982103136665517,False,False
mbe3-pgdl-transfer-confirmation-v2,B3_training_state,additive_proxy_null,0.8,0.0,77,4999,estimated,240,0.4262,0.0037760284855680613,0.04368855185942934,False,False
mbe3-pgdl-transfer-confirmation-v2,B3_training_state,additive_proxy_null,0.8,0.0,78,4999,estimated,240,0.3134,0.004804244671089513,0.05323373684489964,False,False
mbe3-pgdl-transfer-confirmation-v2,B3_training_state,additive_proxy_null,0.8,0.0,79,4999,estimated,240,0.0212,0.01163243860403462,0.1320697235988528,False,False
mbe3-pgdl-transfer-confirmation-v2,B3_training_state,additive_proxy_null,0.8,0.0,80,4999,estimated,240,0.3594,-0.0044089088182776145,-0.05691293342094597,False,False
mbe3-pgdl-transfer-confirmation-v2,B3_training_state,additive_proxy_null,0.8,0.0,81,4999,estimated,240,0.8442,0.000903937894549816,0.012256092639391158,False,False
mbe3-pgdl-transfer-confirmation-v2,B3_training_state,additive_proxy_null,0.8,0.0,82,4999,estimated,240,0.5696,0.002612332189118476,0.03307397642798335,False,False
mbe3-pgdl-transfer-confirmation-v2,B3_training_state,additive_proxy_null,0.8,0.0,83,4999,estimated,240,0.5218,-0.0032473261760080723,-0.04235602998651491,False,False
mbe3-pgdl-transfer-confirmation-v2,B3_training_state,additive_proxy_null,0.8,0.0,84,4999,estimated,240,0.0152,-0.009670991230588873,-0.1153826403415725,False,False
mbe3-pgdl-transfer-confirmation-v2,B3_training_state,additive_proxy_null,0.8,0.0,85,4999,estimated,240,0.4742,0.003387366881570037,0.04302178555043501,False,False
mbe3-pgdl-transfer-confirmation-v2,B3_training_state,additive_proxy_null,0.8,0.0,86,4999,estimated,240,0.486,0.0033854187958529663,0.03614431886897299,False,False
mbe3-pgdl-transfer-confirmation-v2,B3_training_state,additive_proxy_null,0.8,0.0,87,4999,estimated,240,0.0092,0.013210844460572102,0.14766098087028243,False,False
mbe3-pgdl-transfer-confirmation-v2,B3_training_state,additive_proxy_null,0.8,0.0,88,4999,estimated,240,0.8748,-0.0007999150817782029,-0.00952697650860566,False,False
mbe3-pgdl-transfer-confirmation-v2,B3_training_state,additive_proxy_null,0.8,0.0,89,4999,estimated,240,0.0358,-0.009099077614069641,-0.1256350234848232,False,False
mbe3-pgdl-transfer-confirmation-v2,B3_training_state,additive_proxy_null,0.8,0.0,90,4999,estimated,240,0.141,0.007568114638657738,0.10469939978787283,False,False
mbe3-pgdl-transfer-confirmation-v2,B3_training_state,additive_proxy_null,0.8,0.0,91,4999,estimated,240,0.207,-0.005898064385062515,-0.06716898569519816,False,False
mbe3-pgdl-transfer-confirmation-v2,B3_training_state,additive_proxy_null,0.8,0.0,92,4999,estimated,240,0.3968,0.00435541152316602,0.05505030718314273,False,False
mbe3-pgdl-transfer-confirmation-v2,B3_training_state,additive_proxy_null,0.8,0.0,93,4999,estimated,240,0.7542,-0.0014974078055595105,-0.018755027472010116,False,False
mbe3-pgdl-transfer-confirmation-v2,B3_training_state,additive_proxy_null,0.8,0.0,94,4999,estimated,240,0.6898,0.0019464924493012756,0.025181194678199393,False,False
mbe3-pgdl-transfer-confirmation-v2,B3_training_state,additive_proxy_null,0.8,0.0,95,4999,estimated,240,0.905,-0.0006707176141461967,-0.008035484186345171,False,False
mbe3-pgdl-transfer-confirmation-v2,B3_training_state,additive_proxy_null,0.8,0.0,96,4999,estimated,240,0.284,0.005832769432575523,0.06612935734570602,False,False
mbe3-pgdl-transfer-confirmation-v2,B3_training_state,additive_proxy_null,0.8,0.0,97,4999,estimated,240,0.696,0.0020052722495275616,0.023426940938950414,False,False
mbe3-pgdl-transfer-confirmation-v2,B3_training_state,additive_proxy_null,0.8,0.0,98,4999,estimated,240,0.4546,-0.004039711729704759,-0.04629345071814219,False,False
mbe3-pgdl-transfer-confirmation-v2,B3_training_state,additive_proxy_null,0.8,0.0,99,4999,estimated,240,0.7136,-0.001523133364427611,-0.02147761468600103,False,False
mbe3-pgdl-transfer-confirmation-v2,B3_training_state,heteroskedastic_proxy_null,0.3,0.0,0,4999,estimated,240,0.103,-0.007932317467026887,-0.1006881921726588,False,False
mbe3-pgdl-transfer-confirmation-v2,B3_training_state,heteroskedastic_proxy_null,0.3,0.0,1,4999,estimated,240,0.006,-0.011966110327689527,-0.13594109006613223,False,False
mbe3-pgdl-transfer-confirmation-v2,B3_training_state,heteroskedastic_proxy_null,0.3,0.0,2,4999,estimated,240,0.995,-2.6176955280905975e-05,-0.00034204078134547795,False,False
mbe3-pgdl-transfer-confirmation-v2,B3_training_state,heteroskedastic_proxy_null,0.3,0.0,3,4999,estimated,240,0.0792,0.008222780025523834,0.09926475286560718,False,False
mbe3-pgdl-transfer-confirmation-v2,B3_training_state,heteroskedastic_proxy_null,0.3,0.0,4,4999,estimated,240,0.3756,-0.004036870409275798,-0.0603475407032692,False,False
mbe3-pgdl-transfer-confirmation-v2,B3_training_state,heteroskedastic_proxy_null,0.3,0.0,5,4999,estimated,240,0.3202,-0.004068358845665257,-0.04961631341833323,False,False
mbe3-pgdl-transfer-confirmation-v2,B3_training_state,heteroskedastic_proxy_null,0.3,0.0,6,4999,estimated,240,0.71,0.0015356778257510468,0.023366803263473984,False,False
mbe3-pgdl-transfer-confirmation-v2,B3_training_state,heteroskedastic_proxy_null,0.3,0.0,7,4999,estimated,240,0.4506,0.003937798487395591,0.04395693596222046,False,False
mbe3-pgdl-transfer-confirmation-v2,B3_training_state,heteroskedastic_proxy_null,0.3,0.0,8,4999,estimated,240,0.3784,-0.0043719363082881345,-0.05383305370313533,False,False
mbe3-pgdl-transfer-confirmation-v2,B3_training_state,heteroskedastic_proxy_null,0.3,0.0,9,4999,estimated,240,0.3638,0.003430030926218618,0.044668619223621135,False,False
mbe3-pgdl-transfer-confirmation-v2,B3_training_state,heteroskedastic_proxy_null,0.3,0.0,10,4999,estimated,240,0.2124,-0.005702287504877565,-0.07310827729029182,False,False
mbe3-pgdl-transfer-confirmation-v2,B3_training_state,heteroskedastic_proxy_null,0.3,0.0,11,4999,estimated,240,0.5988,0.002474358779388473,0.03371700200845353,False,False
mbe3-pgdl-transfer-confirmation-v2,B3_training_state,heteroskedastic_proxy_null,0.3,0.0,12,4999,estimated,240,0.4884,-0.0034968699839233405,-0.04533631942699558,False,False
mbe3-pgdl-transfer-confirmation-v2,B3_training_state,heteroskedastic_proxy_null,0.3,0.0,13,4999,estimated,240,0.4662,0.0032608113506103643,0.041320772083934414,False,False
mbe3-pgdl-transfer-confirmation-v2,B3_training_state,heteroskedastic_proxy_null,0.3,0.0,14,4999,estimated,240,0.4952,0.003438164673506843,0.042639203682257806,False,False
mbe3-pgdl-transfer-confirmation-v2,B3_training_state,heteroskedastic_proxy_null,0.3,0.0,15,4999,estimated,240,0.0088,-0.01393729930990089,-0.15559911247187658,False,False
mbe3-pgdl-transfer-confirmation-v2,B3_training_state,heteroskedastic_proxy_null,0.3,0.0,16,4999,estimated,240,0.7746,0.0012556731570053015,0.016439728573791286,False,False
mbe3-pgdl-transfer-confirmation-v2,B3_training_state,heteroskedastic_proxy_null,0.3,0.0,17,4999,estimated,240,0.2612,-0.004411609806337689,-0.07099757285975092,False,False
mbe3-pgdl-transfer-confirmation-v2,B3_training_state,heteroskedastic_proxy_null,0.3,0.0,18,4999,estimated,240,0.1696,-0.0071983788430055,-0.08270366623024793,False,False
mbe3-pgdl-transfer-confirmation-v2,B3_training_state,heteroskedastic_proxy_null,0.3,0.0,19,4999,estimated,240,0.078,0.007872307440501287,0.10912188360005536,False,False
mbe3-pgdl-transfer-confirmation-v2,B3_training_state,heteroskedastic_proxy_null,0.3,0.0,20,4999,estimated,240,0.3186,0.004093758414940264,0.05191922094543885,False,False
mbe3-pgdl-transfer-confirmation-v2,B3_training_state,heteroskedastic_proxy_null,0.3,0.0,21,4999,estimated,240,0.0826,-0.007420049726085971,-0.08504275577145096,False,False
mbe3-pgdl-transfer-confirmation-v2,B3_training_state,heteroskedastic_proxy_null,0.3,0.0,22,4999,estimated,240,0.023,0.00945491995980115,0.1406168108265516,False,False
mbe3-pgdl-transfer-confirmation-v2,B3_training_state,heteroskedastic_proxy_null,0.3,0.0,23,4999,estimated,240,0.74,0.0012726723388419578,0.018717181430575228,False,False
mbe3-pgdl-transfer-confirmation-v2,B3_training_state,heteroskedastic_proxy_null,0.3,0.0,24,4999,estimated,240,0.589,-0.0020145941725613287,-0.0301206664212252,False,False
mbe3-pgdl-transfer-confirmation-v2,B3_training_state,heteroskedastic_proxy_null,0.3,0.0,25,4999,estimated,240,0.11,-0.007339403773064653,-0.09424677758041757,False,False
mbe3-pgdl-transfer-confirmation-v2,B3_training_state,heteroskedastic_proxy_null,0.3,0.0,26,4999,estimated,240,0.9594,0.0002826202203207312,0.0034741475057393583,False,False
mbe3-pgdl-transfer-confirmation-v2,B3_training_state,heteroskedastic_proxy_null,0.3,0.0,27,4999,estimated,240,0.1252,0.007740636294544942,0.08803593567495721,False,False
mbe3-pgdl-transfer-confirmation-v2,B3_training_state,heteroskedastic_proxy_null,0.3,0.0,28,4999,estimated,240,0.568,-0.0023470865416106183,-0.030088703653939886,False,False
mbe3-pgdl-transfer-confirmation-v2,B3_training_state,heteroskedastic_proxy_null,0.3,0.0,29,4999,estimated,240,0.7708,-0.0010681466247633626,-0.01580632947212125,False,False
mbe3-pgdl-transfer-confirmation-v2,B3_training_state,heteroskedastic_proxy_null,0.3,0.0,30,4999,estimated,240,0.565,-0.0025659768176061488,-0.03491333887274145,False,False
mbe3-pgdl-transfer-confirmation-v2,B3_training_state,heteroskedastic_proxy_null,0.3,0.0,31,4999,estimated,240,0.1136,-0.008091391369147213,-0.08483298607154256,False,False
mbe3-pgdl-transfer-confirmation-v2,B3_training_state,heteroskedastic_proxy_null,0.3,0.0,32,4999,estimated,240,0.363,0.004462669947004228,0.05325610287329951,False,False
mbe3-pgdl-transfer-confirmation-v2,B3_training_state,heteroskedastic_proxy_null,0.3,0.0,33,4999,estimated,240,0.9086,0.00047444539457993837,0.006390625582868097,False,False
mbe3-pgdl-transfer-confirmation-v2,B3_training_state,heteroskedastic_proxy_null,0.3,0.0,34,4999,estimated,240,0.932,0.00035160002992953854,0.004443763477639543,False,False
mbe3-pgdl-transfer-confirmation-v2,B3_training_state,heteroskedastic_proxy_null,0.3,0.0,35,4999,estimated,240,0.2582,-0.004949890013882277,-0.06660440865503493,False,False
mbe3-pgdl-transfer-confirmation-v2,B3_training_state,heteroskedastic_proxy_null,0.3,0.0,36,4999,estimated,240,0.5328,0.0029549266618480938,0.037399485897446426,False,False
mbe3-pgdl-transfer-confirmation-v2,B3_training_state,heteroskedastic_proxy_null,0.3,0.0,37,4999,estimated,240,0.565,0.0027199384843954433,0.030433085127194347,False,False
mbe3-pgdl-transfer-confirmation-v2,B3_training_state,heteroskedastic_proxy_null,0.3,0.0,38,4999,estimated,240,0.7442,0.0015861265683174632,0.018709311863109895,False,False
mbe3-pgdl-transfer-confirmation-v2,B3_training_state,heteroskedastic_proxy_null,0.3,0.0,39,4999,estimated,240,0.5384,0.00298385795949655,0.03849106192917614,False,False
mbe3-pgdl-transfer-confirmation-v2,B3_training_state,heteroskedastic_proxy_null,0.3,0.0,40,4999,estimated,240,0.964,0.0001950125914831823,0.002416351774326931,False,False
mbe3-pgdl-transfer-confirmation-v2,B3_training_state,heteroskedastic_proxy_null,0.3,0.0,41,4999,estimated,240,0.5402,-0.002642811047148197,-0.04146783736581161,False,False
mbe3-pgdl-transfer-confirmation-v2,B3_training_state,heteroskedastic_proxy_null,0.3,0.0,42,4999,estimated,240,0.545,-0.0029840034442949453,-0.034613881533798095,False,False
mbe3-pgdl-transfer-confirmation-v2,B3_training_state,heteroskedastic_proxy_null,0.3,0.0,43,4999,estimated,240,0.8176,0.001019097328416968,0.012522896222959845,False,False
mbe3-pgdl-transfer-confirmation-v2,B3_training_state,heteroskedastic_proxy_null,0.3,0.0,44,4999,estimated,240,0.032,-0.009139609247643435,-0.12755514379717053,False,False
mbe3-pgdl-transfer-confirmation-v2,B3_training_state,heteroskedastic_proxy_null,0.3,0.0,45,4999,estimated,240,0.8186,0.0009335876663334255,0.013265893245343505,False,False
mbe3-pgdl-transfer-confirmation-v2,B3_training_state,heteroskedastic_proxy_null,0.3,0.0,46,4999,estimated,240,0.1456,-0.005434549410320968,-0.07582314798217749,False,False
mbe3-pgdl-transfer-confirmation-v2,B3_training_state,heteroskedastic_proxy_null,0.3,0.0,47,4999,estimated,240,0.205,0.005880298165498761,0.07682126801322438,False,False
mbe3-pgdl-transfer-confirmation-v2,B3_training_state,heteroskedastic_proxy_null,0.3,0.0,48,4999,estimated,240,0.2558,0.005037639457434274,0.059040179390238264,False,False
mbe3-pgdl-transfer-confirmation-v2,B3_training_state,heteroskedastic_proxy_null,0.3,0.0,49,4999,estimated,240,0.0678,0.008912895755986113,0.10851462879030281,False,False
mbe3-pgdl-transfer-confirmation-v2,B3_training_state,heteroskedastic_proxy_null,0.3,0.0,50,4999,estimated,240,0.3622,-0.004047403029091101,-0.053809591000266756,False,False
mbe3-pgdl-transfer-confirmation-v2,B3_training_state,heteroskedastic_proxy_null,0.3,0.0,51,4999,estimated,240,0.6556,0.002063547639058703,0.02674759734031901,False,False
mbe3-pgdl-transfer-confirmation-v2,B3_training_state,heteroskedastic_proxy_null,0.3,0.0,52,4999,estimated,240,0.5122,0.0029106385424104856,0.036673690714658404,False,False
mbe3-pgdl-transfer-confirmation-v2,B3_training_state,heteroskedastic_proxy_null,0.3,0.0,53,4999,estimated,240,0.528,-0.0025803645522958405,-0.033627628846339436,False,False
mbe3-pgdl-transfer-confirmation-v2,B3_training_state,heteroskedastic_proxy_null,0.3,0.0,54,4999,estimated,240,0.3606,0.004081746016959594,0.06049125209322728,False,False
mbe3-pgdl-transfer-confirmation-v2,B3_training_state,heteroskedastic_proxy_null,0.3,0.0,55,4999,estimated,240,0.1942,0.005682863975990824,0.07563455295920814,False,False
mbe3-pgdl-transfer-confirmation-v2,B3_training_state,heteroskedastic_proxy_null,0.3,0.0,56,4999,estimated,240,0.3322,0.003915967070065754,0.05228075694997607,False,False
mbe3-pgdl-transfer-confirmation-v2,B3_training_state,heteroskedastic_proxy_null,0.3,0.0,57,4999,estimated,240,0.3452,0.003993450979143349,0.048061106675044256,False,False
mbe3-pgdl-transfer-confirmation-v2,B3_training_state,heteroskedastic_proxy_null,0.3,0.0,58,4999,estimated,240,0.4532,0.003438314426569246,0.04483008640228498,False,False
mbe3-pgdl-transfer-confirmation-v2,B3_training_state,heteroskedastic_proxy_null,0.3,0.0,59,4999,estimated,240,0.7718,0.0013958611963459757,0.017236506947423413,False,False
mbe3-pgdl-transfer-confirmation-v2,B3_training_state,heteroskedastic_proxy_null,0.3,0.0,60,4999,estimated,240,0.2778,-0.004830741860509296,-0.06403212967147014,False,False
mbe3-pgdl-transfer-confirmation-v2,B3_training_state,heteroskedastic_proxy_null,0.3,0.0,61,4999,estimated,240,0.811,-0.0009443510489307195,-0.012580029304024442,False,False
mbe3-pgdl-transfer-confirmation-v2,B3_training_state,heteroskedastic_proxy_null,0.3,0.0,62,4999,estimated,240,0.5292,0.002760308955658437,0.03410323897667204,False,False
mbe3-pgdl-transfer-confirmation-v2,B3_training_state,heteroskedastic_proxy_null,0.3,0.0,63,4999,estimated,240,0.537,0.002716908526411273,0.035291097443518236,False,False
mbe3-pgdl-transfer-confirmation-v2,B3_training_state,heteroskedastic_proxy_null,0.3,0.0,64,4999,estimated,240,0.637,-0.0019806429080306766,-0.02967416740284954,False,False
mbe3-pgdl-transfer-confirmation-v2,B3_training_state,heteroskedastic_proxy_null,0.3,0.0,65,4999,estimated,240,0.604,0.002222448341929529,0.033428610018161116,False,False
mbe3-pgdl-transfer-confirmation-v2,B3_training_state,heteroskedastic_proxy_null,0.3,0.0,66,4999,estimated,240,0.876,0.0006895894860301949,0.008222008222939748,False,False
mbe3-pgdl-transfer-confirmation-v2,B3_training_state,heteroskedastic_proxy_null,0.3,0.0,67,4999,estimated,240,0.4012,0.0030643764139639497,0.045139506197916617,False,False
mbe3-pgdl-transfer-confirmation-v2,B3_training_state,heteroskedastic_proxy_null,0.3,0.0,68,4999,estimated,240,0.2942,0.004209587374680671,0.058879075236996765,False,False
mbe3-pgdl-transfer-confirmation-v2,B3_training_state,heteroskedastic_proxy_null,0.3,0.0,69,4999,estimated,240,0.3986,0.0038866300627631895,0.04116014427844746,False,False
mbe3-pgdl-transfer-confirmation-v2,B3_training_state,heteroskedastic_proxy_null,0.3,0.0,70,4999,estimated,240,0.533,-0.002481162646815606,-0.03707758409133557,False,False
mbe3-pgdl-transfer-confirmation-v2,B3_training_state,heteroskedastic_proxy_null,0.3,0.0,71,4999,estimated,240,0.5908,-0.0021854541638530664,-0.025343849515676396,False,False
mbe3-pgdl-transfer-confirmation-v2,B3_training_state,heteroskedastic_proxy_null,0.3,0.0,72,4999,estimated,240,0.0824,0.007089406735230048,0.0908974270051123,False,False
mbe3-pgdl-transfer-confirmation-v2,B3_training_state,heteroskedastic_proxy_null,0.3,0.0,73,4999,estimated,240,0.2484,-0.004935661748934387,-0.06671398787560033,False,False
mbe3-pgdl-transfer-confirmation-v2,B3_training_state,heteroskedastic_proxy_null,0.3,0.0,74,4999,estimated,240,0.0042,-0.013734708435753062,-0.16092756802180627,False,False
mbe3-pgdl-transfer-confirmation-v2,B3_training_state,heteroskedastic_proxy_null,0.3,0.0,75,4999,estimated,240,0.8856,0.0006218114997105718,0.008744295262929642,False,False
mbe3-pgdl-transfer-confirmation-v2,B3_training_state,heteroskedastic_proxy_null,0.3,0.0,76,4999,estimated,240,0.5922,0.002075514733923087,0.02958725203750726,False,False
mbe3-pgdl-transfer-confirmation-v2,B3_training_state,heteroskedastic_proxy_null,0.3,0.0,77,4999,estimated,240,0.3076,-0.00404362511421295,-0.058790064704566776,False,False
mbe3-pgdl-transfer-confirmation-v2,B3_training_state,heteroskedastic_proxy_null,0.3,0.0,78,4999,estimated,240,0.8772,0.0008079556990772662,0.010088602147294413,False,False
mbe3-pgdl-transfer-confirmation-v2,B3_training_state,heteroskedastic_proxy_null,0.3,0.0,79,4999,estimated,240,0.2706,-0.00487587691403409,-0.069301090076178,False,False
mbe3-pgdl-transfer-confirmation-v2,B3_training_state,heteroskedastic_proxy_null,0.3,0.0,80,4999,estimated,240,0.9538,-0.000271699601015143,-0.003199792459880571,False,False
mbe3-pgdl-transfer-confirmation-v2,B3_training_state,heteroskedastic_proxy_null,0.3,0.0,81,4999,estimated,240,0.574,0.0024726041145079545,0.036598592675123456,False,False
mbe3-pgdl-transfer-confirmation-v2,B3_training_state,heteroskedastic_proxy_null,0.3,0.0,82,4999,estimated,240,0.0434,0.008115316917666378,0.10530737702048251,False,False
mbe3-pgdl-transfer-confirmation-v2,B3_training_state,heteroskedastic_proxy_null,0.3,0.0,83,4999,estimated,240,0.6918,-0.0017577049085115023,-0.02100102210997184,False,False
mbe3-pgdl-transfer-confirmation-v2,B3_training_state,heteroskedastic_proxy_null,0.3,0.0,84,4999,estimated,240,0.4834,-0.0031671774433977384,-0.041249541049100044,False,False
mbe3-pgdl-transfer-confirmation-v2,B3_training_state,heteroskedastic_proxy_null,0.3,0.0,85,4999,estimated,240,0.1266,0.007145144177078497,0.09976189859157393,False,False
mbe3-pgdl-transfer-confirmation-v2,B3_training_state,heteroskedastic_proxy_null,0.3,0.0,86,4999,estimated,240,0.0828,0.007633394934607561,0.09756666747522837,False,False
mbe3-pgdl-transfer-confirmation-v2,B3_training_state,heteroskedastic_proxy_null,0.3,0.0,87,4999,estimated,240,0.0768,-0.00800979651184119,-0.10469098998001956,False,False
mbe3-pgdl-transfer-confirmation-v2,B3_training_state,heteroskedastic_proxy_null,0.3,0.0,88,4999,estimated,240,0.4996,0.0032620039192467446,0.04118331262558524,False,False
mbe3-pgdl-transfer-confirmation-v2,B3_training_state,heteroskedastic_proxy_null,0.3,0.0,89,4999,estimated,240,0.5258,-0.0030013378378144486,-0.038551692979432534,False,False
mbe3-pgdl-transfer-confirmation-v2,B3_training_state,heteroskedastic_proxy_null,0.3,0.0,90,4999,estimated,240,0.0028,0.013155039124822113,0.1784083153730921,False,False
mbe3-pgdl-transfer-confirmation-v2,B3_training_state,heteroskedastic_proxy_null,0.3,0.0,91,4999,estimated,240,0.0496,-0.00812916038979521,-0.10065221447129419,False,False
mbe3-pgdl-transfer-confirmation-v2,B3_training_state,heteroskedastic_proxy_null,0.3,0.0,92,4999,estimated,240,0.0966,-0.008618963779212197,-0.11130994552153406,False,False
mbe3-pgdl-transfer-confirmation-v2,B3_training_state,heteroskedastic_proxy_null,0.3,0.0,93,4999,estimated,240,0.9924,-3.980293111909746e-05,-0.00046936887846961466,False,False
mbe3-pgdl-transfer-confirmation-v2,B3_training_state,heteroskedastic_proxy_null,0.3,0.0,94,4999,estimated,240,0.3988,0.0037365753599743314,0.04776220023523184,False,False
mbe3-pgdl-transfer-confirmation-v2,B3_training_state,heteroskedastic_proxy_null,0.3,0.0,95,4999,estimated,240,0.4238,-0.00398090284497614,-0.049675943820549,False,False
mbe3-pgdl-transfer-confirmation-v2,B3_training_state,heteroskedastic_proxy_null,0.3,0.0,96,4999,estimated,240,0.301,0.00442462446060756,0.05033647280319593,False,False
mbe3-pgdl-transfer-confirmation-v2,B3_training_state,heteroskedastic_proxy_null,0.3,0.0,97,4999,estimated,240,0.0006,0.01650009329474982,0.2079830151248387,True,True
mbe3-pgdl-transfer-confirmation-v2,B3_training_state,heteroskedastic_proxy_null,0.3,0.0,98,4999,estimated,240,0.7576,0.0013281577834871145,0.017620016279865907,False,False
mbe3-pgdl-transfer-confirmation-v2,B3_training_state,heteroskedastic_proxy_null,0.3,0.0,99,4999,estimated,240,0.2352,0.0051142950045549845,0.05720534580163788,False,False
mbe3-pgdl-transfer-confirmation-v2,B3_training_state,heteroskedastic_proxy_null,0.8,0.0,0,4999,estimated,240,0.4494,-0.0033792433181309154,-0.04437954806182879,False,False
mbe3-pgdl-transfer-confirmation-v2,B3_training_state,heteroskedastic_proxy_null,0.8,0.0,1,4999,estimated,240,0.103,0.00683965495448538,0.08603146227432394,False,False
mbe3-pgdl-transfer-confirmation-v2,B3_training_state,heteroskedastic_proxy_null,0.8,0.0,2,4999,estimated,240,0.5804,-0.0025881187020768952,-0.03541684998272604,False,False
mbe3-pgdl-transfer-confirmation-v2,B3_training_state,heteroskedastic_proxy_null,0.8,0.0,3,4999,estimated,240,0.9858,6.816594754203524e-05,0.0007709035131749272,False,False
mbe3-pgdl-transfer-confirmation-v2,B3_training_state,heteroskedastic_proxy_null,0.8,0.0,4,4999,estimated,240,0.3432,-0.004738479959379578,-0.07314126095275296,False,False
mbe3-pgdl-transfer-confirmation-v2,B3_training_state,heteroskedastic_proxy_null,0.8,0.0,5,4999,estimated,240,0.7228,0.0015909673407124528,0.021556694097640786,False,False
mbe3-pgdl-transfer-confirmation-v2,B3_training_state,heteroskedastic_proxy_null,0.8,0.0,6,4999,estimated,240,0.5178,-0.0034455629016625633,-0.03968078541018525,False,False
mbe3-pgdl-transfer-confirmation-v2,B3_training_state,heteroskedastic_proxy_null,0.8,0.0,7,4999,estimated,240,0.6148,-0.0023153821498638743,-0.03059582796504107,False,False
mbe3-pgdl-transfer-confirmation-v2,B3_training_state,heteroskedastic_proxy_null,0.8,0.0,8,4999,estimated,240,0.288,-0.005120125365806426,-0.06359058838803844,False,False
mbe3-pgdl-transfer-confirmation-v2,B3_training_state,heteroskedastic_proxy_null,0.8,0.0,9,4999,estimated,240,0.583,-0.00221082102115608,-0.02766422656839441,False,False
mbe3-pgdl-transfer-confirmation-v2,B3_training_state,heteroskedastic_proxy_null,0.8,0.0,10,4999,estimated,240,0.7334,-0.0016745678790904613,-0.021160057130471966,False,False
mbe3-pgdl-transfer-confirmation-v2,B3_training_state,heteroskedastic_proxy_null,0.8,0.0,11,4999,estimated,240,0.1852,0.006427080745157957,0.07468943602132151,False,False
mbe3-pgdl-transfer-confirmation-v2,B3_training_state,heteroskedastic_proxy_null,0.8,0.0,12,4999,estimated,240,0.0218,-0.009654138351148759,-0.11890523712571983,False,False
mbe3-pgdl-transfer-confirmation-v2,B3_training_state,heteroskedastic_proxy_null,0.8,0.0,13,4999,estimated,240,0.0546,0.009094763462990919,0.10365013763642869,False,False
mbe3-pgdl-transfer-confirmation-v2,B3_training_state,heteroskedastic_proxy_null,0.8,0.0,14,4999,estimated,240,0.0056,0.011324868470245395,0.15952010448537762,False,False
mbe3-pgdl-transfer-confirmation-v2,B3_training_state,heteroskedastic_proxy_null,0.8,0.0,15,4999,estimated,240,0.3716,0.0035060246855820117,0.05021397841986684,False,False
mbe3-pgdl-transfer-confirmation-v2,B3_training_state,heteroskedastic_proxy_null,0.8,0.0,16,4999,estimated,240,0.3914,-0.0035130494017716965,-0.04346463402455817,False,False
mbe3-pgdl-transfer-confirmation-v2,B3_training_state,heteroskedastic_proxy_null,0.8,0.0,17,4999,estimated,240,0.3232,-0.0044374691150789675,-0.06200021535026701,False,False
mbe3-pgdl-transfer-confirmation-v2,B3_training_state,heteroskedastic_proxy_null,0.8,0.0,18,4999,estimated,240,0.8362,0.0010440367962102704,0.013549554172258584,False,False
mbe3-pgdl-transfer-confirmation-v2,B3_training_state,heteroskedastic_proxy_null,0.8,0.0,19,4999,estimated,240,0.9172,0.0004696112961613282,0.006814898432503815,False,False
mbe3-pgdl-transfer-confirmation-v2,B3_training_state,heteroskedastic_proxy_null,0.8,0.0,20,4999,estimated,240,0.1792,0.006393486809136486,0.0732585205836035,False,False
mbe3-pgdl-transfer-confirmation-v2,B3_training_state,heteroskedastic_proxy_null,0.8,0.0,21,4999,estimated,240,0.1888,0.005439733531829422,0.06999284163976414,False,False
mbe3-pgdl-transfer-confirmation-v2,B3_training_state,heteroskedastic_proxy_null,0.8,0.0,22,4999,estimated,240,0.4364,-0.0035938037323978754,-0.04184768903837103,False,False
mbe3-pgdl-transfer-confirmation-v2,B3_training_state,heteroskedastic_proxy_null,0.8,0.0,23,4999,estimated,240,0.1538,0.006242997924879327,0.08422667354970542,False,False
mbe3-pgdl-transfer-confirmation-v2,B3_training_state,heteroskedastic_proxy_null,0.8,0.0,24,4999,estimated,240,0.474,-0.003143406937202637,-0.041941994983799046,False,False
mbe3-pgdl-transfer-confirmation-v2,B3_training_state,heteroskedastic_proxy_null,0.8,0.0,25,4999,estimated,240,0.6748,0.001805638708258508,0.021068553240672003,False,False
mbe3-pgdl-transfer-confirmation-v2,B3_training_state,heteroskedastic_proxy_null,0.8,0.0,26,4999,estimated,240,0.376,0.004207849774547763,0.048548343486337006,False,False
mbe3-pgdl-transfer-confirmation-v2,B3_training_state,heteroskedastic_proxy_null,0.8,0.0,27,4999,estimated,240,0.7004,-0.0022448122303737558,-0.02369496785189923,False,False
mbe3-pgdl-transfer-confirmation-v2,B3_training_state,heteroskedastic_proxy_null,0.8,0.0,28,4999,estimated,240,0.6902,-0.0016423689439118664,-0.023166738361900863,False,False
mbe3-pgdl-transfer-confirmation-v2,B3_training_state,heteroskedastic_proxy_null,0.8,0.0,29,4999,estimated,240,0.8626,0.0006810233674909859,0.008584297684453679,False,False
mbe3-pgdl-transfer-confirmation-v2,B3_training_state,heteroskedastic_proxy_null,0.8,0.0,30,4999,estimated,240,0.0258,0.010145973188510203,0.13037311322402845,False,False
mbe3-pgdl-transfer-confirmation-v2,B3_training_state,heteroskedastic_proxy_null,0.8,0.0,31,4999,estimated,240,0.9952,-2.2626806310283484e-05,-0.00025018025596107435,False,False
mbe3-pgdl-transfer-confirmation-v2,B3_training_state,heteroskedastic_proxy_null,0.8,0.0,32,4999,estimated,240,0.1522,0.0065724107734079105,0.08373816789784734,False,False
mbe3-pgdl-transfer-confirmation-v2,B3_training_state,heteroskedastic_proxy_null,0.8,0.0,33,4999,estimated,240,0.5472,-0.002929010975227804,-0.03760085734998929,False,False
mbe3-pgdl-transfer-confirmation-v2,B3_training_state,heteroskedastic_proxy_null,0.8,0.0,34,4999,estimated,240,0.404,0.0041461500677363525,0.0463061742056587,False,False
mbe3-pgdl-transfer-confirmation-v2,B3_training_state,heteroskedastic_proxy_null,0.8,0.0,35,4999,estimated,240,0.0266,-0.009198838370517968,-0.11507499055420412,False,False
mbe3-pgdl-transfer-confirmation-v2,B3_training_state,heteroskedastic_proxy_null,0.8,0.0,36,4999,estimated,240,0.0646,0.007886326261504293,0.10984645524863779,False,False
mbe3-pgdl-transfer-confirmation-v2,B3_training_state,heteroskedastic_proxy_null,0.8,0.0,37,4999,estimated,240,0.146,0.00804043537744156,0.09555249944711869,False,False
mbe3-pgdl-transfer-confirmation-v2,B3_training_state,heteroskedastic_proxy_null,0.8,0.0,38,4999,estimated,240,0.8858,0.0006013177180609719,0.007043497506074799,False,False
mbe3-pgdl-transfer-confirmation-v2,B3_training_state,heteroskedastic_proxy_null,0.8,0.0,39,4999,estimated,240,0.428,0.003917122338612351,0.05061348684398906,False,False
mbe3-pgdl-transfer-confirmation-v2,B3_training_state,heteroskedastic_proxy_null,0.8,0.0,40,4999,estimated,240,0.9418,-0.0002961973009330145,-0.00392396487871159,False,False
mbe3-pgdl-transfer-confirmation-v2,B3_training_state,heteroskedastic_proxy_null,0.8,0.0,41,4999,estimated,240,0.2712,-0.004394633848320511,-0.05622845746489052,False,False
mbe3-pgdl-transfer-confirmation-v2,B3_training_state,heteroskedastic_proxy_null,0.8,0.0,42,4999,estimated,240,0.6858,-0.002025308591707083,-0.023677638518146794,False,False
mbe3-pgdl-transfer-confirmation-v2,B3_training_state,heteroskedastic_proxy_null,0.8,0.0,43,4999,estimated,240,0.9752,0.00013130753226973084,0.0017393214459982972,False,False
mbe3-pgdl-transfer-confirmation-v2,B3_training_state,heteroskedastic_proxy_null,0.8,0.0,44,4999,estimated,240,0.1788,0.006254963181075233,0.07317938963953424,False,False
mbe3-pgdl-transfer-confirmation-v2,B3_training_state,heteroskedastic_proxy_null,0.8,0.0,45,4999,estimated,240,0.0156,-0.011444908327364823,-0.1544570312077752,False,False
mbe3-pgdl-transfer-confirmation-v2,B3_training_state,heteroskedastic_proxy_null,0.8,0.0,46,4999,estimated,240,0.552,0.002688680737212445,0.03486546130000537,False,False
mbe3-pgdl-transfer-confirmation-v2,B3_training_state,heteroskedastic_proxy_null,0.8,0.0,47,4999,estimated,240,0.2842,-0.004718225172183768,-0.05997050354280508,False,False
mbe3-pgdl-transfer-confirmation-v2,B3_training_state,heteroskedastic_proxy_null,0.8,0.0,48,4999,estimated,240,0.2906,0.004148630616703975,0.05314162077172813,False,False
mbe3-pgdl-transfer-confirmation-v2,B3_training_state,heteroskedastic_proxy_null,0.8,0.0,49,4999,estimated,240,0.8792,-0.0006886757743014176,-0.008894597602549013,False,False
mbe3-pgdl-transfer-confirmation-v2,B3_training_state,heteroskedastic_proxy_null,0.8,0.0,50,4999,estimated,240,0.1118,0.00663646528443995,0.08438171510459833,False,False
mbe3-pgdl-transfer-confirmation-v2,B3_training_state,heteroskedastic_proxy_null,0.8,0.0,51,4999,estimated,240,0.825,-0.0011886453042047412,-0.012867006975215685,False,False
mbe3-pgdl-transfer-confirmation-v2,B3_training_state,heteroskedastic_proxy_null,0.8,0.0,52,4999,estimated,240,0.1156,0.006581256173087405,0.0870949226730998,False,False
mbe3-pgdl-transfer-confirmation-v2,B3_training_state,heteroskedastic_proxy_null,0.8,0.0,53,4999,estimated,240,0.0928,0.006974225725789632,0.09296339489623395,False,False
mbe3-pgdl-transfer-confirmation-v2,B3_training_state,heteroskedastic_proxy_null,0.8,0.0,54,4999,estimated,240,0.6034,-0.002085457505935788,-0.026383262036718546,False,False
mbe3-pgdl-transfer-confirmation-v2,B3_training_state,heteroskedastic_proxy_null,0.8,0.0,55,4999,estimated,240,0.6212,-0.002051703221616363,-0.0261921749428246,False,False
mbe3-pgdl-transfer-confirmation-v2,B3_training_state,heteroskedastic_proxy_null,0.8,0.0,56,4999,estimated,240,0.3462,0.003916543312642238,0.048286443545078585,False,False
mbe3-pgdl-transfer-confirmation-v2,B3_training_state,heteroskedastic_proxy_null,0.8,0.0,57,4999,estimated,240,0.1064,0.007017248323642897,0.09911854918695755,False,False
mbe3-pgdl-transfer-confirmation-v2,B3_training_state,heteroskedastic_proxy_null,0.8,0.0,58,4999,estimated,240,0.5222,0.0025578001390199425,0.03333016300313288,False,False
mbe3-pgdl-transfer-confirmation-v2,B3_training_state,heteroskedastic_proxy_null,0.8,0.0,59,4999,estimated,240,0.979,0.00010853361950150646,0.0013593595173838232,False,False
mbe3-pgdl-transfer-confirmation-v2,B3_training_state,heteroskedastic_proxy_null,0.8,0.0,60,4999,estimated,240,0.4204,-0.003286492704396543,-0.04147627715546684,False,False
mbe3-pgdl-transfer-confirmation-v2,B3_training_state,heteroskedastic_proxy_null,0.8,0.0,61,4999,estimated,240,0.0922,0.006750467477299068,0.09334943048361888,False,False
mbe3-pgdl-transfer-confirmation-v2,B3_training_state,heteroskedastic_proxy_null,0.8,0.0,62,4999,estimated,240,0.1482,0.006924500908905563,0.06842683782155516,False,False
mbe3-pgdl-transfer-confirmation-v2,B3_training_state,heteroskedastic_proxy_null,0.8,0.0,63,4999,estimated,240,0.3394,-0.0040605302867751285,-0.04576345747734577,False,False
mbe3-pgdl-transfer-confirmation-v2,B3_training_state,heteroskedastic_proxy_null,0.8,0.0,64,4999,estimated,240,0.754,0.0013692742844907781,0.016262768764431914,False,False
mbe3-pgdl-transfer-confirmation-v2,B3_training_state,heteroskedastic_proxy_null,0.8,0.0,65,4999,estimated,240,0.8634,0.0006851062521299871,0.007557420534956696,False,False
mbe3-pgdl-transfer-confirmation-v2,B3_training_state,heteroskedastic_proxy_null,0.8,0.0,66,4999,estimated,240,0.0138,0.012370555320443267,0.14357379703991932,False,False
mbe3-pgdl-transfer-confirmation-v2,B3_training_state,heteroskedastic_proxy_null,0.8,0.0,67,4999,estimated,240,0.1238,-0.007312576184348518,-0.09094310596222421,False,False
mbe3-pgdl-transfer-confirmation-v2,B3_training_state,heteroskedastic_proxy_null,0.8,0.0,68,4999,estimated,240,0.389,0.003535479637925447,0.04991235285023476,False,False
mbe3-pgdl-transfer-confirmation-v2,B3_training_state,heteroskedastic_proxy_null,0.8,0.0,69,4999,estimated,240,0.2254,-0.005708639445932875,-0.07424091233298527,False,False
mbe3-pgdl-transfer-confirmation-v2,B3_training_state,heteroskedastic_proxy_null,0.8,0.0,70,4999,estimated,240,0.2662,-0.005370320441734579,-0.06737542435506226,False,False
mbe3-pgdl-transfer-confirmation-v2,B3_training_state,heteroskedastic_proxy_null,0.8,0.0,71,4999,estimated,240,0.3782,-0.0035592524513457773,-0.048731724822779994,False,False
mbe3-pgdl-transfer-confirmation-v2,B3_training_state,heteroskedastic_proxy_null,0.8,0.0,72,4999,estimated,240,0.8192,-0.0009691905463894209,-0.012854634900860173,False,False
mbe3-pgdl-transfer-confirmation-v2,B3_training_state,heteroskedastic_proxy_null,0.8,0.0,73,4999,estimated,240,0.4908,-0.0031718868579389352,-0.040252451141661025,False,False
mbe3-pgdl-transfer-confirmation-v2,B3_training_state,heteroskedastic_proxy_null,0.8,0.0,74,4999,estimated,240,0.616,0.0020320229355641458,0.02599086780445169,False,False
mbe3-pgdl-transfer-confirmation-v2,B3_training_state,heteroskedastic_proxy_null,0.8,0.0,75,4999,estimated,240,0.0776,0.00839987657377864,0.10279232204179892,False,False
mbe3-pgdl-transfer-confirmation-v2,B3_training_state,heteroskedastic_proxy_null,0.8,0.0,76,4999,estimated,240,0.1624,0.007511033007540727,0.08443116706535903,False,False
mbe3-pgdl-transfer-confirmation-v2,B3_training_state,heteroskedastic_proxy_null,0.8,0.0,77,4999,estimated,240,0.1234,-0.00647617455167035,-0.09090427887826673,False,False
mbe3-pgdl-transfer-confirmation-v2,B3_training_state,heteroskedastic_proxy_null,0.8,0.0,78,4999,estimated,240,0.2106,-0.0049844462809209514,-0.05839690808049153,False,False
mbe3-pgdl-transfer-confirmation-v2,B3_training_state,heteroskedastic_proxy_null,0.8,0.0,79,4999,estimated,240,0.3578,0.004177961171673395,0.04368623370654375,False,False
mbe3-pgdl-transfer-confirmation-v2,B3_training_state,heteroskedastic_proxy_null,0.8,0.0,80,4999,estimated,240,0.5246,-0.0031604331170389816,-0.03460224241943102,False,False
mbe3-pgdl-transfer-confirmation-v2,B3_training_state,heteroskedastic_proxy_null,0.8,0.0,81,4999,estimated,240,0.9934,-4.792027371927447e-05,-0.0005666996393895557,False,False
mbe3-pgdl-transfer-confirmation-v2,B3_training_state,heteroskedastic_proxy_null,0.8,0.0,82,4999,estimated,240,0.8702,-0.0006058150338812071,-0.008301455820786452,False,False
mbe3-pgdl-transfer-confirmation-v2,B3_training_state,heteroskedastic_proxy_null,0.8,0.0,83,4999,estimated,240,0.847,0.0008113951048308357,0.012587701318678283,False,False
mbe3-pgdl-transfer-confirmation-v2,B3_training_state,heteroskedastic_proxy_null,0.8,0.0,84,4999,estimated,240,0.0156,-0.011424585846167807,-0.13536382103512024,False,False
mbe3-pgdl-transfer-confirmation-v2,B3_training_state,heteroskedastic_proxy_null,0.8,0.0,85,4999,estimated,240,0.2268,-0.005020543967590664,-0.06915872786679338,False,False
mbe3-pgdl-transfer-confirmation-v2,B3_training_state,heteroskedastic_proxy_null,0.8,0.0,86,4999,estimated,240,0.0638,-0.006621247062992517,-0.08267593033337078,False,False
mbe3-pgdl-transfer-confirmation-v2,B3_training_state,heteroskedastic_proxy_null,0.8,0.0,87,4999,estimated,240,0.2022,0.004982860259535559,0.06249671014785744,False,False
mbe3-pgdl-transfer-confirmation-v2,B3_training_state,heteroskedastic_proxy_null,0.8,0.0,88,4999,estimated,240,0.043,0.009445305015822721,0.11350811001614161,False,False
mbe3-pgdl-transfer-confirmation-v2,B3_training_state,heteroskedastic_proxy_null,0.8,0.0,89,4999,estimated,240,0.4116,0.00402010494443806,0.04756159574125048,False,False
mbe3-pgdl-transfer-confirmation-v2,B3_training_state,heteroskedastic_proxy_null,0.8,0.0,90,4999,estimated,240,0.0574,0.009318292265295324,0.12312099936208787,False,False
mbe3-pgdl-transfer-confirmation-v2,B3_training_state,heteroskedastic_proxy_null,0.8,0.0,91,4999,estimated,240,0.0242,0.0102953225660622,0.13045462885371512,False,False
mbe3-pgdl-transfer-confirmation-v2,B3_training_state,heteroskedastic_proxy_null,0.8,0.0,92,4999,estimated,240,0.0066,0.01506049174573005,0.15642878099469557,False,False
mbe3-pgdl-transfer-confirmation-v2,B3_training_state,heteroskedastic_proxy_null,0.8,0.0,93,4999,estimated,240,0.3824,0.003959865441192796,0.05110011249893185,False,False
mbe3-pgdl-transfer-confirmation-v2,B3_training_state,heteroskedastic_proxy_null,0.8,0.0,94,4999,estimated,240,0.2224,-0.005509289145996294,-0.0848818025139527,False,False
mbe3-pgdl-transfer-confirmation-v2,B3_training_state,heteroskedastic_proxy_null,0.8,0.0,95,4999,estimated,240,0.7148,0.0015521898855366042,0.01812130547191481,False,False
mbe3-pgdl-transfer-confirmation-v2,B3_training_state,heteroskedastic_proxy_null,0.8,0.0,96,4999,estimated,240,0.3636,0.00333770649341845,0.04741166340756881,False,False
mbe3-pgdl-transfer-confirmation-v2,B3_training_state,heteroskedastic_proxy_null,0.8,0.0,97,4999,estimated,240,0.4542,-0.0032192871857201367,-0.04180489928205839,False,False
mbe3-pgdl-transfer-confirmation-v2,B3_training_state,heteroskedastic_proxy_null,0.8,0.0,98,4999,estimated,240,0.9988,2.8685344558611325e-06,3.634332149378265e-05,False,False
mbe3-pgdl-transfer-confirmation-v2,B3_training_state,heteroskedastic_proxy_null,0.8,0.0,99,4999,estimated,240,0.206,0.006083802819982589,0.08711083111055873,False,False
mbe3-pgdl-transfer-confirmation-v2,B3_training_state,independent_null,0.3,0.0,0,4999,estimated,240,0.232,-0.00647837638624704,-0.05892822734335283,False,False
mbe3-pgdl-transfer-confirmation-v2,B3_training_state,independent_null,0.3,0.0,1,4999,estimated,240,0.0684,0.00855636527006768,0.07741120172297966,False,False
mbe3-pgdl-transfer-confirmation-v2,B3_training_state,independent_null,0.3,0.0,2,4999,estimated,240,0.1554,-0.009773695525419335,-0.08551047938651342,False,False
mbe3-pgdl-transfer-confirmation-v2,B3_training_state,independent_null,0.3,0.0,3,4999,estimated,240,0.0506,0.011029779828598594,0.09954961948663234,False,False
mbe3-pgdl-transfer-confirmation-v2,B3_training_state,independent_null,0.3,0.0,4,4999,estimated,240,0.0424,0.01036395700657327,0.0974220347065233,False,False
mbe3-pgdl-transfer-confirmation-v2,B3_training_state,independent_null,0.3,0.0,5,4999,estimated,240,0.2662,0.006240771382622899,0.05619993977286315,False,False
mbe3-pgdl-transfer-confirmation-v2,B3_training_state,independent_null,0.3,0.0,6,4999,estimated,240,0.1308,0.00738890966471955,0.07048395286525123,False,False
mbe3-pgdl-transfer-confirmation-v2,B3_training_state,independent_null,0.3,0.0,7,4999,estimated,240,0.0424,-0.012365898105951373,-0.11177546975742149,False,False
mbe3-pgdl-transfer-confirmation-v2,B3_training_state,independent_null,0.3,0.0,8,4999,estimated,240,0.8392,0.0011734261448704101,0.011042716311946938,False,False
mbe3-pgdl-transfer-confirmation-v2,B3_training_state,independent_null,0.3,0.0,9,4999,estimated,240,0.338,-0.0059265953492076045,-0.05113450524387909,False,False
mbe3-pgdl-transfer-confirmation-v2,B3_training_state,independent_null,0.3,0.0,10,4999,estimated,240,0.0042,-0.016228291590712065,-0.15438278730336177,False,False
mbe3-pgdl-transfer-confirmation-v2,B3_training_state,independent_null,0.3,0.0,11,4999,estimated,240,0.8058,0.001459457050097902,0.013448403097025451,False,False
mbe3-pgdl-transfer-confirmation-v2,B3_training_state,independent_null,0.3,0.0,12,4999,estimated,240,0.183,0.007616292794776827,0.06875759428639051,False,False
mbe3-pgdl-transfer-confirmation-v2,B3_training_state,independent_null,0.3,0.0,13,4999,estimated,240,0.1548,0.007607901454955566,0.07310542616508403,False,False
mbe3-pgdl-transfer-confirmation-v2,B3_training_state,independent_null,0.3,0.0,14,4999,estimated,240,0.3946,-0.004669641794086982,-0.045554068960822224,False,False
mbe3-pgdl-transfer-confirmation-v2,B3_training_state,independent_null,0.3,0.0,15,4999,estimated,240,0.3234,0.0055592981632998605,0.05599095858361085,False,False
mbe3-pgdl-transfer-confirmation-v2,B3_training_state,independent_null,0.3,0.0,16,4999,estimated,240,0.9928,-6.144500022217761e-05,-0.0004822554214621933,False,False
mbe3-pgdl-transfer-confirmation-v2,B3_training_state,independent_null,0.3,0.0,17,4999,estimated,240,0.2448,0.006900545504643216,0.06330134856503304,False,False
mbe3-pgdl-transfer-confirmation-v2,B3_training_state,independent_null,0.3,0.0,18,4999,estimated,240,0.3166,0.005838216377595632,0.05639981846560198,False,False
mbe3-pgdl-transfer-confirmation-v2,B3_training_state,independent_null,0.3,0.0,19,4999,estimated,240,0.0056,-0.01547136726737675,-0.14621362148924266,False,False
mbe3-pgdl-transfer-confirmation-v2,B3_training_state,independent_null,0.3,0.0,20,4999,estimated,240,0.0746,-0.010143012250191792,-0.09227742788734121,False,False
mbe3-pgdl-transfer-confirmation-v2,B3_training_state,independent_null,0.3,0.0,21,4999,estimated,240,0.4278,-0.004329002406127871,-0.04042957284859159,False,False
mbe3-pgdl-transfer-confirmation-v2,B3_training_state,independent_null,0.3,0.0,22,4999,estimated,240,0.946,0.00039163449526541383,0.0032883924894628654,False,False
mbe3-pgdl-transfer-confirmation-v2,B3_training_state,independent_null,0.3,0.0,23,4999,estimated,240,0.9808,0.00012337357533991945,0.0011723170757567674,False,False
mbe3-pgdl-transfer-confirmation-v2,B3_training_state,independent_null,0.3,0.0,24,4999,estimated,240,0.299,-0.005950285618266727,-0.055681901811234204,False,False
mbe3-pgdl-transfer-confirmation-v2,B3_training_state,independent_null,0.3,0.0,25,4999,estimated,240,0.2722,-0.005999067361123955,-0.05957863615462574,False,False
mbe3-pgdl-transfer-confirmation-v2,B3_training_state,independent_null,0.3,0.0,26,4999,estimated,240,0.0468,-0.011005360118903424,-0.10538597485088012,False,False
mbe3-pgdl-transfer-confirmation-v2,B3_training_state,independent_null,0.3,0.0,27,4999,estimated,240,0.6658,0.0027216571632282804,0.02304312503316158,False,False
mbe3-pgdl-transfer-confirmation-v2,B3_training_state,independent_null,0.3,0.0,28,4999,estimated,240,0.6846,-0.0022521009821748583,-0.017139190683346437,False,False
mbe3-pgdl-transfer-confirmation-v2,B3_training_state,independent_null,0.3,0.0,29,4999,estimated,240,0.3506,-0.005219115281147868,-0.045484859260458914,False,False
mbe3-pgdl-transfer-confirmation-v2,B3_training_state,independent_null,0.3,0.0,30,4999,estimated,240,0.3038,0.005570473175627938,0.053227153639947115,False,False
mbe3-pgdl-transfer-confirmation-v2,B3_training_state,independent_null,0.3,0.0,31,4999,estimated,240,0.7048,-0.002432971401849366,-0.020240891695215004,False,False
mbe3-pgdl-transfer-confirmation-v2,B3_training_state,independent_null,0.3,0.0,32,4999,estimated,240,0.9296,0.0005521825038002133,0.005129906513519793,False,False
mbe3-pgdl-transfer-confirmation-v2,B3_training_state,independent_null,0.3,0.0,33,4999,estimated,240,0.2822,0.00608258385065004,0.05622140691958025,False,False
mbe3-pgdl-transfer-confirmation-v2,B3_training_state,independent_null,0.3,0.0,34,4999,estimated,240,0.8082,-0.001670482209612359,-0.014578240181492138,False,False
mbe3-pgdl-transfer-confirmation-v2,B3_training_state,independent_null,0.3,0.0,35,4999,estimated,240,0.8766,-0.0010053221068757946,-0.008659440702832772,False,False
mbe3-pgdl-transfer-confirmation-v2,B3_training_state,independent_null,0.3,0.0,36,4999,estimated,240,0.0492,0.012917672289003812,0.10969721549990114,False,False
mbe3-pgdl-transfer-confirmation-v2,B3_training_state,independent_null,0.3,0.0,37,4999,estimated,240,0.1296,-0.008499779739266817,-0.08009674995325279,False,False
mbe3-pgdl-transfer-confirmation-v2,B3_training_state,independent_null,0.3,0.0,38,4999,estimated,240,0.1108,0.00971619531976938,0.08212898279419326,False,False
mbe3-pgdl-transfer-confirmation-v2,B3_training_state,independent_null,0.3,0.0,39,4999,estimated,240,0.246,0.00578453058226216,0.05638604451831226,False,False
mbe3-pgdl-transfer-confirmation-v2,B3_training_state,independent_null,0.3,0.0,40,4999,estimated,240,0.0052,0.01517193945689114,0.135771025382174,False,False
mbe3-pgdl-transfer-confirmation-v2,B3_training_state,independent_null,0.3,0.0,41,4999,estimated,240,0.9628,0.00019200018011733983,0.0019379539670636408,False,False
mbe3-pgdl-transfer-confirmation-v2,B3_training_state,independent_null,0.3,0.0,42,4999,estimated,240,0.1898,0.007918036860643006,0.07406277647932505,False,False
mbe3-pgdl-transfer-confirmation-v2,B3_training_state,independent_null,0.3,0.0,43,4999,estimated,240,0.8298,0.0012871098923357147,0.011950649837798172,False,False
mbe3-pgdl-transfer-confirmation-v2,B3_training_state,independent_null,0.3,0.0,44,4999,estimated,240,0.3516,-0.004593230051176284,-0.043865756962041313,False,False
mbe3-pgdl-transfer-confirmation-v2,B3_training_state,independent_null,0.3,0.0,45,4999,estimated,240,0.417,0.005093774952322676,0.04023045860024973,False,False
mbe3-pgdl-transfer-confirmation-v2,B3_training_state,independent_null,0.3,0.0,46,4999,estimated,240,0.2166,0.007038251992809532,0.06770223752095693,False,False
mbe3-pgdl-transfer-confirmation-v2,B3_training_state,independent_null,0.3,0.0,47,4999,estimated,240,0.1748,0.007310813514168357,0.07284985501087132,False,False
mbe3-pgdl-transfer-confirmation-v2,B3_training_state,independent_null,0.3,0.0,48,4999,estimated,240,0.8488,0.0009449624168797678,0.00921295332667339,False,False
mbe3-pgdl-transfer-confirmation-v2,B3_training_state,independent_null,0.3,0.0,49,4999,estimated,240,0.4762,-0.003950408879174627,-0.035507061163047283,False,False
mbe3-pgdl-transfer-confirmation-v2,B3_training_state,independent_null,0.3,0.0,50,4999,estimated,240,0.4746,0.004177774007643694,0.035400060378883484,False,False
mbe3-pgdl-transfer-confirmation-v2,B3_training_state,independent_null,0.3,0.0,51,4999,estimated,240,0.3848,-0.004646555875974529,-0.04545726290513306,False,False
mbe3-pgdl-transfer-confirmation-v2,B3_training_state,independent_null,0.3,0.0,52,4999,estimated,240,0.5564,-0.003225416051322313,-0.02978059600750569,False,False
mbe3-pgdl-transfer-confirmation-v2,B3_training_state,independent_null,0.3,0.0,53,4999,estimated,240,0.5494,0.0031166190759257142,0.030778977628201244,False,False
mbe3-pgdl-transfer-confirmation-v2,B3_training_state,independent_null,0.3,0.0,54,4999,estimated,240,0.4062,-0.004375500315448086,-0.03698302055924309,False,False
mbe3-pgdl-transfer-confirmation-v2,B3_training_state,independent_null,0.3,0.0,55,4999,estimated,240,0.6044,0.0029884031361330273,0.024685550481843673,False,False
mbe3-pgdl-transfer-confirmation-v2,B3_training_state,independent_null,0.3,0.0,56,4999,estimated,240,0.5366,-0.003332504373766606,-0.026612550693832265,False,False
mbe3-pgdl-transfer-confirmation-v2,B3_training_state,independent_null,0.3,0.0,57,4999,estimated,240,0.0252,-0.013317734580391491,-0.1156265340867763,False,False
mbe3-pgdl-transfer-confirmation-v2,B3_training_state,independent_null,0.3,0.0,58,4999,estimated,240,0.5356,0.004324231838585327,0.04256674093240511,False,False
mbe3-pgdl-transfer-confirmation-v2,B3_training_state,independent_null,0.3,0.0,59,4999,estimated,240,0.6932,-0.0021164667754043037,-0.02048960902487423,False,False
mbe3-pgdl-transfer-confirmation-v2,B3_training_state,independent_null,0.3,0.0,60,4999,estimated,240,0.506,0.0038981802144840622,0.03860706526702282,False,False
mbe3-pgdl-transfer-confirmation-v2,B3_training_state,independent_null,0.3,0.0,61,4999,estimated,240,0.8028,0.0013097416482962005,0.013529936479288598,False,False
mbe3-pgdl-transfer-confirmation-v2,B3_training_state,independent_null,0.3,0.0,62,4999,estimated,240,0.6948,0.002413110871449062,0.021564267185014138,False,False
mbe3-pgdl-transfer-confirmation-v2,B3_training_state,independent_null,0.3,0.0,63,4999,estimated,240,0.6866,-0.0022750224239195724,-0.020323581074160102,False,False
mbe3-pgdl-transfer-confirmation-v2,B3_training_state,independent_null,0.3,0.0,64,4999,estimated,240,0.0106,-0.0138740072454056,-0.13233641634582416,False,False
mbe3-pgdl-transfer-confirmation-v2,B3_training_state,independent_null,0.3,0.0,65,4999,estimated,240,0.9694,-0.00021906554693803076,-0.0019498706752776505,False,False
mbe3-pgdl-transfer-confirmation-v2,B3_training_state,independent_null,0.3,0.0,66,4999,estimated,240,0.1148,-0.008729386479077445,-0.07449547606429649,False,False
mbe3-pgdl-transfer-confirmation-v2,B3_training_state,independent_null,0.3,0.0,67,4999,estimated,240,0.8058,-0.00119645132176901,-0.01102854535369209,False,False
mbe3-pgdl-transfer-confirmation-v2,B3_training_state,independent_null,0.3,0.0,68,4999,estimated,240,0.3788,-0.004982852629785999,-0.04060566966915554,False,False
mbe3-pgdl-transfer-confirmation-v2,B3_training_state,independent_null,0.3,0.0,69,4999,estimated,240,0.749,-0.0018156246374627536,-0.018531739525383645,False,False
mbe3-pgdl-transfer-confirmation-v2,B3_training_state,independent_null,0.3,0.0,70,4999,estimated,240,0.3744,0.005110603108227807,0.05003208658613429,False,False
mbe3-pgdl-transfer-confirmation-v2,B3_training_state,independent_null,0.3,0.0,71,4999,estimated,240,0.366,-0.004688085987634603,-0.04209122686357185,False,False
mbe3-pgdl-transfer-confirmation-v2,B3_training_state,independent_null,0.3,0.0,72,4999,estimated,240,0.8442,0.0010433242401484252,0.009117139448006044,False,False
mbe3-pgdl-transfer-confirmation-v2,B3_training_state,independent_null,0.3,0.0,73,4999,estimated,240,0.5256,0.003780543213084949,0.030720143068687804,False,False
mbe3-pgdl-transfer-confirmation-v2,B3_training_state,independent_null,0.3,0.0,74,4999,estimated,240,0.6848,-0.002078505671045929,-0.019475227542884273,False,False
mbe3-pgdl-transfer-confirmation-v2,B3_training_state,independent_null,0.3,0.0,75,4999,estimated,240,0.0876,0.00949919706505102,0.09776495626155544,False,False
mbe3-pgdl-transfer-confirmation-v2,B3_training_state,independent_null,0.3,0.0,76,4999,estimated,240,0.8382,-0.001151777773033762,-0.009702898353705513,False,False
mbe3-pgdl-transfer-confirmation-v2,B3_training_state,independent_null,0.3,0.0,77,4999,estimated,240,0.1882,-0.006946059720578393,-0.06677913114677397,False,False
mbe3-pgdl-transfer-confirmation-v2,B3_training_state,independent_null,0.3,0.0,78,4999,estimated,240,0.3098,0.006082687445083565,0.05716859419880423,False,False
mbe3-pgdl-transfer-confirmation-v2,B3_training_state,independent_null,0.3,0.0,79,4999,estimated,240,0.0066,0.015136200250519649,0.1316163647849554,False,False
mbe3-pgdl-transfer-confirmation-v2,B3_training_state,independent_null,0.3,0.0,80,4999,estimated,240,0.6052,0.0031219678880065765,0.025692748565865103,False,False
mbe3-pgdl-transfer-confirmation-v2,B3_training_state,independent_null,0.3,0.0,81,4999,estimated,240,0.785,-0.0013498182951096661,-0.011892738964200022,False,False
mbe3-pgdl-transfer-confirmation-v2,B3_training_state,independent_null,0.3,0.0,82,4999,estimated,240,0.4038,0.0050261483744903504,0.04749776170976341,False,False
mbe3-pgdl-transfer-confirmation-v2,B3_training_state,independent_null,0.3,0.0,83,4999,estimated,240,0.0552,0.010706341030168891,0.10377177335489532,False,False
mbe3-pgdl-transfer-confirmation-v2,B3_training_state,independent_null,0.3,0.0,84,4999,estimated,240,0.164,-0.007529425724062849,-0.071318748339929,False,False
mbe3-pgdl-transfer-confirmation-v2,B3_training_state,independent_null,0.3,0.0,85,4999,estimated,240,0.1926,-0.006041125846002419,-0.06783948007699397,False,False
mbe3-pgdl-transfer-confirmation-v2,B3_training_state,independent_null,0.3,0.0,86,4999,estimated,240,0.9762,-0.0001496605903948081,-0.001327981949203556,False,False
mbe3-pgdl-transfer-confirmation-v2,B3_training_state,independent_null,0.3,0.0,87,4999,estimated,240,0.4192,-0.005011796206900269,-0.041674680373880606,False,False
mbe3-pgdl-transfer-confirmation-v2,B3_training_state,independent_null,0.3,0.0,88,4999,estimated,240,0.774,0.0013884678031495057,0.014331478808935275,False,False
mbe3-pgdl-transfer-confirmation-v2,B3_training_state,independent_null,0.3,0.0,89,4999,estimated,240,0.7098,0.001999403826716048,0.01818674432000972,False,False
mbe3-pgdl-transfer-confirmation-v2,B3_training_state,independent_null,0.3,0.0,90,4999,estimated,240,0.516,-0.0037989808399190306,-0.030623477899755586,False,False
mbe3-pgdl-transfer-confirmation-v2,B3_training_state,independent_null,0.3,0.0,91,4999,estimated,240,0.7698,0.0014867414041145508,0.014362663277385529,False,False
mbe3-pgdl-transfer-confirmation-v2,B3_training_state,independent_null,0.3,0.0,92,4999,estimated,240,0.7498,-0.0017633797476080014,-0.016894191823112113,False,False
mbe3-pgdl-transfer-confirmation-v2,B3_training_state,independent_null,0.3,0.0,93,4999,estimated,240,0.7348,0.0019288935732514755,0.019415577394952904,False,False
mbe3-pgdl-transfer-confirmation-v2,B3_training_state,independent_null,0.3,0.0,94,4999,estimated,240,0.134,0.009021565066452611,0.07468137428476133,False,False
mbe3-pgdl-transfer-confirmation-v2,B3_training_state,independent_null,0.3,0.0,95,4999,estimated,240,0.3356,-0.0060082857792657,-0.05589795600693899,False,False
mbe3-pgdl-transfer-confirmation-v2,B3_training_state,independent_null,0.3,0.0,96,4999,estimated,240,0.3554,-0.004877487116357073,-0.04293354240499713,False,False
mbe3-pgdl-transfer-confirmation-v2,B3_training_state,independent_null,0.3,0.0,97,4999,estimated,240,0.0102,0.013901452549246929,0.127291712586804,False,False
mbe3-pgdl-transfer-confirmation-v2,B3_training_state,independent_null,0.3,0.0,98,4999,estimated,240,0.5162,-0.0041190550995047065,-0.03644594891658218,False,False
mbe3-pgdl-transfer-confirmation-v2,B3_training_state,independent_null,0.3,0.0,99,4999,estimated,240,0.029,-0.010489563262444766,-0.0948692768295791,False,False
mbe3-pgdl-transfer-confirmation-v2,B3_training_state,independent_null,0.8,0.0,0,4999,estimated,240,0.192,-0.006985452286953935,-0.06703603884705331,False,False
mbe3-pgdl-transfer-confirmation-v2,B3_training_state,independent_null,0.8,0.0,1,4999,estimated,240,0.0888,-0.009155211569518464,-0.08400643924966782,False,False
mbe3-pgdl-transfer-confirmation-v2,B3_training_state,independent_null,0.8,0.0,2,4999,estimated,240,0.956,-0.000317575587514148,-0.0026739504341499335,False,False
mbe3-pgdl-transfer-confirmation-v2,B3_training_state,independent_null,0.8,0.0,3,4999,estimated,240,0.1398,0.008992848532017182,0.08727158183147403,False,False
mbe3-pgdl-transfer-confirmation-v2,B3_training_state,independent_null,0.8,0.0,4,4999,estimated,240,0.0002,0.02129851237418147,0.18534539507923473,True,True
mbe3-pgdl-transfer-confirmation-v2,B3_training_state,independent_null,0.8,0.0,5,4999,estimated,240,0.025,0.012947125113913611,0.10443576512810283,False,False
mbe3-pgdl-transfer-confirmation-v2,B3_training_state,independent_null,0.8,0.0,6,4999,estimated,240,0.962,0.0002488121384147031,0.0023498568023934464,False,False
mbe3-pgdl-transfer-confirmation-v2,B3_training_state,independent_null,0.8,0.0,7,4999,estimated,240,0.0488,0.011964174050145888,0.10790355401002087,False,False
mbe3-pgdl-transfer-confirmation-v2,B3_training_state,independent_null,0.8,0.0,8,4999,estimated,240,0.2496,-0.006624532256840511,-0.06561038208788549,False,False
mbe3-pgdl-transfer-confirmation-v2,B3_training_state,independent_null,0.8,0.0,9,4999,estimated,240,0.1594,0.008007655911045209,0.07256811309744153,False,False
mbe3-pgdl-transfer-confirmation-v2,B3_training_state,independent_null,0.8,0.0,10,4999,estimated,240,0.1792,0.007649893034734871,0.06532952149287985,False,False
mbe3-pgdl-transfer-confirmation-v2,B3_training_state,independent_null,0.8,0.0,11,4999,estimated,240,0.624,0.002796963810370712,0.023611113588825533,False,False
mbe3-pgdl-transfer-confirmation-v2,B3_training_state,independent_null,0.8,0.0,12,4999,estimated,240,0.3656,-0.004830656387718467,-0.04792255631832863,False,False
mbe3-pgdl-transfer-confirmation-v2,B3_training_state,independent_null,0.8,0.0,13,4999,estimated,240,0.5058,-0.0037927476853554156,-0.03305429238650088,False,False
mbe3-pgdl-transfer-confirmation-v2,B3_training_state,independent_null,0.8,0.0,14,4999,estimated,240,0.1946,-0.00857127943631903,-0.07980976155951339,False,False
mbe3-pgdl-transfer-confirmation-v2,B3_training_state,independent_null,0.8,0.0,15,4999,estimated,240,0.0666,-0.009817573641201598,-0.08957864484149697,False,False
mbe3-pgdl-transfer-confirmation-v2,B3_training_state,independent_null,0.8,0.0,16,4999,estimated,240,0.5986,-0.0026558596184050247,-0.025007339657714858,False,False
mbe3-pgdl-transfer-confirmation-v2,B3_training_state,independent_null,0.8,0.0,17,4999,estimated,240,0.145,-0.008823325861196836,-0.08376146257520349,False,False
mbe3-pgdl-transfer-confirmation-v2,B3_training_state,independent_null,0.8,0.0,18,4999,estimated,240,0.5688,0.003197292160481092,0.027447676449907994,False,False
mbe3-pgdl-transfer-confirmation-v2,B3_training_state,independent_null,0.8,0.0,19,4999,estimated,240,0.5266,-0.0036530541724813766,-0.031082935676621817,False,False
mbe3-pgdl-transfer-confirmation-v2,B3_training_state,independent_null,0.8,0.0,20,4999,estimated,240,0.1484,-0.00813332838026089,-0.0746262898190129,False,False
mbe3-pgdl-transfer-confirmation-v2,B3_training_state,independent_null,0.8,0.0,21,4999,estimated,240,0.9672,0.00020369550063094785,0.002144568162183898,False,False
mbe3-pgdl-transfer-confirmation-v2,B3_training_state,independent_null,0.8,0.0,22,4999,estimated,240,0.263,0.0063254862484460215,0.05989514428174017,False,False
mbe3-pgdl-transfer-confirmation-v2,B3_training_state,independent_null,0.8,0.0,23,4999,estimated,240,0.5752,0.003266449861100216,0.027942304932838728,False,False
mbe3-pgdl-transfer-confirmation-v2,B3_training_state,independent_null,0.8,0.0,24,4999,estimated,240,0.9894,7.63563845532463e-05,0.0007362553446736521,False,False
mbe3-pgdl-transfer-confirmation-v2,B3_training_state,independent_null,0.8,0.0,25,4999,estimated,240,0.328,0.005646920957433433,0.05275359163134913,False,False
mbe3-pgdl-transfer-confirmation-v2,B3_training_state,independent_null,0.8,0.0,26,4999,estimated,240,0.2162,0.007199971948881017,0.0618001003873232,False,False
mbe3-pgdl-transfer-confirmation-v2,B3_training_state,independent_null,0.8,0.0,27,4999,estimated,240,0.2682,0.0057712247218277305,0.054486196679378256,False,False
mbe3-pgdl-transfer-confirmation-v2,B3_training_state,independent_null,0.8,0.0,28,4999,estimated,240,0.317,0.005493398437469583,0.04883904227825379,False,False
mbe3-pgdl-transfer-confirmation-v2,B3_training_state,independent_null,0.8,0.0,29,4999,estimated,240,0.3736,0.0047221845977530935,0.04466290802569573,False,False
mbe3-pgdl-transfer-confirmation-v2,B3_training_state,independent_null,0.8,0.0,30,4999,estimated,240,0.9344,0.0004281403576982065,0.004291040094092919,False,False
mbe3-pgdl-transfer-confirmation-v2,B3_training_state,independent_null,0.8,0.0,31,4999,estimated,240,0.779,0.0015984304854870638,0.013846820760210364,False,False
mbe3-pgdl-transfer-confirmation-v2,B3_training_state,independent_null,0.8,0.0,32,4999,estimated,240,0.2472,-0.005935468287214155,-0.06270934595307305,False,False
mbe3-pgdl-transfer-confirmation-v2,B3_training_state,independent_null,0.8,0.0,33,4999,estimated,240,0.4378,-0.004426101935009393,-0.04182850059449703,False,False
mbe3-pgdl-transfer-confirmation-v2,B3_training_state,independent_null,0.8,0.0,34,4999,estimated,240,0.1618,0.00743053109498491,0.0695039477316212,False,False
mbe3-pgdl-transfer-confirmation-v2,B3_training_state,independent_null,0.8,0.0,35,4999,estimated,240,0.5144,-0.003576652659872447,-0.03297864562414559,False,False
mbe3-pgdl-transfer-confirmation-v2,B3_training_state,independent_null,0.8,0.0,36,4999,estimated,240,0.3004,-0.006165099478139519,-0.052980419841416763,False,False
mbe3-pgdl-transfer-confirmation-v2,B3_training_state,independent_null,0.8,0.0,37,4999,estimated,240,0.5124,0.004426840873413999,0.03850295966671615,False,False
mbe3-pgdl-transfer-confirmation-v2,B3_training_state,independent_null,0.8,0.0,38,4999,estimated,240,0.7226,-0.0022966284976069793,-0.019661846341512152,False,False
mbe3-pgdl-transfer-confirmation-v2,B3_training_state,independent_null,0.8,0.0,39,4999,estimated,240,0.058,-0.01074992064269266,-0.1099884061847654,False,False
mbe3-pgdl-transfer-confirmation-v2,B3_training_state,independent_null,0.8,0.0,40,4999,estimated,240,0.9136,0.0006234015080881209,0.005598230089580771,False,False
mbe3-pgdl-transfer-confirmation-v2,B3_training_state,independent_null,0.8,0.0,41,4999,estimated,240,0.8296,-0.001172575746082289,-0.01060185521698285,False,False
mbe3-pgdl-transfer-confirmation-v2,B3_training_state,independent_null,0.8,0.0,42,4999,estimated,240,0.2732,-0.00593237056745329,-0.055532699966300635,False,False
mbe3-pgdl-transfer-confirmation-v2,B3_training_state,independent_null,0.8,0.0,43,4999,estimated,240,0.0576,-0.010925864179572928,-0.10479421447897674,False,False
mbe3-pgdl-transfer-confirmation-v2,B3_training_state,independent_null,0.8,0.0,44,4999,estimated,240,0.9284,0.0005413378459722053,0.004894499419380163,False,False
mbe3-pgdl-transfer-confirmation-v2,B3_training_state,independent_null,0.8,0.0,45,4999,estimated,240,0.2908,-0.005420923153698826,-0.05746087133316041,False,False
mbe3-pgdl-transfer-confirmation-v2,B3_training_state,independent_null,0.8,0.0,46,4999,estimated,240,0.6664,-0.0025767209705312346,-0.022592034901452927,False,False
mbe3-pgdl-transfer-confirmation-v2,B3_training_state,independent_null,0.8,0.0,47,4999,estimated,240,0.3254,0.005633393731516699,0.05373586710986333,False,False
mbe3-pgdl-transfer-confirmation-v2,B3_training_state,independent_null,0.8,0.0,48,4999,estimated,240,0.119,-0.008733811252112238,-0.0770065131104938,False,False
mbe3-pgdl-transfer-confirmation-v2,B3_training_state,independent_null,0.8,0.0,49,4999,estimated,240,0.2076,-0.007263717774917635,-0.06673729849292932,False,False
mbe3-pgdl-transfer-confirmation-v2,B3_training_state,independent_null,0.8,0.0,50,4999,estimated,240,0.001,0.017279619592072346,0.16600123631059102,True,True
mbe3-pgdl-transfer-confirmation-v2,B3_training_state,independent_null,0.8,0.0,51,4999,estimated,240,0.5646,-0.003426177674354144,-0.030829177836456688,False,False
mbe3-pgdl-transfer-confirmation-v2,B3_training_state,independent_null,0.8,0.0,52,4999,estimated,240,0.5154,-0.003407778885828392,-0.03181601907375844,False,False
mbe3-pgdl-transfer-confirmation-v2,B3_training_state,independent_null,0.8,0.0,53,4999,estimated,240,0.671,-0.0025071801589246464,-0.023201404737810263,False,False
mbe3-pgdl-transfer-confirmation-v2,B3_training_state,independent_null,0.8,0.0,54,4999,estimated,240,0.017,0.014473869376347016,0.12975638354825064,False,False
mbe3-pgdl-transfer-confirmation-v2,B3_training_state,independent_null,0.8,0.0,55,4999,estimated,240,0.575,-0.0032656700497040465,-0.027546004942177335,False,False
mbe3-pgdl-transfer-confirmation-v2,B3_training_state,independent_null,0.8,0.0,56,4999,estimated,240,0.793,0.001335965057546539,0.011900847897003422,False,False
mbe3-pgdl-transfer-confirmation-v2,B3_training_state,independent_null,0.8,0.0,57,4999,estimated,240,0.5112,0.004153047968235684,0.036500926679813965,False,False
mbe3-pgdl-transfer-confirmation-v2,B3_training_state,independent_null,0.8,0.0,58,4999,estimated,240,0.9968,-2.3412117760666004e-05,-0.00022854969732282956,False,False
mbe3-pgdl-transfer-confirmation-v2,B3_training_state,independent_null,0.8,0.0,59,4999,estimated,240,0.4292,-0.00408153690308609,-0.03800657823905181,False,False
mbe3-pgdl-transfer-confirmation-v2,B3_training_state,independent_null,0.8,0.0,60,4999,estimated,240,0.975,0.0001679005786240593,0.0015814979193572536,False,False
mbe3-pgdl-transfer-confirmation-v2,B3_training_state,independent_null,0.8,0.0,61,4999,estimated,240,0.1368,-0.009113187796246503,-0.07829065998873332,False,False
mbe3-pgdl-transfer-confirmation-v2,B3_training_state,independent_null,0.8,0.0,62,4999,estimated,240,0.3134,0.006326970369255644,0.05568462350533921,False,False
mbe3-pgdl-transfer-confirmation-v2,B3_training_state,independent_null,0.8,0.0,63,4999,estimated,240,0.0972,-0.009805547758054362,-0.0948352074761873,False,False
mbe3-pgdl-transfer-confirmation-v2,B3_training_state,independent_null,0.8,0.0,64,4999,estimated,240,0.7128,0.0020637529974076537,0.020074179689269268,False,False
mbe3-pgdl-transfer-confirmation-v2,B3_training_state,independent_null,0.8,0.0,65,4999,estimated,240,0.0284,0.011398900028613384,0.09847185575047128,False,False
mbe3-pgdl-transfer-confirmation-v2,B3_training_state,independent_null,0.8,0.0,66,4999,estimated,240,0.7022,0.0021489373288489555,0.020187148265832778,False,False
mbe3-pgdl-transfer-confirmation-v2,B3_training_state,independent_null,0.8,0.0,67,4999,estimated,240,0.936,0.00042041035842087883,0.0038339526987569996,False,False
mbe3-pgdl-transfer-confirmation-v2,B3_training_state,independent_null,0.8,0.0,68,4999,estimated,240,0.8976,-0.0007557679976956972,-0.007527324473504883,False,False
mbe3-pgdl-transfer-confirmation-v2,B3_training_state,independent_null,0.8,0.0,69,4999,estimated,240,0.2902,-0.005450655243173825,-0.054043528601781944,False,False
mbe3-pgdl-transfer-confirmation-v2,B3_training_state,independent_null,0.8,0.0,70,4999,estimated,240,0.6334,-0.002363566935816272,-0.024363660966970117,False,False
mbe3-pgdl-transfer-confirmation-v2,B3_training_state,independent_null,0.8,0.0,71,4999,estimated,240,0.0756,-0.010307986741949058,-0.09604212302901241,False,False
mbe3-pgdl-transfer-confirmation-v2,B3_training_state,independent_null,0.8,0.0,72,4999,estimated,240,0.0006,0.01779136511008607,0.1680127204408317,True,True
mbe3-pgdl-transfer-confirmation-v2,B3_training_state,independent_null,0.8,0.0,73,4999,estimated,240,0.0036,0.01666228133272209,0.13450777070285722,False,False
mbe3-pgdl-transfer-confirmation-v2,B3_training_state,independent_null,0.8,0.0,74,4999,estimated,240,0.5954,-0.003111662517370236,-0.031190976114705456,False,False
mbe3-pgdl-transfer-confirmation-v2,B3_training_state,independent_null,0.8,0.0,75,4999,estimated,240,0.7196,-0.0019578951407698084,-0.017142111296585636,False,False
mbe3-pgdl-transfer-confirmation-v2,B3_training_state,independent_null,0.8,0.0,76,4999,estimated,240,0.617,-0.002777670670868192,-0.02472943962834922,False,False
mbe3-pgdl-transfer-confirmation-v2,B3_training_state,independent_null,0.8,0.0,77,4999,estimated,240,0.151,0.008370631647122505,0.07722869901157489,False,False
mbe3-pgdl-transfer-confirmation-v2,B3_training_state,independent_null,0.8,0.0,78,4999,estimated,240,0.1164,0.008415246056899094,0.07843178900541241,False,False
mbe3-pgdl-transfer-confirmation-v2,B3_training_state,independent_null,0.8,0.0,79,4999,estimated,240,0.9872,9.54435232181176e-05,0.0007540413340505261,False,False
mbe3-pgdl-transfer-confirmation-v2,B3_training_state,independent_null,0.8,0.0,80,4999,estimated,240,0.8906,-0.0007492133008730671,-0.006785143612948349,False,False
mbe3-pgdl-transfer-confirmation-v2,B3_training_state,independent_null,0.8,0.0,81,4999,estimated,240,0.3204,0.006233268742157578,0.05421053491292923,False,False
mbe3-pgdl-transfer-confirmation-v2,B3_training_state,independent_null,0.8,0.0,82,4999,estimated,240,0.6278,0.003061300254011414,0.028999147677878923,False,False
mbe3-pgdl-transfer-confirmation-v2,B3_training_state,independent_null,0.8,0.0,83,4999,estimated,240,0.8296,-0.0012562304479669098,-0.011707829463220937,False,False
mbe3-pgdl-transfer-confirmation-v2,B3_training_state,independent_null,0.8,0.0,84,4999,estimated,240,0.3526,0.004984644691020743,0.04785257564337003,False,False
mbe3-pgdl-transfer-confirmation-v2,B3_training_state,independent_null,0.8,0.0,85,4999,estimated,240,0.0638,-0.010244658030567762,-0.08254542799767198,False,False
mbe3-pgdl-transfer-confirmation-v2,B3_training_state,independent_null,0.8,0.0,86,4999,estimated,240,0.1744,0.007929911728769343,0.07013172691540899,False,False
mbe3-pgdl-transfer-confirmation-v2,B3_training_state,independent_null,0.8,0.0,87,4999,estimated,240,0.1774,0.007422870809826408,0.06343175205818544,False,False
mbe3-pgdl-transfer-confirmation-v2,B3_training_state,independent_null,0.8,0.0,88,4999,estimated,240,0.4464,0.0038890603030649154,0.03622368814195176,False,False
mbe3-pgdl-transfer-confirmation-v2,B3_training_state,independent_null,0.8,0.0,89,4999,estimated,240,0.9232,0.0005920597752688248,0.0060692842100342065,False,False
mbe3-pgdl-transfer-confirmation-v2,B3_training_state,independent_null,0.8,0.0,90,4999,estimated,240,0.0018,-0.01712345613081482,-0.1536606807272102,False,False
mbe3-pgdl-transfer-confirmation-v2,B3_training_state,independent_null,0.8,0.0,91,4999,estimated,240,0.5768,0.003088916560748972,0.027485121718078643,False,False
mbe3-pgdl-transfer-confirmation-v2,B3_training_state,independent_null,0.8,0.0,92,4999,estimated,240,0.8834,-0.0007171877068721563,-0.006363103389350217,False,False
mbe3-pgdl-transfer-confirmation-v2,B3_training_state,independent_null,0.8,0.0,93,4999,estimated,240,0.0418,-0.010353066260711722,-0.0978021228888701,False,False
mbe3-pgdl-transfer-confirmation-v2,B3_training_state,independent_null,0.8,0.0,94,4999,estimated,240,0.7398,-0.0016296617849046809,-0.01706256853055544,False,False
mbe3-pgdl-transfer-confirmation-v2,B3_training_state,independent_null,0.8,0.0,95,4999,estimated,240,0.6294,-0.0024475171705731686,-0.023931965554218525,False,False
mbe3-pgdl-transfer-confirmation-v2,B3_training_state,independent_null,0.8,0.0,96,4999,estimated,240,0.2884,-0.005532360554157423,-0.05266169316674921,False,False
mbe3-pgdl-transfer-confirmation-v2,B3_training_state,independent_null,0.8,0.0,97,4999,estimated,240,0.1564,-0.008244232886750445,-0.07619865913505561,False,False
mbe3-pgdl-transfer-confirmation-v2,B3_training_state,independent_null,0.8,0.0,98,4999,estimated,240,0.2236,0.005968506314223792,0.06389489449112486,False,False
mbe3-pgdl-transfer-confirmation-v2,B3_training_state,independent_null,0.8,0.0,99,4999,estimated,240,0.9054,-0.0006522634174753559,-0.006320225906485885,False,False
mbe3-pgdl-transfer-confirmation-v2,B3_training_state,interaction_increment,0.3,0.2,0,4999,estimated,240,0.0008,0.01624537712838124,0.2012193179859257,True,True
mbe3-pgdl-transfer-confirmation-v2,B3_training_state,interaction_increment,0.3,0.2,1,4999,estimated,240,0.0004,0.017906954476360242,0.20826376197301805,True,True
mbe3-pgdl-transfer-confirmation-v2,B3_training_state,interaction_increment,0.3,0.2,2,4999,estimated,240,0.6136,-0.0024130948425973484,-0.03310044440060074,False,False
mbe3-pgdl-transfer-confirmation-v2,B3_training_state,interaction_increment,0.3,0.2,3,4999,estimated,240,0.0176,0.01076114895901251,0.15429724174890247,False,False
mbe3-pgdl-transfer-confirmation-v2,B3_training_state,interaction_increment,0.3,0.2,4,4999,estimated,240,0.0142,0.01113762370920609,0.15310106319787883,False,False
mbe3-pgdl-transfer-confirmation-v2,B3_training_state,interaction_increment,0.3,0.2,5,4999,estimated,240,0.4778,0.0038808572240922276,0.04548015222003044,False,False
mbe3-pgdl-transfer-confirmation-v2,B3_training_state,interaction_increment,0.3,0.2,6,4999,estimated,240,0.2058,0.006978245671866777,0.09422041927257285,False,False
mbe3-pgdl-transfer-confirmation-v2,B3_training_state,interaction_increment,0.3,0.2,7,4999,estimated,240,0.2302,0.005463048386751471,0.08600522585022585,False,False
mbe3-pgdl-transfer-confirmation-v2,B3_training_state,interaction_increment,0.3,0.2,8,4999,estimated,240,0.8222,-0.0009065479767792694,-0.013071769052926866,False,False
mbe3-pgdl-transfer-confirmation-v2,B3_training_state,interaction_increment,0.3,0.2,9,4999,estimated,240,0.1028,0.008384599553121493,0.09843669140900234,False,False
mbe3-pgdl-transfer-confirmation-v2,B3_training_state,interaction_increment,0.3,0.2,10,4999,estimated,240,0.0442,0.010970955671590059,0.1439490505301605,False,False
mbe3-pgdl-transfer-confirmation-v2,B3_training_state,interaction_increment,0.3,0.2,11,4999,estimated,240,0.0748,0.008621831129320896,0.10538343247837945,False,False
mbe3-pgdl-transfer-confirmation-v2,B3_training_state,interaction_increment,0.3,0.2,12,4999,estimated,240,0.73,-0.0020626175560977734,-0.02366988055280096,False,False
mbe3-pgdl-transfer-confirmation-v2,B3_training_state,interaction_increment,0.3,0.2,13,4999,estimated,240,0.4914,0.0032366432407339423,0.049517649171379435,False,False
mbe3-pgdl-transfer-confirmation-v2,B3_training_state,interaction_increment,0.3,0.2,14,4999,estimated,240,0.0024,0.014388252650574338,0.1783415053821476,False,False
mbe3-pgdl-transfer-confirmation-v2,B3_training_state,interaction_increment,0.3,0.2,15,4999,estimated,240,0.0236,0.011971624431759344,0.15263109206320538,False,False
mbe3-pgdl-transfer-confirmation-v2,B3_training_state,interaction_increment,0.3,0.2,16,4999,estimated,240,0.903,-0.0004733754962221226,-0.006969759055916573,False,False
mbe3-pgdl-transfer-confirmation-v2,B3_training_state,interaction_increment,0.3,0.2,17,4999,estimated,240,0.001,0.015679401515006155,0.1897589244029064,True,True
mbe3-pgdl-transfer-confirmation-v2,B3_training_state,interaction_increment,0.3,0.2,18,4999,estimated,240,0.0008,0.019582072219462843,0.2651627542324649,True,True
mbe3-pgdl-transfer-confirmation-v2,B3_training_state,interaction_increment,0.3,0.2,19,4999,estimated,240,0.5666,-0.0032892744257087434,-0.03862120260516616,False,False
mbe3-pgdl-transfer-confirmation-v2,B3_training_state,interaction_increment,0.3,0.2,20,4999,estimated,240,0.0062,0.013396139547853536,0.17853934120250267,False,False
mbe3-pgdl-transfer-confirmation-v2,B3_training_state,interaction_increment,0.3,0.2,21,4999,estimated,240,0.0232,0.010670846377619893,0.13691667188572032,False,False
mbe3-pgdl-transfer-confirmation-v2,B3_training_state,interaction_increment,0.3,0.2,22,4999,estimated,240,0.003,0.014924703055006013,0.19330996030077477,False,False
mbe3-pgdl-transfer-confirmation-v2,B3_training_state,interaction_increment,0.3,0.2,23,4999,estimated,240,0.0014,0.01380697755255727,0.1609260130223812,False,False
mbe3-pgdl-transfer-confirmation-v2,B3_training_state,interaction_increment,0.3,0.2,24,4999,estimated,240,0.3164,-0.004736370111813724,-0.06880038098869515,False,False
mbe3-pgdl-transfer-confirmation-v2,B3_training_state,interaction_increment,0.3,0.2,25,4999,estimated,240,0.0256,0.010408831213572162,0.14191897969627795,False,False
mbe3-pgdl-transfer-confirmation-v2,B3_training_state,interaction_increment,0.3,0.2,26,4999,estimated,240,0.0326,0.009843951729912646,0.1192057014936312,False,False
mbe3-pgdl-transfer-confirmation-v2,B3_training_state,interaction_increment,0.3,0.2,27,4999,estimated,240,0.1966,0.006197333927071602,0.08864495380818513,False,False
mbe3-pgdl-transfer-confirmation-v2,B3_training_state,interaction_increment,0.3,0.2,28,4999,estimated,240,0.8954,-0.00064003255547035,-0.0063150408626754684,False,False
mbe3-pgdl-transfer-confirmation-v2,B3_training_state,interaction_increment,0.3,0.2,29,4999,estimated,240,0.0004,0.019500817448866305,0.273858119446574,True,True
mbe3-pgdl-transfer-confirmation-v2,B3_training_state,interaction_increment,0.3,0.2,30,4999,estimated,240,0.0006,0.019488704527948094,0.23104027073106148,True,True
mbe3-pgdl-transfer-confirmation-v2,B3_training_state,interaction_increment,0.3,0.2,31,4999,estimated,240,0.001,0.018502217417267378,0.22151111407642832,True,True
mbe3-pgdl-transfer-confirmation-v2,B3_training_state,interaction_increment,0.3,0.2,32,4999,estimated,240,0.0132,0.011425269923413583,0.16740218164290205,False,False
mbe3-pgdl-transfer-confirmation-v2,B3_training_state,interaction_increment,0.3,0.2,33,4999,estimated,240,0.0704,0.008026283298455375,0.1067651820277271,False,False
mbe3-pgdl-transfer-confirmation-v2,B3_training_state,interaction_increment,0.3,0.2,34,4999,estimated,240,0.706,0.001587621615724049,0.021139378040173674,False,False
mbe3-pgdl-transfer-confirmation-v2,B3_training_state,interaction_increment,0.3,0.2,35,4999,estimated,240,0.9354,-0.00039528673339712196,-0.005165219991405683,False,False
mbe3-pgdl-transfer-confirmation-v2,B3_training_state,interaction_increment,0.3,0.2,36,4999,estimated,240,0.0012,0.017501088438852144,0.22252703904124813,False,False
mbe3-pgdl-transfer-confirmation-v2,B3_training_state,interaction_increment,0.3,0.2,37,4999,estimated,240,0.9352,0.0003819020633775224,0.0048696329494060785,False,False
mbe3-pgdl-transfer-confirmation-v2,B3_training_state,interaction_increment,0.3,0.2,38,4999,estimated,240,0.1486,0.006934378339530252,0.09496796585638362,False,False
mbe3-pgdl-transfer-confirmation-v2,B3_training_state,interaction_increment,0.3,0.2,39,4999,estimated,240,0.069,0.010553921257446922,0.1229110586075629,False,False
mbe3-pgdl-transfer-confirmation-v2,B3_training_state,interaction_increment,0.3,0.2,40,4999,estimated,240,0.0216,0.011540920524699067,0.134766914170008,False,False
mbe3-pgdl-transfer-confirmation-v2,B3_training_state,interaction_increment,0.3,0.2,41,4999,estimated,240,0.001,0.020509648832953743,0.24389877736398616,True,True
mbe3-pgdl-transfer-confirmation-v2,B3_training_state,interaction_increment,0.3,0.2,42,4999,estimated,240,0.5382,0.0026961740792650684,0.037667954585218745,False,False
mbe3-pgdl-transfer-confirmation-v2,B3_training_state,interaction_increment,0.3,0.2,43,4999,estimated,240,0.0038,0.014682677682171075,0.1917704095897964,False,False
mbe3-pgdl-transfer-confirmation-v2,B3_training_state,interaction_increment,0.3,0.2,44,4999,estimated,240,0.1058,0.007654921834136228,0.10058168657516006,False,False
mbe3-pgdl-transfer-confirmation-v2,B3_training_state,interaction_increment,0.3,0.2,45,4999,estimated,240,0.0792,0.0078818460870983,0.10496486524127709,False,False
mbe3-pgdl-transfer-confirmation-v2,B3_training_state,interaction_increment,0.3,0.2,46,4999,estimated,240,0.2326,0.005841605340468309,0.07529039049308955,False,False
mbe3-pgdl-transfer-confirmation-v2,B3_training_state,interaction_increment,0.3,0.2,47,4999,estimated,240,0.1468,0.0073954161468542745,0.09816956417583099,False,False
mbe3-pgdl-transfer-confirmation-v2,B3_training_state,interaction_increment,0.3,0.2,48,4999,estimated,240,0.374,0.0037173239577269392,0.051460929200630647,False,False
mbe3-pgdl-transfer-confirmation-v2,B3_training_state,interaction_increment,0.3,0.2,49,4999,estimated,240,0.008,0.01225523491954603,0.17146474114781157,False,False
mbe3-pgdl-transfer-confirmation-v2,B3_training_state,interaction_increment,0.3,0.2,50,4999,estimated,240,0.0068,0.01245767644878395,0.17208871109182508,False,False
mbe3-pgdl-transfer-confirmation-v2,B3_training_state,interaction_increment,0.3,0.2,51,4999,estimated,240,0.2396,0.005153932611737595,0.07360320661682952,False,False
mbe3-pgdl-transfer-confirmation-v2,B3_training_state,interaction_increment,0.3,0.2,52,4999,estimated,240,0.0256,0.011482589636279815,0.13930429562526903,False,False
mbe3-pgdl-transfer-confirmation-v2,B3_training_state,interaction_increment,0.3,0.2,53,4999,estimated,240,0.5326,0.0029839841786945117,0.03994303070132041,False,False
mbe3-pgdl-transfer-confirmation-v2,B3_training_state,interaction_increment,0.3,0.2,54,4999,estimated,240,0.623,-0.002072331241941648,-0.028543485436395028,False,False
mbe3-pgdl-transfer-confirmation-v2,B3_training_state,interaction_increment,0.3,0.2,55,4999,estimated,240,0.0002,0.013848436698446053,0.20407885505920637,True,True
mbe3-pgdl-transfer-confirmation-v2,B3_training_state,interaction_increment,0.3,0.2,56,4999,estimated,240,0.0392,0.00889958257913636,0.10999348214457304,False,False
mbe3-pgdl-transfer-confirmation-v2,B3_training_state,interaction_increment,0.3,0.2,57,4999,estimated,240,0.5928,0.002652707349688788,0.03269710995566544,False,False
mbe3-pgdl-transfer-confirmation-v2,B3_training_state,interaction_increment,0.3,0.2,58,4999,estimated,240,0.068,0.008291119907835116,0.11389279966152184,False,False
mbe3-pgdl-transfer-confirmation-v2,B3_training_state,interaction_increment,0.3,0.2,59,4999,estimated,240,0.6412,0.002266107601312994,0.027858983214282793,False,False
mbe3-pgdl-transfer-confirmation-v2,B3_training_state,interaction_increment,0.3,0.2,60,4999,estimated,240,0.02,0.01075103866292212,0.12932615031136588,False,False
mbe3-pgdl-transfer-confirmation-v2,B3_training_state,interaction_increment,0.3,0.2,61,4999,estimated,240,0.406,-0.0036839703526473657,-0.05215119562728027,False,False
mbe3-pgdl-transfer-confirmation-v2,B3_training_state,interaction_increment,0.3,0.2,62,4999,estimated,240,0.1524,0.007156523714648712,0.08770219283427223,False,False
mbe3-pgdl-transfer-confirmation-v2,B3_training_state,interaction_increment,0.3,0.2,63,4999,estimated,240,0.0534,0.009304786675930796,0.1267759658175373,False,False
mbe3-pgdl-transfer-confirmation-v2,B3_training_state,interaction_increment,0.3,0.2,64,4999,estimated,240,0.3102,0.0037820689423209374,0.05590619153229889,False,False
mbe3-pgdl-transfer-confirmation-v2,B3_training_state,interaction_increment,0.3,0.2,65,4999,estimated,240,0.3724,0.0039017325875305275,0.0483887983413545,False,False
mbe3-pgdl-transfer-confirmation-v2,B3_training_state,interaction_increment,0.3,0.2,66,4999,estimated,240,0.0054,0.015772057899783802,0.2047082204698698,False,False
mbe3-pgdl-transfer-confirmation-v2,B3_training_state,interaction_increment,0.3,0.2,67,4999,estimated,240,0.014,0.01242842021174585,0.14568884834983956,False,False
mbe3-pgdl-transfer-confirmation-v2,B3_training_state,interaction_increment,0.3,0.2,68,4999,estimated,240,0.5512,0.0029730641071904077,0.04098506412533439,False,False
mbe3-pgdl-transfer-confirmation-v2,B3_training_state,interaction_increment,0.3,0.2,69,4999,estimated,240,0.1384,0.0076895262938635155,0.0923110776088476,False,False
mbe3-pgdl-transfer-confirmation-v2,B3_training_state,interaction_increment,0.3,0.2,70,4999,estimated,240,0.2004,0.006221808005539055,0.07952039251169395,False,False
mbe3-pgdl-transfer-confirmation-v2,B3_training_state,interaction_increment,0.3,0.2,71,4999,estimated,240,0.6112,0.0024396339041288352,0.032913369833067474,False,False
mbe3-pgdl-transfer-confirmation-v2,B3_training_state,interaction_increment,0.3,0.2,72,4999,estimated,240,0.5466,0.003005486405438972,0.035175378082877774,False,False
mbe3-pgdl-transfer-confirmation-v2,B3_training_state,interaction_increment,0.3,0.2,73,4999,estimated,240,0.4212,0.0035048112622793784,0.05359364166311737,False,False
mbe3-pgdl-transfer-confirmation-v2,B3_training_state,interaction_increment,0.3,0.2,74,4999,estimated,240,0.0294,0.009544684404922083,0.1419884162474517,False,False
mbe3-pgdl-transfer-confirmation-v2,B3_training_state,interaction_increment,0.3,0.2,75,4999,estimated,240,0.4202,0.0036873885034329895,0.04155564557378957,False,False
mbe3-pgdl-transfer-confirmation-v2,B3_training_state,interaction_increment,0.3,0.2,76,4999,estimated,240,0.712,0.0014845848334358832,0.0236065417600996,False,False
mbe3-pgdl-transfer-confirmation-v2,B3_training_state,interaction_increment,0.3,0.2,77,4999,estimated,240,0.5534,0.003221003138283738,0.037259953254823806,False,False
mbe3-pgdl-transfer-confirmation-v2,B3_training_state,interaction_increment,0.3,0.2,78,4999,estimated,240,0.055,0.007532131300716644,0.10216744839000198,False,False
mbe3-pgdl-transfer-confirmation-v2,B3_training_state,interaction_increment,0.3,0.2,79,4999,estimated,240,0.0016,0.01594725805303093,0.21271226997264722,False,False
mbe3-pgdl-transfer-confirmation-v2,B3_training_state,interaction_increment,0.3,0.2,80,4999,estimated,240,0.146,0.006773305566620527,0.0853754592150678,False,False
mbe3-pgdl-transfer-confirmation-v2,B3_training_state,interaction_increment,0.3,0.2,81,4999,estimated,240,0.0204,0.01033950856343902,0.1353536139671739,False,False
mbe3-pgdl-transfer-confirmation-v2,B3_training_state,interaction_increment,0.3,0.2,82,4999,estimated,240,0.0002,0.016454145589467988,0.19300233157412025,True,True
mbe3-pgdl-transfer-confirmation-v2,B3_training_state,interaction_increment,0.3,0.2,83,4999,estimated,240,0.0008,0.01573487836950899,0.18219098149655807,True,True
mbe3-pgdl-transfer-confirmation-v2,B3_training_state,interaction_increment,0.3,0.2,84,4999,estimated,240,0.1022,0.008751697179444934,0.10488829894691913,False,False
mbe3-pgdl-transfer-confirmation-v2,B3_training_state,interaction_increment,0.3,0.2,85,4999,estimated,240,0.1928,0.006964348041470498,0.08191088359955324,False,False
mbe3-pgdl-transfer-confirmation-v2,B3_training_state,interaction_increment,0.3,0.2,86,4999,estimated,240,0.3646,-0.0040430273667191275,-0.055843920894936804,False,False
mbe3-pgdl-transfer-confirmation-v2,B3_training_state,interaction_increment,0.3,0.2,87,4999,estimated,240,0.002,0.016544378088184108,0.2052587941024065,False,False
mbe3-pgdl-transfer-confirmation-v2,B3_training_state,interaction_increment,0.3,0.2,88,4999,estimated,240,0.3342,0.0047951978437623,0.06619114351163428,False,False
mbe3-pgdl-transfer-confirmation-v2,B3_training_state,interaction_increment,0.3,0.2,89,4999,estimated,240,0.8092,-0.0009776466061333703,-0.015513869854902468,False,False
mbe3-pgdl-transfer-confirmation-v2,B3_training_state,interaction_increment,0.3,0.2,90,4999,estimated,240,0.6734,0.0019238945034610322,0.027979125877843843,False,False
mbe3-pgdl-transfer-confirmation-v2,B3_training_state,interaction_increment,0.3,0.2,91,4999,estimated,240,0.2196,0.005585202997117066,0.07265710336749819,False,False
mbe3-pgdl-transfer-confirmation-v2,B3_training_state,interaction_increment,0.3,0.2,92,4999,estimated,240,0.008,-0.011947666781647376,-0.1564595524760618,False,False
mbe3-pgdl-transfer-confirmation-v2,B3_training_state,interaction_increment,0.3,0.2,93,4999,estimated,240,0.5804,0.002860168628355088,0.03942494765857681,False,False
mbe3-pgdl-transfer-confirmation-v2,B3_training_state,interaction_increment,0.3,0.2,94,4999,estimated,240,0.0136,0.01539207824497071,0.18146537765900636,False,False
mbe3-pgdl-transfer-confirmation-v2,B3_training_state,interaction_increment,0.3,0.2,95,4999,estimated,240,0.0468,0.011891701403454214,0.13011713348503426,False,False
mbe3-pgdl-transfer-confirmation-v2,B3_training_state,interaction_increment,0.3,0.2,96,4999,estimated,240,0.381,0.003584401220041513,0.051725649028793765,False,False
mbe3-pgdl-transfer-confirmation-v2,B3_training_state,interaction_increment,0.3,0.2,97,4999,estimated,240,0.9404,-0.0003636908826061195,-0.004924938615391228,False,False
mbe3-pgdl-transfer-confirmation-v2,B3_training_state,interaction_increment,0.3,0.2,98,4999,estimated,240,0.0782,0.007329950247890047,0.09981445042268239,False,False
mbe3-pgdl-transfer-confirmation-v2,B3_training_state,interaction_increment,0.3,0.2,99,4999,estimated,240,0.8612,0.0009493375807626191,0.011052497166803512,False,False
mbe3-pgdl-transfer-confirmation-v2,B3_training_state,interaction_increment,0.3,0.35,0,4999,estimated,240,0.0062,0.014465729401348859,0.1957887711515923,False,False
mbe3-pgdl-transfer-confirmation-v2,B3_training_state,interaction_increment,0.3,0.35,1,4999,estimated,240,0.1354,0.00736283179757961,0.08932470857357339,False,False
mbe3-pgdl-transfer-confirmation-v2,B3_training_state,interaction_increment,0.3,0.35,2,4999,estimated,240,0.004,0.015119356595500245,0.17020980197805075,False,False
mbe3-pgdl-transfer-confirmation-v2,B3_training_state,interaction_increment,0.3,0.35,3,4999,estimated,240,0.0002,0.02347980848642631,0.27282526858285105,True,True
mbe3-pgdl-transfer-confirmation-v2,B3_training_state,interaction_increment,0.3,0.35,4,4999,estimated,240,0.0002,0.02512233319420648,0.34817977019520097,True,True
mbe3-pgdl-transfer-confirmation-v2,B3_training_state,interaction_increment,0.3,0.35,5,4999,estimated,240,0.1678,0.006865925446198902,0.0931773993336122,False,False
mbe3-pgdl-transfer-confirmation-v2,B3_training_state,interaction_increment,0.3,0.35,6,4999,estimated,240,0.1366,0.007590080589038056,0.09936208128271722,False,False
mbe3-pgdl-transfer-confirmation-v2,B3_training_state,interaction_increment,0.3,0.35,7,4999,estimated,240,0.034,0.011275263566990896,0.12256747400580062,False,False
mbe3-pgdl-transfer-confirmation-v2,B3_training_state,interaction_increment,0.3,0.35,8,4999,estimated,240,0.031,0.01041898522779234,0.13488464783934215,False,False
mbe3-pgdl-transfer-confirmation-v2,B3_training_state,interaction_increment,0.3,0.35,9,4999,estimated,240,0.001,0.014815656943563108,0.21138504406525357,True,True
mbe3-pgdl-transfer-confirmation-v2,B3_training_state,interaction_increment,0.3,0.35,10,4999,estimated,240,0.001,0.01626948550174034,0.2138960234731722,True,True
mbe3-pgdl-transfer-confirmation-v2,B3_training_state,interaction_increment,0.3,0.35,11,4999,estimated,240,0.0006,0.019695388579455086,0.234840721392543,True,True
mbe3-pgdl-transfer-confirmation-v2,B3_training_state,interaction_increment,0.3,0.35,12,4999,estimated,240,0.1736,0.006240684349049523,0.08756666706169491,False,False
mbe3-pgdl-transfer-confirmation-v2,B3_training_state,interaction_increment,0.3,0.35,13,4999,estimated,240,0.0002,0.019303366967573503,0.21805759009014247,True,True
mbe3-pgdl-transfer-confirmation-v2,B3_training_state,interaction_increment,0.3,0.35,14,4999,estimated,240,0.0274,0.010262397849600053,0.1459798555282738,False,False
mbe3-pgdl-transfer-confirmation-v2,B3_training_state,interaction_increment,0.3,0.35,15,4999,estimated,240,0.0002,0.02132746848255289,0.2586247490660657,True,True
mbe3-pgdl-transfer-confirmation-v2,B3_training_state,interaction_increment,0.3,0.35,16,4999,estimated,240,0.003,0.01373059668498486,0.1909524268379938,False,False
mbe3-pgdl-transfer-confirmation-v2,B3_training_state,interaction_increment,0.3,0.35,17,4999,estimated,240,0.493,0.0032741721030772153,0.04830837480309649,False,False
mbe3-pgdl-transfer-confirmation-v2,B3_training_state,interaction_increment,0.3,0.35,18,4999,estimated,240,0.0084,0.014005791779555864,0.18308579888540466,False,False
mbe3-pgdl-transfer-confirmation-v2,B3_training_state,interaction_increment,0.3,0.35,19,4999,estimated,240,0.0264,0.011816653356141705,0.14888529589266802,False,False
mbe3-pgdl-transfer-confirmation-v2,B3_training_state,interaction_increment,0.3,0.35,20,4999,estimated,240,0.9194,0.0005273784481177879,0.005969894426256973,False,False
mbe3-pgdl-transfer-confirmation-v2,B3_training_state,interaction_increment,0.3,0.35,21,4999,estimated,240,0.0028,0.014151416669354069,0.1755801474010241,False,False
mbe3-pgdl-transfer-confirmation-v2,B3_training_state,interaction_increment,0.3,0.35,22,4999,estimated,240,0.0072,0.012315667051406043,0.14290276980246217,False,False
mbe3-pgdl-transfer-confirmation-v2,B3_training_state,interaction_increment,0.3,0.35,23,4999,estimated,240,0.321,0.005343804410256174,0.06450181328762333,False,False
mbe3-pgdl-transfer-confirmation-v2,B3_training_state,interaction_increment,0.3,0.35,24,4999,estimated,240,0.8664,-0.0006765474265172896,-0.008606847033287216,False,False
mbe3-pgdl-transfer-confirmation-v2,B3_training_state,interaction_increment,0.3,0.35,25,4999,estimated,240,0.0002,0.019209458783101045,0.2750770043772984,True,True
mbe3-pgdl-transfer-confirmation-v2,B3_training_state,interaction_increment,0.3,0.35,26,4999,estimated,240,0.383,0.00401332617710304,0.05072834345097699,False,False
mbe3-pgdl-transfer-confirmation-v2,B3_training_state,interaction_increment,0.3,0.35,27,4999,estimated,240,0.0114,0.014137813968540709,0.17853840418389197,False,False
mbe3-pgdl-transfer-confirmation-v2,B3_training_state,interaction_increment,0.3,0.35,28,4999,estimated,240,0.7588,0.0014397567605671639,0.018013394517221174,False,False
mbe3-pgdl-transfer-confirmation-v2,B3_training_state,interaction_increment,0.3,0.35,29,4999,estimated,240,0.3218,0.004216383558706233,0.05996031711446596,False,False
mbe3-pgdl-transfer-confirmation-v2,B3_training_state,interaction_increment,0.3,0.35,30,4999,estimated,240,0.148,0.006867439549681555,0.1028693810652957,False,False
mbe3-pgdl-transfer-confirmation-v2,B3_training_state,interaction_increment,0.3,0.35,31,4999,estimated,240,0.0794,0.009322957256220381,0.09939490165098569,False,False
mbe3-pgdl-transfer-confirmation-v2,B3_training_state,interaction_increment,0.3,0.35,32,4999,estimated,240,0.0308,0.011946926233811873,0.15605749029189386,False,False
mbe3-pgdl-transfer-confirmation-v2,B3_training_state,interaction_increment,0.3,0.35,33,4999,estimated,240,0.045,0.009210038744471611,0.12824726165091246,False,False
mbe3-pgdl-transfer-confirmation-v2,B3_training_state,interaction_increment,0.3,0.35,34,4999,estimated,240,0.1288,0.007649224516401053,0.0903964993384355,False,False
mbe3-pgdl-transfer-confirmation-v2,B3_training_state,interaction_increment,0.3,0.35,35,4999,estimated,240,0.0002,0.02327310856812503,0.30950716259413047,True,True
mbe3-pgdl-transfer-confirmation-v2,B3_training_state,interaction_increment,0.3,0.35,36,4999,estimated,240,0.0004,0.018937104212810734,0.23082155663179368,True,True
mbe3-pgdl-transfer-confirmation-v2,B3_training_state,interaction_increment,0.3,0.35,37,4999,estimated,240,0.001,0.018072735139600157,0.2181922543679935,True,True
mbe3-pgdl-transfer-confirmation-v2,B3_training_state,interaction_increment,0.3,0.35,38,4999,estimated,240,0.0006,0.020380980248343457,0.26543466916936337,True,True
mbe3-pgdl-transfer-confirmation-v2,B3_training_state,interaction_increment,0.3,0.35,39,4999,estimated,240,0.0056,0.012608433978901889,0.15947254888137782,False,False
mbe3-pgdl-transfer-confirmation-v2,B3_training_state,interaction_increment,0.3,0.35,40,4999,estimated,240,0.0008,0.01763346760516489,0.22180147503775166,True,True
mbe3-pgdl-transfer-confirmation-v2,B3_training_state,interaction_increment,0.3,0.35,41,4999,estimated,240,0.0228,0.011925082168532629,0.16016864808380432,False,False
mbe3-pgdl-transfer-confirmation-v2,B3_training_state,interaction_increment,0.3,0.35,42,4999,estimated,240,0.007,0.01013750380292026,0.1306604039627504,False,False
mbe3-pgdl-transfer-confirmation-v2,B3_training_state,interaction_increment,0.3,0.35,43,4999,estimated,240,0.0352,0.010704483379947009,0.1374747621095662,False,False
mbe3-pgdl-transfer-confirmation-v2,B3_training_state,interaction_increment,0.3,0.35,44,4999,estimated,240,0.0062,0.01258132515445179,0.17667791621005563,False,False
mbe3-pgdl-transfer-confirmation-v2,B3_training_state,interaction_increment,0.3,0.35,45,4999,estimated,240,0.0004,0.015161620285685148,0.22822743251879946,True,True
mbe3-pgdl-transfer-confirmation-v2,B3_training_state,interaction_increment,0.3,0.35,46,4999,estimated,240,0.4608,0.003468421466134633,0.047773546306353845,False,False
mbe3-pgdl-transfer-confirmation-v2,B3_training_state,interaction_increment,0.3,0.35,47,4999,estimated,240,0.0002,0.021551048023485116,0.2546104812175437,True,True
mbe3-pgdl-transfer-confirmation-v2,B3_training_state,interaction_increment,0.3,0.35,48,4999,estimated,240,0.0018,0.016242876105882584,0.19690272669493974,False,False
mbe3-pgdl-transfer-confirmation-v2,B3_training_state,interaction_increment,0.3,0.35,49,4999,estimated,240,0.2938,0.005056378134767493,0.06529003876134777,False,False
mbe3-pgdl-transfer-confirmation-v2,B3_training_state,interaction_increment,0.3,0.35,50,4999,estimated,240,0.0016,0.0174433908802777,0.22122707081078116,False,False
mbe3-pgdl-transfer-confirmation-v2,B3_training_state,interaction_increment,0.3,0.35,51,4999,estimated,240,0.0292,0.01021339954098542,0.1298884151761977,False,False
mbe3-pgdl-transfer-confirmation-v2,B3_training_state,interaction_increment,0.3,0.35,52,4999,estimated,240,0.1626,0.0071187094409148974,0.0901757580912222,False,False
mbe3-pgdl-transfer-confirmation-v2,B3_training_state,interaction_increment,0.3,0.35,53,4999,estimated,240,0.0012,0.015354832358254368,0.22079673714178774,False,False
mbe3-pgdl-transfer-confirmation-v2,B3_training_state,interaction_increment,0.3,0.35,54,4999,estimated,240,0.0992,0.00876428794320145,0.12538753009105977,False,False
mbe3-pgdl-transfer-confirmation-v2,B3_training_state,interaction_increment,0.3,0.35,55,4999,estimated,240,0.0028,0.017051362367159706,0.1897142037091506,False,False
mbe3-pgdl-transfer-confirmation-v2,B3_training_state,interaction_increment,0.3,0.35,56,4999,estimated,240,0.0082,0.013065580013904555,0.15730505706086795,False,False
mbe3-pgdl-transfer-confirmation-v2,B3_training_state,interaction_increment,0.3,0.35,57,4999,estimated,240,0.0006,0.01743815809259933,0.2467683535955145,True,True
mbe3-pgdl-transfer-confirmation-v2,B3_training_state,interaction_increment,0.3,0.35,58,4999,estimated,240,0.3074,0.005225624067619347,0.05804875398505394,False,False
mbe3-pgdl-transfer-confirmation-v2,B3_training_state,interaction_increment,0.3,0.35,59,4999,estimated,240,0.0408,0.00893563238500256,0.11136779821346622,False,False
mbe3-pgdl-transfer-confirmation-v2,B3_training_state,interaction_increment,0.3,0.35,60,4999,estimated,240,0.0152,0.011265677700969512,0.1657518234061343,False,False
mbe3-pgdl-transfer-confirmation-v2,B3_training_state,interaction_increment,0.3,0.35,61,4999,estimated,240,0.0624,0.010842783560034016,0.12650452735000972,False,False
mbe3-pgdl-transfer-confirmation-v2,B3_training_state,interaction_increment,0.3,0.35,62,4999,estimated,240,0.0152,0.013093018134900965,0.1617860928138017,False,False
mbe3-pgdl-transfer-confirmation-v2,B3_training_state,interaction_increment,0.3,0.35,63,4999,estimated,240,0.0528,0.009514104222998287,0.1294809543059556,False,False
mbe3-pgdl-transfer-confirmation-v2,B3_training_state,interaction_increment,0.3,0.35,64,4999,estimated,240,0.0512,0.009551705181337244,0.1324697556015452,False,False
mbe3-pgdl-transfer-confirmation-v2,B3_training_state,interaction_increment,0.3,0.35,65,4999,estimated,240,0.011,0.013731999661472157,0.17547843223317416,False,False
mbe3-pgdl-transfer-confirmation-v2,B3_training_state,interaction_increment,0.3,0.35,66,4999,estimated,240,0.0002,0.022743082468847566,0.30192830214321864,True,True
mbe3-pgdl-transfer-confirmation-v2,B3_training_state,interaction_increment,0.3,0.35,67,4999,estimated,240,0.0004,0.016854693385098686,0.20453018842419862,True,True
mbe3-pgdl-transfer-confirmation-v2,B3_training_state,interaction_increment,0.3,0.35,68,4999,estimated,240,0.0064,0.01345451516224124,0.16218306808655922,False,False
mbe3-pgdl-transfer-confirmation-v2,B3_training_state,interaction_increment,0.3,0.35,69,4999,estimated,240,0.0012,0.01725835114661037,0.19875570192961228,False,False
mbe3-pgdl-transfer-confirmation-v2,B3_training_state,interaction_increment,0.3,0.35,70,4999,estimated,240,0.4662,0.0036649896904044216,0.0478807247258445,False,False
mbe3-pgdl-transfer-confirmation-v2,B3_training_state,interaction_increment,0.3,0.35,71,4999,estimated,240,0.0002,0.01594229426796884,0.2273964425647342,True,True
mbe3-pgdl-transfer-confirmation-v2,B3_training_state,interaction_increment,0.3,0.35,72,4999,estimated,240,0.0056,0.013474251332131867,0.1705852207910431,False,False
mbe3-pgdl-transfer-confirmation-v2,B3_training_state,interaction_increment,0.3,0.35,73,4999,estimated,240,0.0086,0.012943290971048845,0.17279070799184298,False,False
mbe3-pgdl-transfer-confirmation-v2,B3_training_state,interaction_increment,0.3,0.35,74,4999,estimated,240,0.0002,0.020695577813373167,0.2717550584207094,True,True
mbe3-pgdl-transfer-confirmation-v2,B3_training_state,interaction_increment,0.3,0.35,75,4999,estimated,240,0.0246,0.010925155857544916,0.13072156833211046,False,False
mbe3-pgdl-transfer-confirmation-v2,B3_training_state,interaction_increment,0.3,0.35,76,4999,estimated,240,0.0168,0.013071674114234443,0.16936642297668017,False,False
mbe3-pgdl-transfer-confirmation-v2,B3_training_state,interaction_increment,0.3,0.35,77,4999,estimated,240,0.0172,0.011632772865906034,0.14101760863222082,False,False
mbe3-pgdl-transfer-confirmation-v2,B3_training_state,interaction_increment,0.3,0.35,78,4999,estimated,240,0.0012,0.014584924591595608,0.20480650744622125,False,False
mbe3-pgdl-transfer-confirmation-v2,B3_training_state,interaction_increment,0.3,0.35,79,4999,estimated,240,0.0014,0.015417497328438022,0.2159796097917929,False,False
mbe3-pgdl-transfer-confirmation-v2,B3_training_state,interaction_increment,0.3,0.35,80,4999,estimated,240,0.289,0.005976743155505159,0.0779386466691732,False,False
mbe3-pgdl-transfer-confirmation-v2,B3_training_state,interaction_increment,0.3,0.35,81,4999,estimated,240,0.0006,0.01739790350655841,0.23380100104905402,True,True
mbe3-pgdl-transfer-confirmation-v2,B3_training_state,interaction_increment,0.3,0.35,82,4999,estimated,240,0.9006,-0.0005682893123943563,-0.006814844531281477,False,False
mbe3-pgdl-transfer-confirmation-v2,B3_training_state,interaction_increment,0.3,0.35,83,4999,estimated,240,0.0278,0.010341555525390443,0.1347320428939578,False,False
mbe3-pgdl-transfer-confirmation-v2,B3_training_state,interaction_increment,0.3,0.35,84,4999,estimated,240,0.0274,0.010618846032413483,0.14480434257492433,False,False
mbe3-pgdl-transfer-confirmation-v2,B3_training_state,interaction_increment,0.3,0.35,85,4999,estimated,240,0.0004,0.014888918665190905,0.22963869976753123,True,True
mbe3-pgdl-transfer-confirmation-v2,B3_training_state,interaction_increment,0.3,0.35,86,4999,estimated,240,0.0088,0.012124147035082296,0.1726701259117014,False,False
mbe3-pgdl-transfer-confirmation-v2,B3_training_state,interaction_increment,0.3,0.35,87,4999,estimated,240,0.0068,0.012510856078790322,0.16237155409032059,False,False
mbe3-pgdl-transfer-confirmation-v2,B3_training_state,interaction_increment,0.3,0.35,88,4999,estimated,240,0.0116,0.012452103559170069,0.1679136518325232,False,False
mbe3-pgdl-transfer-confirmation-v2,B3_training_state,interaction_increment,0.3,0.35,89,4999,estimated,240,0.0082,0.014550106371767624,0.18125371326746512,False,False
mbe3-pgdl-transfer-confirmation-v2,B3_training_state,interaction_increment,0.3,0.35,90,4999,estimated,240,0.1786,0.0060136922312635285,0.09853086887971152,False,False
mbe3-pgdl-transfer-confirmation-v2,B3_training_state,interaction_increment,0.3,0.35,91,4999,estimated,240,0.0004,0.013667880023748606,0.20879280551279042,True,True
mbe3-pgdl-transfer-confirmation-v2,B3_training_state,interaction_increment,0.3,0.35,92,4999,estimated,240,0.0064,0.017931981295910362,0.2192727422560173,False,False
mbe3-pgdl-transfer-confirmation-v2,B3_training_state,interaction_increment,0.3,0.35,93,4999,estimated,240,0.0048,0.013877222314005145,0.179999110566666,False,False
mbe3-pgdl-transfer-confirmation-v2,B3_training_state,interaction_increment,0.3,0.35,94,4999,estimated,240,0.0386,0.008489783781674936,0.12605849649209597,False,False
mbe3-pgdl-transfer-confirmation-v2,B3_training_state,interaction_increment,0.3,0.35,95,4999,estimated,240,0.0246,0.008916923705495027,0.12522859303976386,False,False
mbe3-pgdl-transfer-confirmation-v2,B3_training_state,interaction_increment,0.3,0.35,96,4999,estimated,240,0.0206,0.011368776375438254,0.14696332212926402,False,False
mbe3-pgdl-transfer-confirmation-v2,B3_training_state,interaction_increment,0.3,0.35,97,4999,estimated,240,0.016,0.013468236002851958,0.15588454658053866,False,False
mbe3-pgdl-transfer-confirmation-v2,B3_training_state,interaction_increment,0.3,0.35,98,4999,estimated,240,0.0002,0.019026274763288942,0.27508129486427685,True,True
mbe3-pgdl-transfer-confirmation-v2,B3_training_state,interaction_increment,0.3,0.35,99,4999,estimated,240,0.0016,0.019349316298111256,0.2286847700946792,False,False
mbe3-pgdl-transfer-confirmation-v2,B3_training_state,interaction_increment,0.3,0.5,0,4999,estimated,240,0.0014,0.01528966618422147,0.20630856443575946,False,False
mbe3-pgdl-transfer-confirmation-v2,B3_training_state,interaction_increment,0.3,0.5,1,4999,estimated,240,0.0234,0.011620214554371315,0.13088770724178841,False,False
mbe3-pgdl-transfer-confirmation-v2,B3_training_state,interaction_increment,0.3,0.5,2,4999,estimated,240,0.023,0.010442986447383966,0.14096747055429237,False,False
mbe3-pgdl-transfer-confirmation-v2,B3_training_state,interaction_increment,0.3,0.5,3,4999,estimated,240,0.0006,0.019037347489624528,0.27292304129100986,True,True
mbe3-pgdl-transfer-confirmation-v2,B3_training_state,interaction_increment,0.3,0.5,4,4999,estimated,240,0.0002,0.018330230270400875,0.259045164791344,True,True
mbe3-pgdl-transfer-confirmation-v2,B3_training_state,interaction_increment,0.3,0.5,5,4999,estimated,240,0.0014,0.017555707723010974,0.19987097195376868,False,False
mbe3-pgdl-transfer-confirmation-v2,B3_training_state,interaction_increment,0.3,0.5,6,4999,estimated,240,0.0004,0.018454864842937367,0.26648515542024737,True,True
mbe3-pgdl-transfer-confirmation-v2,B3_training_state,interaction_increment,0.3,0.5,7,4999,estimated,240,0.0002,0.02358914677807778,0.26441009402595445,True,True
mbe3-pgdl-transfer-confirmation-v2,B3_training_state,interaction_increment,0.3,0.5,8,4999,estimated,240,0.0002,0.02372036779622341,0.3535793963472781,True,True
mbe3-pgdl-transfer-confirmation-v2,B3_training_state,interaction_increment,0.3,0.5,9,4999,estimated,240,0.0002,0.021623157843112514,0.2757684821922105,True,True
mbe3-pgdl-transfer-confirmation-v2,B3_training_state,interaction_increment,0.3,0.5,10,4999,estimated,240,0.0002,0.024043662471500908,0.3112936646542533,True,True
mbe3-pgdl-transfer-confirmation-v2,B3_training_state,interaction_increment,0.3,0.5,11,4999,estimated,240,0.1598,0.006617601671282958,0.0905697783079593,False,False
mbe3-pgdl-transfer-confirmation-v2,B3_training_state,interaction_increment,0.3,0.5,12,4999,estimated,240,0.0078,0.010931897012178594,0.1416790721028904,False,False
mbe3-pgdl-transfer-confirmation-v2,B3_training_state,interaction_increment,0.3,0.5,13,4999,estimated,240,0.0062,0.014027520854708516,0.18121767557287982,False,False
mbe3-pgdl-transfer-confirmation-v2,B3_training_state,interaction_increment,0.3,0.5,14,4999,estimated,240,0.0006,0.017740519129564855,0.2324699946285944,True,True
mbe3-pgdl-transfer-confirmation-v2,B3_training_state,interaction_increment,0.3,0.5,15,4999,estimated,240,0.0002,0.02576888081099981,0.3685574248601646,True,True
mbe3-pgdl-transfer-confirmation-v2,B3_training_state,interaction_increment,0.3,0.5,16,4999,estimated,240,0.0018,0.01615324166993284,0.21672277010656024,False,False
mbe3-pgdl-transfer-confirmation-v2,B3_training_state,interaction_increment,0.3,0.5,17,4999,estimated,240,0.052,0.009864371408413028,0.13847017131095152,False,False
mbe3-pgdl-transfer-confirmation-v2,B3_training_state,interaction_increment,0.3,0.5,18,4999,estimated,240,0.0664,0.01001732960600283,0.14763717434911897,False,False
mbe3-pgdl-transfer-confirmation-v2,B3_training_state,interaction_increment,0.3,0.5,19,4999,estimated,240,0.0002,0.020718842837450555,0.26914912823067516,True,True
mbe3-pgdl-transfer-confirmation-v2,B3_training_state,interaction_increment,0.3,0.5,20,4999,estimated,240,0.0002,0.027096804464880112,0.39061839730154946,True,True
mbe3-pgdl-transfer-confirmation-v2,B3_training_state,interaction_increment,0.3,0.5,21,4999,estimated,240,0.0008,0.02352925122003741,0.2529561983892599,True,True
mbe3-pgdl-transfer-confirmation-v2,B3_training_state,interaction_increment,0.3,0.5,22,4999,estimated,240,0.0002,0.026091564293829316,0.28716043398660335,True,True
mbe3-pgdl-transfer-confirmation-v2,B3_training_state,interaction_increment,0.3,0.5,23,4999,estimated,240,0.0004,0.01842155492858011,0.2780655596885102,True,True
mbe3-pgdl-transfer-confirmation-v2,B3_training_state,interaction_increment,0.3,0.5,24,4999,estimated,240,0.0002,0.018745283125957565,0.2187376714722366,True,True
mbe3-pgdl-transfer-confirmation-v2,B3_training_state,interaction_increment,0.3,0.5,25,4999,estimated,240,0.3118,0.005782245933531601,0.06492102042613267,False,False
mbe3-pgdl-transfer-confirmation-v2,B3_training_state,interaction_increment,0.3,0.5,26,4999,estimated,240,0.038,0.01137791090297099,0.1584727888734735,False,False
mbe3-pgdl-transfer-confirmation-v2,B3_training_state,interaction_increment,0.3,0.5,27,4999,estimated,240,0.0002,0.02151038690001134,0.28610420183680835,True,True
mbe3-pgdl-transfer-confirmation-v2,B3_training_state,interaction_increment,0.3,0.5,28,4999,estimated,240,0.0002,0.022955715194345302,0.2744573130615603,True,True
mbe3-pgdl-transfer-confirmation-v2,B3_training_state,interaction_increment,0.3,0.5,29,4999,estimated,240,0.003,0.014032644181201563,0.18210559006513294,False,False
mbe3-pgdl-transfer-confirmation-v2,B3_training_state,interaction_increment,0.3,0.5,30,4999,estimated,240,0.0014,0.01361441647311756,0.20571007126174848,False,False
mbe3-pgdl-transfer-confirmation-v2,B3_training_state,interaction_increment,0.3,0.5,31,4999,estimated,240,0.016,0.010143520795777723,0.13331399445341283,False,False
mbe3-pgdl-transfer-confirmation-v2,B3_training_state,interaction_increment,0.3,0.5,32,4999,estimated,240,0.2168,0.0062024911999130385,0.08378676196077045,False,False
mbe3-pgdl-transfer-confirmation-v2,B3_training_state,interaction_increment,0.3,0.5,33,4999,estimated,240,0.0002,0.015725744977773327,0.2146287135388765,True,True
mbe3-pgdl-transfer-confirmation-v2,B3_training_state,interaction_increment,0.3,0.5,34,4999,estimated,240,0.0088,0.01351026792227169,0.1761542551541954,False,False
mbe3-pgdl-transfer-confirmation-v2,B3_training_state,interaction_increment,0.3,0.5,35,4999,estimated,240,0.0004,0.020409466929188262,0.2530796747508249,True,True
mbe3-pgdl-transfer-confirmation-v2,B3_training_state,interaction_increment,0.3,0.5,36,4999,estimated,240,0.0002,0.02548782864386454,0.275124021053746,True,True
mbe3-pgdl-transfer-confirmation-v2,B3_training_state,interaction_increment,0.3,0.5,37,4999,estimated,240,0.022,0.01213967684633038,0.12997210128464673,False,False
mbe3-pgdl-transfer-confirmation-v2,B3_training_state,interaction_increment,0.3,0.5,38,4999,estimated,240,0.0004,0.016750347032228895,0.23523205563593255,True,True
mbe3-pgdl-transfer-confirmation-v2,B3_training_state,interaction_increment,0.3,0.5,39,4999,estimated,240,0.0504,0.010718524584868319,0.12738361363494546,False,False
mbe3-pgdl-transfer-confirmation-v2,B3_training_state,interaction_increment,0.3,0.5,40,4999,estimated,240,0.001,0.016283543151134033,0.21034704440447796,True,True
mbe3-pgdl-transfer-confirmation-v2,B3_training_state,interaction_increment,0.3,0.5,41,4999,estimated,240,0.0044,0.014403108280017337,0.18307064142524868,False,False
mbe3-pgdl-transfer-confirmation-v2,B3_training_state,interaction_increment,0.3,0.5,42,4999,estimated,240,0.0014,0.016638123403204953,0.2285597719526379,False,False
mbe3-pgdl-transfer-confirmation-v2,B3_training_state,interaction_increment,0.3,0.5,43,4999,estimated,240,0.003,0.01495276864133398,0.2010134222362189,False,False
mbe3-pgdl-transfer-confirmation-v2,B3_training_state,interaction_increment,0.3,0.5,44,4999,estimated,240,0.0156,0.010740664612068856,0.12873298952649656,False,False
mbe3-pgdl-transfer-confirmation-v2,B3_training_state,interaction_increment,0.3,0.5,45,4999,estimated,240,0.0002,0.01596936845770227,0.21109482293674625,True,True
mbe3-pgdl-transfer-confirmation-v2,B3_training_state,interaction_increment,0.3,0.5,46,4999,estimated,240,0.2204,0.006889797234459038,0.08526061794667368,False,False
mbe3-pgdl-transfer-confirmation-v2,B3_training_state,interaction_increment,0.3,0.5,47,4999,estimated,240,0.0016,0.016810165096436305,0.18735225664613295,False,False
mbe3-pgdl-transfer-confirmation-v2,B3_training_state,interaction_increment,0.3,0.5,48,4999,estimated,240,0.0004,0.015958714315101742,0.1903449832959357,True,True
mbe3-pgdl-transfer-confirmation-v2,B3_training_state,interaction_increment,0.3,0.5,49,4999,estimated,240,0.0002,0.020406903002472374,0.23294061007119396,True,True
mbe3-pgdl-transfer-confirmation-v2,B3_training_state,interaction_increment,0.3,0.5,50,4999,estimated,240,0.0046,0.015017333125449648,0.18073099556033448,False,False
mbe3-pgdl-transfer-confirmation-v2,B3_training_state,interaction_increment,0.3,0.5,51,4999,estimated,240,0.0058,0.013254437251220934,0.1614283299420643,False,False
mbe3-pgdl-transfer-confirmation-v2,B3_training_state,interaction_increment,0.3,0.5,52,4999,estimated,240,0.0004,0.015397746559546248,0.22582893749209687,True,True
mbe3-pgdl-transfer-confirmation-v2,B3_training_state,interaction_increment,0.3,0.5,53,4999,estimated,240,0.001,0.019150551386972588,0.24307478048127154,True,True
mbe3-pgdl-transfer-confirmation-v2,B3_training_state,interaction_increment,0.3,0.5,54,4999,estimated,240,0.0002,0.02742044822432676,0.3057211944593643,True,True
mbe3-pgdl-transfer-confirmation-v2,B3_training_state,interaction_increment,0.3,0.5,55,4999,estimated,240,0.0002,0.019703926624585897,0.2695248586894203,True,True
mbe3-pgdl-transfer-confirmation-v2,B3_training_state,interaction_increment,0.3,0.5,56,4999,estimated,240,0.0028,0.013747736947488253,0.19880909009146971,False,False
mbe3-pgdl-transfer-confirmation-v2,B3_training_state,interaction_increment,0.3,0.5,57,4999,estimated,240,0.0002,0.020636245632754804,0.26669148781155383,True,True
mbe3-pgdl-transfer-confirmation-v2,B3_training_state,interaction_increment,0.3,0.5,58,4999,estimated,240,0.0004,0.019825696215518395,0.2513371241709007,True,True
mbe3-pgdl-transfer-confirmation-v2,B3_training_state,interaction_increment,0.3,0.5,59,4999,estimated,240,0.0002,0.018978693282489363,0.26513524687955964,True,True
mbe3-pgdl-transfer-confirmation-v2,B3_training_state,interaction_increment,0.3,0.5,60,4999,estimated,240,0.0002,0.021366786973163788,0.24901257565126564,True,True
mbe3-pgdl-transfer-confirmation-v2,B3_training_state,interaction_increment,0.3,0.5,61,4999,estimated,240,0.001,0.019072057247708964,0.24612104458534356,True,True
mbe3-pgdl-transfer-confirmation-v2,B3_training_state,interaction_increment,0.3,0.5,62,4999,estimated,240,0.0002,0.02018308511101804,0.24459226866054531,True,True
mbe3-pgdl-transfer-confirmation-v2,B3_training_state,interaction_increment,0.3,0.5,63,4999,estimated,240,0.0012,0.017389625525044285,0.20213194811799717,False,False
mbe3-pgdl-transfer-confirmation-v2,B3_training_state,interaction_increment,0.3,0.5,64,4999,estimated,240,0.0002,0.025747950929562693,0.2949323411399616,True,True
mbe3-pgdl-transfer-confirmation-v2,B3_training_state,interaction_increment,0.3,0.5,65,4999,estimated,240,0.0106,0.012863470831531552,0.1673051328197535,False,False
mbe3-pgdl-transfer-confirmation-v2,B3_training_state,interaction_increment,0.3,0.5,66,4999,estimated,240,0.0006,0.015525570207764638,0.21031098849160215,True,True
mbe3-pgdl-transfer-confirmation-v2,B3_training_state,interaction_increment,0.3,0.5,67,4999,estimated,240,0.0002,0.02595991563274686,0.3063655884875308,True,True
mbe3-pgdl-transfer-confirmation-v2,B3_training_state,interaction_increment,0.3,0.5,68,4999,estimated,240,0.0002,0.018350513887512986,0.2538230898558568,True,True
mbe3-pgdl-transfer-confirmation-v2,B3_training_state,interaction_increment,0.3,0.5,69,4999,estimated,240,0.0098,0.013314328858026848,0.17335494094484769,False,False
mbe3-pgdl-transfer-confirmation-v2,B3_training_state,interaction_increment,0.3,0.5,70,4999,estimated,240,0.0014,0.016345600280190033,0.20828386748497482,False,False
mbe3-pgdl-transfer-confirmation-v2,B3_training_state,interaction_increment,0.3,0.5,71,4999,estimated,240,0.0024,0.013715065631547707,0.20131279948580674,False,False
mbe3-pgdl-transfer-confirmation-v2,B3_training_state,interaction_increment,0.3,0.5,72,4999,estimated,240,0.0004,0.017440985643344824,0.21597904604786142,True,True
mbe3-pgdl-transfer-confirmation-v2,B3_training_state,interaction_increment,0.3,0.5,73,4999,estimated,240,0.0114,0.013417882052360048,0.15578433713657117,False,False
mbe3-pgdl-transfer-confirmation-v2,B3_training_state,interaction_increment,0.3,0.5,74,4999,estimated,240,0.0026,0.014917347647055572,0.1826369871707708,False,False
mbe3-pgdl-transfer-confirmation-v2,B3_training_state,interaction_increment,0.3,0.5,75,4999,estimated,240,0.0044,0.013781917011315392,0.2100931122222417,False,False
mbe3-pgdl-transfer-confirmation-v2,B3_training_state,interaction_increment,0.3,0.5,76,4999,estimated,240,0.0002,0.022379638713306612,0.2917743220211451,True,True
mbe3-pgdl-transfer-confirmation-v2,B3_training_state,interaction_increment,0.3,0.5,77,4999,estimated,240,0.0002,0.019693002183335504,0.26020546849260767,True,True
mbe3-pgdl-transfer-confirmation-v2,B3_training_state,interaction_increment,0.3,0.5,78,4999,estimated,240,0.2364,0.005150778145645472,0.06038934888164987,False,False
mbe3-pgdl-transfer-confirmation-v2,B3_training_state,interaction_increment,0.3,0.5,79,4999,estimated,240,0.12,0.007445686255480104,0.0997345327564263,False,False
mbe3-pgdl-transfer-confirmation-v2,B3_training_state,interaction_increment,0.3,0.5,80,4999,estimated,240,0.0002,0.024705189299341197,0.3646104745785614,True,True
mbe3-pgdl-transfer-confirmation-v2,B3_training_state,interaction_increment,0.3,0.5,81,4999,estimated,240,0.0006,0.01989169929385445,0.21862250119644433,True,True
mbe3-pgdl-transfer-confirmation-v2,B3_training_state,interaction_increment,0.3,0.5,82,4999,estimated,240,0.0006,0.01835971189585838,0.216676645126494,True,True
mbe3-pgdl-transfer-confirmation-v2,B3_training_state,interaction_increment,0.3,0.5,83,4999,estimated,240,0.0002,0.019688975049044845,0.26190526051856466,True,True
mbe3-pgdl-transfer-confirmation-v2,B3_training_state,interaction_increment,0.3,0.5,84,4999,estimated,240,0.0002,0.019407703561806152,0.2558469849604465,True,True
mbe3-pgdl-transfer-confirmation-v2,B3_training_state,interaction_increment,0.3,0.5,85,4999,estimated,240,0.0004,0.02111481389749305,0.28904235278387386,True,True
mbe3-pgdl-transfer-confirmation-v2,B3_training_state,interaction_increment,0.3,0.5,86,4999,estimated,240,0.0002,0.028592369924617347,0.2910291994513042,True,True
mbe3-pgdl-transfer-confirmation-v2,B3_training_state,interaction_increment,0.3,0.5,87,4999,estimated,240,0.0002,0.02914828726746581,0.35896982433180985,True,True
mbe3-pgdl-transfer-confirmation-v2,B3_training_state,interaction_increment,0.3,0.5,88,4999,estimated,240,0.0006,0.01910473188465556,0.24932499526921265,True,True
mbe3-pgdl-transfer-confirmation-v2,B3_training_state,interaction_increment,0.3,0.5,89,4999,estimated,240,0.0002,0.01851224483386169,0.2303454431651517,True,True
mbe3-pgdl-transfer-confirmation-v2,B3_training_state,interaction_increment,0.3,0.5,90,4999,estimated,240,0.0002,0.023850718987426807,0.2712764268877205,True,True
mbe3-pgdl-transfer-confirmation-v2,B3_training_state,interaction_increment,0.3,0.5,91,4999,estimated,240,0.0008,0.01675241240675141,0.21280418255756836,True,True
mbe3-pgdl-transfer-confirmation-v2,B3_training_state,interaction_increment,0.3,0.5,92,4999,estimated,240,0.0004,0.017090110528848828,0.2123640979091784,True,True
mbe3-pgdl-transfer-confirmation-v2,B3_training_state,interaction_increment,0.3,0.5,93,4999,estimated,240,0.0002,0.03324322497314595,0.39206881691401974,True,True
mbe3-pgdl-transfer-confirmation-v2,B3_training_state,interaction_increment,0.3,0.5,94,4999,estimated,240,0.0002,0.024977550853333856,0.2805525436568348,True,True
mbe3-pgdl-transfer-confirmation-v2,B3_training_state,interaction_increment,0.3,0.5,95,4999,estimated,240,0.0144,0.012493981572571585,0.1779827987631473,False,False
mbe3-pgdl-transfer-confirmation-v2,B3_training_state,interaction_increment,0.3,0.5,96,4999,estimated,240,0.0002,0.025700305247888848,0.32206015407118216,True,True
mbe3-pgdl-transfer-confirmation-v2,B3_training_state,interaction_increment,0.3,0.5,97,4999,estimated,240,0.0004,0.01869766095627871,0.2570120183571377,True,True
mbe3-pgdl-transfer-confirmation-v2,B3_training_state,interaction_increment,0.3,0.5,98,4999,estimated,240,0.0084,0.011004945106111204,0.17254811558686556,False,False
mbe3-pgdl-transfer-confirmation-v2,B3_training_state,interaction_increment,0.3,0.5,99,4999,estimated,240,0.0016,0.01809491923855137,0.21186310310603426,False,False
mbe3-pgdl-transfer-confirmation-v2,B3_training_state,interaction_increment,0.8,0.2,0,4999,estimated,240,0.0002,0.017733129247149062,0.2068227009789629,True,True
mbe3-pgdl-transfer-confirmation-v2,B3_training_state,interaction_increment,0.8,0.2,1,4999,estimated,240,0.002,0.013968101870334834,0.16203550866428484,False,False
mbe3-pgdl-transfer-confirmation-v2,B3_training_state,interaction_increment,0.8,0.2,2,4999,estimated,240,0.0008,0.016328303466967134,0.2295217986537134,True,True
mbe3-pgdl-transfer-confirmation-v2,B3_training_state,interaction_increment,0.8,0.2,3,4999,estimated,240,0.0848,0.008663923332590853,0.12825784139201984,False,False
mbe3-pgdl-transfer-confirmation-v2,B3_training_state,interaction_increment,0.8,0.2,4,4999,estimated,240,0.8876,0.0007008423207524941,0.0084782017352164,False,False
mbe3-pgdl-transfer-confirmation-v2,B3_training_state,interaction_increment,0.8,0.2,5,4999,estimated,240,0.0004,0.02282113425152256,0.2501968354861314,True,True
mbe3-pgdl-transfer-confirmation-v2,B3_training_state,interaction_increment,0.8,0.2,6,4999,estimated,240,0.0056,0.013730160894758347,0.17268489970010972,False,False
mbe3-pgdl-transfer-confirmation-v2,B3_training_state,interaction_increment,0.8,0.2,7,4999,estimated,240,0.0406,0.009729691336415547,0.14707053804853534,False,False
mbe3-pgdl-transfer-confirmation-v2,B3_training_state,interaction_increment,0.8,0.2,8,4999,estimated,240,0.0004,0.01971842270675018,0.24203502334878024,True,True
mbe3-pgdl-transfer-confirmation-v2,B3_training_state,interaction_increment,0.8,0.2,9,4999,estimated,240,0.001,0.016131816469664367,0.19897890140113061,True,True
mbe3-pgdl-transfer-confirmation-v2,B3_training_state,interaction_increment,0.8,0.2,10,4999,estimated,240,0.0704,0.007390012878111201,0.13003910869031668,False,False
mbe3-pgdl-transfer-confirmation-v2,B3_training_state,interaction_increment,0.8,0.2,11,4999,estimated,240,0.0014,0.015383056673358212,0.19018601562839418,False,False
mbe3-pgdl-transfer-confirmation-v2,B3_training_state,interaction_increment,0.8,0.2,12,4999,estimated,240,0.0092,0.012386854208920318,0.17420076899908135,False,False
mbe3-pgdl-transfer-confirmation-v2,B3_training_state,interaction_increment,0.8,0.2,13,4999,estimated,240,0.0172,0.011245046833113326,0.14895220748069463,False,False
mbe3-pgdl-transfer-confirmation-v2,B3_training_state,interaction_increment,0.8,0.2,14,4999,estimated,240,0.003,0.01231230130617011,0.17988961098329156,False,False
mbe3-pgdl-transfer-confirmation-v2,B3_training_state,interaction_increment,0.8,0.2,15,4999,estimated,240,0.1052,0.008151698305400796,0.09551890412915094,False,False
mbe3-pgdl-transfer-confirmation-v2,B3_training_state,interaction_increment,0.8,0.2,16,4999,estimated,240,0.0206,0.010809660051580938,0.1303699436349042,False,False
mbe3-pgdl-transfer-confirmation-v2,B3_training_state,interaction_increment,0.8,0.2,17,4999,estimated,240,0.1868,0.005940540656624244,0.07757290663896567,False,False
mbe3-pgdl-transfer-confirmation-v2,B3_training_state,interaction_increment,0.8,0.2,18,4999,estimated,240,0.2218,-0.005777083463157198,-0.0762365449848778,False,False
mbe3-pgdl-transfer-confirmation-v2,B3_training_state,interaction_increment,0.8,0.2,19,4999,estimated,240,0.0002,0.01912737483982613,0.23057232391439775,True,True
mbe3-pgdl-transfer-confirmation-v2,B3_training_state,interaction_increment,0.8,0.2,20,4999,estimated,240,0.0018,0.015547562159850125,0.1867332255068855,False,False
mbe3-pgdl-transfer-confirmation-v2,B3_training_state,interaction_increment,0.8,0.2,21,4999,estimated,240,0.0018,0.015046672782147613,0.2088093377595532,False,False
mbe3-pgdl-transfer-confirmation-v2,B3_training_state,interaction_increment,0.8,0.2,22,4999,estimated,240,0.0002,0.01791184388258433,0.24680546588390714,True,True
mbe3-pgdl-transfer-confirmation-v2,B3_training_state,interaction_increment,0.8,0.2,23,4999,estimated,240,0.1274,0.006250693042353181,0.09067430691487546,False,False
mbe3-pgdl-transfer-confirmation-v2,B3_training_state,interaction_increment,0.8,0.2,24,4999,estimated,240,0.0098,0.010310183066976451,0.15712764918950647,False,False
mbe3-pgdl-transfer-confirmation-v2,B3_training_state,interaction_increment,0.8,0.2,25,4999,estimated,240,0.8482,0.0009378030950288005,0.012887583869275592,False,False
mbe3-pgdl-transfer-confirmation-v2,B3_training_state,interaction_increment,0.8,0.2,26,4999,estimated,240,0.0124,0.01400508901052303,0.16771114770640486,False,False
mbe3-pgdl-transfer-confirmation-v2,B3_training_state,interaction_increment,0.8,0.2,27,4999,estimated,240,0.1182,0.007556664322327182,0.09957306380805556,False,False
mbe3-pgdl-transfer-confirmation-v2,B3_training_state,interaction_increment,0.8,0.2,28,4999,estimated,240,0.0436,0.010167115242962259,0.12780236615479812,False,False
mbe3-pgdl-transfer-confirmation-v2,B3_training_state,interaction_increment,0.8,0.2,29,4999,estimated,240,0.453,0.0031612074571075463,0.048450250519181705,False,False
mbe3-pgdl-transfer-confirmation-v2,B3_training_state,interaction_increment,0.8,0.2,30,4999,estimated,240,0.565,0.0026312407385592515,0.03604295975727915,False,False
mbe3-pgdl-transfer-confirmation-v2,B3_training_state,interaction_increment,0.8,0.2,31,4999,estimated,240,0.0166,0.013810404723364996,0.16782136712537232,False,False
mbe3-pgdl-transfer-confirmation-v2,B3_training_state,interaction_increment,0.8,0.2,32,4999,estimated,240,0.0002,0.02582187020550315,0.3235646586017853,True,True
mbe3-pgdl-transfer-confirmation-v2,B3_training_state,interaction_increment,0.8,0.2,33,4999,estimated,240,0.242,0.005897668031923178,0.07035092569827714,False,False
mbe3-pgdl-transfer-confirmation-v2,B3_training_state,interaction_increment,0.8,0.2,34,4999,estimated,240,0.0006,0.01503000843779384,0.20955022462719775,True,True
mbe3-pgdl-transfer-confirmation-v2,B3_training_state,interaction_increment,0.8,0.2,35,4999,estimated,240,0.0004,0.01843061783844739,0.2695510493458132,True,True
mbe3-pgdl-transfer-confirmation-v2,B3_training_state,interaction_increment,0.8,0.2,36,4999,estimated,240,0.001,0.020093142492445173,0.24608587617372663,True,True
mbe3-pgdl-transfer-confirmation-v2,B3_training_state,interaction_increment,0.8,0.2,37,4999,estimated,240,0.1476,0.0077921674705594334,0.1072681309558792,False,False
mbe3-pgdl-transfer-confirmation-v2,B3_training_state,interaction_increment,0.8,0.2,38,4999,estimated,240,0.0002,0.0239848891740556,0.2634330413697248,True,True
mbe3-pgdl-transfer-confirmation-v2,B3_training_state,interaction_increment,0.8,0.2,39,4999,estimated,240,0.0028,0.011886440481187767,0.14579051025467973,False,False
mbe3-pgdl-transfer-confirmation-v2,B3_training_state,interaction_increment,0.8,0.2,40,4999,estimated,240,0.271,0.004508238233452614,0.05853233682104216,False,False
mbe3-pgdl-transfer-confirmation-v2,B3_training_state,interaction_increment,0.8,0.2,41,4999,estimated,240,0.0318,0.010896785641790871,0.14614475532635735,False,False
mbe3-pgdl-transfer-confirmation-v2,B3_training_state,interaction_increment,0.8,0.2,42,4999,estimated,240,0.0002,0.022875895765889404,0.2746508361357738,True,True
mbe3-pgdl-transfer-confirmation-v2,B3_training_state,interaction_increment,0.8,0.2,43,4999,estimated,240,0.0122,0.012743200419684969,0.1667852469204732,False,False
mbe3-pgdl-transfer-confirmation-v2,B3_training_state,interaction_increment,0.8,0.2,44,4999,estimated,240,0.0002,0.02097326228868684,0.2644467095805903,True,True
mbe3-pgdl-transfer-confirmation-v2,B3_training_state,interaction_increment,0.8,0.2,45,4999,estimated,240,0.0148,0.01171115952956953,0.1435757494224347,False,False
mbe3-pgdl-transfer-confirmation-v2,B3_training_state,interaction_increment,0.8,0.2,46,4999,estimated,240,0.0042,0.01551989145595401,0.16853343534067225,False,False
mbe3-pgdl-transfer-confirmation-v2,B3_training_state,interaction_increment,0.8,0.2,47,4999,estimated,240,0.0254,0.011203904076553476,0.13499157373409074,False,False
mbe3-pgdl-transfer-confirmation-v2,B3_training_state,interaction_increment,0.8,0.2,48,4999,estimated,240,0.0002,0.018445102335914662,0.22236169575564954,True,True
mbe3-pgdl-transfer-confirmation-v2,B3_training_state,interaction_increment,0.8,0.2,49,4999,estimated,240,0.0502,0.009904778916245674,0.12907349419493677,False,False
mbe3-pgdl-transfer-confirmation-v2,B3_training_state,interaction_increment,0.8,0.2,50,4999,estimated,240,0.0002,0.021342679692921373,0.2645894693668382,True,True
mbe3-pgdl-transfer-confirmation-v2,B3_training_state,interaction_increment,0.8,0.2,51,4999,estimated,240,0.0732,0.00903290425537853,0.1063002096959446,False,False
mbe3-pgdl-transfer-confirmation-v2,B3_training_state,interaction_increment,0.8,0.2,52,4999,estimated,240,0.0578,0.009460762664624615,0.11466286085354474,False,False
mbe3-pgdl-transfer-confirmation-v2,B3_training_state,interaction_increment,0.8,0.2,53,4999,estimated,240,0.0112,0.01379601428253686,0.1692179640641552,False,False
mbe3-pgdl-transfer-confirmation-v2,B3_training_state,interaction_increment,0.8,0.2,54,4999,estimated,240,0.0122,0.011826573625852188,0.16071668950617812,False,False
mbe3-pgdl-transfer-confirmation-v2,B3_training_state,interaction_increment,0.8,0.2,55,4999,estimated,240,0.0456,0.009751127284920188,0.12018371364761801,False,False
mbe3-pgdl-transfer-confirmation-v2,B3_training_state,interaction_increment,0.8,0.2,56,4999,estimated,240,0.0028,0.015147754668539572,0.1939161900774965,False,False
mbe3-pgdl-transfer-confirmation-v2,B3_training_state,interaction_increment,0.8,0.2,57,4999,estimated,240,0.0026,0.014801148804894231,0.17767072846515353,False,False
mbe3-pgdl-transfer-confirmation-v2,B3_training_state,interaction_increment,0.8,0.2,58,4999,estimated,240,0.855,0.0010385183899151885,0.012633431921242833,False,False
mbe3-pgdl-transfer-confirmation-v2,B3_training_state,interaction_increment,0.8,0.2,59,4999,estimated,240,0.0004,0.020641695502478408,0.2808074377006468,True,True
mbe3-pgdl-transfer-confirmation-v2,B3_training_state,interaction_increment,0.8,0.2,60,4999,estimated,240,0.7076,0.0019217804938341414,0.021872955124661347,False,False
mbe3-pgdl-transfer-confirmation-v2,B3_training_state,interaction_increment,0.8,0.2,61,4999,estimated,240,0.0262,0.011526079254681442,0.13473858780300546,False,False
mbe3-pgdl-transfer-confirmation-v2,B3_training_state,interaction_increment,0.8,0.2,62,4999,estimated,240,0.016,0.01138906207700291,0.1552790590326953,False,False
mbe3-pgdl-transfer-confirmation-v2,B3_training_state,interaction_increment,0.8,0.2,63,4999,estimated,240,0.002,0.01615725802959915,0.18705216136386713,False,False
mbe3-pgdl-transfer-confirmation-v2,B3_training_state,interaction_increment,0.8,0.2,64,4999,estimated,240,0.0002,0.02095171246071106,0.26083399852036415,True,True
mbe3-pgdl-transfer-confirmation-v2,B3_training_state,interaction_increment,0.8,0.2,65,4999,estimated,240,0.0546,0.0092567541749073,0.13221890651878157,False,False
mbe3-pgdl-transfer-confirmation-v2,B3_training_state,interaction_increment,0.8,0.2,66,4999,estimated,240,0.4418,0.004611317708979348,0.050232558736096264,False,False
mbe3-pgdl-transfer-confirmation-v2,B3_training_state,interaction_increment,0.8,0.2,67,4999,estimated,240,0.0006,0.015697397819397444,0.21424011676923094,True,True
mbe3-pgdl-transfer-confirmation-v2,B3_training_state,interaction_increment,0.8,0.2,68,4999,estimated,240,0.0162,0.011672410071465522,0.13956954673460872,False,False
mbe3-pgdl-transfer-confirmation-v2,B3_training_state,interaction_increment,0.8,0.2,69,4999,estimated,240,0.0006,0.019176174263111332,0.23996566573731198,True,True
mbe3-pgdl-transfer-confirmation-v2,B3_training_state,interaction_increment,0.8,0.2,70,4999,estimated,240,0.0008,0.01857572860271041,0.22783103445092873,True,True
mbe3-pgdl-transfer-confirmation-v2,B3_training_state,interaction_increment,0.8,0.2,71,4999,estimated,240,0.0002,0.019072431782701994,0.26972243275143565,True,True
mbe3-pgdl-transfer-confirmation-v2,B3_training_state,interaction_increment,0.8,0.2,72,4999,estimated,240,0.1316,0.007965821165880313,0.09678140875957694,False,False
mbe3-pgdl-transfer-confirmation-v2,B3_training_state,interaction_increment,0.8,0.2,73,4999,estimated,240,0.0002,0.020327936764779578,0.2927314476654227,True,True
mbe3-pgdl-transfer-confirmation-v2,B3_training_state,interaction_increment,0.8,0.2,74,4999,estimated,240,0.0002,0.01978164059318542,0.26828215459434357,True,True
mbe3-pgdl-transfer-confirmation-v2,B3_training_state,interaction_increment,0.8,0.2,75,4999,estimated,240,0.002,0.014987271377107267,0.2285938407492733,False,False
mbe3-pgdl-transfer-confirmation-v2,B3_training_state,interaction_increment,0.8,0.2,76,4999,estimated,240,0.6384,0.00233326526849839,0.030904086770182727,False,False
mbe3-pgdl-transfer-confirmation-v2,B3_training_state,interaction_increment,0.8,0.2,77,4999,estimated,240,0.2472,0.006300313520390384,0.07160010185275208,False,False
mbe3-pgdl-transfer-confirmation-v2,B3_training_state,interaction_increment,0.8,0.2,78,4999,estimated,240,0.0004,0.01891340622758113,0.27174279184213285,True,True
mbe3-pgdl-transfer-confirmation-v2,B3_training_state,interaction_increment,0.8,0.2,79,4999,estimated,240,0.0044,0.014796554601890121,0.20306896148331535,False,False
mbe3-pgdl-transfer-confirmation-v2,B3_training_state,interaction_increment,0.8,0.2,80,4999,estimated,240,0.0002,0.021095594769841484,0.23872088240435546,True,True
mbe3-pgdl-transfer-confirmation-v2,B3_training_state,interaction_increment,0.8,0.2,81,4999,estimated,240,0.1914,0.00625194782907656,0.07307880668532846,False,False
mbe3-pgdl-transfer-confirmation-v2,B3_training_state,interaction_increment,0.8,0.2,82,4999,estimated,240,0.1178,0.006414423313823034,0.07825330523741224,False,False
mbe3-pgdl-transfer-confirmation-v2,B3_training_state,interaction_increment,0.8,0.2,83,4999,estimated,240,0.019,0.008723499630781444,0.14838491934247536,False,False
mbe3-pgdl-transfer-confirmation-v2,B3_training_state,interaction_increment,0.8,0.2,84,4999,estimated,240,0.004,0.014341458405441269,0.17327218964202104,False,False
mbe3-pgdl-transfer-confirmation-v2,B3_training_state,interaction_increment,0.8,0.2,85,4999,estimated,240,0.0118,0.012975879516246533,0.1591915105074923,False,False
mbe3-pgdl-transfer-confirmation-v2,B3_training_state,interaction_increment,0.8,0.2,86,4999,estimated,240,0.0002,0.017311521878341438,0.2541516027720957,True,True
mbe3-pgdl-transfer-confirmation-v2,B3_training_state,interaction_increment,0.8,0.2,87,4999,estimated,240,0.0072,0.013323818138378412,0.19464674290988362,False,False
mbe3-pgdl-transfer-confirmation-v2,B3_training_state,interaction_increment,0.8,0.2,88,4999,estimated,240,0.0442,0.009802144410559967,0.12432025223904984,False,False
mbe3-pgdl-transfer-confirmation-v2,B3_training_state,interaction_increment,0.8,0.2,89,4999,estimated,240,0.0472,0.00977881090296291,0.1213371485878992,False,False
mbe3-pgdl-transfer-confirmation-v2,B3_training_state,interaction_increment,0.8,0.2,90,4999,estimated,240,0.0124,0.01400979151762429,0.16501021599830099,False,False
mbe3-pgdl-transfer-confirmation-v2,B3_training_state,interaction_increment,0.8,0.2,91,4999,estimated,240,0.001,0.014396218636516486,0.18098319189881218,True,True
mbe3-pgdl-transfer-confirmation-v2,B3_training_state,interaction_increment,0.8,0.2,92,4999,estimated,240,0.0002,0.017874368575590757,0.22917976105898857,True,True
mbe3-pgdl-transfer-confirmation-v2,B3_training_state,interaction_increment,0.8,0.2,93,4999,estimated,240,0.0064,0.013424216745103279,0.18141786589910397,False,False
mbe3-pgdl-transfer-confirmation-v2,B3_training_state,interaction_increment,0.8,0.2,94,4999,estimated,240,0.0348,0.010344840176274381,0.13368190978602365,False,False
mbe3-pgdl-transfer-confirmation-v2,B3_training_state,interaction_increment,0.8,0.2,95,4999,estimated,240,0.0266,0.011552980374433492,0.14334157989926116,False,False
mbe3-pgdl-transfer-confirmation-v2,B3_training_state,interaction_increment,0.8,0.2,96,4999,estimated,240,0.0004,0.01878676819159481,0.281268341344564,True,True
mbe3-pgdl-transfer-confirmation-v2,B3_training_state,interaction_increment,0.8,0.2,97,4999,estimated,240,0.0046,0.014877349951523938,0.19879488971925996,False,False
mbe3-pgdl-transfer-confirmation-v2,B3_training_state,interaction_increment,0.8,0.2,98,4999,estimated,240,0.0038,0.013312630006008633,0.17652589681387226,False,False
mbe3-pgdl-transfer-confirmation-v2,B3_training_state,interaction_increment,0.8,0.2,99,4999,estimated,240,0.1472,-0.007680830401115001,-0.08891941869734259,False,False
mbe3-pgdl-transfer-confirmation-v2,B3_training_state,interaction_increment,0.8,0.35,0,4999,estimated,240,0.0004,0.016820242036807365,0.2272339696654816,True,True
mbe3-pgdl-transfer-confirmation-v2,B3_training_state,interaction_increment,0.8,0.35,1,4999,estimated,240,0.0002,0.023916995367938912,0.2636292755455052,True,True
mbe3-pgdl-transfer-confirmation-v2,B3_training_state,interaction_increment,0.8,0.35,2,4999,estimated,240,0.0002,0.0189602144001194,0.24297248366314575,True,True
mbe3-pgdl-transfer-confirmation-v2,B3_training_state,interaction_increment,0.8,0.35,3,4999,estimated,240,0.0008,0.018107061266475714,0.2316531422583302,True,True
mbe3-pgdl-transfer-confirmation-v2,B3_training_state,interaction_increment,0.8,0.35,4,4999,estimated,240,0.0002,0.023055347412190667,0.26241151391573897,True,True
mbe3-pgdl-transfer-confirmation-v2,B3_training_state,interaction_increment,0.8,0.35,5,4999,estimated,240,0.0056,0.013254842718366617,0.18273822677874285,False,False
mbe3-pgdl-transfer-confirmation-v2,B3_training_state,interaction_increment,0.8,0.35,6,4999,estimated,240,0.0002,0.01910306206495599,0.26092348114096336,True,True
mbe3-pgdl-transfer-confirmation-v2,B3_training_state,interaction_increment,0.8,0.35,7,4999,estimated,240,0.0002,0.02738535699235786,0.430338616322739,True,True
mbe3-pgdl-transfer-confirmation-v2,B3_training_state,interaction_increment,0.8,0.35,8,4999,estimated,240,0.0002,0.024603334850787948,0.3284739250871377,True,True
mbe3-pgdl-transfer-confirmation-v2,B3_training_state,interaction_increment,0.8,0.35,9,4999,estimated,240,0.0002,0.031734830350553,0.37664904216487377,True,True
mbe3-pgdl-transfer-confirmation-v2,B3_training_state,interaction_increment,0.8,0.35,10,4999,estimated,240,0.0002,0.018882745091761743,0.24533688610389384,True,True
mbe3-pgdl-transfer-confirmation-v2,B3_training_state,interaction_increment,0.8,0.35,11,4999,estimated,240,0.0002,0.023635049584322308,0.34764602821029067,True,True
mbe3-pgdl-transfer-confirmation-v2,B3_training_state,interaction_increment,0.8,0.35,12,4999,estimated,240,0.0002,0.028280360782498633,0.31995682083811194,True,True
mbe3-pgdl-transfer-confirmation-v2,B3_training_state,interaction_increment,0.8,0.35,13,4999,estimated,240,0.0008,0.021389245960265243,0.2127587431783387,True,True
mbe3-pgdl-transfer-confirmation-v2,B3_training_state,interaction_increment,0.8,0.35,14,4999,estimated,240,0.0002,0.02067110085427273,0.2399321354422073,True,True
mbe3-pgdl-transfer-confirmation-v2,B3_training_state,interaction_increment,0.8,0.35,15,4999,estimated,240,0.0002,0.029847923693898652,0.3792269085443098,True,True
mbe3-pgdl-transfer-confirmation-v2,B3_training_state,interaction_increment,0.8,0.35,16,4999,estimated,240,0.0002,0.02714383575299067,0.3545276421030614,True,True
mbe3-pgdl-transfer-confirmation-v2,B3_training_state,interaction_increment,0.8,0.35,17,4999,estimated,240,0.0002,0.02233852618168836,0.2674960066112095,True,True
mbe3-pgdl-transfer-confirmation-v2,B3_training_state,interaction_increment,0.8,0.35,18,4999,estimated,240,0.0024,0.013010464438556116,0.1901794566964972,False,False
mbe3-pgdl-transfer-confirmation-v2,B3_training_state,interaction_increment,0.8,0.35,19,4999,estimated,240,0.0002,0.01801555088576133,0.23135022517949203,True,True
mbe3-pgdl-transfer-confirmation-v2,B3_training_state,interaction_increment,0.8,0.35,20,4999,estimated,240,0.0002,0.018361338842365307,0.23496836874146712,True,True
mbe3-pgdl-transfer-confirmation-v2,B3_training_state,interaction_increment,0.8,0.35,21,4999,estimated,240,0.0002,0.019025156377901285,0.26695735741781085,True,True
mbe3-pgdl-transfer-confirmation-v2,B3_training_state,interaction_increment,0.8,0.35,22,4999,estimated,240,0.0002,0.016822341382968516,0.2501710334136525,True,True
mbe3-pgdl-transfer-confirmation-v2,B3_training_state,interaction_increment,0.8,0.35,23,4999,estimated,240,0.0002,0.01999529870364339,0.2529387543229807,True,True
mbe3-pgdl-transfer-confirmation-v2,B3_training_state,interaction_increment,0.8,0.35,24,4999,estimated,240,0.0002,0.019460953847487188,0.23626209127540604,True,True
mbe3-pgdl-transfer-confirmation-v2,B3_training_state,interaction_increment,0.8,0.35,25,4999,estimated,240,0.0002,0.01997051433797321,0.31435467747629725,True,True
mbe3-pgdl-transfer-confirmation-v2,B3_training_state,interaction_increment,0.8,0.35,26,4999,estimated,240,0.0006,0.020498499332353717,0.2355094104348645,True,True
mbe3-pgdl-transfer-confirmation-v2,B3_training_state,interaction_increment,0.8,0.35,27,4999,estimated,240,0.0002,0.026237477419635225,0.2908893232912679,True,True
mbe3-pgdl-transfer-confirmation-v2,B3_training_state,interaction_increment,0.8,0.35,28,4999,estimated,240,0.0002,0.03278183683473847,0.4576207128481894,True,True
mbe3-pgdl-transfer-confirmation-v2,B3_training_state,interaction_increment,0.8,0.35,29,4999,estimated,240,0.0002,0.024261598542604172,0.334595107334977,True,True
mbe3-pgdl-transfer-confirmation-v2,B3_training_state,interaction_increment,0.8,0.35,30,4999,estimated,240,0.0004,0.02077801848367995,0.2761673521662789,True,True
mbe3-pgdl-transfer-confirmation-v2,B3_training_state,interaction_increment,0.8,0.35,31,4999,estimated,240,0.0008,0.014489174220234333,0.21539380456521567,True,True
mbe3-pgdl-transfer-confirmation-v2,B3_training_state,interaction_increment,0.8,0.35,32,4999,estimated,240,0.0006,0.020195302198503413,0.2536866756154816,True,True
mbe3-pgdl-transfer-confirmation-v2,B3_training_state,interaction_increment,0.8,0.35,33,4999,estimated,240,0.0002,0.024217856981717818,0.31421770903997814,True,True
mbe3-pgdl-transfer-confirmation-v2,B3_training_state,interaction_increment,0.8,0.35,34,4999,estimated,240,0.0032,0.013650211961018115,0.21636671875608557,False,False
mbe3-pgdl-transfer-confirmation-v2,B3_training_state,interaction_increment,0.8,0.35,35,4999,estimated,240,0.0002,0.025502389558809947,0.322713165309997,True,True
mbe3-pgdl-transfer-confirmation-v2,B3_training_state,interaction_increment,0.8,0.35,36,4999,estimated,240,0.0006,0.017113616548668074,0.21581352377946775,True,True
mbe3-pgdl-transfer-confirmation-v2,B3_training_state,interaction_increment,0.8,0.35,37,4999,estimated,240,0.0002,0.022824450751584804,0.3254753357079539,True,True
mbe3-pgdl-transfer-confirmation-v2,B3_training_state,interaction_increment,0.8,0.35,38,4999,estimated,240,0.0004,0.020382123913362946,0.24666050756497743,True,True
mbe3-pgdl-transfer-confirmation-v2,B3_training_state,interaction_increment,0.8,0.35,39,4999,estimated,240,0.4384,0.003593580073297546,0.052442415498648726,False,False
mbe3-pgdl-transfer-confirmation-v2,B3_training_state,interaction_increment,0.8,0.35,40,4999,estimated,240,0.0002,0.02168682844725597,0.31169127062049873,True,True
mbe3-pgdl-transfer-confirmation-v2,B3_training_state,interaction_increment,0.8,0.35,41,4999,estimated,240,0.0002,0.024470681417206548,0.3627291812296855,True,True
mbe3-pgdl-transfer-confirmation-v2,B3_training_state,interaction_increment,0.8,0.35,42,4999,estimated,240,0.0058,0.014000603647285895,0.1657562690350507,False,False
mbe3-pgdl-transfer-confirmation-v2,B3_training_state,interaction_increment,0.8,0.35,43,4999,estimated,240,0.0002,0.03221764348347732,0.3927365357734577,True,True
mbe3-pgdl-transfer-confirmation-v2,B3_training_state,interaction_increment,0.8,0.35,44,4999,estimated,240,0.0002,0.019228234961779837,0.2683322898236335,True,True
mbe3-pgdl-transfer-confirmation-v2,B3_training_state,interaction_increment,0.8,0.35,45,4999,estimated,240,0.0026,0.01422915528113529,0.197171269314689,False,False
mbe3-pgdl-transfer-confirmation-v2,B3_training_state,interaction_increment,0.8,0.35,46,4999,estimated,240,0.0002,0.025044172599248248,0.3189839133412695,True,True
mbe3-pgdl-transfer-confirmation-v2,B3_training_state,interaction_increment,0.8,0.35,47,4999,estimated,240,0.0002,0.019091534399575952,0.24368971836876888,True,True
mbe3-pgdl-transfer-confirmation-v2,B3_training_state,interaction_increment,0.8,0.35,48,4999,estimated,240,0.0002,0.035766974767525765,0.4387482591731525,True,True
mbe3-pgdl-transfer-confirmation-v2,B3_training_state,interaction_increment,0.8,0.35,49,4999,estimated,240,0.0002,0.02759715939045195,0.31755924863187984,True,True
mbe3-pgdl-transfer-confirmation-v2,B3_training_state,interaction_increment,0.8,0.35,50,4999,estimated,240,0.0002,0.020254047943835674,0.25018786733928156,True,True
mbe3-pgdl-transfer-confirmation-v2,B3_training_state,interaction_increment,0.8,0.35,51,4999,estimated,240,0.0006,0.019032040141877385,0.28082157556977305,True,True
mbe3-pgdl-transfer-confirmation-v2,B3_training_state,interaction_increment,0.8,0.35,52,4999,estimated,240,0.0008,0.01664033809836487,0.24919270782225147,True,True
mbe3-pgdl-transfer-confirmation-v2,B3_training_state,interaction_increment,0.8,0.35,53,4999,estimated,240,0.0002,0.021745780067453386,0.28713182266162424,True,True
mbe3-pgdl-transfer-confirmation-v2,B3_training_state,interaction_increment,0.8,0.35,54,4999,estimated,240,0.0002,0.020451079522127137,0.26805452539035,True,True
mbe3-pgdl-transfer-confirmation-v2,B3_training_state,interaction_increment,0.8,0.35,55,4999,estimated,240,0.0002,0.02442668127942053,0.3913306474311411,True,True
mbe3-pgdl-transfer-confirmation-v2,B3_training_state,interaction_increment,0.8,0.35,56,4999,estimated,240,0.0002,0.0262103818667169,0.39071865140418144,True,True
mbe3-pgdl-transfer-confirmation-v2,B3_training_state,interaction_increment,0.8,0.35,57,4999,estimated,240,0.0012,0.015706764051350897,0.23237647845642334,False,False
mbe3-pgdl-transfer-confirmation-v2,B3_training_state,interaction_increment,0.8,0.35,58,4999,estimated,240,0.0002,0.0288491783159724,0.35397669237637625,True,True
mbe3-pgdl-transfer-confirmation-v2,B3_training_state,interaction_increment,0.8,0.35,59,4999,estimated,240,0.001,0.015472490148463799,0.21671097125405445,True,True
mbe3-pgdl-transfer-confirmation-v2,B3_training_state,interaction_increment,0.8,0.35,60,4999,estimated,240,0.0002,0.019463193695863416,0.25181489444281274,True,True
mbe3-pgdl-transfer-confirmation-v2,B3_training_state,interaction_increment,0.8,0.35,61,4999,estimated,240,0.0004,0.01708008307581473,0.21185179067542442,True,True
mbe3-pgdl-transfer-confirmation-v2,B3_training_state,interaction_increment,0.8,0.35,62,4999,estimated,240,0.0006,0.02123117604463037,0.24643799190439836,True,True
mbe3-pgdl-transfer-confirmation-v2,B3_training_state,interaction_increment,0.8,0.35,63,4999,estimated,240,0.0002,0.021160806311542386,0.29097764508650514,True,True
mbe3-pgdl-transfer-confirmation-v2,B3_training_state,interaction_increment,0.8,0.35,64,4999,estimated,240,0.0002,0.020662803825438326,0.2405666001250974,True,True
mbe3-pgdl-transfer-confirmation-v2,B3_training_state,interaction_increment,0.8,0.35,65,4999,estimated,240,0.0002,0.02690350515521512,0.3422161826840658,True,True
mbe3-pgdl-transfer-confirmation-v2,B3_training_state,interaction_increment,0.8,0.35,66,4999,estimated,240,0.0002,0.024161879573352328,0.3451500370338401,True,True
mbe3-pgdl-transfer-confirmation-v2,B3_training_state,interaction_increment,0.8,0.35,67,4999,estimated,240,0.0002,0.024299241283976446,0.3213297689180756,True,True
mbe3-pgdl-transfer-confirmation-v2,B3_training_state,interaction_increment,0.8,0.35,68,4999,estimated,240,0.0002,0.01974137970622131,0.25543796081599907,True,True
mbe3-pgdl-transfer-confirmation-v2,B3_training_state,interaction_increment,0.8,0.35,69,4999,estimated,240,0.0002,0.017491557880346738,0.24889159666286195,True,True
mbe3-pgdl-transfer-confirmation-v2,B3_training_state,interaction_increment,0.8,0.35,70,4999,estimated,240,0.0028,0.016998391219961325,0.20061881503709042,False,False
mbe3-pgdl-transfer-confirmation-v2,B3_training_state,interaction_increment,0.8,0.35,71,4999,estimated,240,0.0002,0.02282871109021667,0.33478065065766865,True,True
mbe3-pgdl-transfer-confirmation-v2,B3_training_state,interaction_increment,0.8,0.35,72,4999,estimated,240,0.0002,0.023233771955637948,0.276428148182787,True,True
mbe3-pgdl-transfer-confirmation-v2,B3_training_state,interaction_increment,0.8,0.35,73,4999,estimated,240,0.0002,0.0169950277148479,0.2589792037776309,True,True
mbe3-pgdl-transfer-confirmation-v2,B3_training_state,interaction_increment,0.8,0.35,74,4999,estimated,240,0.0002,0.018292490107214596,0.25010888453665914,True,True
mbe3-pgdl-transfer-confirmation-v2,B3_training_state,interaction_increment,0.8,0.35,75,4999,estimated,240,0.0018,0.016738971335657552,0.1978646191116384,False,False
mbe3-pgdl-transfer-confirmation-v2,B3_training_state,interaction_increment,0.8,0.35,76,4999,estimated,240,0.0002,0.022322307439610625,0.31211023186266734,True,True
mbe3-pgdl-transfer-confirmation-v2,B3_training_state,interaction_increment,0.8,0.35,77,4999,estimated,240,0.0002,0.01853686901743639,0.2288513551432644,True,True
mbe3-pgdl-transfer-confirmation-v2,B3_training_state,interaction_increment,0.8,0.35,78,4999,estimated,240,0.0002,0.02131292202524262,0.2982755410317123,True,True
mbe3-pgdl-transfer-confirmation-v2,B3_training_state,interaction_increment,0.8,0.35,79,4999,estimated,240,0.0002,0.019476961572599545,0.2432575177238032,True,True
mbe3-pgdl-transfer-confirmation-v2,B3_training_state,interaction_increment,0.8,0.35,80,4999,estimated,240,0.0002,0.021474826285658735,0.2510032928468182,True,True
mbe3-pgdl-transfer-confirmation-v2,B3_training_state,interaction_increment,0.8,0.35,81,4999,estimated,240,0.0002,0.03607296451320994,0.4261460098663214,True,True
mbe3-pgdl-transfer-confirmation-v2,B3_training_state,interaction_increment,0.8,0.35,82,4999,estimated,240,0.0112,0.014098481904491327,0.1820310290821412,False,False
mbe3-pgdl-transfer-confirmation-v2,B3_training_state,interaction_increment,0.8,0.35,83,4999,estimated,240,0.0016,0.016175567280044042,0.2518566842867767,False,False
mbe3-pgdl-transfer-confirmation-v2,B3_training_state,interaction_increment,0.8,0.35,84,4999,estimated,240,0.0002,0.023385728395957293,0.3500160929756784,True,True
mbe3-pgdl-transfer-confirmation-v2,B3_training_state,interaction_increment,0.8,0.35,85,4999,estimated,240,0.0002,0.01870009673977236,0.19531762744043868,True,True
mbe3-pgdl-transfer-confirmation-v2,B3_training_state,interaction_increment,0.8,0.35,86,4999,estimated,240,0.0002,0.02371966223600775,0.3427861520089405,True,True
mbe3-pgdl-transfer-confirmation-v2,B3_training_state,interaction_increment,0.8,0.35,87,4999,estimated,240,0.0002,0.023818659780769306,0.28723285535230325,True,True
mbe3-pgdl-transfer-confirmation-v2,B3_training_state,interaction_increment,0.8,0.35,88,4999,estimated,240,0.0024,0.016527817155158154,0.19236016371812328,False,False
mbe3-pgdl-transfer-confirmation-v2,B3_training_state,interaction_increment,0.8,0.35,89,4999,estimated,240,0.0002,0.025672643066469183,0.36636669497531216,True,True
mbe3-pgdl-transfer-confirmation-v2,B3_training_state,interaction_increment,0.8,0.35,90,4999,estimated,240,0.001,0.017453745028341867,0.23497336347811143,True,True
mbe3-pgdl-transfer-confirmation-v2,B3_training_state,interaction_increment,0.8,0.35,91,4999,estimated,240,0.0002,0.025215065695433136,0.32575367329448857,True,True
mbe3-pgdl-transfer-confirmation-v2,B3_training_state,interaction_increment,0.8,0.35,92,4999,estimated,240,0.0002,0.03412129823771807,0.47714022436535314,True,True
mbe3-pgdl-transfer-confirmation-v2,B3_training_state,interaction_increment,0.8,0.35,93,4999,estimated,240,0.0002,0.02754070791962595,0.32346112518346115,True,True
mbe3-pgdl-transfer-confirmation-v2,B3_training_state,interaction_increment,0.8,0.35,94,4999,estimated,240,0.0008,0.016845838137072088,0.2238058944299456,True,True
mbe3-pgdl-transfer-confirmation-v2,B3_training_state,interaction_increment,0.8,0.35,95,4999,estimated,240,0.0002,0.019367800924993298,0.25523337078160735,True,True
mbe3-pgdl-transfer-confirmation-v2,B3_training_state,interaction_increment,0.8,0.35,96,4999,estimated,240,0.0002,0.023568238554220397,0.30193150254317996,True,True
mbe3-pgdl-transfer-confirmation-v2,B3_training_state,interaction_increment,0.8,0.35,97,4999,estimated,240,0.0002,0.029823696827684668,0.40732928703212673,True,True
mbe3-pgdl-transfer-confirmation-v2,B3_training_state,interaction_increment,0.8,0.35,98,4999,estimated,240,0.0002,0.02027880867899732,0.2738686389878378,True,True
mbe3-pgdl-transfer-confirmation-v2,B3_training_state,interaction_increment,0.8,0.35,99,4999,estimated,240,0.0002,0.02890924500874368,0.4285486944692476,True,True
mbe3-pgdl-transfer-confirmation-v2,B3_training_state,interaction_increment,0.8,0.5,0,4999,estimated,240,0.0002,0.03170249932428935,0.3897090172324913,True,True
mbe3-pgdl-transfer-confirmation-v2,B3_training_state,interaction_increment,0.8,0.5,1,4999,estimated,240,0.0002,0.02724005661975085,0.34982219361008354,True,True
mbe3-pgdl-transfer-confirmation-v2,B3_training_state,interaction_increment,0.8,0.5,2,4999,estimated,240,0.0002,0.032618209716408476,0.4693170608111863,True,True
mbe3-pgdl-transfer-confirmation-v2,B3_training_state,interaction_increment,0.8,0.5,3,4999,estimated,240,0.0002,0.020373802029316424,0.3014109194986583,True,True
mbe3-pgdl-transfer-confirmation-v2,B3_training_state,interaction_increment,0.8,0.5,4,4999,estimated,240,0.0002,0.03209529582438681,0.440512110231976,True,True
mbe3-pgdl-transfer-confirmation-v2,B3_training_state,interaction_increment,0.8,0.5,5,4999,estimated,240,0.0002,0.028528120144933437,0.35069693484286923,True,True
mbe3-pgdl-transfer-confirmation-v2,B3_training_state,interaction_increment,0.8,0.5,6,4999,estimated,240,0.0002,0.03736542518495686,0.4610913144999485,True,True
mbe3-pgdl-transfer-confirmation-v2,B3_training_state,interaction_increment,0.8,0.5,7,4999,estimated,240,0.0002,0.021938569049076304,0.28155923513207337,True,True
mbe3-pgdl-transfer-confirmation-v2,B3_training_state,interaction_increment,0.8,0.5,8,4999,estimated,240,0.0002,0.03562746256778088,0.420978515215698,True,True
mbe3-pgdl-transfer-confirmation-v2,B3_training_state,interaction_increment,0.8,0.5,9,4999,estimated,240,0.0002,0.031320109761287136,0.32828160480266294,True,True
mbe3-pgdl-transfer-confirmation-v2,B3_training_state,interaction_increment,0.8,0.5,10,4999,estimated,240,0.0002,0.018982890466341825,0.26066043372379005,True,True
mbe3-pgdl-transfer-confirmation-v2,B3_training_state,interaction_increment,0.8,0.5,11,4999,estimated,240,0.0002,0.026700073734315193,0.3354272449030716,True,True
mbe3-pgdl-transfer-confirmation-v2,B3_training_state,interaction_increment,0.8,0.5,12,4999,estimated,240,0.0002,0.03334911739150986,0.41424154058962626,True,True
mbe3-pgdl-transfer-confirmation-v2,B3_training_state,interaction_increment,0.8,0.5,13,4999,estimated,240,0.0002,0.022973463050774846,0.3144604578862463,True,True
mbe3-pgdl-transfer-confirmation-v2,B3_training_state,interaction_increment,0.8,0.5,14,4999,estimated,240,0.0002,0.0339092517282736,0.4907416169218852,True,True
mbe3-pgdl-transfer-confirmation-v2,B3_training_state,interaction_increment,0.8,0.5,15,4999,estimated,240,0.0002,0.030597461378768103,0.4274672483935341,True,True
mbe3-pgdl-transfer-confirmation-v2,B3_training_state,interaction_increment,0.8,0.5,16,4999,estimated,240,0.0002,0.030277125251225813,0.4531059213895706,True,True
mbe3-pgdl-transfer-confirmation-v2,B3_training_state,interaction_increment,0.8,0.5,17,4999,estimated,240,0.0002,0.04216055314922981,0.5005373290374119,True,True
mbe3-pgdl-transfer-confirmation-v2,B3_training_state,interaction_increment,0.8,0.5,18,4999,estimated,240,0.0002,0.02175839528985981,0.32194810785578715,True,True
mbe3-pgdl-transfer-confirmation-v2,B3_training_state,interaction_increment,0.8,0.5,19,4999,estimated,240,0.0002,0.03926512248228421,0.4609849694282928,True,True
mbe3-pgdl-transfer-confirmation-v2,B3_training_state,interaction_increment,0.8,0.5,20,4999,estimated,240,0.0002,0.030747666612806708,0.3342335614675904,True,True
mbe3-pgdl-transfer-confirmation-v2,B3_training_state,interaction_increment,0.8,0.5,21,4999,estimated,240,0.0002,0.03783582870483179,0.456661797464313,True,True
mbe3-pgdl-transfer-confirmation-v2,B3_training_state,interaction_increment,0.8,0.5,22,4999,estimated,240,0.0002,0.032523308067179714,0.3966430583883073,True,True
mbe3-pgdl-transfer-confirmation-v2,B3_training_state,interaction_increment,0.8,0.5,23,4999,estimated,240,0.0012,0.019147624529030665,0.24246304457598328,False,False
mbe3-pgdl-transfer-confirmation-v2,B3_training_state,interaction_increment,0.8,0.5,24,4999,estimated,240,0.0002,0.027004677595703405,0.3694452555312708,True,True
mbe3-pgdl-transfer-confirmation-v2,B3_training_state,interaction_increment,0.8,0.5,25,4999,estimated,240,0.0002,0.026060974601754137,0.30163945189645675,True,True
mbe3-pgdl-transfer-confirmation-v2,B3_training_state,interaction_increment,0.8,0.5,26,4999,estimated,240,0.0002,0.03184169623333291,0.39008242275133287,True,True
mbe3-pgdl-transfer-confirmation-v2,B3_training_state,interaction_increment,0.8,0.5,27,4999,estimated,240,0.0002,0.02502073176673007,0.394746452784897,True,True
mbe3-pgdl-transfer-confirmation-v2,B3_training_state,interaction_increment,0.8,0.5,28,4999,estimated,240,0.0034,0.014633643857229418,0.19706327401752052,False,False
mbe3-pgdl-transfer-confirmation-v2,B3_training_state,interaction_increment,0.8,0.5,29,4999,estimated,240,0.0002,0.030969140403856905,0.42582736655409087,True,True
mbe3-pgdl-transfer-confirmation-v2,B3_training_state,interaction_increment,0.8,0.5,30,4999,estimated,240,0.0002,0.02237133373141981,0.2723443927297386,True,True
mbe3-pgdl-transfer-confirmation-v2,B3_training_state,interaction_increment,0.8,0.5,31,4999,estimated,240,0.0002,0.030015135388647137,0.33588616592976933,True,True
mbe3-pgdl-transfer-confirmation-v2,B3_training_state,interaction_increment,0.8,0.5,32,4999,estimated,240,0.0004,0.023283690300885684,0.29734973626265515,True,True
mbe3-pgdl-transfer-confirmation-v2,B3_training_state,interaction_increment,0.8,0.5,33,4999,estimated,240,0.0004,0.020774489425575325,0.2989707422497067,True,True
mbe3-pgdl-transfer-confirmation-v2,B3_training_state,interaction_increment,0.8,0.5,34,4999,estimated,240,0.0002,0.031911646412539615,0.42829561713285375,True,True
mbe3-pgdl-transfer-confirmation-v2,B3_training_state,interaction_increment,0.8,0.5,35,4999,estimated,240,0.0002,0.039039114415144856,0.4327089167280378,True,True
mbe3-pgdl-transfer-confirmation-v2,B3_training_state,interaction_increment,0.8,0.5,36,4999,estimated,240,0.0002,0.029900482267702175,0.4828881287837679,True,True
mbe3-pgdl-transfer-confirmation-v2,B3_training_state,interaction_increment,0.8,0.5,37,4999,estimated,240,0.0002,0.03206918987282251,0.4404516683544181,True,True
mbe3-pgdl-transfer-confirmation-v2,B3_training_state,interaction_increment,0.8,0.5,38,4999,estimated,240,0.0002,0.020266992305412172,0.24691353250785134,True,True
mbe3-pgdl-transfer-confirmation-v2,B3_training_state,interaction_increment,0.8,0.5,39,4999,estimated,240,0.0002,0.031144997810564602,0.4054223203811238,True,True
mbe3-pgdl-transfer-confirmation-v2,B3_training_state,interaction_increment,0.8,0.5,40,4999,estimated,240,0.0002,0.04301179140000653,0.5137773938249971,True,True
mbe3-pgdl-transfer-confirmation-v2,B3_training_state,interaction_increment,0.8,0.5,41,4999,estimated,240,0.0002,0.03279763286634167,0.41379174900466326,True,True
mbe3-pgdl-transfer-confirmation-v2,B3_training_state,interaction_increment,0.8,0.5,42,4999,estimated,240,0.0002,0.028938281189637573,0.39752995682324244,True,True
mbe3-pgdl-transfer-confirmation-v2,B3_training_state,interaction_increment,0.8,0.5,43,4999,estimated,240,0.0002,0.03506546725648943,0.4641148261578484,True,True
mbe3-pgdl-transfer-confirmation-v2,B3_training_state,interaction_increment,0.8,0.5,44,4999,estimated,240,0.0002,0.025431055027738347,0.3521264927304978,True,True
mbe3-pgdl-transfer-confirmation-v2,B3_training_state,interaction_increment,0.8,0.5,45,4999,estimated,240,0.0002,0.02607102219092195,0.3092240199232593,True,True
mbe3-pgdl-transfer-confirmation-v2,B3_training_state,interaction_increment,0.8,0.5,46,4999,estimated,240,0.0002,0.028821344632427033,0.41749384187958744,True,True
mbe3-pgdl-transfer-confirmation-v2,B3_training_state,interaction_increment,0.8,0.5,47,4999,estimated,240,0.0002,0.03367734711833939,0.4769331171693317,True,True
mbe3-pgdl-transfer-confirmation-v2,B3_training_state,interaction_increment,0.8,0.5,48,4999,estimated,240,0.0002,0.02413007916421002,0.324481155785747,True,True
mbe3-pgdl-transfer-confirmation-v2,B3_training_state,interaction_increment,0.8,0.5,49,4999,estimated,240,0.0002,0.030924758862321357,0.4284143867519407,True,True
mbe3-pgdl-transfer-confirmation-v2,B3_training_state,interaction_increment,0.8,0.5,50,4999,estimated,240,0.0002,0.02222556538250545,0.3165187203734338,True,True
mbe3-pgdl-transfer-confirmation-v2,B3_training_state,interaction_increment,0.8,0.5,51,4999,estimated,240,0.0002,0.018548997384857314,0.2503850618407785,True,True
mbe3-pgdl-transfer-confirmation-v2,B3_training_state,interaction_increment,0.8,0.5,52,4999,estimated,240,0.0002,0.029577468615966652,0.3402620510927703,True,True
mbe3-pgdl-transfer-confirmation-v2,B3_training_state,interaction_increment,0.8,0.5,53,4999,estimated,240,0.0002,0.028209152047820145,0.3535907769400023,True,True
mbe3-pgdl-transfer-confirmation-v2,B3_training_state,interaction_increment,0.8,0.5,54,4999,estimated,240,0.0002,0.024966054271051148,0.33715657539282884,True,True
mbe3-pgdl-transfer-confirmation-v2,B3_training_state,interaction_increment,0.8,0.5,55,4999,estimated,240,0.0002,0.024108941347455077,0.32283132531073216,True,True
mbe3-pgdl-transfer-confirmation-v2,B3_training_state,interaction_increment,0.8,0.5,56,4999,estimated,240,0.0002,0.0339356562863216,0.43182188851006853,True,True
mbe3-pgdl-transfer-confirmation-v2,B3_training_state,interaction_increment,0.8,0.5,57,4999,estimated,240,0.0002,0.02133087353071395,0.3144555963438227,True,True
mbe3-pgdl-transfer-confirmation-v2,B3_training_state,interaction_increment,0.8,0.5,58,4999,estimated,240,0.0008,0.0200859044954778,0.2540326162096337,True,True
mbe3-pgdl-transfer-confirmation-v2,B3_training_state,interaction_increment,0.8,0.5,59,4999,estimated,240,0.0002,0.03374036742422381,0.3951389238506852,True,True
mbe3-pgdl-transfer-confirmation-v2,B3_training_state,interaction_increment,0.8,0.5,60,4999,estimated,240,0.0002,0.02388419511606363,0.3151816279351136,True,True
mbe3-pgdl-transfer-confirmation-v2,B3_training_state,interaction_increment,0.8,0.5,61,4999,estimated,240,0.0002,0.03182504326988081,0.41413991628587676,True,True
mbe3-pgdl-transfer-confirmation-v2,B3_training_state,interaction_increment,0.8,0.5,62,4999,estimated,240,0.0002,0.028386315620104245,0.3755923204418623,True,True
mbe3-pgdl-transfer-confirmation-v2,B3_training_state,interaction_increment,0.8,0.5,63,4999,estimated,240,0.0002,0.025775896652268693,0.37194331330464575,True,True
mbe3-pgdl-transfer-confirmation-v2,B3_training_state,interaction_increment,0.8,0.5,64,4999,estimated,240,0.0002,0.029706104547461233,0.4109945834579885,True,True
mbe3-pgdl-transfer-confirmation-v2,B3_training_state,interaction_increment,0.8,0.5,65,4999,estimated,240,0.0004,0.02558455034701581,0.35325610092993753,True,True
mbe3-pgdl-transfer-confirmation-v2,B3_training_state,interaction_increment,0.8,0.5,66,4999,estimated,240,0.0002,0.030301531406815397,0.41100658589486216,True,True
mbe3-pgdl-transfer-confirmation-v2,B3_training_state,interaction_increment,0.8,0.5,67,4999,estimated,240,0.0002,0.03612360451413879,0.5170746597852519,True,True
mbe3-pgdl-transfer-confirmation-v2,B3_training_state,interaction_increment,0.8,0.5,68,4999,estimated,240,0.0002,0.03639348124418191,0.39896364574038407,True,True
mbe3-pgdl-transfer-confirmation-v2,B3_training_state,interaction_increment,0.8,0.5,69,4999,estimated,240,0.0002,0.021201998563856177,0.31454875865966575,True,True
mbe3-pgdl-transfer-confirmation-v2,B3_training_state,interaction_increment,0.8,0.5,70,4999,estimated,240,0.0002,0.03182637703632031,0.3686502421404499,True,True
mbe3-pgdl-transfer-confirmation-v2,B3_training_state,interaction_increment,0.8,0.5,71,4999,estimated,240,0.0002,0.023557560490290088,0.26130247492157765,True,True
mbe3-pgdl-transfer-confirmation-v2,B3_training_state,interaction_increment,0.8,0.5,72,4999,estimated,240,0.0002,0.025024056205573693,0.38233330962835055,True,True
mbe3-pgdl-transfer-confirmation-v2,B3_training_state,interaction_increment,0.8,0.5,73,4999,estimated,240,0.0002,0.03782221674046052,0.43362422900302044,True,True
mbe3-pgdl-transfer-confirmation-v2,B3_training_state,interaction_increment,0.8,0.5,74,4999,estimated,240,0.0002,0.02789367360818653,0.384024975483662,True,True
mbe3-pgdl-transfer-confirmation-v2,B3_training_state,interaction_increment,0.8,0.5,75,4999,estimated,240,0.0002,0.03379833141718388,0.47392544071374815,True,True
mbe3-pgdl-transfer-confirmation-v2,B3_training_state,interaction_increment,0.8,0.5,76,4999,estimated,240,0.0002,0.0403456076063208,0.448289412613283,True,True
mbe3-pgdl-transfer-confirmation-v2,B3_training_state,interaction_increment,0.8,0.5,77,4999,estimated,240,0.0002,0.029648866095366145,0.3645725979464418,True,True
mbe3-pgdl-transfer-confirmation-v2,B3_training_state,interaction_increment,0.8,0.5,78,4999,estimated,240,0.0002,0.022279334253847115,0.30206852958363745,True,True
mbe3-pgdl-transfer-confirmation-v2,B3_training_state,interaction_increment,0.8,0.5,79,4999,estimated,240,0.0002,0.01974366238147824,0.3156460859813897,True,True
mbe3-pgdl-transfer-confirmation-v2,B3_training_state,interaction_increment,0.8,0.5,80,4999,estimated,240,0.0002,0.025561483152594943,0.3210405829855988,True,True
mbe3-pgdl-transfer-confirmation-v2,B3_training_state,interaction_increment,0.8,0.5,81,4999,estimated,240,0.0002,0.026297387233158664,0.3169997003793947,True,True
mbe3-pgdl-transfer-confirmation-v2,B3_training_state,interaction_increment,0.8,0.5,82,4999,estimated,240,0.0002,0.027137986561128223,0.352200735812934,True,True
mbe3-pgdl-transfer-confirmation-v2,B3_training_state,interaction_increment,0.8,0.5,83,4999,estimated,240,0.0002,0.03183283419079124,0.46688685526948687,True,True
mbe3-pgdl-transfer-confirmation-v2,B3_training_state,interaction_increment,0.8,0.5,84,4999,estimated,240,0.0002,0.032277597716166645,0.45051531946153467,True,True
mbe3-pgdl-transfer-confirmation-v2,B3_training_state,interaction_increment,0.8,0.5,85,4999,estimated,240,0.0002,0.030523011135145474,0.4757292945495151,True,True
mbe3-pgdl-transfer-confirmation-v2,B3_training_state,interaction_increment,0.8,0.5,86,4999,estimated,240,0.0002,0.021063348183030326,0.31334649362745876,True,True
mbe3-pgdl-transfer-confirmation-v2,B3_training_state,interaction_increment,0.8,0.5,87,4999,estimated,240,0.0002,0.033165999355884455,0.424826469603017,True,True
mbe3-pgdl-transfer-confirmation-v2,B3_training_state,interaction_increment,0.8,0.5,88,4999,estimated,240,0.0002,0.02304717309170272,0.2968181105253821,True,True
mbe3-pgdl-transfer-confirmation-v2,B3_training_state,interaction_increment,0.8,0.5,89,4999,estimated,240,0.0002,0.022777283088451075,0.331463512393282,True,True
mbe3-pgdl-transfer-confirmation-v2,B3_training_state,interaction_increment,0.8,0.5,90,4999,estimated,240,0.0012,0.0162417970027304,0.20904953395521703,False,False
mbe3-pgdl-transfer-confirmation-v2,B3_training_state,interaction_increment,0.8,0.5,91,4999,estimated,240,0.0002,0.02991559168160002,0.40961171715081823,True,True
mbe3-pgdl-transfer-confirmation-v2,B3_training_state,interaction_increment,0.8,0.5,92,4999,estimated,240,0.0002,0.031975825925699905,0.39809845438551494,True,True
mbe3-pgdl-transfer-confirmation-v2,B3_training_state,interaction_increment,0.8,0.5,93,4999,estimated,240,0.0002,0.031090961314694764,0.41762989686185803,True,True
mbe3-pgdl-transfer-confirmation-v2,B3_training_state,interaction_increment,0.8,0.5,94,4999,estimated,240,0.0002,0.02199023238973343,0.29474838548342236,True,True
mbe3-pgdl-transfer-confirmation-v2,B3_training_state,interaction_increment,0.8,0.5,95,4999,estimated,240,0.0002,0.022968623556220365,0.377484333577826,True,True
mbe3-pgdl-transfer-confirmation-v2,B3_training_state,interaction_increment,0.8,0.5,96,4999,estimated,240,0.0002,0.021696293094025106,0.3507213493698179,True,True
mbe3-pgdl-transfer-confirmation-v2,B3_training_state,interaction_increment,0.8,0.5,97,4999,estimated,240,0.0002,0.022509214815269393,0.2935715428458719,True,True
mbe3-pgdl-transfer-confirmation-v2,B3_training_state,interaction_increment,0.8,0.5,98,4999,estimated,240,0.0012,0.014357163271067055,0.21350107749667,False,False
mbe3-pgdl-transfer-confirmation-v2,B3_training_state,interaction_increment,0.8,0.5,99,4999,estimated,240,0.0002,0.03524584020844916,0.39598486471919386,True,True
mbe3-pgdl-transfer-confirmation-v2,B3_training_state,interaction_proxy_null,0.3,0.0,0,4999,estimated,240,0.0176,0.01232880421396922,0.15347194291022453,False,False
mbe3-pgdl-transfer-confirmation-v2,B3_training_state,interaction_proxy_null,0.3,0.0,1,4999,estimated,240,0.5062,0.003134600681199466,0.038668350273453236,False,False
mbe3-pgdl-transfer-confirmation-v2,B3_training_state,interaction_proxy_null,0.3,0.0,2,4999,estimated,240,0.4026,-0.004066914129582116,-0.050528437961908736,False,False
mbe3-pgdl-transfer-confirmation-v2,B3_training_state,interaction_proxy_null,0.3,0.0,3,4999,estimated,240,0.5252,0.0032013468801020224,0.041936675476684074,False,False
mbe3-pgdl-transfer-confirmation-v2,B3_training_state,interaction_proxy_null,0.3,0.0,4,4999,estimated,240,0.8648,-0.0009244955682430926,-0.011482928503602274,False,False
mbe3-pgdl-transfer-confirmation-v2,B3_training_state,interaction_proxy_null,0.3,0.0,5,4999,estimated,240,0.684,0.0019273925463471084,0.027252773473008522,False,False
mbe3-pgdl-transfer-confirmation-v2,B3_training_state,interaction_proxy_null,0.3,0.0,6,4999,estimated,240,0.9692,-0.00017343865877240012,-0.0021471036813431334,False,False
mbe3-pgdl-transfer-confirmation-v2,B3_training_state,interaction_proxy_null,0.3,0.0,7,4999,estimated,240,0.0006,0.018413339795830094,0.23492583360706235,True,True
mbe3-pgdl-transfer-confirmation-v2,B3_training_state,interaction_proxy_null,0.3,0.0,8,4999,estimated,240,0.984,-9.671717338818863e-05,-0.0013238555965608585,False,False
mbe3-pgdl-transfer-confirmation-v2,B3_training_state,interaction_proxy_null,0.3,0.0,9,4999,estimated,240,0.5984,0.0024852589777424766,0.03148008833577749,False,False
mbe3-pgdl-transfer-confirmation-v2,B3_training_state,interaction_proxy_null,0.3,0.0,10,4999,estimated,240,0.4126,0.00353346982334241,0.043518212233651266,False,False
mbe3-pgdl-transfer-confirmation-v2,B3_training_state,interaction_proxy_null,0.3,0.0,11,4999,estimated,240,0.529,0.003007746868310052,0.03817378717846272,False,False
mbe3-pgdl-transfer-confirmation-v2,B3_training_state,interaction_proxy_null,0.3,0.0,12,4999,estimated,240,0.097,0.01052533931515368,0.10945847333032997,False,False
mbe3-pgdl-transfer-confirmation-v2,B3_training_state,interaction_proxy_null,0.3,0.0,13,4999,estimated,240,0.7394,0.0014365967400654202,0.01920608838959043,False,False
mbe3-pgdl-transfer-confirmation-v2,B3_training_state,interaction_proxy_null,0.3,0.0,14,4999,estimated,240,0.0256,0.010336229301098758,0.1478286343131195,False,False
mbe3-pgdl-transfer-confirmation-v2,B3_training_state,interaction_proxy_null,0.3,0.0,15,4999,estimated,240,0.3542,-0.004516731728911375,-0.05076102906907462,False,False
mbe3-pgdl-transfer-confirmation-v2,B3_training_state,interaction_proxy_null,0.3,0.0,16,4999,estimated,240,0.5038,0.0029161508815213687,0.04358078574996612,False,False
mbe3-pgdl-transfer-confirmation-v2,B3_training_state,interaction_proxy_null,0.3,0.0,17,4999,estimated,240,0.3818,0.004191142872480321,0.06346073567124064,False,False
mbe3-pgdl-transfer-confirmation-v2,B3_training_state,interaction_proxy_null,0.3,0.0,18,4999,estimated,240,0.0544,0.008197814468372781,0.10752481545162496,False,False
mbe3-pgdl-transfer-confirmation-v2,B3_training_state,interaction_proxy_null,0.3,0.0,19,4999,estimated,240,0.4854,0.0030583219450618444,0.04853499663407389,False,False
mbe3-pgdl-transfer-confirmation-v2,B3_training_state,interaction_proxy_null,0.3,0.0,20,4999,estimated,240,0.8514,-0.0009008136076645634,-0.011384046838798487,False,False
mbe3-pgdl-transfer-confirmation-v2,B3_training_state,interaction_proxy_null,0.3,0.0,21,4999,estimated,240,0.0376,0.009036494031530633,0.14253032884533703,False,False
mbe3-pgdl-transfer-confirmation-v2,B3_training_state,interaction_proxy_null,0.3,0.0,22,4999,estimated,240,0.4916,0.0037679015486849804,0.045665288464860176,False,False
mbe3-pgdl-transfer-confirmation-v2,B3_training_state,interaction_proxy_null,0.3,0.0,23,4999,estimated,240,0.5392,-0.0030795631195866388,-0.042843146649387834,False,False
mbe3-pgdl-transfer-confirmation-v2,B3_training_state,interaction_proxy_null,0.3,0.0,24,4999,estimated,240,0.2528,-0.0063316469196175095,-0.06859456296568107,False,False
mbe3-pgdl-transfer-confirmation-v2,B3_training_state,interaction_proxy_null,0.3,0.0,25,4999,estimated,240,0.042,0.009301593112119666,0.11777997458821571,False,False
mbe3-pgdl-transfer-confirmation-v2,B3_training_state,interaction_proxy_null,0.3,0.0,26,4999,estimated,240,0.769,0.0014546149563235836,0.01717180172599401,False,False
mbe3-pgdl-transfer-confirmation-v2,B3_training_state,interaction_proxy_null,0.3,0.0,27,4999,estimated,240,0.8794,-0.0007937059368723231,-0.009004744363124881,False,False
mbe3-pgdl-transfer-confirmation-v2,B3_training_state,interaction_proxy_null,0.3,0.0,28,4999,estimated,240,0.8714,0.0007688332123994598,0.008986308494116028,False,False
mbe3-pgdl-transfer-confirmation-v2,B3_training_state,interaction_proxy_null,0.3,0.0,29,4999,estimated,240,0.8032,-0.0013012430363374024,-0.013297215585132754,False,False
mbe3-pgdl-transfer-confirmation-v2,B3_training_state,interaction_proxy_null,0.3,0.0,30,4999,estimated,240,0.6218,-0.002558751090381439,-0.031309614216425245,False,False
mbe3-pgdl-transfer-confirmation-v2,B3_training_state,interaction_proxy_null,0.3,0.0,31,4999,estimated,240,0.0314,-0.010458308713279336,-0.14369009241868985,False,False
mbe3-pgdl-transfer-confirmation-v2,B3_training_state,interaction_proxy_null,0.3,0.0,32,4999,estimated,240,0.7132,0.001748126468842949,0.023232664316485758,False,False
mbe3-pgdl-transfer-confirmation-v2,B3_training_state,interaction_proxy_null,0.3,0.0,33,4999,estimated,240,0.3364,0.004249566195157516,0.06017259539950408,False,False
mbe3-pgdl-transfer-confirmation-v2,B3_training_state,interaction_proxy_null,0.3,0.0,34,4999,estimated,240,0.0234,-0.01141916348548677,-0.14394068649361225,False,False
mbe3-pgdl-transfer-confirmation-v2,B3_training_state,interaction_proxy_null,0.3,0.0,35,4999,estimated,240,0.5458,-0.002702386667628237,-0.03481612955660055,False,False
mbe3-pgdl-transfer-confirmation-v2,B3_training_state,interaction_proxy_null,0.3,0.0,36,4999,estimated,240,0.9948,-3.023485149987182e-05,-0.0003868094719750766,False,False
mbe3-pgdl-transfer-confirmation-v2,B3_training_state,interaction_proxy_null,0.3,0.0,37,4999,estimated,240,0.6718,-0.0021514563129604535,-0.024613350039803458,False,False
mbe3-pgdl-transfer-confirmation-v2,B3_training_state,interaction_proxy_null,0.3,0.0,38,4999,estimated,240,0.9768,-0.0001226456914116612,-0.0014549780768492138,False,False
mbe3-pgdl-transfer-confirmation-v2,B3_training_state,interaction_proxy_null,0.3,0.0,39,4999,estimated,240,0.8778,0.0006997870125734783,0.009630961230248845,False,False
mbe3-pgdl-transfer-confirmation-v2,B3_training_state,interaction_proxy_null,0.3,0.0,40,4999,estimated,240,0.1432,0.006283143500223643,0.07244191375343875,False,False
mbe3-pgdl-transfer-confirmation-v2,B3_training_state,interaction_proxy_null,0.3,0.0,41,4999,estimated,240,0.3206,0.00482801771962962,0.0648026643527469,False,False
mbe3-pgdl-transfer-confirmation-v2,B3_training_state,interaction_proxy_null,0.3,0.0,42,4999,estimated,240,0.724,0.0019317245865883602,0.026415223098296147,False,False
mbe3-pgdl-transfer-confirmation-v2,B3_training_state,interaction_proxy_null,0.3,0.0,43,4999,estimated,240,0.307,-0.004195416282237071,-0.05326510939142111,False,False
mbe3-pgdl-transfer-confirmation-v2,B3_training_state,interaction_proxy_null,0.3,0.0,44,4999,estimated,240,0.365,0.004918214998323198,0.05489423534978736,False,False
mbe3-pgdl-transfer-confirmation-v2,B3_training_state,interaction_proxy_null,0.3,0.0,45,4999,estimated,240,0.2954,-0.005397884796436497,-0.0586549804609302,False,False
mbe3-pgdl-transfer-confirmation-v2,B3_training_state,interaction_proxy_null,0.3,0.0,46,4999,estimated,240,0.489,-0.0033558462449773774,-0.03968771115296626,False,False
mbe3-pgdl-transfer-confirmation-v2,B3_training_state,interaction_proxy_null,0.3,0.0,47,4999,estimated,240,0.325,-0.0036904934807863066,-0.05322536181821763,False,False
mbe3-pgdl-transfer-confirmation-v2,B3_training_state,interaction_proxy_null,0.3,0.0,48,4999,estimated,240,0.3808,-0.003499925111284805,-0.0476158941242988,False,False
mbe3-pgdl-transfer-confirmation-v2,B3_training_state,interaction_proxy_null,0.3,0.0,49,4999,estimated,240,0.37,0.00406188572126374,0.05900449364377955,False,False
mbe3-pgdl-transfer-confirmation-v2,B3_training_state,interaction_proxy_null,0.3,0.0,50,4999,estimated,240,0.8492,-0.0008700238235928879,-0.010463239265394716,False,False
mbe3-pgdl-transfer-confirmation-v2,B3_training_state,interaction_proxy_null,0.3,0.0,51,4999,estimated,240,0.0772,-0.008148171484317422,-0.10943801679922047,False,False
mbe3-pgdl-transfer-confirmation-v2,B3_training_state,interaction_proxy_null,0.3,0.0,52,4999,estimated,240,0.2976,-0.0053745615837954945,-0.06786197938572242,False,False
mbe3-pgdl-transfer-confirmation-v2,B3_training_state,interaction_proxy_null,0.3,0.0,53,4999,estimated,240,0.8284,-0.001138876890740942,-0.014490837377526775,False,False
mbe3-pgdl-transfer-confirmation-v2,B3_training_state,interaction_proxy_null,0.3,0.0,54,4999,estimated,240,0.0404,-0.010915882791148423,-0.12826136402661237,False,False
mbe3-pgdl-transfer-confirmation-v2,B3_training_state,interaction_proxy_null,0.3,0.0,55,4999,estimated,240,0.1024,0.007985495938920366,0.0954720520164121,False,False
mbe3-pgdl-transfer-confirmation-v2,B3_training_state,interaction_proxy_null,0.3,0.0,56,4999,estimated,240,0.6862,0.002025131482891494,0.02318434870568293,False,False
mbe3-pgdl-transfer-confirmation-v2,B3_training_state,interaction_proxy_null,0.3,0.0,57,4999,estimated,240,0.9576,-0.0002493164184576626,-0.0033229122080698555,False,False
mbe3-pgdl-transfer-confirmation-v2,B3_training_state,interaction_proxy_null,0.3,0.0,58,4999,estimated,240,0.912,0.0005682831539256615,0.007244979429958721,False,False
mbe3-pgdl-transfer-confirmation-v2,B3_training_state,interaction_proxy_null,0.3,0.0,59,4999,estimated,240,0.2996,-0.005128338360908463,-0.06171698876543977,False,False
mbe3-pgdl-transfer-confirmation-v2,B3_training_state,interaction_proxy_null,0.3,0.0,60,4999,estimated,240,0.1068,-0.008666506877815517,-0.10485864935354856,False,False
mbe3-pgdl-transfer-confirmation-v2,B3_training_state,interaction_proxy_null,0.3,0.0,61,4999,estimated,240,0.983,0.00011431919775379458,0.0015558656388388382,False,False
mbe3-pgdl-transfer-confirmation-v2,B3_training_state,interaction_proxy_null,0.3,0.0,62,4999,estimated,240,0.3742,0.004255113518390121,0.054779569089265706,False,False
mbe3-pgdl-transfer-confirmation-v2,B3_training_state,interaction_proxy_null,0.3,0.0,63,4999,estimated,240,0.5972,0.002341835472150112,0.03136602229376276,False,False
mbe3-pgdl-transfer-confirmation-v2,B3_training_state,interaction_proxy_null,0.3,0.0,64,4999,estimated,240,0.4618,0.00361452766811615,0.047407129934285606,False,False
mbe3-pgdl-transfer-confirmation-v2,B3_training_state,interaction_proxy_null,0.3,0.0,65,4999,estimated,240,0.8782,0.0006573580591303616,0.007875205343467178,False,False
mbe3-pgdl-transfer-confirmation-v2,B3_training_state,interaction_proxy_null,0.3,0.0,66,4999,estimated,240,0.6832,-0.0017305631318565704,-0.025488901001682288,False,False
mbe3-pgdl-transfer-confirmation-v2,B3_training_state,interaction_proxy_null,0.3,0.0,67,4999,estimated,240,0.4354,-0.0036328814801268356,-0.05066949746250245,False,False
mbe3-pgdl-transfer-confirmation-v2,B3_training_state,interaction_proxy_null,0.3,0.0,68,4999,estimated,240,0.7932,-0.0011969048368256237,-0.0137546381385966,False,False
mbe3-pgdl-transfer-confirmation-v2,B3_training_state,interaction_proxy_null,0.3,0.0,69,4999,estimated,240,0.0366,0.010174825287305067,0.1338118163562423,False,False
mbe3-pgdl-transfer-confirmation-v2,B3_training_state,interaction_proxy_null,0.3,0.0,70,4999,estimated,240,0.2702,0.0052761981395078855,0.06684308822937791,False,False
mbe3-pgdl-transfer-confirmation-v2,B3_training_state,interaction_proxy_null,0.3,0.0,71,4999,estimated,240,0.5268,0.0026464885240875583,0.03309160113275587,False,False
mbe3-pgdl-transfer-confirmation-v2,B3_training_state,interaction_proxy_null,0.3,0.0,72,4999,estimated,240,0.8418,0.0009905714727583754,0.012432095838269045,False,False
mbe3-pgdl-transfer-confirmation-v2,B3_training_state,interaction_proxy_null,0.3,0.0,73,4999,estimated,240,0.364,0.004595626054425429,0.04848767373167744,False,False
mbe3-pgdl-transfer-confirmation-v2,B3_training_state,interaction_proxy_null,0.3,0.0,74,4999,estimated,240,0.0764,0.007066705150106692,0.0912137336830746,False,False
mbe3-pgdl-transfer-confirmation-v2,B3_training_state,interaction_proxy_null,0.3,0.0,75,4999,estimated,240,0.0224,-0.011803181527089984,-0.13907271415304479,False,False
mbe3-pgdl-transfer-confirmation-v2,B3_training_state,interaction_proxy_null,0.3,0.0,76,4999,estimated,240,0.999,1.460311093417118e-06,1.76530365438623e-05,False,False
mbe3-pgdl-transfer-confirmation-v2,B3_training_state,interaction_proxy_null,0.3,0.0,77,4999,estimated,240,0.6728,-0.002094290267812374,-0.02655067107127725,False,False
mbe3-pgdl-transfer-confirmation-v2,B3_training_state,interaction_proxy_null,0.3,0.0,78,4999,estimated,240,0.9054,0.0005077961918798673,0.007467524773131486,False,False
mbe3-pgdl-transfer-confirmation-v2,B3_training_state,interaction_proxy_null,0.3,0.0,79,4999,estimated,240,0.4984,-0.002718519290278593,-0.03966007687098467,False,False
mbe3-pgdl-transfer-confirmation-v2,B3_training_state,interaction_proxy_null,0.3,0.0,80,4999,estimated,240,0.0184,0.012757370740153099,0.15026794524980813,False,False
mbe3-pgdl-transfer-confirmation-v2,B3_training_state,interaction_proxy_null,0.3,0.0,81,4999,estimated,240,0.689,-0.0019902162915134683,-0.026092303905288883,False,False
mbe3-pgdl-transfer-confirmation-v2,B3_training_state,interaction_proxy_null,0.3,0.0,82,4999,estimated,240,0.4744,0.0034801465979919233,0.0402942144233692,False,False
mbe3-pgdl-transfer-confirmation-v2,B3_training_state,interaction_proxy_null,0.3,0.0,83,4999,estimated,240,0.562,-0.0026421471035425375,-0.039389339326298164,False,False
mbe3-pgdl-transfer-confirmation-v2,B3_training_state,interaction_proxy_null,0.3,0.0,84,4999,estimated,240,0.1632,0.006780650774223681,0.08165000695968959,False,False
mbe3-pgdl-transfer-confirmation-v2,B3_training_state,interaction_proxy_null,0.3,0.0,85,4999,estimated,240,0.523,-0.0032001066452524477,-0.04083824379018863,False,False
mbe3-pgdl-transfer-confirmation-v2,B3_training_state,interaction_proxy_null,0.3,0.0,86,4999,estimated,240,0.3212,0.005057042410738603,0.05741085893890119,False,False
mbe3-pgdl-transfer-confirmation-v2,B3_training_state,interaction_proxy_null,0.3,0.0,87,4999,estimated,240,0.4168,-0.003843277845874916,-0.04696339738581223,False,False
mbe3-pgdl-transfer-confirmation-v2,B3_training_state,interaction_proxy_null,0.3,0.0,88,4999,estimated,240,0.878,-0.0007467762060832208,-0.009760305471630972,False,False
mbe3-pgdl-transfer-confirmation-v2,B3_training_state,interaction_proxy_null,0.3,0.0,89,4999,estimated,240,0.0822,-0.01063232159427339,-0.10361145384834229,False,False
mbe3-pgdl-transfer-confirmation-v2,B3_training_state,interaction_proxy_null,0.3,0.0,90,4999,estimated,240,0.226,-0.005390554054655768,-0.07596717206205213,False,False
mbe3-pgdl-transfer-confirmation-v2,B3_training_state,interaction_proxy_null,0.3,0.0,91,4999,estimated,240,0.0462,-0.00987923616538692,-0.11496382838206493,False,False
mbe3-pgdl-transfer-confirmation-v2,B3_training_state,interaction_proxy_null,0.3,0.0,92,4999,estimated,240,0.9202,-0.0005114063304199492,-0.006158029593103155,False,False
mbe3-pgdl-transfer-confirmation-v2,B3_training_state,interaction_proxy_null,0.3,0.0,93,4999,estimated,240,0.1024,0.007382472464590245,0.09612085420839356,False,False
mbe3-pgdl-transfer-confirmation-v2,B3_training_state,interaction_proxy_null,0.3,0.0,94,4999,estimated,240,0.9324,-0.0005158171832801854,-0.005686328169754423,False,False
mbe3-pgdl-transfer-confirmation-v2,B3_training_state,interaction_proxy_null,0.3,0.0,95,4999,estimated,240,0.0366,0.010749125587252384,0.12768595328641535,False,False
mbe3-pgdl-transfer-confirmation-v2,B3_training_state,interaction_proxy_null,0.3,0.0,96,4999,estimated,240,0.0182,0.0095744993220714,0.13207851401815188,False,False
mbe3-pgdl-transfer-confirmation-v2,B3_training_state,interaction_proxy_null,0.3,0.0,97,4999,estimated,240,0.0072,0.014763522707127812,0.20695710812433807,False,False
mbe3-pgdl-transfer-confirmation-v2,B3_training_state,interaction_proxy_null,0.3,0.0,98,4999,estimated,240,0.6492,-0.001987274237573681,-0.025542319338232623,False,False
mbe3-pgdl-transfer-confirmation-v2,B3_training_state,interaction_proxy_null,0.3,0.0,99,4999,estimated,240,0.3438,-0.003932962652617572,-0.04913017037298695,False,False
mbe3-pgdl-transfer-confirmation-v2,B3_training_state,interaction_proxy_null,0.8,0.0,0,4999,estimated,240,0.7572,0.0014188917715750493,0.017343354539650302,False,False
mbe3-pgdl-transfer-confirmation-v2,B3_training_state,interaction_proxy_null,0.8,0.0,1,4999,estimated,240,0.8636,-0.0007684518347117569,-0.00939835149192494,False,False
mbe3-pgdl-transfer-confirmation-v2,B3_training_state,interaction_proxy_null,0.8,0.0,2,4999,estimated,240,0.1034,-0.008621462722900309,-0.10916416082112777,False,False
mbe3-pgdl-transfer-confirmation-v2,B3_training_state,interaction_proxy_null,0.8,0.0,3,4999,estimated,240,0.2446,-0.00517523126886541,-0.07295407577982026,False,False
mbe3-pgdl-transfer-confirmation-v2,B3_training_state,interaction_proxy_null,0.8,0.0,4,4999,estimated,240,0.789,-0.0011878203455705828,-0.01668353691577563,False,False
mbe3-pgdl-transfer-confirmation-v2,B3_training_state,interaction_proxy_null,0.8,0.0,5,4999,estimated,240,0.1032,-0.00673045607922511,-0.09475823018562633,False,False
mbe3-pgdl-transfer-confirmation-v2,B3_training_state,interaction_proxy_null,0.8,0.0,6,4999,estimated,240,0.7602,-0.001458412020448356,-0.016605060786480066,False,False
mbe3-pgdl-transfer-confirmation-v2,B3_training_state,interaction_proxy_null,0.8,0.0,7,4999,estimated,240,0.5198,-0.002864749810920424,-0.02930635717083463,False,False
mbe3-pgdl-transfer-confirmation-v2,B3_training_state,interaction_proxy_null,0.8,0.0,8,4999,estimated,240,0.302,0.005284565615220023,0.07486600624317807,False,False
mbe3-pgdl-transfer-confirmation-v2,B3_training_state,interaction_proxy_null,0.8,0.0,9,4999,estimated,240,0.9494,0.00026975092999988,0.00392272540678552,False,False
mbe3-pgdl-transfer-confirmation-v2,B3_training_state,interaction_proxy_null,0.8,0.0,10,4999,estimated,240,0.239,-0.006018725561232276,-0.06877687007531666,False,False
mbe3-pgdl-transfer-confirmation-v2,B3_training_state,interaction_proxy_null,0.8,0.0,11,4999,estimated,240,0.0282,-0.011322228614781165,-0.14214888867840283,False,False
mbe3-pgdl-transfer-confirmation-v2,B3_training_state,interaction_proxy_null,0.8,0.0,12,4999,estimated,240,0.2246,0.006235920766134121,0.07715548546747718,False,False
mbe3-pgdl-transfer-confirmation-v2,B3_training_state,interaction_proxy_null,0.8,0.0,13,4999,estimated,240,0.0588,-0.008687989081177508,-0.11707574656774855,False,False
mbe3-pgdl-transfer-confirmation-v2,B3_training_state,interaction_proxy_null,0.8,0.0,14,4999,estimated,240,0.6256,-0.00241746882714478,-0.030335953765782093,False,False
mbe3-pgdl-transfer-confirmation-v2,B3_training_state,interaction_proxy_null,0.8,0.0,15,4999,estimated,240,0.0878,-0.008278156562040683,-0.1098245926624859,False,False
mbe3-pgdl-transfer-confirmation-v2,B3_training_state,interaction_proxy_null,0.8,0.0,16,4999,estimated,240,0.095,-0.00821969060572648,-0.10357806134033484,False,False
mbe3-pgdl-transfer-confirmation-v2,B3_training_state,interaction_proxy_null,0.8,0.0,17,4999,estimated,240,0.2212,0.00518215157561677,0.06796080606502358,False,False
mbe3-pgdl-transfer-confirmation-v2,B3_training_state,interaction_proxy_null,0.8,0.0,18,4999,estimated,240,0.1198,0.00762060043032771,0.08599157583500433,False,False
mbe3-pgdl-transfer-confirmation-v2,B3_training_state,interaction_proxy_null,0.8,0.0,19,4999,estimated,240,0.6134,0.0028634742261764196,0.029997102328077473,False,False
mbe3-pgdl-transfer-confirmation-v2,B3_training_state,interaction_proxy_null,0.8,0.0,20,4999,estimated,240,0.0572,0.008107690484401913,0.1143975440574141,False,False
mbe3-pgdl-transfer-confirmation-v2,B3_training_state,interaction_proxy_null,0.8,0.0,21,4999,estimated,240,0.0066,0.016022176098648346,0.18948803868675532,False,False
mbe3-pgdl-transfer-confirmation-v2,B3_training_state,interaction_proxy_null,0.8,0.0,22,4999,estimated,240,0.4214,-0.0035509632574019486,-0.0491620656599808,False,False
mbe3-pgdl-transfer-confirmation-v2,B3_training_state,interaction_proxy_null,0.8,0.0,23,4999,estimated,240,0.5378,-0.0026116078520394834,-0.033641917329095106,False,False
mbe3-pgdl-transfer-confirmation-v2,B3_training_state,interaction_proxy_null,0.8,0.0,24,4999,estimated,240,0.1528,-0.006287578080389596,-0.08506191547203001,False,False
mbe3-pgdl-transfer-confirmation-v2,B3_training_state,interaction_proxy_null,0.8,0.0,25,4999,estimated,240,0.0848,0.007861118278385771,0.09704663422909392,False,False
mbe3-pgdl-transfer-confirmation-v2,B3_training_state,interaction_proxy_null,0.8,0.0,26,4999,estimated,240,0.9256,0.0004160983701147365,0.004949613398446796,False,False
mbe3-pgdl-transfer-confirmation-v2,B3_training_state,interaction_proxy_null,0.8,0.0,27,4999,estimated,240,0.059,0.009035216771453133,0.12285503744315497,False,False
mbe3-pgdl-transfer-confirmation-v2,B3_training_state,interaction_proxy_null,0.8,0.0,28,4999,estimated,240,0.3868,-0.004368189078371446,-0.0509504822992309,False,False
mbe3-pgdl-transfer-confirmation-v2,B3_training_state,interaction_proxy_null,0.8,0.0,29,4999,estimated,240,0.0038,0.01122931681896296,0.14807521158099624,False,False
mbe3-pgdl-transfer-confirmation-v2,B3_training_state,interaction_proxy_null,0.8,0.0,30,4999,estimated,240,0.7368,-0.0015046550823397205,-0.02503274469435766,False,False
mbe3-pgdl-transfer-confirmation-v2,B3_training_state,interaction_proxy_null,0.8,0.0,31,4999,estimated,240,0.048,-0.00854733743431203,-0.11021949295792446,False,False
mbe3-pgdl-transfer-confirmation-v2,B3_training_state,interaction_proxy_null,0.8,0.0,32,4999,estimated,240,0.6704,-0.001786002742297634,-0.024404654912779974,False,False
mbe3-pgdl-transfer-confirmation-v2,B3_training_state,interaction_proxy_null,0.8,0.0,33,4999,estimated,240,0.9788,0.00013597320659909466,0.0017829951040404706,False,False
mbe3-pgdl-transfer-confirmation-v2,B3_training_state,interaction_proxy_null,0.8,0.0,34,4999,estimated,240,0.0404,-0.009227993291151497,-0.1291786347178698,False,False
mbe3-pgdl-transfer-confirmation-v2,B3_training_state,interaction_proxy_null,0.8,0.0,35,4999,estimated,240,0.1606,-0.006777694182920815,-0.09019445979370776,False,False
mbe3-pgdl-transfer-confirmation-v2,B3_training_state,interaction_proxy_null,0.8,0.0,36,4999,estimated,240,0.2702,0.004788392924266595,0.06695255705851325,False,False
mbe3-pgdl-transfer-confirmation-v2,B3_training_state,interaction_proxy_null,0.8,0.0,37,4999,estimated,240,0.6226,0.0025723676523424564,0.0349393730742849,False,False
mbe3-pgdl-transfer-confirmation-v2,B3_training_state,interaction_proxy_null,0.8,0.0,38,4999,estimated,240,0.8928,-0.0005871393585622173,-0.008724490376879996,False,False
mbe3-pgdl-transfer-confirmation-v2,B3_training_state,interaction_proxy_null,0.8,0.0,39,4999,estimated,240,0.9104,-0.0006142956639822617,-0.007268205386036621,False,False
mbe3-pgdl-transfer-confirmation-v2,B3_training_state,interaction_proxy_null,0.8,0.0,40,4999,estimated,240,0.5858,-0.0023800109150145226,-0.034266267005935366,False,False
mbe3-pgdl-transfer-confirmation-v2,B3_training_state,interaction_proxy_null,0.8,0.0,41,4999,estimated,240,0.346,-0.004306313801225326,-0.05344916906043157,False,False
mbe3-pgdl-transfer-confirmation-v2,B3_training_state,interaction_proxy_null,0.8,0.0,42,4999,estimated,240,0.9294,0.000486227680874797,0.00546306136137295,False,False
mbe3-pgdl-transfer-confirmation-v2,B3_training_state,interaction_proxy_null,0.8,0.0,43,4999,estimated,240,0.1766,-0.0058102847192314615,-0.06387502076805279,False,False
mbe3-pgdl-transfer-confirmation-v2,B3_training_state,interaction_proxy_null,0.8,0.0,44,4999,estimated,240,0.6224,0.0022048267673246908,0.02839180625705032,False,False
mbe3-pgdl-transfer-confirmation-v2,B3_training_state,interaction_proxy_null,0.8,0.0,45,4999,estimated,240,0.0602,0.009555450737666319,0.11204199744528955,False,False
mbe3-pgdl-transfer-confirmation-v2,B3_training_state,interaction_proxy_null,0.8,0.0,46,4999,estimated,240,0.003,0.01531700230673007,0.18360282193320956,False,False
mbe3-pgdl-transfer-confirmation-v2,B3_training_state,interaction_proxy_null,0.8,0.0,47,4999,estimated,240,0.7028,-0.0019373961218577577,-0.02884864666543708,False,False
mbe3-pgdl-transfer-confirmation-v2,B3_training_state,interaction_proxy_null,0.8,0.0,48,4999,estimated,240,0.004,-0.014787847463139967,-0.19780660795617655,False,False
mbe3-pgdl-transfer-confirmation-v2,B3_training_state,interaction_proxy_null,0.8,0.0,49,4999,estimated,240,0.804,0.001302967749277486,0.0169766115547767,False,False
mbe3-pgdl-transfer-confirmation-v2,B3_training_state,interaction_proxy_null,0.8,0.0,50,4999,estimated,240,0.2338,0.006775310622154152,0.08335723630909031,False,False
mbe3-pgdl-transfer-confirmation-v2,B3_training_state,interaction_proxy_null,0.8,0.0,51,4999,estimated,240,0.4932,0.003394484964998489,0.04633320538830479,False,False
mbe3-pgdl-transfer-confirmation-v2,B3_training_state,interaction_proxy_null,0.8,0.0,52,4999,estimated,240,0.2424,0.006271184758377054,0.08155521949788866,False,False
mbe3-pgdl-transfer-confirmation-v2,B3_training_state,interaction_proxy_null,0.8,0.0,53,4999,estimated,240,0.5048,-0.0038258494033518832,-0.04294400082928645,False,False
mbe3-pgdl-transfer-confirmation-v2,B3_training_state,interaction_proxy_null,0.8,0.0,54,4999,estimated,240,0.8514,-0.0008833290750508265,-0.01219909829936423,False,False
mbe3-pgdl-transfer-confirmation-v2,B3_training_state,interaction_proxy_null,0.8,0.0,55,4999,estimated,240,0.1686,-0.006877654545941103,-0.08385455080112804,False,False
mbe3-pgdl-transfer-confirmation-v2,B3_training_state,interaction_proxy_null,0.8,0.0,56,4999,estimated,240,0.7154,-0.001774811927574744,-0.018718949768259708,False,False
mbe3-pgdl-transfer-confirmation-v2,B3_training_state,interaction_proxy_null,0.8,0.0,57,4999,estimated,240,0.7756,0.0011741942766469603,0.01818801979899416,False,False
mbe3-pgdl-transfer-confirmation-v2,B3_training_state,interaction_proxy_null,0.8,0.0,58,4999,estimated,240,0.152,0.008743014282342577,0.0872400348359766,False,False
mbe3-pgdl-transfer-confirmation-v2,B3_training_state,interaction_proxy_null,0.8,0.0,59,4999,estimated,240,0.294,-0.005151469305710799,-0.06310696383243669,False,False
mbe3-pgdl-transfer-confirmation-v2,B3_training_state,interaction_proxy_null,0.8,0.0,60,4999,estimated,240,0.0544,0.010918003851361725,0.11927431647225799,False,False
mbe3-pgdl-transfer-confirmation-v2,B3_training_state,interaction_proxy_null,0.8,0.0,61,4999,estimated,240,0.1514,0.007383607191061664,0.09774636641596247,False,False
mbe3-pgdl-transfer-confirmation-v2,B3_training_state,interaction_proxy_null,0.8,0.0,62,4999,estimated,240,0.8928,0.000712066368903122,0.00876918932168713,False,False
mbe3-pgdl-transfer-confirmation-v2,B3_training_state,interaction_proxy_null,0.8,0.0,63,4999,estimated,240,0.6222,0.0020550115276000594,0.03101153899165686,False,False
mbe3-pgdl-transfer-confirmation-v2,B3_training_state,interaction_proxy_null,0.8,0.0,64,4999,estimated,240,0.353,0.004835526539211584,0.06450568658809254,False,False
mbe3-pgdl-transfer-confirmation-v2,B3_training_state,interaction_proxy_null,0.8,0.0,65,4999,estimated,240,0.3444,-0.004509086060322438,-0.058651904468555706,False,False
mbe3-pgdl-transfer-confirmation-v2,B3_training_state,interaction_proxy_null,0.8,0.0,66,4999,estimated,240,0.7762,0.001456073470628498,0.018845524510482128,False,False
mbe3-pgdl-transfer-confirmation-v2,B3_training_state,interaction_proxy_null,0.8,0.0,67,4999,estimated,240,0.299,-0.005550747838690275,-0.05581288259999775,False,False
mbe3-pgdl-transfer-confirmation-v2,B3_training_state,interaction_proxy_null,0.8,0.0,68,4999,estimated,240,0.06,0.008603911926920981,0.10946391054285233,False,False
mbe3-pgdl-transfer-confirmation-v2,B3_training_state,interaction_proxy_null,0.8,0.0,69,4999,estimated,240,0.4268,-0.0043860581214902545,-0.05063739778255716,False,False
mbe3-pgdl-transfer-confirmation-v2,B3_training_state,interaction_proxy_null,0.8,0.0,70,4999,estimated,240,0.2608,0.006010389690754695,0.07199801456909903,False,False
mbe3-pgdl-transfer-confirmation-v2,B3_training_state,interaction_proxy_null,0.8,0.0,71,4999,estimated,240,0.4736,-0.0032866871152012075,-0.04546595073683514,False,False
mbe3-pgdl-transfer-confirmation-v2,B3_training_state,interaction_proxy_null,0.8,0.0,72,4999,estimated,240,0.0888,0.008056666428418234,0.09443792329284631,False,False
mbe3-pgdl-transfer-confirmation-v2,B3_training_state,interaction_proxy_null,0.8,0.0,73,4999,estimated,240,0.318,-0.004919807947260911,-0.059414319778373165,False,False
mbe3-pgdl-transfer-confirmation-v2,B3_training_state,interaction_proxy_null,0.8,0.0,74,4999,estimated,240,0.735,-0.0014869817160294192,-0.018991788293556845,False,False
mbe3-pgdl-transfer-confirmation-v2,B3_training_state,interaction_proxy_null,0.8,0.0,75,4999,estimated,240,0.6364,-0.002481204739845868,-0.029178607799089356,False,False
mbe3-pgdl-transfer-confirmation-v2,B3_training_state,interaction_proxy_null,0.8,0.0,76,4999,estimated,240,0.1104,0.007492803736880225,0.0911657925370314,False,False
mbe3-pgdl-transfer-confirmation-v2,B3_training_state,interaction_proxy_null,0.8,0.0,77,4999,estimated,240,0.0052,-0.013491665096101777,-0.1695567646641942,False,False
mbe3-pgdl-transfer-confirmation-v2,B3_training_state,interaction_proxy_null,0.8,0.0,78,4999,estimated,240,0.7808,-0.0012615906739163166,-0.01792807303195201,False,False
mbe3-pgdl-transfer-confirmation-v2,B3_training_state,interaction_proxy_null,0.8,0.0,79,4999,estimated,240,0.7302,0.0016207108750040402,0.02080910237143977,False,False
mbe3-pgdl-transfer-confirmation-v2,B3_training_state,interaction_proxy_null,0.8,0.0,80,4999,estimated,240,0.8616,0.0009182686166056971,0.011177663371751587,False,False
mbe3-pgdl-transfer-confirmation-v2,B3_training_state,interaction_proxy_null,0.8,0.0,81,4999,estimated,240,0.3828,0.004049877198547102,0.051977154704632225,False,False
mbe3-pgdl-transfer-confirmation-v2,B3_training_state,interaction_proxy_null,0.8,0.0,82,4999,estimated,240,0.1792,-0.00566574392914519,-0.06673819530146936,False,False
mbe3-pgdl-transfer-confirmation-v2,B3_training_state,interaction_proxy_null,0.8,0.0,83,4999,estimated,240,0.9922,3.658236995146026e-05,0.00046600101404716796,False,False
mbe3-pgdl-transfer-confirmation-v2,B3_training_state,interaction_proxy_null,0.8,0.0,84,4999,estimated,240,0.4206,0.003701472364624213,0.05190895975200691,False,False
mbe3-pgdl-transfer-confirmation-v2,B3_training_state,interaction_proxy_null,0.8,0.0,85,4999,estimated,240,0.5418,-0.0030146131863892363,-0.034721067733362344,False,False
mbe3-pgdl-transfer-confirmation-v2,B3_training_state,interaction_proxy_null,0.8,0.0,86,4999,estimated,240,0.0496,-0.009154183229436596,-0.12169489984277981,False,False
mbe3-pgdl-transfer-confirmation-v2,B3_training_state,interaction_proxy_null,0.8,0.0,87,4999,estimated,240,0.2918,0.0057157514076343185,0.0715010315271645,False,False
mbe3-pgdl-transfer-confirmation-v2,B3_training_state,interaction_proxy_null,0.8,0.0,88,4999,estimated,240,0.3868,0.0047193734848356116,0.060792900276356567,False,False
mbe3-pgdl-transfer-confirmation-v2,B3_training_state,interaction_proxy_null,0.8,0.0,89,4999,estimated,240,0.1852,0.006135071942958781,0.08457075239425976,False,False
mbe3-pgdl-transfer-confirmation-v2,B3_training_state,interaction_proxy_null,0.8,0.0,90,4999,estimated,240,0.9478,-0.00038043745045770875,-0.00422941428045394,False,False
mbe3-pgdl-transfer-confirmation-v2,B3_training_state,interaction_proxy_null,0.8,0.0,91,4999,estimated,240,0.8478,-0.0009582733958764254,-0.01165324868237354,False,False
mbe3-pgdl-transfer-confirmation-v2,B3_training_state,interaction_proxy_null,0.8,0.0,92,4999,estimated,240,0.0552,-0.010200033871311727,-0.11948656217268556,False,False
mbe3-pgdl-transfer-confirmation-v2,B3_training_state,interaction_proxy_null,0.8,0.0,93,4999,estimated,240,0.5776,0.0027054743584598905,0.03400281634192976,False,False
mbe3-pgdl-transfer-confirmation-v2,B3_training_state,interaction_proxy_null,0.8,0.0,94,4999,estimated,240,0.2978,0.005089295122636775,0.05902326883711937,False,False
mbe3-pgdl-transfer-confirmation-v2,B3_training_state,interaction_proxy_null,0.8,0.0,95,4999,estimated,240,0.5586,0.002749600123769333,0.03736103498753894,False,False
mbe3-pgdl-transfer-confirmation-v2,B3_training_state,interaction_proxy_null,0.8,0.0,96,4999,estimated,240,0.134,0.009068926714278438,0.11089986052019064,False,False
mbe3-pgdl-transfer-confirmation-v2,B3_training_state,interaction_proxy_null,0.8,0.0,97,4999,estimated,240,0.127,0.006269271322996269,0.08107587334312648,False,False
mbe3-pgdl-transfer-confirmation-v2,B3_training_state,interaction_proxy_null,0.8,0.0,98,4999,estimated,240,0.4576,-0.003683011642767187,-0.05319508243282059,False,False
mbe3-pgdl-transfer-confirmation-v2,B3_training_state,interaction_proxy_null,0.8,0.0,99,4999,estimated,240,0.3358,-0.004861162441668299,-0.06513162765303925,False,False
mbe3-pgdl-transfer-confirmation-v2,B3_training_state,nonlinear_proxy_null,0.3,0.0,0,4999,estimated,240,0.8898,-0.0006663965545349276,-0.008333207966163594,False,False
mbe3-pgdl-transfer-confirmation-v2,B3_training_state,nonlinear_proxy_null,0.3,0.0,1,4999,estimated,240,0.8024,-0.0013831175223328717,-0.01736643141154567,False,False
mbe3-pgdl-transfer-confirmation-v2,B3_training_state,nonlinear_proxy_null,0.3,0.0,2,4999,estimated,240,0.0374,0.010860541478801099,0.12942731268242277,False,False
mbe3-pgdl-transfer-confirmation-v2,B3_training_state,nonlinear_proxy_null,0.3,0.0,3,4999,estimated,240,0.0968,-0.007613937706784163,-0.10933483912284701,False,False
mbe3-pgdl-transfer-confirmation-v2,B3_training_state,nonlinear_proxy_null,0.3,0.0,4,4999,estimated,240,0.638,-0.002073186558119095,-0.02832500145412696,False,False
mbe3-pgdl-transfer-confirmation-v2,B3_training_state,nonlinear_proxy_null,0.3,0.0,5,4999,estimated,240,0.5374,-0.002917967614619812,-0.0399492818928315,False,False
mbe3-pgdl-transfer-confirmation-v2,B3_training_state,nonlinear_proxy_null,0.3,0.0,6,4999,estimated,240,0.0516,0.008532875922920735,0.12293850033213591,False,False
mbe3-pgdl-transfer-confirmation-v2,B3_training_state,nonlinear_proxy_null,0.3,0.0,7,4999,estimated,240,0.6874,0.0018908844384690467,0.023894086958709607,False,False
mbe3-pgdl-transfer-confirmation-v2,B3_training_state,nonlinear_proxy_null,0.3,0.0,8,4999,estimated,240,0.8228,0.0011825458761719578,0.014834300434399823,False,False
mbe3-pgdl-transfer-confirmation-v2,B3_training_state,nonlinear_proxy_null,0.3,0.0,9,4999,estimated,240,0.23,0.005649784098071861,0.07101549676275151,False,False
mbe3-pgdl-transfer-confirmation-v2,B3_training_state,nonlinear_proxy_null,0.3,0.0,10,4999,estimated,240,0.7924,0.0014620086302802372,0.0187735245157533,False,False
mbe3-pgdl-transfer-confirmation-v2,B3_training_state,nonlinear_proxy_null,0.3,0.0,11,4999,estimated,240,0.724,-0.0016408360538945007,-0.022786861523035794,False,False
mbe3-pgdl-transfer-confirmation-v2,B3_training_state,nonlinear_proxy_null,0.3,0.0,12,4999,estimated,240,0.731,-0.0015666412564041175,-0.02152776094047107,False,False
mbe3-pgdl-transfer-confirmation-v2,B3_training_state,nonlinear_proxy_null,0.3,0.0,13,4999,estimated,240,0.4838,0.0033256083716411877,0.0409704639487489,False,False
mbe3-pgdl-transfer-confirmation-v2,B3_training_state,nonlinear_proxy_null,0.3,0.0,14,4999,estimated,240,0.3058,-0.00469095456700124,-0.06597829145516862,False,False
mbe3-pgdl-transfer-confirmation-v2,B3_training_state,nonlinear_proxy_null,0.3,0.0,15,4999,estimated,240,0.2278,0.005791321996924101,0.07400654693133141,False,False
mbe3-pgdl-transfer-confirmation-v2,B3_training_state,nonlinear_proxy_null,0.3,0.0,16,4999,estimated,240,0.0504,-0.00910246543632613,-0.1169727674950554,False,False
mbe3-pgdl-transfer-confirmation-v2,B3_training_state,nonlinear_proxy_null,0.3,0.0,17,4999,estimated,240,0.9216,0.000471368151871047,0.006249730251962019,False,False
mbe3-pgdl-transfer-confirmation-v2,B3_training_state,nonlinear_proxy_null,0.3,0.0,18,4999,estimated,240,0.0314,0.010135837530291628,0.12092178446286464,False,False
mbe3-pgdl-transfer-confirmation-v2,B3_training_state,nonlinear_proxy_null,0.3,0.0,19,4999,estimated,240,0.0314,0.009978974461278867,0.13085720714254384,False,False
mbe3-pgdl-transfer-confirmation-v2,B3_training_state,nonlinear_proxy_null,0.3,0.0,20,4999,estimated,240,0.291,0.004722913165048021,0.07005169164246068,False,False
mbe3-pgdl-transfer-confirmation-v2,B3_training_state,nonlinear_proxy_null,0.3,0.0,21,4999,estimated,240,0.1254,0.008759615769801794,0.09461405942931196,False,False
mbe3-pgdl-transfer-confirmation-v2,B3_training_state,nonlinear_proxy_null,0.3,0.0,22,4999,estimated,240,0.101,-0.007956565181236707,-0.11902964542324537,False,False
mbe3-pgdl-transfer-confirmation-v2,B3_training_state,nonlinear_proxy_null,0.3,0.0,23,4999,estimated,240,0.6056,0.0022258926583064017,0.026311715815630226,False,False
mbe3-pgdl-transfer-confirmation-v2,B3_training_state,nonlinear_proxy_null,0.3,0.0,24,4999,estimated,240,0.4468,-0.004083271346142788,-0.05077079440667123,False,False
mbe3-pgdl-transfer-confirmation-v2,B3_training_state,nonlinear_proxy_null,0.3,0.0,25,4999,estimated,240,0.323,0.004936169270081775,0.056676700889536004,False,False
mbe3-pgdl-transfer-confirmation-v2,B3_training_state,nonlinear_proxy_null,0.3,0.0,26,4999,estimated,240,0.5364,-0.0029459603663312423,-0.040424730038113754,False,False
mbe3-pgdl-transfer-confirmation-v2,B3_training_state,nonlinear_proxy_null,0.3,0.0,27,4999,estimated,240,0.8104,0.0011660685907279149,0.017401866069845038,False,False
mbe3-pgdl-transfer-confirmation-v2,B3_training_state,nonlinear_proxy_null,0.3,0.0,28,4999,estimated,240,0.0542,0.009117087271605269,0.13785067987134267,False,False
mbe3-pgdl-transfer-confirmation-v2,B3_training_state,nonlinear_proxy_null,0.3,0.0,29,4999,estimated,240,0.322,0.004979189513844914,0.06026370376090297,False,False
mbe3-pgdl-transfer-confirmation-v2,B3_training_state,nonlinear_proxy_null,0.3,0.0,30,4999,estimated,240,0.4184,0.003910950175955937,0.04586205570169624,False,False
mbe3-pgdl-transfer-confirmation-v2,B3_training_state,nonlinear_proxy_null,0.3,0.0,31,4999,estimated,240,0.197,0.006039187111605571,0.07719375294677343,False,False
mbe3-pgdl-transfer-confirmation-v2,B3_training_state,nonlinear_proxy_null,0.3,0.0,32,4999,estimated,240,0.734,-0.0015986809994390486,-0.021128179720303876,False,False
mbe3-pgdl-transfer-confirmation-v2,B3_training_state,nonlinear_proxy_null,0.3,0.0,33,4999,estimated,240,0.9314,0.0004141764001205431,0.005141028390964836,False,False
mbe3-pgdl-transfer-confirmation-v2,B3_training_state,nonlinear_proxy_null,0.3,0.0,34,4999,estimated,240,0.818,0.001188052384902652,0.014369474042525835,False,False
mbe3-pgdl-transfer-confirmation-v2,B3_training_state,nonlinear_proxy_null,0.3,0.0,35,4999,estimated,240,0.0204,0.012894481187191014,0.16205151532711878,False,False
mbe3-pgdl-transfer-confirmation-v2,B3_training_state,nonlinear_proxy_null,0.3,0.0,36,4999,estimated,240,0.1544,0.006854677130860796,0.09853946645170643,False,False
mbe3-pgdl-transfer-confirmation-v2,B3_training_state,nonlinear_proxy_null,0.3,0.0,37,4999,estimated,240,0.805,-0.0011786623835358197,-0.016750421877566386,False,False
mbe3-pgdl-transfer-confirmation-v2,B3_training_state,nonlinear_proxy_null,0.3,0.0,38,4999,estimated,240,0.391,0.0041255493953805756,0.05424953528032653,False,False
mbe3-pgdl-transfer-confirmation-v2,B3_training_state,nonlinear_proxy_null,0.3,0.0,39,4999,estimated,240,0.5182,-0.0031220675751974128,-0.03917262771920375,False,False
mbe3-pgdl-transfer-confirmation-v2,B3_training_state,nonlinear_proxy_null,0.3,0.0,40,4999,estimated,240,0.2642,-0.005925183649408861,-0.06819481537122439,False,False
mbe3-pgdl-transfer-confirmation-v2,B3_training_state,nonlinear_proxy_null,0.3,0.0,41,4999,estimated,240,0.3158,-0.005103348713043505,-0.05292652129505603,False,False
mbe3-pgdl-transfer-confirmation-v2,B3_training_state,nonlinear_proxy_null,0.3,0.0,42,4999,estimated,240,0.335,0.004591122779252639,0.06324069485888865,False,False
mbe3-pgdl-transfer-confirmation-v2,B3_training_state,nonlinear_proxy_null,0.3,0.0,43,4999,estimated,240,0.2142,0.005857916638861411,0.07154853346358438,False,False
mbe3-pgdl-transfer-confirmation-v2,B3_training_state,nonlinear_proxy_null,0.3,0.0,44,4999,estimated,240,0.3124,-0.004974756421463401,-0.07051164962891379,False,False
mbe3-pgdl-transfer-confirmation-v2,B3_training_state,nonlinear_proxy_null,0.3,0.0,45,4999,estimated,240,0.1402,0.009116054917136669,0.10397721840010153,False,False
mbe3-pgdl-transfer-confirmation-v2,B3_training_state,nonlinear_proxy_null,0.3,0.0,46,4999,estimated,240,0.0006,-0.017203699604060162,-0.19386885801508605,True,False
mbe3-pgdl-transfer-confirmation-v2,B3_training_state,nonlinear_proxy_null,0.3,0.0,47,4999,estimated,240,0.1058,0.007171644194918978,0.10212607285962275,False,False
mbe3-pgdl-transfer-confirmation-v2,B3_training_state,nonlinear_proxy_null,0.3,0.0,48,4999,estimated,240,0.9318,-0.00045136928676611993,-0.0057301848592427535,False,False
mbe3-pgdl-transfer-confirmation-v2,B3_training_state,nonlinear_proxy_null,0.3,0.0,49,4999,estimated,240,0.4562,0.0039022188702826626,0.04421882282681752,False,False
mbe3-pgdl-transfer-confirmation-v2,B3_training_state,nonlinear_proxy_null,0.3,0.0,50,4999,estimated,240,0.8868,0.0007173618584113042,0.008637099034712287,False,False
mbe3-pgdl-transfer-confirmation-v2,B3_training_state,nonlinear_proxy_null,0.3,0.0,51,4999,estimated,240,0.5158,0.0032140354838770804,0.04516369024944674,False,False
mbe3-pgdl-transfer-confirmation-v2,B3_training_state,nonlinear_proxy_null,0.3,0.0,52,4999,estimated,240,0.3658,-0.004268371860116597,-0.051306051465793305,False,False
mbe3-pgdl-transfer-confirmation-v2,B3_training_state,nonlinear_proxy_null,0.3,0.0,53,4999,estimated,240,0.3078,0.004490036741374623,0.06008611921605304,False,False
mbe3-pgdl-transfer-confirmation-v2,B3_training_state,nonlinear_proxy_null,0.3,0.0,54,4999,estimated,240,0.9732,-0.00020017551354676634,-0.0022529086043449483,False,False
mbe3-pgdl-transfer-confirmation-v2,B3_training_state,nonlinear_proxy_null,0.3,0.0,55,4999,estimated,240,0.9754,-0.0001397762916783957,-0.0017275480621019414,False,False
mbe3-pgdl-transfer-confirmation-v2,B3_training_state,nonlinear_proxy_null,0.3,0.0,56,4999,estimated,240,0.514,0.0030118587307393203,0.03711004985908988,False,False
mbe3-pgdl-transfer-confirmation-v2,B3_training_state,nonlinear_proxy_null,0.3,0.0,57,4999,estimated,240,0.9798,-0.00010382992957053185,-0.0016592096796348675,False,False
mbe3-pgdl-transfer-confirmation-v2,B3_training_state,nonlinear_proxy_null,0.3,0.0,58,4999,estimated,240,0.588,0.0024854314681399116,0.032663362908398684,False,False
mbe3-pgdl-transfer-confirmation-v2,B3_training_state,nonlinear_proxy_null,0.3,0.0,59,4999,estimated,240,0.3312,0.004668112681219608,0.061242791654893776,False,False
mbe3-pgdl-transfer-confirmation-v2,B3_training_state,nonlinear_proxy_null,0.3,0.0,60,4999,estimated,240,0.8438,0.001190996642344838,0.013356155535839711,False,False
mbe3-pgdl-transfer-confirmation-v2,B3_training_state,nonlinear_proxy_null,0.3,0.0,61,4999,estimated,240,0.488,-0.0029196965368374957,-0.040174499388119386,False,False
mbe3-pgdl-transfer-confirmation-v2,B3_training_state,nonlinear_proxy_null,0.3,0.0,62,4999,estimated,240,0.0348,-0.00997664215683804,-0.10859441153120537,False,False
mbe3-pgdl-transfer-confirmation-v2,B3_training_state,nonlinear_proxy_null,0.3,0.0,63,4999,estimated,240,0.7612,0.001729572425355299,0.019795985317767203,False,False
mbe3-pgdl-transfer-confirmation-v2,B3_training_state,nonlinear_proxy_null,0.3,0.0,64,4999,estimated,240,0.039,0.010613895330940145,0.14614407552083605,False,False
mbe3-pgdl-transfer-confirmation-v2,B3_training_state,nonlinear_proxy_null,0.3,0.0,65,4999,estimated,240,0.7284,0.0020213217484399935,0.026483540657797004,False,False
mbe3-pgdl-transfer-confirmation-v2,B3_training_state,nonlinear_proxy_null,0.3,0.0,66,4999,estimated,240,0.3266,0.004342712152005616,0.06060930664247039,False,False
mbe3-pgdl-transfer-confirmation-v2,B3_training_state,nonlinear_proxy_null,0.3,0.0,67,4999,estimated,240,0.3596,0.004596376244179345,0.05796283170036425,False,False
mbe3-pgdl-transfer-confirmation-v2,B3_training_state,nonlinear_proxy_null,0.3,0.0,68,4999,estimated,240,0.2154,-0.005697244323761771,-0.08181779309041319,False,False
mbe3-pgdl-transfer-confirmation-v2,B3_training_state,nonlinear_proxy_null,0.3,0.0,69,4999,estimated,240,0.6914,0.0020895718411611244,0.025476190034649758,False,False
mbe3-pgdl-transfer-confirmation-v2,B3_training_state,nonlinear_proxy_null,0.3,0.0,70,4999,estimated,240,0.1002,0.006643654873839022,0.09474021776105603,False,False
mbe3-pgdl-transfer-confirmation-v2,B3_training_state,nonlinear_proxy_null,0.3,0.0,71,4999,estimated,240,0.3388,-0.004562427458825443,-0.05536924852372168,False,False
mbe3-pgdl-transfer-confirmation-v2,B3_training_state,nonlinear_proxy_null,0.3,0.0,72,4999,estimated,240,0.0034,-0.016483815786262,-0.19357049382209138,False,False
mbe3-pgdl-transfer-confirmation-v2,B3_training_state,nonlinear_proxy_null,0.3,0.0,73,4999,estimated,240,0.8748,-0.0007567526126961206,-0.009843177837288471,False,False
mbe3-pgdl-transfer-confirmation-v2,B3_training_state,nonlinear_proxy_null,0.3,0.0,74,4999,estimated,240,0.7072,0.0019659567608575628,0.02477890789171844,False,False
mbe3-pgdl-transfer-confirmation-v2,B3_training_state,nonlinear_proxy_null,0.3,0.0,75,4999,estimated,240,0.6458,-0.0019932563036261933,-0.02802351506923796,False,False
mbe3-pgdl-transfer-confirmation-v2,B3_training_state,nonlinear_proxy_null,0.3,0.0,76,4999,estimated,240,0.5214,0.0035401625630815154,0.04194870841417487,False,False
mbe3-pgdl-transfer-confirmation-v2,B3_training_state,nonlinear_proxy_null,0.3,0.0,77,4999,estimated,240,0.4266,-0.003744134006115371,-0.04569257709830855,False,False
mbe3-pgdl-transfer-confirmation-v2,B3_training_state,nonlinear_proxy_null,0.3,0.0,78,4999,estimated,240,0.0192,-0.011280373916425914,-0.13043767986374133,False,False
mbe3-pgdl-transfer-confirmation-v2,B3_training_state,nonlinear_proxy_null,0.3,0.0,79,4999,estimated,240,0.4724,-0.003278474825168508,-0.04012921924427414,False,False
mbe3-pgdl-transfer-confirmation-v2,B3_training_state,nonlinear_proxy_null,0.3,0.0,80,4999,estimated,240,0.4582,-0.004081806756082181,-0.04560989758950741,False,False
mbe3-pgdl-transfer-confirmation-v2,B3_training_state,nonlinear_proxy_null,0.3,0.0,81,4999,estimated,240,0.1366,0.0071430077781446406,0.08556948229186691,False,False
mbe3-pgdl-transfer-confirmation-v2,B3_training_state,nonlinear_proxy_null,0.3,0.0,82,4999,estimated,240,0.196,0.007357277961774687,0.08692480888641595,False,False
mbe3-pgdl-transfer-confirmation-v2,B3_training_state,nonlinear_proxy_null,0.3,0.0,83,4999,estimated,240,0.2952,-0.0052641292610435325,-0.07443375588933088,False,False
mbe3-pgdl-transfer-confirmation-v2,B3_training_state,nonlinear_proxy_null,0.3,0.0,84,4999,estimated,240,0.455,-0.003337079600238091,-0.04643033197478112,False,False
mbe3-pgdl-transfer-confirmation-v2,B3_training_state,nonlinear_proxy_null,0.3,0.0,85,4999,estimated,240,0.9612,-0.0002751773405112873,-0.003123955700587595,False,False
mbe3-pgdl-transfer-confirmation-v2,B3_training_state,nonlinear_proxy_null,0.3,0.0,86,4999,estimated,240,0.1678,0.007268420904275529,0.07703253024254864,False,False
mbe3-pgdl-transfer-confirmation-v2,B3_training_state,nonlinear_proxy_null,0.3,0.0,87,4999,estimated,240,0.6328,0.0024115848672799523,0.03002309809395413,False,False
mbe3-pgdl-transfer-confirmation-v2,B3_training_state,nonlinear_proxy_null,0.3,0.0,88,4999,estimated,240,0.1174,0.007342406466168248,0.08092419969489432,False,False
mbe3-pgdl-transfer-confirmation-v2,B3_training_state,nonlinear_proxy_null,0.3,0.0,89,4999,estimated,240,0.4,-0.0040538072530511135,-0.0478627362376736,False,False
mbe3-pgdl-transfer-confirmation-v2,B3_training_state,nonlinear_proxy_null,0.3,0.0,90,4999,estimated,240,0.2212,0.005311149082280772,0.084094503665424,False,False
mbe3-pgdl-transfer-confirmation-v2,B3_training_state,nonlinear_proxy_null,0.3,0.0,91,4999,estimated,240,0.0038,0.01778792545148924,0.24940660735574938,False,False
mbe3-pgdl-transfer-confirmation-v2,B3_training_state,nonlinear_proxy_null,0.3,0.0,92,4999,estimated,240,0.3186,-0.004605620381891965,-0.05710910663241259,False,False
mbe3-pgdl-transfer-confirmation-v2,B3_training_state,nonlinear_proxy_null,0.3,0.0,93,4999,estimated,240,0.099,-0.007222299881499078,-0.0997628223815068,False,False
mbe3-pgdl-transfer-confirmation-v2,B3_training_state,nonlinear_proxy_null,0.3,0.0,94,4999,estimated,240,0.097,-0.008325126973163502,-0.10067628633700662,False,False
mbe3-pgdl-transfer-confirmation-v2,B3_training_state,nonlinear_proxy_null,0.3,0.0,95,4999,estimated,240,0.0084,0.01300173119201001,0.15829976712176488,False,False
mbe3-pgdl-transfer-confirmation-v2,B3_training_state,nonlinear_proxy_null,0.3,0.0,96,4999,estimated,240,0.9742,0.00013147160397152178,0.0018289980757995956,False,False
mbe3-pgdl-transfer-confirmation-v2,B3_training_state,nonlinear_proxy_null,0.3,0.0,97,4999,estimated,240,0.3008,-0.005383554490585866,-0.05938244884330742,False,False
mbe3-pgdl-transfer-confirmation-v2,B3_training_state,nonlinear_proxy_null,0.3,0.0,98,4999,estimated,240,0.6978,0.0017761009502369257,0.02227918610369742,False,False
mbe3-pgdl-transfer-confirmation-v2,B3_training_state,nonlinear_proxy_null,0.3,0.0,99,4999,estimated,240,0.0464,0.00862065985616413,0.12246783549082191,False,False
mbe3-pgdl-transfer-confirmation-v2,B3_training_state,nonlinear_proxy_null,0.8,0.0,0,4999,estimated,240,0.154,-0.006356157609362947,-0.08164618491484826,False,False
mbe3-pgdl-transfer-confirmation-v2,B3_training_state,nonlinear_proxy_null,0.8,0.0,1,4999,estimated,240,0.2256,-0.00661227074417799,-0.07991864797977678,False,False
mbe3-pgdl-transfer-confirmation-v2,B3_training_state,nonlinear_proxy_null,0.8,0.0,2,4999,estimated,240,0.9474,0.00032044378408775664,0.003953680444734246,False,False
mbe3-pgdl-transfer-confirmation-v2,B3_training_state,nonlinear_proxy_null,0.8,0.0,3,4999,estimated,240,0.3008,0.004881553369007343,0.06754619680341564,False,False
mbe3-pgdl-transfer-confirmation-v2,B3_training_state,nonlinear_proxy_null,0.8,0.0,4,4999,estimated,240,0.3082,0.004396895597737895,0.05689894375303396,False,False
mbe3-pgdl-transfer-confirmation-v2,B3_training_state,nonlinear_proxy_null,0.8,0.0,5,4999,estimated,240,0.1734,0.005598007432916945,0.07522258350102375,False,False
mbe3-pgdl-transfer-confirmation-v2,B3_training_state,nonlinear_proxy_null,0.8,0.0,6,4999,estimated,240,0.7154,-0.0015280931254429949,-0.020696490352018593,False,False
mbe3-pgdl-transfer-confirmation-v2,B3_training_state,nonlinear_proxy_null,0.8,0.0,7,4999,estimated,240,0.5934,-0.0026738363168898964,-0.03326395592572633,False,False
mbe3-pgdl-transfer-confirmation-v2,B3_training_state,nonlinear_proxy_null,0.8,0.0,8,4999,estimated,240,0.256,-0.006302272808389406,-0.07343362995897944,False,False
mbe3-pgdl-transfer-confirmation-v2,B3_training_state,nonlinear_proxy_null,0.8,0.0,9,4999,estimated,240,0.5572,-0.0024941257717526594,-0.03431031697189667,False,False
mbe3-pgdl-transfer-confirmation-v2,B3_training_state,nonlinear_proxy_null,0.8,0.0,10,4999,estimated,240,0.149,0.00788335500689163,0.08947598795869886,False,False
mbe3-pgdl-transfer-confirmation-v2,B3_training_state,nonlinear_proxy_null,0.8,0.0,11,4999,estimated,240,0.919,0.000415214183813694,0.005574725265995453,False,False
mbe3-pgdl-transfer-confirmation-v2,B3_training_state,nonlinear_proxy_null,0.8,0.0,12,4999,estimated,240,0.1118,0.0091102619551122,0.11926454407080632,False,False
mbe3-pgdl-transfer-confirmation-v2,B3_training_state,nonlinear_proxy_null,0.8,0.0,13,4999,estimated,240,0.2058,0.005874392657934314,0.09168557192788246,False,False
mbe3-pgdl-transfer-confirmation-v2,B3_training_state,nonlinear_proxy_null,0.8,0.0,14,4999,estimated,240,0.9608,-0.00029311653562817214,-0.0033821589540073034,False,False
mbe3-pgdl-transfer-confirmation-v2,B3_training_state,nonlinear_proxy_null,0.8,0.0,15,4999,estimated,240,0.5322,0.00307127516196464,0.04110558816648888,False,False
mbe3-pgdl-transfer-confirmation-v2,B3_training_state,nonlinear_proxy_null,0.8,0.0,16,4999,estimated,240,0.4544,-0.0038268985096926184,-0.05128163899148862,False,False
mbe3-pgdl-transfer-confirmation-v2,B3_training_state,nonlinear_proxy_null,0.8,0.0,17,4999,estimated,240,0.042,-0.009597183855310864,-0.15209571619628268,False,False
mbe3-pgdl-transfer-confirmation-v2,B3_training_state,nonlinear_proxy_null,0.8,0.0,18,4999,estimated,240,0.1134,-0.0073097412762085775,-0.10242906836249206,False,False
mbe3-pgdl-transfer-confirmation-v2,B3_training_state,nonlinear_proxy_null,0.8,0.0,19,4999,estimated,240,0.1858,-0.00590245092410061,-0.06970080469500302,False,False
mbe3-pgdl-transfer-confirmation-v2,B3_training_state,nonlinear_proxy_null,0.8,0.0,20,4999,estimated,240,0.2756,0.0055196531187774196,0.06773095996268233,False,False
mbe3-pgdl-transfer-confirmation-v2,B3_training_state,nonlinear_proxy_null,0.8,0.0,21,4999,estimated,240,0.8504,0.0009976034499183074,0.012036876542081312,False,False
mbe3-pgdl-transfer-confirmation-v2,B3_training_state,nonlinear_proxy_null,0.8,0.0,22,4999,estimated,240,0.069,-0.008545733121129292,-0.10570635502446815,False,False
mbe3-pgdl-transfer-confirmation-v2,B3_training_state,nonlinear_proxy_null,0.8,0.0,23,4999,estimated,240,0.7978,0.0012144023886552047,0.015241235565290652,False,False
mbe3-pgdl-transfer-confirmation-v2,B3_training_state,nonlinear_proxy_null,0.8,0.0,24,4999,estimated,240,0.0994,-0.0073169787690758594,-0.08611649285600247,False,False
mbe3-pgdl-transfer-confirmation-v2,B3_training_state,nonlinear_proxy_null,0.8,0.0,25,4999,estimated,240,0.9028,-0.0005467465741569365,-0.0064074334751882105,False,False
mbe3-pgdl-transfer-confirmation-v2,B3_training_state,nonlinear_proxy_null,0.8,0.0,26,4999,estimated,240,0.076,0.008594761448623202,0.11586873801884051,False,False
mbe3-pgdl-transfer-confirmation-v2,B3_training_state,nonlinear_proxy_null,0.8,0.0,27,4999,estimated,240,0.3898,0.0054439680241131026,0.0612318671151292,False,False
mbe3-pgdl-transfer-confirmation-v2,B3_training_state,nonlinear_proxy_null,0.8,0.0,28,4999,estimated,240,0.2332,-0.005519260480299295,-0.06889024005357076,False,False
mbe3-pgdl-transfer-confirmation-v2,B3_training_state,nonlinear_proxy_null,0.8,0.0,29,4999,estimated,240,0.0056,-0.013146260185608317,-0.18751431664284826,False,False
mbe3-pgdl-transfer-confirmation-v2,B3_training_state,nonlinear_proxy_null,0.8,0.0,30,4999,estimated,240,0.4146,0.004313255883313742,0.05105561621033678,False,False
mbe3-pgdl-transfer-confirmation-v2,B3_training_state,nonlinear_proxy_null,0.8,0.0,31,4999,estimated,240,0.2066,0.006628438979328128,0.09660931775194849,False,False
mbe3-pgdl-transfer-confirmation-v2,B3_training_state,nonlinear_proxy_null,0.8,0.0,32,4999,estimated,240,0.758,0.0013969921020288794,0.01844176879082783,False,False
mbe3-pgdl-transfer-confirmation-v2,B3_training_state,nonlinear_proxy_null,0.8,0.0,33,4999,estimated,240,0.7938,-0.0012512448165346714,-0.016657127079816075,False,False
mbe3-pgdl-transfer-confirmation-v2,B3_training_state,nonlinear_proxy_null,0.8,0.0,34,4999,estimated,240,0.018,-0.010645458955999014,-0.14509945029650848,False,False
mbe3-pgdl-transfer-confirmation-v2,B3_training_state,nonlinear_proxy_null,0.8,0.0,35,4999,estimated,240,0.4302,-0.0033495829483865622,-0.04955165654587488,False,False
mbe3-pgdl-transfer-confirmation-v2,B3_training_state,nonlinear_proxy_null,0.8,0.0,36,4999,estimated,240,0.4746,0.003809777050370363,0.04681901595352758,False,False
mbe3-pgdl-transfer-confirmation-v2,B3_training_state,nonlinear_proxy_null,0.8,0.0,37,4999,estimated,240,0.055,0.009827127635709441,0.12414019517722175,False,False
mbe3-pgdl-transfer-confirmation-v2,B3_training_state,nonlinear_proxy_null,0.8,0.0,38,4999,estimated,240,0.9658,0.0002356115804074498,0.0031494164334760154,False,False
mbe3-pgdl-transfer-confirmation-v2,B3_training_state,nonlinear_proxy_null,0.8,0.0,39,4999,estimated,240,0.9218,0.00046881742647425804,0.005916909039359473,False,False
mbe3-pgdl-transfer-confirmation-v2,B3_training_state,nonlinear_proxy_null,0.8,0.0,40,4999,estimated,240,0.0002,0.016757536377472328,0.20807851612884914,True,True
mbe3-pgdl-transfer-confirmation-v2,B3_training_state,nonlinear_proxy_null,0.8,0.0,41,4999,estimated,240,0.4294,-0.003439078124743107,-0.046444175314596076,False,False
mbe3-pgdl-transfer-confirmation-v2,B3_training_state,nonlinear_proxy_null,0.8,0.0,42,4999,estimated,240,0.689,-0.0019927081055142026,-0.023405884374621596,False,False
mbe3-pgdl-transfer-confirmation-v2,B3_training_state,nonlinear_proxy_null,0.8,0.0,43,4999,estimated,240,0.383,-0.004027225765628112,-0.052035015247503105,False,False
mbe3-pgdl-transfer-confirmation-v2,B3_training_state,nonlinear_proxy_null,0.8,0.0,44,4999,estimated,240,0.1926,-0.0065937729127502984,-0.07803915181102158,False,False
mbe3-pgdl-transfer-confirmation-v2,B3_training_state,nonlinear_proxy_null,0.8,0.0,45,4999,estimated,240,0.753,0.0014016074923925966,0.022624564578242492,False,False
mbe3-pgdl-transfer-confirmation-v2,B3_training_state,nonlinear_proxy_null,0.8,0.0,46,4999,estimated,240,0.4436,-0.003588290624298154,-0.055070558649179195,False,False
mbe3-pgdl-transfer-confirmation-v2,B3_training_state,nonlinear_proxy_null,0.8,0.0,47,4999,estimated,240,0.0062,-0.013914807620260216,-0.17128851532264056,False,False
mbe3-pgdl-transfer-confirmation-v2,B3_training_state,nonlinear_proxy_null,0.8,0.0,48,4999,estimated,240,0.1224,0.007823480328552117,0.095770377964286,False,False
mbe3-pgdl-transfer-confirmation-v2,B3_training_state,nonlinear_proxy_null,0.8,0.0,49,4999,estimated,240,0.7744,-0.0014919658813081136,-0.017958412635444357,False,False
mbe3-pgdl-transfer-confirmation-v2,B3_training_state,nonlinear_proxy_null,0.8,0.0,50,4999,estimated,240,0.2232,-0.0054663205569684455,-0.06992901279808005,False,False
mbe3-pgdl-transfer-confirmation-v2,B3_training_state,nonlinear_proxy_null,0.8,0.0,51,4999,estimated,240,0.951,0.0003176382014854646,0.004374522543693865,False,False
mbe3-pgdl-transfer-confirmation-v2,B3_training_state,nonlinear_proxy_null,0.8,0.0,52,4999,estimated,240,0.1454,-0.007988147728704716,-0.10087394321459907,False,False
mbe3-pgdl-transfer-confirmation-v2,B3_training_state,nonlinear_proxy_null,0.8,0.0,53,4999,estimated,240,0.0968,0.007642989655182902,0.10308315981095728,False,False
mbe3-pgdl-transfer-confirmation-v2,B3_training_state,nonlinear_proxy_null,0.8,0.0,54,4999,estimated,240,0.4306,-0.003238654946780504,-0.0547440938888632,False,False
mbe3-pgdl-transfer-confirmation-v2,B3_training_state,nonlinear_proxy_null,0.8,0.0,55,4999,estimated,240,0.7702,0.001269675004442725,0.016482292711274982,False,False
mbe3-pgdl-transfer-confirmation-v2,B3_training_state,nonlinear_proxy_null,0.8,0.0,56,4999,estimated,240,0.1858,-0.006017398380802178,-0.0753276325343562,False,False
mbe3-pgdl-transfer-confirmation-v2,B3_training_state,nonlinear_proxy_null,0.8,0.0,57,4999,estimated,240,0.66,-0.0021470348408553857,-0.029721767301311725,False,False
mbe3-pgdl-transfer-confirmation-v2,B3_training_state,nonlinear_proxy_null,0.8,0.0,58,4999,estimated,240,0.5248,0.0031121206754180313,0.03909004696299992,False,False
mbe3-pgdl-transfer-confirmation-v2,B3_training_state,nonlinear_proxy_null,0.8,0.0,59,4999,estimated,240,0.5952,0.0023768755823443187,0.031496617321993305,False,False
mbe3-pgdl-transfer-confirmation-v2,B3_training_state,nonlinear_proxy_null,0.8,0.0,60,4999,estimated,240,0.518,0.0032128090546998085,0.03884654612071022,False,False
mbe3-pgdl-transfer-confirmation-v2,B3_training_state,nonlinear_proxy_null,0.8,0.0,61,4999,estimated,240,0.4788,0.0030394275579564895,0.04671217691032446,False,False
mbe3-pgdl-transfer-confirmation-v2,B3_training_state,nonlinear_proxy_null,0.8,0.0,62,4999,estimated,240,0.6166,-0.0026187226052821087,-0.029477060142809385,False,False
mbe3-pgdl-transfer-confirmation-v2,B3_training_state,nonlinear_proxy_null,0.8,0.0,63,4999,estimated,240,0.3772,0.004142126842686704,0.05395526987749648,False,False
mbe3-pgdl-transfer-confirmation-v2,B3_training_state,nonlinear_proxy_null,0.8,0.0,64,4999,estimated,240,0.3554,-0.004179032763557484,-0.05851325150042634,False,False
mbe3-pgdl-transfer-confirmation-v2,B3_training_state,nonlinear_proxy_null,0.8,0.0,65,4999,estimated,240,0.3582,-0.004635985241687421,-0.05656235057502544,False,False
mbe3-pgdl-transfer-confirmation-v2,B3_training_state,nonlinear_proxy_null,0.8,0.0,66,4999,estimated,240,0.4602,0.004128675046294474,0.05011150451213533,False,False
mbe3-pgdl-transfer-confirmation-v2,B3_training_state,nonlinear_proxy_null,0.8,0.0,67,4999,estimated,240,0.0936,0.00742962431511779,0.09932096160852802,False,False
mbe3-pgdl-transfer-confirmation-v2,B3_training_state,nonlinear_proxy_null,0.8,0.0,68,4999,estimated,240,0.217,0.003982267809541739,0.05663337821444579,False,False
mbe3-pgdl-transfer-confirmation-v2,B3_training_state,nonlinear_proxy_null,0.8,0.0,69,4999,estimated,240,0.4028,-0.0036434128790890593,-0.04624024825154023,False,False
mbe3-pgdl-transfer-confirmation-v2,B3_training_state,nonlinear_proxy_null,0.8,0.0,70,4999,estimated,240,0.1688,-0.0066980630573057354,-0.07819794610796081,False,False
mbe3-pgdl-transfer-confirmation-v2,B3_training_state,nonlinear_proxy_null,0.8,0.0,71,4999,estimated,240,0.113,0.008612681656282874,0.09105319268198854,False,False
mbe3-pgdl-transfer-confirmation-v2,B3_training_state,nonlinear_proxy_null,0.8,0.0,72,4999,estimated,240,0.1,0.007328550879774639,0.104165784940027,False,False
mbe3-pgdl-transfer-confirmation-v2,B3_training_state,nonlinear_proxy_null,0.8,0.0,73,4999,estimated,240,0.5112,0.0033702198986481076,0.044259076333163005,False,False
mbe3-pgdl-transfer-confirmation-v2,B3_training_state,nonlinear_proxy_null,0.8,0.0,74,4999,estimated,240,0.919,-0.00048584940133277,-0.007008784981824105,False,False
mbe3-pgdl-transfer-confirmation-v2,B3_training_state,nonlinear_proxy_null,0.8,0.0,75,4999,estimated,240,0.1452,-0.006732349491708298,-0.07073089198488763,False,False
mbe3-pgdl-transfer-confirmation-v2,B3_training_state,nonlinear_proxy_null,0.8,0.0,76,4999,estimated,240,0.0836,0.008373417232000519,0.10654773560848677,False,False
mbe3-pgdl-transfer-confirmation-v2,B3_training_state,nonlinear_proxy_null,0.8,0.0,77,4999,estimated,240,0.2756,-0.005991868998159605,-0.059960301361177776,False,False
mbe3-pgdl-transfer-confirmation-v2,B3_training_state,nonlinear_proxy_null,0.8,0.0,78,4999,estimated,240,0.298,-0.0059971048425551295,-0.07317821969540673,False,False
mbe3-pgdl-transfer-confirmation-v2,B3_training_state,nonlinear_proxy_null,0.8,0.0,79,4999,estimated,240,0.4496,-0.00389657319077477,-0.0516654377628213,False,False
mbe3-pgdl-transfer-confirmation-v2,B3_training_state,nonlinear_proxy_null,0.8,0.0,80,4999,estimated,240,0.7792,0.0012199511900148614,0.013137211688304862,False,False
mbe3-pgdl-transfer-confirmation-v2,B3_training_state,nonlinear_proxy_null,0.8,0.0,81,4999,estimated,240,0.8488,-0.0009709173898322911,-0.011721953459046778,False,False
mbe3-pgdl-transfer-confirmation-v2,B3_training_state,nonlinear_proxy_null,0.8,0.0,82,4999,estimated,240,0.5436,-0.002854295248081266,-0.034775077780224706,False,False
mbe3-pgdl-transfer-confirmation-v2,B3_training_state,nonlinear_proxy_null,0.8,0.0,83,4999,estimated,240,0.13,0.006258537902158367,0.08623565847118696,False,False
mbe3-pgdl-transfer-confirmation-v2,B3_training_state,nonlinear_proxy_null,0.8,0.0,84,4999,estimated,240,0.0084,0.0109224502876344,0.14261132612067703,False,False
mbe3-pgdl-transfer-confirmation-v2,B3_training_state,nonlinear_proxy_null,0.8,0.0,85,4999,estimated,240,0.3894,-0.0043414154695022395,-0.05451536263357454,False,False
mbe3-pgdl-transfer-confirmation-v2,B3_training_state,nonlinear_proxy_null,0.8,0.0,86,4999,estimated,240,0.4326,0.0035220742870834608,0.044858393197186756,False,False
mbe3-pgdl-transfer-confirmation-v2,B3_training_state,nonlinear_proxy_null,0.8,0.0,87,4999,estimated,240,0.3674,-0.004855729748372248,-0.06474409323281051,False,False
mbe3-pgdl-transfer-confirmation-v2,B3_training_state,nonlinear_proxy_null,0.8,0.0,88,4999,estimated,240,0.0202,0.01152794020516011,0.13800626152442083,False,False
mbe3-pgdl-transfer-confirmation-v2,B3_training_state,nonlinear_proxy_null,0.8,0.0,89,4999,estimated,240,0.6886,-0.0020209089739356254,-0.02427873938569605,False,False
mbe3-pgdl-transfer-confirmation-v2,B3_training_state,nonlinear_proxy_null,0.8,0.0,90,4999,estimated,240,0.3312,-0.004750279567745324,-0.061038609697972354,False,False
mbe3-pgdl-transfer-confirmation-v2,B3_training_state,nonlinear_proxy_null,0.8,0.0,91,4999,estimated,240,0.2162,0.005623659645080207,0.08305352850758595,False,False
mbe3-pgdl-transfer-confirmation-v2,B3_training_state,nonlinear_proxy_null,0.8,0.0,92,4999,estimated,240,0.4226,0.0038948952346885344,0.05005560917691045,False,False
mbe3-pgdl-transfer-confirmation-v2,B3_training_state,nonlinear_proxy_null,0.8,0.0,93,4999,estimated,240,0.4032,0.0040810594667886075,0.05717838223992389,False,False
mbe3-pgdl-transfer-confirmation-v2,B3_training_state,nonlinear_proxy_null,0.8,0.0,94,4999,estimated,240,0.3466,0.004772127102054386,0.06712933238644572,False,False
mbe3-pgdl-transfer-confirmation-v2,B3_training_state,nonlinear_proxy_null,0.8,0.0,95,4999,estimated,240,0.2118,-0.005224566533941423,-0.07078689586171703,False,False
mbe3-pgdl-transfer-confirmation-v2,B3_training_state,nonlinear_proxy_null,0.8,0.0,96,4999,estimated,240,0.1872,0.006142783031730538,0.08191843856382264,False,False
mbe3-pgdl-transfer-confirmation-v2,B3_training_state,nonlinear_proxy_null,0.8,0.0,97,4999,estimated,240,0.141,0.007119056020203937,0.08605691907177652,False,False
mbe3-pgdl-transfer-confirmation-v2,B3_training_state,nonlinear_proxy_null,0.8,0.0,98,4999,estimated,240,0.5374,0.0026652615701924557,0.03606129683605664,False,False
mbe3-pgdl-transfer-confirmation-v2,B3_training_state,nonlinear_proxy_null,0.8,0.0,99,4999,estimated,240,0.0888,-0.008850275742091811,-0.12296809141967623,False,False
