sample_size,repetition,scenario,expected_increment,nuisance_model,residual_p,delta_mse,refit_delta_mse_ci_low,joint_supported,predictive_supported
100,0,null_metric,False,polynomial_ridge,0.525,-0.002939912611258002,-0.002895442060252107,False,False
100,0,null_metric,False,polynomial_ridge_interactions,0.555,0.00016044374332832567,-0.0009920557000295648,False,False
100,0,nonlinear_proxy,False,polynomial_ridge,0.97,-0.0004975651399794587,-0.0018202925576324006,False,False
100,0,nonlinear_proxy,False,polynomial_ridge_interactions,0.56,-0.0002738186825515642,-0.0007273610698074707,False,False
100,0,heteroskedastic_null,False,polynomial_ridge,0.505,-0.0004379923059789712,-0.0017748387135140301,False,False
100,0,heteroskedastic_null,False,polynomial_ridge_interactions,0.55,-0.00019720909587573124,-0.0011528333834830869,False,False
100,0,clustered_null,False,polynomial_ridge,0.77,-0.03496875795168562,-0.07704815647711653,False,False
100,0,clustered_null,False,polynomial_ridge_interactions,0.635,-0.0053053034152290325,-0.054353713472457,False,False
100,0,genuine_increment,True,polynomial_ridge,0.005,0.046782751475046215,0.03323226453277196,True,True
100,0,genuine_increment,True,polynomial_ridge_interactions,0.005,0.04955744506551012,0.03277811652458381,True,True
100,1,null_metric,False,polynomial_ridge,0.735,-0.0017778699884844207,-0.0038691102179545128,False,False
100,1,null_metric,False,polynomial_ridge_interactions,0.53,-9.744759923106458e-05,-0.0014947112745024656,False,False
100,1,nonlinear_proxy,False,polynomial_ridge,0.43,-0.0004303631175232433,-0.0015689415897971743,False,False
100,1,nonlinear_proxy,False,polynomial_ridge_interactions,0.315,-2.7780388530473238e-05,-0.0008798448495522448,False,False
100,1,heteroskedastic_null,False,polynomial_ridge,0.365,-0.0011894742588180515,-0.0012689786376783299,False,False
100,1,heteroskedastic_null,False,polynomial_ridge_interactions,0.925,-0.0003171647751430331,-0.0008788794767682049,False,False
100,1,clustered_null,False,polynomial_ridge,0.355,-0.008907868650061136,-0.1516167104623596,False,False
100,1,clustered_null,False,polynomial_ridge_interactions,0.36,-0.01630294358066932,-0.07270986899338873,False,False
100,1,genuine_increment,True,polynomial_ridge,0.005,0.04278180001836532,0.02525100201612533,True,True
100,1,genuine_increment,True,polynomial_ridge_interactions,0.005,0.041222542253634864,0.02718255123903336,True,True
100,2,null_metric,False,polynomial_ridge,0.245,-0.0008744379334412761,-0.0037051595325947474,False,False
100,2,null_metric,False,polynomial_ridge_interactions,0.455,-0.0002721397741752372,-0.0012673607412679378,False,False
100,2,nonlinear_proxy,False,polynomial_ridge,0.015,9.271756808981735e-06,-0.0008894605973106093,False,False
100,2,nonlinear_proxy,False,polynomial_ridge_interactions,0.02,0.0003930429880134173,-0.0003164293598647556,False,False
100,2,heteroskedastic_null,False,polynomial_ridge,0.03,-0.0031993580899357926,-0.0032527936349207825,False,False
100,2,heteroskedastic_null,False,polynomial_ridge_interactions,0.07,-0.0009199838976362024,-0.0018764211696570667,False,False
100,2,clustered_null,False,polynomial_ridge,0.58,-0.01193395388868445,-0.10596969028471982,False,False
100,2,clustered_null,False,polynomial_ridge_interactions,0.395,-0.008086624773948704,-0.0761174634599608,False,False
100,2,genuine_increment,True,polynomial_ridge,0.005,0.05830507187777868,0.04204104689647845,True,True
100,2,genuine_increment,True,polynomial_ridge_interactions,0.005,0.05528428130137787,0.04308124529329021,True,True
100,3,null_metric,False,polynomial_ridge,0.775,-0.0008874546617544839,-0.005075504687787233,False,False
100,3,null_metric,False,polynomial_ridge_interactions,0.7,-0.0009401219721638168,-0.002303533198467084,False,False
100,3,nonlinear_proxy,False,polynomial_ridge,0.255,-0.00025702869262216824,-0.0009395079273618616,False,False
100,3,nonlinear_proxy,False,polynomial_ridge_interactions,0.07,-4.903818165004174e-06,-0.0005035376105652432,False,False
100,3,heteroskedastic_null,False,polynomial_ridge,0.195,0.00016387005792681437,-0.0019086094971357168,False,False
100,3,heteroskedastic_null,False,polynomial_ridge_interactions,0.11,-0.0003113883215517064,-0.0021329823995918143,False,False
100,3,clustered_null,False,polynomial_ridge,0.04,-0.007339897838553513,-0.056896303906545403,False,False
100,3,clustered_null,False,polynomial_ridge_interactions,0.04,-0.00363823801049833,-0.029965986177735084,False,False
100,3,genuine_increment,True,polynomial_ridge,0.005,0.04720391643486726,0.030788816673972694,True,True
100,3,genuine_increment,True,polynomial_ridge_interactions,0.005,0.045877522074419905,0.028585197579431832,True,True
100,4,null_metric,False,polynomial_ridge,0.71,-0.0011397105877728915,-0.004895618768373588,False,False
100,4,null_metric,False,polynomial_ridge_interactions,0.54,-0.0005357049231919132,-0.0025405569911689197,False,False
100,4,nonlinear_proxy,False,polynomial_ridge,0.235,-0.0007845921690604538,-0.002468137766352624,False,False
100,4,nonlinear_proxy,False,polynomial_ridge_interactions,0.755,-0.00042971455123581165,-0.0009294806011531775,False,False
100,4,heteroskedastic_null,False,polynomial_ridge,0.77,-0.0005739983040540589,-0.002835927533451197,False,False
100,4,heteroskedastic_null,False,polynomial_ridge_interactions,0.6,-0.0004625365465706129,-0.0009554490720588266,False,False
100,4,clustered_null,False,polynomial_ridge,0.945,-0.011291061273626626,-0.13875335377859355,False,False
100,4,clustered_null,False,polynomial_ridge_interactions,0.805,-0.008530094259262655,-0.0639950358664514,False,False
100,4,genuine_increment,True,polynomial_ridge,0.005,0.040966918514353835,0.028146388261741248,True,True
100,4,genuine_increment,True,polynomial_ridge_interactions,0.005,0.04195175033768435,0.028851681571604372,True,True
100,5,null_metric,False,polynomial_ridge,0.86,-0.0018253537284779395,-0.005628004435972222,False,False
100,5,null_metric,False,polynomial_ridge_interactions,0.975,-0.0009830754266165198,-0.0024185314792466864,False,False
100,5,nonlinear_proxy,False,polynomial_ridge,0.24,-0.0002622712947708602,-0.0009856491179416407,False,False
100,5,nonlinear_proxy,False,polynomial_ridge_interactions,0.36,-9.191534637900851e-05,-0.0007552874981711347,False,False
100,5,heteroskedastic_null,False,polynomial_ridge,0.385,-0.0003148649637141603,-0.002051250875219567,False,False
100,5,heteroskedastic_null,False,polynomial_ridge_interactions,0.22,-3.501960434900038e-05,-0.0011110930233439217,False,False
100,5,clustered_null,False,polynomial_ridge,0.99,-0.019935323102286386,-0.0756869204897733,False,False
100,5,clustered_null,False,polynomial_ridge_interactions,0.525,-0.009513592336575165,-0.14991185249641123,False,False
100,5,genuine_increment,True,polynomial_ridge,0.005,0.0484648554021599,0.03427785371238955,True,True
100,5,genuine_increment,True,polynomial_ridge_interactions,0.005,0.05193860995881772,0.032318034271264395,True,True
100,6,null_metric,False,polynomial_ridge,0.02,-0.0005267984162130798,-0.00895304819483219,False,False
100,6,null_metric,False,polynomial_ridge_interactions,0.01,-0.0022695738786669556,-0.003939628437412783,False,False
100,6,nonlinear_proxy,False,polynomial_ridge,0.875,-0.0005976578223464962,-0.0021992324159423853,False,False
100,6,nonlinear_proxy,False,polynomial_ridge_interactions,0.85,-0.0002177329508097868,-0.0008872286389965584,False,False
100,6,heteroskedastic_null,False,polynomial_ridge,0.105,-0.0002141644048024513,-0.0028715562406184136,False,False
100,6,heteroskedastic_null,False,polynomial_ridge_interactions,0.295,-0.0005478042666742528,-0.0024998043536487366,False,False
100,6,clustered_null,False,polynomial_ridge,0.17,-0.0031951370518506373,-0.0436905291443647,False,False
100,6,clustered_null,False,polynomial_ridge_interactions,0.585,0.00010511385031553369,-0.02889975947220357,False,False
100,6,genuine_increment,True,polynomial_ridge,0.005,0.034932518939682425,0.020541654238939264,True,True
100,6,genuine_increment,True,polynomial_ridge_interactions,0.005,0.032705235104216135,0.01955996133080691,True,True
100,7,null_metric,False,polynomial_ridge,0.165,-0.0044865477672426865,-0.007893361035918084,False,False
100,7,null_metric,False,polynomial_ridge_interactions,0.19,-0.0010425043732370243,-0.002996901308760555,False,False
100,7,nonlinear_proxy,False,polynomial_ridge,0.665,-0.0002638459435796983,-0.0012597103670938129,False,False
100,7,nonlinear_proxy,False,polynomial_ridge_interactions,0.545,4.8546815648746466e-05,-0.0008240427008738111,False,False
100,7,heteroskedastic_null,False,polynomial_ridge,0.655,-0.001161980929075824,-0.0020062199785232616,False,False
100,7,heteroskedastic_null,False,polynomial_ridge_interactions,0.67,-0.0006760914112782903,-0.0009411972987482512,False,False
100,7,clustered_null,False,polynomial_ridge,0.49,-0.023697511260207915,-0.13532631812106288,False,False
100,7,clustered_null,False,polynomial_ridge_interactions,0.945,0.004595809293327265,-0.08044285227588117,False,False
100,7,genuine_increment,True,polynomial_ridge,0.005,0.03722431285835906,0.02272968880667831,True,True
100,7,genuine_increment,True,polynomial_ridge_interactions,0.005,0.03653123398343566,0.02255566270450712,True,True
100,8,null_metric,False,polynomial_ridge,0.755,-0.0023898917448689876,-0.004320050566286816,False,False
100,8,null_metric,False,polynomial_ridge_interactions,0.535,-0.00042285097875207484,-0.001857060644430504,False,False
100,8,nonlinear_proxy,False,polynomial_ridge,0.17,0.0004806065854392177,-0.001007498166608738,False,False
100,8,nonlinear_proxy,False,polynomial_ridge_interactions,0.07,0.00013837852626541903,-0.00107084257411099,False,False
100,8,heteroskedastic_null,False,polynomial_ridge,0.235,-0.0015170335804644986,-0.0016188041104522328,False,False
100,8,heteroskedastic_null,False,polynomial_ridge_interactions,0.195,-0.0004156295122042346,-0.0008800939665905671,False,False
100,8,clustered_null,False,polynomial_ridge,0.9,-0.011861565972738231,-0.09507570985285323,False,False
100,8,clustered_null,False,polynomial_ridge_interactions,0.03,0.00046125080712861033,-0.09024801708455836,False,False
100,8,genuine_increment,True,polynomial_ridge,0.005,0.04883992352343081,0.036221624119299335,True,True
100,8,genuine_increment,True,polynomial_ridge_interactions,0.005,0.046956214619300926,0.03237018200020715,True,True
100,9,null_metric,False,polynomial_ridge,0.17,-0.0010872728889997768,-0.003404188893443242,False,False
100,9,null_metric,False,polynomial_ridge_interactions,0.1,-0.0009565529328117856,-0.0012828601410217468,False,False
100,9,nonlinear_proxy,False,polynomial_ridge,0.01,0.00045317731361217,-0.0006253853828863889,False,False
100,9,nonlinear_proxy,False,polynomial_ridge_interactions,0.095,9.488597551794275e-05,-0.0001549901221660881,False,False
100,9,heteroskedastic_null,False,polynomial_ridge,0.585,-0.003054968970400848,-0.0028147625692705068,False,False
100,9,heteroskedastic_null,False,polynomial_ridge_interactions,0.57,-0.00013173139550586195,-0.0012134906959671155,False,False
100,9,clustered_null,False,polynomial_ridge,0.16,0.028396099567844238,-0.03174257502207609,False,False
100,9,clustered_null,False,polynomial_ridge_interactions,0.58,-0.021692622138876377,-0.04499238426588368,False,False
100,9,genuine_increment,True,polynomial_ridge,0.005,0.05225655727700834,0.03623269777104467,True,True
100,9,genuine_increment,True,polynomial_ridge_interactions,0.005,0.05132738992845892,0.03695316496500143,True,True
100,10,null_metric,False,polynomial_ridge,0.595,-0.0005311242149220741,-0.003975387165191493,False,False
100,10,null_metric,False,polynomial_ridge_interactions,0.47,-0.0011943467863075943,-0.0041100541212066915,False,False
100,10,nonlinear_proxy,False,polynomial_ridge,0.715,-0.0005975510961165539,-0.0014695674336618755,False,False
100,10,nonlinear_proxy,False,polynomial_ridge_interactions,0.495,-0.00026925238588877513,-0.0008232657634334974,False,False
100,10,heteroskedastic_null,False,polynomial_ridge,0.175,-0.0005794184185377964,-0.002045134907199957,False,False
100,10,heteroskedastic_null,False,polynomial_ridge_interactions,0.395,-8.520428169304928e-05,-0.0008214522240431296,False,False
100,10,clustered_null,False,polynomial_ridge,0.04,-0.014400882190423764,-0.09923001419926171,False,False
100,10,clustered_null,False,polynomial_ridge_interactions,0.075,-0.003499240683175385,-0.07612493019628487,False,False
100,10,genuine_increment,True,polynomial_ridge,0.005,0.04203806322651735,0.028280474985242453,True,True
100,10,genuine_increment,True,polynomial_ridge_interactions,0.005,0.041528842377394175,0.02747215542236819,True,True
100,11,null_metric,False,polynomial_ridge,0.91,-0.00035225359252972,-0.004551284183796073,False,False
100,11,null_metric,False,polynomial_ridge_interactions,0.345,-0.0006619701090129528,-0.0025387404240013,False,False
100,11,nonlinear_proxy,False,polynomial_ridge,0.44,-0.001232859970119459,-0.0015128948249901169,False,False
100,11,nonlinear_proxy,False,polynomial_ridge_interactions,0.555,-0.00013433573236683403,-0.0009526920673782559,False,False
100,11,heteroskedastic_null,False,polynomial_ridge,0.14,-0.0014593505417118341,-0.003204971432117833,False,False
100,11,heteroskedastic_null,False,polynomial_ridge_interactions,0.17,-5.0275570774346856e-05,-0.0013219292239551497,False,False
100,11,clustered_null,False,polynomial_ridge,0.39,-0.019540507780298047,-0.35821852851446895,False,False
100,11,clustered_null,False,polynomial_ridge_interactions,0.42,-0.015554026436295526,-0.12387047634781628,False,False
100,11,genuine_increment,True,polynomial_ridge,0.005,0.04170179989558361,0.028477424856870277,True,True
100,11,genuine_increment,True,polynomial_ridge_interactions,0.005,0.045752530413549826,0.02602162844925301,True,True
100,12,null_metric,False,polynomial_ridge,0.865,-0.0027785774402641697,-0.005057303060257718,False,False
100,12,null_metric,False,polynomial_ridge_interactions,0.935,-0.0011134137299417014,-0.0025483312519133305,False,False
100,12,nonlinear_proxy,False,polynomial_ridge,0.4,-0.00031477984515656046,-0.0012332014339219732,False,False
100,12,nonlinear_proxy,False,polynomial_ridge_interactions,0.32,-0.0003842894935562908,-0.0006667802063133864,False,False
100,12,heteroskedastic_null,False,polynomial_ridge,0.825,-0.0011789770355033636,-0.001960150740318956,False,False
100,12,heteroskedastic_null,False,polynomial_ridge_interactions,0.88,-0.00021356605324709087,-0.000969219213402602,False,False
100,12,clustered_null,False,polynomial_ridge,0.435,-0.02455399559802146,-0.050328669187973,False,False
100,12,clustered_null,False,polynomial_ridge_interactions,0.515,-0.00684674264214993,-0.03855911828271852,False,False
100,12,genuine_increment,True,polynomial_ridge,0.005,0.04665474988132633,0.031857167676769674,True,True
100,12,genuine_increment,True,polynomial_ridge_interactions,0.015,0.049891808324508624,0.030458101861876002,True,True
100,13,null_metric,False,polynomial_ridge,0.71,-0.0039028542536568636,-0.007192139721587109,False,False
100,13,null_metric,False,polynomial_ridge_interactions,0.6,-0.0007365491883788364,-0.0030385737943421356,False,False
100,13,nonlinear_proxy,False,polynomial_ridge,0.135,-0.0006457635644880584,-0.0014893178508301986,False,False
100,13,nonlinear_proxy,False,polynomial_ridge_interactions,0.12,-0.0002589696561939884,-0.0005898229549789674,False,False
100,13,heteroskedastic_null,False,polynomial_ridge,0.125,-0.000807300976490297,-0.0024843323319290195,False,False
100,13,heteroskedastic_null,False,polynomial_ridge_interactions,0.085,0.00013183836681024928,-0.0006873758127376943,False,False
100,13,clustered_null,False,polynomial_ridge,0.005,-0.006979990411389296,-0.034878984558163226,False,False
100,13,clustered_null,False,polynomial_ridge_interactions,0.01,-0.0020944971395314427,-0.023286032700454595,False,False
100,13,genuine_increment,True,polynomial_ridge,0.005,0.05061924178474511,0.02887855850207272,True,True
100,13,genuine_increment,True,polynomial_ridge_interactions,0.005,0.04677718164780589,0.031366780074070164,True,True
100,14,null_metric,False,polynomial_ridge,0.72,-0.0038174045761461585,-0.00538854289570579,False,False
100,14,null_metric,False,polynomial_ridge_interactions,0.82,-0.00048773059570449487,-0.0019200281016663128,False,False
100,14,nonlinear_proxy,False,polynomial_ridge,0.17,0.00038034529079401195,-0.0005651994598995699,False,False
100,14,nonlinear_proxy,False,polynomial_ridge_interactions,0.67,0.0003366127908609705,-0.00024296247342732433,False,False
100,14,heteroskedastic_null,False,polynomial_ridge,0.255,-0.0006850065597960725,-0.0031504888346136,False,False
100,14,heteroskedastic_null,False,polynomial_ridge_interactions,0.155,-0.00046348293990484263,-0.0009396392852022389,False,False
100,14,clustered_null,False,polynomial_ridge,0.075,-0.002838205919194592,-0.05524008535074351,False,False
100,14,clustered_null,False,polynomial_ridge_interactions,0.735,-0.0022340069788153276,-0.03229910695254058,False,False
100,14,genuine_increment,True,polynomial_ridge,0.005,0.03397395842784964,0.019224698028258904,True,True
100,14,genuine_increment,True,polynomial_ridge_interactions,0.005,0.04268564014275514,0.023075181236374035,True,True
100,15,null_metric,False,polynomial_ridge,0.96,-0.004436890462518099,-0.008733387371470162,False,False
100,15,null_metric,False,polynomial_ridge_interactions,0.86,-6.653275745697323e-05,-0.0024708882451396734,False,False
100,15,nonlinear_proxy,False,polynomial_ridge,0.64,-0.00036873872055208194,-0.0020868469662212305,False,False
100,15,nonlinear_proxy,False,polynomial_ridge_interactions,0.375,-0.00010519501353228444,-0.0011946345419493304,False,False
100,15,heteroskedastic_null,False,polynomial_ridge,0.2,-0.00032050041259432983,-0.0016147766453115477,False,False
100,15,heteroskedastic_null,False,polynomial_ridge_interactions,0.245,-7.974592908109937e-05,-0.0007114556150635256,False,False
100,15,clustered_null,False,polynomial_ridge,0.005,-0.008601134014147981,-0.022717142582080536,False,False
100,15,clustered_null,False,polynomial_ridge_interactions,0.005,0.006435314533866369,-0.019292509550941552,False,False
100,15,genuine_increment,True,polynomial_ridge,0.01,0.05059608419739574,0.03343004296925619,True,True
100,15,genuine_increment,True,polynomial_ridge_interactions,0.005,0.05235578312293952,0.0328411925870766,True,True
100,16,null_metric,False,polynomial_ridge,0.15,-0.0003291152074387342,-0.0018759530993990331,False,False
100,16,null_metric,False,polynomial_ridge_interactions,0.135,1.3962693381840835e-05,-0.002013488598871009,False,False
100,16,nonlinear_proxy,False,polynomial_ridge,0.35,-0.0008770912562054527,-0.0019317977486708422,False,False
100,16,nonlinear_proxy,False,polynomial_ridge_interactions,0.19,-0.00032359057429421495,-0.0006826325796429908,False,False
100,16,heteroskedastic_null,False,polynomial_ridge,0.04,-0.00016863292789881003,-0.0024323118823837047,False,False
100,16,heteroskedastic_null,False,polynomial_ridge_interactions,0.04,0.00017118342210942217,-0.0015050488062831361,False,False
100,16,clustered_null,False,polynomial_ridge,0.425,-0.006317231186901898,-0.05103632910848208,False,False
100,16,clustered_null,False,polynomial_ridge_interactions,0.785,-0.0015926892602596832,-0.029773123111076,False,False
100,16,genuine_increment,True,polynomial_ridge,0.005,0.05822495895954989,0.03976283180326699,True,True
100,16,genuine_increment,True,polynomial_ridge_interactions,0.005,0.05219568924555597,0.037166323370078434,True,True
100,17,null_metric,False,polynomial_ridge,0.41,-0.0024362753719259084,-0.0048894757580497114,False,False
100,17,null_metric,False,polynomial_ridge_interactions,0.225,-0.0003863904145388307,-0.0032009663078880935,False,False
100,17,nonlinear_proxy,False,polynomial_ridge,0.89,-0.0002344630085383383,-0.001122590290046156,False,False
100,17,nonlinear_proxy,False,polynomial_ridge_interactions,0.815,-0.0003276798603394915,-0.0004627489932873995,False,False
100,17,heteroskedastic_null,False,polynomial_ridge,0.45,-0.0004263641062415349,-0.002625059676026834,False,False
100,17,heteroskedastic_null,False,polynomial_ridge_interactions,0.3,-0.0005544189394764403,-0.0013227719964602606,False,False
100,17,clustered_null,False,polynomial_ridge,0.93,-0.007969804907652124,-0.07667161325312283,False,False
100,17,clustered_null,False,polynomial_ridge_interactions,0.67,-0.0031431559031502403,-0.09634357398111647,False,False
100,17,genuine_increment,True,polynomial_ridge,0.005,0.04468430485424507,0.032284820601700334,True,True
100,17,genuine_increment,True,polynomial_ridge_interactions,0.005,0.045623013602035176,0.03099896402142908,True,True
100,18,null_metric,False,polynomial_ridge,0.46,9.065939436016246e-05,-0.0054478758643685486,False,False
100,18,null_metric,False,polynomial_ridge_interactions,0.36,-0.001529612154608076,-0.003072609956204915,False,False
100,18,nonlinear_proxy,False,polynomial_ridge,0.965,0.00041571307166414495,-0.0004028159399238117,False,False
100,18,nonlinear_proxy,False,polynomial_ridge_interactions,0.97,-0.0001851428900348246,-0.0006123283299554243,False,False
100,18,heteroskedastic_null,False,polynomial_ridge,0.465,-0.00022455615711848911,-0.0015212847605445715,False,False
100,18,heteroskedastic_null,False,polynomial_ridge_interactions,0.115,-0.00018620978389776756,-0.0008144986565788862,False,False
100,18,clustered_null,False,polynomial_ridge,0.215,-0.01843694960620728,-0.07192884306939244,False,False
100,18,clustered_null,False,polynomial_ridge_interactions,0.65,-0.013670402134142445,-0.04734332736870237,False,False
100,18,genuine_increment,True,polynomial_ridge,0.005,0.035743158916091186,0.023839056002046524,True,True
100,18,genuine_increment,True,polynomial_ridge_interactions,0.005,0.036127492047014265,0.02522637294888045,True,True
100,19,null_metric,False,polynomial_ridge,0.585,-0.0024377829228193933,-0.004409382406073586,False,False
100,19,null_metric,False,polynomial_ridge_interactions,0.775,-0.00034651280173110185,-0.0013270746891943142,False,False
100,19,nonlinear_proxy,False,polynomial_ridge,0.575,-0.0007947870532228852,-0.0018254794737353878,False,False
100,19,nonlinear_proxy,False,polynomial_ridge_interactions,0.555,-0.00047047591658693974,-0.0009201222641332428,False,False
100,19,heteroskedastic_null,False,polynomial_ridge,0.09,-0.0004686761666059594,-0.0024145014737656356,False,False
100,19,heteroskedastic_null,False,polynomial_ridge_interactions,0.23,-0.0001728885336551144,-0.001107167723025224,False,False
100,19,clustered_null,False,polynomial_ridge,0.355,-0.009226418035311379,-0.07432340319301707,False,False
100,19,clustered_null,False,polynomial_ridge_interactions,0.2,-0.014932358171801774,-0.08555363066636633,False,False
100,19,genuine_increment,True,polynomial_ridge,0.005,0.04717609388968648,0.031705141585038545,True,True
100,19,genuine_increment,True,polynomial_ridge_interactions,0.005,0.047335731530081575,0.0331001352958953,True,True
100,20,null_metric,False,polynomial_ridge,1.0,-0.004582336580084806,-0.004738608936009777,False,False
100,20,null_metric,False,polynomial_ridge_interactions,0.835,-0.001040792362617119,-0.0028167189394522323,False,False
100,20,nonlinear_proxy,False,polynomial_ridge,0.54,-0.0001868467203855707,-0.0011849259163547981,False,False
100,20,nonlinear_proxy,False,polynomial_ridge_interactions,0.795,-2.2197858107878866e-05,-0.0005299075439832237,False,False
100,20,heteroskedastic_null,False,polynomial_ridge,0.82,-0.0015391485399807447,-0.002951287966736805,False,False
100,20,heteroskedastic_null,False,polynomial_ridge_interactions,0.955,-0.0006024338332550824,-0.000996570612533607,False,False
100,20,clustered_null,False,polynomial_ridge,0.205,-0.0021056077104361845,-0.04718969174137277,False,False
100,20,clustered_null,False,polynomial_ridge_interactions,0.005,-0.0005604665622364682,-0.039077749504916735,False,False
100,20,genuine_increment,True,polynomial_ridge,0.005,0.05148484288480068,0.03744121239384585,True,True
100,20,genuine_increment,True,polynomial_ridge_interactions,0.005,0.04922292160826483,0.03367636703574104,True,True
100,21,null_metric,False,polynomial_ridge,0.305,-0.004150223388130307,-0.008895082191080017,False,False
100,21,null_metric,False,polynomial_ridge_interactions,0.235,-0.0006008334247887583,-0.0022199515437817587,False,False
100,21,nonlinear_proxy,False,polynomial_ridge,0.055,0.0002379067542470064,-0.0018538297643067435,False,False
100,21,nonlinear_proxy,False,polynomial_ridge_interactions,0.1,0.0008264824629722525,-0.0007317778939844521,False,False
100,21,heteroskedastic_null,False,polynomial_ridge,0.17,-0.000871246040593911,-0.0017489147260335903,False,False
100,21,heteroskedastic_null,False,polynomial_ridge_interactions,0.1,-0.00017806035174536532,-0.0008299611559511445,False,False
100,21,clustered_null,False,polynomial_ridge,0.385,-0.015843002189006656,-0.0728827059068514,False,False
100,21,clustered_null,False,polynomial_ridge_interactions,0.89,-0.006457027139594902,-0.05416072705768494,False,False
100,21,genuine_increment,True,polynomial_ridge,0.005,0.0406261074770185,0.029132861023239136,True,True
100,21,genuine_increment,True,polynomial_ridge_interactions,0.005,0.04139195894530337,0.02813215878974743,True,True
100,22,null_metric,False,polynomial_ridge,0.89,-0.002503118411304097,-0.004657468977635315,False,False
100,22,null_metric,False,polynomial_ridge_interactions,0.61,-0.0007977737904383032,-0.001785048836791342,False,False
100,22,nonlinear_proxy,False,polynomial_ridge,0.74,-0.000496237704240246,-0.002506138695527621,False,False
100,22,nonlinear_proxy,False,polynomial_ridge_interactions,0.81,0.00020938492718369436,-0.000823015606862749,False,False
100,22,heteroskedastic_null,False,polynomial_ridge,0.505,-0.0009823050486110433,-0.0022964478206466445,False,False
100,22,heteroskedastic_null,False,polynomial_ridge_interactions,0.13,-0.0004125327675740132,-0.0008154411962352115,False,False
100,22,clustered_null,False,polynomial_ridge,0.13,0.00018349523803019158,-0.03788393311205002,False,False
100,22,clustered_null,False,polynomial_ridge_interactions,0.005,0.003533231093871818,-0.061963361320718495,False,False
100,22,genuine_increment,True,polynomial_ridge,0.005,0.039831178018479484,0.027348731340588437,True,True
100,22,genuine_increment,True,polynomial_ridge_interactions,0.005,0.036962106279303505,0.026636364467338386,True,True
100,23,null_metric,False,polynomial_ridge,0.935,-0.0033630162967250334,-0.007406079998057274,False,False
100,23,null_metric,False,polynomial_ridge_interactions,0.56,-0.001202547143135932,-0.0026313474774021317,False,False
100,23,nonlinear_proxy,False,polynomial_ridge,0.755,0.00030560091981613954,-0.0005560772889542137,False,False
100,23,nonlinear_proxy,False,polynomial_ridge_interactions,0.505,0.00010102035884978263,-0.0005649077796620684,False,False
100,23,heteroskedastic_null,False,polynomial_ridge,0.32,-0.0009575220392908004,-0.00255697738637408,False,False
100,23,heteroskedastic_null,False,polynomial_ridge_interactions,0.49,-0.00045600762005159647,-0.0011141728668387898,False,False
100,23,clustered_null,False,polynomial_ridge,0.17,-0.007471140060821599,-0.1900064524491448,False,False
100,23,clustered_null,False,polynomial_ridge_interactions,0.885,-0.021529590118566172,-0.0916153286651362,False,False
100,23,genuine_increment,True,polynomial_ridge,0.005,0.03138422880918787,0.0189643889743301,True,True
100,23,genuine_increment,True,polynomial_ridge_interactions,0.005,0.03182611225613788,0.016699971978717178,True,True
100,24,null_metric,False,polynomial_ridge,0.365,-0.0012772380986702976,-0.004211077052553701,False,False
100,24,null_metric,False,polynomial_ridge_interactions,0.16,0.0002043406905462286,-0.0011634744359319254,False,False
100,24,nonlinear_proxy,False,polynomial_ridge,0.375,7.450947972871894e-05,-0.0017120473926744166,False,False
100,24,nonlinear_proxy,False,polynomial_ridge_interactions,0.93,-0.00014308179625163037,-0.0007927998630305992,False,False
100,24,heteroskedastic_null,False,polynomial_ridge,0.255,-0.0006471754888212715,-0.0022057014478210125,False,False
100,24,heteroskedastic_null,False,polynomial_ridge_interactions,0.195,-0.0006941299520599664,-0.0007312714825477025,False,False
100,24,clustered_null,False,polynomial_ridge,0.005,0.000280663715278677,-0.0780850804328194,False,False
100,24,clustered_null,False,polynomial_ridge_interactions,0.16,0.0017531978664932085,-0.04986538809883167,False,False
100,24,genuine_increment,True,polynomial_ridge,0.005,0.051664260268384984,0.03606151988317391,True,True
100,24,genuine_increment,True,polynomial_ridge_interactions,0.005,0.04713362552134148,0.031996823641351944,True,True
150,0,null_metric,False,polynomial_ridge,0.055,-0.0022629335320107358,-0.004638609699325562,False,False
150,0,null_metric,False,polynomial_ridge_interactions,0.12,-0.0008263385382880212,-0.0010422413769051776,False,False
150,0,nonlinear_proxy,False,polynomial_ridge,0.44,-0.00027197420529435565,-0.0008419453244230903,False,False
150,0,nonlinear_proxy,False,polynomial_ridge_interactions,0.14,-0.00024589712974746204,-0.0006420069742150231,False,False
150,0,heteroskedastic_null,False,polynomial_ridge,0.485,-0.00028061906975070106,-0.0011137895966919355,False,False
150,0,heteroskedastic_null,False,polynomial_ridge_interactions,0.715,-0.00011131365621769133,-0.0004325796785443334,False,False
150,0,clustered_null,False,polynomial_ridge,0.3,-0.006214519611315129,-0.020278946818541345,False,False
150,0,clustered_null,False,polynomial_ridge_interactions,0.45,-0.003704592772820276,-0.024451998373214767,False,False
150,0,genuine_increment,True,polynomial_ridge,0.005,0.03438058780103663,0.026319763091534793,True,True
150,0,genuine_increment,True,polynomial_ridge_interactions,0.005,0.03433512924329235,0.025809571054658417,True,True
150,1,null_metric,False,polynomial_ridge,0.355,-0.0009715509429189251,-0.0017318344511303,False,False
150,1,null_metric,False,polynomial_ridge_interactions,0.13,-0.00020491193566488444,-0.0006870890869125354,False,False
150,1,nonlinear_proxy,False,polynomial_ridge,0.015,0.0003883530592452625,-0.0001350642261206359,False,False
150,1,nonlinear_proxy,False,polynomial_ridge_interactions,0.05,0.0006339889850407862,2.9719585109437526e-05,True,True
150,1,heteroskedastic_null,False,polynomial_ridge,0.11,-0.00038226475916595254,-0.0010285489696362754,False,False
150,1,heteroskedastic_null,False,polynomial_ridge_interactions,0.06,-0.0002496944913099059,-0.000375076843064516,False,False
150,1,clustered_null,False,polynomial_ridge,0.05,-0.0035212651347798843,-0.01292315898776615,False,False
150,1,clustered_null,False,polynomial_ridge_interactions,0.62,-0.0019077509120372996,-0.00786972806919357,False,False
150,1,genuine_increment,True,polynomial_ridge,0.005,0.037375173149080225,0.026728107830222912,True,True
150,1,genuine_increment,True,polynomial_ridge_interactions,0.005,0.03522539599884941,0.024415386052453705,True,True
150,2,null_metric,False,polynomial_ridge,0.86,-0.001060957694500958,-0.0037077670903075685,False,False
150,2,null_metric,False,polynomial_ridge_interactions,0.805,-0.00023283620906409258,-0.001111245896512637,False,False
150,2,nonlinear_proxy,False,polynomial_ridge,0.995,-0.000242073406065052,-0.0007608732020795919,False,False
150,2,nonlinear_proxy,False,polynomial_ridge_interactions,0.795,-2.3094673033265817e-05,-0.00032490730616388964,False,False
150,2,heteroskedastic_null,False,polynomial_ridge,0.325,-0.0011195759894339977,-0.0014363741123847335,False,False
150,2,heteroskedastic_null,False,polynomial_ridge_interactions,0.795,-0.00015117475519632953,-0.0005398618138837798,False,False
150,2,clustered_null,False,polynomial_ridge,0.71,-0.003043035484181996,-0.01762348474212015,False,False
150,2,clustered_null,False,polynomial_ridge_interactions,0.37,0.0010487275136133907,-0.006924099133628767,False,False
150,2,genuine_increment,True,polynomial_ridge,0.005,0.04124521463789657,0.030381223325834882,True,True
150,2,genuine_increment,True,polynomial_ridge_interactions,0.005,0.042603435373761905,0.03132590795716197,True,True
150,3,null_metric,False,polynomial_ridge,0.065,0.00042388108454185017,-0.0009549996968129432,False,False
150,3,null_metric,False,polynomial_ridge_interactions,0.15,-0.0002395092269664202,-0.000812671496452134,False,False
150,3,nonlinear_proxy,False,polynomial_ridge,0.24,5.415109584948428e-05,-0.00027754717593725587,False,False
150,3,nonlinear_proxy,False,polynomial_ridge_interactions,0.31,0.0001860472180916957,-0.00018630727945273618,False,False
150,3,heteroskedastic_null,False,polynomial_ridge,0.775,-4.765599678473696e-05,-0.0006273581008449544,False,False
150,3,heteroskedastic_null,False,polynomial_ridge_interactions,0.27,-7.82036519194184e-05,-0.0006672032807188313,False,False
150,3,clustered_null,False,polynomial_ridge,0.51,-0.0026865662238193706,-0.016671256885516787,False,False
150,3,clustered_null,False,polynomial_ridge_interactions,0.675,-0.0021455773859797474,-0.006442452663862628,False,False
150,3,genuine_increment,True,polynomial_ridge,0.005,0.04171491493317256,0.029577174525988334,True,True
150,3,genuine_increment,True,polynomial_ridge_interactions,0.005,0.043660759308070306,0.029558344562806874,True,True
150,4,null_metric,False,polynomial_ridge,0.8,-0.0013834444119620246,-0.0018134796421773027,False,False
150,4,null_metric,False,polynomial_ridge_interactions,0.65,-0.0001609850054332014,-0.0009678360085008051,False,False
150,4,nonlinear_proxy,False,polynomial_ridge,0.46,-0.00038618593867247204,-0.0007902398646288703,False,False
150,4,nonlinear_proxy,False,polynomial_ridge_interactions,0.515,-0.00015504812810165566,-0.0007748660459851898,False,False
150,4,heteroskedastic_null,False,polynomial_ridge,0.085,-0.0003390873059187418,-0.0006466767960412482,False,False
150,4,heteroskedastic_null,False,polynomial_ridge_interactions,0.035,0.0002257781841862004,-0.00036280635894503127,False,False
150,4,clustered_null,False,polynomial_ridge,1.0,-0.005955975221026304,-0.013892851464889215,False,False
150,4,clustered_null,False,polynomial_ridge_interactions,0.47,-0.004818735080758706,-0.009292455549877277,False,False
150,4,genuine_increment,True,polynomial_ridge,0.005,0.03796798133362764,0.029226003807298676,True,True
150,4,genuine_increment,True,polynomial_ridge_interactions,0.005,0.03799878278082476,0.02747353007798344,True,True
150,5,null_metric,False,polynomial_ridge,0.735,-0.001478222737743784,-0.003747757699971157,False,False
150,5,null_metric,False,polynomial_ridge_interactions,0.98,-0.0005860022620842939,-0.0009234258697219828,False,False
150,5,nonlinear_proxy,False,polynomial_ridge,0.245,0.00030193786737439405,-0.0003008388380367645,False,False
150,5,nonlinear_proxy,False,polynomial_ridge_interactions,0.52,-0.0004384190310820482,-0.0005896420788053551,False,False
150,5,heteroskedastic_null,False,polynomial_ridge,0.645,-0.0005049681314663046,-0.0009541782580656584,False,False
150,5,heteroskedastic_null,False,polynomial_ridge_interactions,0.515,-0.00011210057218793198,-0.0004667742980920598,False,False
150,5,clustered_null,False,polynomial_ridge,0.13,-0.025813357297243808,-0.030357529117274122,False,False
150,5,clustered_null,False,polynomial_ridge_interactions,0.31,-0.0016192248165535703,-0.021444963944822634,False,False
150,5,genuine_increment,True,polynomial_ridge,0.005,0.04005402640647816,0.028996218542569487,True,True
150,5,genuine_increment,True,polynomial_ridge_interactions,0.005,0.03787174629152657,0.02548004733102404,True,True
150,6,null_metric,False,polynomial_ridge,0.37,-0.0012030342416356754,-0.001641954145170852,False,False
150,6,null_metric,False,polynomial_ridge_interactions,0.62,-0.00018283934737128513,-0.0009832405375505779,False,False
150,6,nonlinear_proxy,False,polynomial_ridge,0.24,-0.000528117016088573,-0.0009651581012078684,False,False
150,6,nonlinear_proxy,False,polynomial_ridge_interactions,0.175,-5.4761347599019405e-05,-0.0003805436981770562,False,False
150,6,heteroskedastic_null,False,polynomial_ridge,0.8,-0.0004558755168663567,-0.0011159451904133155,False,False
150,6,heteroskedastic_null,False,polynomial_ridge_interactions,0.845,-0.0003219653551853139,-0.0005082800589063663,False,False
150,6,clustered_null,False,polynomial_ridge,0.155,-0.008309274169790767,-0.021946215034159368,False,False
150,6,clustered_null,False,polynomial_ridge_interactions,0.125,0.004860811871011908,-0.016310565737136188,False,False
150,6,genuine_increment,True,polynomial_ridge,0.005,0.04168982750956747,0.02653392864296258,True,True
150,6,genuine_increment,True,polynomial_ridge_interactions,0.005,0.04305527710549005,0.02465553018638206,True,True
150,7,null_metric,False,polynomial_ridge,0.87,-0.00018589546583447358,-0.002012725859652605,False,False
150,7,null_metric,False,polynomial_ridge_interactions,0.775,0.0005833306687879208,-0.0009704342653270151,False,False
150,7,nonlinear_proxy,False,polynomial_ridge,0.21,8.237572350377077e-05,-0.00032233695240220484,False,False
150,7,nonlinear_proxy,False,polynomial_ridge_interactions,0.195,3.72118276171533e-05,-0.00021162535649424675,False,False
150,7,heteroskedastic_null,False,polynomial_ridge,0.855,-0.000122930677315467,-0.000845144904282675,False,False
150,7,heteroskedastic_null,False,polynomial_ridge_interactions,0.315,-0.00018549698138940317,-0.00033988285016615607,False,False
150,7,clustered_null,False,polynomial_ridge,0.855,-0.011942722874644665,-0.026405462151835327,False,False
150,7,clustered_null,False,polynomial_ridge_interactions,0.685,-0.0028870484728970823,-0.01670394134656385,False,False
150,7,genuine_increment,True,polynomial_ridge,0.005,0.03604499492704641,0.026950865679211653,True,True
150,7,genuine_increment,True,polynomial_ridge_interactions,0.005,0.03589523960045918,0.024331647394772404,True,True
150,8,null_metric,False,polynomial_ridge,0.76,-0.0021495886302749373,-0.00256244143112768,False,False
150,8,null_metric,False,polynomial_ridge_interactions,0.64,-0.0001501204221645118,-0.0008563123673907705,False,False
150,8,nonlinear_proxy,False,polynomial_ridge,0.54,-7.858087002971144e-06,-0.0005460281209236663,False,False
150,8,nonlinear_proxy,False,polynomial_ridge_interactions,0.43,-0.0001497381455537513,-0.00036168174019119743,False,False
150,8,heteroskedastic_null,False,polynomial_ridge,0.435,-0.00013037744953506465,-0.0012536422765950092,False,False
150,8,heteroskedastic_null,False,polynomial_ridge_interactions,0.305,-9.644741533884615e-05,-0.0005641777122782898,False,False
150,8,clustered_null,False,polynomial_ridge,0.2,-0.013613871944999072,-0.028460525003082708,False,False
150,8,clustered_null,False,polynomial_ridge_interactions,0.665,-0.004385995945715884,-0.028880533174488836,False,False
150,8,genuine_increment,True,polynomial_ridge,0.005,0.034788505700900245,0.02694807145696639,True,True
150,8,genuine_increment,True,polynomial_ridge_interactions,0.005,0.036026031279465846,0.028020386776455634,True,True
150,9,null_metric,False,polynomial_ridge,0.755,-0.0016194354702726947,-0.004279931647876273,False,False
150,9,null_metric,False,polynomial_ridge_interactions,0.305,0.00013424862544201763,-0.0007104670983186602,False,False
150,9,nonlinear_proxy,False,polynomial_ridge,0.54,-6.86117491297206e-05,-0.00038627399439120476,False,False
150,9,nonlinear_proxy,False,polynomial_ridge_interactions,0.755,-2.927713284086881e-05,-0.00019473596780400225,False,False
150,9,heteroskedastic_null,False,polynomial_ridge,0.695,-0.0010391928004692252,-0.0012734286411004423,False,False
150,9,heteroskedastic_null,False,polynomial_ridge_interactions,0.885,-0.00018544077030181565,-0.0006819196036598596,False,False
150,9,clustered_null,False,polynomial_ridge,0.44,-0.012656842560466924,-0.024164206251396207,False,False
150,9,clustered_null,False,polynomial_ridge_interactions,0.12,0.0020826630529994436,-0.01975053230300218,False,False
150,9,genuine_increment,True,polynomial_ridge,0.005,0.03449437708907,0.024846896604268226,True,True
150,9,genuine_increment,True,polynomial_ridge_interactions,0.005,0.03498901760819639,0.02396937244544338,True,True
150,10,null_metric,False,polynomial_ridge,0.34,-0.0015148767011541227,-0.0023234977310877,False,False
150,10,null_metric,False,polynomial_ridge_interactions,0.525,-0.0009992095026693723,-0.0008564237056712821,False,False
150,10,nonlinear_proxy,False,polynomial_ridge,0.515,0.00014753853228257566,-0.0006200430000044114,False,False
150,10,nonlinear_proxy,False,polynomial_ridge_interactions,0.31,-8.656112479635096e-05,-0.0003638608542902392,False,False
150,10,heteroskedastic_null,False,polynomial_ridge,0.295,-0.0009066670992490065,-0.001367836350124033,False,False
150,10,heteroskedastic_null,False,polynomial_ridge_interactions,0.42,-0.00020237567208033352,-0.0005157483282347543,False,False
150,10,clustered_null,False,polynomial_ridge,0.495,-0.012167430281066788,-0.030105441441125685,False,False
150,10,clustered_null,False,polynomial_ridge_interactions,0.98,-0.001580384715227555,-0.015142136057739198,False,False
150,10,genuine_increment,True,polynomial_ridge,0.005,0.039395263185982285,0.030203168510563476,True,True
150,10,genuine_increment,True,polynomial_ridge_interactions,0.005,0.04050369623206387,0.030274468854507363,True,True
150,11,null_metric,False,polynomial_ridge,0.955,3.752147381732435e-05,-0.001413101054010432,False,False
150,11,null_metric,False,polynomial_ridge_interactions,0.895,-9.797913681272238e-05,-0.0009459791424188651,False,False
150,11,nonlinear_proxy,False,polynomial_ridge,0.59,-0.00046762921786215085,-0.0007990018381984166,False,False
150,11,nonlinear_proxy,False,polynomial_ridge_interactions,0.44,9.707363107878952e-05,-0.0003891742706996211,False,False
150,11,heteroskedastic_null,False,polynomial_ridge,0.96,-0.0005922693634573114,-0.0010259293782783267,False,False
150,11,heteroskedastic_null,False,polynomial_ridge_interactions,0.765,-0.0002219786793274574,-0.00045744833771620255,False,False
150,11,clustered_null,False,polynomial_ridge,0.6,0.0013807068138564915,-0.02148167237495717,False,False
150,11,clustered_null,False,polynomial_ridge_interactions,0.5,-0.003559326541772656,-0.02245490579230706,False,False
150,11,genuine_increment,True,polynomial_ridge,0.005,0.04187213564530265,0.03137878250871763,True,True
150,11,genuine_increment,True,polynomial_ridge_interactions,0.005,0.0385796887107644,0.031132746685774183,True,True
150,12,null_metric,False,polynomial_ridge,0.905,-0.0018841561891195721,-0.003608979380582352,False,False
150,12,null_metric,False,polynomial_ridge_interactions,0.915,-0.00016110873603851494,-0.0010904978194694632,False,False
150,12,nonlinear_proxy,False,polynomial_ridge,0.27,-0.0002460195842534903,-0.0006345489946332821,False,False
150,12,nonlinear_proxy,False,polynomial_ridge_interactions,0.965,-5.511074607243444e-05,-0.0004003313292390241,False,False
150,12,heteroskedastic_null,False,polynomial_ridge,0.92,-0.001469794647301027,-0.0013255704095498865,False,False
150,12,heteroskedastic_null,False,polynomial_ridge_interactions,0.945,-0.0003774623597587144,-0.0005871196497394061,False,False
150,12,clustered_null,False,polynomial_ridge,0.05,-0.0034116022801147644,-0.011127889466370755,False,False
150,12,clustered_null,False,polynomial_ridge_interactions,0.3,-0.00041802195600322903,-0.011248470260996384,False,False
150,12,genuine_increment,True,polynomial_ridge,0.005,0.048795224059810224,0.03828073261898802,True,True
150,12,genuine_increment,True,polynomial_ridge_interactions,0.005,0.04650327709345134,0.03712990367275643,True,True
150,13,null_metric,False,polynomial_ridge,0.865,-0.0007807729629188548,-0.003096982748768766,False,False
150,13,null_metric,False,polynomial_ridge_interactions,0.855,-0.00034412056450370057,-0.0017972722768283304,False,False
150,13,nonlinear_proxy,False,polynomial_ridge,0.325,-0.00041539817300071096,-0.0005903503807948513,False,False
150,13,nonlinear_proxy,False,polynomial_ridge_interactions,0.365,-3.560833084065643e-05,-0.0002425101029506732,False,False
150,13,heteroskedastic_null,False,polynomial_ridge,0.715,-0.00035642160056050583,-0.0012256175278501028,False,False
150,13,heteroskedastic_null,False,polynomial_ridge_interactions,0.42,-0.00020172267843445411,-0.0005881731787399103,False,False
150,13,clustered_null,False,polynomial_ridge,0.265,-0.00030739943808324663,-0.018254517604206773,False,False
150,13,clustered_null,False,polynomial_ridge_interactions,0.46,-0.0014172122218811568,-0.016636284052256953,False,False
150,13,genuine_increment,True,polynomial_ridge,0.005,0.039645496389391084,0.026612973917972405,True,True
150,13,genuine_increment,True,polynomial_ridge_interactions,0.005,0.039226479574569664,0.02787012249404074,True,True
150,14,null_metric,False,polynomial_ridge,0.69,0.0006294573699438047,-0.0014546681138409806,False,False
150,14,null_metric,False,polynomial_ridge_interactions,0.965,-0.00016624538015446583,-0.0009350327700161264,False,False
150,14,nonlinear_proxy,False,polynomial_ridge,0.87,-0.00023635988393502175,-0.0004493440411443741,False,False
150,14,nonlinear_proxy,False,polynomial_ridge_interactions,0.655,5.64496309372756e-05,-0.0003145419049912781,False,False
150,14,heteroskedastic_null,False,polynomial_ridge,0.74,-0.0006674263484602715,-0.0012533072575407003,False,False
150,14,heteroskedastic_null,False,polynomial_ridge_interactions,0.4,-0.00011006642793347232,-0.0006692600736301578,False,False
150,14,clustered_null,False,polynomial_ridge,0.775,-0.006472978274049256,-0.03772198510985375,False,False
150,14,clustered_null,False,polynomial_ridge_interactions,0.52,-0.0010583131474197066,-0.02491420040815653,False,False
150,14,genuine_increment,True,polynomial_ridge,0.005,0.048492013507536666,0.03556322655066702,True,True
150,14,genuine_increment,True,polynomial_ridge_interactions,0.005,0.044347245341675424,0.03142403672150586,True,True
150,15,null_metric,False,polynomial_ridge,0.325,-0.002736761454954717,-0.004492582832783498,False,False
150,15,null_metric,False,polynomial_ridge_interactions,0.295,-8.568926771636634e-05,-0.0014205088880720846,False,False
150,15,nonlinear_proxy,False,polynomial_ridge,0.085,9.547989367445983e-05,-0.00035471647090026207,False,False
150,15,nonlinear_proxy,False,polynomial_ridge_interactions,0.01,-5.9333569646802774e-05,-0.0005936634502648825,False,False
150,15,heteroskedastic_null,False,polynomial_ridge,0.6,-0.0007184131057516811,-0.0017181389697260199,False,False
150,15,heteroskedastic_null,False,polynomial_ridge_interactions,0.93,-0.0004011445526581423,-0.0007619182650528279,False,False
150,15,clustered_null,False,polynomial_ridge,0.845,-0.015781201989168513,-0.07201770133031896,False,False
150,15,clustered_null,False,polynomial_ridge_interactions,0.89,-0.0035696322070833397,-0.022016193366465386,False,False
150,15,genuine_increment,True,polynomial_ridge,0.005,0.02781457744944209,0.01988498505100453,True,True
150,15,genuine_increment,True,polynomial_ridge_interactions,0.005,0.028351020229013604,0.019572540607242908,True,True
150,16,null_metric,False,polynomial_ridge,0.235,-0.0023058148686854393,-0.0028305096892247725,False,False
150,16,null_metric,False,polynomial_ridge_interactions,0.18,-0.0002982126666256982,-0.001316725632488953,False,False
150,16,nonlinear_proxy,False,polynomial_ridge,0.235,0.0007404598921006665,9.485417163403549e-05,False,True
150,16,nonlinear_proxy,False,polynomial_ridge_interactions,0.085,0.0004878625849540066,-5.8451035603702305e-05,False,False
150,16,heteroskedastic_null,False,polynomial_ridge,0.13,4.744954462766737e-05,-0.0007620900395379645,False,False
150,16,heteroskedastic_null,False,polynomial_ridge_interactions,0.155,-3.757081642725372e-05,-0.000435486749311948,False,False
150,16,clustered_null,False,polynomial_ridge,0.255,-0.008224361253564787,-0.03303322529631519,False,False
150,16,clustered_null,False,polynomial_ridge_interactions,0.63,-0.0043674813180077515,-0.021839641132611984,False,False
150,16,genuine_increment,True,polynomial_ridge,0.005,0.05191216033539551,0.03726311789376514,True,True
150,16,genuine_increment,True,polynomial_ridge_interactions,0.005,0.05021715935230073,0.03615648969085152,True,True
150,17,null_metric,False,polynomial_ridge,0.35,-0.00356473041701039,-0.003156471685352647,False,False
150,17,null_metric,False,polynomial_ridge_interactions,0.44,-0.00029290290816281,-0.0009347322581688812,False,False
150,17,nonlinear_proxy,False,polynomial_ridge,0.83,-0.00022394206421788056,-0.0009216066077522682,False,False
150,17,nonlinear_proxy,False,polynomial_ridge_interactions,0.485,0.00014677321017457327,-0.0005829605910160465,False,False
150,17,heteroskedastic_null,False,polynomial_ridge,0.46,-0.000830865484599725,-0.0012629667158145013,False,False
150,17,heteroskedastic_null,False,polynomial_ridge_interactions,0.665,-0.00025827384312568195,-0.0005057665448382656,False,False
150,17,clustered_null,False,polynomial_ridge,0.015,0.0024970045268417358,-0.009938202021316038,False,False
150,17,clustered_null,False,polynomial_ridge_interactions,0.005,0.005495948513230379,-0.012244556621522268,False,False
150,17,genuine_increment,True,polynomial_ridge,0.005,0.040290623426805616,0.032434090307509995,True,True
150,17,genuine_increment,True,polynomial_ridge_interactions,0.005,0.03903762561631373,0.03049667888442444,True,True
150,18,null_metric,False,polynomial_ridge,0.84,-0.000961291806858288,-0.0032480172669291543,False,False
150,18,null_metric,False,polynomial_ridge_interactions,0.77,-0.0003798266309248295,-0.0009647404195429818,False,False
150,18,nonlinear_proxy,False,polynomial_ridge,0.035,0.00012613641500565462,-0.000159559514860408,False,False
150,18,nonlinear_proxy,False,polynomial_ridge_interactions,0.05,0.0003446044175285795,-9.056185797154509e-05,False,False
150,18,heteroskedastic_null,False,polynomial_ridge,0.87,-0.00034070362341886117,-0.0010106241701802901,False,False
150,18,heteroskedastic_null,False,polynomial_ridge_interactions,0.965,-0.0004647187589115337,-0.0007343552696144983,False,False
150,18,clustered_null,False,polynomial_ridge,0.4,-0.0019391518760971567,-0.014762793143544228,False,False
150,18,clustered_null,False,polynomial_ridge_interactions,0.595,-0.0023427996073816914,-0.013035626633969538,False,False
150,18,genuine_increment,True,polynomial_ridge,0.005,0.03092740117065857,0.022844870940096754,True,True
150,18,genuine_increment,True,polynomial_ridge_interactions,0.005,0.033113907921624525,0.02145827540414321,True,True
150,19,null_metric,False,polynomial_ridge,0.95,-0.0028479711425573283,-0.003493480744371945,False,False
150,19,null_metric,False,polynomial_ridge_interactions,0.55,-0.0003013367790738776,-0.0016387116023924167,False,False
150,19,nonlinear_proxy,False,polynomial_ridge,0.25,-8.046771155772146e-05,-0.0005595798983905071,False,False
150,19,nonlinear_proxy,False,polynomial_ridge_interactions,0.85,-0.00039318581375837134,-0.0005507605057699607,False,False
150,19,heteroskedastic_null,False,polynomial_ridge,0.39,-0.00016271091219480834,-0.000906460102457206,False,False
150,19,heteroskedastic_null,False,polynomial_ridge_interactions,0.89,-2.9322482837510454e-05,-0.0005744578243005489,False,False
150,19,clustered_null,False,polynomial_ridge,0.465,-0.0014598693038813046,-0.01956734511295891,False,False
150,19,clustered_null,False,polynomial_ridge_interactions,0.19,-0.002655120705145411,-0.01788897538266241,False,False
150,19,genuine_increment,True,polynomial_ridge,0.005,0.04068390249139138,0.030242008506687103,True,True
150,19,genuine_increment,True,polynomial_ridge_interactions,0.005,0.040882057024869675,0.032283965171404756,True,True
150,20,null_metric,False,polynomial_ridge,0.09,-0.0002590932232210477,-0.0017895240113131614,False,False
150,20,null_metric,False,polynomial_ridge_interactions,0.04,-0.000273482049608028,-0.0010183140583887665,False,False
150,20,nonlinear_proxy,False,polynomial_ridge,0.555,-0.0006393681921533622,-0.0007805288436744811,False,False
150,20,nonlinear_proxy,False,polynomial_ridge_interactions,0.655,-0.00017440358186540487,-0.0005468438625608772,False,False
150,20,heteroskedastic_null,False,polynomial_ridge,0.265,-0.0010477388126049723,-0.0011269719154936816,False,False
150,20,heteroskedastic_null,False,polynomial_ridge_interactions,0.265,-0.00011043674244828015,-0.00040113318110325015,False,False
150,20,clustered_null,False,polynomial_ridge,0.09,-0.0025168505244200154,-0.012755682402340632,False,False
150,20,clustered_null,False,polynomial_ridge_interactions,0.06,0.0005076134132559022,-0.009977964984422664,False,False
150,20,genuine_increment,True,polynomial_ridge,0.005,0.04134724307799843,0.028034164988782834,True,True
150,20,genuine_increment,True,polynomial_ridge_interactions,0.005,0.04303961539390619,0.030079018247686596,True,True
150,21,null_metric,False,polynomial_ridge,0.965,-0.0005630528069090202,-0.0016956561115496602,False,False
150,21,null_metric,False,polynomial_ridge_interactions,0.745,-0.00032916786070064444,-0.0010470814404831069,False,False
150,21,nonlinear_proxy,False,polynomial_ridge,0.15,-7.900876829849274e-05,-0.0003776411228156312,False,False
150,21,nonlinear_proxy,False,polynomial_ridge_interactions,0.075,-0.00036507079289415257,-0.0004382213060349198,False,False
150,21,heteroskedastic_null,False,polynomial_ridge,0.33,-5.496914379607334e-05,-0.0006765623526721393,False,False
150,21,heteroskedastic_null,False,polynomial_ridge_interactions,0.39,-2.7787999984537487e-05,-0.0004370639768022658,False,False
150,21,clustered_null,False,polynomial_ridge,0.66,0.00020791723458501998,-0.036730285786971996,False,False
150,21,clustered_null,False,polynomial_ridge_interactions,0.33,0.000771616677429178,-0.014016772050933986,False,False
150,21,genuine_increment,True,polynomial_ridge,0.005,0.04472636575075327,0.033838586562420246,True,True
150,21,genuine_increment,True,polynomial_ridge_interactions,0.005,0.04545808545515036,0.03164528165486496,True,True
150,22,null_metric,False,polynomial_ridge,0.305,-0.004055236221179495,-0.004127391003432854,False,False
150,22,null_metric,False,polynomial_ridge_interactions,0.565,-0.0018667940824175638,-0.0027058500082948736,False,False
150,22,nonlinear_proxy,False,polynomial_ridge,0.055,-0.0003066637354204784,-0.0009891099698673027,False,False
150,22,nonlinear_proxy,False,polynomial_ridge_interactions,0.05,-0.0001111979955609587,-0.00041867943736935084,False,False
150,22,heteroskedastic_null,False,polynomial_ridge,0.38,-0.00024414605962603045,-0.0009611389421782985,False,False
150,22,heteroskedastic_null,False,polynomial_ridge_interactions,0.65,-0.00036876356971984013,-0.0005766957426238277,False,False
150,22,clustered_null,False,polynomial_ridge,0.055,-0.007343269056716634,-0.015010468362068883,False,False
150,22,clustered_null,False,polynomial_ridge_interactions,0.025,-0.0003930413716517478,-0.012672017717050128,False,False
150,22,genuine_increment,True,polynomial_ridge,0.005,0.04352452575026045,0.033340166866691764,True,True
150,22,genuine_increment,True,polynomial_ridge_interactions,0.005,0.046805859590643345,0.032031068343917814,True,True
150,23,null_metric,False,polynomial_ridge,0.89,-0.0013967703739597055,-0.0029471524753484574,False,False
150,23,null_metric,False,polynomial_ridge_interactions,0.57,-0.001623344134755969,-0.0018963824955392189,False,False
150,23,nonlinear_proxy,False,polynomial_ridge,0.665,9.890393712664713e-05,-6.407995909124057e-05,False,False
150,23,nonlinear_proxy,False,polynomial_ridge_interactions,0.25,-0.00018977346879785542,-0.00014131050081921549,False,False
150,23,heteroskedastic_null,False,polynomial_ridge,0.04,9.456000366908288e-05,-0.0008363387894904142,False,False
150,23,heteroskedastic_null,False,polynomial_ridge_interactions,0.15,-2.0701292345010752e-05,-0.0005162036493917216,False,False
150,23,clustered_null,False,polynomial_ridge,0.11,-0.002778332962554775,-0.0212373719500479,False,False
150,23,clustered_null,False,polynomial_ridge_interactions,0.105,-0.0003016633970756525,-0.007066807796400313,False,False
150,23,genuine_increment,True,polynomial_ridge,0.005,0.04282254776848057,0.032931047711569864,True,True
150,23,genuine_increment,True,polynomial_ridge_interactions,0.005,0.042488034303277064,0.031250685619143,True,True
150,24,null_metric,False,polynomial_ridge,0.11,-0.0012066078464052117,-0.002836323446285668,False,False
150,24,null_metric,False,polynomial_ridge_interactions,0.285,-0.0006107629242326877,-0.0013183060875587964,False,False
150,24,nonlinear_proxy,False,polynomial_ridge,0.505,-0.00017989885931117468,-0.00047302711868826245,False,False
150,24,nonlinear_proxy,False,polynomial_ridge_interactions,0.84,-0.0002325033197787237,-0.0005159557004395814,False,False
150,24,heteroskedastic_null,False,polynomial_ridge,0.23,-0.0002673164957301879,-0.0006216803312348326,False,False
150,24,heteroskedastic_null,False,polynomial_ridge_interactions,0.265,-6.931398446096901e-05,-0.0003748357109279026,False,False
150,24,clustered_null,False,polynomial_ridge,0.92,-0.01095801359917939,-0.02294349598368502,False,False
150,24,clustered_null,False,polynomial_ridge_interactions,0.39,0.002644702113733667,-0.01595024626718977,False,False
150,24,genuine_increment,True,polynomial_ridge,0.005,0.05448645641843079,0.043055533340465385,True,True
150,24,genuine_increment,True,polynomial_ridge_interactions,0.005,0.05333153851102772,0.03986219394765078,True,True
200,0,null_metric,False,polynomial_ridge,0.205,-0.00046170239608503763,-0.0014624868420906065,False,False
200,0,null_metric,False,polynomial_ridge_interactions,0.14,-0.0005279683974045921,-0.0008290179439435679,False,False
200,0,nonlinear_proxy,False,polynomial_ridge,0.93,-0.0003289548894303586,-0.0004935125142476498,False,False
200,0,nonlinear_proxy,False,polynomial_ridge_interactions,0.85,-9.544097672421065e-05,-0.000369161521536002,False,False
200,0,heteroskedastic_null,False,polynomial_ridge,0.705,-0.0007267928785610273,-0.0007560143847625157,False,False
200,0,heteroskedastic_null,False,polynomial_ridge_interactions,0.47,7.912891545658156e-05,-0.0002594933184827319,False,False
200,0,clustered_null,False,polynomial_ridge,0.22,-0.008920541172672478,-0.013172349211348997,False,False
200,0,clustered_null,False,polynomial_ridge_interactions,0.215,-0.003869207701460216,-0.008290498895033287,False,False
200,0,genuine_increment,True,polynomial_ridge,0.005,0.04711862567747241,0.03261197949099033,True,True
200,0,genuine_increment,True,polynomial_ridge_interactions,0.005,0.044666203666050376,0.03334848321959698,True,True
200,1,null_metric,False,polynomial_ridge,0.015,-0.0017887849013611887,-0.0024324439627814777,False,False
200,1,null_metric,False,polynomial_ridge_interactions,0.03,-0.0006071954777977888,-0.0009512809030628868,False,False
200,1,nonlinear_proxy,False,polynomial_ridge,0.03,4.8568480240953477e-05,-0.00027676518804511474,False,False
200,1,nonlinear_proxy,False,polynomial_ridge_interactions,0.065,1.4241397367695946e-05,-0.00020931323081513315,False,False
200,1,heteroskedastic_null,False,polynomial_ridge,0.645,-1.2809791437341789e-05,-0.000534895250941098,False,False
200,1,heteroskedastic_null,False,polynomial_ridge_interactions,0.68,0.00010216414782449577,-0.0002121223237154116,False,False
200,1,clustered_null,False,polynomial_ridge,0.29,-0.0028968632632661445,-0.0078999113727383,False,False
200,1,clustered_null,False,polynomial_ridge_interactions,0.25,0.00043219892893692907,-0.004653340085852367,False,False
200,1,genuine_increment,True,polynomial_ridge,0.005,0.043006022854429726,0.033470029919809054,True,True
200,1,genuine_increment,True,polynomial_ridge_interactions,0.005,0.043479985137320716,0.03267672359174352,True,True
200,2,null_metric,False,polynomial_ridge,0.995,-0.00048456483468681255,-0.001717158831452366,False,False
200,2,null_metric,False,polynomial_ridge_interactions,0.645,-0.0007066834097889142,-0.0008383712269966726,False,False
200,2,nonlinear_proxy,False,polynomial_ridge,0.555,7.10481071253509e-05,-0.0002332595049280857,False,False
200,2,nonlinear_proxy,False,polynomial_ridge_interactions,0.735,-0.00011717556993949378,-0.00038172092101083617,False,False
200,2,heteroskedastic_null,False,polynomial_ridge,0.785,-0.00028617199087968385,-0.0007931492278253719,False,False
200,2,heteroskedastic_null,False,polynomial_ridge_interactions,0.7,-0.0004048978419718581,-0.00038997151874741896,False,False
200,2,clustered_null,False,polynomial_ridge,0.875,-0.0022155753807708636,-0.006350477876734321,False,False
200,2,clustered_null,False,polynomial_ridge_interactions,0.785,-0.0011810914391875878,-0.007070111714931795,False,False
200,2,genuine_increment,True,polynomial_ridge,0.005,0.04289862872004649,0.033864936691267146,True,True
200,2,genuine_increment,True,polynomial_ridge_interactions,0.005,0.04241459363341511,0.03498636788928726,True,True
200,3,null_metric,False,polynomial_ridge,0.36,-0.001500570115819163,-0.001961719533110815,False,False
200,3,null_metric,False,polynomial_ridge_interactions,0.24,4.2020816521465276e-05,-0.0005895989098405,False,False
200,3,nonlinear_proxy,False,polynomial_ridge,0.93,1.097583594766513e-05,-3.46792566834727e-05,False,False
200,3,nonlinear_proxy,False,polynomial_ridge_interactions,0.92,0.000305504160368634,-6.681992378854816e-05,False,False
200,3,heteroskedastic_null,False,polynomial_ridge,0.115,-9.509750274489664e-06,-0.0008453022543429987,False,False
200,3,heteroskedastic_null,False,polynomial_ridge_interactions,0.065,0.0004578499531958623,-0.0002552966282402715,False,False
200,3,clustered_null,False,polynomial_ridge,0.565,-0.00238675389671034,-0.009276460158765723,False,False
200,3,clustered_null,False,polynomial_ridge_interactions,0.41,-0.0029698808774431783,-0.008514249853644875,False,False
200,3,genuine_increment,True,polynomial_ridge,0.005,0.041321969597612945,0.03394731546241523,True,True
200,3,genuine_increment,True,polynomial_ridge_interactions,0.005,0.042706340303801986,0.03460796022252489,True,True
200,4,null_metric,False,polynomial_ridge,0.055,-0.0016629097888207697,-0.0022416634022707073,False,False
200,4,null_metric,False,polynomial_ridge_interactions,0.205,-0.0002878374007881587,-0.001039377829347603,False,False
200,4,nonlinear_proxy,False,polynomial_ridge,0.06,-0.000293907749935058,-0.00045809957741774725,False,False
200,4,nonlinear_proxy,False,polynomial_ridge_interactions,0.06,-0.00022639627495362,-0.00022196744027104892,False,False
200,4,heteroskedastic_null,False,polynomial_ridge,0.04,-0.0002185359260840694,-0.0006010927489635476,False,False
200,4,heteroskedastic_null,False,polynomial_ridge_interactions,0.015,-0.000140936462181121,-0.0003909380404105366,False,False
200,4,clustered_null,False,polynomial_ridge,1.0,-0.005961435780584168,-0.01228848941413562,False,False
200,4,clustered_null,False,polynomial_ridge_interactions,0.705,-0.00199192723409769,-0.005177647503865739,False,False
200,4,genuine_increment,True,polynomial_ridge,0.005,0.04079653789134946,0.03267000150556456,True,True
200,4,genuine_increment,True,polynomial_ridge_interactions,0.005,0.0406079360061936,0.031765502332848215,True,True
200,5,null_metric,False,polynomial_ridge,0.475,-0.00025077969851007575,-0.001528372184641306,False,False
200,5,null_metric,False,polynomial_ridge_interactions,0.44,0.0004741598571259137,-0.0004902963228940492,False,False
200,5,nonlinear_proxy,False,polynomial_ridge,0.045,0.0003075896599312785,-0.0002986372056156833,False,False
200,5,nonlinear_proxy,False,polynomial_ridge_interactions,0.07,0.0003874297331831105,-0.00022749316108965656,False,False
200,5,heteroskedastic_null,False,polynomial_ridge,0.56,-0.0003838540106464311,-0.0008674033668970636,False,False
200,5,heteroskedastic_null,False,polynomial_ridge_interactions,0.54,-0.0001348580315103983,-0.0002564959961887217,False,False
200,5,clustered_null,False,polynomial_ridge,0.475,-0.002780710515795995,-0.013339340790135632,False,False
200,5,clustered_null,False,polynomial_ridge_interactions,0.84,-0.001356360626088824,-0.0066935526880625585,False,False
200,5,genuine_increment,True,polynomial_ridge,0.005,0.04564185016988704,0.03671218530782643,True,True
200,5,genuine_increment,True,polynomial_ridge_interactions,0.005,0.04557063312194295,0.03640896850421194,True,True
200,6,null_metric,False,polynomial_ridge,1.0,-0.0016809631436667874,-0.002464608514877622,False,False
200,6,null_metric,False,polynomial_ridge_interactions,0.615,-0.00038880877346107734,-0.001046188025486184,False,False
200,6,nonlinear_proxy,False,polynomial_ridge,0.05,-0.0004166742090728863,-0.0004778103116862331,False,False
200,6,nonlinear_proxy,False,polynomial_ridge_interactions,0.005,-2.303035129884619e-06,-0.0002586426924704323,False,False
200,6,heteroskedastic_null,False,polynomial_ridge,0.49,-0.0002386080082200457,-0.0004486384610095661,False,False
200,6,heteroskedastic_null,False,polynomial_ridge_interactions,0.94,-0.00012895652601166863,-0.0005057387969739781,False,False
200,6,clustered_null,False,polynomial_ridge,0.135,-0.0008506410658267426,-0.008240283174973963,False,False
200,6,clustered_null,False,polynomial_ridge_interactions,0.44,0.00032354108185187955,-0.005971460999405996,False,False
200,6,genuine_increment,True,polynomial_ridge,0.005,0.043211495395242314,0.032169761725630755,True,True
200,6,genuine_increment,True,polynomial_ridge_interactions,0.005,0.04123852086280016,0.029524463928691895,True,True
200,7,null_metric,False,polynomial_ridge,0.655,-0.0016701354879917474,-0.0020400543857188617,False,False
200,7,null_metric,False,polynomial_ridge_interactions,0.95,-0.0003936941413935531,-0.0008031405676057919,False,False
200,7,nonlinear_proxy,False,polynomial_ridge,0.205,0.00021439424503853256,-0.0004437232102962963,False,False
200,7,nonlinear_proxy,False,polynomial_ridge_interactions,0.61,-6.0384757383823325e-05,-0.0002811841668294463,False,False
200,7,heteroskedastic_null,False,polynomial_ridge,0.235,-0.00016210764963698384,-0.0006521933131167157,False,False
200,7,heteroskedastic_null,False,polynomial_ridge_interactions,0.165,-6.999347119196996e-05,-0.00021545897716760266,False,False
200,7,clustered_null,False,polynomial_ridge,0.815,-0.004706305503564469,-0.006688273727073567,False,False
200,7,clustered_null,False,polynomial_ridge_interactions,0.51,-0.001750746600126158,-0.0049443142802002345,False,False
200,7,genuine_increment,True,polynomial_ridge,0.005,0.04698377484082414,0.03776316555985183,True,True
200,7,genuine_increment,True,polynomial_ridge_interactions,0.005,0.0465323637961296,0.03657817780141803,True,True
200,8,null_metric,False,polynomial_ridge,0.415,-0.0015822275371697551,-0.002096652392260653,False,False
200,8,null_metric,False,polynomial_ridge_interactions,0.405,-0.00034688849018030266,-0.0006338249840252219,False,False
200,8,nonlinear_proxy,False,polynomial_ridge,0.165,0.00017096724729324594,-0.0001741511555861574,False,False
200,8,nonlinear_proxy,False,polynomial_ridge_interactions,0.29,0.0001513802680681584,1.7620111146330167e-05,False,True
200,8,heteroskedastic_null,False,polynomial_ridge,0.255,-0.00012588287888044315,-0.0006728103880080265,False,False
200,8,heteroskedastic_null,False,polynomial_ridge_interactions,0.47,0.00030944079753781467,-0.00021196727831411115,False,False
200,8,clustered_null,False,polynomial_ridge,0.225,0.0009957131242690764,-0.007781349367901243,False,False
200,8,clustered_null,False,polynomial_ridge_interactions,0.66,-0.003298120859392229,-0.007362590195223651,False,False
200,8,genuine_increment,True,polynomial_ridge,0.005,0.03877320432892497,0.02832722366819838,True,True
200,8,genuine_increment,True,polynomial_ridge_interactions,0.005,0.036736338769850475,0.028480069230690803,True,True
200,9,null_metric,False,polynomial_ridge,0.83,-0.000644799492504896,-0.0017286889679987737,False,False
200,9,null_metric,False,polynomial_ridge_interactions,0.875,2.78682554958401e-05,-0.0003045452214093273,False,False
200,9,nonlinear_proxy,False,polynomial_ridge,0.95,-0.0002677511901885265,-0.00042881186721672044,False,False
200,9,nonlinear_proxy,False,polynomial_ridge_interactions,0.805,-2.6749859101499532e-05,-0.00026264497501865504,False,False
200,9,heteroskedastic_null,False,polynomial_ridge,0.12,-0.00023553727649508992,-0.0009218136592158712,False,False
200,9,heteroskedastic_null,False,polynomial_ridge_interactions,0.045,-0.00017589285529193664,-0.0006638003749105729,False,False
200,9,clustered_null,False,polynomial_ridge,0.235,-0.0018075582093967854,-0.012226674060968336,False,False
200,9,clustered_null,False,polynomial_ridge_interactions,0.655,-0.0003510336817977959,-0.006461397668431149,False,False
200,9,genuine_increment,True,polynomial_ridge,0.005,0.03897045895954086,0.029448672812373552,True,True
200,9,genuine_increment,True,polynomial_ridge_interactions,0.005,0.036616985715658315,0.02989972059684815,True,True
200,10,null_metric,False,polynomial_ridge,0.11,-0.001401660157692771,-0.0018068468995532858,False,False
200,10,null_metric,False,polynomial_ridge_interactions,0.13,-0.0007651020005193278,-0.0011726942080905237,False,False
200,10,nonlinear_proxy,False,polynomial_ridge,0.185,-0.00020305305266111844,-0.000656332658116914,False,False
200,10,nonlinear_proxy,False,polynomial_ridge_interactions,0.165,0.00021835024295902353,-0.0002824049270694808,False,False
200,10,heteroskedastic_null,False,polynomial_ridge,0.91,8.941515008408212e-05,-0.000372241489433027,False,False
200,10,heteroskedastic_null,False,polynomial_ridge_interactions,0.475,-3.262423821381345e-05,-0.000313689582268546,False,False
200,10,clustered_null,False,polynomial_ridge,0.105,-0.002219495632231474,-0.004319312590039747,False,False
200,10,clustered_null,False,polynomial_ridge_interactions,0.035,0.0005371450012853357,-0.00462949467941934,False,False
200,10,genuine_increment,True,polynomial_ridge,0.005,0.04238707047057838,0.03216627575647026,True,True
200,10,genuine_increment,True,polynomial_ridge_interactions,0.005,0.03778469100665355,0.03113749591140327,True,True
200,11,null_metric,False,polynomial_ridge,0.665,-0.0006620710483719559,-0.0017450497927959528,False,False
200,11,null_metric,False,polynomial_ridge_interactions,0.985,-0.00023046106934778224,-0.0007353544087900902,False,False
200,11,nonlinear_proxy,False,polynomial_ridge,0.01,0.00022610820618314872,-0.00038017408102436424,False,False
200,11,nonlinear_proxy,False,polynomial_ridge_interactions,0.01,0.00032553616070640605,-0.00010307641359208106,False,False
200,11,heteroskedastic_null,False,polynomial_ridge,0.135,-0.0010531076710565482,-0.001083846926062841,False,False
200,11,heteroskedastic_null,False,polynomial_ridge_interactions,0.39,-5.551412499432175e-05,-0.0004058805069135072,False,False
200,11,clustered_null,False,polynomial_ridge,0.765,-2.446068199249765e-05,-0.004140927133832996,False,False
200,11,clustered_null,False,polynomial_ridge_interactions,0.61,-0.0023402041914748345,-0.005416523854019166,False,False
200,11,genuine_increment,True,polynomial_ridge,0.005,0.034620474181908785,0.026304781333362625,True,True
200,11,genuine_increment,True,polynomial_ridge_interactions,0.005,0.03532854693945506,0.027851649606806268,True,True
200,12,null_metric,False,polynomial_ridge,0.09,-0.0014287157365652954,-0.0024020660008730694,False,False
200,12,null_metric,False,polynomial_ridge_interactions,0.265,-0.00043703478319203487,-0.0008841122821955164,False,False
200,12,nonlinear_proxy,False,polynomial_ridge,0.44,-2.035081454334481e-05,-0.00034457759253595356,False,False
200,12,nonlinear_proxy,False,polynomial_ridge_interactions,0.305,-0.00018654489901025108,-0.00017638327135077888,False,False
200,12,heteroskedastic_null,False,polynomial_ridge,0.66,-0.0011970282629423616,-0.0011643371001460194,False,False
200,12,heteroskedastic_null,False,polynomial_ridge_interactions,0.59,-0.0001656959888837236,-0.0005171787825809257,False,False
200,12,clustered_null,False,polynomial_ridge,0.025,-0.0018198839079066158,-0.011452234613749748,False,False
200,12,clustered_null,False,polynomial_ridge_interactions,0.065,-0.0016049232120537126,-0.006236453179130969,False,False
200,12,genuine_increment,True,polynomial_ridge,0.005,0.040539140155583776,0.031046150655311553,True,True
200,12,genuine_increment,True,polynomial_ridge_interactions,0.005,0.04016337978306808,0.03054201806716377,True,True
200,13,null_metric,False,polynomial_ridge,0.005,0.0006058492976520405,-0.0009075230382194532,False,False
200,13,null_metric,False,polynomial_ridge_interactions,0.005,0.00046014386252237263,-0.0006196192497327664,False,False
200,13,nonlinear_proxy,False,polynomial_ridge,0.765,-0.0003520024149691334,-0.0006734729245719343,False,False
200,13,nonlinear_proxy,False,polynomial_ridge_interactions,0.455,-0.00017574713188333712,-0.00040528550473212824,False,False
200,13,heteroskedastic_null,False,polynomial_ridge,0.365,-0.00020384461219369234,-0.0005635183312254588,False,False
200,13,heteroskedastic_null,False,polynomial_ridge_interactions,0.2,-3.100918873260531e-05,-0.00024115712879717977,False,False
200,13,clustered_null,False,polynomial_ridge,0.84,-0.0013639017346301074,-0.021216664149121295,False,False
200,13,clustered_null,False,polynomial_ridge_interactions,0.91,-0.0032902235466323454,-0.009148355342035444,False,False
200,13,genuine_increment,True,polynomial_ridge,0.005,0.04465711583314775,0.031951893903469836,True,True
200,13,genuine_increment,True,polynomial_ridge_interactions,0.005,0.041132717837112476,0.0317961774811577,True,True
200,14,null_metric,False,polynomial_ridge,0.21,-0.000915928241065584,-0.001493150152435423,False,False
200,14,null_metric,False,polynomial_ridge_interactions,0.135,-0.0002636612134410965,-0.0005824119751483697,False,False
200,14,nonlinear_proxy,False,polynomial_ridge,0.72,-9.301178700011226e-05,-0.0004705501792392758,False,False
200,14,nonlinear_proxy,False,polynomial_ridge_interactions,0.485,-0.0002024210638886274,-0.0005295924950148424,False,False
200,14,heteroskedastic_null,False,polynomial_ridge,0.955,-0.0005301281886318284,-0.0010274747205582973,False,False
200,14,heteroskedastic_null,False,polynomial_ridge_interactions,0.505,-4.414234204745855e-05,-0.00040110660662692277,False,False
200,14,clustered_null,False,polynomial_ridge,0.785,-0.004667085609193284,-0.013618774847988999,False,False
200,14,clustered_null,False,polynomial_ridge_interactions,0.245,-0.0005145789620735301,-0.006630754981806875,False,False
200,14,genuine_increment,True,polynomial_ridge,0.005,0.041974610987815394,0.0322848878186322,True,True
200,14,genuine_increment,True,polynomial_ridge_interactions,0.005,0.04302363223826676,0.03173517830897429,True,True
200,15,null_metric,False,polynomial_ridge,0.295,-0.001142731615059095,-0.0023307260676576906,False,False
200,15,null_metric,False,polynomial_ridge_interactions,0.57,-0.0004221800944678618,-0.00134950973904158,False,False
200,15,nonlinear_proxy,False,polynomial_ridge,0.44,-3.913381567480483e-05,-0.0003307028769887931,False,False
200,15,nonlinear_proxy,False,polynomial_ridge_interactions,0.48,-7.186997859281834e-05,-0.00021753088980853167,False,False
200,15,heteroskedastic_null,False,polynomial_ridge,0.11,-0.00016496091204401542,-0.0007461876249050985,False,False
200,15,heteroskedastic_null,False,polynomial_ridge_interactions,0.215,-7.805376710018179e-05,-0.0004852694488568479,False,False
200,15,clustered_null,False,polynomial_ridge,0.24,-0.007313991055286271,-0.013315976051979973,False,False
200,15,clustered_null,False,polynomial_ridge_interactions,0.62,-0.006095661568503226,-0.010171471226783552,False,False
200,15,genuine_increment,True,polynomial_ridge,0.005,0.045367046333225185,0.03640532940314913,True,True
200,15,genuine_increment,True,polynomial_ridge_interactions,0.005,0.04755377496122528,0.03617498647089901,True,True
200,16,null_metric,False,polynomial_ridge,0.135,-0.0009187178570730127,-0.0018579843964017788,False,False
200,16,null_metric,False,polynomial_ridge_interactions,0.165,-0.0004986992036042429,-0.001149063383336362,False,False
200,16,nonlinear_proxy,False,polynomial_ridge,0.85,-0.0001246147199554749,-0.00027036100416509567,False,False
200,16,nonlinear_proxy,False,polynomial_ridge_interactions,0.79,-8.313567603074161e-05,-0.0003595364128380734,False,False
200,16,heteroskedastic_null,False,polynomial_ridge,0.62,-0.0006819596869379434,-0.000753839507805096,False,False
200,16,heteroskedastic_null,False,polynomial_ridge_interactions,0.57,-0.00012148989636402187,-0.0003320551470579018,False,False
200,16,clustered_null,False,polynomial_ridge,0.69,-0.009641393552584865,-0.01628789580881264,False,False
200,16,clustered_null,False,polynomial_ridge_interactions,0.67,-0.0026744443421008943,-0.009317555904338465,False,False
200,16,genuine_increment,True,polynomial_ridge,0.005,0.04853966835377008,0.03891876248066505,True,True
200,16,genuine_increment,True,polynomial_ridge_interactions,0.005,0.04711452468374028,0.03729147263796579,True,True
200,17,null_metric,False,polynomial_ridge,0.015,0.00010683597907171563,-0.0012102027844918901,False,False
200,17,null_metric,False,polynomial_ridge_interactions,0.01,0.00024782033025164477,-0.0002313911617089332,False,False
200,17,nonlinear_proxy,False,polynomial_ridge,0.195,-0.0001495364195167265,-0.0003751752276278719,False,False
200,17,nonlinear_proxy,False,polynomial_ridge_interactions,0.77,-5.788866341594617e-05,-0.00023064324186268954,False,False
200,17,heteroskedastic_null,False,polynomial_ridge,0.37,-0.00014645084711259124,-0.0007397633617885881,False,False
200,17,heteroskedastic_null,False,polynomial_ridge_interactions,0.315,-0.000144369476714111,-0.00023064951179436726,False,False
200,17,clustered_null,False,polynomial_ridge,0.555,-0.006388425877203716,-0.008421368743226272,False,False
200,17,clustered_null,False,polynomial_ridge_interactions,0.385,0.0007721424161306403,-0.005438195655776792,False,False
200,17,genuine_increment,True,polynomial_ridge,0.005,0.04388562266490849,0.03193890005871932,True,True
200,17,genuine_increment,True,polynomial_ridge_interactions,0.005,0.04173243078006542,0.031136302133018195,True,True
200,18,null_metric,False,polynomial_ridge,0.27,-0.0019246722296767244,-0.0023118732528536546,False,False
200,18,null_metric,False,polynomial_ridge_interactions,0.265,-0.00015565080684612834,-0.0009840035967143385,False,False
200,18,nonlinear_proxy,False,polynomial_ridge,0.355,-0.00014620174359089664,-0.00026882444828896533,False,False
200,18,nonlinear_proxy,False,polynomial_ridge_interactions,0.16,-3.826572908295547e-05,-0.0001913254229541106,False,False
200,18,heteroskedastic_null,False,polynomial_ridge,0.01,-0.0005670156560571554,-0.001285602672296467,False,False
200,18,heteroskedastic_null,False,polynomial_ridge_interactions,0.005,-0.00017743507104263367,-0.0008771624330373786,False,False
200,18,clustered_null,False,polynomial_ridge,0.18,-0.006600133956865498,-0.01140704245194328,False,False
200,18,clustered_null,False,polynomial_ridge_interactions,0.16,-0.0030910006285811455,-0.007300515529220975,False,False
200,18,genuine_increment,True,polynomial_ridge,0.005,0.035254179289286966,0.026647496810205007,True,True
200,18,genuine_increment,True,polynomial_ridge_interactions,0.005,0.03477614939682964,0.026039640181228403,True,True
200,19,null_metric,False,polynomial_ridge,0.915,-0.000609587528433618,-0.0016755476018334877,False,False
200,19,null_metric,False,polynomial_ridge_interactions,0.64,-0.0005071879558150201,-0.0007551802349755842,False,False
200,19,nonlinear_proxy,False,polynomial_ridge,0.2,4.6773456379743845e-05,-0.00033707622008188946,False,False
200,19,nonlinear_proxy,False,polynomial_ridge_interactions,0.26,8.942016569099022e-06,-0.0002732376089379896,False,False
200,19,heteroskedastic_null,False,polynomial_ridge,0.795,-0.0008466915227663321,-0.000995938656010465,False,False
200,19,heteroskedastic_null,False,polynomial_ridge_interactions,0.97,2.467576384832318e-05,-0.0003717107063956047,False,False
200,19,clustered_null,False,polynomial_ridge,0.93,-0.0013403615387373603,-0.006818412669982277,False,False
200,19,clustered_null,False,polynomial_ridge_interactions,0.995,-0.0014603874388218682,-0.003194237426509781,False,False
200,19,genuine_increment,True,polynomial_ridge,0.005,0.04806287179436461,0.03565848851881004,True,True
200,19,genuine_increment,True,polynomial_ridge_interactions,0.005,0.045353617454044336,0.034849322146867624,True,True
200,20,null_metric,False,polynomial_ridge,0.61,-0.00020800784016235252,-0.001462221376111849,False,False
200,20,null_metric,False,polynomial_ridge_interactions,0.75,-0.0006576015577626146,-0.0007968431342039907,False,False
200,20,nonlinear_proxy,False,polynomial_ridge,0.01,-0.0002836317826829596,-0.0007933778423865113,False,False
200,20,nonlinear_proxy,False,polynomial_ridge_interactions,0.015,-0.000331706840802538,-0.0005803352067398806,False,False
200,20,heteroskedastic_null,False,polynomial_ridge,0.74,-0.00031843508964032874,-0.0005515867613241746,False,False
200,20,heteroskedastic_null,False,polynomial_ridge_interactions,0.77,-0.0001834624690305927,-0.0003426272933299645,False,False
200,20,clustered_null,False,polynomial_ridge,0.625,-0.013624867794668642,-0.01302382223482511,False,False
200,20,clustered_null,False,polynomial_ridge_interactions,0.84,-0.003241793066582198,-0.007163285606736275,False,False
200,20,genuine_increment,True,polynomial_ridge,0.005,0.03478551579505493,0.02835418918040906,True,True
200,20,genuine_increment,True,polynomial_ridge_interactions,0.005,0.0363277040808661,0.02727583594019967,True,True
200,21,null_metric,False,polynomial_ridge,0.76,-0.0021567690999776262,-0.0016416593192078402,False,False
200,21,null_metric,False,polynomial_ridge_interactions,0.715,0.00010318477850140492,-0.0005166093977368575,False,False
200,21,nonlinear_proxy,False,polynomial_ridge,0.21,-0.00038303631635789193,-0.0004021926890765179,False,False
200,21,nonlinear_proxy,False,polynomial_ridge_interactions,0.24,-7.814307544500455e-05,-0.00033624870020898794,False,False
200,21,heteroskedastic_null,False,polynomial_ridge,0.405,-3.133488210358727e-05,-0.0006173168101639312,False,False
200,21,heteroskedastic_null,False,polynomial_ridge_interactions,0.3,-4.6688759920478565e-05,-0.00020124727004606238,False,False
200,21,clustered_null,False,polynomial_ridge,0.59,-0.007540303401967201,-0.012898079781548,False,False
200,21,clustered_null,False,polynomial_ridge_interactions,0.875,-0.0024823091731926428,-0.009145963107587541,False,False
200,21,genuine_increment,True,polynomial_ridge,0.005,0.046101035094069,0.03470864976127793,True,True
200,21,genuine_increment,True,polynomial_ridge_interactions,0.005,0.04469604263780862,0.033921848164577356,True,True
200,22,null_metric,False,polynomial_ridge,0.795,-0.0020992091163730756,-0.0017680335659943937,False,False
200,22,null_metric,False,polynomial_ridge_interactions,0.785,-0.0005028855068227936,-0.0009411892235649175,False,False
200,22,nonlinear_proxy,False,polynomial_ridge,0.415,-0.0003096182899691227,-0.0006438642151999872,False,False
200,22,nonlinear_proxy,False,polynomial_ridge_interactions,0.345,7.310015663568141e-05,-0.0004588369224276589,False,False
200,22,heteroskedastic_null,False,polynomial_ridge,0.085,5.4702545524155585e-05,-0.00041330967739166327,False,False
200,22,heteroskedastic_null,False,polynomial_ridge_interactions,0.015,8.439754924369214e-05,-0.00028945221452762987,False,False
200,22,clustered_null,False,polynomial_ridge,0.43,-0.0003522436080558985,-0.003094584030785229,False,False
200,22,clustered_null,False,polynomial_ridge_interactions,0.61,0.0006640064068429638,-0.0033531296953728854,False,False
200,22,genuine_increment,True,polynomial_ridge,0.005,0.046405974107765424,0.0362501911310995,True,True
200,22,genuine_increment,True,polynomial_ridge_interactions,0.005,0.044321943663762714,0.0353167125318597,True,True
200,23,null_metric,False,polynomial_ridge,0.305,-0.00256845956345908,-0.0020756592707303245,False,False
200,23,null_metric,False,polynomial_ridge_interactions,0.3,-0.0006247019466434217,-0.0007466481988169718,False,False
200,23,nonlinear_proxy,False,polynomial_ridge,0.005,-7.574996850842012e-05,-0.00030666177921856734,False,False
200,23,nonlinear_proxy,False,polynomial_ridge_interactions,0.005,0.0001461582361455445,-0.00013952594761179504,False,False
200,23,heteroskedastic_null,False,polynomial_ridge,0.87,-0.00034554926094308193,-0.0009265205887041868,False,False
200,23,heteroskedastic_null,False,polynomial_ridge_interactions,0.215,-0.00013801900521214112,-0.00034502752411732254,False,False
200,23,clustered_null,False,polynomial_ridge,0.795,-0.0065840616524467654,-0.017769351506216377,False,False
200,23,clustered_null,False,polynomial_ridge_interactions,0.635,-0.003284014476201698,-0.013862097588233672,False,False
200,23,genuine_increment,True,polynomial_ridge,0.005,0.036608557166830195,0.026390367685765487,True,True
200,23,genuine_increment,True,polynomial_ridge_interactions,0.005,0.03595184865536474,0.026488095666898782,True,True
200,24,null_metric,False,polynomial_ridge,0.205,-0.0001931827586320392,-0.0015540289859623416,False,False
200,24,null_metric,False,polynomial_ridge_interactions,0.15,-0.00018056270591985252,-0.0004857528265296895,False,False
200,24,nonlinear_proxy,False,polynomial_ridge,0.415,-0.0002873055242432641,-0.0004606023820622551,False,False
200,24,nonlinear_proxy,False,polynomial_ridge_interactions,0.745,-2.5924371290250367e-05,-0.0002673886640883145,False,False
200,24,heteroskedastic_null,False,polynomial_ridge,0.49,-0.0006250629638219745,-0.0008177821499398402,False,False
200,24,heteroskedastic_null,False,polynomial_ridge_interactions,0.345,0.0001308557192352157,-0.0002410756431017417,False,False
200,24,clustered_null,False,polynomial_ridge,0.085,-5.64968102653024e-05,-0.008637148725175256,False,False
200,24,clustered_null,False,polynomial_ridge_interactions,0.11,-0.002950752231364387,-0.013739319053104432,False,False
200,24,genuine_increment,True,polynomial_ridge,0.005,0.04386835304222232,0.03379115566594252,True,True
200,24,genuine_increment,True,polynomial_ridge_interactions,0.005,0.04480695857550679,0.0351712479587638,True,True
300,0,null_metric,False,polynomial_ridge,0.535,-0.000339789839943809,-0.001023197233404226,False,False
300,0,null_metric,False,polynomial_ridge_interactions,0.705,-0.0002335382769755416,-0.000468461405529318,False,False
300,0,nonlinear_proxy,False,polynomial_ridge,0.77,-5.34494046053359e-05,-0.00017832111713613012,False,False
300,0,nonlinear_proxy,False,polynomial_ridge_interactions,0.785,8.213007806151962e-05,-0.00012965537552934173,False,False
300,0,heteroskedastic_null,False,polynomial_ridge,0.635,-0.00030856722478214173,-0.0006312928377581207,False,False
300,0,heteroskedastic_null,False,polynomial_ridge_interactions,0.97,-0.00010374527786881707,-0.00027442962174776793,False,False
300,0,clustered_null,False,polynomial_ridge,0.98,-0.0009352051591079366,-0.003585480350374938,False,False
300,0,clustered_null,False,polynomial_ridge_interactions,0.455,-0.00033978339799368637,-0.004098848000450692,False,False
300,0,genuine_increment,True,polynomial_ridge,0.005,0.038853597479683186,0.03323532511803503,True,True
300,0,genuine_increment,True,polynomial_ridge_interactions,0.005,0.03970013335182783,0.03195765300806361,True,True
300,1,null_metric,False,polynomial_ridge,0.315,0.00021027586759196984,-0.0011464423308788648,False,False
300,1,null_metric,False,polynomial_ridge_interactions,0.555,-0.00039470792421736,-0.0005153877571097618,False,False
300,1,nonlinear_proxy,False,polynomial_ridge,0.065,0.00029987845915454333,-4.966651671941273e-05,False,False
300,1,nonlinear_proxy,False,polynomial_ridge_interactions,0.02,0.00041897080265988155,-3.1342292653915594e-06,False,False
300,1,heteroskedastic_null,False,polynomial_ridge,0.63,-0.00014414581622912512,-0.00030066647408577286,False,False
300,1,heteroskedastic_null,False,polynomial_ridge_interactions,0.87,-2.521229458846315e-05,-0.00016662691563573364,False,False
300,1,clustered_null,False,polynomial_ridge,0.215,0.00024482616379753117,-0.003894901297353407,False,False
300,1,clustered_null,False,polynomial_ridge_interactions,0.3,-0.0011267111644060468,-0.004413264337875947,False,False
300,1,genuine_increment,True,polynomial_ridge,0.005,0.04692117103995304,0.036826416389823216,True,True
300,1,genuine_increment,True,polynomial_ridge_interactions,0.005,0.043527767814382744,0.03529892814801436,True,True
300,2,null_metric,False,polynomial_ridge,0.95,-0.0007048625157152974,-0.0014649930273756767,False,False
300,2,null_metric,False,polynomial_ridge_interactions,0.615,0.00010748209472114315,-0.0003551988333164089,False,False
300,2,nonlinear_proxy,False,polynomial_ridge,0.235,-5.3410012482686155e-05,-0.00028643263250116975,False,False
300,2,nonlinear_proxy,False,polynomial_ridge_interactions,0.48,0.00011794385412350165,-0.0001619918403452458,False,False
300,2,heteroskedastic_null,False,polynomial_ridge,0.7,-0.00016243597253784957,-0.0005143198043629873,False,False
300,2,heteroskedastic_null,False,polynomial_ridge_interactions,0.565,-9.338248450736775e-05,-0.0002582458128535826,False,False
300,2,clustered_null,False,polynomial_ridge,0.97,-0.0006771462122472163,-0.0022172523729757916,False,False
300,2,clustered_null,False,polynomial_ridge_interactions,0.87,-0.00043836641572100876,-0.0014323566740188079,False,False
300,2,genuine_increment,True,polynomial_ridge,0.005,0.04163252644388482,0.0331667018788991,True,True
300,2,genuine_increment,True,polynomial_ridge_interactions,0.005,0.03940757518507458,0.033439680860658516,True,True
300,3,null_metric,False,polynomial_ridge,0.305,-0.001031479766026147,-0.001392431028799193,False,False
300,3,null_metric,False,polynomial_ridge_interactions,0.395,-0.00038097236627216216,-0.0006693899043479067,False,False
300,3,nonlinear_proxy,False,polynomial_ridge,0.3,1.0269065781195845e-05,-0.00020473976434216612,False,False
300,3,nonlinear_proxy,False,polynomial_ridge_interactions,0.525,9.952111416314247e-06,-0.00011175036630639026,False,False
300,3,heteroskedastic_null,False,polynomial_ridge,0.68,-0.00035528125337499876,-0.0005482875827939168,False,False
300,3,heteroskedastic_null,False,polynomial_ridge_interactions,0.615,2.9492883612492957e-05,-0.00020706272703547814,False,False
300,3,clustered_null,False,polynomial_ridge,0.365,-0.001980141840648781,-0.004554111504417923,False,False
300,3,clustered_null,False,polynomial_ridge_interactions,0.445,-0.0011437459472356717,-0.004194399132641323,False,False
300,3,genuine_increment,True,polynomial_ridge,0.005,0.040596909025753594,0.03375560029088393,True,True
300,3,genuine_increment,True,polynomial_ridge_interactions,0.005,0.03990600119776461,0.033005287490792574,True,True
300,4,null_metric,False,polynomial_ridge,0.685,-0.0014435618400400717,-0.0013093207156437872,False,False
300,4,null_metric,False,polynomial_ridge_interactions,0.405,-0.00022300246466653434,-0.0005040293632612599,False,False
300,4,nonlinear_proxy,False,polynomial_ridge,0.875,-0.0002071922467064809,-0.00027812566867346604,False,False
300,4,nonlinear_proxy,False,polynomial_ridge_interactions,0.85,-3.725572704762776e-05,-0.0001789556849340266,False,False
300,4,heteroskedastic_null,False,polynomial_ridge,0.5,-0.00021386153688939414,-0.0003889697249959129,False,False
300,4,heteroskedastic_null,False,polynomial_ridge_interactions,0.84,9.127571220688899e-05,-7.440053045838363e-05,False,False
300,4,clustered_null,False,polynomial_ridge,0.08,-0.0027615923532355,-0.004218069054397803,False,False
300,4,clustered_null,False,polynomial_ridge_interactions,0.1,0.00020605006420764543,-0.0032416583475320298,False,False
300,4,genuine_increment,True,polynomial_ridge,0.005,0.04128486468011015,0.03510626067792976,True,True
300,4,genuine_increment,True,polynomial_ridge_interactions,0.005,0.04113771501652471,0.034365822301514456,True,True
300,5,null_metric,False,polynomial_ridge,0.585,-0.00044470099796259724,-0.0008090890799946546,False,False
300,5,null_metric,False,polynomial_ridge_interactions,0.78,-0.00011338011227482112,-0.00030138988035622905,False,False
300,5,nonlinear_proxy,False,polynomial_ridge,0.3,6.58452886985279e-05,-0.00013496631221154515,False,False
300,5,nonlinear_proxy,False,polynomial_ridge_interactions,0.415,0.00017588232298050913,-4.056978568572024e-05,False,False
300,5,heteroskedastic_null,False,polynomial_ridge,0.32,-0.00032925601729072267,-0.0004998035601951759,False,False
300,5,heteroskedastic_null,False,polynomial_ridge_interactions,0.31,7.99372130996668e-05,-0.0002343161786999925,False,False
300,5,clustered_null,False,polynomial_ridge,0.115,-0.0007647208394380208,-0.0031802203957186845,False,False
300,5,clustered_null,False,polynomial_ridge_interactions,0.16,-0.000495630323097615,-0.0017265101705463996,False,False
300,5,genuine_increment,True,polynomial_ridge,0.005,0.045672450850383114,0.03635683621650328,True,True
300,5,genuine_increment,True,polynomial_ridge_interactions,0.005,0.04506049111111778,0.037414034609788205,True,True
300,6,null_metric,False,polynomial_ridge,0.95,-0.0006831504400272165,-0.000992366783240863,False,False
300,6,null_metric,False,polynomial_ridge_interactions,0.875,-0.0002916514487881737,-0.000382557074067663,False,False
300,6,nonlinear_proxy,False,polynomial_ridge,0.005,0.00014910875630788894,-8.434925226900794e-05,False,False
300,6,nonlinear_proxy,False,polynomial_ridge_interactions,0.035,0.0003200206470751043,-2.594908608356877e-05,False,False
300,6,heteroskedastic_null,False,polynomial_ridge,0.955,-0.000181003012530042,-0.00043419055480296105,False,False
300,6,heteroskedastic_null,False,polynomial_ridge_interactions,0.98,-0.0002349411851966226,-0.00019709587858666444,False,False
300,6,clustered_null,False,polynomial_ridge,0.345,-0.003085526918919633,-0.004804852409431169,False,False
300,6,clustered_null,False,polynomial_ridge_interactions,0.37,0.0001773586327447653,-0.0021720408711822193,False,False
300,6,genuine_increment,True,polynomial_ridge,0.005,0.041181765643446853,0.03346465170721926,True,True
300,6,genuine_increment,True,polynomial_ridge_interactions,0.005,0.040297827037572856,0.033454379998510225,True,True
300,7,null_metric,False,polynomial_ridge,0.53,-0.0009528841781016803,-0.0014048021450508064,False,False
300,7,null_metric,False,polynomial_ridge_interactions,0.445,0.00015060404172450442,-0.00042857098054477745,False,False
300,7,nonlinear_proxy,False,polynomial_ridge,0.475,-0.00010049936198496326,-0.0004065029294160476,False,False
300,7,nonlinear_proxy,False,polynomial_ridge_interactions,0.41,0.00012559456174325925,-0.0002043912398814353,False,False
300,7,heteroskedastic_null,False,polynomial_ridge,0.055,-0.0004819024999846294,-0.000535966459387666,False,False
300,7,heteroskedastic_null,False,polynomial_ridge_interactions,0.12,-3.081047779885347e-05,-0.0002170892835873628,False,False
300,7,clustered_null,False,polynomial_ridge,0.005,0.00485767336723289,-0.000989411189174163,False,False
300,7,clustered_null,False,polynomial_ridge_interactions,0.005,0.0028186094748169632,-0.001050267171344191,False,False
300,7,genuine_increment,True,polynomial_ridge,0.005,0.04221936365875669,0.03575289859482524,True,True
300,7,genuine_increment,True,polynomial_ridge_interactions,0.005,0.0424263398447776,0.035952930528137694,True,True
300,8,null_metric,False,polynomial_ridge,0.25,-8.413581547829854e-05,-0.0008082810983272061,False,False
300,8,null_metric,False,polynomial_ridge_interactions,0.17,-0.00026491370797586747,-0.0004173616804228236,False,False
300,8,nonlinear_proxy,False,polynomial_ridge,0.345,-3.82670779780778e-05,-0.00029193883236190336,False,False
300,8,nonlinear_proxy,False,polynomial_ridge_interactions,0.445,1.2305772532316545e-05,-0.0001683823370142475,False,False
300,8,heteroskedastic_null,False,polynomial_ridge,0.15,-0.00029630227208590244,-0.0006074587160921473,False,False
300,8,heteroskedastic_null,False,polynomial_ridge_interactions,0.125,-0.00010326093879887283,-0.0002979227527811707,False,False
300,8,clustered_null,False,polynomial_ridge,0.295,-0.0028646213102082214,-0.00493368254482122,False,False
300,8,clustered_null,False,polynomial_ridge_interactions,0.43,-0.0013727336174914617,-0.0023716537152500524,False,False
300,8,genuine_increment,True,polynomial_ridge,0.005,0.0420118362112612,0.03260339089396383,True,True
300,8,genuine_increment,True,polynomial_ridge_interactions,0.005,0.04093246057996371,0.03371198498662836,True,True
300,9,null_metric,False,polynomial_ridge,0.12,-0.00068472545990729,-0.0009809920236601578,False,False
300,9,null_metric,False,polynomial_ridge_interactions,0.13,1.1084570692661277e-05,-0.00032877202184148393,False,False
300,9,nonlinear_proxy,False,polynomial_ridge,0.005,3.0325603473576983e-05,-9.055396574146842e-05,False,False
300,9,nonlinear_proxy,False,polynomial_ridge_interactions,0.01,4.314108690294666e-06,-0.00014246077312142386,False,False
300,9,heteroskedastic_null,False,polynomial_ridge,0.545,-3.735740535892873e-05,-0.0003367634728569137,False,False
300,9,heteroskedastic_null,False,polynomial_ridge_interactions,0.795,-3.872003055993903e-05,-0.00014022328927136782,False,False
300,9,clustered_null,False,polynomial_ridge,0.435,-0.0012881560888372973,-0.0028582501582757915,False,False
300,9,clustered_null,False,polynomial_ridge_interactions,0.985,-0.0004948568122089964,-0.0024880275470816164,False,False
300,9,genuine_increment,True,polynomial_ridge,0.005,0.04592084949447777,0.03687282403389304,True,True
300,9,genuine_increment,True,polynomial_ridge_interactions,0.005,0.04484621188614229,0.03802279922372786,True,True
300,10,null_metric,False,polynomial_ridge,0.375,-0.0006920656440875528,-0.0011674424933721076,False,False
300,10,null_metric,False,polynomial_ridge_interactions,0.32,-0.0001416009464720383,-0.0005906391560152137,False,False
300,10,nonlinear_proxy,False,polynomial_ridge,0.145,-0.00012521475768153666,-0.0002813778172690158,False,False
300,10,nonlinear_proxy,False,polynomial_ridge_interactions,0.095,-0.00011139329181413925,-0.00016669035744705708,False,False
300,10,heteroskedastic_null,False,polynomial_ridge,0.525,-0.00026784643115733246,-0.00047975572287426284,False,False
300,10,heteroskedastic_null,False,polynomial_ridge_interactions,0.895,-0.00018755416783038624,-0.00023851979440831696,False,False
300,10,clustered_null,False,polynomial_ridge,0.2,-0.0019400368395353605,-0.003640178864128571,False,False
300,10,clustered_null,False,polynomial_ridge_interactions,0.46,-0.0017139344273319895,-0.0029386203536482156,False,False
300,10,genuine_increment,True,polynomial_ridge,0.005,0.04185538717386514,0.03315830905953686,True,True
300,10,genuine_increment,True,polynomial_ridge_interactions,0.005,0.03932857392762222,0.03393682420992815,True,True
300,11,null_metric,False,polynomial_ridge,0.015,-0.00018177324115105364,-0.0010805043412705627,False,False
300,11,null_metric,False,polynomial_ridge_interactions,0.02,-0.00012941208277898741,-0.0005411710915944159,False,False
300,11,nonlinear_proxy,False,polynomial_ridge,0.94,-6.508768198926727e-05,-9.088617807544268e-05,False,False
300,11,nonlinear_proxy,False,polynomial_ridge_interactions,0.31,0.00012834618020379773,-0.00011139617318805171,False,False
300,11,heteroskedastic_null,False,polynomial_ridge,0.605,-0.00036570033961638194,-0.0004425762763919842,False,False
300,11,heteroskedastic_null,False,polynomial_ridge_interactions,0.625,-2.9220008573600104e-05,-0.00026192687273493955,False,False
300,11,clustered_null,False,polynomial_ridge,0.595,-0.003940767337504671,-0.006503578863066162,False,False
300,11,clustered_null,False,polynomial_ridge_interactions,0.35,-0.0016846370314871524,-0.003326103111935918,False,False
300,11,genuine_increment,True,polynomial_ridge,0.005,0.037266953319265064,0.03182097696197991,True,True
300,11,genuine_increment,True,polynomial_ridge_interactions,0.005,0.037631538464168425,0.031855745921537365,True,True
300,12,null_metric,False,polynomial_ridge,0.265,-4.042549173797691e-05,-0.0010234326810446594,False,False
300,12,null_metric,False,polynomial_ridge_interactions,0.23,-0.00022708030112723182,-0.0005376475107398433,False,False
300,12,nonlinear_proxy,False,polynomial_ridge,0.68,3.008084699990341e-05,-0.0003082736851342943,False,False
300,12,nonlinear_proxy,False,polynomial_ridge_interactions,0.505,-2.2333403686766555e-05,-0.00019044921945803292,False,False
300,12,heteroskedastic_null,False,polynomial_ridge,0.705,-0.00030313015614118373,-0.0005918009551845087,False,False
300,12,heteroskedastic_null,False,polynomial_ridge_interactions,0.655,-5.499960826134409e-05,-0.00026778433858476566,False,False
300,12,clustered_null,False,polynomial_ridge,0.455,-0.004595059899411155,-0.005705367988604516,False,False
300,12,clustered_null,False,polynomial_ridge_interactions,0.395,-0.001318226836261347,-0.0035376342996957643,False,False
300,12,genuine_increment,True,polynomial_ridge,0.005,0.03539929382604354,0.027740061278177044,True,True
300,12,genuine_increment,True,polynomial_ridge_interactions,0.005,0.03369614865963596,0.02772444893705546,True,True
300,13,null_metric,False,polynomial_ridge,0.415,-0.00022742382082293483,-0.0008135651686023593,False,False
300,13,null_metric,False,polynomial_ridge_interactions,0.5,4.371494686671723e-05,-0.00034036482913316405,False,False
300,13,nonlinear_proxy,False,polynomial_ridge,0.12,-0.0004899873069644069,-0.0004150811950572585,False,False
300,13,nonlinear_proxy,False,polynomial_ridge_interactions,0.1,-2.554469650116638e-06,-0.0002159005676720971,False,False
300,13,heteroskedastic_null,False,polynomial_ridge,0.205,-0.0005530249047534181,-0.00047535819127616054,False,False
300,13,heteroskedastic_null,False,polynomial_ridge_interactions,0.035,-3.275674667998184e-05,-0.00030179278274011155,False,False
300,13,clustered_null,False,polynomial_ridge,0.255,-0.001015541997943039,-0.0031242895866566466,False,False
300,13,clustered_null,False,polynomial_ridge_interactions,0.69,-0.0012938923428849128,-0.0018436902210055843,False,False
300,13,genuine_increment,True,polynomial_ridge,0.005,0.04404686656554629,0.03883098333591564,True,True
300,13,genuine_increment,True,polynomial_ridge_interactions,0.005,0.04499518376213461,0.03735521953634507,True,True
300,14,null_metric,False,polynomial_ridge,0.415,-0.0004547495554322496,-0.0013258181271512375,False,False
300,14,null_metric,False,polynomial_ridge_interactions,0.645,-0.0007579054232058069,-0.000606494967670391,False,False
300,14,nonlinear_proxy,False,polynomial_ridge,0.945,4.166486129166414e-05,-0.00018664119025115416,False,False
300,14,nonlinear_proxy,False,polynomial_ridge_interactions,0.675,-0.0002545800196494469,-0.000152493520515428,False,False
300,14,heteroskedastic_null,False,polynomial_ridge,0.775,-9.365943588474437e-05,-0.00043708595301820627,False,False
300,14,heteroskedastic_null,False,polynomial_ridge_interactions,0.84,-1.808935702673521e-05,-0.0002608602766020365,False,False
300,14,clustered_null,False,polynomial_ridge,0.825,-0.0032007819690368054,-0.005854426062278061,False,False
300,14,clustered_null,False,polynomial_ridge_interactions,0.705,-0.0006992484646966488,-0.00409068658622602,False,False
300,14,genuine_increment,True,polynomial_ridge,0.005,0.041086303139186646,0.034596056085072026,True,True
300,14,genuine_increment,True,polynomial_ridge_interactions,0.005,0.040690824043869506,0.032585624137549854,True,True
300,15,null_metric,False,polynomial_ridge,0.49,-0.0003758642727258732,-0.0010337755921404953,False,False
300,15,null_metric,False,polynomial_ridge_interactions,0.635,-0.00010842275753889657,-0.000395151476554057,False,False
300,15,nonlinear_proxy,False,polynomial_ridge,0.45,-0.00014974646871034145,-0.0004212548204035864,False,False
300,15,nonlinear_proxy,False,polynomial_ridge_interactions,0.495,-0.0001292877444498972,-0.00032550832247577445,False,False
300,15,heteroskedastic_null,False,polynomial_ridge,0.475,-0.0001336084722228367,-0.00033070330221703575,False,False
300,15,heteroskedastic_null,False,polynomial_ridge_interactions,0.79,-5.628446885770806e-05,-0.00024594153381193114,False,False
300,15,clustered_null,False,polynomial_ridge,0.65,-0.0027581709854967162,-0.004548419439412113,False,False
300,15,clustered_null,False,polynomial_ridge_interactions,0.31,-0.0006802631217087685,-0.004375655486046823,False,False
300,15,genuine_increment,True,polynomial_ridge,0.005,0.04850120353741718,0.041874965270619936,True,True
300,15,genuine_increment,True,polynomial_ridge_interactions,0.005,0.04783809510118195,0.041156572410036486,True,True
300,16,null_metric,False,polynomial_ridge,0.69,-0.00021486156067574216,-0.0011582262857089834,False,False
300,16,null_metric,False,polynomial_ridge_interactions,0.515,-0.00014485256447773973,-0.00040939700828051764,False,False
300,16,nonlinear_proxy,False,polynomial_ridge,0.985,-0.00012013268853023566,-0.0003778085235802196,False,False
300,16,nonlinear_proxy,False,polynomial_ridge_interactions,0.955,-2.982526888190961e-05,-0.00039283737047059235,False,False
300,16,heteroskedastic_null,False,polynomial_ridge,0.11,-0.00024700096008799244,-0.0003263486846309893,False,False
300,16,heteroskedastic_null,False,polynomial_ridge_interactions,0.15,-5.920256434156432e-06,-0.00012644542679926527,False,False
300,16,clustered_null,False,polynomial_ridge,0.115,-0.0034456865345194945,-0.004895413664037917,False,False
300,16,clustered_null,False,polynomial_ridge_interactions,0.24,-0.0011032690684271498,-0.0031215507106892057,False,False
300,16,genuine_increment,True,polynomial_ridge,0.005,0.03673498187282244,0.027238121094097567,True,True
300,16,genuine_increment,True,polynomial_ridge_interactions,0.005,0.035369675093924746,0.027660029440555737,True,True
300,17,null_metric,False,polynomial_ridge,0.285,-0.0015145964927324174,-0.0016620079170476683,False,False
300,17,null_metric,False,polynomial_ridge_interactions,0.16,-0.00022328057615749256,-0.0006232003247757502,False,False
300,17,nonlinear_proxy,False,polynomial_ridge,0.76,3.9344609291876685e-05,-0.00010880503013367932,False,False
300,17,nonlinear_proxy,False,polynomial_ridge_interactions,0.925,2.5930141530374623e-05,-0.00013927772930616157,False,False
300,17,heteroskedastic_null,False,polynomial_ridge,0.735,-0.00022572050966069603,-0.0005363887049497169,False,False
300,17,heteroskedastic_null,False,polynomial_ridge_interactions,0.73,-0.00021841620994508294,-0.00025969809229249303,False,False
300,17,clustered_null,False,polynomial_ridge,0.41,-0.004114924141258972,-0.0038937925078031646,False,False
300,17,clustered_null,False,polynomial_ridge_interactions,0.415,4.5981075817880246e-05,-0.0014301399786684113,False,False
300,17,genuine_increment,True,polynomial_ridge,0.005,0.04447233192522229,0.0372937444415031,True,True
300,17,genuine_increment,True,polynomial_ridge_interactions,0.005,0.04445403480976888,0.03720108265085833,True,True
300,18,null_metric,False,polynomial_ridge,0.38,-0.00035248563886744466,-0.0008697788811666285,False,False
300,18,null_metric,False,polynomial_ridge_interactions,0.37,-5.7555997766117056e-05,-0.0004007799296143146,False,False
300,18,nonlinear_proxy,False,polynomial_ridge,0.12,-0.0002106540426943613,-0.000285257196151715,False,False
300,18,nonlinear_proxy,False,polynomial_ridge_interactions,0.095,-5.5860527440547425e-05,-0.00016585981688750176,False,False
300,18,heteroskedastic_null,False,polynomial_ridge,0.515,-5.816897456607968e-05,-0.000629929420378714,False,False
300,18,heteroskedastic_null,False,polynomial_ridge_interactions,0.235,-4.258231498718325e-05,-0.00028234839846961145,False,False
300,18,clustered_null,False,polynomial_ridge,0.515,-0.0009001814917464594,-0.0037580545929375223,False,False
300,18,clustered_null,False,polynomial_ridge_interactions,0.705,-0.0026180558513583824,-0.0027426877392351364,False,False
300,18,genuine_increment,True,polynomial_ridge,0.005,0.03994891782412961,0.03381687786357156,True,True
300,18,genuine_increment,True,polynomial_ridge_interactions,0.005,0.04101562112813164,0.033673551622541216,True,True
300,19,null_metric,False,polynomial_ridge,0.705,-0.0003594234261657357,-0.0016092326234871332,False,False
300,19,null_metric,False,polynomial_ridge_interactions,0.695,1.6248866044597104e-05,-0.0004793043444349398,False,False
300,19,nonlinear_proxy,False,polynomial_ridge,0.9,-0.00039922636399231624,-0.000406965420587561,False,False
300,19,nonlinear_proxy,False,polynomial_ridge_interactions,0.445,-8.59706048726757e-05,-0.00022493548032688414,False,False
300,19,heteroskedastic_null,False,polynomial_ridge,0.095,-0.0002855744726373132,-0.0008667752336717163,False,False
300,19,heteroskedastic_null,False,polynomial_ridge_interactions,0.19,1.0572055978857325e-05,-0.00023203289151787763,False,False
300,19,clustered_null,False,polynomial_ridge,0.8,-0.0012445939682927329,-0.0040778475872754036,False,False
300,19,clustered_null,False,polynomial_ridge_interactions,0.745,-0.0007553321043410159,-0.0019895441566223897,False,False
300,19,genuine_increment,True,polynomial_ridge,0.005,0.042687229768629625,0.0355321722645191,True,True
300,19,genuine_increment,True,polynomial_ridge_interactions,0.005,0.042166351320261586,0.03670599291119376,True,True
300,20,null_metric,False,polynomial_ridge,0.795,-0.001303700268851498,-0.0013860261195528805,False,False
300,20,null_metric,False,polynomial_ridge_interactions,0.89,-0.0010487124472833183,-0.0006327479757924685,False,False
300,20,nonlinear_proxy,False,polynomial_ridge,0.95,0.000125382735975392,-0.0002377087558413817,False,False
300,20,nonlinear_proxy,False,polynomial_ridge_interactions,0.63,-0.00010855702182015377,-0.00020244605185988583,False,False
300,20,heteroskedastic_null,False,polynomial_ridge,0.81,-0.00013486845943316145,-0.0005785968813006913,False,False
300,20,heteroskedastic_null,False,polynomial_ridge_interactions,0.285,-2.7981121389667254e-05,-0.00014954221685126184,False,False
300,20,clustered_null,False,polynomial_ridge,0.545,-0.000710835454811088,-0.005715545340638846,False,False
300,20,clustered_null,False,polynomial_ridge_interactions,0.345,0.00023640303366531668,-0.0024736979581294664,False,False
300,20,genuine_increment,True,polynomial_ridge,0.005,0.04142047219821281,0.034894535778257005,True,True
300,20,genuine_increment,True,polynomial_ridge_interactions,0.005,0.04178776465030193,0.034407558763078286,True,True
300,21,null_metric,False,polynomial_ridge,0.99,-0.0004272427926707706,-0.0008313502500408405,False,False
300,21,null_metric,False,polynomial_ridge_interactions,0.91,-3.759574600572038e-05,-0.00032979099933532483,False,False
300,21,nonlinear_proxy,False,polynomial_ridge,0.43,4.8596414840015346e-05,-0.0004058643222580189,False,False
300,21,nonlinear_proxy,False,polynomial_ridge_interactions,0.335,1.7146978545464278e-05,-0.00018310023164236401,False,False
300,21,heteroskedastic_null,False,polynomial_ridge,0.265,-0.00013499563464791121,-0.00044667396213585945,False,False
300,21,heteroskedastic_null,False,polynomial_ridge_interactions,0.385,-0.00016208307353493372,-0.00024146235537923994,False,False
300,21,clustered_null,False,polynomial_ridge,0.605,-0.0010627366735821674,-0.0025833488529592597,False,False
300,21,clustered_null,False,polynomial_ridge_interactions,0.28,-0.0012246872776609727,-0.0033820971117204703,False,False
300,21,genuine_increment,True,polynomial_ridge,0.005,0.044562118172284636,0.03734705246470302,True,True
300,21,genuine_increment,True,polynomial_ridge_interactions,0.005,0.043713835633895345,0.03676180589089309,True,True
300,22,null_metric,False,polynomial_ridge,0.605,-0.0006168673696574332,-0.0010655964198704785,False,False
300,22,null_metric,False,polynomial_ridge_interactions,0.48,-0.00027822607370686994,-0.0005510012678871035,False,False
300,22,nonlinear_proxy,False,polynomial_ridge,0.415,-7.823064800786643e-05,-0.0002743760867411339,False,False
300,22,nonlinear_proxy,False,polynomial_ridge_interactions,0.315,-0.00012351359770405423,-0.0003098503229113268,False,False
300,22,heteroskedastic_null,False,polynomial_ridge,0.51,-0.0002393420580720576,-0.00046255753190977105,False,False
300,22,heteroskedastic_null,False,polynomial_ridge_interactions,0.74,-0.0001281510708942557,-0.00021940048936841433,False,False
300,22,clustered_null,False,polynomial_ridge,0.8,-0.0009743702507755275,-0.004037561010756341,False,False
300,22,clustered_null,False,polynomial_ridge_interactions,0.935,0.00028547011880950685,-0.0018622888869176777,False,False
300,22,genuine_increment,True,polynomial_ridge,0.005,0.033485612649367086,0.028024047223046064,True,True
300,22,genuine_increment,True,polynomial_ridge_interactions,0.005,0.03496528856641257,0.02651917948579024,True,True
300,23,null_metric,False,polynomial_ridge,0.22,-0.0008773742578826425,-0.0009861787999540799,False,False
300,23,null_metric,False,polynomial_ridge_interactions,0.255,-0.00013963504116790842,-0.0002661136228847647,False,False
300,23,nonlinear_proxy,False,polynomial_ridge,0.045,6.04663776196954e-05,-0.00030229912208698995,False,False
300,23,nonlinear_proxy,False,polynomial_ridge_interactions,0.185,-5.58139295446956e-05,-0.00017326958558229328,False,False
300,23,heteroskedastic_null,False,polynomial_ridge,0.78,-0.0004281750465540239,-0.0009096219892070776,False,False
300,23,heteroskedastic_null,False,polynomial_ridge_interactions,0.95,-5.483166353540195e-05,-0.00031309796834446784,False,False
300,23,clustered_null,False,polynomial_ridge,0.69,-0.003900267233097495,-0.0042273997323673184,False,False
300,23,clustered_null,False,polynomial_ridge_interactions,0.605,-0.0009774411723331503,-0.002409575469889966,False,False
300,23,genuine_increment,True,polynomial_ridge,0.005,0.039528806439971455,0.03066580095188664,True,True
300,23,genuine_increment,True,polynomial_ridge_interactions,0.005,0.03900032333516668,0.032290591558719564,True,True
300,24,null_metric,False,polynomial_ridge,0.32,-0.000551768331080147,-0.001036227029884862,False,False
300,24,null_metric,False,polynomial_ridge_interactions,0.195,-0.00027518303385786966,-0.000568682505261517,False,False
300,24,nonlinear_proxy,False,polynomial_ridge,0.575,-0.00032784917930047796,-0.00038496121458667646,False,False
300,24,nonlinear_proxy,False,polynomial_ridge_interactions,0.94,-0.0001313762063403206,-0.00028978519233380695,False,False
300,24,heteroskedastic_null,False,polynomial_ridge,0.19,-4.9825710810198764e-06,-0.00030490145897257924,False,False
300,24,heteroskedastic_null,False,polynomial_ridge_interactions,0.59,4.7931432443620164e-06,-0.0001299779059021212,False,False
300,24,clustered_null,False,polynomial_ridge,0.7,-0.004998729199588683,-0.0037106376638555596,False,False
300,24,clustered_null,False,polynomial_ridge_interactions,0.85,-0.000722112533134641,-0.003840614143097437,False,False
300,24,genuine_increment,True,polynomial_ridge,0.005,0.04176068692210989,0.03419018343949682,True,True
300,24,genuine_increment,True,polynomial_ridge_interactions,0.005,0.04184766119898275,0.03376102091148004,True,True
