repetition,seed,scenario,expected_stable_increment,contains_conditional_increment,configurations,raw_spearman,raw_kendall,partial_spearman,granulated_kendall,granulated_min_axis,jiang_cmi,jiang_cmi_min_conditioning,mbe_additive_residual_r,mbe_additive_p,mbe_additive_delta,mbe_additive_delta_ci_low,mbe_additive_class,mbe_interaction_residual_r,mbe_interaction_p,mbe_interaction_delta,mbe_interaction_delta_ci_low,mbe_interaction_class
0,20260729,independent_null,False,False,27,-0.1813186813186813,-0.11111111111111113,-0.05563479443980948,-0.03703703703703706,-0.18518518518518523,0.008923940161777846,none,-0.2698412698412698,0.16,0.0016069569654493104,9.114086565417693e-05,predictive-improvement-only,-0.7851037851037852,0.001,0.0010266104891588496,-7.67534929839738e-05,residual-dependence-only
0,20261738,design_proxy,False,False,27,0.9786324786324787,0.8974358974358976,0.5639261675836252,0.7037037037037037,0.48148148148148157,0.4118428622963863,"hp_a,hp_c",0.8437118437118436,0.001,0.003559681865357066,0.0012997130924382683,increment-supported,0.6355311355311355,0.001,-0.00034970042543026533,-0.0014028550904226567,residual-dependence-only
0,20262747,interaction_proxy,False,False,27,0.7338217338217338,0.5156695156695158,0.38174710780280224,0.25925925925925924,-0.48148148148148145,0.20137750167555638,none,0.8266178266178266,0.001,0.00484292251190537,0.0013704912224978827,increment-supported,0.43528693528693524,0.026,-0.0009116377941867926,-0.0023432739356858234,residual-dependence-only
0,20263756,genuine_increment,True,True,27,0.7753357753357752,0.5726495726495727,0.8551928106911686,0.6049382716049383,0.5555555555555556,0.2515507052167091,none,0.8412698412698412,0.001,0.028097565317418034,0.009693197001384928,increment-supported,0.9682539682539683,0.001,0.05336460878375277,0.0327512604048867,increment-supported
0,20264765,axis_specialist_proxy,False,False,27,0.8046398046398046,0.5726495726495727,-0.0895171397714436,0.20987654320987656,-0.1851851851851852,0.014159022025912621,hp_a,-0.1282051282051282,0.502,7.088554130340631e-05,-0.0009391257864515764,no-supported-increment,0.06776556776556776,0.721,-0.0005208663728644702,-0.0015259291040447067,no-supported-increment
0,20265774,sign_flip_increment,False,True,27,-0.3791208791208791,-0.2706552706552707,-0.3534491058978694,-0.20987654320987656,-0.3333333333333333,0.05350661924594637,none,-0.2295482295482295,0.251,-0.00666093713974248,-0.03042708606452911,no-supported-increment,-0.24786324786324787,0.21,0.04322865715926854,0.013930939750029535,predictive-improvement-only
1,20270736,independent_null,False,False,27,-0.37851037851037844,-0.2421652421652422,0.026367876999727532,-0.012345679012345678,-0.5555555555555556,0.04272618916275612,none,0.11904761904761904,0.55,-0.0004145899030400628,-0.0012947682988283368,no-supported-increment,0.2979242979242979,0.121,-0.0017470449409556221,-0.0027293085487739674,no-supported-increment
1,20271745,design_proxy,False,False,27,0.978021978021978,0.891737891737892,0.6614266126763503,0.7530864197530863,0.48148148148148145,0.35129142928416296,"hp_a,hp_c",0.8797313797313797,0.001,0.0037359353715090988,0.0007351456638885317,increment-supported,0.5836385836385837,0.002,0.0003685658166205936,-0.001182721246288344,residual-dependence-only
1,20272754,interaction_proxy,False,False,27,0.6837606837606838,0.49287749287749294,0.4200579119153498,0.5308641975308642,0.33333333333333337,0.18312606105960277,none,0.8229548229548229,0.001,0.005428801599700498,0.0023283915322217133,increment-supported,0.3724053724053724,0.05,0.00030461951713215557,-0.0009472540113375634,residual-dependence-only
1,20273763,genuine_increment,True,True,27,0.5042735042735043,0.35042735042735046,0.7833701165182594,0.5802469135802469,0.3333333333333333,0.04063145633408065,hp_b,0.6971916971916973,0.001,0.017435247759412142,0.0043798675886140255,increment-supported,0.8522588522588521,0.001,0.031930571616772194,0.006560365456635054,increment-supported
1,20274772,axis_specialist_proxy,False,False,27,0.7936507936507936,0.5669515669515671,-0.05764015135957862,0.2098765432098765,-0.40740740740740744,0.05702279798169992,hp_a,-0.13736263736263737,0.488,-0.0005247352506522352,-0.0016109496031608715,no-supported-increment,-0.10378510378510379,0.597,-0.0005867376296264,-0.0011057631982245365,no-supported-increment
1,20275781,sign_flip_increment,False,True,27,0.10012210012210011,0.048433048433048444,0.09300244838794984,-0.06172839506172837,-0.18518518518518517,0.0016927704579951096,none,0.06471306471306472,0.729,-0.0027754109884952985,-0.008602619059019236,no-supported-increment,-0.020146520146520144,0.909,0.010969575548333823,0.005115133683099451,predictive-improvement-only
2,20280743,independent_null,False,False,27,0.16361416361416362,0.11680911680911683,-0.023260874727050677,0.08641975308641976,0.03703703703703703,0.00986483742788268,none,-0.14774114774114774,0.427,4.830779842523482e-05,-0.00133933594412137,no-supported-increment,0.37606837606837606,0.07,-0.0007234068035042538,-0.0015009176149112446,no-supported-increment
2,20281752,design_proxy,False,False,27,0.9694749694749695,0.8575498575498577,0.5507842102712251,0.654320987654321,0.40740740740740744,0.24696691030144324,"hp_a,hp_c",0.8205128205128205,0.001,0.0019444625341266553,8.228697185403146e-05,increment-supported,0.5177045177045178,0.007,-0.00039956425814597664,-0.0010514621866786241,residual-dependence-only
2,20282761,interaction_proxy,False,False,27,0.721001221001221,0.5783475783475784,0.43416691991380574,0.5308641975308642,0.11111111111111109,0.2214184308085318,"hp_a,hp_c",0.7167277167277167,0.001,0.0034192537084134344,0.000614814349948988,increment-supported,0.05982905982905983,0.767,-0.0006369714100075401,-0.0013095009744910912,no-supported-increment
2,20283770,genuine_increment,True,True,27,0.7332112332112332,0.5327635327635328,0.8713355600479537,0.6543209876543209,0.48148148148148145,0.2113194513009132,hp_c,0.9420024420024419,0.001,0.05393558379984876,0.032083935457303675,increment-supported,0.9688644688644688,0.001,0.08402513879300219,0.047017228202764744,increment-supported
2,20284779,axis_specialist_proxy,False,False,27,0.8571428571428571,0.6980056980056981,0.030044465505008312,0.43209876543209874,-0.1111111111111111,0.04585000601783883,hp_a,-0.2094017094017094,0.282,-0.00039612552508840916,-0.0018291489406681875,no-supported-increment,-0.31929181929181927,0.115,-3.95468265324047e-05,-0.000909788855729021,no-supported-increment
2,20285788,sign_flip_increment,False,True,27,0.3052503052503053,0.21367521367521372,-0.09752482518749246,0.037037037037037056,-0.18518518518518517,0.0224736862845386,hp_a,-0.21428571428571427,0.257,-0.03685574290914941,-0.0846817180903192,no-supported-increment,-0.05616605616605617,0.771,0.007973479840805438,-0.0006216777186034575,no-supported-increment
3,20290750,independent_null,False,False,27,-0.009157509157509158,0.0028490028490028496,0.049694572448407366,0.1851851851851852,-0.03703703703703704,5.85505390620652e-06,none,0.09706959706959707,0.645,-0.0012654663938454214,-0.0019371801017888403,no-supported-increment,0.3766788766788767,0.058,-0.0007049319913949893,-0.0023695377611564834,no-supported-increment
3,20291759,design_proxy,False,False,27,0.989010989010989,0.9259259259259262,0.6620672815587316,0.8271604938271606,0.6296296296296297,0.599676132580023,hp_a,0.8565323565323565,0.001,0.007139623900418918,0.002333633245739845,increment-supported,0.3571428571428571,0.052,0.00037894181623818364,-0.0008105245073077162,no-supported-increment
3,20292768,interaction_proxy,False,False,27,0.6947496947496948,0.5327635327635328,0.4066439095535806,0.5061728395061729,0.1111111111111111,0.09599748515329692,"hp_a,hp_c",0.8137973137973138,0.001,0.0041025624902294305,0.0010440912668656624,increment-supported,0.44017094017094016,0.022,-2.9654425077889172e-05,-0.0007779156234037773,residual-dependence-only
3,20293777,genuine_increment,True,True,27,0.46153846153846156,0.321937321937322,0.7564365845800293,0.5061728395061729,0.1111111111111111,0.05968951437775913,hp_b,0.9053724053724053,0.001,0.06971950002151911,0.03991571944823483,increment-supported,0.887057387057387,0.001,0.07830613078740196,0.04058845673849132,increment-supported
3,20294786,axis_specialist_proxy,False,False,27,0.8284493284493284,0.6353276353276355,-0.07029673705973803,0.4074074074074074,0.037037037037037056,0.015723913384574094,hp_a,-0.11538461538461539,0.58,-0.0006636743152299684,-0.0016827245820597951,no-supported-increment,0.18253968253968253,0.359,0.00029816605144010293,-0.0003937461509240354,no-supported-increment
3,20295795,sign_flip_increment,False,True,27,-0.022588522588522588,-0.025641025641025644,-0.34377246106424764,-0.16049382716049382,-0.3333333333333333,0.0004743107063508422,none,-0.05128205128205128,0.797,-0.04346821887656529,-0.07756893419391693,no-supported-increment,-0.05555555555555555,0.8,0.03621125880569354,0.01632961119428854,predictive-improvement-only
4,20300757,independent_null,False,False,27,-0.05433455433455433,-0.042735042735042736,-0.07761725949748317,-0.06172839506172839,-0.1111111111111111,0.001317786626526267,none,0.10805860805860806,0.597,-0.0005459649130540971,-0.0016800154043816761,no-supported-increment,-0.06043956043956044,0.745,-0.0008951892062558659,-0.0016688739530854014,no-supported-increment
4,20301766,design_proxy,False,False,27,0.9810744810744811,0.9088319088319089,0.6673639701203149,0.8271604938271605,0.7037037037037037,0.44919362522448436,"hp_a,hp_c",0.868131868131868,0.001,0.005749239972163535,0.0017999743907264776,increment-supported,0.6568986568986569,0.001,0.0001500671013707107,-0.002127940742571318,residual-dependence-only
4,20302775,interaction_proxy,False,False,27,0.8394383394383393,0.6638176638176639,0.3756768226477262,0.5308641975308642,-0.03703703703703704,0.15165278679037883,"hp_a,hp_c",0.771062271062271,0.001,0.005572874681220806,0.0010922284539513784,increment-supported,0.32722832722832723,0.087,0.00014966657449180971,-0.0013937863687930418,no-supported-increment
4,20303784,genuine_increment,True,True,27,0.4511599511599511,0.33333333333333337,0.6522166390343909,0.43209876543209874,0.18518518518518517,0.0817041659455104,none,0.7338217338217338,0.001,0.01499790885772611,-0.0020933436874993067,residual-dependence-only,0.8717948717948717,0.001,0.01901768928040404,0.004961608867579712,increment-supported
4,20304793,axis_specialist_proxy,False,False,27,0.8186813186813187,0.6182336182336183,-0.07225257763197795,0.3333333333333333,-0.03703703703703704,0.027372270096252975,hp_a,-0.08302808302808302,0.678,1.4182144066196209e-05,-0.000808509467484055,no-supported-increment,-0.2838827838827839,0.157,7.690399675703424e-07,-0.0009460118601488934,no-supported-increment
4,20305802,sign_flip_increment,False,True,27,0.03479853479853479,-0.03703703703703704,0.31718501613895117,-0.16049382716049385,-0.48148148148148157,0.0009897291195186163,none,0.1562881562881563,0.428,0.00803536717553439,0.0010232179918116206,predictive-improvement-only,0.2753357753357753,0.182,-0.016738862931044474,-0.05182600119411084,no-supported-increment
5,20310764,independent_null,False,False,27,-0.05433455433455433,-0.025641025641025644,0.061722380285244675,0.0617283950617284,0.03703703703703704,0.0004743107063508422,none,0.047619047619047616,0.825,-0.0014780965143197187,-0.0027908852617371544,no-supported-increment,0.07753357753357752,0.716,-0.0005132777346188878,-0.0015183058963011867,no-supported-increment
5,20311773,design_proxy,False,False,27,0.976190476190476,0.8860398860398863,0.6662939180463407,0.8271604938271605,0.7037037037037037,0.4021990612608749,"hp_a,hp_c",0.7942612942612942,0.001,0.005064053690289399,0.0014704167114271494,increment-supported,0.5396825396825397,0.006,-0.0010897316539352202,-0.002891522553215793,residual-dependence-only
5,20312782,interaction_proxy,False,False,27,0.7301587301587301,0.5555555555555557,0.2913044069427742,0.5802469135802469,0.33333333333333337,0.14363788505022554,"hp_a,hp_c",0.6831501831501832,0.001,0.003547819595763507,0.0003260585210307571,increment-supported,0.06776556776556776,0.715,3.741820834016543e-05,-0.0007516741626848487,no-supported-increment
5,20313791,genuine_increment,True,True,27,0.3705738705738706,0.2535612535612536,0.7210228690727688,0.2839506172839506,-0.1111111111111111,0.046888022364473675,none,0.7081807081807082,0.001,0.01058976562805292,0.00036674073236184825,increment-supported,0.8730158730158729,0.001,0.01618162230914769,0.0051690678043644555,increment-supported
5,20314800,axis_specialist_proxy,False,False,27,0.898046398046398,0.720797720797721,0.02214831660823998,0.38271604938271603,0.037037037037037056,0.04986620185255925,hp_a,0.2979242979242979,0.148,-0.0006027482293104111,-0.001724552595107366,no-supported-increment,-0.1105006105006105,0.584,-0.0004030711476618303,-0.0012305035818104308,no-supported-increment
5,20315809,sign_flip_increment,False,True,27,-0.2283272283272283,-0.13960113960113962,-0.14702722792598882,-0.08641975308641976,-0.1851851851851852,0.014103986513193877,none,-0.2118437118437118,0.274,0.005134496841859737,-0.005599985219000995,no-supported-increment,-0.18803418803418803,0.333,0.015682167414775402,0.005491589456244685,predictive-improvement-only
6,20320771,independent_null,False,False,27,-0.40598290598290593,-0.2934472934472935,-0.1442279709536109,-0.308641975308642,-0.40740740740740744,0.06303987115700681,none,-0.7002442002442002,0.001,-0.001077962931525133,-0.002051994378063569,residual-dependence-only,-0.6147741147741148,0.003,-0.0006428649792847053,-0.001266354295556381,residual-dependence-only
6,20321780,design_proxy,False,False,27,0.9847374847374847,0.9031339031339033,0.5890002111809062,0.8024691358024691,0.6296296296296297,0.4764172016248418,"hp_a,hp_c",0.8351648351648352,0.001,0.0029347360085518453,0.0006391131395803314,increment-supported,0.5592185592185592,0.005,0.0005691631592526798,-0.001439126511494247,residual-dependence-only
6,20322789,interaction_proxy,False,False,27,0.8192918192918193,0.6296296296296297,0.42016471493676905,0.5061728395061729,0.037037037037037056,0.2795177808483492,"hp_a,hp_c",0.8717948717948717,0.001,0.0060943009713128205,0.002899541618969268,increment-supported,0.6459096459096458,0.001,-0.0020716641244669654,-0.0038114140209013388,residual-dependence-only
6,20323798,genuine_increment,True,True,27,0.37301587301587297,0.2592592592592593,0.6834206119781007,0.5802469135802469,0.40740740740740744,0.04752536398157597,hp_c,0.8272283272283273,0.001,0.022240881663400325,0.008729627032710578,increment-supported,0.833943833943834,0.001,0.03029629066059479,0.010034201651904646,increment-supported
6,20324807,axis_specialist_proxy,False,False,27,0.8095238095238095,0.6011396011396013,0.1078043933713836,0.25925925925925924,-0.2592592592592593,0.022470520470590255,hp_a,-0.17399267399267399,0.384,-0.0007813449582499132,-0.0020714638552773237,no-supported-increment,-0.19536019536019533,0.34,-0.0008892887507117916,-0.0014121067028467305,no-supported-increment
6,20325816,sign_flip_increment,False,True,27,0.10927960927960927,0.08831908831908834,0.04380607198758561,0.11111111111111112,-0.037037037037037056,0.0056340370652568925,none,-0.03174603174603174,0.876,-0.0013604145208769292,-0.02833019281355598,no-supported-increment,-0.1746031746031746,0.383,0.05389761241596715,0.016577989982779123,predictive-improvement-only
7,20330778,independent_null,False,False,27,0.01282051282051282,0.025641025641025644,0.07435666755321434,-0.012345679012345678,-0.40740740740740744,0.0004743107063508422,none,0.01465201465201465,0.938,-0.00016978063262973984,-0.0011311522979521754,no-supported-increment,0.27777777777777773,0.16,-0.00020318079628757653,-0.0007612780503871167,no-supported-increment
7,20331787,design_proxy,False,False,27,0.9597069597069596,0.8461538461538463,0.6559387301661698,0.6790123456790124,0.40740740740740744,0.24370766486862164,"hp_a,hp_c",0.6831501831501832,0.001,0.003495795684117564,-0.0008644593884077391,residual-dependence-only,0.4413919413919414,0.019,-0.0016219275087245855,-0.0055153499065410125,residual-dependence-only
7,20332796,interaction_proxy,False,False,27,0.7582417582417582,0.6182336182336183,0.2502998144729283,0.5061728395061729,0.11111111111111113,0.20512136557479427,"hp_a,hp_c",0.7625152625152625,0.001,0.0017279360314131006,-0.0006258707505177035,residual-dependence-only,0.17704517704517705,0.391,-0.00017324201352692144,-0.001141627627856776,no-supported-increment
7,20333805,genuine_increment,True,True,27,0.5323565323565322,0.39031339031339035,0.7891224399806964,0.5061728395061728,0.3333333333333333,0.1128690130580234,none,0.8199023199023199,0.001,0.029417773932265648,0.009823669709562319,increment-supported,0.956043956043956,0.001,0.0368415475786164,0.014077262464640873,increment-supported
7,20334814,axis_specialist_proxy,False,False,27,0.8156288156288156,0.6011396011396013,-0.019234675821145967,0.30864197530864196,-0.1851851851851852,0.04449453337604852,hp_a,-0.08363858363858362,0.685,-0.0013213740652033325,-0.002489446253199183,no-supported-increment,-0.3253968253968254,0.113,-0.00014989552899876465,-0.000462833578557059,no-supported-increment
7,20335823,sign_flip_increment,False,True,27,-0.03907203907203907,-0.048433048433048444,0.006829931395395667,-0.01234567901234566,-0.18518518518518517,0.0016927704579951096,none,-0.07081807081807082,0.726,-0.019010482294392627,-0.03237850499888523,no-supported-increment,0.007326007326007325,0.973,0.03085197824636638,0.013640201816829053,predictive-improvement-only
8,20340785,independent_null,False,False,27,-0.31440781440781446,-0.2250712250712251,0.011775342952107692,-0.16049382716049385,-0.2592592592592593,0.023948412829081996,hp_a,0.1514041514041514,0.463,-0.00024752218106822814,-0.0012235138838964533,no-supported-increment,0.12515262515262515,0.545,-0.0014879304165603489,-0.0024780717291970453,no-supported-increment
8,20341794,design_proxy,False,False,27,0.9682539682539683,0.8746438746438747,0.6544569935168443,0.7777777777777778,0.6296296296296297,0.3974354922560362,"hp_a,hp_c",0.6001221001221001,0.002,5.357916375000986e-05,-0.0029196581257510523,residual-dependence-only,0.5048840048840049,0.009,0.0007565856729422893,-0.000790497437655574,residual-dependence-only
8,20342803,interaction_proxy,False,False,27,0.7277167277167277,0.5954415954415955,0.4700700832982902,0.5555555555555557,0.48148148148148157,0.18784931859498993,"hp_a,hp_c",0.8772893772893773,0.001,0.004462278059327592,0.0016426145052073774,increment-supported,0.5952380952380952,0.003,0.0001863062244950378,-0.00047380638517859227,residual-dependence-only
8,20343812,genuine_increment,True,True,27,0.6965811965811965,0.5042735042735044,0.8901386801941231,0.6790123456790124,0.48148148148148145,0.19212614621814894,none,0.9352869352869353,0.001,0.07783158473508507,0.051065293868555586,increment-supported,0.9377289377289376,0.001,0.10642612711243005,0.05637565796697689,increment-supported
8,20344821,axis_specialist_proxy,False,False,27,0.8211233211233211,0.6068376068376069,-0.07864211712747689,0.38271604938271603,0.03703703703703706,0.014103420776073515,hp_a,-0.045177045177045176,0.839,-0.0003295145161095539,-0.0009424310022209347,no-supported-increment,0.27228327228327226,0.169,-0.00018800147711822528,-0.000439894155910227,no-supported-increment
8,20345830,sign_flip_increment,False,True,27,-0.38949938949938945,-0.2763532763532764,-0.0760770450116721,-0.1851851851851852,-0.3333333333333333,0.05581368499734353,none,-0.2258852258852259,0.278,-0.010235928208600108,-0.030211445569451496,no-supported-increment,-0.3339438339438339,0.091,0.036694659869858474,0.016635000272859534,predictive-improvement-only
9,20350792,independent_null,False,False,27,-0.06837606837606838,-0.042735042735042736,-0.11364290313168697,0.08641975308641976,0.03703703703703704,0.001317786626526267,none,-0.5115995115995117,0.01,-0.00030888782171881353,-0.0010762255918121235,residual-dependence-only,-0.32112332112332115,0.102,-0.000303058856481922,-0.0009633179533455558,no-supported-increment
9,20351801,design_proxy,False,False,27,0.9774114774114774,0.8974358974358976,0.5878649978753383,0.8024691358024691,0.6296296296296297,0.5419883604742034,"hp_a,hp_c",0.8107448107448108,0.001,0.0011683679851782723,-0.0003851162812709279,residual-dependence-only,0.42857142857142855,0.016,-0.00043632272838751984,-0.001817799447544927,residual-dependence-only
9,20352810,interaction_proxy,False,False,27,0.7161172161172161,0.5441595441595443,0.3601583407799717,0.35802469135802467,-0.2592592592592593,0.2256318617407048,none,0.771062271062271,0.001,0.003735223806825347,0.0012091102321817385,increment-supported,0.026251526251526252,0.881,-0.0011538438603740202,-0.0030316876995527776,no-supported-increment
9,20353819,genuine_increment,True,True,27,0.4218559218559218,0.3048433048433049,0.8198296379685033,0.5555555555555556,0.3333333333333333,0.06811330008538881,none,0.9365079365079364,0.001,0.0663476102333129,0.034657336559942235,increment-supported,0.9468864468864469,0.001,0.09912134460031023,0.05803175771628589,increment-supported
9,20354828,axis_specialist_proxy,False,False,27,0.833943833943834,0.6353276353276355,-0.03301380860422129,0.25925925925925924,-0.18518518518518517,0.005768262492382709,hp_a,-0.020146520146520144,0.921,4.115994271676124e-06,-0.0008754739382177603,no-supported-increment,-0.03663003663003663,0.866,-0.000359987500712056,-0.001056697683100094,no-supported-increment
9,20355837,sign_flip_increment,False,True,27,-0.11538461538461539,-0.07692307692307693,-0.033813009655541196,0.012345679012345685,-0.03703703703703703,0.004272547915074441,none,-0.17032967032967034,0.393,-0.028936684141124894,-0.05553660881736997,no-supported-increment,0.07997557997557997,0.693,0.02746653439384075,0.013974818290017853,predictive-improvement-only
10,20360799,independent_null,False,False,27,-0.18925518925518922,-0.12250712250712252,-0.06537475444559843,-0.08641975308641975,-0.2592592592592593,0.006221977034429587,hp_c,0.08913308913308912,0.627,-0.0004313907509646449,-0.0011690293718933556,no-supported-increment,0.017704517704517704,0.931,-0.0011414294138561154,-0.0024560958250919493,no-supported-increment
10,20361808,design_proxy,False,False,27,0.9603174603174602,0.8461538461538463,0.5523707477834415,0.7283950617283951,0.5555555555555556,0.264180278520121,"hp_a,hp_c",0.7692307692307693,0.001,0.002210839814680402,-0.0014282735588775717,residual-dependence-only,0.5146520146520146,0.006,-0.0005625343301508441,-0.0029677491247526253,residual-dependence-only
10,20362817,interaction_proxy,False,False,27,0.6746031746031745,0.50997150997151,0.4117645977813197,0.43209876543209874,0.03703703703703704,0.10192883288189117,"hp_a,hp_c",0.8864468864468864,0.001,0.008173572134159892,0.0039342744231094205,increment-supported,0.6086691086691086,0.003,2.7097555343904775e-05,-0.0011217841431858666,residual-dependence-only
10,20363826,genuine_increment,True,True,27,0.6336996336996337,0.4245014245014246,0.8573399173905064,0.5061728395061729,0.40740740740740744,0.13420392192749914,none,0.9468864468864469,0.001,0.09922724571056009,0.05944460581416522,increment-supported,0.9413919413919414,0.001,0.09501487886795044,0.05211874800807305,increment-supported
10,20364835,axis_specialist_proxy,False,False,27,0.8137973137973138,0.6068376068376069,-0.1082883282049713,0.23456790123456792,-0.18518518518518517,0.04656935393379786,hp_a,-0.3919413919413919,0.044,-0.00036921276419157704,-0.0015280153603882257,residual-dependence-only,-0.489010989010989,0.011,-0.000724297479753961,-0.0015718312851700034,residual-dependence-only
10,20365844,sign_flip_increment,False,True,27,-0.1800976800976801,-0.13390313390313394,-0.20224220200607984,-0.03703703703703704,-0.18518518518518517,0.012972727078946646,none,0.08852258852258853,0.687,-0.027107114979153565,-0.054458251812896284,no-supported-increment,-0.12087912087912088,0.56,0.04197944189491164,0.009526179519648818,predictive-improvement-only
11,20370806,independent_null,False,False,27,-0.21428571428571427,-0.13390313390313394,0.04839312458350442,-0.06172839506172841,-0.2592592592592593,0.011054219835424137,hp_a,-0.042735042735042736,0.835,-0.0014269049976097254,-0.002887699147787693,no-supported-increment,0.3253968253968254,0.102,-0.0003705791470953058,-0.0016933186731973178,no-supported-increment
11,20371815,design_proxy,False,False,27,0.9694749694749695,0.8803418803418804,0.6172526765399577,0.7777777777777778,0.5555555555555556,0.3429537633021512,"hp_a,hp_c",0.7295482295482296,0.001,-0.0014190720910198327,-0.0049917862151827004,residual-dependence-only,0.5134310134310134,0.007,-0.00042735230023314454,-0.0015623666243206526,residual-dependence-only
11,20372824,interaction_proxy,False,False,27,0.721001221001221,0.5384615384615385,0.400495726587725,0.5061728395061729,0.1111111111111111,0.1663747503003585,"hp_a,hp_c",0.8717948717948717,0.001,0.006174529921160133,0.002593166734754279,increment-supported,0.6404151404151404,0.001,-0.0004859029345496077,-0.0017201039893852386,residual-dependence-only
11,20373833,genuine_increment,True,True,27,0.6416361416361417,0.4871794871794872,0.7849131411415422,0.6790123456790124,0.5555555555555556,0.17871905825501364,none,0.8400488400488401,0.001,0.0542507474216933,0.013236689661151952,increment-supported,0.8302808302808303,0.001,0.05589174005314478,0.0042842859486074076,increment-supported
11,20374842,axis_specialist_proxy,False,False,27,0.876068376068376,0.7264957264957266,-0.006006324497714199,0.5555555555555556,0.18518518518518517,0.06029667880956914,hp_a,-0.1813186813186813,0.381,-0.00022459090078856894,-0.0012849313817950307,no-supported-increment,-0.31318681318681324,0.121,-0.00013259374874350673,-0.0006791302327435965,no-supported-increment
11,20375851,sign_flip_increment,False,True,27,0.2039072039072039,0.11680911680911683,-0.3815634650231032,0.06172839506172839,-0.18518518518518523,0.00986483742788268,none,-0.4126984126984126,0.041,-0.01572640446214974,-0.03133897376271783,residual-dependence-only,-0.6807081807081806,0.001,0.011722014554744756,-0.0025710704530576317,residual-dependence-only
12,20380813,independent_null,False,False,27,-0.115995115995116,-0.07122507122507124,-0.08024435115828138,-0.012345679012345678,-0.3333333333333333,0.0029573667581513645,hp_b,0.1758241758241758,0.398,-0.0014489051243135424,-0.002341784146736128,no-supported-increment,-0.4267399267399268,0.029,-0.00043186392023007725,-0.0010429463167800155,residual-dependence-only
12,20381822,design_proxy,False,False,27,0.9792429792429792,0.8803418803418804,0.5818604506778579,0.7530864197530865,0.5555555555555556,0.3424636341825048,"hp_a,hp_c",0.854090354090354,0.001,0.0018403464056194804,-0.0018499859881404644,residual-dependence-only,0.6355311355311355,0.002,0.0004212891853119082,-0.0007033095949430914,residual-dependence-only
12,20382831,interaction_proxy,False,False,27,0.669108669108669,0.5042735042735044,0.3914708088965292,0.40740740740740744,-0.03703703703703703,0.1528419240347834,"hp_a,hp_c",0.8705738705738705,0.001,0.0075465865464448495,0.003184914024541276,increment-supported,0.3418803418803419,0.089,4.474603116559183e-05,-0.0004436915175976906,no-supported-increment
12,20383840,genuine_increment,True,True,27,0.7484737484737484,0.54985754985755,0.8448737891654247,0.6790123456790124,0.40740740740740744,0.22596935160855433,hp_b,0.8888888888888888,0.001,0.03787144529503873,0.022176849285352466,increment-supported,0.876068376068376,0.001,0.022844180739453046,0.010353126132358939,increment-supported
12,20384849,axis_specialist_proxy,False,False,27,0.8095238095238095,0.6068376068376069,0.11040071861905414,0.3333333333333333,-0.2592592592592593,0.042807418118298614,hp_a,-0.11233211233211234,0.583,-0.0017724530276385757,-0.0036913998118296497,no-supported-increment,0.14835164835164835,0.451,-0.0009008348872910077,-0.00180573020931291,no-supported-increment
12,20385858,sign_flip_increment,False,True,27,0.07814407814407814,0.06552706552706554,-0.07896609978946634,0.08641975308641975,0.03703703703703704,0.003099539685051138,none,-0.15995115995115994,0.45,-0.02249692193813553,-0.06431513936192339,no-supported-increment,-0.22344322344322343,0.267,0.030037606358906264,0.006679544412812096,predictive-improvement-only
13,20390820,independent_null,False,False,27,-0.07203907203907202,-0.042735042735042736,0.028031972609088417,-0.1358024691358025,-0.2592592592592593,0.001317786626526267,none,0.3473748473748474,0.069,-0.00031069614919182996,-0.0012926096902301093,no-supported-increment,-0.28205128205128205,0.164,-0.0010975961769628916,-0.002254464760489465,no-supported-increment
13,20391829,design_proxy,False,False,27,0.974969474969475,0.8860398860398863,0.6607849122700467,0.7777777777777778,0.48148148148148157,0.3748354419360245,"hp_a,hp_c",0.7893772893772893,0.001,0.0046805021726332545,0.0005018668950671172,increment-supported,0.5122100122100123,0.01,0.0008144660462469609,-0.0008280864222960667,residual-dependence-only
13,20392838,interaction_proxy,False,False,27,0.7789987789987789,0.6182336182336183,0.4671955363206972,0.5061728395061729,0.3333333333333333,0.16384142218464096,"hp_a,hp_c",0.826007326007326,0.001,0.004881926156792308,0.0010569615402382252,increment-supported,0.721001221001221,0.001,0.0014743595224268758,-0.0003015936937781425,residual-dependence-only
13,20393847,genuine_increment,True,True,27,0.5006105006105006,0.33333333333333337,0.8294063940726475,0.5308641975308642,0.2592592592592593,0.0817041659455104,none,0.8974358974358974,0.001,0.05448426965497004,0.024956341422841727,increment-supported,0.887057387057387,0.001,0.06063812104913564,0.027629000117154398,increment-supported
13,20394856,axis_specialist_proxy,False,False,27,0.8449328449328449,0.6581196581196582,-0.03684826928174858,0.30864197530864196,-0.11111111111111113,0.12045661082251999,hp_a,0.14774114774114774,0.454,-0.0019851161012647504,-0.0032135615998665616,no-supported-increment,0.394993894993895,0.035,-0.0019138448444682866,-0.004148031059423746,residual-dependence-only
13,20395865,sign_flip_increment,False,True,27,-0.23076923076923078,-0.14529914529914534,-0.39860286789784755,-0.1851851851851852,-0.5555555555555556,0.015283017591014091,none,-0.2576312576312576,0.206,-0.01099381202637003,-0.028609343761583913,no-supported-increment,-0.467032967032967,0.014,0.03097754126524293,0.0048833180957454985,increment-supported
14,20400827,independent_null,False,False,27,-0.2289377289377289,-0.1566951566951567,0.07489367074971287,0.061728395061728385,-0.2592592592592593,0.017784715027847668,none,0.07326007326007326,0.715,-0.0009431078057305295,-0.0019295421639390245,no-supported-increment,0.2576312576312576,0.195,0.0003476570447556483,-0.0002976018609522163,no-supported-increment
14,20401836,design_proxy,False,False,27,0.9822954822954822,0.9145299145299146,0.6357177157391993,0.7777777777777778,0.6296296296296297,0.5402861678454047,"hp_a,hp_c",0.9242979242979243,0.001,0.006430396947202809,0.0017386803093992426,increment-supported,0.7967032967032966,0.001,-0.0009315630713313556,-0.0022701776431707033,residual-dependence-only
14,20402845,interaction_proxy,False,False,27,0.7185592185592186,0.5669515669515671,0.4678550397755492,0.5308641975308642,0.3333333333333333,0.24429601442816962,"hp_a,hp_c",0.7326007326007326,0.001,0.008156985697255512,0.002925874847820734,increment-supported,0.39133089133089133,0.042,-0.00044285712740486753,-0.0015893911605226036,residual-dependence-only
14,20403854,genuine_increment,True,True,27,0.5225885225885226,0.3561253561253562,0.7700555057745081,0.5555555555555556,0.2592592592592593,0.0932329020088495,hp_c,0.898046398046398,0.001,0.07019188745474635,0.041527760550062416,increment-supported,0.8473748473748473,0.001,0.06404644130235172,0.03394503413573304,increment-supported
14,20404863,axis_specialist_proxy,False,False,27,0.8821733821733821,0.7094017094017095,0.1531300983551492,0.43209876543209874,0.1111111111111111,0.03269615545805588,hp_a,0.10195360195360195,0.612,-0.0013336705499281103,-0.002660125824804802,no-supported-increment,-0.2991452991452991,0.127,-0.000508031090927407,-0.0011050143389942377,no-supported-increment
14,20405872,sign_flip_increment,False,True,27,0.07936507936507936,0.06552706552706554,-0.04077529602441708,0.012345679012345664,-0.037037037037037056,0.003099539685051138,none,-0.1813186813186813,0.351,-0.014868755974210168,-0.029581033664422246,no-supported-increment,-0.2979242979242979,0.113,0.04104045843376621,0.005737700797992601,predictive-improvement-only
15,20410834,independent_null,False,False,27,0.06288156288156288,0.03703703703703704,0.1198990127077937,-0.06172839506172837,-0.3333333333333333,0.0009897291195186163,none,0.05738705738705738,0.771,-0.0005660952422055117,-0.0021385680197939746,no-supported-increment,0.006105006105006104,0.975,-0.00047182506350809325,-0.0012567012734214554,no-supported-increment
15,20411843,design_proxy,False,False,27,0.9786324786324787,0.891737891737892,0.6488194913644371,0.7777777777777778,0.6296296296296297,0.46940219739143696,"hp_a,hp_c",0.9035409035409036,0.001,0.00556399081672799,0.0025317882554756355,increment-supported,0.7442002442002441,0.001,-0.0003863825992719491,-0.0017757529970893924,residual-dependence-only
15,20412852,interaction_proxy,False,False,27,0.8333333333333333,0.6524216524216525,0.42246292047458206,0.5061728395061729,0.03703703703703704,0.14209151505960083,"hp_a,hp_c",0.8278388278388277,0.001,0.006962875549524565,0.003411065720208737,increment-supported,0.572039072039072,0.003,0.00019808297429540177,-0.0005601372974594383,residual-dependence-only
15,20413861,genuine_increment,True,True,27,0.8229548229548229,0.6296296296296297,0.8357657427072145,0.7283950617283951,0.7037037037037037,0.30871013059421104,none,0.9688644688644688,0.001,0.04488829005842915,0.015084480898204479,increment-supported,0.8614163614163614,0.001,0.0302260915706555,0.008334466362343357,increment-supported
15,20414870,axis_specialist_proxy,False,False,27,0.8577533577533577,0.6638176638176639,0.007453507877062707,0.3333333333333333,-0.1111111111111111,0.007570233242089723,hp_a,0.235042735042735,0.258,-0.0007377895687758589,-0.0015782880544871944,no-supported-increment,0.3766788766788767,0.045,-0.00018622643924616576,-0.0005336942192252004,residual-dependence-only
15,20415879,sign_flip_increment,False,True,27,0.06471306471306472,0.042735042735042736,0.10034418688538943,0.06172839506172841,-0.03703703703703703,0.001317786626526267,none,-0.09829059829059829,0.569,-0.03106734246753874,-0.06579306634905151,no-supported-increment,-0.2039072039072039,0.3,0.025197870521649263,0.0020170197841194535,predictive-improvement-only
16,20420841,independent_null,False,False,27,0.21916971916971917,0.14529914529914534,0.07006598562230854,-0.08641975308641973,-0.3333333333333333,0.013948183888305713,hp_c,-0.005494505494505494,0.984,-0.0004917603608926013,-0.0011736682726588323,no-supported-increment,-0.2026862026862027,0.295,-0.00024482904443189936,-0.000955740114120141,no-supported-increment
16,20421850,design_proxy,False,False,27,0.9615384615384616,0.8461538461538463,0.6196036272903899,0.6296296296296297,0.40740740740740744,0.231938972997787,"hp_a,hp_c",0.7124542124542125,0.001,0.004903665616323679,0.0013788792239955061,increment-supported,0.18986568986568983,0.342,-0.0011389553074519707,-0.003271432221380834,no-supported-increment
16,20422859,interaction_proxy,False,False,27,0.7619047619047619,0.5726495726495727,0.38643734753000003,0.308641975308642,-0.48148148148148145,0.2279777215310664,"hp_a,hp_c",0.9163614163614163,0.001,0.0058691598020087455,0.0022805332256722374,increment-supported,0.6031746031746031,0.001,-0.00034364917326019234,-0.0021193017259465395,residual-dependence-only
16,20423868,genuine_increment,True,True,27,0.5366300366300365,0.378917378917379,0.8207826272514201,0.5802469135802469,0.33333333333333337,0.10369129696448914,hp_b,0.8516483516483515,0.001,0.053253623362281254,0.028182207114481325,increment-supported,0.9499389499389499,0.001,0.040765765970448536,0.020941041120474038,increment-supported
16,20424877,axis_specialist_proxy,False,False,27,0.868131868131868,0.7037037037037038,0.11497933019151345,0.48148148148148145,0.03703703703703704,0.056352880356684044,hp_a,0.2631257631257631,0.185,-0.0012715689402638397,-0.00344149278827044,no-supported-increment,0.03907203907203907,0.876,-0.00024026262829775213,-0.0007461594845667086,no-supported-increment
16,20425886,sign_flip_increment,False,True,27,-0.15506715506715504,-0.08831908831908834,-0.10434065568724006,-0.1358024691358025,-0.18518518518518523,0.0056340370652568925,none,0.31684981684981683,0.094,-0.01067512811275552,-0.018947121437681628,no-supported-increment,0.17643467643467645,0.388,0.025185077097869817,0.011852276303857056,predictive-improvement-only
17,20430848,independent_null,False,False,27,0.05433455433455433,0.025641025641025644,-0.1878039351263977,-0.23456790123456792,-0.48148148148148145,0.0004743107063508422,none,-0.47130647130647124,0.02,-0.00033459239686888485,-0.0008685429693225918,residual-dependence-only,0.10134310134310134,0.604,-0.0008351481422925614,-0.0015940824917453787,no-supported-increment
17,20431857,design_proxy,False,False,27,0.9884004884004883,0.9259259259259262,0.6663267099305675,0.8765432098765432,0.7777777777777778,0.5364302398527371,"hp_a,hp_c",0.9035409035409036,0.001,0.006762174682270335,0.0010410087326252911,increment-supported,0.8455433455433455,0.001,0.0005637502399711315,-0.0018347729747837246,residual-dependence-only
17,20432866,interaction_proxy,False,False,27,0.6568986568986569,0.50997150997151,0.3535793638127978,0.43209876543209885,0.2592592592592593,0.0761218497310322,"hp_a,hp_c",0.7478632478632479,0.001,0.004434911375062094,0.0011175065386077865,increment-supported,0.03785103785103785,0.857,-0.0023189505435519692,-0.004005533049299907,no-supported-increment
17,20433875,genuine_increment,True,True,27,0.48229548229548225,0.3447293447293448,0.7609908861647162,0.4567901234567902,-0.1111111111111111,0.0875078666128116,none,0.81013431013431,0.001,0.03451292883900309,0.011317782794119685,increment-supported,0.9096459096459096,0.001,0.03418534476237839,0.020889024516770088,increment-supported
17,20434884,axis_specialist_proxy,False,False,27,0.8253968253968252,0.623931623931624,-0.10314058893458568,0.30864197530864196,-0.18518518518518523,0.0683935051142556,hp_a,-0.5976800976800977,0.003,-0.0008457727620800552,-0.0025266146719026875,residual-dependence-only,-0.4438339438339438,0.026,1.0929730005059674e-06,-0.0004992562960103663,residual-dependence-only
17,20435893,sign_flip_increment,False,True,27,-0.19719169719169719,-0.15099715099715103,-0.25121070783825195,-0.20987654320987656,-0.40740740740740744,0.016509899537959644,none,-0.08363858363858362,0.691,-0.0026517922047664816,-0.02124119054935741,no-supported-increment,-0.44688644688644685,0.026,0.05302983442441277,0.02622505236797611,increment-supported
18,20440855,independent_null,False,False,27,0.21794871794871792,0.14529914529914534,-0.037614687340960164,0.01234567901234566,-0.2592592592592593,0.015283017591014091,none,0.005494505494505494,0.985,0.0003151326465464094,-0.0006737784251765876,no-supported-increment,0.49511599511599513,0.008,0.0016569823367136634,0.0005036057164392411,increment-supported
18,20441864,design_proxy,False,False,27,0.9774114774114774,0.891737891737892,0.6292029043127279,0.8024691358024691,0.5555555555555556,0.36493125866690546,"hp_a,hp_c",0.9352869352869353,0.001,0.006528952477493143,0.0009240793680916994,increment-supported,0.8553113553113553,0.001,-0.004740024096104389,-0.011007973676952795,residual-dependence-only
18,20442873,interaction_proxy,False,False,27,0.6733821733821733,0.5156695156695158,0.2686941769134381,0.3333333333333333,-0.18518518518518523,0.19634695019284304,hp_a,0.46336996336996333,0.015,0.0035013619951217156,0.0002556707881177533,increment-supported,0.030525030525030524,0.858,-0.0004936348827932428,-0.0016333296681530524,no-supported-increment
18,20443882,genuine_increment,True,True,27,0.5341880341880342,0.4017094017094018,0.7844649421336857,0.6790123456790124,0.48148148148148145,0.09103330304811688,hp_b,0.8192918192918193,0.001,0.04585156813753531,0.02167185027779487,increment-supported,0.9236874236874236,0.001,0.0446830756643663,0.020052964194271678,increment-supported
18,20444891,axis_specialist_proxy,False,False,27,0.7905982905982906,0.5726495726495727,0.0632166044979763,0.1358024691358025,-0.4074074074074074,0.06298186759418552,hp_a,-0.14102564102564102,0.467,-0.0009163478215832577,-0.002180468759522563,no-supported-increment,-0.3876678876678876,0.054,-0.0005773351158951927,-0.0009774599453769685,no-supported-increment
18,20445900,sign_flip_increment,False,True,27,-0.17155067155067155,-0.11680911680911683,0.10516571917475928,0.012345679012345678,-0.11111111111111116,0.009864837427882675,none,0.028083028083028084,0.901,-0.0023740094519900355,-0.011006700223522176,no-supported-increment,-0.2026862026862027,0.307,0.011516114996433876,0.004964849448121757,predictive-improvement-only
19,20450862,independent_null,False,False,27,-0.07020757020757021,-0.07122507122507124,0.00638730112422904,-0.06172839506172841,-0.18518518518518523,0.003662504068833785,none,0.4835164835164835,0.013,-0.00023834334910023333,-0.0012814465691133622,residual-dependence-only,0.10683760683760683,0.591,0.000641340851548303,-0.0002734812743546996,no-supported-increment
19,20451871,design_proxy,False,False,27,0.976190476190476,0.891737891737892,0.6899880522294991,0.7777777777777778,0.5555555555555556,0.39228108153518326,"hp_a,hp_c",0.8724053724053724,0.001,0.003432364731182176,0.0012220720105794343,increment-supported,0.6562881562881562,0.001,0.0001136875649553051,-0.0017547922743984977,residual-dependence-only
19,20452880,interaction_proxy,False,False,27,0.5946275946275946,0.4245014245014246,0.5099043878022101,0.4567901234567901,0.33333333333333337,0.13420392192749914,none,0.6855921855921856,0.001,0.0033638572990635236,-0.0006506887640289039,residual-dependence-only,0.35531135531135527,0.055,0.0002858195257675073,-0.000531918040792407,no-supported-increment
19,20453889,genuine_increment,True,True,27,0.7716727716727717,0.5897435897435899,0.797592046115929,0.6543209876543209,0.40740740740740744,0.23875826137804007,hp_c,0.918192918192918,0.001,0.035244094688898775,0.019645449127686444,increment-supported,0.8772893772893773,0.001,0.040430902175282286,0.02007212602382578,increment-supported
19,20454898,axis_specialist_proxy,False,False,27,0.9151404151404152,0.7492877492877494,0.0522039071923617,0.48148148148148145,0.18518518518518523,0.10004817876723897,hp_a,-0.13919413919413917,0.469,-0.0003619448851101773,-0.001611659940696125,no-supported-increment,0.18803418803418803,0.329,-0.0007418186786238568,-0.0016519573588608671,no-supported-increment
19,20455907,sign_flip_increment,False,True,27,0.06349206349206347,0.019943019943019946,-0.2651247064453577,-0.06172839506172841,-0.18518518518518523,0.00028691627396563465,none,-0.2442002442002442,0.228,-0.008463456772283703,-0.024558251356799156,no-supported-increment,-0.47008547008547,0.01,0.012071748080922672,-0.004016873594772787,residual-dependence-only
20,20460869,independent_null,False,False,27,-0.05555555555555555,-0.048433048433048444,-0.10187042284959186,0.03703703703703706,-0.1111111111111111,0.0016927704579951096,none,-0.20573870573870573,0.303,-0.000583684263298476,-0.001550564436604466,no-supported-increment,-0.4242979242979243,0.031,-0.00012551157306949293,-0.001715012449864689,residual-dependence-only
20,20461878,design_proxy,False,False,27,0.9829059829059829,0.9145299145299146,0.6408044565302347,0.8271604938271605,0.7037037037037037,0.5778515024111963,"hp_a,hp_c",0.8931623931623932,0.001,0.002534410502716477,-0.0001324209426949248,residual-dependence-only,0.6105006105006106,0.001,-0.0023162553640581184,-0.004819624920333467,residual-dependence-only
20,20462887,interaction_proxy,False,False,27,0.7643467643467643,0.5612535612535613,0.2744423246692445,0.38271604938271603,-0.40740740740740744,0.12973284876569208,hp_a,0.7942612942612942,0.001,0.0034705120295506365,0.0008913255809947929,increment-supported,0.5488400488400489,0.01,-0.0010475200931914404,-0.0020107769094703056,residual-dependence-only
20,20463896,genuine_increment,True,True,27,0.5561660561660562,0.39601139601139607,0.7715853062181441,0.654320987654321,0.3333333333333333,0.11628492567643335,none,0.7576312576312576,0.001,0.013126718363659591,-0.00241309131808212,residual-dependence-only,0.898046398046398,0.001,0.02881116112629602,0.014612470700939652,increment-supported
20,20464905,axis_specialist_proxy,False,False,27,0.8791208791208791,0.6638176638176639,-0.12285824640080607,0.40740740740740744,0.1111111111111111,0.0744160908969756,hp_a,0.16727716727716724,0.401,-0.0003437677389917966,-0.0021962760141772137,no-supported-increment,-0.4242979242979243,0.025,0.00033187948872539716,-0.000724394033438006,residual-dependence-only
20,20465914,sign_flip_increment,False,True,27,0.12026862026862026,0.06552706552706554,0.04712872480059873,0.1358024691358025,-0.037037037037037056,0.003099539685051138,none,0.09401709401709402,0.648,-0.005871538611966862,-0.038072589147038684,no-supported-increment,-0.01587301587301587,0.933,0.04976873326172962,0.025677670278669587,predictive-improvement-only
21,20470876,independent_null,False,False,27,0.18742368742368742,0.12820512820512825,0.04617159530733555,0.23456790123456792,0.1111111111111111,0.011889163478169852,none,-0.14590964590964592,0.463,-0.00015076871211171933,-0.0006498377517804839,no-supported-increment,0.30708180708180705,0.126,-0.00021464872805571772,-0.0006261241196936767,no-supported-increment
21,20471885,design_proxy,False,False,27,0.9713064713064712,0.8746438746438747,0.5400130615715536,0.7283950617283951,0.48148148148148145,0.46765127302592363,"hp_a,hp_c",0.7789987789987789,0.001,0.0036509856961970417,0.0005207589348616144,increment-supported,0.478021978021978,0.009,-0.0025938951462839196,-0.0049480169222012186,residual-dependence-only
21,20472894,interaction_proxy,False,False,27,0.7338217338217338,0.5441595441595443,0.2976588487174228,0.4567901234567901,-0.03703703703703704,0.16985320606489868,"hp_a,hp_c",0.7967032967032966,0.001,0.006201463550285426,0.0027282835477981902,increment-supported,0.2039072039072039,0.298,-0.000888218078657391,-0.0018039086992723212,no-supported-increment
21,20473903,genuine_increment,True,True,27,0.568986568986569,0.4074074074074075,0.8170963139468237,0.5555555555555556,0.4074074074074074,0.12328371100053608,none,0.9133089133089132,0.001,0.029204343271955084,0.015514431903963316,increment-supported,0.9584859584859584,0.001,0.047376772468730594,0.02964646019257872,increment-supported
21,20474912,axis_specialist_proxy,False,False,27,0.8876678876678876,0.7037037037037038,0.021833564858854092,0.35802469135802467,-0.2592592592592593,0.036714512777370416,hp_a,0.14102564102564102,0.469,-0.0009232040838865682,-0.0019110858767269485,no-supported-increment,0.1684981684981685,0.381,-0.0005654071704534868,-0.001104411824140024,no-supported-increment
21,20475921,sign_flip_increment,False,True,27,0.04212454212454213,0.025641025641025644,0.06257254683793531,0.08641975308641976,-0.03703703703703703,0.0004743107063508422,none,0.047619047619047616,0.83,-0.004431361673840291,-0.011529140356235285,no-supported-increment,-0.08608058608058607,0.663,0.03150609710534274,0.010940380955289167,predictive-improvement-only
22,20480883,independent_null,False,False,27,-0.10317460317460315,-0.08262108262108263,0.09036830996504956,-0.012345679012345658,-0.18518518518518517,0.004929711203511809,none,0.040903540903540904,0.83,-0.0017258752099782032,-0.004372989057621839,no-supported-increment,0.22283272283272282,0.241,-7.895299183999227e-05,-0.0005054201050170143,no-supported-increment
22,20481892,design_proxy,False,False,27,0.9774114774114774,0.8860398860398863,0.6797174280640208,0.7037037037037037,0.5555555555555556,0.318014433548745,"hp_a,hp_c",0.7851037851037852,0.001,0.003190455762492349,3.36415568730849e-05,increment-supported,0.4963369963369963,0.015,0.0003346118173836992,-0.001073837963457186,residual-dependence-only
22,20482901,interaction_proxy,False,False,27,0.8333333333333333,0.6467236467236468,0.45435560301718303,0.5555555555555557,-0.037037037037037014,0.1690265169361334,"hp_a,hp_c",0.8156288156288156,0.001,0.006713849760088356,0.002409124832215349,increment-supported,0.5518925518925519,0.002,7.953950259940654e-05,-0.0014093853641302233,residual-dependence-only
22,20483910,genuine_increment,True,True,27,0.5378510378510378,0.3618233618233619,0.784438135966853,0.5061728395061729,0.11111111111111113,0.09661271809387385,none,0.9420024420024419,0.001,0.07117016648334142,0.03775874554849094,increment-supported,0.8284493284493284,0.001,0.02535547445488926,-0.009382526996399576,residual-dependence-only
22,20484919,axis_specialist_proxy,False,False,27,0.884004884004884,0.6866096866096868,0.08347711808688177,0.40740740740740744,0.1111111111111111,0.05270077486660043,hp_a,-0.2442002442002442,0.213,-0.0007948907127732011,-0.0014678016179678747,no-supported-increment,-0.1581196581196581,0.413,-0.0009444306666078588,-0.0016615239265572162,no-supported-increment
22,20485928,sign_flip_increment,False,True,27,-0.3315018315018315,-0.2706552706552707,-0.36434322287739407,-0.38271604938271603,-0.48148148148148145,0.05350661924594637,none,-0.44749694749694746,0.022,-0.012062746886949048,-0.04739228422588231,residual-dependence-only,-0.3137973137973138,0.106,0.07716597319918564,0.03720295560985658,predictive-improvement-only
23,20490890,independent_null,False,False,27,0.08241758241758242,0.07122507122507124,-0.017851169737663167,-0.037037037037037035,-0.11111111111111113,0.003662504068833785,none,-0.04212454212454213,0.838,-0.0007391164771337905,-0.0016790142888484115,no-supported-increment,-0.3962148962148962,0.04,-0.0002939405529766414,-0.0006915832757369173,residual-dependence-only
23,20491899,design_proxy,False,False,27,0.967032967032967,0.8689458689458691,0.6387362916789189,0.7283950617283951,0.5555555555555556,0.3867406294743682,"hp_a,hp_c",0.8620268620268621,0.001,0.007258415021555489,0.002588825234770504,increment-supported,0.669108669108669,0.001,-0.000788198674232651,-0.0019256955894637173,residual-dependence-only
23,20492908,interaction_proxy,False,False,27,0.8412698412698412,0.6695156695156697,0.34567682222672225,0.5061728395061728,0.03703703703703704,0.1304885658102429,"hp_a,hp_c",0.6336996336996337,0.003,0.0013094567447892325,-0.0003551142290190052,residual-dependence-only,0.3076923076923077,0.119,-0.0005127217330223033,-0.001005090284176623,no-supported-increment
23,20493917,genuine_increment,True,True,27,0.5341880341880342,0.39031339031339035,0.7851795502200961,0.6296296296296297,0.48148148148148145,0.1128690130580234,none,0.8858363858363858,0.001,0.03991204057022103,0.019669000137950098,increment-supported,0.9706959706959707,0.001,0.11033093546600567,0.06973859486627466,increment-supported
23,20494926,axis_specialist_proxy,False,False,27,0.8406593406593406,0.6353276353276355,-0.12592299392275988,0.3333333333333333,-0.2592592592592593,0.01905876734776131,hp_a,-0.32112332112332115,0.118,-0.0008700451164780285,-0.0025923530297998062,no-supported-increment,-0.13308913308913306,0.501,-8.937455413741621e-05,-0.0007142710601938775,no-supported-increment
23,20495935,sign_flip_increment,False,True,27,0.24786324786324787,0.13390313390313394,-0.048652584615545794,-0.03703703703703704,-0.18518518518518517,0.012972727078946646,none,0.07814407814407814,0.705,-0.05372832482274566,-0.11210614466244172,no-supported-increment,0.24358974358974358,0.239,0.04444587172051294,0.021741306567833765,predictive-improvement-only
24,20500897,independent_null,False,False,27,0.16788766788766787,0.08262108262108263,-0.11672994094210196,0.13580246913580246,-0.1111111111111111,0.004929711203511809,none,-0.25274725274725274,0.172,0.00027792755985033175,-0.0006189514643442759,no-supported-increment,0.07509157509157507,0.716,0.00010589818174073281,-0.0004131891763364205,no-supported-increment
24,20501906,design_proxy,False,False,27,0.956043956043956,0.8347578347578348,0.603799541556625,0.654320987654321,0.40740740740740744,0.18326935356466334,"hp_a,hp_c",0.6862026862026862,0.001,0.0014536072148108384,-0.0038903083935525272,residual-dependence-only,0.37362637362637363,0.058,-0.0010164713127705175,-0.0028926058360733264,no-supported-increment
24,20502915,interaction_proxy,False,False,27,0.8028083028083028,0.6125356125356126,0.3830464280904138,0.35802469135802467,-0.037037037037037056,0.13186344564294628,"hp_a,hp_c",0.8369963369963369,0.001,0.005150316734064844,0.00021551571038015447,increment-supported,0.5757020757020758,0.001,-0.000627035732062891,-0.0019956396006424963,residual-dependence-only
24,20503924,genuine_increment,True,True,27,0.6862026862026862,0.49857549857549865,0.8372231366760275,0.6296296296296297,0.5555555555555557,0.18759493531925042,none,0.8876678876678876,0.001,0.04779808205482483,0.020618116375911353,increment-supported,0.9627594627594628,0.001,0.10863599896519649,0.05992947717258133,increment-supported
24,20504933,axis_specialist_proxy,False,False,27,0.8553113553113553,0.6638176638176639,0.12463778099578711,0.43209876543209874,0.03703703703703703,0.021812418828046763,hp_a,0.6208791208791209,0.002,-0.0005649077310701418,-0.0012938416019969922,residual-dependence-only,0.2612942612942613,0.208,-0.0007106098699824048,-0.0013726662773935032,no-supported-increment
24,20505942,sign_flip_increment,False,True,27,-0.30586080586080583,-0.207977207977208,-0.30156251669783773,-0.1111111111111111,-0.18518518518518523,0.03143045911414517,none,-0.0115995115995116,0.955,-0.0005190489464609732,-0.012248902905142182,no-supported-increment,0.04212454212454213,0.843,0.01623713461207991,-0.003477613363044998,no-supported-increment
25,20510904,independent_null,False,False,27,0.2948717948717948,0.18518518518518523,-0.03806545864766807,0.1358024691358025,0.037037037037037056,0.011626881415347108,hp_a,-0.4072039072039072,0.051,0.0007044301804291792,-8.007740913162086e-05,no-supported-increment,-0.15384615384615385,0.454,-0.00043102741176053415,-0.001239454654660697,no-supported-increment
25,20511913,design_proxy,False,False,27,0.984126984126984,0.9145299145299146,0.6822698245821526,0.7777777777777778,0.6296296296296297,0.5147357996645272,"hp_a,hp_c",0.7936507936507936,0.001,0.0046716517043794425,0.00034974059047143105,increment-supported,0.5201465201465202,0.007,-0.0023052244592556073,-0.006703499217360562,residual-dependence-only
25,20512922,interaction_proxy,False,False,27,0.7985347985347986,0.6467236467236468,0.3460060992301213,0.4814814814814814,0.18518518518518517,0.14653993134284732,"hp_a,hp_c",0.8553113553113553,0.001,0.004689608970937413,0.0014071157368933732,increment-supported,0.5714285714285714,0.001,-0.002127265872443041,-0.003966057417782354,residual-dependence-only
25,20513931,genuine_increment,True,True,27,0.5525030525030524,0.39031339031339035,0.7939242810706925,0.48148148148148145,0.1111111111111111,0.10091580811275706,hp_c,0.868131868131868,0.001,0.03621663618002485,0.015038067375368487,increment-supported,0.8894993894993894,0.001,0.040048578876753047,0.018916025586667856,increment-supported
25,20514940,axis_specialist_proxy,False,False,27,0.8522588522588521,0.6638176638176639,0.08583886168351433,0.3580246913580247,-0.18518518518518517,0.013754390531838516,hp_a,0.27167277167277165,0.171,-0.0008197949613869913,-0.0016161877478525308,no-supported-increment,0.4444444444444444,0.026,-0.00025971755113888585,-0.0007521538935268331,residual-dependence-only
25,20515949,sign_flip_increment,False,True,27,-0.047619047619047616,-0.042735042735042736,-0.07854528177073732,0.037037037037037056,-0.1111111111111111,0.001317786626526267,none,0.040903540903540904,0.82,-0.010401346032887605,-0.023838977034169394,no-supported-increment,-0.21672771672771673,0.264,0.0066581022632181165,-0.0030926277795465347,no-supported-increment
26,20520911,independent_null,False,False,27,0.001221001221001221,-0.014245014245014247,-0.06294912399704909,-0.08641975308641976,-0.2592592592592593,0.0001463811004882696,none,-0.12026862026862026,0.546,-0.001238470753506804,-0.0022411444391976596,no-supported-increment,-0.27472527472527475,0.147,-0.0007648457519328789,-0.0017389255714675834,no-supported-increment
26,20521920,design_proxy,False,False,27,0.9755799755799756,0.8860398860398863,0.6075368349907209,0.6790123456790124,0.40740740740740744,0.37606956333574826,"hp_a,hp_c",0.8070818070818071,0.001,0.0059381339521752344,0.0019395139025099508,increment-supported,0.4975579975579975,0.006,0.0008044378426879713,-0.00032187313405242256,residual-dependence-only
26,20522929,interaction_proxy,False,False,27,0.8137973137973138,0.6296296296296297,0.2082653786770296,0.6049382716049383,0.1111111111111111,0.15479706056362838,"hp_a,hp_c",0.7045177045177045,0.001,0.001444333075638007,-4.508691419598415e-05,residual-dependence-only,0.36324786324786323,0.066,-0.0008575966613639796,-0.002080039147699206,no-supported-increment
26,20523938,genuine_increment,True,True,27,0.688034188034188,0.5156695156695158,0.8209537494667484,0.6790123456790124,0.48148148148148145,0.20137750167555638,none,0.905982905982906,0.001,0.030192101218529048,0.01300483676597089,increment-supported,0.9218559218559219,0.001,0.025934767309774488,0.011369937828315893,increment-supported
26,20524947,axis_specialist_proxy,False,False,27,0.833943833943834,0.623931623931624,-0.2036188971260909,0.2098765432098765,-0.18518518518518523,0.044415503983551825,hp_a,-0.2271062271062271,0.254,-0.0002155454908480299,-0.0011089504385279594,no-supported-increment,0.0018315018315018313,0.994,0.0008449519583115881,0.00011863616025431589,predictive-improvement-only
26,20525956,sign_flip_increment,False,True,27,0.03907203907203907,0.05413105413105414,-0.1055028695561612,-0.06172839506172842,-0.18518518518518523,0.0021147050490212898,none,-0.18681318681318682,0.339,-0.006841095793169494,-0.02528933746396572,no-supported-increment,-0.3253968253968254,0.11,0.05783564237671625,0.02827137471238297,predictive-improvement-only
27,20530918,independent_null,False,False,27,0.029914529914529916,-0.00854700854700855,0.021708668234096423,-0.03703703703703703,-0.18518518518518517,5.26960554657095e-05,none,0.3717948717948718,0.053,-0.0010913402428964873,-0.002241504541678966,no-supported-increment,-0.047619047619047616,0.79,-0.0008827270048696132,-0.0013870881150324515,no-supported-increment
27,20531927,design_proxy,False,False,27,0.9755799755799756,0.891737891737892,0.6595305150526608,0.6790123456790124,0.48148148148148145,0.4594802975396061,"hp_a,hp_c",0.8815628815628815,0.001,0.008504101991644678,0.00370070145151874,increment-supported,0.7631257631257632,0.001,0.0018215457206588025,-0.0005398903951048432,residual-dependence-only
27,20532936,interaction_proxy,False,False,27,0.6831501831501832,0.48148148148148157,0.3806046217513165,0.382716049382716,0.03703703703703703,0.17437347384210455,none,0.7527472527472527,0.001,0.005959703232643125,0.0028915068861255916,increment-supported,0.32967032967032966,0.101,-5.617611228816641e-05,-0.0007396915363385946,no-supported-increment
27,20533945,genuine_increment,True,True,27,0.4652014652014652,0.321937321937322,0.8177965150374035,0.5308641975308642,0.18518518518518523,0.0761112546334506,none,0.8687423687423688,0.001,0.08227903641724325,0.04115858509358851,increment-supported,0.9590964590964591,0.001,0.0706230053601862,0.04245095434728331,increment-supported
27,20534954,axis_specialist_proxy,False,False,27,0.884004884004884,0.6980056980056981,0.05830827041757021,0.48148148148148145,0.18518518518518517,0.031005247479396026,hp_a,0.14957264957264954,0.481,-0.0003847404401336237,-0.0010127708426649787,no-supported-increment,-0.25824175824175827,0.186,-0.0006931633695691705,-0.0012816874470409718,no-supported-increment
27,20535963,sign_flip_increment,False,True,27,-0.026862026862026864,-0.03703703703703704,-0.2202252653810296,-0.061728395061728385,-0.1111111111111111,0.0009897291195186163,none,-0.3626373626373626,0.071,0.002977824122763456,-0.013915442358229188,no-supported-increment,-0.362026862026862,0.066,0.0556080199178354,0.032370809967390925,predictive-improvement-only
28,20540925,independent_null,False,False,27,-0.3418803418803419,-0.2250712250712251,-0.07827705431887774,-0.1358024691358025,-0.1851851851851852,0.036856281324442415,none,-0.13186813186813187,0.501,-0.0001988661628099346,-0.0012316387586682551,no-supported-increment,0.14957264957264954,0.45,-0.00048736142989853036,-0.0009063390840383303,no-supported-increment
28,20541934,design_proxy,False,False,27,0.9768009768009768,0.8803418803418804,0.6851054418459939,0.7283950617283951,0.48148148148148157,0.3198227934328146,"hp_a,hp_c",0.796092796092796,0.001,0.0032362718158559832,0.0004126991219850089,increment-supported,0.5219780219780219,0.007,-0.001714885264948762,-0.003911907623694294,residual-dependence-only
28,20542943,interaction_proxy,False,False,27,0.7045177045177045,0.5042735042735044,0.3723551830052023,0.3580246913580247,0.03703703703703704,0.19212614621814894,none,0.699023199023199,0.002,0.005456439692027765,0.0018818743878344238,increment-supported,0.26190476190476186,0.181,-0.001660203666423582,-0.0027493627648329257,no-supported-increment
28,20543952,genuine_increment,True,True,27,0.699023199023199,0.5156695156695158,0.8380435982351566,0.6543209876543211,0.18518518518518523,0.20137750167555638,none,0.9090354090354089,0.001,0.039167704868028855,0.018864845700905006,increment-supported,0.9194139194139194,0.001,0.05624700866776346,0.02123591318278221,increment-supported
28,20544961,axis_specialist_proxy,False,False,27,0.826007326007326,0.6182336182336183,0.04339883564540777,0.38271604938271603,-0.1111111111111111,0.009427811309723207,hp_a,0.04212454212454213,0.83,-0.0005517112561105909,-0.0015560017340239176,no-supported-increment,-0.3119658119658119,0.116,-0.0005039030700354184,-0.0013598202707416206,no-supported-increment
28,20545970,sign_flip_increment,False,True,27,-0.2283272283272283,-0.17948717948717952,-0.1386023183753392,0.06172839506172837,-0.037037037037037056,0.023365088555990034,none,-0.1568986568986569,0.436,-0.017495674807911907,-0.05172485703065965,no-supported-increment,-0.2673992673992674,0.173,0.055898543840127615,0.01831540243703812,predictive-improvement-only
29,20550932,independent_null,False,False,27,0.36568986568986567,0.264957264957265,0.10193379695843943,0.16049382716049385,-0.03703703703703703,0.0512500967305484,none,0.026862026862026864,0.895,-0.0010710853788854918,-0.00241297328155327,no-supported-increment,-0.10561660561660562,0.578,-0.0006401982930972772,-0.0017159780384194015,no-supported-increment
29,20551941,design_proxy,False,False,27,0.9914529914529915,0.9487179487179488,0.5836074415347774,0.9012345679012346,0.7777777777777778,0.6683305320970978,"hp_a,hp_c",0.7991452991452991,0.001,0.0012044809596809536,-0.0021108055395241488,residual-dependence-only,0.5286935286935286,0.005,-0.00021412481283677315,-0.0015830143693032089,residual-dependence-only
29,20552950,interaction_proxy,False,False,27,0.7045177045177045,0.5327635327635328,0.5158752470836324,0.35802469135802467,-0.18518518518518523,0.21573443185046706,none,0.8351648351648352,0.001,0.006150763652820701,0.001849295197590701,increment-supported,0.5854700854700854,0.001,0.00017352353017045102,-0.0019204184359589637,residual-dependence-only
29,20553959,genuine_increment,True,True,27,0.5366300366300365,0.36752136752136755,0.6831705135570807,0.43209876543209874,0.1111111111111111,0.09771320267518442,hp_c,0.877899877899878,0.001,0.023233763981887114,0.010174621562022867,increment-supported,0.918192918192918,0.001,0.03914990756536582,0.01897223192252027,increment-supported
29,20554968,axis_specialist_proxy,False,False,27,0.8791208791208791,0.6980056980056981,0.06887050576325578,0.5555555555555556,0.2592592592592593,0.033760343333627325,hp_a,0.2081807081807082,0.305,-0.0008129770762744029,-0.0018873807766783648,no-supported-increment,0.07509157509157507,0.709,-7.712411718003957e-05,-0.0006774118798952057,no-supported-increment
29,20555977,sign_flip_increment,False,True,27,-0.0757020757020757,-0.07692307692307693,0.08196809228848341,-0.012345679012345687,-0.18518518518518523,0.004272547915074441,none,0.028083028083028084,0.9,-0.013647249188233374,-0.041372637695498114,no-supported-increment,0.05616605616605617,0.764,0.03235207511269294,0.0001678252085646828,predictive-improvement-only
30,20560939,independent_null,False,False,27,0.07997557997557997,0.03133903133903134,-0.08445192831328477,-0.1358024691358025,-0.2592592592592593,0.0007085765771186966,none,-0.2753357753357753,0.148,3.555211039599389e-05,-0.0009921189869400516,no-supported-increment,-0.1221001221001221,0.527,-0.0003110686439511956,-0.0007498618543133382,no-supported-increment
30,20561948,design_proxy,False,False,27,0.9853479853479853,0.9031339031339033,0.633035564355875,0.7530864197530865,0.6296296296296297,0.43587816680967495,"hp_a,hp_c",0.804029304029304,0.001,0.004499026521021465,0.00035328859290474396,increment-supported,0.5537240537240538,0.004,-0.0017051474948587067,-0.002831475149267946,residual-dependence-only
30,20562957,interaction_proxy,False,False,27,0.7057387057387058,0.5213675213675214,0.35568483359980846,0.4074074074074074,0.037037037037037014,0.20530495393747464,hp_b,0.8388278388278387,0.001,0.006107992080681737,0.0033184762760178448,increment-supported,0.26373626373626374,0.163,-0.0014111208768257527,-0.0025841226341474116,no-supported-increment
30,20563966,genuine_increment,True,True,27,0.6904761904761905,0.49857549857549865,0.7651220343614576,0.6296296296296297,0.48148148148148145,0.18759493531925042,none,0.6941391941391941,0.001,0.015420842875357318,-0.0012546122486918282,residual-dependence-only,0.9755799755799756,0.001,0.03366977888307452,0.019097804340407074,increment-supported
30,20564975,axis_specialist_proxy,False,False,27,0.8131868131868132,0.6068376068376069,0.13639069179394225,0.2839506172839506,-0.11111111111111113,0.023212106545510012,hp_a,-0.13186813186813187,0.527,-0.0007535440412119558,-0.002001802840088234,no-supported-increment,-0.12637362637362637,0.557,0.0007854707537567913,-0.00012005263274948511,no-supported-increment
30,20565984,sign_flip_increment,False,True,27,-0.3199023199023199,-0.24786324786324793,-0.058783615051189994,-0.16049382716049385,-0.18518518518518523,0.04478215236772656,none,0.020146520146520144,0.927,6.171842557449111e-05,-0.0047139341001617855,no-supported-increment,-0.30341880341880345,0.124,0.012187741812635551,0.002806856161384135,predictive-improvement-only
31,20570946,independent_null,False,False,27,0.06471306471306472,0.059829059829059845,0.04849561096678346,0.23456790123456792,-0.03703703703703704,0.0025836179195231784,none,0.2118437118437118,0.278,0.00019189445785732645,-0.0008833451758043485,no-supported-increment,0.557997557997558,0.005,-0.00023706300321723814,-0.0007170695446568789,residual-dependence-only
31,20571955,design_proxy,False,False,27,0.9755799755799756,0.8860398860398863,0.590768197032708,0.7777777777777778,0.48148148148148157,0.39865287325837406,"hp_a,hp_c",0.9041514041514042,0.001,0.005632703483522841,0.001934637333175468,increment-supported,0.5982905982905982,0.001,-0.0008440606592864126,-0.002548173339433913,residual-dependence-only
31,20572964,interaction_proxy,False,False,27,0.7374847374847374,0.5612535612535613,0.2544822277988003,0.48148148148148157,0.18518518518518523,0.0678928667626365,"hp_a,hp_c",0.782051282051282,0.001,0.004855966328820301,0.0019694100053732067,increment-supported,0.29242979242979245,0.129,-0.002764723361100456,-0.006914280661765256,no-supported-increment
31,20573973,genuine_increment,True,True,27,0.4218559218559218,0.3162393162393163,0.6932676852249686,0.5061728395061729,0.1111111111111111,0.07339329263028693,none,0.8272283272283273,0.001,0.0334430893274729,0.012445230230909252,increment-supported,0.8943833943833943,0.001,0.04778131618843716,0.022595832827949986,increment-supported
31,20574982,axis_specialist_proxy,False,False,27,0.8272283272283273,0.6011396011396013,-0.06065679267859802,0.20987654320987656,-0.3333333333333333,0.017986386365182013,hp_a,0.05616605616605617,0.784,-0.0005134835789639292,-0.00107826461003469,no-supported-increment,-0.20146520146520144,0.305,-0.0002717072741105029,-0.0006454293117608565,no-supported-increment
31,20575991,sign_flip_increment,False,True,27,0.1623931623931624,0.10541310541310543,-0.03399692284135518,0.012345679012345678,-0.18518518518518517,0.008030469040989668,none,-0.03663003663003663,0.865,-0.005814722492632263,-0.01807133611263412,no-supported-increment,-0.40354090354090355,0.04,0.011586997401671349,0.0047948822800765655,increment-supported
32,20580953,independent_null,False,False,27,0.07631257631257632,0.06552706552706554,0.040812319383744154,0.11111111111111112,0.03703703703703703,0.003099539685051138,none,0.23931623931623933,0.235,-0.0010493026328446484,-0.00170812265453107,no-supported-increment,0.5915750915750917,0.002,-0.0006046888870746229,-0.001378739405386418,residual-dependence-only
32,20581962,design_proxy,False,False,27,0.9822954822954822,0.9145299145299146,0.6368937189215692,0.7777777777777778,0.6296296296296297,0.4525941281168113,"hp_a,hp_c",0.8437118437118436,0.001,0.003223503182782604,0.00032259447426933815,increment-supported,0.5128205128205128,0.004,-0.0016202503778379746,-0.004089435746632638,residual-dependence-only
32,20582971,interaction_proxy,False,False,27,0.7655677655677656,0.5783475783475784,0.3260395385467914,0.30864197530864196,-0.18518518518518523,0.11918663751650431,"hp_a,hp_c",0.7716727716727717,0.001,0.00405567311201086,0.0009650692496269476,increment-supported,0.6727716727716728,0.001,-0.0007471769415393677,-0.002480006259357415,residual-dependence-only
32,20583980,genuine_increment,True,True,27,0.738095238095238,0.54985754985755,0.9029468030852549,0.6790123456790124,0.3333333333333333,0.15450473265951864,hp_b,0.8785103785103784,0.001,0.04778764371922685,0.021378469943700497,increment-supported,0.9621489621489621,0.001,0.05474276445566663,0.025210841433517588,increment-supported
32,20584989,axis_specialist_proxy,False,False,27,0.8137973137973138,0.6125356125356126,-0.021379966704060643,0.25925925925925924,-0.33333333333333337,0.07180624044829217,hp_a,-0.16666666666666663,0.429,0.001715539557795378,4.123321150851302e-06,predictive-improvement-only,0.010378510378510378,0.957,-0.000262023767324919,-0.001664166553839741,no-supported-increment
32,20585998,sign_flip_increment,False,True,27,-0.37606837606837606,-0.264957264957265,-0.2236776140097229,-0.25925925925925924,-0.5555555555555556,0.04995810934729919,hp_a,-0.2973137973137973,0.15,-0.014992822367845805,-0.03403354163710111,no-supported-increment,-0.2588522588522589,0.216,0.021395910427195415,-0.011691900519309226,no-supported-increment
33,20590960,independent_null,False,False,27,0.045787545787545784,0.048433048433048444,0.0019721281525245343,-0.012345679012345687,-0.2592592592592593,0.0016927704579951096,none,0.06776556776556776,0.735,-0.0007962195640303232,-0.0017669194960356414,no-supported-increment,-0.13064713064713065,0.49,-8.259522490779853e-06,-0.0004111942821865861,no-supported-increment
33,20591969,design_proxy,False,False,27,0.9810744810744811,0.9145299145299146,0.5729195359172762,0.8518518518518517,0.7777777777777778,0.5873136526501503,"hp_a,hp_c",0.8388278388278387,0.001,0.00390799261922223,0.0006783105078295703,increment-supported,0.699023199023199,0.001,-0.0016447162702249787,-0.0031385209241328203,residual-dependence-only
33,20592978,interaction_proxy,False,False,27,0.6733821733821733,0.4871794871794872,0.28203778203874474,0.3333333333333333,-0.18518518518518523,0.17871905825501364,none,0.717948717948718,0.001,0.003746531965263261,-0.0005918234235942313,residual-dependence-only,0.3742368742368742,0.053,-0.0020802407244118627,-0.004025065330233838,no-supported-increment
33,20593987,genuine_increment,True,True,27,0.5299145299145299,0.378917378917379,0.7620749595730794,0.6049382716049383,0.18518518518518517,0.08432801828311923,hp_c,0.829059829059829,0.001,0.022798095022104108,-0.004231085832076895,residual-dependence-only,0.9255189255189256,0.001,0.03360165938540687,0.014046895325097718,increment-supported
33,20594996,axis_specialist_proxy,False,False,27,0.8595848595848596,0.6695156695156697,0.04110292303913665,0.3333333333333333,-0.18518518518518523,0.015228194347697923,hp_a,-0.05006105006105006,0.794,-0.0012007292879511328,-0.0025321403606505437,no-supported-increment,-0.2765567765567765,0.149,-0.00010869862427674397,-0.0008869233284108853,no-supported-increment
33,20596005,sign_flip_increment,False,True,27,0.07631257631257632,0.014245014245014247,0.34239886753976306,-0.061728395061728364,-0.33333333333333326,0.0001463811004882696,none,0.34065934065934067,0.089,-0.0016276272838795097,-0.016969726048760965,no-supported-increment,0.30219780219780223,0.124,0.030166895456645956,0.012292452908350366,predictive-improvement-only
34,20600967,independent_null,False,False,27,0.16605616605616605,0.10541310541310543,0.08433140460889281,-0.0617283950617284,-0.1851851851851852,0.008030469040989668,none,0.39987789987789985,0.041,-0.0008507478304720199,-0.0013823269883479752,residual-dependence-only,0.2655677655677655,0.197,-0.0003389511626904554,-0.0008605814539646477,no-supported-increment
34,20601976,design_proxy,False,False,27,0.9713064713064712,0.8746438746438747,0.6216569713960519,0.6790123456790124,0.4074074074074074,0.3687311354025132,"hp_a,hp_c",0.8217338217338217,0.001,0.003634073461778263,0.0009949142763224562,increment-supported,0.583028083028083,0.004,-0.0018458626023866304,-0.005072007048758238,residual-dependence-only
34,20602985,interaction_proxy,False,False,27,0.6599511599511599,0.4586894586894587,0.26901818872045175,0.40740740740740744,-0.2592592592592593,0.15759666229213465,none,0.8253968253968252,0.001,0.004099582090584629,0.0013278624285913163,increment-supported,0.7374847374847374,0.001,-0.0006681521935573559,-0.0024154897247246477,residual-dependence-only
34,20603994,genuine_increment,True,True,27,0.5256410256410257,0.378917378917379,0.7884192612374044,0.5061728395061729,0.11111111111111116,0.10620267947075801,none,0.8369963369963369,0.001,0.042210552203019495,0.014281639904289874,increment-supported,0.8956043956043956,0.001,0.053442995929222664,0.015013644206515244,increment-supported
34,20605003,axis_specialist_proxy,False,False,27,0.8095238095238095,0.6011396011396013,-0.02111369422270346,0.3333333333333333,-0.2592592592592593,0.019652334642279997,hp_a,-0.15384615384615385,0.441,-0.001496150091524165,-0.002952744646908897,no-supported-increment,-0.2087912087912088,0.289,-0.0009327777535512484,-0.001791265394771015,no-supported-increment
34,20606012,sign_flip_increment,False,True,27,-0.056776556776556776,-0.06552706552706554,-0.1339756206805287,-0.012345679012345677,-0.1111111111111111,0.003099539685051138,none,-0.02869352869352869,0.899,-0.017034359346586425,-0.033213692361108986,no-supported-increment,0.020146520146520144,0.922,0.053662212039721484,0.027463624082541934,predictive-improvement-only
35,20610974,independent_null,False,False,27,-0.1568986568986569,-0.13960113960113962,0.007381616547625667,-0.13580246913580252,-0.2592592592592593,0.014103986513193877,none,-0.3003663003663003,0.12,-0.0007983272306665776,-0.0018610937387571664,no-supported-increment,-0.07997557997557997,0.703,0.00031244822533593036,-0.00012397208025603343,no-supported-increment
35,20611983,design_proxy,False,False,27,0.9706959706959707,0.8860398860398863,0.6152856253643044,0.8271604938271605,0.6296296296296297,0.4606880267622283,"hp_a,hp_c",0.8888888888888888,0.001,0.006367954826607045,0.002559730321278014,increment-supported,0.7741147741147741,0.001,-0.0005153716592796384,-0.0019052973607644596,residual-dependence-only
35,20612992,interaction_proxy,False,False,27,0.7753357753357752,0.6068376068376069,0.43315853542130933,0.5308641975308642,0.3333333333333333,0.2537599526210694,"hp_a,hp_c",0.8815628815628815,0.001,0.009043649508669073,0.003552659986091285,increment-supported,0.48534798534798534,0.018,-0.0013355996293873632,-0.0034598412541430386,residual-dependence-only
35,20614001,genuine_increment,True,True,27,0.5024420024420024,0.37321937321937326,0.8049534154446129,0.5308641975308642,0.3333333333333333,0.10295169285536318,none,0.9212454212454212,0.001,0.03532920673986797,0.01786301575223317,increment-supported,0.8772893772893773,0.001,0.018606718393143727,0.008833950990901675,increment-supported
35,20615010,axis_specialist_proxy,False,False,27,0.8492063492063492,0.6410256410256411,-0.05345582146311928,0.30864197530864196,-0.1111111111111111,0.01605780542538828,hp_a,0.0873015873015873,0.675,-0.0016353574109176927,-0.002836499104861613,no-supported-increment,-0.031135531135531136,0.89,-0.0007127603571181352,-0.0014886815910901163,no-supported-increment
35,20616019,sign_flip_increment,False,True,27,-0.11172161172161171,-0.07692307692307693,-0.09869718781825067,-0.012345679012345685,-0.1111111111111111,0.004272547915074441,none,-0.020757020757020756,0.919,0.00482478209076842,-0.014422086212089518,no-supported-increment,-0.09829059829059829,0.627,0.020844573045688534,0.009534057059563747,predictive-improvement-only
36,20620981,independent_null,False,False,27,-0.045787545787545784,-0.06552706552706554,-0.0005221519372720307,-0.11111111111111112,-0.2592592592592593,0.003099539685051138,none,-0.07631257631257632,0.735,-0.0009674102161438877,-0.002028466941291683,no-supported-increment,-0.12271062271062269,0.537,-0.000694136007153779,-0.001580878838244927,no-supported-increment
36,20621990,design_proxy,False,False,27,0.9896214896214895,0.9373219373219375,0.6479251506625835,0.8765432098765432,0.7777777777777778,0.6242083426328873,hp_a,0.8882783882783883,0.001,0.005484622219582765,0.0017912776821616759,increment-supported,0.6953601953601952,0.001,-0.0014524402145559834,-0.00416960518268319,residual-dependence-only
36,20622999,interaction_proxy,False,False,27,0.6532356532356532,0.4757834757834758,0.3699419889558963,0.30864197530864196,-0.1851851851851852,0.17008886649903657,none,0.8614163614163614,0.001,0.006614798551173161,0.0018429600995906817,increment-supported,0.6196581196581197,0.001,-0.007817846264970136,-0.013774479799903516,residual-dependence-only
36,20624008,genuine_increment,True,True,27,0.2496947496947497,0.1737891737891738,0.6307861048268503,0.48148148148148157,0.18518518518518517,0.021897641951588734,none,0.8199023199023199,0.001,0.01938052421891744,0.003652327104453817,increment-supported,0.8833943833943834,0.001,0.02363925485321788,-0.0020747572669632657,residual-dependence-only
36,20625017,axis_specialist_proxy,False,False,27,0.8601953601953601,0.6752136752136754,0.20267565331621848,0.40740740740740744,0.03703703703703704,0.032188725929356336,hp_a,0.03663003663003663,0.857,1.6243875073646344e-05,-0.0021098084024250854,no-supported-increment,0.021367521367521368,0.916,-0.00012808053608423867,-0.00182103035408694,no-supported-increment
36,20626026,sign_flip_increment,False,True,27,-0.40964590964590963,-0.2820512820512821,-0.2513481304197976,-0.16049382716049385,-0.2592592592592593,0.05202277223890824,hp_a,-0.4157509157509158,0.025,-0.025638498906380466,-0.04617772863988031,residual-dependence-only,-0.23931623931623933,0.231,0.02097182292148988,0.0026449816204771642,predictive-improvement-only
37,20630988,independent_null,False,False,27,0.03235653235653236,0.014245014245014247,-0.005983594313901937,-0.08641975308641975,-0.18518518518518517,0.0001463811004882696,none,-0.38461538461538464,0.051,-0.0007053595302709756,-0.0013757792500109927,no-supported-increment,-0.17887667887667885,0.364,-0.0009187485246486791,-0.001598353158402339,no-supported-increment
37,20631997,design_proxy,False,False,27,0.9804639804639804,0.9088319088319089,0.6493775307886441,0.8271604938271605,0.7037037037037037,0.510951197007221,"hp_a,hp_c",0.833943833943834,0.001,0.003999365426012588,0.001402955267436848,increment-supported,0.41391941391941384,0.033,-0.0016606421823439355,-0.004483114123498264,residual-dependence-only
37,20633006,interaction_proxy,False,False,27,0.7912087912087912,0.6182336182336183,0.3346956646605691,0.4567901234567901,-0.1111111111111111,0.1267215333436481,"hp_a,hp_c",0.8144078144078144,0.001,0.005177574953245189,0.0020255672237454486,increment-supported,0.463980463980464,0.014,0.0002987936578873491,-0.0006919683947545171,residual-dependence-only
37,20634015,genuine_increment,True,True,27,0.5927960927960928,0.43589743589743596,0.6816977764792637,0.48148148148148157,0.18518518518518523,0.13887595567929356,hp_b,0.6886446886446885,0.001,0.009388983149939486,0.0031219879039471182,increment-supported,0.8357753357753357,0.001,0.01037364205010915,0.0008217930392469796,increment-supported
37,20635024,axis_specialist_proxy,False,False,27,0.8211233211233211,0.623931623931624,0.04160967993078426,0.3333333333333333,-0.2592592592592593,0.008853843143495327,hp_a,0.17155067155067155,0.381,0.0002884231087818389,-0.0005015055482517688,no-supported-increment,0.1282051282051282,0.516,-0.0001617024937749425,-0.0007436216652082857,no-supported-increment
37,20636033,sign_flip_increment,False,True,27,0.04945054945054945,0.019943019943019946,-0.131091620606937,-0.012345679012345697,-0.11111111111111116,0.00028691627396563465,none,-0.07875457875457875,0.697,-0.037305677464525094,-0.07549010652937425,no-supported-increment,-0.09584859584859586,0.633,0.04602686392038717,0.019781069476327164,predictive-improvement-only
38,20640995,independent_null,False,False,27,-0.28876678876678874,-0.1965811965811966,-0.15861089036110923,-0.23456790123456794,-0.2592592592592593,0.021821903397646537,hp_c,-0.11965811965811966,0.557,-0.0007794679704551128,-0.001303129493519055,no-supported-increment,0.0463980463980464,0.843,4.4577354727981e-05,-0.0003983492240527545,no-supported-increment
38,20642004,design_proxy,False,False,27,0.9816849816849815,0.9259259259259262,0.6775623749696766,0.7777777777777778,0.6296296296296297,0.5512399795527062,"hp_a,hp_c",0.9096459096459096,0.001,0.006866917976177521,0.0022850891299477163,increment-supported,0.7570207570207569,0.001,0.0005216959062751981,-0.0008467207316519784,residual-dependence-only
38,20643013,interaction_proxy,False,False,27,0.793040293040293,0.6410256410256411,0.3454402951109867,0.5802469135802469,0.03703703703703704,0.2623038763072722,hp_a,0.7222222222222221,0.001,0.006761581625001905,0.0023876217539285914,increment-supported,0.25213675213675213,0.208,0.0004125742090804376,-0.0004733029118711234,no-supported-increment
38,20644022,genuine_increment,True,True,27,0.5604395604395604,0.4074074074074075,0.7494677905817625,0.6296296296296297,0.2592592592592593,0.12328371100053608,none,0.8925518925518925,0.001,0.04290841115392087,0.024616651108480027,increment-supported,0.9236874236874236,0.001,0.05657398351862382,0.028128800916128585,increment-supported
38,20645031,axis_specialist_proxy,False,False,27,0.7619047619047619,0.5384615384615385,-0.23223338296130788,0.1851851851851852,-0.2592592592592593,0.05336049931217096,hp_a,-0.612942612942613,0.002,0.0004223900132555771,-0.0006115363890711547,residual-dependence-only,-0.14713064713064714,0.479,-0.00024431800183724595,-0.0009807927896124777,no-supported-increment
38,20646040,sign_flip_increment,False,True,27,-0.2399267399267399,-0.17948717948717952,0.0931640124305857,-0.06172839506172839,-0.1111111111111111,0.023365088555990034,none,-0.1043956043956044,0.6,0.017599100391732774,0.004339423416901503,predictive-improvement-only,-0.2063492063492063,0.315,0.024938511445423868,0.011260644192916374,predictive-improvement-only
39,20651002,independent_null,False,False,27,0.23565323565323562,0.15099715099715103,-0.0415598811448461,0.037037037037037,-0.33333333333333337,0.016509899537959644,none,-0.04822954822954823,0.819,-0.001414035534644061,-0.002530241612436285,no-supported-increment,0.08241758241758242,0.687,-0.00028019503098985175,-0.001154500235642611,no-supported-increment
39,20652011,design_proxy,False,False,27,0.978021978021978,0.9088319088319089,0.7225261838353692,0.7530864197530865,0.5555555555555556,0.48676780810075887,"hp_a,hp_c",0.9017094017094017,0.001,0.00938224263183056,0.005099001882253765,increment-supported,0.6556776556776556,0.003,0.0020342256830576406,0.00020415289983332483,increment-supported
39,20653020,interaction_proxy,False,False,27,0.7026862026862026,0.5384615384615385,0.3606161951525656,0.23456790123456792,-0.33333333333333337,0.22065016270791502,none,0.724053724053724,0.001,0.0031590791711669924,0.00016074843144613368,increment-supported,0.05006105006105006,0.81,-0.00018745022731997147,-0.001577926528925524,no-supported-increment
39,20654029,genuine_increment,True,True,27,0.3827838827838828,0.2592592592592593,0.6707206451691017,0.38271604938271614,0.037037037037037056,0.049043951545027546,none,0.8815628815628815,0.001,0.01982679139325102,0.005760123474177824,increment-supported,0.9304029304029304,0.001,0.00968050653915507,-0.0009853877577522734,residual-dependence-only
39,20655038,axis_specialist_proxy,False,False,27,0.8424908424908425,0.6353276353276355,0.050419982574065506,0.38271604938271603,-0.18518518518518517,0.007031184513053611,hp_a,-0.5091575091575091,0.013,-0.0010567714315251504,-0.0025065712331969257,residual-dependence-only,-0.3766788766788767,0.051,8.834436029193579e-05,-0.0009578187402493764,no-supported-increment
39,20656047,sign_flip_increment,False,True,27,-0.1862026862026862,-0.11680911680911683,-0.31404529189622316,-0.1358024691358025,-0.18518518518518523,0.009864837427882675,none,-0.009157509157509158,0.963,-0.01814943484710063,-0.037392635767629676,no-supported-increment,-0.015262515262515262,0.937,0.028062492140061242,0.01640261198925664,predictive-improvement-only
40,20661009,independent_null,False,False,27,-0.3431013431013431,-0.2535612535612536,-0.037147389656166416,-0.06172839506172841,-0.40740740740740744,0.013023409505473618,hp_a,-0.10195360195360195,0.606,-0.001929093311825076,-0.0031919654171655466,no-supported-increment,-0.09035409035409035,0.651,-0.0006046307549987806,-0.0012151880728895643,no-supported-increment
40,20662018,design_proxy,False,False,27,0.9755799755799756,0.8860398860398863,0.5850580737002932,0.8271604938271605,0.7037037037037037,0.3927203680113683,"hp_a,hp_c",0.8974358974358974,0.001,0.0019346319797611325,-0.0013726533778134573,residual-dependence-only,0.7258852258852259,0.002,0.00033169235225303986,-0.0005274732837054805,residual-dependence-only
40,20663027,interaction_proxy,False,False,27,0.8107448107448108,0.6410256410256411,0.3862826957252589,0.382716049382716,-0.1111111111111111,0.09942329278081631,"hp_a,hp_c",0.8943833943833943,0.001,0.007947762822864062,0.002311532466455783,increment-supported,0.7515262515262515,0.001,-0.004604173091563845,-0.010115815208879698,residual-dependence-only
40,20664036,genuine_increment,True,True,27,0.5641025641025641,0.4074074074074075,0.8965675198669925,0.654320987654321,0.2592592592592593,0.12328371100053608,none,0.9304029304029304,0.001,0.060347914964099844,0.03458695892967771,increment-supported,0.9755799755799756,0.001,0.08172012202018074,0.051683215976780404,increment-supported
40,20665045,axis_specialist_proxy,False,False,27,0.8589743589743589,0.6923076923076924,-0.06862819214277639,0.40740740740740744,-0.18518518518518517,0.04144436664991798,hp_a,0.2905982905982906,0.141,-0.0010805866725926531,-0.0025416091864287954,no-supported-increment,0.2283272283272283,0.251,-0.00032628282717974376,-0.0010800154659818735,no-supported-increment
40,20666054,sign_flip_increment,False,True,27,0.4255189255189255,0.3162393162393163,-0.05058242821917429,0.1358024691358025,-0.1111111111111111,0.028800671451849065,hp_a,0.06105006105006105,0.755,-0.014193285590052028,-0.027131678253741437,no-supported-increment,-0.3223443223443223,0.104,0.030088708304065032,0.00973561714008725,predictive-improvement-only
41,20671016,independent_null,False,False,27,-0.31684981684981683,-0.20227920227920232,0.022984738471103765,-0.1358024691358025,-0.33333333333333337,0.01531669839358398,hp_c,0.16605616605616605,0.425,-0.00038543809132297185,-0.000897684453192999,no-supported-increment,0.2875457875457875,0.17,-0.00047436254957257916,-0.0009031580056847383,no-supported-increment
41,20672025,design_proxy,False,False,27,0.9731379731379731,0.8860398860398863,0.6801894557027313,0.8024691358024691,0.6296296296296297,0.5218000371954857,"hp_a,hp_c",0.877899877899878,0.001,0.005994265444427962,0.002311180488526843,increment-supported,0.7478632478632479,0.001,0.0004065843882558925,-0.0014188899717912124,residual-dependence-only
41,20673034,interaction_proxy,False,False,27,0.8089133089133089,0.6182336182336183,0.4906491445276995,0.43209876543209874,0.03703703703703704,0.23546633349115495,"hp_a,hp_c",0.9053724053724053,0.001,0.006034662779731614,0.0015894695005624466,increment-supported,0.5885225885225885,0.004,-0.0020392118257864054,-0.004045209265807485,residual-dependence-only
41,20674043,genuine_increment,True,True,27,0.6654456654456654,0.4757834757834758,0.8737846316549254,0.6049382716049383,0.2592592592592593,0.17008886649903657,none,0.94017094017094,0.001,0.10408733051335411,0.05889091798361418,increment-supported,0.9645909645909645,0.001,0.12490846790874177,0.08323511807742069,increment-supported
41,20675052,axis_specialist_proxy,False,False,27,0.8565323565323565,0.6410256410256411,-0.05924831636644092,0.3580246913580247,-0.3333333333333333,0.015421971803437734,hp_a,-0.07936507936507936,0.721,-0.00022759348031240953,-0.001444002791446794,no-supported-increment,0.08669108669108669,0.645,0.00017779148112142228,-0.000484156522122934,no-supported-increment
41,20676061,sign_flip_increment,False,True,27,0.08974358974358974,0.07122507122507124,-0.006722971300619433,0.037037037037037035,-0.1111111111111111,0.003662504068833785,none,0.06654456654456653,0.722,-0.012799118680272378,-0.02131879810883441,no-supported-increment,-0.44688644688644685,0.021,0.007867404401833785,-0.001005726658972577,residual-dependence-only
42,20681023,independent_null,False,False,27,0.1562881562881563,0.13960113960113962,0.12598200136715476,0.1851851851851852,-0.03703703703703704,0.014103986513193877,none,0.49694749694749696,0.006,-0.00014241964576843305,-0.0012441741769475372,residual-dependence-only,0.12637362637362637,0.512,-0.00020146952158416748,-0.0011047967547872597,no-supported-increment
42,20682032,design_proxy,False,False,27,0.9774114774114774,0.8974358974358976,0.6359828425833756,0.7777777777777778,0.6296296296296297,0.39622847494763497,"hp_a,hp_c",0.7283272283272283,0.001,0.0016445379279747627,-0.0003922942591131179,residual-dependence-only,0.452991452991453,0.028,0.0005599964086212376,-0.0010104295274497017,residual-dependence-only
42,20683041,interaction_proxy,False,False,27,0.8937728937728937,0.720797720797721,0.3581255350307788,0.5555555555555555,-0.1111111111111111,0.10786192691354889,"hp_a,hp_c",0.731990231990232,0.001,0.001138522880155082,-0.0027831960342360506,residual-dependence-only,0.5451770451770451,0.005,-0.0007276991693947552,-0.002421157220259026,residual-dependence-only
42,20684050,genuine_increment,True,True,27,0.590964590964591,0.4301994301994303,0.7929351481584039,0.6049382716049383,0.2592592592592593,0.1301911657703745,"hp_b,hp_c",0.8663003663003663,0.001,0.03217923781375324,0.015173072717509109,increment-supported,0.7478632478632479,0.001,0.013825588952988934,-0.007252241646174226,residual-dependence-only
42,20685059,axis_specialist_proxy,False,False,27,0.7924297924297924,0.6011396011396013,0.08020752965943344,0.30864197530864196,-0.1111111111111111,0.022246447486248044,hp_a,-0.16971916971916973,0.394,-0.001076763566248402,-0.002716665288984155,no-supported-increment,0.021367521367521368,0.915,-7.134648322453148e-05,-0.0006122895589235039,no-supported-increment
42,20686068,sign_flip_increment,False,True,27,0.1800976800976801,0.09401709401709403,0.102416630697935,0.08641975308641976,-0.03703703703703703,0.006385571799925109,none,0.4432234432234432,0.021,-0.04731900617575338,-0.1048799994339536,residual-dependence-only,0.47130647130647124,0.018,0.0366912580184585,0.01277839340691916,increment-supported
43,20691030,independent_null,False,False,27,0.0463980463980464,0.014245014245014247,0.11571777056888097,-0.037037037037037035,-0.03703703703703704,0.0001463811004882696,none,-0.398046398046398,0.035,-0.00137577315889785,-0.002098237734252627,residual-dependence-only,-0.33821733821733824,0.081,-0.0004375754280476936,-0.0010010383772007774,no-supported-increment
43,20692039,design_proxy,False,False,27,0.9713064713064712,0.891737891737892,0.6727825687786005,0.8271604938271605,0.7037037037037037,0.4424053995157719,"hp_a,hp_c",0.8095238095238095,0.001,0.002177374312128843,-0.0024104840605222626,residual-dependence-only,0.572039072039072,0.001,0.0002643924688104319,-0.0020005122919750655,residual-dependence-only
43,20693048,interaction_proxy,False,False,27,0.7442002442002441,0.5840455840455842,0.39060948372655174,0.5061728395061729,0.1111111111111111,0.17975730953115765,"hp_a,hp_c",0.9108669108669109,0.001,0.0037523692453575843,0.0016521302683281615,increment-supported,0.40598290598290593,0.034,-0.0014717909048991614,-0.003065866490923234,residual-dependence-only
43,20694057,genuine_increment,True,True,27,0.7045177045177045,0.5270655270655271,0.7977633486180362,0.6049382716049383,0.4074074074074074,0.21088410688768375,none,0.6825396825396824,0.001,0.029004440614529434,0.006011482535875603,increment-supported,0.8608058608058607,0.001,0.032197314197548094,-0.0010909186975200979,residual-dependence-only
43,20695066,axis_specialist_proxy,False,False,27,0.8272283272283273,0.6125356125356126,-0.14292669798785376,0.2098765432098765,-0.33333333333333337,0.0283274267296002,hp_a,0.12576312576312576,0.522,-0.0011537954536917725,-0.002643675293670782,no-supported-increment,0.04151404151404151,0.844,-9.520263296188859e-05,-0.0006845584275036316,no-supported-increment
43,20696075,sign_flip_increment,False,True,27,-0.08669108669108669,-0.08831908831908834,-0.04400846205266012,-0.08641975308641975,-0.18518518518518517,0.0056340370652568925,none,0.01465201465201465,0.946,-0.004488328430047966,-0.009654936441236104,no-supported-increment,-0.35470085470085466,0.063,0.017968687250878485,0.005438926170046302,predictive-improvement-only
44,20701037,independent_null,False,False,27,-0.03296703296703297,-0.014245014245014247,0.12275695388492162,0.037037037037037056,-0.3333333333333333,0.0001463811004882696,none,0.384004884004884,0.043,-0.0009764962143256964,-0.001956566782642795,residual-dependence-only,-0.15262515262515264,0.42,-0.0004376611453262031,-0.0015630127128584718,no-supported-increment
44,20702046,design_proxy,False,False,27,0.9774114774114774,0.8974358974358976,0.6203666254258925,0.8024691358024691,0.7037037037037037,0.4270469670797492,"hp_a,hp_c",0.7069597069597069,0.001,0.0028543633172775466,0.0006871964103575709,increment-supported,0.24358974358974358,0.207,-0.0005330716041292193,-0.0017914898093913062,no-supported-increment
44,20703055,interaction_proxy,False,False,27,0.76007326007326,0.5840455840455842,0.561560874147674,0.43209876543209874,0.1111111111111111,0.2280085723368776,"hp_a,hp_c",0.8272283272283273,0.001,0.007978155597663093,0.002939597188304487,increment-supported,0.4487179487179487,0.018,6.144682645144173e-05,-0.0040135475823651345,residual-dependence-only
44,20704064,genuine_increment,True,True,27,0.7735042735042735,0.5669515669515671,0.900987220110837,0.6049382716049384,0.48148148148148157,0.24241990076145126,hp_b,0.8913308913308913,0.001,0.052110109897961075,0.02931702280287,increment-supported,0.9365079365079364,0.001,0.02346355809137466,0.01308626499917207,increment-supported
44,20705073,axis_specialist_proxy,False,False,27,0.7594627594627593,0.5042735042735044,-0.09133063141134982,0.1111111111111111,-0.4074074074074074,0.08098573929810794,hp_a,-0.3687423687423687,0.06,-0.00025902961980771126,-0.001926297726683123,no-supported-increment,-0.48290598290598286,0.015,-0.0008987845092316461,-0.001681474113096367,residual-dependence-only
44,20706082,sign_flip_increment,False,True,27,-0.4267399267399268,-0.33333333333333337,-0.17088805654245384,-0.23456790123456794,-0.40740740740740744,0.045944301625799835,hp_a,-0.29426129426129427,0.131,-0.03907648235696179,-0.06532684673146316,no-supported-increment,-0.13247863247863248,0.509,0.04603742942816136,0.01275234637443636,predictive-improvement-only
45,20711044,independent_null,False,False,27,-0.19413919413919414,-0.12250712250712252,-0.020466041148369536,-0.03703703703703706,-0.2592592592592593,0.010853223284957726,none,-0.05433455433455433,0.793,-0.0006486972545063086,-0.0017459975533390278,no-supported-increment,0.06471306471306472,0.764,-0.0007956536797499893,-0.0018343578355034613,no-supported-increment
45,20712053,design_proxy,False,False,27,0.9737484737484736,0.8689458689458691,0.6468538853292597,0.6790123456790124,0.4074074074074074,0.35640950297915136,"hp_a,hp_c",0.8302808302808303,0.001,0.003070786300681692,0.00039707167632906825,increment-supported,0.6477411477411477,0.002,-0.0022734139952777267,-0.004132843718495224,residual-dependence-only
45,20713062,interaction_proxy,False,False,27,0.7716727716727717,0.5783475783475784,0.5226720427545026,0.5061728395061729,0.037037037037037056,0.17446744182829815,"hp_a,hp_c",0.8046398046398046,0.001,0.005874590328181309,0.0019097230511440236,increment-supported,0.49511599511599513,0.003,0.0009256910188007953,-3.0034352111349837e-05,residual-dependence-only
45,20714071,genuine_increment,True,True,27,0.3614163614163614,0.2535612535612536,0.6758017549150835,0.43209876543209874,0.2592592592592593,0.046888022364473675,none,0.6477411477411477,0.002,0.031117218345934127,0.010565929631796728,increment-supported,0.9108669108669109,0.001,0.04483220098860094,0.02323897558674504,increment-supported
45,20715080,axis_specialist_proxy,False,False,27,0.8400488400488401,0.6467236467236468,0.05896922869317128,0.40740740740740744,-0.03703703703703703,0.022589221719413244,hp_a,0.31929181929181927,0.105,-0.002615399206756519,-0.004304362056201132,no-supported-increment,0.5598290598290598,0.003,0.0011181337456315863,2.236009972427247e-06,increment-supported
45,20716089,sign_flip_increment,False,True,27,-0.3626373626373626,-0.2706552706552707,-0.4238175985622629,-0.23456790123456792,-0.3333333333333333,0.04451084365875778,hp_b,-0.2515262515262515,0.212,-0.05458508344354557,-0.09724415649298379,no-supported-increment,-0.231990231990232,0.258,0.09994894156586626,0.05127369795502072,predictive-improvement-only
46,20721051,independent_null,False,False,27,-0.29975579975579975,-0.20227920227920232,-0.13775322037307358,-0.23456790123456792,-0.3333333333333333,0.023616730287514136,hp_b,-0.5213675213675213,0.007,-0.0010697970641396354,-0.0018817732985302103,residual-dependence-only,-0.6068376068376069,0.003,0.0005647332919602212,-0.00018175711142043037,residual-dependence-only
46,20722060,design_proxy,False,False,27,0.9737484737484736,0.8746438746438747,0.6829549397529237,0.6790123456790124,0.4074074074074074,0.41147922880064997,"hp_a,hp_c",0.9120879120879121,0.001,0.00868832216933214,0.004191811280426841,increment-supported,0.7796092796092796,0.001,0.001370462507905239,0.0004189970694750818,increment-supported
46,20723069,interaction_proxy,False,False,27,0.7118437118437118,0.5441595441595443,0.3986419615699191,0.48148148148148157,0.1111111111111111,0.09364299154310989,"hp_a,hp_c",0.8021978021978021,0.001,0.004546338527241029,0.00034718367077768756,increment-supported,0.4896214896214896,0.017,-0.00045934259857616407,-0.0015853665282066613,residual-dependence-only
46,20724078,genuine_increment,True,True,27,0.43345543345543347,0.33333333333333337,0.7624462405559986,0.5555555555555555,0.3333333333333333,0.0817041659455104,none,0.8199023199023199,0.001,0.020865887820765174,0.0032005546702092657,increment-supported,0.9010989010989011,0.001,0.037303695211324435,0.016149196054226416,increment-supported
46,20725087,axis_specialist_proxy,False,False,27,0.7515262515262515,0.5270655270655271,-0.14419881105736537,0.16049382716049385,-0.3333333333333333,0.05034642641196764,hp_a,-0.304029304029304,0.123,0.000654064969330459,-0.00040352647595176945,no-supported-increment,-0.23382173382173382,0.24,0.00022149614018148085,-0.0004048946318085699,no-supported-increment
46,20726096,sign_flip_increment,False,True,27,-0.3412698412698412,-0.2535612535612536,-0.19121681289224465,-0.1851851851851852,-0.5555555555555556,0.04688802236447366,none,-0.10561660561660562,0.606,-0.012274976573181676,-0.038602927998702685,no-supported-increment,-0.28205128205128205,0.137,0.07842354141696001,0.049139297916889445,predictive-improvement-only
47,20731058,independent_null,False,False,27,-0.18376068376068375,-0.09401709401709403,-0.021461222041238945,-0.037037037037037035,-0.25925925925925924,0.006385571799925109,none,-0.13858363858363856,0.515,-0.0005099100163195695,-0.0012661531875146586,no-supported-increment,-0.10683760683760683,0.578,-1.681401372176372e-05,-0.0008293558189642942,no-supported-increment
47,20732067,design_proxy,False,False,27,0.9847374847374847,0.9145299145299146,0.6183696363219827,0.8518518518518517,0.7037037037037037,0.4642830925266701,"hp_a,hp_c",0.7515262515262515,0.001,0.0026229606240453333,2.687255067324744e-05,increment-supported,0.6343101343101343,0.001,-0.0023605722626220196,-0.004335293583650485,residual-dependence-only
47,20733076,interaction_proxy,False,False,27,0.7454212454212454,0.5612535612535613,0.5269324290072094,0.38271604938271614,-0.03703703703703703,0.1221277346979838,"hp_a,hp_c",0.81013431013431,0.001,0.007542507133790406,0.0012353630885683332,increment-supported,0.41391941391941384,0.031,-0.00020030008085993901,-0.0014710499545821372,residual-dependence-only
47,20734085,genuine_increment,True,True,27,0.5415140415140415,0.4017094017094018,0.81714171892503,0.6296296296296297,0.5555555555555556,0.11975639128631063,none,0.8931623931623932,0.001,0.038647165969585465,0.020932933903115916,increment-supported,0.9078144078144077,0.001,0.04365111884351936,0.01619066719011394,increment-supported
47,20735094,axis_specialist_proxy,False,False,27,0.8272283272283273,0.6296296296296297,0.07523407354309451,0.35802469135802467,-0.1111111111111111,0.02402900485742038,hp_a,0.05616605616605617,0.784,-0.001317786731750533,-0.0029885754476384387,no-supported-increment,-0.18742368742368742,0.342,-0.0012357353172436601,-0.0017733003052590034,no-supported-increment
47,20736103,sign_flip_increment,False,True,27,0.21672771672771673,0.1680911680911681,-0.14114009168613234,0.03703703703703703,-0.1111111111111111,0.020134023523314493,hp_a,-0.14041514041514042,0.471,-0.009608512066059227,-0.02668887027717388,no-supported-increment,-0.11355311355311355,0.559,0.02061599807585446,0.007130951063415921,predictive-improvement-only
48,20741065,independent_null,False,False,27,-0.002442002442002442,-0.019943019943019946,0.13308666768835078,0.06172839506172841,-0.18518518518518523,0.00028691627396563465,none,0.6043956043956045,0.001,3.134099084249435e-05,-0.0008157077576761093,residual-dependence-only,0.5903540903540903,0.001,-0.00024230105909517005,-0.0008423830383333887,residual-dependence-only
48,20742074,design_proxy,False,False,27,0.9835164835164836,0.9031339031339033,0.5331726936010626,0.8024691358024691,0.6296296296296297,0.36671287401144675,"hp_a,hp_c",0.8144078144078144,0.001,0.0031033165910771543,0.0002952665323571049,increment-supported,0.6434676434676434,0.002,0.0009868652421937876,-0.0006710514351210602,residual-dependence-only
48,20743083,interaction_proxy,False,False,27,0.7326007326007326,0.5555555555555557,0.32560684774973503,0.43209876543209874,-0.03703703703703704,0.11689298768735235,"hp_a,hp_c",0.6233211233211233,0.001,0.0025751131022768887,0.0002539349590824322,increment-supported,0.1221001221001221,0.543,-0.00016300655411288084,-0.0017033406435021975,no-supported-increment
48,20744092,genuine_increment,True,True,27,0.6355311355311355,0.43589743589743596,0.8285150501113061,0.5802469135802469,0.2592592592592593,0.12425203550613646,hp_b,0.8669108669108669,0.001,0.03285139539834072,0.013851280429804061,increment-supported,0.9212454212454212,0.001,0.04905765944713056,0.0234462796086644,increment-supported
48,20745101,axis_specialist_proxy,False,False,27,0.8785103785103784,0.6923076923076924,0.0672957878409671,0.4074074074074074,0.037037037037037056,0.0427482682377943,hp_a,0.5274725274725275,0.006,0.0005369426637834296,-0.0008555275395235028,residual-dependence-only,0.5665445665445665,0.002,8.740347704337334e-05,-0.0002880280369279911,residual-dependence-only
48,20746110,sign_flip_increment,False,True,27,0.0293040293040293,0.00854700854700855,-0.147635513651537,-0.06172839506172842,-0.11111111111111116,5.26960554657095e-05,none,-0.1514041514041514,0.431,-0.04267006714710309,-0.08215927261516835,no-supported-increment,-0.2063492063492063,0.286,0.05701522226390166,0.027641602311793828,predictive-improvement-only
49,20751072,independent_null,False,False,27,0.1111111111111111,0.06552706552706554,-0.04413773832510997,0.1358024691358025,-0.1111111111111111,0.003099539685051138,none,0.057997557997558,0.749,-0.0013763958074212053,-0.00218183542445338,no-supported-increment,-0.2539682539682539,0.215,-0.001169783068387142,-0.0018248784131011534,no-supported-increment
49,20752081,design_proxy,False,False,27,0.9694749694749695,0.8689458689458691,0.6363982921257959,0.7777777777777778,0.6296296296296297,0.30215888568633437,"hp_a,hp_c",0.7289377289377289,0.001,0.0020416468462623166,-0.00015394008909096188,residual-dependence-only,0.5091575091575091,0.006,-0.001261576105974542,-0.003121471740227263,residual-dependence-only
49,20753090,interaction_proxy,False,False,27,0.6984126984126984,0.5555555555555557,0.30466159188673053,0.5802469135802469,0.3333333333333333,0.2357954934913797,none,0.738095238095238,0.001,0.00488997287458196,0.0013318148484260035,increment-supported,0.2271062271062271,0.251,-0.0007937441136840074,-0.0018042927351965528,no-supported-increment
49,20754099,genuine_increment,True,True,27,0.5219780219780219,0.3618233618233619,0.7915902654882178,0.5802469135802469,0.2592592592592593,0.09661271809387385,none,0.8785103785103784,0.001,0.017179423253086933,0.008287523985954897,increment-supported,0.8968253968253967,0.001,0.028178407409909716,0.01152229759248937,increment-supported
49,20755108,axis_specialist_proxy,False,False,27,0.865079365079365,0.680911680911681,0.013907993003276928,0.43209876543209874,0.03703703703703704,0.010282335080069949,hp_a,-0.07631257631257632,0.723,-0.0003958878216799213,-0.00105833060553066,no-supported-increment,0.2765567765567765,0.17,-0.0003325899120586468,-0.0007049883984145863,no-supported-increment
49,20756117,sign_flip_increment,False,True,27,0.09768009768009767,0.05413105413105414,0.16655624359629356,0.11111111111111109,-0.037037037037037056,0.0021147050490212898,none,-0.10134310134310134,0.615,-0.005288871582633192,-0.01880672796258872,no-supported-increment,-0.4413919413919414,0.028,0.034286840685650424,-0.003794349343413971,residual-dependence-only
