repetition,seed,scenario,expected_stable_increment,contains_conditional_increment,configurations,raw_spearman,raw_kendall,partial_spearman,granulated_kendall,granulated_min_axis,jiang_cmi,jiang_cmi_min_conditioning,mbe_additive_residual_r,mbe_additive_p,mbe_additive_delta,mbe_additive_delta_ci_low,mbe_additive_class,mbe_interaction_residual_r,mbe_interaction_p,mbe_interaction_delta,mbe_interaction_delta_ci_low,mbe_interaction_class
0,50260786,independent_null,False,False,27,-0.007326007326007325,0.0028490028490028496,-0.0786984048547399,-0.012345679012345678,-0.18518518518518523,5.85505390620652e-06,none,-0.17399267399267399,0.382,-0.0006417874209221405,-0.001713956974946054,no-supported-increment,-0.19291819291819293,0.328,-0.00036827933462809694,-0.0010535716694213494,no-supported-increment
0,50261795,design_proxy,False,False,27,0.9664224664224663,0.851851851851852,0.6430368822078336,0.7037037037037037,0.48148148148148157,0.2768508007795108,"hp_a,hp_c",0.8754578754578756,0.001,0.00880920391901582,0.00424939167391924,increment-supported,0.5427350427350427,0.005,-0.0010346887196621343,-0.006493058032578956,residual-dependence-only
0,50262804,interaction_proxy,False,False,27,0.724053724053724,0.5783475783475784,0.33522125139254483,0.40740740740740744,-0.1111111111111111,0.2243610410569824,"hp_a,hp_c",0.7832722832722833,0.001,0.004485902095123097,0.00021753640872470645,increment-supported,0.3504273504273504,0.087,-0.0009730252098041729,-0.002654685135374215,no-supported-increment
0,50263813,genuine_increment,True,True,27,0.5842490842490842,0.39601139601139607,0.8382504896215253,0.5308641975308642,0.037037037037037056,0.11628492567643335,none,0.9053724053724053,0.001,0.044127245144751234,0.018157338496179277,increment-supported,0.86996336996337,0.001,0.06517237251120744,0.03613078505266639,increment-supported
0,50264822,axis_specialist_proxy,False,False,27,0.8284493284493284,0.6296296296296297,0.04536277509767166,0.38271604938271603,0.03703703703703704,0.01236452846479042,hp_a,-0.03418803418803419,0.854,-0.0014409899138686701,-0.002295198198768821,no-supported-increment,-0.05372405372405373,0.772,0.00022730705221514318,-0.00017672492502775072,no-supported-increment
0,50265831,sign_flip_increment,False,True,27,-0.2551892551892551,-0.1623931623931624,-0.005272176983677948,0.1604938271604938,-0.037037037037037056,0.019107550217179182,none,-0.14957264957264954,0.46,-0.043470655266349974,-0.08438464865015434,no-supported-increment,-0.31684981684981683,0.092,0.06386642764976726,0.028248089344475168,predictive-improvement-only
1,50270793,independent_null,False,False,27,-0.024420024420024417,-0.019943019943019946,0.13831051840839817,0.037037037037037035,-0.1111111111111111,0.00028691627396563465,none,-0.1452991452991453,0.477,-0.0021825643919829475,-0.0035963922286942427,no-supported-increment,-0.11477411477411475,0.575,-0.0005739895717239568,-0.0011186779989382683,no-supported-increment
1,50271802,design_proxy,False,False,27,0.9706959706959707,0.8632478632478634,0.5569411983824382,0.7283950617283951,0.48148148148148145,0.18579615823532594,"hp_a,hp_c",0.6752136752136753,0.001,0.0011423085961545579,-0.0009301630151784682,residual-dependence-only,0.44810744810744807,0.02,-0.0010249151448815368,-0.00208269267888516,residual-dependence-only
1,50272811,interaction_proxy,False,False,27,0.6978021978021978,0.50997150997151,0.442369529229106,0.25925925925925924,-0.48148148148148157,0.19672017145834297,none,0.8168498168498168,0.001,0.0075096321818633825,0.002493609727232569,increment-supported,0.3455433455433455,0.069,-0.0009369695898383615,-0.0021063393747794692,no-supported-increment
1,50273820,genuine_increment,True,True,27,0.315018315018315,0.1965811965811966,0.7214332189897608,0.38271604938271614,0.037037037037037056,0.028058248066139123,none,0.8455433455433455,0.001,0.02436909194312995,0.010148224329989389,increment-supported,0.7155067155067154,0.001,0.0017395575291810628,-0.007933671594965535,residual-dependence-only
1,50274829,axis_specialist_proxy,False,False,27,0.8736263736263736,0.6695156695156697,0.028019448865109795,0.3333333333333333,-0.1111111111111111,0.005076070058626191,hp_a,0.18315018315018314,0.399,-0.0008478211070360817,-0.001614766914593012,no-supported-increment,0.4133089133089133,0.037,0.00031953979508873333,-0.0005298896725140639,residual-dependence-only
1,50275838,sign_flip_increment,False,True,27,-0.13675213675213677,-0.11111111111111113,-0.18739328367876437,-0.16049382716049382,-0.25925925925925924,0.008923940161777846,none,-0.30586080586080583,0.116,-0.07690442288660308,-0.17465067754434413,no-supported-increment,-0.2655677655677655,0.153,0.06569074233510297,0.022687248355165765,predictive-improvement-only
2,50280800,independent_null,False,False,27,0.1043956043956044,0.07692307692307693,-0.08404392615594317,0.1358024691358025,-0.18518518518518517,0.004272547915074441,none,0.18253968253968253,0.347,-0.0005022281350512865,-0.0016257019043589144,no-supported-increment,0.012210012210012208,0.958,-0.0002736621086909235,-0.0009209600708920189,no-supported-increment
2,50281809,design_proxy,False,False,27,0.9700854700854701,0.8689458689458691,0.6862540680675037,0.654320987654321,0.4074074074074074,0.3629549499059636,"hp_a,hp_c",0.7741147741147741,0.001,0.004706008902677335,-0.00028366605010384253,residual-dependence-only,0.44932844932844934,0.021,0.00046301740153434877,-0.0007695076790000645,residual-dependence-only
2,50282818,interaction_proxy,False,False,27,0.7191697191697193,0.5555555555555557,0.4276481155704161,0.5555555555555556,0.1851851851851852,0.193852217748117,"hp_a,hp_c",0.8504273504273504,0.001,0.005501357307201769,0.0022147626591138203,increment-supported,0.4126984126984126,0.029,-0.0002682939670303527,-0.0015241261784250965,residual-dependence-only
2,50283827,genuine_increment,True,True,27,0.7063492063492063,0.5213675213675214,0.8494537694287985,0.6049382716049383,0.40740740740740744,0.2060986408749058,none,0.8919413919413919,0.001,0.043750377492941375,0.018901726489696152,increment-supported,0.9609279609279608,0.001,0.048162386844217926,0.018533361491148412,increment-supported
2,50284836,axis_specialist_proxy,False,False,27,0.8498168498168497,0.6524216524216525,0.23964423324647924,0.48148148148148145,0.1851851851851852,0.04350638108802177,hp_a,0.442002442002442,0.023,0.00019247626695500716,-0.0013570439464325567,residual-dependence-only,0.6355311355311355,0.002,0.0008466940132454848,-0.000850274229727414,residual-dependence-only
2,50285845,sign_flip_increment,False,True,27,0.1813186813186813,0.14529914529914534,-0.005223782671254284,0.08641975308641976,-0.03703703703703704,0.015283017591014091,none,0.10073260073260072,0.589,-0.04271077450977441,-0.12217795983897403,no-supported-increment,-0.12759462759462756,0.504,0.022606430050522635,-0.01528795126919009,no-supported-increment
3,50290807,independent_null,False,False,27,-0.07387057387057387,-0.05413105413105414,0.12312043914575566,-0.037037037037037056,-0.40740740740740744,0.0021147050490212898,none,-0.2081807081807082,0.313,-0.00030590189972563506,-0.0015819537165115795,no-supported-increment,-0.1807081807081807,0.357,-0.0009404112726214015,-0.002486425516391074,no-supported-increment
3,50291816,design_proxy,False,False,27,0.9798534798534798,0.9145299145299146,0.6195105334890729,0.8024691358024691,0.6296296296296297,0.4421317889460067,"hp_a,hp_c",0.8925518925518925,0.001,0.002901606024563604,0.00012341806628189355,increment-supported,0.7283272283272283,0.001,0.0003343427615229051,-0.002644614102139026,residual-dependence-only
3,50292825,interaction_proxy,False,False,27,0.8443223443223443,0.6581196581196582,0.25475516831157036,0.5555555555555556,0.037037037037037056,0.2742770485662677,"hp_a,hp_c",0.6709401709401709,0.001,0.002199720730617866,0.00045247061609432715,increment-supported,0.3766788766788767,0.058,-0.0004962441697698421,-0.001260725569550941,no-supported-increment
3,50293834,genuine_increment,True,True,27,0.771062271062271,0.5783475783475784,0.7778453067389631,0.6049382716049383,0.33333333333333337,0.2537505056816876,hp_c,0.9072039072039072,0.001,0.023303779807052963,0.00947374838878389,increment-supported,0.938949938949939,0.001,0.0369323316309344,0.013983569469848854,increment-supported
3,50294843,axis_specialist_proxy,False,False,27,0.7753357753357752,0.5612535612535613,0.015751629441246705,0.1604938271604938,-0.48148148148148157,0.052947059035214745,hp_a,-0.0006105006105006105,1.0,-0.0006266125259542579,-0.0011959306115651971,no-supported-increment,0.19047619047619047,0.336,-0.00013872554699126405,-0.0004247173095693905,no-supported-increment
3,50295852,sign_flip_increment,False,True,27,-0.246031746031746,-0.13390313390313394,-0.09041953082068033,-0.06172839506172841,-0.18518518518518523,0.012972727078946646,none,-0.22039072039072038,0.262,-0.00966844733578541,-0.026698215760109223,no-supported-increment,-0.033577533577533576,0.862,0.02229615562074496,0.005922705954832328,predictive-improvement-only
4,50300814,independent_null,False,False,27,0.08608058608058607,0.07122507122507124,-0.05247687754154817,-0.037037037037037035,-0.33333333333333337,0.003662504068833785,none,-0.1916971916971917,0.318,-0.0013107091697233519,-0.0021728481619513926,no-supported-increment,-0.3028083028083028,0.136,-0.0011056831740582085,-0.0023482796816333322,no-supported-increment
4,50301823,design_proxy,False,False,27,0.9725274725274725,0.8746438746438747,0.6379989374381312,0.7530864197530865,0.5555555555555556,0.3281334967450389,"hp_a,hp_c",0.9755799755799756,0.001,0.005942752871362174,0.002538492369972789,increment-supported,0.9108669108669109,0.001,0.000642069409138463,-0.0006887781609013036,residual-dependence-only
4,50302832,interaction_proxy,False,False,27,0.7851037851037852,0.5954415954415955,0.3221297290477751,0.5308641975308642,-0.03703703703703704,0.07853349194214194,"hp_a,hp_c",0.81013431013431,0.001,0.003367214455188953,0.0010021296612317454,increment-supported,0.1282051282051282,0.509,-0.0003265025619012176,-0.0014537729954250645,no-supported-increment
4,50303841,genuine_increment,True,True,27,0.6483516483516484,0.4757834757834758,0.8415031577390301,0.5802469135802469,0.18518518518518523,0.14179609672674268,hp_c,0.8772893772893773,0.001,0.02260702362989836,-0.0013371930086972107,residual-dependence-only,0.9126984126984127,0.001,0.0313313611585571,0.013346641311023524,increment-supported
4,50304850,axis_specialist_proxy,False,False,27,0.8424908424908425,0.6296296296296297,0.06171484739189805,0.3580246913580247,-0.03703703703703703,0.0060435026686063,hp_a,0.3717948717948718,0.074,-0.0010638728263259283,-0.0018623736738691934,no-supported-increment,0.17094017094017094,0.422,-0.00019675865686222434,-0.0007120614768565896,no-supported-increment
4,50305859,sign_flip_increment,False,True,27,-0.07081807081807082,-0.03703703703703704,0.1808683583172926,-0.01234567901234569,-0.037037037037037056,0.0009897291195186163,none,0.2576312576312576,0.194,-0.0249744427945817,-0.05273787123076024,no-supported-increment,0.3504273504273504,0.078,0.033492457859448585,0.01783612046651244,predictive-improvement-only
5,50310821,independent_null,False,False,27,-0.0115995115995116,-0.014245014245014247,-0.05556976791944145,0.06172839506172837,-0.11111111111111116,0.0001463811004882696,none,0.14652014652014653,0.469,-0.0009794880953896273,-0.002054819798231305,no-supported-increment,0.3137973137973138,0.109,-0.0007320572281355534,-0.0016453984115710938,no-supported-increment
5,50311830,design_proxy,False,False,27,0.9792429792429792,0.9031339031339033,0.7510968369438015,0.7283950617283951,0.5555555555555556,0.49477236767101673,"hp_a,hp_c",0.9102564102564102,0.001,0.005592688533723714,0.00233455211953018,increment-supported,0.6758241758241758,0.001,0.0011436373855881945,-0.00020342990164968952,residual-dependence-only
5,50312839,interaction_proxy,False,False,27,0.7039072039072038,0.50997150997151,0.2784083651540504,0.3333333333333333,-0.18518518518518517,0.17392588433995487,"hp_a,hp_c",0.6758241758241758,0.001,0.0024778671620770028,-5.5245273167440494e-05,residual-dependence-only,0.44505494505494503,0.026,-0.0020468112513595243,-0.004390067534485183,residual-dependence-only
5,50313848,genuine_increment,True,True,27,0.4884004884004884,0.33333333333333337,0.8064867392613193,0.4567901234567901,0.1111111111111111,0.0817041659455104,none,0.9108669108669109,0.001,0.04531482022965524,0.024408994080275706,increment-supported,0.9255189255189256,0.001,0.054432681788397275,0.02805740299028968,increment-supported
5,50314857,axis_specialist_proxy,False,False,27,0.7948717948717948,0.6068376068376069,0.012534946962538637,0.40740740740740744,0.1111111111111111,0.007906100486893821,hp_a,-0.17155067155067155,0.39,-0.00175526973815111,-0.0034376838745994345,no-supported-increment,-0.03296703296703297,0.852,-0.00021025882031158738,-0.0012683603308200734,no-supported-increment
5,50315866,sign_flip_increment,False,True,27,-0.09218559218559218,-0.06552706552706554,-0.1492088931084263,-0.23456790123456792,-0.4074074074074075,0.003099539685051138,none,0.010989010989010988,0.974,0.017335471812338063,-0.003103859414563611,no-supported-increment,-0.2222222222222222,0.299,0.04111859301563211,0.016071318838367248,predictive-improvement-only
6,50320828,independent_null,False,False,27,-0.13125763125763126,-0.09401709401709403,0.031959061967994556,-0.06172839506172839,-0.2592592592592593,0.004166303459222383,hp_c,-0.06593406593406594,0.75,-0.0005670130278136905,-0.0017055601279569353,no-supported-increment,0.04395604395604395,0.835,-0.0007915560462439849,-0.0015465610460421338,no-supported-increment
6,50321837,design_proxy,False,False,27,0.9816849816849815,0.9031339031339033,0.6309131205187307,0.8024691358024691,0.7037037037037037,0.47521868015556673,"hp_a,hp_c",0.8528693528693528,0.001,0.007886725738072592,0.0032885969742135856,increment-supported,0.6916971916971917,0.001,-0.0021164579555839717,-0.0054183818209600455,residual-dependence-only
6,50322846,interaction_proxy,False,False,27,0.7533577533577533,0.5783475783475784,0.38425193747787717,0.43209876543209874,-0.03703703703703703,0.08373937777297227,"hp_a,hp_c",0.7753357753357752,0.001,0.0067577565708468994,0.0036168979867013916,increment-supported,0.5494505494505495,0.003,-0.00033607492637677955,-0.0013164699097930352,residual-dependence-only
6,50323855,genuine_increment,True,True,27,0.48290598290598286,0.3276353276353277,0.7433370497741816,0.5802469135802469,0.18518518518518517,0.06868440919687611,hp_b,0.8119658119658119,0.001,0.039538847803879514,0.015414736250872656,increment-supported,0.9322344322344323,0.001,0.06662860677105781,0.03335946314838544,increment-supported
6,50324864,axis_specialist_proxy,False,False,27,0.8553113553113553,0.623931623931624,0.03356994053125001,0.2839506172839506,-0.18518518518518523,0.016693781483653237,hp_a,0.12393162393162394,0.527,-0.000797295242095852,-0.0014858573700035843,no-supported-increment,0.11904761904761904,0.556,-0.0012408959114853842,-0.002229814438257517,no-supported-increment
6,50325873,sign_flip_increment,False,True,27,-0.09157509157509157,-0.08262108262108263,-0.3766415763614156,-0.1851851851851852,-0.33333333333333337,0.004929711203511809,none,-0.42124542124542125,0.031,-0.008397356545954068,-0.049028581713570794,residual-dependence-only,-0.41208791208791207,0.037,0.026566205509551622,0.010773798405653087,increment-supported
7,50330835,independent_null,False,False,27,0.13186813186813187,0.08262108262108263,0.06515127680063817,0.11111111111111112,0.03703703703703703,0.004929711203511809,none,0.013431013431013432,0.956,-0.00030031656284770607,-0.0017426447228030058,no-supported-increment,0.14102564102564102,0.479,-0.00042984765195307195,-0.0010657474776142796,no-supported-increment
7,50331844,design_proxy,False,False,27,0.9590964590964591,0.8575498575498577,0.6442414347147429,0.6296296296296297,0.40740740740740744,0.4031941031574123,"hp_a,hp_c",0.583028083028083,0.004,0.0026071755217127093,-0.0009257705553307826,residual-dependence-only,0.3705738705738706,0.049,0.0007725690538730474,-0.0007359255705691525,residual-dependence-only
7,50332853,interaction_proxy,False,False,27,0.7051282051282052,0.5042735042735044,0.4682116620070013,0.35802469135802467,-0.037037037037037056,0.19212614621814894,none,0.7918192918192918,0.001,0.009530892014217394,0.004309544766137519,increment-supported,0.43528693528693524,0.02,0.0006716859949578262,-0.0011985548489288225,residual-dependence-only
7,50333862,genuine_increment,True,True,27,0.4945054945054945,0.3276353276353277,0.6959758881348919,0.48148148148148157,0.18518518518518523,0.04015374054317035,hp_c,0.7808302808302808,0.001,0.011938108156165757,0.0018466143155535947,increment-supported,0.8028083028083028,0.001,0.015227855620354624,-0.0002180518309890075,residual-dependence-only
7,50334871,axis_specialist_proxy,False,False,27,0.7924297924297924,0.5840455840455842,-0.11818964174176774,0.18518518518518515,-0.2592592592592593,0.03634085323356414,hp_a,0.016483516483516484,0.931,-0.0006496942590902798,-0.0028040455913039795,no-supported-increment,0.08608058608058607,0.645,-0.00044444468122780377,-0.001481983055131885,no-supported-increment
7,50335880,sign_flip_increment,False,True,27,0.021978021978021976,0.025641025641025644,-0.03797983774488191,-0.0617283950617284,-0.1111111111111111,0.0004743107063508422,none,0.052503052503052504,0.819,-0.08298713371532884,-0.17778092869534054,no-supported-increment,0.07753357753357752,0.706,0.0533339353950615,0.029502671682614515,predictive-improvement-only
8,50340842,independent_null,False,False,27,0.10378510378510379,0.06552706552706554,0.14409608825293108,0.037037037037037035,-0.1111111111111111,0.003099539685051138,none,0.19230769230769232,0.343,-0.0010791823407560498,-0.0022063759237589196,no-supported-increment,-0.04822954822954823,0.821,-0.0005920432998729776,-0.0018405589949292034,no-supported-increment
8,50341851,design_proxy,False,False,27,0.9725274725274725,0.8803418803418804,0.524911667639468,0.7777777777777778,0.6296296296296297,0.4180443977037376,"hp_a,hp_c",0.7521367521367521,0.001,0.004729386695483884,0.0010325683860844543,increment-supported,0.42124542124542125,0.034,-0.0011042991302632789,-0.0036891133228430925,residual-dependence-only
8,50342860,interaction_proxy,False,False,27,0.7582417582417582,0.5840455840455842,0.44011395572666323,0.5061728395061729,0.2592592592592593,0.22718563074790354,"hp_a,hp_c",0.8858363858363858,0.001,0.008181287919962402,0.0033439044186581407,increment-supported,0.8009768009768009,0.001,0.0001877445804504673,-0.0012123851416979373,residual-dependence-only
8,50343869,genuine_increment,True,True,27,0.5854700854700854,0.4415954415954416,0.8230511969525709,0.5555555555555557,0.1111111111111111,0.14563841821666676,none,0.865079365079365,0.001,0.05580198169411288,0.024412989342534247,increment-supported,0.938949938949939,0.001,0.07092829487653117,0.04583505697182968,increment-supported
8,50344878,axis_specialist_proxy,False,False,27,0.8333333333333333,0.6296296296296297,-0.10627666983310298,0.3333333333333333,-0.18518518518518523,0.0707347660837686,hp_a,0.21916971916971917,0.292,8.073334452754662e-05,-0.0011488333928146388,no-supported-increment,-0.3571428571428571,0.074,-0.0007103525211263019,-0.0014359289419697855,no-supported-increment
8,50345887,sign_flip_increment,False,True,27,0.26373626373626374,0.21367521367521372,0.11186822689422347,0.16049382716049385,0.03703703703703704,0.03318994249740749,none,0.1452991452991453,0.462,-0.026947267520483556,-0.046376288173051367,no-supported-increment,-0.07020757020757021,0.721,0.0018438894873311386,-0.019900993312310676,no-supported-increment
9,50350849,independent_null,False,False,27,0.006105006105006104,0.014245014245014247,0.05145450371167147,0.08641975308641976,-0.03703703703703704,0.0001463811004882696,none,-0.040903540903540904,0.839,-0.0007297018699918469,-0.001579329631623482,no-supported-increment,-0.06715506715506715,0.753,-0.0003493022738548339,-0.0012710338719687348,no-supported-increment
9,50351858,design_proxy,False,False,27,0.9743589743589743,0.8746438746438747,0.5364602375255727,0.8024691358024691,0.6296296296296297,0.3520824294320057,"hp_a,hp_c",0.7564102564102564,0.001,0.0020667435384605325,-0.000895916435563302,residual-dependence-only,0.46642246642246643,0.017,-0.0018084670830036623,-0.005218272206055848,residual-dependence-only
9,50352867,interaction_proxy,False,False,27,0.688034188034188,0.5213675213675214,0.3696052860096592,0.30864197530864196,-0.40740740740740744,0.16343564164683422,"hp_a,hp_c",0.6336996336996337,0.001,0.004868589083862387,0.0008650232075344662,increment-supported,0.07387057387057387,0.706,0.00018203398260375862,-0.0010683335424870064,no-supported-increment
9,50353876,genuine_increment,True,True,27,0.619047619047619,0.47008547008547014,0.774407763101052,0.5802469135802469,0.48148148148148145,0.16586480628303624,none,0.788156288156288,0.001,0.02397661228650741,0.004506686025283642,increment-supported,0.9261294261294261,0.001,0.025239748155906426,0.014062853122822613,increment-supported
9,50354885,axis_specialist_proxy,False,False,27,0.8803418803418803,0.7094017094017095,0.07942268393800847,0.43209876543209874,-0.03703703703703703,0.05166270415871276,hp_a,0.2344322344322344,0.226,-0.0005362891024900292,-0.0017299717847106075,no-supported-increment,0.03418803418803419,0.879,-0.00023104075960402905,-0.0008638957562805431,no-supported-increment
9,50355894,sign_flip_increment,False,True,27,0.0018315018315018313,-0.00854700854700855,-0.02238004430506598,0.06172839506172839,-0.03703703703703704,5.26960554657095e-05,none,-0.27472527472527475,0.15,-0.04262177719899067,-0.0995886847674119,no-supported-increment,-0.3101343101343101,0.107,0.06046884711237074,0.021306169545289005,predictive-improvement-only
10,50360856,independent_null,False,False,27,-0.3418803418803419,-0.2364672364672365,-0.016711358538817896,-0.23456790123456792,-0.3333333333333333,0.040719984714794016,none,-0.5054945054945055,0.006,-0.0007870271831724555,-0.001805558969759478,residual-dependence-only,-0.14163614163614163,0.486,-0.00041481126205786256,-0.0009884354526838483,no-supported-increment
10,50361865,design_proxy,False,False,27,0.9706959706959707,0.8860398860398863,0.5555116936565367,0.7530864197530865,0.6296296296296297,0.3698199916394747,"hp_a,hp_c",0.6862026862026862,0.001,0.0011469873501981972,-0.002152425116963323,residual-dependence-only,0.2295482295482295,0.255,0.0006676413272808917,-0.000996927633098991,no-supported-increment
10,50362874,interaction_proxy,False,False,27,0.6807081807081806,0.5156695156695158,0.40223384135985707,0.38271604938271614,-0.037037037037037014,0.16988636951001193,"hp_a,hp_c",0.7728937728937728,0.001,0.0035714329457165912,0.0007713053718408352,increment-supported,0.40048840048840045,0.042,0.0006181488805186205,-0.0007984243384181716,residual-dependence-only
10,50363883,genuine_increment,True,True,27,0.4023199023199023,0.2991452991452992,0.7747513982192598,0.45679012345679015,0.1111111111111111,0.06555086341705645,none,0.8473748473748473,0.001,0.06096962084194546,0.0184373334112923,increment-supported,0.9224664224664224,0.001,0.058089398632459356,0.02473923333260123,increment-supported
10,50364892,axis_specialist_proxy,False,False,27,0.796092796092796,0.6125356125356126,-0.03675611933585437,0.3333333333333333,-0.03703703703703704,0.020351163456086774,hp_a,-0.14835164835164835,0.461,-0.0009984568382423852,-0.0021636525275315482,no-supported-increment,-0.2063492063492063,0.292,-7.453668295931415e-05,-0.0006051138081400908,no-supported-increment
10,50365901,sign_flip_increment,False,True,27,-0.1746031746031746,-0.13390313390313394,0.039917502264374315,-0.16049382716049382,-0.3333333333333333,0.012972727078946646,none,-0.10683760683760683,0.568,-0.02119008426733348,-0.05150148481124237,no-supported-increment,0.0927960927960928,0.643,0.05423867943756758,0.02404805892955534,predictive-improvement-only
11,50370863,independent_null,False,False,27,0.1575091575091575,0.11111111111111113,-0.17732075234826916,-0.012345679012345677,-0.1111111111111111,0.008526463343797357,hp_c,-0.3705738705738706,0.055,-0.0005237599334436127,-0.0025082186651409263,no-supported-increment,-0.05738705738705738,0.766,7.713588269281889e-05,-0.0009173258029353393,no-supported-increment
11,50371872,design_proxy,False,False,27,0.978021978021978,0.8974358974358976,0.5598117068344418,0.8271604938271605,0.7037037037037037,0.44813248534090167,"hp_a,hp_c",0.8742368742368741,0.001,0.00341401052947464,0.001225800857892165,increment-supported,0.8034188034188033,0.001,-0.0021409266424193742,-0.004893054502451571,residual-dependence-only
11,50372881,interaction_proxy,False,False,27,0.7594627594627593,0.5840455840455842,0.5053621169484431,0.5308641975308642,0.4074074074074074,0.1726124540493107,"hp_a,hp_c",0.8730158730158729,0.001,0.011850776919493218,0.0050096209232209955,increment-supported,0.5848595848595849,0.001,-1.0821971379398193e-05,-0.0007580628998210433,residual-dependence-only
11,50373890,genuine_increment,True,True,27,0.49999999999999994,0.35042735042735046,0.8177541987191953,0.5555555555555557,0.33333333333333337,0.09048933697084666,none,0.855921855921856,0.001,0.03397572630006557,0.014300595277488486,increment-supported,0.9065934065934066,0.001,0.04644405858347228,0.027520564275454067,increment-supported
11,50374899,axis_specialist_proxy,False,False,27,0.8229548229548229,0.623931623931624,0.016448326832529593,0.28395061728395066,-0.3333333333333333,0.03560833632674928,hp_a,-0.10805860805860806,0.609,-0.0013946786717875526,-0.002392327447946677,no-supported-increment,-0.09340659340659341,0.662,-0.0004800271339628782,-0.0010110254015826077,no-supported-increment
11,50375908,sign_flip_increment,False,True,27,-0.20085470085470084,-0.13390313390313394,-0.15545376451039028,0.012345679012345678,-0.18518518518518517,0.012972727078946646,none,-0.11660561660561661,0.553,-0.039678584645541144,-0.0707029630711317,no-supported-increment,-0.21733821733821732,0.277,0.060235554610994,0.01988093482275172,predictive-improvement-only
12,50380870,independent_null,False,False,27,0.0989010989010989,0.07692307692307693,0.00048406242937063654,0.0617283950617284,-0.03703703703703701,0.004272547915074441,none,0.026251526251526252,0.905,0.00013246641180721976,-0.0007537657767602744,no-supported-increment,0.03907203907203907,0.853,-0.00039496522464133564,-0.0008616281823064738,no-supported-increment
12,50381879,design_proxy,False,False,27,0.9847374847374847,0.9202279202279204,0.6146800248760608,0.8271604938271605,0.7037037037037037,0.5332616724932999,"hp_a,hp_c",0.8998778998778999,0.001,0.003314407957730992,-2.2125197834404355e-05,residual-dependence-only,0.8199023199023199,0.001,-0.00024069412941335293,-0.0013264596736298154,residual-dependence-only
12,50382888,interaction_proxy,False,False,27,0.7649572649572649,0.623931623931624,0.2914098992315352,0.43209876543209874,0.03703703703703704,0.1217631981139634,"hp_a,hp_c",0.7002442002442002,0.001,0.0019132191007239993,-0.00030953691585783105,residual-dependence-only,0.2936507936507936,0.138,-0.0019046357584936672,-0.005248407478599508,no-supported-increment
12,50383897,genuine_increment,True,True,27,0.554945054945055,0.39031339031339035,0.8513661639875532,0.5802469135802469,0.40740740740740744,0.1126233092197387,hp_b,0.8888888888888888,0.001,0.04118252277775339,0.018935777462238717,increment-supported,0.8711843711843712,0.001,0.05317780828807116,0.013638676114365441,increment-supported
12,50384906,axis_specialist_proxy,False,False,27,0.8601953601953601,0.6695156695156697,0.08562733865214112,0.3580246913580247,-0.03703703703703704,0.011934114014589136,hp_a,0.06837606837606838,0.728,-0.0037496400144990307,-0.006823174230379955,no-supported-increment,0.30830280830280826,0.126,-0.0016211197592242328,-0.002969936979550887,no-supported-increment
12,50385915,sign_flip_increment,False,True,27,-0.04822954822954823,-0.014245014245014247,-0.11282538909525654,0.03703703703703704,-0.1111111111111111,0.0001463811004882696,none,0.006105006105006104,0.977,-0.01076469854646369,-0.036126278836364004,no-supported-increment,-0.19108669108669107,0.324,0.05033981711162182,0.020827977870684744,predictive-improvement-only
13,50390877,independent_null,False,False,27,0.052503052503052504,0.00854700854700855,-0.04059762501883731,-0.08641975308641975,-0.2592592592592593,5.26960554657095e-05,none,-0.13247863247863248,0.526,-0.0012406278305837105,-0.002244946990491388,no-supported-increment,-0.1794871794871795,0.394,-0.0006297920397980196,-0.0010218071452140084,no-supported-increment
13,50391886,design_proxy,False,False,27,0.9768009768009768,0.891737891737892,0.5491513902248438,0.7530864197530865,0.48148148148148157,0.4438383315805431,"hp_a,hp_c",0.8473748473748473,0.001,0.0022577325378182068,-0.0004911564727787134,residual-dependence-only,0.5769230769230769,0.001,-0.0005630063916395901,-0.0018808332372488173,residual-dependence-only
13,50392895,interaction_proxy,False,False,27,0.6153846153846154,0.43589743589743596,0.40066502352019767,0.25925925925925924,-0.18518518518518523,0.14176920735885895,none,0.721001221001221,0.001,0.005262235373243239,0.0018103631684403124,increment-supported,-0.2564102564102564,0.188,-0.0029419484600704208,-0.00600682545373823,no-supported-increment
13,50393904,genuine_increment,True,True,27,0.6794871794871794,0.49287749287749294,0.8498690770102818,0.5802469135802469,0.48148148148148145,0.17004295501242883,hp_c,0.8400488400488401,0.001,0.031516173096869965,0.012701511518351518,increment-supported,0.8809523809523808,0.001,0.026461877048957187,0.007074496152130264,increment-supported
13,50394913,axis_specialist_proxy,False,False,27,0.8742368742368741,0.7037037037037038,0.1046944856290132,0.40740740740740744,-0.037037037037037056,0.04058688023142033,hp_a,0.06532356532356533,0.757,-0.00026542287696585884,-0.0012437642344071643,no-supported-increment,-0.2673992673992674,0.17,-0.00028014909253250286,-0.0010701599827851204,no-supported-increment
13,50395922,sign_flip_increment,False,True,27,-0.2032967032967033,-0.13390313390313394,-0.12276692280721659,-0.06172839506172839,-0.1111111111111111,0.012972727078946646,none,-0.057997557997558,0.758,-0.002651745286484722,-0.017249814465550874,no-supported-increment,-0.08974358974358974,0.63,0.043769298235954254,0.01853833268542815,predictive-improvement-only
14,50400884,independent_null,False,False,27,0.4218559218559218,0.3162393162393163,0.03887030535420341,0.13580246913580246,0.03703703703703704,0.017268710060020627,hp_a,0.1349206349206349,0.502,5.711268297898045e-06,-0.0010387671295339442,no-supported-increment,0.1916971916971917,0.344,-0.00020294578378596793,-0.0005354409593132896,no-supported-increment
14,50401893,design_proxy,False,False,27,0.9743589743589743,0.8803418803418804,0.6388618502611711,0.7283950617283951,0.5555555555555556,0.3407664499077104,"hp_a,hp_c",0.8363858363858363,0.001,0.004759700628805331,0.002103789385838505,increment-supported,0.5659340659340658,0.004,-0.00028558504630522494,-0.0014981609231079634,residual-dependence-only
14,50402902,interaction_proxy,False,False,27,0.7796092796092796,0.623931623931624,0.3353765640020363,0.5802469135802469,0.03703703703703704,0.24326640738281435,"hp_a,hp_c",0.8632478632478632,0.001,0.004387880612045281,0.0007172723307784639,increment-supported,0.34493284493284493,0.081,-0.002606659300180572,-0.004923607086496905,no-supported-increment
14,50403911,genuine_increment,True,True,27,0.5091575091575091,0.3561253561253562,0.7632391068984113,0.5802469135802469,0.4074074074074075,0.09352420539403403,none,0.8400488400488401,0.001,0.036861088951609236,0.012685268555175001,increment-supported,0.8595848595848596,0.001,0.04206274605375186,0.01055123645979891,increment-supported
14,50404920,axis_specialist_proxy,False,False,27,0.7887667887667887,0.5726495726495727,0.08860328873959583,0.23456790123456792,-0.25925925925925924,0.012137904229691724,hp_a,-0.1172161172161172,0.565,-0.000990768244660864,-0.002276895351833653,no-supported-increment,-0.5451770451770451,0.007,-0.0010604452248207333,-0.002666085640019463,residual-dependence-only
14,50405929,sign_flip_increment,False,True,27,0.10622710622710621,0.08831908831908834,-0.07586589336111874,0.08641975308641976,-0.03703703703703704,0.0056340370652568925,none,-0.1984126984126984,0.316,-0.003657982954627298,-0.014943169402526676,no-supported-increment,-0.23076923076923078,0.253,0.002255785194197911,-0.01380101050059945,no-supported-increment
15,50410891,independent_null,False,False,27,0.32844932844932845,0.2364672364672365,-0.10062738274922071,0.08641975308641976,0.03703703703703703,0.031195781547244276,hp_b,-0.18986568986568983,0.346,-0.0005286957637467456,-0.0015592711884111644,no-supported-increment,0.13553113553113552,0.52,0.00013706347923509582,-0.0006194426793066594,no-supported-increment
15,50411900,design_proxy,False,False,27,0.978021978021978,0.8974358974358976,0.5711676169393537,0.7037037037037037,0.5555555555555556,0.40568336012361494,"hp_a,hp_c",0.884004884004884,0.001,0.002563029330286638,0.0003448381402586092,increment-supported,0.5958485958485958,0.002,-0.002299298617415381,-0.004014551375046356,residual-dependence-only
15,50412909,interaction_proxy,False,False,27,0.7191697191697193,0.5612535612535613,0.25800448251061436,0.40740740740740744,-0.037037037037037056,0.07502256732206611,"hp_a,hp_c",0.8376068376068376,0.001,0.004416646965002054,0.0014210775250472344,increment-supported,0.32722832722832723,0.116,0.00012597027465316435,-0.00132329892647549,no-supported-increment
15,50413918,genuine_increment,True,True,27,0.31318681318681324,0.207977207977208,0.7315841566886094,0.3333333333333333,0.03703703703703706,0.03143045911414516,none,0.8632478632478632,0.001,0.04351397939042795,0.01430394012975701,increment-supported,0.9474969474969475,0.001,0.09349426311703213,0.04434894252905516,increment-supported
15,50414927,axis_specialist_proxy,False,False,27,0.8302808302808303,0.6296296296296297,0.010336605886884792,0.38271604938271603,-0.2592592592592593,0.009114592061901806,hp_a,0.18437118437118435,0.311,-0.0006569131586267561,-0.001404481682209072,no-supported-increment,-0.020757020757020756,0.922,-5.883168229143913e-05,-0.0009594025683151451,no-supported-increment
15,50415936,sign_flip_increment,False,True,27,-0.056776556776556776,-0.059829059829059845,0.1643786297238512,-0.06172839506172841,-0.2592592592592593,0.0025836179195231784,none,0.03540903540903541,0.869,-0.011933823631092424,-0.02416285313855901,no-supported-increment,0.07692307692307693,0.688,0.018308714981715303,0.0038339863766750876,predictive-improvement-only
16,50420898,independent_null,False,False,27,0.03785103785103785,0.042735042735042736,-0.06925101913878971,0.06172839506172841,-0.1111111111111111,0.001317786626526267,none,-0.5695970695970696,0.002,-0.0009407647376949053,-0.0020854119571697845,residual-dependence-only,-0.4902319902319902,0.01,-0.0004432623531456358,-0.0007603520836332601,residual-dependence-only
16,50421907,design_proxy,False,False,27,0.9725274725274725,0.8803418803418804,0.6640649520407468,0.7777777777777778,0.6296296296296297,0.38491246711730187,"hp_a,hp_c",0.7875457875457876,0.001,0.0076152379006017585,0.0019711039284204695,increment-supported,0.6147741147741148,0.003,0.000277604550450521,-0.001064438589435333,residual-dependence-only
16,50422916,interaction_proxy,False,False,27,0.7057387057387058,0.50997150997151,0.22905261224193832,0.4814814814814814,-0.18518518518518523,0.19672017145834297,none,0.8717948717948717,0.001,0.005829277703176426,0.002188538522751757,increment-supported,0.5903540903540903,0.001,-0.003829970807429226,-0.008111461851246893,residual-dependence-only
16,50423925,genuine_increment,True,True,27,0.6178266178266179,0.4472934472934474,0.8500261511478462,0.5555555555555556,0.1111111111111111,0.1438563849134021,hp_b,0.8534798534798536,0.001,0.03851144560858789,0.00877936932949419,increment-supported,0.9645909645909645,0.001,0.07406678860236555,0.04196292758942781,increment-supported
16,50424934,axis_specialist_proxy,False,False,27,0.8461538461538461,0.6638176638176639,0.1114662926023984,0.4074074074074074,-0.1111111111111111,0.020679259956261888,hp_a,-0.24297924297924298,0.231,-0.0015730467262508388,-0.0035279504250474805,no-supported-increment,-0.39316239316239315,0.044,-0.001615923608418798,-0.0027648555989430905,residual-dependence-only
16,50425943,sign_flip_increment,False,True,27,-0.06227106227106227,-0.03133903133903134,-0.22753267896001075,-0.012345679012345678,-0.18518518518518517,0.0007085765771186966,none,-0.23748473748473747,0.244,-0.0007426505592756372,-0.024201264601518196,no-supported-increment,-0.3766788766788767,0.058,0.038578741266336314,0.016084275469815317,predictive-improvement-only
17,50430905,independent_null,False,False,27,-0.315018315018315,-0.1965811965811966,0.0436201078217234,-0.06172839506172837,-0.48148148148148145,0.007509610343429474,hp_a,-0.17216117216117213,0.398,-0.0009235653285302545,-0.001923309505737903,no-supported-increment,0.10317460317460315,0.619,-0.0005350883666711496,-0.0011088264273854266,no-supported-increment
17,50431914,design_proxy,False,False,27,0.9768009768009768,0.8860398860398863,0.6715115922742074,0.8024691358024691,0.6296296296296297,0.3956989345109885,"hp_a,hp_c",0.8021978021978021,0.001,0.007303326238304202,0.0034258370712717708,increment-supported,0.5879120879120878,0.001,0.0014131763885939109,0.00013572503286695683,increment-supported
17,50432923,interaction_proxy,False,False,27,0.7863247863247863,0.623931623931624,0.4151668896547526,0.5802469135802469,0.40740740740740744,0.15981580641604892,"hp_a,hp_c",0.918192918192918,0.001,0.007855433868382243,0.004030931389259782,increment-supported,0.7252747252747253,0.001,0.0020848863917599988,0.00041246625325362267,increment-supported
17,50433932,genuine_increment,True,True,27,0.6611721611721612,0.4871794871794872,0.8360255201847312,0.6049382716049383,0.2592592592592593,0.17871905825501364,none,0.8919413919413919,0.001,0.05259396492601691,0.020534048450346183,increment-supported,0.8327228327228328,0.001,0.06166624621393949,0.012341721864656029,increment-supported
17,50434941,axis_specialist_proxy,False,False,27,0.8614163614163614,0.6695156695156697,0.012264316304530074,0.4074074074074074,0.037037037037037056,0.026979371221352525,hp_a,0.19047619047619047,0.36,0.0005919006304523668,-0.0005284103692981812,no-supported-increment,0.4084249084249084,0.032,-0.0011428057174606397,-0.0018531076528543729,residual-dependence-only
17,50435950,sign_flip_increment,False,True,27,-0.11904761904761904,-0.07692307692307693,-0.22727547409836643,-0.037037037037037035,-0.1111111111111111,0.004272547915074441,none,-0.12087912087912088,0.585,-0.049543714491072366,-0.09471369395587088,no-supported-increment,0.0989010989010989,0.606,0.04129067856178216,0.0240186198994055,predictive-improvement-only
18,50440912,independent_null,False,False,27,-0.03418803418803419,-0.00854700854700855,0.05467299034850612,0.037037037037037035,-0.03703703703703703,5.26960554657095e-05,none,-0.007326007326007325,0.973,-0.00043946982272858974,-0.001221216468773261,no-supported-increment,0.17826617826617824,0.359,-0.0001046901935261961,-0.0004993171203278552,no-supported-increment
18,50441921,design_proxy,False,False,27,0.9822954822954822,0.9031339031339033,0.6685434064362198,0.7530864197530865,0.5555555555555556,0.4435124130755009,"hp_a,hp_c",0.8815628815628815,0.001,0.008825152590146206,0.003966808927214208,increment-supported,0.6971916971916973,0.001,0.0019072721604955559,0.000536874441785089,increment-supported
18,50442930,interaction_proxy,False,False,27,0.73992673992674,0.5726495726495727,0.3594736576119728,0.4567901234567901,-0.037037037037037056,0.12365260163338813,"hp_a,hp_c",0.7368742368742369,0.001,0.005409056911862466,0.0011529883291734665,increment-supported,0.3107448107448107,0.11,-0.002828512166248987,-0.005560033527181996,no-supported-increment
18,50443939,genuine_increment,True,True,27,0.4694749694749695,0.33333333333333337,0.6589217649494367,0.3580246913580247,0.03703703703703704,0.0817041659455104,none,0.7197802197802197,0.001,0.0022576386644038993,-0.011134984834155382,residual-dependence-only,0.7936507936507936,0.001,0.014194883129803496,-1.0006736788983662e-05,residual-dependence-only
18,50444948,axis_specialist_proxy,False,False,27,0.8711843711843712,0.6980056980056981,0.07185287077666323,0.45679012345679015,0.1111111111111111,0.05431118882432818,hp_a,0.17338217338217338,0.381,-0.0005889415425697625,-0.0021095749709518657,no-supported-increment,-0.2612942612942613,0.201,-0.000906571463706863,-0.0030599431888913816,no-supported-increment
18,50445957,sign_flip_increment,False,True,27,-0.21733821733821732,-0.18518518518518523,-0.04444851486906129,-0.08641975308641973,-0.48148148148148145,0.024880935059133972,none,0.14041514041514042,0.473,0.013031470125277098,0.003477514841971369,predictive-improvement-only,0.06227106227106227,0.757,0.039358364439745205,0.012613177682419789,predictive-improvement-only
19,50450919,independent_null,False,False,27,-0.1105006105006105,-0.11111111111111113,0.007968968090368213,-0.16049382716049385,-0.48148148148148157,0.006252034241931141,hp_b,0.27594627594627597,0.169,-0.0013263883691737848,-0.002608899234506266,no-supported-increment,0.34615384615384615,0.086,-0.00020754387640652648,-0.0006835841680425287,no-supported-increment
19,50451928,design_proxy,False,False,27,0.9786324786324787,0.891737891737892,0.5411984528031818,0.7777777777777778,0.6296296296296297,0.4231668799600109,"hp_a,hp_c",0.7649572649572649,0.001,0.00309821448695931,3.703105954036051e-05,increment-supported,0.6666666666666665,0.002,-0.00014042637290859541,-0.00104630751310928,residual-dependence-only
19,50452937,interaction_proxy,False,False,27,0.8058608058608058,0.6353276353276355,0.3643817349195248,0.45679012345679015,0.03703703703703706,0.22215427089795953,hp_a,0.8724053724053724,0.001,0.00678227010144303,0.002663718981861207,increment-supported,0.45054945054945056,0.015,-0.00045751922400995293,-0.0011035768059405857,residual-dependence-only
19,50453946,genuine_increment,True,True,27,0.6788766788766789,0.49857549857549865,0.87497850967045,0.6049382716049384,0.40740740740740744,0.18759493531925042,none,0.8766788766788767,0.001,0.059674158367796326,0.03136468958755721,increment-supported,0.9481074481074481,0.001,0.054753658685656355,0.02857280238436595,increment-supported
19,50454955,axis_specialist_proxy,False,False,27,0.8394383394383393,0.6410256410256411,-0.05433870874653524,0.25925925925925924,-0.1111111111111111,0.010209151390538244,hp_a,-0.23748473748473747,0.223,0.001500107458028959,0.00026061363068859313,predictive-improvement-only,-0.38949938949938945,0.038,-0.001262752426206791,-0.002457138197825253,residual-dependence-only
19,50455964,sign_flip_increment,False,True,27,-0.22039072039072038,-0.14529914529914534,-0.025250124647472148,-0.11111111111111115,-0.2592592592592593,0.012001792859343862,hp_a,0.045177045177045176,0.842,-0.03929531770707659,-0.08011248631258565,no-supported-increment,0.13003663003663005,0.519,0.10534627382699693,0.03438496999207804,predictive-improvement-only
20,50460926,independent_null,False,False,27,-0.12942612942612944,-0.09401709401709403,-0.13239064792286906,-0.1111111111111111,-0.18518518518518517,0.006385571799925109,none,-0.47619047619047616,0.012,-0.0011316718549587053,-0.0027106794012196267,residual-dependence-only,-0.691086691086691,0.002,-0.0009187890991858415,-0.0021535865045840853,residual-dependence-only
20,50461935,design_proxy,False,False,27,0.9926739926739926,0.9544159544159546,0.608444407047669,0.8518518518518517,0.7777777777777778,0.7119014393431213,"hp_a,hp_c",0.8363858363858363,0.001,0.004108013710459801,0.0012330371564961559,increment-supported,0.7264957264957265,0.001,0.0002921429677975925,-0.0007088397054214538,residual-dependence-only
20,50462944,interaction_proxy,False,False,27,0.699023199023199,0.5270655270655271,0.4163293716615425,0.43209876543209874,-0.1111111111111111,0.13196317734471003,"hp_a,hp_c",0.7789987789987789,0.001,0.0035288172845257607,-0.00045071754492438426,residual-dependence-only,0.45238095238095233,0.019,-0.0007042782235872867,-0.002122332457606129,residual-dependence-only
20,50463953,genuine_increment,True,True,27,0.4798534798534798,0.3162393162393163,0.7184712681158083,0.43209876543209874,0.2592592592592593,0.07339329263028693,none,0.6556776556776556,0.001,0.02310970555251807,0.0038432715633574077,increment-supported,0.9010989010989011,0.001,0.03476341169169394,0.020040644168849066,increment-supported
20,50464962,axis_specialist_proxy,False,False,27,0.8522588522588521,0.6581196581196582,0.10752062547931285,0.308641975308642,-0.18518518518518517,0.06049177577742749,hp_a,0.2509157509157509,0.217,-0.0005487263501589412,-0.0014132769303571294,no-supported-increment,0.2802197802197802,0.155,0.0005269183085627998,-0.0002212702897505162,no-supported-increment
20,50465971,sign_flip_increment,False,True,27,-0.06043956043956044,-0.03703703703703704,-0.01125714556491447,-0.037037037037037035,-0.1111111111111111,0.0009897291195186163,none,-0.1813186813186813,0.365,-0.007192361490726329,-0.02652401464676098,no-supported-increment,-0.19536019536019533,0.345,0.020875630562100907,0.005914739988990329,predictive-improvement-only
21,50470933,independent_null,False,False,27,0.1568986568986569,0.08831908831908834,0.1422873774010183,0.1111111111111111,-0.03703703703703703,0.0056340370652568925,none,0.5396825396825397,0.003,-0.00029648685094178263,-0.0013452314679346343,residual-dependence-only,0.17826617826617824,0.377,-0.0005909343918159282,-0.0013085931686592533,no-supported-increment
21,50471942,design_proxy,False,False,27,0.9713064713064712,0.8746438746438747,0.6050930559813588,0.6790123456790124,0.40740740740740744,0.22237203857874438,"hp_a,hp_c",0.731990231990232,0.001,0.003094615624617377,-0.0009845688723378254,residual-dependence-only,0.41941391941391937,0.032,-0.0033127304888545175,-0.007264760672344189,residual-dependence-only
21,50472951,interaction_proxy,False,False,27,0.6367521367521368,0.48148148148148157,0.36963761573285037,0.43209876543209874,0.03703703703703704,0.17437347384210455,none,0.7826617826617827,0.001,0.007691003551276311,0.0016577041980703323,increment-supported,0.6495726495726496,0.001,-0.0019794605617217235,-0.004275433494191657,residual-dependence-only
21,50473960,genuine_increment,True,True,27,0.8113553113553114,0.6011396011396013,0.882054047702015,0.7283950617283951,0.5555555555555556,0.2792129710579119,none,0.9523809523809523,0.001,0.0357581713250508,0.018720563278246515,increment-supported,0.9395604395604396,0.001,0.04538236452546757,0.019364949545357817,increment-supported
21,50474969,axis_specialist_proxy,False,False,27,0.7551892551892552,0.4871794871794872,-0.18717792820173226,0.03703703703703696,-0.48148148148148157,0.17871905825501364,none,-0.24542124542124538,0.241,-0.000354934977443681,-0.0010309454618363354,no-supported-increment,-0.6324786324786325,0.001,0.0005119710169237922,-0.00030820317605998924,residual-dependence-only
21,50475978,sign_flip_increment,False,True,27,0.11782661782661781,0.08831908831908834,0.24384063115985677,0.06172839506172839,-0.2592592592592593,0.0056340370652568925,none,0.20146520146520144,0.309,-0.020308614978569894,-0.05475197400705748,no-supported-increment,0.20207570207570208,0.312,0.06260589289238752,0.033645877559035274,predictive-improvement-only
22,50480940,independent_null,False,False,27,0.005494505494505494,0.019943019943019946,-0.08734380418847133,0.037037037037037035,0.03703703703703703,0.00028691627396563465,none,-0.015262515262515262,0.935,0.0001690560963172917,-0.0009308241576581524,no-supported-increment,0.09401709401709402,0.645,-0.00010061843925636242,-0.0008009517590855297,no-supported-increment
22,50481949,design_proxy,False,False,27,0.9743589743589743,0.8974358974358976,0.6371879361357138,0.7777777777777778,0.6296296296296297,0.4389457527059977,"hp_a,hp_c",0.7893772893772893,0.001,0.004409249155812967,0.00032421839467721043,increment-supported,0.4316239316239316,0.024,0.0008200669427168555,-0.0007323496496919194,residual-dependence-only
22,50482958,interaction_proxy,False,False,27,0.7435897435897436,0.5783475783475784,0.372454994244638,0.38271604938271603,0.1111111111111111,0.09619417008178623,"hp_a,hp_c",0.7869352869352869,0.001,0.004404701466955039,0.00198047102587228,increment-supported,0.2264957264957265,0.244,1.5850723868083075e-05,-0.0005227215700133622,no-supported-increment
22,50483967,genuine_increment,True,True,27,0.38583638583638585,0.264957264957265,0.7900488459162883,0.48148148148148145,-0.037037037037037056,0.0512500967305484,none,0.8736263736263736,0.001,0.04283007277679893,0.020221690406238123,increment-supported,0.9304029304029304,0.001,0.06525540423280643,0.030301334973232563,increment-supported
22,50484976,axis_specialist_proxy,False,False,27,0.8547008547008547,0.6695156695156697,-0.10292856254478562,0.5061728395061729,0.1111111111111111,0.07130369048687163,hp_a,0.0293040293040293,0.891,0.0003401786233550013,-0.0008650013446342672,no-supported-increment,-0.021367521367521368,0.914,-0.0006394178388912115,-0.0016638382753592505,no-supported-increment
22,50485985,sign_flip_increment,False,True,27,0.05616605616605617,0.05413105413105414,0.09738753446625127,-0.08641975308641976,-0.1851851851851852,0.0021147050490212898,none,0.18192918192918192,0.367,-0.028571991936974975,-0.07070365254364357,no-supported-increment,0.15567765567765565,0.449,0.04414032376381177,0.018665495066572224,predictive-improvement-only
23,50490947,independent_null,False,False,27,-0.05616605616605617,-0.042735042735042736,-0.10179158774719235,-0.1851851851851852,-0.33333333333333337,0.001317786626526267,none,0.29120879120879123,0.146,-0.00021150902698374892,-0.001447967442811288,no-supported-increment,0.01587301587301587,0.945,-0.0007222362927815536,-0.0017364663855381378,no-supported-increment
23,50491956,design_proxy,False,False,27,0.985958485958486,0.9202279202279204,0.6003238305313541,0.8271604938271605,0.7037037037037037,0.5913651150053962,"hp_a,hp_c",0.8253968253968252,0.001,0.0058804440162471576,0.003362774578506207,increment-supported,0.6288156288156289,0.001,0.0012299764312482591,9.976889132428933e-05,increment-supported
23,50492965,interaction_proxy,False,False,27,0.7423687423687424,0.54985754985755,0.5349638334990577,0.45679012345679015,-0.1111111111111111,0.18554490299218007,"hp_a,hp_c",0.9126984126984127,0.001,0.007964965879449629,0.003323324695827993,increment-supported,0.7557997557997558,0.001,0.0010903897387899552,-0.00044026991922257314,residual-dependence-only
23,50493974,genuine_increment,True,True,27,0.6068376068376069,0.4415954415954416,0.7825647208075085,0.5555555555555557,0.33333333333333337,0.1327670573426822,hp_b,0.9377289377289376,0.001,0.026173118522461836,0.012221345571116003,increment-supported,0.8785103785103784,0.001,0.023883445465833972,0.009120909247868628,increment-supported
23,50494983,axis_specialist_proxy,False,False,27,0.898046398046398,0.7264957264957266,0.13506007052086133,0.5308641975308642,0.18518518518518523,0.06244057720147321,hp_a,0.20695970695970692,0.293,-0.0013214801489817747,-0.00242504836011161,no-supported-increment,0.2905982905982906,0.141,-0.000869750335160669,-0.0024584240573651958,no-supported-increment
23,50495992,sign_flip_increment,False,True,27,-0.04151404151404151,-0.019943019943019946,-0.2450665458322213,-0.1111111111111111,-0.18518518518518517,0.00028691627396563465,none,-0.11904761904761904,0.559,0.017400914251462563,-0.0090905653101113,no-supported-increment,-0.32905982905982906,0.087,0.06694051281317531,0.030815170447739973,predictive-improvement-only
24,50500954,independent_null,False,False,27,0.026862026862026864,0.03133903133903134,0.2522124597544132,0.2098765432098766,-0.037037037037037014,0.0007085765771186966,none,0.27350427350427353,0.165,0.0013507513939325852,-0.00048553976842238345,no-supported-increment,0.12026862026862026,0.565,0.0005546000623467377,-0.00022523680575367753,no-supported-increment
24,50501963,design_proxy,False,False,27,0.984126984126984,0.9145299145299146,0.639291029474831,0.7530864197530865,0.6296296296296297,0.48163289360987127,"hp_a,hp_c",0.8693528693528693,0.001,0.004387261990132906,0.0009319351003201956,increment-supported,0.6288156288156289,0.005,-0.0006108831263597486,-0.0010914256799158866,residual-dependence-only
24,50502972,interaction_proxy,False,False,27,0.7612942612942613,0.5669515669515671,0.3206005301566903,0.48148148148148145,-0.037037037037037056,0.24623015386928135,none,0.7423687423687424,0.001,0.008709822907559077,0.003605918060373606,increment-supported,0.34004884004884,0.087,-0.0011968225170178384,-0.0021369763734046822,no-supported-increment
24,50503981,genuine_increment,True,True,27,0.5177045177045178,0.3561253561253562,0.8115522225026345,0.7037037037037037,0.4074074074074074,0.09352420539403403,none,0.9212454212454212,0.001,0.0652583479082614,0.03336729881808925,increment-supported,0.8925518925518925,0.001,0.030330501678942412,0.009011558874676329,increment-supported
24,50504990,axis_specialist_proxy,False,False,27,0.8876678876678876,0.720797720797721,-0.08883301864269556,0.45679012345679015,-0.1111111111111111,0.07124825481277683,hp_a,-0.010989010989010988,0.953,0.0001284489557600941,-0.0013463233617537812,no-supported-increment,0.2564102564102564,0.213,-0.0010213789249269786,-0.001500481657949197,no-supported-increment
24,50505999,sign_flip_increment,False,True,27,-0.27228327228327226,-0.1965811965811966,-0.1308958109769164,-0.20987654320987656,-0.5555555555555555,0.02553362177332026,hp_b,-0.10561660561660562,0.583,-0.002070335911113481,-0.005078898299406185,no-supported-increment,-0.1758241758241758,0.374,0.0021785774804746333,-0.002384807565255588,no-supported-increment
25,50510961,independent_null,False,False,27,-0.028083028083028084,-0.025641025641025644,-0.09490906630269769,-0.037037037037037035,-0.2592592592592593,0.0004743107063508422,none,0.23565323565323562,0.23,0.00019558028513542297,-0.001359392304982445,no-supported-increment,0.2216117216117216,0.24,-0.001772004495124102,-0.002890708243941755,no-supported-increment
25,50511970,design_proxy,False,False,27,0.9847374847374847,0.9145299145299146,0.6582147550064925,0.8024691358024691,0.6296296296296297,0.46827379002163294,"hp_a,hp_c",0.8003663003663004,0.001,0.005304840380244489,0.0008524362468540065,increment-supported,0.46459096459096455,0.015,-0.0033060057997306193,-0.006366819324197476,residual-dependence-only
25,50512979,interaction_proxy,False,False,27,0.7344322344322345,0.54985754985755,0.3874659023287852,0.3333333333333333,-0.2592592592592593,0.13543696952116796,"hp_a,hp_c",0.7753357753357752,0.001,0.006203177144353802,0.0017055024728862673,increment-supported,0.2954822954822955,0.146,0.0005732733265303956,-0.0007686214794183852,no-supported-increment
25,50513988,genuine_increment,True,True,27,0.4084249084249084,0.2991452991452992,0.765693190370129,0.5802469135802469,0.037037037037037056,0.06326851436860732,hp_b,0.8247863247863249,0.001,0.03091124917165419,0.010865216185728777,increment-supported,0.8791208791208791,0.001,0.03627582962451682,0.015726104124390038,increment-supported
25,50514997,axis_specialist_proxy,False,False,27,0.8162393162393162,0.623931623931624,0.051190405369287276,0.38271604938271603,-0.18518518518518517,0.0333069490614406,hp_a,-0.326007326007326,0.086,-0.003121529103056117,-0.004658686364581786,no-supported-increment,-0.384004884004884,0.05,-0.00030125831815244926,-0.001173079375157672,residual-dependence-only
25,50516006,sign_flip_increment,False,True,27,0.12759462759462756,0.09971509971509973,-0.17485927410607113,-0.01234567901234568,-0.03703703703703704,0.00718436489407686,none,-0.15018315018315015,0.45,-0.014024705227360393,-0.02384252247249792,no-supported-increment,-0.6098901098901098,0.002,0.06318134995695646,0.026317725400124874,increment-supported
26,50520968,independent_null,False,False,27,0.04700854700854701,0.019943019943019946,0.062160061326236596,0.037037037037037035,-0.03703703703703703,0.00028691627396563465,none,-0.17094017094017094,0.397,-0.0007266564869102664,-0.0014861803857421964,no-supported-increment,-0.30586080586080583,0.104,-0.00044545056664770967,-0.0008402187003086629,no-supported-increment
26,50521977,design_proxy,False,False,27,0.9768009768009768,0.9088319088319089,0.5878034307561605,0.8271604938271605,0.6296296296296297,0.4847060942595884,"hp_a,hp_c",0.86996336996337,0.001,0.0021643471772535196,-0.001423655829059119,residual-dependence-only,0.6544566544566545,0.002,-0.0005725176331735464,-0.0024708082420160033,residual-dependence-only
26,50522986,interaction_proxy,False,False,27,0.7704517704517704,0.5783475783475784,0.37697522314979176,0.48148148148148157,-0.03703703703703703,0.17413469685386906,"hp_a,hp_c",0.7777777777777777,0.001,0.004225719275370743,0.00036979242267962055,increment-supported,0.691086691086691,0.001,-0.00017296684168290402,-0.0013547495726973073,residual-dependence-only
26,50523995,genuine_increment,True,True,27,0.47557997557997556,0.3276353276353277,0.7622532335188589,0.43209876543209874,0.1111111111111111,0.07888147351066599,none,0.8785103785103784,0.001,0.05105514240840901,0.027348464896882793,increment-supported,0.8974358974358974,0.001,0.08013642961711906,0.038359629134381235,increment-supported
26,50525004,axis_specialist_proxy,False,False,27,0.8369963369963369,0.6467236467236468,0.12785563080807366,0.38271604938271603,0.03703703703703704,0.03231948330277822,hp_a,-0.08302808302808302,0.665,-0.00043641686847429965,-0.0025143321507538133,no-supported-increment,-0.13797313797313798,0.489,-0.0005681634362411318,-0.0011607159526322295,no-supported-increment
26,50526013,sign_flip_increment,False,True,27,0.12393162393162394,0.08262108262108263,0.11380838749037167,0.03703703703703704,-0.1111111111111111,0.004929711203511809,none,0.2289377289377289,0.277,-0.0034958746542577204,-0.01245316393596046,no-supported-increment,0.06959706959706959,0.751,0.03210695292426437,0.0004977425465742319,predictive-improvement-only
27,50530975,independent_null,False,False,27,-0.1221001221001221,-0.07692307692307693,0.05747524487583035,0.01234567901234568,-0.03703703703703703,0.004272547915074441,none,0.18437118437118435,0.336,-0.0017518085975635166,-0.0030157540240630097,no-supported-increment,0.3089133089133089,0.117,-0.0004980521493082417,-0.0010501676500140782,no-supported-increment
27,50531984,design_proxy,False,False,27,0.9877899877899877,0.9430199430199432,0.6138682958482921,0.8518518518518517,0.7777777777777778,0.687061841272494,"hp_a,hp_c",0.9517704517704517,0.001,0.004346503378437902,0.001322155633274928,increment-supported,0.8351648351648352,0.001,0.0007580794986994949,-0.0001795863368588023,residual-dependence-only
27,50532993,interaction_proxy,False,False,27,0.7307692307692307,0.5441595441595443,0.374451870942812,0.40740740740740744,-0.1111111111111111,0.07494318509128019,"hp_a,hp_c",0.7765567765567766,0.001,0.01267240986796474,0.006396043815915936,increment-supported,0.3852258852258852,0.05,0.0005737066646904522,-0.0006606421122928258,residual-dependence-only
27,50534002,genuine_increment,True,True,27,0.6684981684981686,0.49287749287749294,0.7733862573874671,0.6049382716049383,0.33333333333333337,0.15262795288900727,hp_b,0.8144078144078144,0.001,0.02795426992673066,0.007089303484867407,increment-supported,0.8736263736263736,0.001,0.01940489513131481,0.00442328778975751,increment-supported
27,50535011,axis_specialist_proxy,False,False,27,0.8632478632478632,0.6752136752136754,-0.003936609308229507,0.43209876543209874,0.1111111111111111,0.07353327209903388,"hp_a,hp_c",0.07142857142857142,0.723,-0.0014969826126854519,-0.0025480689633580605,no-supported-increment,-0.08547008547008547,0.643,-0.00018359533822040475,-0.001058074970684658,no-supported-increment
27,50536020,sign_flip_increment,False,True,27,-0.07753357753357752,-0.042735042735042736,-0.007449812117002807,0.037037037037037035,-0.1111111111111111,0.001317786626526267,none,-0.1105006105006105,0.578,-0.001584299415941584,-0.0243996903216116,no-supported-increment,-0.36568986568986567,0.052,0.07438860100154443,0.03712814282668925,predictive-improvement-only
28,50540982,independent_null,False,False,27,0.03907203907203907,0.042735042735042736,-0.07501108050910771,0.1111111111111111,-0.1111111111111111,0.001317786626526267,none,-0.3852258852258852,0.047,-0.0006005962371768755,-0.0017343912486235534,residual-dependence-only,-0.05616605616605617,0.77,-0.0005317868572750992,-0.0013108832112371847,no-supported-increment
28,50541991,design_proxy,False,False,27,0.9731379731379731,0.891737891737892,0.5798515979597345,0.8271604938271605,0.7037037037037037,0.3776178981628471,"hp_a,hp_c",0.8266178266178266,0.001,0.0005135655932066146,-0.002470283733277479,residual-dependence-only,0.6715506715506715,0.001,-0.0005731121684305895,-0.002664431221769079,residual-dependence-only
28,50543000,interaction_proxy,False,False,27,0.7875457875457876,0.5897435897435899,0.2584918574466048,0.3333333333333333,-0.037037037037037056,0.08627460205903255,"hp_a,hp_c",0.6666666666666665,0.001,0.0017092931393078836,-0.0032072293353888883,residual-dependence-only,0.619047619047619,0.001,0.0006374519894400202,-0.0004418505922783904,residual-dependence-only
28,50544009,genuine_increment,True,True,27,0.503052503052503,0.35042735042735046,0.8022159207524862,0.6049382716049384,0.48148148148148157,0.09048933697084666,none,0.8241758241758241,0.001,0.05700036116620324,0.02770030516134114,increment-supported,0.9004884004884004,0.001,0.06693153310524592,0.034241622038858804,increment-supported
28,50545018,axis_specialist_proxy,False,False,27,0.8113553113553114,0.6353276353276355,0.03830970269088322,0.38271604938271603,-0.037037037037037056,0.004962553742461287,hp_a,-0.006715506715506716,0.973,-0.001657712615217008,-0.002442773536582027,no-supported-increment,-0.2515262515262515,0.193,-0.0006407075805497844,-0.0009837193798139423,no-supported-increment
28,50546027,sign_flip_increment,False,True,27,0.26800976800976806,0.1965811965811966,0.0777592787955023,0.01234567901234568,-0.037037037037037056,0.028058248066139123,none,-0.1343101343101343,0.476,-3.0122075788938107e-05,-0.015246564052703328,no-supported-increment,0.2039072039072039,0.297,0.05621738104212377,0.01633186146089181,predictive-improvement-only
29,50550989,independent_null,False,False,27,0.21733821733821732,0.14529914529914534,0.08492725248083802,0.08641975308641975,-0.03703703703703704,0.015283017591014091,none,0.16178266178266176,0.378,-0.0006780474186175826,-0.002126806698054502,no-supported-increment,0.24053724053724052,0.237,-0.0007438745897533437,-0.001996212906996263,no-supported-increment
29,50551998,design_proxy,False,False,27,0.9706959706959707,0.8746438746438747,0.5927264618239203,0.8271604938271605,0.6296296296296297,0.3513072561089686,"hp_a,hp_c",0.7863247863247863,0.001,0.004978431339965044,0.0013384098458437302,increment-supported,0.3974358974358974,0.032,-0.0033062758424575664,-0.007409181752771175,residual-dependence-only
29,50553007,interaction_proxy,False,False,27,0.7893772893772893,0.6011396011396013,0.3654332701328145,0.5061728395061729,0.1111111111111111,0.23272599292468213,"hp_a,hp_c",0.8162393162393162,0.001,0.00496371463492001,0.0011323452846303537,increment-supported,0.5738705738705738,0.001,-0.0006072625726863765,-0.0022523101045937963,residual-dependence-only
29,50554016,genuine_increment,True,True,27,0.427960927960928,0.2934472934472935,0.7928610753294969,0.5061728395061729,0.18518518518518517,0.06303987115700682,none,0.8858363858363858,0.001,0.05080932837480995,0.02703265153151679,increment-supported,0.8400488400488401,0.001,0.0813462768343939,0.04612589335362369,increment-supported
29,50555025,axis_specialist_proxy,False,False,27,0.8241758241758241,0.6068376068376069,0.02799115508466585,0.2592592592592593,-0.3333333333333333,0.06542405988804122,hp_a,0.44505494505494503,0.02,-0.00027466634373529523,-0.0014363271525925914,residual-dependence-only,0.33516483516483514,0.083,-0.0006937316531323845,-0.0011996296581340332,no-supported-increment
29,50556034,sign_flip_increment,False,True,27,0.15567765567765565,0.09971509971509973,0.15987255371662695,0.037037037037037035,-0.1111111111111111,0.00718436489407686,none,0.06837606837606838,0.731,-0.01264216248794705,-0.028813454864364395,no-supported-increment,-0.045787545787545784,0.825,0.02210454869474965,0.007923820719357811,predictive-improvement-only
30,50560996,independent_null,False,False,27,0.489010989010989,0.321937321937322,0.08722923592189868,0.16049382716049385,-0.037037037037037014,0.06649944588748746,hp_a,-0.04822954822954823,0.813,-0.0010396551398518927,-0.0018205053304357621,no-supported-increment,-0.10744810744810745,0.581,-0.0010371218225680347,-0.0017823062851331538,no-supported-increment
30,50562005,design_proxy,False,False,27,0.984126984126984,0.9145299145299146,0.6336608312230265,0.7530864197530865,0.5555555555555556,0.44558455201635266,"hp_a,hp_c",0.8015873015873015,0.001,0.0028402305250185052,-0.0006073955199287388,residual-dependence-only,0.5616605616605617,0.003,0.0017797202095572173,-0.0001639740470482656,residual-dependence-only
30,50563014,interaction_proxy,False,False,27,0.8809523809523808,0.720797720797721,0.45623660847612857,0.5555555555555556,0.037037037037037056,0.22913022907717867,"hp_a,hp_c",0.8656898656898656,0.001,0.005449966299216546,0.0016449479116171697,increment-supported,0.6874236874236873,0.001,-0.0021649659635050757,-0.004849576021929816,residual-dependence-only
30,50564023,genuine_increment,True,True,27,0.5818070818070817,0.4074074074074075,0.8691176823203808,0.6296296296296297,0.48148148148148157,0.12328371100053608,none,0.9242979242979243,0.001,0.05756729213030627,0.031843474668873745,increment-supported,0.9444444444444443,0.001,0.09189145245197118,0.039911933596507035,increment-supported
30,50565032,axis_specialist_proxy,False,False,27,0.7869352869352869,0.5612535612535613,-0.12716168670536984,0.23456790123456792,-0.3333333333333333,0.061096610864292175,hp_a,-0.24847374847374848,0.201,-0.0007916927539428735,-0.002096209495032697,no-supported-increment,-0.3742368742368742,0.052,-0.0003313407814746639,-0.0007564929103919346,no-supported-increment
30,50566041,sign_flip_increment,False,True,27,0.026862026862026864,0.03133903133903134,-0.15740013018109653,-0.13580246913580243,-0.3333333333333333,0.0007085765771186966,none,-0.004273504273504274,0.979,-0.007264291750110723,-0.014810793209765855,no-supported-increment,-0.13858363858363856,0.484,0.03748451277867414,0.013246888011839314,predictive-improvement-only
31,50571003,independent_null,False,False,27,-0.14285714285714285,-0.08831908831908834,0.07821334339049911,0.03703703703703704,-0.03703703703703704,0.0056340370652568925,none,0.07936507936507936,0.677,0.00024944346606213356,-0.0013207938672111347,no-supported-increment,0.031135531135531136,0.894,-0.00021588413048310821,-0.0010094238425240707,no-supported-increment
31,50572012,design_proxy,False,False,27,0.976190476190476,0.8860398860398863,0.6901591973821017,0.7777777777777777,0.48148148148148145,0.36503502858136927,"hp_a,hp_c",0.8644688644688645,0.001,0.00481509878343823,0.0018844088258140376,increment-supported,0.4566544566544566,0.02,-0.00014781483558070664,-0.0023368166286465326,residual-dependence-only
31,50573021,interaction_proxy,False,False,27,0.753968253968254,0.5726495726495727,0.3494786573210898,0.6296296296296297,0.4074074074074074,0.1810278081181431,"hp_a,hp_c",0.793040293040293,0.001,0.006856162168083749,0.001650682951503728,increment-supported,0.29304029304029305,0.138,-0.0025688997577681446,-0.005539526861121561,no-supported-increment
31,50574030,genuine_increment,True,True,27,0.3882783882783883,0.2592592592592593,0.7232509972382059,0.40740740740740744,0.1111111111111111,0.049043951545027546,none,0.9188034188034188,0.001,0.044186570130620675,0.02546606194885667,increment-supported,0.877899877899878,0.001,0.04130329360064386,0.023149405362872865,increment-supported
31,50575039,axis_specialist_proxy,False,False,27,0.8266178266178266,0.6182336182336183,-0.04970036381866358,0.2839506172839506,-0.1111111111111111,0.013158222442539119,hp_a,-0.07692307692307693,0.72,8.42234270036716e-05,-0.0008036505139017057,no-supported-increment,-0.09462759462759461,0.651,1.3611958630444301e-05,-0.00048242666386466056,no-supported-increment
31,50576048,sign_flip_increment,False,True,27,-0.11538461538461539,-0.10541310541310543,0.14437356753322336,-0.03703703703703704,-0.2592592592592593,0.008030469040989668,none,0.11172161172161171,0.608,-0.008799295725679397,-0.019090151215912354,no-supported-increment,0.1288156288156288,0.528,0.03253847042223734,0.013600207123380512,predictive-improvement-only
32,50581010,independent_null,False,False,27,0.057997557997558,0.05413105413105414,0.013327652851048472,-0.01234567901234567,-0.1111111111111111,0.0021147050490212898,none,0.03968253968253968,0.854,-0.001058311125195605,-0.002338191833347905,no-supported-increment,-0.02503052503052503,0.904,-0.00042768461446689686,-0.0020629647535218283,no-supported-increment
32,50582019,design_proxy,False,False,27,0.9847374847374847,0.9202279202279204,0.6721646213487286,0.8024691358024691,0.7037037037037037,0.5399434952451982,"hp_a,hp_c",0.7185592185592186,0.001,0.0016919666800874512,-0.0008702147054986617,residual-dependence-only,0.2283272283272283,0.26,-0.0006254552939070172,-0.0023530987930453513,no-supported-increment
32,50583028,interaction_proxy,False,False,27,0.7216117216117217,0.5327635327635328,0.3439789149341287,0.5308641975308642,0.037037037037037056,0.1220544973651337,"hp_a,hp_c",0.721001221001221,0.001,0.004358415382973805,0.0011360915498718714,increment-supported,0.3076923076923077,0.133,-0.0008040761322501023,-0.0015605487413291159,no-supported-increment
32,50584037,genuine_increment,True,True,27,0.3766788766788767,0.2820512820512821,0.7862965714531159,0.5308641975308642,0.03703703703703704,0.05817146455248445,none,0.8931623931623932,0.001,0.025789601485402918,0.011046983144641533,increment-supported,0.8473748473748473,0.001,0.03194399075780557,0.013882739864068598,increment-supported
32,50585046,axis_specialist_proxy,False,False,27,0.8461538461538461,0.6467236467236468,-0.006019361352226412,0.30864197530864196,-0.1111111111111111,0.05076647868366686,hp_a,0.442002442002442,0.021,-0.0013935853472174728,-0.0023485583273557395,residual-dependence-only,0.06349206349206347,0.776,-0.0005736432582965235,-0.001653450511602375,no-supported-increment
32,50586055,sign_flip_increment,False,True,27,0.022588522588522588,-0.014245014245014247,-0.3139737128464111,-0.012345679012345694,-0.18518518518518523,0.0001463811004882696,none,-0.16605616605616605,0.415,0.01373650592804753,0.0012880122817016516,predictive-improvement-only,-0.30830280830280826,0.121,0.026646207826259264,0.00866968959845733,predictive-improvement-only
33,50591017,independent_null,False,False,27,0.022588522588522588,0.03703703703703704,-0.2041456446041226,-0.01234567901234566,-0.3333333333333333,0.0009897291195186163,none,-0.6568986568986569,0.001,0.0004693714097795468,-0.0007305558030223573,residual-dependence-only,-0.5366300366300365,0.012,-0.0021965847018269227,-0.006673221554873421,residual-dependence-only
33,50592026,design_proxy,False,False,27,0.9755799755799756,0.8860398860398863,0.579146527297911,0.7530864197530865,0.6296296296296297,0.3634627511773921,"hp_a,hp_c",0.8626373626373625,0.001,0.007846555630022307,0.0030968036464341145,increment-supported,0.4884004884004884,0.013,-0.0020727328511683588,-0.004101708027554506,residual-dependence-only
33,50593035,interaction_proxy,False,False,27,0.8357753357753357,0.6581196581196582,0.5229736552108949,0.43209876543209874,-0.03703703703703706,0.21129655699626043,"hp_a,hp_c",0.7277167277167277,0.001,0.00499506504961502,0.0015981815624115608,increment-supported,0.37973137973137966,0.045,0.00023249529657610492,-0.0017207344354906822,residual-dependence-only
33,50594044,genuine_increment,True,True,27,0.6684981684981686,0.4871794871794872,0.8097050503832548,0.5802469135802469,0.48148148148148157,0.17871905825501364,none,0.8901098901098901,0.001,0.03323045973976891,0.013215561683561503,increment-supported,0.8333333333333333,0.001,0.016796856687683354,-0.005105875205728374,residual-dependence-only
33,50595053,axis_specialist_proxy,False,False,27,0.8070818070818071,0.623931623931624,-0.09173209637524307,0.30864197530864196,-0.1111111111111111,0.06498570069528492,hp_a,0.2026862026862027,0.328,0.0002978812578581236,-0.0013076684005851077,no-supported-increment,0.2490842490842491,0.207,-0.0011644033886870093,-0.002157561116006388,no-supported-increment
33,50596062,sign_flip_increment,False,True,27,-0.16605616605616605,-0.08831908831908834,-0.03381488135665288,-0.037037037037037056,-0.18518518518518523,0.0056340370652568925,none,-0.1336996336996337,0.489,-0.0032198627169119642,-0.020617702318336366,no-supported-increment,0.1978021978021978,0.309,0.04514849040522755,0.020225596946528587,predictive-improvement-only
34,50601024,independent_null,False,False,27,-0.1758241758241758,-0.08831908831908834,-0.11925525307730468,-0.08641975308641976,-0.2592592592592593,0.0056340370652568925,none,-0.35347985347985345,0.07,-0.00022578343516522527,-0.0010933918350286035,no-supported-increment,-0.32112332112332115,0.121,0.0003854269976328482,-0.0004412408469996474,no-supported-increment
34,50602033,design_proxy,False,False,27,0.978021978021978,0.9088319088319089,0.7230545448033495,0.7777777777777778,0.6296296296296297,0.5322627514288595,"hp_a,hp_c",0.8992673992673993,0.001,0.008199750250718462,0.0036034241556350917,increment-supported,0.5848595848595849,0.003,-0.0009186572798753501,-0.00253738204442931,residual-dependence-only
34,50603042,interaction_proxy,False,False,27,0.7844932844932845,0.5840455840455842,0.4237389863434643,0.3333333333333333,-0.2592592592592593,0.24390705652776973,hp_c,0.7557997557997558,0.001,0.0053153458687634995,0.0016901749068473119,increment-supported,0.28083028083028083,0.164,0.0007125254824560841,-0.0006181375235576954,no-supported-increment
34,50604051,genuine_increment,True,True,27,0.5488400488400489,0.39601139601139607,0.7178516443110907,0.6049382716049383,0.2592592592592593,0.11628492567643335,none,0.8449328449328449,0.001,0.01359373825929544,0.002600941606318433,increment-supported,0.9151404151404152,0.001,0.016718535504561073,0.0030765976158958165,increment-supported
34,50605060,axis_specialist_proxy,False,False,27,0.9035409035409036,0.7321937321937323,0.24438422940497465,0.5555555555555555,0.18518518518518517,0.0561554144957148,hp_a,0.07448107448107448,0.721,-0.0004398962382949449,-0.0014806866614134413,no-supported-increment,0.37851037851037844,0.07,0.0011968519743334096,-0.00037246086169100096,no-supported-increment
34,50606069,sign_flip_increment,False,True,27,0.08669108669108669,0.019943019943019946,0.0191427769232945,-0.1111111111111111,-0.3333333333333333,0.00028691627396563465,none,0.09340659340659341,0.66,-0.0363839334059594,-0.07487078561547923,no-supported-increment,0.12698412698412695,0.537,0.020805207070517546,0.005916812591589635,predictive-improvement-only
35,50611031,independent_null,False,False,27,0.08974358974358974,0.059829059829059845,0.007675358909539548,0.1111111111111111,0.037037037037037014,0.0025836179195231784,none,0.3113553113553113,0.096,-0.0007610239363837513,-0.0015991120085499947,no-supported-increment,0.11965811965811966,0.563,-0.0003658546519376745,-0.001021198008984517,no-supported-increment
35,50612040,design_proxy,False,False,27,0.9737484737484736,0.8803418803418804,0.6149525115520083,0.7283950617283951,0.5555555555555556,0.3758475316127754,"hp_a,hp_c",0.8528693528693528,0.001,0.004686844595021354,0.0014437722843733192,increment-supported,0.4511599511599511,0.017,-0.0005876133826651486,-0.0020573186146605007,residual-dependence-only
35,50613049,interaction_proxy,False,False,27,0.7191697191697193,0.50997150997151,0.27605592633297965,0.25925925925925924,-0.3333333333333333,0.19672017145834297,none,0.7808302808302808,0.001,0.0049083349245727485,0.0017972216452923249,increment-supported,0.3791208791208791,0.041,-0.0020054147814679048,-0.004769642518049713,residual-dependence-only
35,50614058,genuine_increment,True,True,27,0.6550671550671551,0.4871794871794872,0.7676439940958117,0.5802469135802469,0.48148148148148157,0.15939497915401704,hp_b,0.6923076923076923,0.001,0.01896503935797897,0.005650896518205008,increment-supported,0.9096459096459096,0.001,0.0484216038646673,0.021244570423632134,increment-supported
35,50615067,axis_specialist_proxy,False,False,27,0.8815628815628815,0.7037037037037038,0.16109423350536803,0.43209876543209874,-0.03703703703703703,0.052273113439126266,hp_a,0.2258852258852259,0.255,-0.0013312975674127717,-0.00272771194275169,no-supported-increment,0.13003663003663005,0.515,-0.0005416097974512112,-0.0015533584909094194,no-supported-increment
35,50616076,sign_flip_increment,False,True,27,-0.023809523809523808,-0.014245014245014247,0.04533879424440442,-0.08641975308641976,-0.2592592592592593,0.0001463811004882696,none,-0.14163614163614163,0.461,-0.011698355334371115,-0.04216647510876302,no-supported-increment,-0.015262515262515262,0.946,0.027113282193598112,0.0016534771765402442,predictive-improvement-only
36,50621038,independent_null,False,False,27,-0.022588522588522588,0.0028490028490028496,-0.030338214496808426,0.11111111111111109,0.03703703703703704,5.85505390620652e-06,none,-0.11233211233211234,0.581,-0.0016108990478138317,-0.002355056081817978,no-supported-increment,0.3064713064713065,0.127,-0.0006665050902699768,-0.0012992863290484543,no-supported-increment
36,50622047,design_proxy,False,False,27,0.9566544566544567,0.8404558404558405,0.5016819502905733,0.6790123456790124,0.48148148148148145,0.2243302740972881,"hp_a,hp_c",0.6953601953601952,0.001,-0.00034352836199399994,-0.004888848241830683,residual-dependence-only,0.24175824175824176,0.241,-0.0004465851051237441,-0.0029931899200015596,no-supported-increment
36,50623056,interaction_proxy,False,False,27,0.7771672771672772,0.5840455840455842,0.4341327052827637,0.5061728395061729,0.1111111111111111,0.1385323918764999,"hp_a,hp_c",0.8418803418803419,0.001,0.005091334157173898,0.0017482431056833469,increment-supported,0.4133089133089133,0.031,-0.0007804662682259402,-0.0031034281277578374,residual-dependence-only
36,50624065,genuine_increment,True,True,27,0.6001221001221001,0.43589743589743596,0.823748761161419,0.5555555555555557,0.03703703703703704,0.14176920735885895,none,0.9065934065934066,0.001,0.05346828502921307,0.02532829142421846,increment-supported,0.9603174603174602,0.001,0.0904010192974728,0.05238746995550333,increment-supported
36,50625074,axis_specialist_proxy,False,False,27,0.7967032967032966,0.5954415954415955,-0.0027195322911247855,0.38271604938271614,-0.18518518518518523,0.013260579689480145,hp_a,-0.37851037851037844,0.042,-0.0012143600676497966,-0.0029564915407674502,residual-dependence-only,-0.2283272283272283,0.233,-0.0004069379991286648,-0.0007978166966944347,no-supported-increment
36,50626083,sign_flip_increment,False,True,27,0.01282051282051282,-0.014245014245014247,-0.11214753754356006,-0.037037037037037035,-0.1111111111111111,0.0001463811004882696,none,-0.19658119658119658,0.319,-0.02961356331157121,-0.06526606884028269,no-supported-increment,-0.07631257631257632,0.698,0.012666890741557454,-0.007156901428296751,no-supported-increment
37,50631045,independent_null,False,False,27,-0.2741147741147741,-0.18518518518518523,-0.02358157764858675,-0.2098765432098766,-0.40740740740740744,0.01597439743470042,hp_c,-0.14102564102564102,0.495,-0.0007962514489316223,-0.0014966583247349738,no-supported-increment,-0.1452991452991453,0.5,-0.00031080467569683835,-0.000618125724953211,no-supported-increment
37,50632054,design_proxy,False,False,27,0.9884004884004883,0.9373219373219375,0.6885857415068412,0.8765432098765432,0.7777777777777778,0.7007420611846885,"hp_a,hp_c",0.9242979242979243,0.001,0.009981180921065798,0.00556725792906492,increment-supported,0.833943833943834,0.001,0.0018347050449966634,-4.905699753818662e-05,residual-dependence-only
37,50633063,interaction_proxy,False,False,27,0.7728937728937728,0.6011396011396013,0.4983916818721867,0.5802469135802469,0.3333333333333333,0.16695897024087616,"hp_a,hp_c",0.8772893772893773,0.001,0.009667375221886165,0.004456076346800829,increment-supported,0.6642246642246642,0.001,0.0006634359282245983,-0.00013229889380087794,residual-dependence-only
37,50634072,genuine_increment,True,True,27,0.6916971916971917,0.5441595441595443,0.7604493316610648,0.6790123456790124,0.48148148148148145,0.1888440158892214,hp_b,0.7796092796092796,0.001,0.01001978702731123,0.001527016086344317,increment-supported,0.8748473748473748,0.001,0.0063390500122182634,-0.006955432433841955,residual-dependence-only
37,50635081,axis_specialist_proxy,False,False,27,0.8516483516483515,0.6524216524216525,0.19051930977789674,0.25925925925925924,-0.2592592592592593,0.025060306487821232,hp_a,0.384004884004884,0.051,-0.000685717058894645,-0.001684272244076059,no-supported-increment,0.25457875457875456,0.212,-0.00015179037379520893,-0.0005570148251405787,no-supported-increment
37,50636090,sign_flip_increment,False,True,27,0.013431013431013432,0.00854700854700855,-0.058766371412149125,-0.11111111111111109,-0.3333333333333333,5.26960554657095e-05,none,-0.37484737484737485,0.055,-0.01721515396946837,-0.04317143865458547,no-supported-increment,-0.2094017094017094,0.283,0.0401451799670008,0.00775998539927506,predictive-improvement-only
38,50641052,independent_null,False,False,27,0.13003663003663005,0.06552706552706554,-0.028245897122495763,-0.1111111111111111,-0.4074074074074074,0.003099539685051138,none,0.03174603174603174,0.871,-0.0018516062965359022,-0.003047813630097352,no-supported-increment,-0.3803418803418803,0.05,-0.00022170313486416515,-0.0009735197316943127,residual-dependence-only
38,50642061,design_proxy,False,False,27,0.978021978021978,0.8974358974358976,0.5200356824321886,0.7283950617283951,0.5555555555555556,0.3863628593391192,"hp_a,hp_c",0.7087912087912087,0.001,0.0009972409492184642,-0.0007839403881688802,residual-dependence-only,0.19963369963369965,0.315,-0.0004021344019398349,-0.0013968061053466383,no-supported-increment
38,50643070,interaction_proxy,False,False,27,0.6599511599511599,0.4757834757834758,0.33651228294921787,0.30864197530864196,-0.18518518518518523,0.17008886649903657,none,0.6489621489621489,0.002,0.006419342932367202,0.0013591119633960273,increment-supported,0.1575091575091575,0.419,-0.0017386060121723085,-0.003605647073570991,no-supported-increment
38,50644079,genuine_increment,True,True,27,0.4706959706959707,0.321937321937322,0.7303206921957451,0.35802469135802467,0.18518518518518517,0.0761112546334506,none,0.8913308913308913,0.001,0.044033346294409734,0.015745034963626406,increment-supported,0.8223443223443224,0.001,-0.008964717381181389,-0.054216270939458897,residual-dependence-only
38,50645088,axis_specialist_proxy,False,False,27,0.9090354090354089,0.720797720797721,-0.07818506351416105,0.3333333333333333,-0.1851851851851852,0.02994469909213019,hp_a,0.13064713064713065,0.517,-0.0010299516764839811,-0.002092237865541916,no-supported-increment,0.3675213675213675,0.055,-0.0014918667197764673,-0.002778186825719236,no-supported-increment
38,50646097,sign_flip_increment,False,True,27,0.06043956043956044,0.042735042735042736,0.2790074034382704,0.08641975308641973,0.03703703703703703,0.001317786626526267,none,0.3516483516483516,0.071,0.012042317874740104,-0.006893956554163582,no-supported-increment,0.45238095238095233,0.02,0.02686917347242231,-0.006637298036987715,residual-dependence-only
39,50651059,independent_null,False,False,27,-0.4487179487179487,-0.3105413105413106,0.008977500612696258,-0.06172839506172841,-0.18518518518518523,0.049882846288134976,hp_a,-0.059218559218559216,0.786,-0.0015201009414386197,-0.0034388925487678313,no-supported-increment,-0.08913308913308912,0.646,-0.001000077818440897,-0.001990204087363895,no-supported-increment
39,50652068,design_proxy,False,False,27,0.9804639804639804,0.9031339031339033,0.6046132797476504,0.6790123456790124,0.48148148148148145,0.3309672571521027,"hp_a,hp_c",0.8070818070818071,0.001,0.0028900677228019915,0.0005993423069240821,increment-supported,0.7148962148962149,0.001,-0.00012511651718333933,-0.0015658072654529782,residual-dependence-only
39,50653077,interaction_proxy,False,False,27,0.7332112332112332,0.5384615384615385,0.2360766385597612,0.3333333333333333,-0.2592592592592593,0.18734101521776209,hp_a,0.6916971916971917,0.001,0.0025943407762708155,-0.0007077154303178341,residual-dependence-only,0.18437118437118435,0.346,-0.0016364733232549812,-0.003235527338647908,no-supported-increment
39,50654086,genuine_increment,True,True,27,0.41147741147741146,0.2763532763532764,0.7234034800295605,0.5061728395061729,0.03703703703703704,0.05357539963314652,hp_b,0.8485958485958486,0.001,0.016439060723025797,0.005642542762652382,increment-supported,0.8443223443223443,0.001,0.018638419386754018,0.008917464013984555,increment-supported
39,50655095,axis_specialist_proxy,False,False,27,0.8186813186813187,0.6068376068376069,-0.06552775121491483,0.28395061728395066,-0.18518518518518517,0.015251126970301246,hp_a,-0.2490842490842491,0.205,-0.0011193159820926009,-0.00284906775825606,no-supported-increment,0.24358974358974358,0.213,7.266613131811858e-05,-0.0005590531914874774,no-supported-increment
39,50656104,sign_flip_increment,False,True,27,-0.4206349206349206,-0.3105413105413106,-0.45582914845003936,-0.20987654320987656,-0.2592592592592593,0.07072737635479047,none,-0.27472527472527475,0.15,-0.01757209658093821,-0.07911944344409663,no-supported-increment,-0.24175824175824176,0.197,0.06304402397091041,0.02241332188833655,predictive-improvement-only
40,50661066,independent_null,False,False,27,-0.10622710622710621,-0.07122507122507124,-0.08831715477973424,-0.16049382716049385,-0.2592592592592593,0.003662504068833785,none,-0.07448107448107448,0.698,-3.659441204506564e-07,-0.0014615127027081385,no-supported-increment,-0.033577533577533576,0.867,-0.0010757018828193993,-0.002435476241822433,no-supported-increment
40,50662075,design_proxy,False,False,27,0.9853479853479853,0.9202279202279204,0.5905804159829426,0.8024691358024691,0.6296296296296297,0.5636529322382039,"hp_a,hp_c",0.8852258852258852,0.001,0.001565815087676295,0.00015495377634170478,increment-supported,0.7948717948717948,0.001,-0.0012333042624065472,-0.0024114550622051562,residual-dependence-only
40,50663084,interaction_proxy,False,False,27,0.7045177045177045,0.5555555555555557,0.4015911783500336,0.33333333333333326,-0.18518518518518523,0.16159730278163448,"hp_a,hp_c",0.7973137973137973,0.001,0.00652297068449427,0.002408070998224643,increment-supported,0.6086691086691086,0.001,-0.0012139479079030548,-0.00203499361780584,residual-dependence-only
40,50664093,genuine_increment,True,True,27,0.478021978021978,0.3618233618233619,0.7964838907483061,0.5308641975308642,0.037037037037037056,0.09661271809387385,none,0.854090354090354,0.001,0.04375411967646479,0.021490590140412515,increment-supported,0.8565323565323565,0.001,0.04046918385681306,0.017688622073258633,increment-supported
40,50665102,axis_specialist_proxy,False,False,27,0.8363858363858363,0.6524216524216525,0.07204874990231838,0.3333333333333333,-0.1111111111111111,0.01869278756863466,hp_a,0.04700854700854701,0.821,-0.00039152244109040037,-0.0012974860938767317,no-supported-increment,-0.020146520146520144,0.922,-0.0008793882715953712,-0.002299234017918516,no-supported-increment
40,50666111,sign_flip_increment,False,True,27,0.2905982905982906,0.1965811965811966,0.3857175188324757,0.13580246913580246,-0.1111111111111111,0.016024486434332633,hp_b,0.2515262515262515,0.188,-0.01399036275718088,-0.027255185306670388,no-supported-increment,0.15506715506715504,0.412,0.04677990516001951,0.016063741729213887,predictive-improvement-only
41,50671073,independent_null,False,False,27,0.2496947496947497,0.18518518518518523,0.10872093925496919,0.25925925925925924,0.037037037037037056,0.024880935059133972,none,0.3095238095238095,0.108,-0.0016417513647639728,-0.002698552192178928,no-supported-increment,0.13003663003663005,0.533,-0.0006097445125536841,-0.0021329733492424516,no-supported-increment
41,50672082,design_proxy,False,False,27,0.9774114774114774,0.891737891737892,0.5810367715401609,0.7283950617283951,0.48148148148148157,0.42915911711180027,"hp_a,hp_c",0.8052503052503053,0.001,0.0033805452433105405,6.729202903072229e-05,increment-supported,0.48412698412698413,0.02,-0.0017280183156598641,-0.00370441864602561,residual-dependence-only
41,50673091,interaction_proxy,False,False,27,0.7924297924297924,0.6410256410256411,0.36305756346851825,0.48148148148148145,0.1111111111111111,0.15929060673858103,"hp_a,hp_c",0.868131868131868,0.001,0.0052297626666501385,0.0005789893481382199,increment-supported,0.4413919413919414,0.02,-0.0037437504503171053,-0.006246462730833587,residual-dependence-only
41,50674100,genuine_increment,True,True,27,0.6367521367521368,0.47008547008547014,0.7621980100423078,0.48148148148148157,0.25925925925925924,0.16586480628303624,none,0.8931623931623932,0.001,0.025793989910801614,0.004109023930971158,increment-supported,0.905982905982906,0.001,0.03941031802124596,0.016532280091136973,increment-supported
41,50675109,axis_specialist_proxy,False,False,27,0.8711843711843712,0.6752136752136754,0.10259478892384861,0.43209876543209885,-0.03703703703703704,0.02178537247114155,hp_a,0.15445665445665446,0.457,-0.000896064264882198,-0.001726565946528492,no-supported-increment,-0.1855921855921856,0.357,-0.0006587375983740928,-0.0013814531981668331,no-supported-increment
41,50676118,sign_flip_increment,False,True,27,-0.09157509157509157,-0.06552706552706554,-0.19766309735432752,-0.012345679012345671,-0.03703703703703704,0.003099539685051138,none,-0.012210012210012208,0.956,-0.03598083712999546,-0.07076236228912836,no-supported-increment,0.20024420024420023,0.332,0.08474518290754493,0.03540721090598966,predictive-improvement-only
42,50681080,independent_null,False,False,27,-0.04212454212454213,-0.03133903133903134,-0.016398830363616397,-0.1358024691358025,-0.2592592592592593,0.0007085765771186966,none,0.14224664224664224,0.479,-0.0008207034601383206,-0.0017121261885125233,no-supported-increment,-0.056776556776556776,0.781,-0.0002899238532693745,-0.0006523824544241685,no-supported-increment
42,50682089,design_proxy,False,False,27,0.9792429792429792,0.891737891737892,0.538698522740373,0.7283950617283951,0.5555555555555556,0.4068190527736399,"hp_a,hp_c",0.8125763125763125,0.001,0.002105753453761419,-0.001481671048374665,residual-dependence-only,0.5128205128205128,0.007,-0.000860219929397105,-0.0018706428529111174,residual-dependence-only
42,50683098,interaction_proxy,False,False,27,0.7753357753357752,0.6182336182336183,0.40205327685455017,0.382716049382716,-0.037037037037037056,0.08291572969737115,"hp_a,hp_c",0.6208791208791209,0.003,0.004716688784752196,0.0006098130935634315,increment-supported,0.1111111111111111,0.569,-0.0022797046756141727,-0.005504300343494867,no-supported-increment
42,50684107,genuine_increment,True,True,27,0.6245421245421245,0.43589743589743596,0.8208208610357868,0.6049382716049383,0.3333333333333333,0.13357084231221825,hp_c,0.8577533577533577,0.001,0.02943727642691868,0.0091599684398912,increment-supported,0.8705738705738705,0.001,0.0435423840912887,0.02085505635940549,increment-supported
42,50685116,axis_specialist_proxy,False,False,27,0.8357753357753357,0.6296296296296297,-0.019951560565054927,0.3333333333333333,-0.037037037037037014,0.03930483189914158,hp_a,0.12637362637362637,0.529,-0.0007488797026425666,-0.0018642944403869557,no-supported-increment,0.11355311355311355,0.575,-0.0005087519518957948,-0.0012181788560374778,no-supported-increment
42,50686125,sign_flip_increment,False,True,27,-0.2881562881562881,-0.23076923076923084,0.06810782454443857,-0.28395061728395066,-0.5555555555555556,0.008897886946813968,hp_a,0.054945054945054944,0.783,-0.013806528034984267,-0.03298080021596678,no-supported-increment,0.11355311355311355,0.56,-0.00022924125166075976,-0.004679137841637333,no-supported-increment
43,50691087,independent_null,False,False,27,0.09157509157509157,0.042735042735042736,-0.09542653770079769,-0.01234567901234568,-0.1111111111111111,0.001317786626526267,none,-0.315018315018315,0.113,-0.0005179226858473517,-0.001524791771194163,no-supported-increment,0.43589743589743585,0.022,-0.0006195741509747131,-0.0014287430971059547,residual-dependence-only
43,50692096,design_proxy,False,False,27,0.9688644688644688,0.8575498575498577,0.6094645701194049,0.7037037037037037,0.40740740740740744,0.2274814496203551,"hp_a,hp_c",0.7161172161172161,0.001,0.004020646774210851,0.0011074104731107997,increment-supported,0.5042735042735043,0.009,-0.0005299263314883333,-0.002163889550256456,residual-dependence-only
43,50693105,interaction_proxy,False,False,27,0.7875457875457876,0.6068376068376069,0.35281817158285617,0.5802469135802469,0.33333333333333337,0.11318338080209511,"hp_a,hp_c",0.8553113553113553,0.001,0.00402880353823825,0.0015425771656945267,increment-supported,0.3968253968253968,0.04,-0.0011178494349537958,-0.0021688669819134275,residual-dependence-only
43,50694114,genuine_increment,True,True,27,0.6697191697191697,0.4586894586894587,0.8066122261940496,0.6049382716049383,0.3333333333333333,0.15759666229213465,none,0.8547008547008547,0.001,0.04479155100817021,0.02081902583696456,increment-supported,0.9810744810744811,0.001,0.11788856098579288,0.06752917649009868,increment-supported
43,50695123,axis_specialist_proxy,False,False,27,0.7796092796092796,0.54985754985755,-0.05394734099935244,0.11111111111111109,-0.40740740740740744,0.034059852425999466,hp_a,-0.20695970695970692,0.289,0.00038236025586323684,-0.0012354857582115761,no-supported-increment,0.13614163614163613,0.498,4.3055930081277796e-05,-0.001002990856672383,no-supported-increment
43,50696132,sign_flip_increment,False,True,27,-0.16727716727716724,-0.12250712250712252,-0.15390080085143112,-0.16049382716049382,-0.18518518518518517,0.010853223284957726,none,0.16422466422466422,0.388,-0.07352334444079536,-0.17607438337786702,no-supported-increment,-0.029914529914529916,0.89,0.05897629354326188,0.025522263381433423,predictive-improvement-only
44,50701094,independent_null,False,False,27,-0.06837606837606838,-0.05413105413105414,-0.15655944417617626,-0.01234567901234566,-0.1111111111111111,0.0021147050490212898,none,-0.13797313797313798,0.511,-7.851496718632237e-05,-0.0009327513093458559,no-supported-increment,-0.5268620268620269,0.012,0.0003932666759658941,-0.00043204964286787444,residual-dependence-only
44,50702103,design_proxy,False,False,27,0.9816849816849815,0.8974358974358976,0.6601861635466846,0.8518518518518517,0.7037037037037037,0.41144648847737086,"hp_a,hp_c",0.898046398046398,0.001,0.008145294272342061,0.0031930619807311197,increment-supported,0.5567765567765567,0.005,0.001537650415659812,0.0006268226059141783,increment-supported
44,50703112,interaction_proxy,False,False,27,0.742979242979243,0.5840455840455842,0.35150035182137307,0.43209876543209874,-0.1111111111111111,0.23867736483564023,"hp_a,hp_c",0.8534798534798536,0.001,0.006395098399258054,0.001978721680222298,increment-supported,0.3107448107448107,0.11,-0.0003331467687105929,-0.001561856516830191,no-supported-increment
44,50704121,genuine_increment,True,True,27,0.36507936507936506,0.264957264957265,0.6983741869902429,0.43209876543209885,-0.1111111111111111,0.0512500967305484,none,0.8577533577533577,0.001,0.04022736643930494,0.013534120856403277,increment-supported,0.9242979242979243,0.001,0.03652010740207633,0.013968904787263767,increment-supported
44,50705130,axis_specialist_proxy,False,False,27,0.8473748473748473,0.6524216524216525,0.01949448498144845,0.3333333333333333,-0.18518518518518517,0.010910577269864084,hp_a,0.15384615384615385,0.441,-9.318848881830627e-06,-0.001283283802786309,no-supported-increment,0.028083028083028084,0.903,0.00020351202766985717,-0.00019440823230822184,no-supported-increment
44,50706139,sign_flip_increment,False,True,27,-0.21733821733821732,-0.15099715099715103,-0.22310425465609332,-0.06172839506172839,-0.1111111111111111,0.016509899537959644,none,-0.13308913308913306,0.54,-0.002622199596924807,-0.012313814384840492,no-supported-increment,-0.16422466422466422,0.401,0.03959168452217734,0.024312123390876364,predictive-improvement-only
45,50711101,independent_null,False,False,27,0.18803418803418803,0.12820512820512825,0.10948639628584148,0.16049382716049385,0.037037037037037014,0.011889163478169852,none,0.008547008547008548,0.964,-0.00044983307315013196,-0.001154238325657144,no-supported-increment,-0.3028083028083028,0.124,-0.00015121267966618744,-0.0008726053970019225,no-supported-increment
45,50712110,design_proxy,False,False,27,0.976190476190476,0.891737891737892,0.6235341319643443,0.7777777777777778,0.6296296296296297,0.4198639171691026,"hp_a,hp_c",0.8192918192918193,0.001,0.0028998620940694497,0.0008616095758952431,increment-supported,0.48656898656898656,0.007,-0.0018133657649327074,-0.004276577385434436,residual-dependence-only
45,50713119,interaction_proxy,False,False,27,0.8626373626373625,0.680911680911681,0.4656659295838913,0.5802469135802469,0.1111111111111111,0.1284170745861125,"hp_a,hp_c",0.8821733821733821,0.001,0.0056695683405407,0.0026465258067328813,increment-supported,0.6483516483516484,0.002,-0.0001246894898797174,-0.0013468110154036255,residual-dependence-only
45,50714128,genuine_increment,True,True,27,0.6495726495726496,0.49857549857549865,0.7745676993256677,0.6543209876543209,0.4074074074074074,0.17416191328851732,hp_c,0.8595848595848596,0.001,0.024963739878687625,0.00017596384776527146,increment-supported,0.9151404151404152,0.001,0.025833656557680818,0.01285699876542637,increment-supported
45,50715137,axis_specialist_proxy,False,False,27,0.8345543345543345,0.6353276353276355,0.11943607523445399,0.30864197530864196,-0.1111111111111111,0.0025177330337780145,hp_a,0.3247863247863248,0.107,-0.00022691048129843197,-0.0014352443276645435,no-supported-increment,-0.11355311355311355,0.581,-0.000797459592283254,-0.0027322140563490896,no-supported-increment
45,50716146,sign_flip_increment,False,True,27,0.2496947496947497,0.15099715099715103,0.5474938123930719,0.1111111111111111,-0.18518518518518523,0.016509899537959644,none,0.5366300366300365,0.003,0.0029152761317159867,-0.009008255271026102,residual-dependence-only,0.7332112332112332,0.001,0.021853368563425977,0.011239982089674392,increment-supported
46,50721108,independent_null,False,False,27,0.03174603174603174,0.025641025641025644,0.007866902305331559,0.06172839506172839,-0.03703703703703704,0.0004743107063508422,none,-0.09340659340659341,0.63,-0.00018214132606096146,-0.0012043465707797124,no-supported-increment,-0.0811965811965812,0.686,-0.00014763633658032745,-0.0009579035557966034,no-supported-increment
46,50722117,design_proxy,False,False,27,0.9706959706959707,0.8632478632478634,0.6229014629705288,0.654320987654321,0.40740740740740744,0.27017568389864227,"hp_a,hp_c",0.652014652014652,0.001,0.0027732751420250553,-0.0005367260008769982,residual-dependence-only,0.19597069597069594,0.331,-0.000563612735231072,-0.0016763682370450309,no-supported-increment
46,50723126,interaction_proxy,False,False,27,0.6501831501831502,0.4586894586894587,0.26830070288205,0.4074074074074074,-0.1111111111111111,0.15759666229213465,none,0.6550671550671551,0.003,0.00403456095979916,0.0012284340017477732,increment-supported,0.08180708180708181,0.675,-0.0027428325007252275,-0.005000969743117528,no-supported-increment
46,50724135,genuine_increment,True,True,27,0.5616605616605617,0.4131054131054132,0.7851960607406651,0.5308641975308642,0.33333333333333337,0.1268671935866544,none,0.9273504273504273,0.001,0.036751946248855374,0.014097372265717565,increment-supported,0.9542124542124542,0.001,0.04710093806905566,0.024893189398376047,increment-supported
46,50725144,axis_specialist_proxy,False,False,27,0.8528693528693528,0.680911680911681,0.11969630088822866,0.48148148148148157,0.1111111111111111,0.04427028240624425,hp_a,0.3137973137973138,0.112,-0.0029239812139738204,-0.006017675449073244,no-supported-increment,0.26495726495726496,0.197,-0.0012270906612836703,-0.002288223763334851,no-supported-increment
46,50726153,sign_flip_increment,False,True,27,-0.2686202686202686,-0.1680911680911681,-0.024969265147415886,0.037037037037037035,-0.33333333333333337,0.0204784947811913,none,0.07631257631257632,0.695,-0.051968842841737126,-0.1065235895623316,no-supported-increment,0.08363858363858362,0.663,0.06110840685831685,0.028443663366318424,predictive-improvement-only
47,50731115,independent_null,False,False,27,-0.10500610500610501,-0.08262108262108263,-0.08152148451793753,0.11111111111111112,-0.11111111111111113,0.004929711203511809,none,-0.22039072039072038,0.242,-0.0005715208536016293,-0.002104343268176464,no-supported-increment,-0.009157509157509158,0.963,-0.0009934102614157503,-0.0016362278120439085,no-supported-increment
47,50732124,design_proxy,False,False,27,0.9871794871794871,0.9259259259259262,0.6433507865087731,0.7777777777777778,0.6296296296296297,0.5090434743650916,"hp_a,hp_c",0.8632478632478632,0.001,0.005234106783624636,0.0007987701400062845,increment-supported,0.6117216117216117,0.002,-0.0011943775846609272,-0.0037245019066039545,residual-dependence-only
47,50733133,interaction_proxy,False,False,27,0.7887667887667887,0.5954415954415955,0.34254954826235706,0.43209876543209874,-0.1111111111111111,0.1665328436918347,"hp_a,hp_c",0.6672771672771672,0.001,0.004418667529307816,0.000624217978350698,increment-supported,0.2612942612942613,0.193,-0.0003365218411560695,-0.0014998615010474185,no-supported-increment
47,50734142,genuine_increment,True,True,27,0.5525030525030524,0.39601139601139607,0.7656900748202905,0.6049382716049383,0.40740740740740744,0.11628492567643335,none,0.7026862026862026,0.001,0.017633343649137066,0.0008825951666961096,increment-supported,0.9358974358974359,0.001,0.038905031820099384,0.01847117777312004,increment-supported
47,50735151,axis_specialist_proxy,False,False,27,0.8626373626373625,0.680911680911681,-0.02217405710735922,0.48148148148148157,0.18518518518518523,0.044494533376048515,hp_a,-0.17765567765567764,0.389,-0.0028962236293772307,-0.00454874183334298,no-supported-increment,-0.26190476190476186,0.179,0.00023341929695224264,-0.0005349396094761645,no-supported-increment
47,50736160,sign_flip_increment,False,True,27,0.07081807081807082,0.048433048433048444,0.23482552124917946,0.08641975308641976,-0.037037037037037014,0.0016927704579951096,none,-0.04151404151404151,0.856,-0.007575633869070706,-0.014523381124845703,no-supported-increment,0.13919413919413917,0.499,0.012264487289135522,0.004117970331949426,predictive-improvement-only
48,50741122,independent_null,False,False,27,-0.028083028083028084,-0.014245014245014247,-0.02792904780236491,0.01234567901234566,-0.18518518518518523,0.0001463811004882696,none,0.3089133089133089,0.107,-0.00019007769088505433,-0.0007766248566986006,no-supported-increment,0.3772893772893773,0.047,-0.00041370630506857783,-0.0007965122526297308,residual-dependence-only
48,50742131,design_proxy,False,False,27,0.9798534798534798,0.8974358974358976,0.6193745204705999,0.7283950617283951,0.5555555555555556,0.446144627488226,"hp_a,hp_c",0.796092796092796,0.001,0.0036167698434964295,0.0007507671499064792,increment-supported,0.48412698412698413,0.014,0.0008811443453567887,-0.0004125246824936886,residual-dependence-only
48,50743140,interaction_proxy,False,False,27,0.7002442002442002,0.49857549857549865,0.43654184331729917,0.3580246913580247,-0.03703703703703701,0.18759493531925042,none,0.8302808302808303,0.001,0.00929393380206491,0.004123786646819802,increment-supported,0.3113553113553113,0.129,-4.4694308145860895e-05,-0.0007571306610879514,no-supported-increment
48,50744149,genuine_increment,True,True,27,0.45238095238095233,0.3105413105413106,0.8177687687520561,0.5555555555555556,0.18518518518518517,0.06515171049899873,hp_b,0.9017094017094017,0.001,0.09153010344707843,0.050678918849233756,increment-supported,0.876068376068376,0.001,0.06399418324078354,0.029780419397030224,increment-supported
48,50745158,axis_specialist_proxy,False,False,27,0.8528693528693528,0.6467236467236468,0.061168886391539265,0.382716049382716,-0.18518518518518523,0.005306792014700853,hp_a,0.47619047619047616,0.011,-0.002702660548392466,-0.0038526397810667076,residual-dependence-only,0.6153846153846154,0.002,-0.0012223403552143516,-0.002015864150596411,residual-dependence-only
48,50746167,sign_flip_increment,False,True,27,-0.13797313797313798,-0.11680911680911683,-0.13392522945310115,-0.1358024691358025,-0.2592592592592593,0.006496648157037168,hp_b,0.09645909645909646,0.624,-0.005490124364738128,-0.021315322253591305,no-supported-increment,-0.10073260073260072,0.615,0.012449466434107154,0.0033737474548824918,predictive-improvement-only
49,50751129,independent_null,False,False,27,-0.2094017094017094,-0.12820512820512825,-0.1813568071935426,-0.08641975308641976,-0.2592592592592593,0.011889163478169857,none,-0.3827838827838828,0.063,0.00088041652186098,-0.00045449505924728396,no-supported-increment,-0.15995115995115994,0.428,-0.00033410067035538615,-0.0012628643653295527,no-supported-increment
49,50752138,design_proxy,False,False,27,0.9847374847374847,0.9259259259259262,0.6180493062216544,0.8518518518518517,0.7037037037037037,0.5469365986582834,"hp_a,hp_c",0.9114774114774115,0.001,0.003406144552289398,0.0004087834106691475,increment-supported,0.7948717948717948,0.001,0.00024043488094034268,-0.0021822355501268744,residual-dependence-only
49,50753147,interaction_proxy,False,False,27,0.7411477411477412,0.5726495726495727,0.32006237833285284,0.48148148148148145,-0.037037037037037056,0.20655432380487412,"hp_a,hp_c",0.7252747252747253,0.001,0.010603175279289534,0.004479945997133396,increment-supported,0.326007326007326,0.089,-0.002800147449975648,-0.0062001180128799255,no-supported-increment
49,50754156,genuine_increment,True,True,27,0.7454212454212454,0.5555555555555557,0.8382305612637765,0.6790123456790124,0.5555555555555556,0.2357954934913797,none,0.9322344322344323,0.001,0.05102872020567603,0.029022921808218534,increment-supported,0.9316239316239315,0.001,0.04445072999434092,0.017875112779807162,increment-supported
49,50755165,axis_specialist_proxy,False,False,27,0.8357753357753357,0.6467236467236468,0.05142043310898796,0.38271604938271603,-0.037037037037037056,0.01363545034539679,hp_a,-0.047619047619047616,0.812,0.00019116901174396142,-0.0011366439989461904,no-supported-increment,-0.18986568986568983,0.333,0.0004221400331750492,3.394551832289866e-05,predictive-improvement-only
49,50756174,sign_flip_increment,False,True,27,-0.5146520146520146,-0.378917378917379,-0.3224642542185627,-0.16049382716049385,-0.3333333333333333,0.09429326815338586,hp_a,-0.3101343101343101,0.12,-0.019309692156924164,-0.06152543259681513,no-supported-increment,-0.1758241758241758,0.367,0.0465578741612117,0.027590483570852246,predictive-improvement-only
