sample_size,repetition,scenario,expected_increment,nuisance_model,residual_p,delta_mse,refit_delta_mse_ci_low,joint_supported,predictive_supported
100,0,null_metric,False,polynomial_ridge,0.99,-0.0016614835709748213,-0.003269085110931169,False,False
100,0,null_metric,False,polynomial_ridge_interactions,0.635,-0.0005688378544827545,-0.0013830664302560153,False,False
100,0,nonlinear_proxy,False,polynomial_ridge,0.18,-0.00030103865835983453,-0.0013898230438606754,False,False
100,0,nonlinear_proxy,False,polynomial_ridge_interactions,0.32,-0.0002380099091900652,-0.0005485504578732704,False,False
100,0,heteroskedastic_null,False,polynomial_ridge,0.57,-0.0005968278176812685,-0.0010701644254668139,False,False
100,0,heteroskedastic_null,False,polynomial_ridge_interactions,0.49,-8.447758108051304e-05,-0.0005691366445861321,False,False
100,0,clustered_null,False,polynomial_ridge,0.345,-0.02762091015968693,-0.09751721120712845,False,False
100,0,clustered_null,False,polynomial_ridge_interactions,0.17,-8.132531756611938e-05,-0.12650916246095073,False,False
100,0,genuine_increment,True,polynomial_ridge,0.005,0.06034990465521098,0.041752527659702776,True,True
100,0,genuine_increment,True,polynomial_ridge_interactions,0.005,0.056382921989643536,0.042458419899256306,True,True
100,1,null_metric,False,polynomial_ridge,0.68,-0.0018398620036289455,-0.005811451106525025,False,False
100,1,null_metric,False,polynomial_ridge_interactions,0.825,-0.0018682115912496099,-0.002535820784960225,False,False
100,1,nonlinear_proxy,False,polynomial_ridge,0.265,0.00014398368728155662,-0.002698189061859152,False,False
100,1,nonlinear_proxy,False,polynomial_ridge_interactions,0.93,-0.00031486596884297384,-0.0008590210047783331,False,False
100,1,heteroskedastic_null,False,polynomial_ridge,0.875,-0.0011657522830071185,-0.002220263650091806,False,False
100,1,heteroskedastic_null,False,polynomial_ridge_interactions,0.67,-0.00032095906152290743,-0.0010002583319770632,False,False
100,1,clustered_null,False,polynomial_ridge,0.47,0.006887365465451163,-0.06625608504461997,False,False
100,1,clustered_null,False,polynomial_ridge_interactions,0.38,-0.00896350107908771,-0.029325473021281034,False,False
100,1,genuine_increment,True,polynomial_ridge,0.005,0.04125360692263893,0.027901356001459963,True,True
100,1,genuine_increment,True,polynomial_ridge_interactions,0.01,0.03836776219747671,0.02747110673918633,True,True
100,2,null_metric,False,polynomial_ridge,0.155,-0.0018857937869190856,-0.0053453802417801595,False,False
100,2,null_metric,False,polynomial_ridge_interactions,0.025,-0.00025273606488718237,-0.002423994272184175,False,False
100,2,nonlinear_proxy,False,polynomial_ridge,0.005,-0.00020625109254680286,-0.0012916394554201456,False,False
100,2,nonlinear_proxy,False,polynomial_ridge_interactions,0.1,0.00025127904138877704,-0.0002282024536774345,False,False
100,2,heteroskedastic_null,False,polynomial_ridge,0.45,-0.0008032185730695515,-0.0026908370856078534,False,False
100,2,heteroskedastic_null,False,polynomial_ridge_interactions,0.765,-0.00036894318239909935,-0.0014868015927341366,False,False
100,2,clustered_null,False,polynomial_ridge,0.005,-0.0035921152260289108,-0.13987667530061834,False,False
100,2,clustered_null,False,polynomial_ridge_interactions,0.015,-0.00026253763833907623,-0.04671529238605612,False,False
100,2,genuine_increment,True,polynomial_ridge,0.005,0.03935983306064934,0.030125365872802616,True,True
100,2,genuine_increment,True,polynomial_ridge_interactions,0.005,0.039031497879434586,0.028258099267901994,True,True
100,3,null_metric,False,polynomial_ridge,0.115,0.00086264468320894,-0.003485409073365495,False,False
100,3,null_metric,False,polynomial_ridge_interactions,0.155,-0.0033138059150279453,-0.0036286165767628253,False,False
100,3,nonlinear_proxy,False,polynomial_ridge,0.43,0.0003140518713130496,-0.00040563080659881674,False,False
100,3,nonlinear_proxy,False,polynomial_ridge_interactions,0.13,0.0005174382915652141,-0.00011013916721428624,False,False
100,3,heteroskedastic_null,False,polynomial_ridge,0.64,-0.0016753291179550031,-0.0024685409092898097,False,False
100,3,heteroskedastic_null,False,polynomial_ridge_interactions,0.26,-0.0003601916554079078,-0.00114108352750119,False,False
100,3,clustered_null,False,polynomial_ridge,0.99,-0.01773912026851187,-0.057643254011310756,False,False
100,3,clustered_null,False,polynomial_ridge_interactions,0.73,-0.007251022730257718,-0.04515676927364014,False,False
100,3,genuine_increment,True,polynomial_ridge,0.005,0.045518069423075916,0.02907913697045981,True,True
100,3,genuine_increment,True,polynomial_ridge_interactions,0.005,0.04270149325899075,0.029455875992767593,True,True
100,4,null_metric,False,polynomial_ridge,0.925,-0.001266147693712416,-0.004274054897761058,False,False
100,4,null_metric,False,polynomial_ridge_interactions,0.89,-0.0008377758936647141,-0.0013552526686330863,False,False
100,4,nonlinear_proxy,False,polynomial_ridge,0.79,0.0005528359084338488,-0.0012569517834230555,False,False
100,4,nonlinear_proxy,False,polynomial_ridge_interactions,0.65,0.0001777032815328313,-0.0008147077535969154,False,False
100,4,heteroskedastic_null,False,polynomial_ridge,0.855,-0.0007627555484044802,-0.001657690621741844,False,False
100,4,heteroskedastic_null,False,polynomial_ridge_interactions,0.985,-0.0003893642351534606,-0.0011646381110395436,False,False
100,4,clustered_null,False,polynomial_ridge,0.625,-0.004538511673312918,-0.04011046794710437,False,False
100,4,clustered_null,False,polynomial_ridge_interactions,0.145,-0.007341665993404203,-0.058185764953813536,False,False
100,4,genuine_increment,True,polynomial_ridge,0.005,0.0332513434047626,0.023952670353649053,True,True
100,4,genuine_increment,True,polynomial_ridge_interactions,0.005,0.03487421126058699,0.02348829115813738,True,True
100,5,null_metric,False,polynomial_ridge,0.52,-0.0017709817689333246,-0.0048341701269017535,False,False
100,5,null_metric,False,polynomial_ridge_interactions,0.865,-0.00035784943178898687,-0.0016048242935230912,False,False
100,5,nonlinear_proxy,False,polynomial_ridge,0.37,-0.003730084349703648,-0.004537946299136025,False,False
100,5,nonlinear_proxy,False,polynomial_ridge_interactions,0.525,0.00023275217788531685,-0.0004299466606682035,False,False
100,5,heteroskedastic_null,False,polynomial_ridge,0.11,-0.0005322795806274212,-0.0022519153421648023,False,False
100,5,heteroskedastic_null,False,polynomial_ridge_interactions,0.17,0.0008841141728934306,-0.0007309430488705444,False,False
100,5,clustered_null,False,polynomial_ridge,0.22,0.0034258614566207296,-0.04001334379718981,False,False
100,5,clustered_null,False,polynomial_ridge_interactions,0.165,-0.0014853643432913097,-0.026605614656844755,False,False
100,5,genuine_increment,True,polynomial_ridge,0.005,0.046023519493163925,0.03297911635397525,True,True
100,5,genuine_increment,True,polynomial_ridge_interactions,0.01,0.04572186828197452,0.034925210981416585,True,True
100,6,null_metric,False,polynomial_ridge,0.295,-0.0017209120899633473,-0.002553356707246633,False,False
100,6,null_metric,False,polynomial_ridge_interactions,0.53,-0.0019280013799551562,-0.0014891351219766889,False,False
100,6,nonlinear_proxy,False,polynomial_ridge,1.0,-0.00010398706868253865,-0.002438825369735761,False,False
100,6,nonlinear_proxy,False,polynomial_ridge_interactions,0.815,-0.0002078267624562747,-0.0008557572522018406,False,False
100,6,heteroskedastic_null,False,polynomial_ridge,0.815,-0.0005509272516181687,-0.002888683539568455,False,False
100,6,heteroskedastic_null,False,polynomial_ridge_interactions,0.805,-0.0006985744538161153,-0.001427661788066132,False,False
100,6,clustered_null,False,polynomial_ridge,0.96,-0.01620383442296746,-0.11718359289589947,False,False
100,6,clustered_null,False,polynomial_ridge_interactions,0.855,-0.01200544707183323,-0.10163319407827445,False,False
100,6,genuine_increment,True,polynomial_ridge,0.005,0.03775371356722374,0.02414072665521479,True,True
100,6,genuine_increment,True,polynomial_ridge_interactions,0.005,0.04172731219634402,0.02390444625908937,True,True
100,7,null_metric,False,polynomial_ridge,0.46,-0.003307504024820468,-0.005297645617027845,False,False
100,7,null_metric,False,polynomial_ridge_interactions,0.245,-0.0012423657937672868,-0.002619120804131177,False,False
100,7,nonlinear_proxy,False,polynomial_ridge,0.845,-0.0009567730176694919,-0.0015628491728845375,False,False
100,7,nonlinear_proxy,False,polynomial_ridge_interactions,0.815,-0.0002783279581917344,-0.0008955377472659151,False,False
100,7,heteroskedastic_null,False,polynomial_ridge,0.425,-0.0008471173574439925,-0.0015947119141873018,False,False
100,7,heteroskedastic_null,False,polynomial_ridge_interactions,0.325,0.00014371576305478515,-0.0006860406813845828,False,False
100,7,clustered_null,False,polynomial_ridge,0.13,-0.010346700075548176,-0.0515174040669207,False,False
100,7,clustered_null,False,polynomial_ridge_interactions,0.05,0.0021717689752244716,-0.030286770820649213,False,False
100,7,genuine_increment,True,polynomial_ridge,0.005,0.04220975819775936,0.02810264050254133,True,True
100,7,genuine_increment,True,polynomial_ridge_interactions,0.005,0.043576425917637,0.029828932127740574,True,True
100,8,null_metric,False,polynomial_ridge,0.57,-0.0027870682176153808,-0.005511083835858676,False,False
100,8,null_metric,False,polynomial_ridge_interactions,0.16,-0.0006767884636668803,-0.0023340926095268616,False,False
100,8,nonlinear_proxy,False,polynomial_ridge,0.895,-0.0007287443134630202,-0.0018969892918311115,False,False
100,8,nonlinear_proxy,False,polynomial_ridge_interactions,0.605,-0.0005285697570062142,-0.0010574924564344644,False,False
100,8,heteroskedastic_null,False,polynomial_ridge,0.57,-0.0006213059256969956,-0.003079887808752332,False,False
100,8,heteroskedastic_null,False,polynomial_ridge_interactions,0.885,-0.0006456454202859851,-0.0009309302587996714,False,False
100,8,clustered_null,False,polynomial_ridge,0.07,0.00250060486542409,-0.06869153326948164,False,False
100,8,clustered_null,False,polynomial_ridge_interactions,0.055,0.002130379610998479,-0.020463320833599384,False,False
100,8,genuine_increment,True,polynomial_ridge,0.005,0.04305971050266387,0.02757265205311139,True,True
100,8,genuine_increment,True,polynomial_ridge_interactions,0.005,0.03942940998141156,0.024090014534444953,True,True
100,9,null_metric,False,polynomial_ridge,0.44,-0.0004014575917520406,-0.0056970216764621814,False,False
100,9,null_metric,False,polynomial_ridge_interactions,0.605,-0.002100481097147406,-0.003717184997871292,False,False
100,9,nonlinear_proxy,False,polynomial_ridge,0.585,-0.00025236509079112554,-0.0014116964841304252,False,False
100,9,nonlinear_proxy,False,polynomial_ridge_interactions,0.975,1.7168882265412334e-05,-0.0006684090191891739,False,False
100,9,heteroskedastic_null,False,polynomial_ridge,0.22,-0.0004962654700987022,-0.0013928966205801587,False,False
100,9,heteroskedastic_null,False,polynomial_ridge_interactions,0.14,9.97768924764289e-06,-0.0006252554265139949,False,False
100,9,clustered_null,False,polynomial_ridge,0.89,-0.0041205667387421395,-0.03694432859742696,False,False
100,9,clustered_null,False,polynomial_ridge_interactions,0.55,-0.0016396258718013156,-0.03463333391954224,False,False
100,9,genuine_increment,True,polynomial_ridge,0.005,0.0579343237300039,0.04013806427007836,True,True
100,9,genuine_increment,True,polynomial_ridge_interactions,0.005,0.05915738569562193,0.04068644084893908,True,True
100,10,null_metric,False,polynomial_ridge,0.13,-0.0006943892102959683,-0.004409355776424992,False,False
100,10,null_metric,False,polynomial_ridge_interactions,0.35,-0.002432130507171896,-0.0029835731511582797,False,False
100,10,nonlinear_proxy,False,polynomial_ridge,0.63,0.00012095652668759824,-0.002153717151467267,False,False
100,10,nonlinear_proxy,False,polynomial_ridge_interactions,0.595,-0.0011307984405616615,-0.0009834622423739278,False,False
100,10,heteroskedastic_null,False,polynomial_ridge,0.115,-0.0008677054206539629,-0.0024510388896546165,False,False
100,10,heteroskedastic_null,False,polynomial_ridge_interactions,0.205,-0.0003615952181244865,-0.0015372918714329506,False,False
100,10,clustered_null,False,polynomial_ridge,0.045,-0.004113202986967768,-0.08271320476245686,False,False
100,10,clustered_null,False,polynomial_ridge_interactions,0.115,-0.00040048362863224704,-0.03272194343683382,False,False
100,10,genuine_increment,True,polynomial_ridge,0.005,0.04333455621308696,0.02725444491311268,True,True
100,10,genuine_increment,True,polynomial_ridge_interactions,0.005,0.041084383393002646,0.02683122240490269,True,True
100,11,null_metric,False,polynomial_ridge,0.915,-0.0018387063640386732,-0.004258691783109629,False,False
100,11,null_metric,False,polynomial_ridge_interactions,0.975,-0.0010956554367668077,-0.0024135778580684393,False,False
100,11,nonlinear_proxy,False,polynomial_ridge,0.365,-0.00029509297712603313,-0.001168207345348268,False,False
100,11,nonlinear_proxy,False,polynomial_ridge_interactions,0.46,-0.00010498506539179196,-0.0005854320243072688,False,False
100,11,heteroskedastic_null,False,polynomial_ridge,0.84,-0.0010492847827321579,-0.0018402013281472848,False,False
100,11,heteroskedastic_null,False,polynomial_ridge_interactions,0.6,-0.0004642321673793675,-0.0008068224971733431,False,False
100,11,clustered_null,False,polynomial_ridge,0.035,0.000836391356788993,-0.014046804804873803,False,False
100,11,clustered_null,False,polynomial_ridge_interactions,0.015,0.0012411612136027095,-0.025927412546650506,False,False
100,11,genuine_increment,True,polynomial_ridge,0.005,0.04180891297745072,0.031025701412812398,True,True
100,11,genuine_increment,True,polynomial_ridge_interactions,0.005,0.04562104483049248,0.03029298236927983,True,True
100,12,null_metric,False,polynomial_ridge,0.265,-0.003901891958195375,-0.005839220848545828,False,False
100,12,null_metric,False,polynomial_ridge_interactions,0.345,-0.0013976439970879335,-0.00208768155676175,False,False
100,12,nonlinear_proxy,False,polynomial_ridge,0.23,-0.0009533929547937683,-0.0012592848705059328,False,False
100,12,nonlinear_proxy,False,polynomial_ridge_interactions,0.475,-0.00012521572875909878,-0.000581829083752244,False,False
100,12,heteroskedastic_null,False,polynomial_ridge,0.815,-0.0008980058914799284,-0.002213474914335981,False,False
100,12,heteroskedastic_null,False,polynomial_ridge_interactions,0.63,-0.0005281057445049274,-0.0020353437998042547,False,False
100,12,clustered_null,False,polynomial_ridge,0.265,-0.0019010001792345473,-0.03954531491843227,False,False
100,12,clustered_null,False,polynomial_ridge_interactions,0.5,-0.000864903303520027,-0.03464916273571878,False,False
100,12,genuine_increment,True,polynomial_ridge,0.005,0.03658722521224104,0.019802360330349347,True,True
100,12,genuine_increment,True,polynomial_ridge_interactions,0.01,0.03549470955609994,0.019246422506143834,True,True
100,13,null_metric,False,polynomial_ridge,0.32,-6.775952999987789e-05,-0.003077934047557571,False,False
100,13,null_metric,False,polynomial_ridge_interactions,0.94,-7.743601587861804e-05,-0.0016025372424295701,False,False
100,13,nonlinear_proxy,False,polynomial_ridge,0.17,0.000539590964126019,-0.0013834177148695735,False,False
100,13,nonlinear_proxy,False,polynomial_ridge_interactions,0.075,0.0004163958018146728,-0.0005342225688877044,False,False
100,13,heteroskedastic_null,False,polynomial_ridge,0.41,-0.000883625817210406,-0.0019564649766689772,False,False
100,13,heteroskedastic_null,False,polynomial_ridge_interactions,0.45,-0.0005700246438334108,-0.0008526433458130612,False,False
100,13,clustered_null,False,polynomial_ridge,0.31,0.0035955269247775756,-0.06309287308227818,False,False
100,13,clustered_null,False,polynomial_ridge_interactions,0.615,0.005534365016593282,-0.0327921903074523,False,False
100,13,genuine_increment,True,polynomial_ridge,0.005,0.043650134084758985,0.026795270952694482,True,True
100,13,genuine_increment,True,polynomial_ridge_interactions,0.005,0.04321894926859954,0.027423999806317732,True,True
100,14,null_metric,False,polynomial_ridge,0.145,-0.0012202188917683175,-0.0035987131256595877,False,False
100,14,null_metric,False,polynomial_ridge_interactions,0.035,-0.00041638537147900903,-0.0014854592633200161,False,False
100,14,nonlinear_proxy,False,polynomial_ridge,0.205,0.0002313457590448556,-0.0006864820095576066,False,False
100,14,nonlinear_proxy,False,polynomial_ridge_interactions,0.195,0.0008249016291822899,-0.0002542942294858152,False,False
100,14,heteroskedastic_null,False,polynomial_ridge,0.295,-0.00042277400243233374,-0.0012180157852898221,False,False
100,14,heteroskedastic_null,False,polynomial_ridge_interactions,0.74,0.00044618901491361943,-0.0005938552322096327,False,False
100,14,clustered_null,False,polynomial_ridge,0.39,-0.07689818843727009,-0.19424230051015184,False,False
100,14,clustered_null,False,polynomial_ridge_interactions,0.485,-0.019328721286933054,-0.1530166663435382,False,False
100,14,genuine_increment,True,polynomial_ridge,0.005,0.048300326706027186,0.028859376069707784,True,True
100,14,genuine_increment,True,polynomial_ridge_interactions,0.005,0.04353276594274373,0.02959509317403056,True,True
100,15,null_metric,False,polynomial_ridge,0.355,-0.0035992451424264153,-0.005052949568562293,False,False
100,15,null_metric,False,polynomial_ridge_interactions,0.33,-0.00032835422805697206,-0.002131337353816788,False,False
100,15,nonlinear_proxy,False,polynomial_ridge,0.905,-0.0006254259669400408,-0.0025542925174687372,False,False
100,15,nonlinear_proxy,False,polynomial_ridge_interactions,0.52,-0.00019330863042773053,-0.0009362387296175623,False,False
100,15,heteroskedastic_null,False,polynomial_ridge,0.06,-0.0005170862033569232,-0.0011219920444918274,False,False
100,15,heteroskedastic_null,False,polynomial_ridge_interactions,0.025,-6.369442361059408e-05,-0.0004349686939475664,False,False
100,15,clustered_null,False,polynomial_ridge,0.635,-0.0007625660777190318,-0.0534166378122398,False,False
100,15,clustered_null,False,polynomial_ridge_interactions,0.97,-0.01687449794795983,-0.07888421702355734,False,False
100,15,genuine_increment,True,polynomial_ridge,0.01,0.03648702883000224,0.021706614211714173,True,True
100,15,genuine_increment,True,polynomial_ridge_interactions,0.01,0.04285417829500489,0.02616733154493488,True,True
100,16,null_metric,False,polynomial_ridge,0.43,-0.0025712290289424365,-0.005035443459948958,False,False
100,16,null_metric,False,polynomial_ridge_interactions,0.09,-0.000955201080963735,-0.002246911475409683,False,False
100,16,nonlinear_proxy,False,polynomial_ridge,0.895,0.00039367092924551435,-0.00041617978101103354,False,False
100,16,nonlinear_proxy,False,polynomial_ridge_interactions,0.69,0.0005891839834992856,-6.476645334192462e-05,False,False
100,16,heteroskedastic_null,False,polynomial_ridge,0.455,-0.0005023257728919515,-0.002006420203388917,False,False
100,16,heteroskedastic_null,False,polynomial_ridge_interactions,0.885,-0.00013095790593418283,-0.0011553806000269003,False,False
100,16,clustered_null,False,polynomial_ridge,0.285,0.00024614612548500003,-0.057402148026817285,False,False
100,16,clustered_null,False,polynomial_ridge_interactions,0.05,-0.008293433508988209,-0.028647253448856054,False,False
100,16,genuine_increment,True,polynomial_ridge,0.005,0.03590258898091802,0.02377339379378158,True,True
100,16,genuine_increment,True,polynomial_ridge_interactions,0.005,0.03585221806525302,0.024998523187268265,True,True
100,17,null_metric,False,polynomial_ridge,0.96,-0.0011468040526385267,-0.0033498522568622367,False,False
100,17,null_metric,False,polynomial_ridge_interactions,0.845,-0.0010329709665709008,-0.002036998885728257,False,False
100,17,nonlinear_proxy,False,polynomial_ridge,0.865,-0.00030776613641013764,-0.0007712190055669857,False,False
100,17,nonlinear_proxy,False,polynomial_ridge_interactions,0.94,-7.41625133531044e-05,-0.0005689681635182805,False,False
100,17,heteroskedastic_null,False,polynomial_ridge,0.815,-0.0021222324374838026,-0.003808834274652719,False,False
100,17,heteroskedastic_null,False,polynomial_ridge_interactions,0.885,-0.00016212600725909118,-0.0008000114594738069,False,False
100,17,clustered_null,False,polynomial_ridge,0.255,-0.007023004147782699,-0.04304803689138854,False,False
100,17,clustered_null,False,polynomial_ridge_interactions,0.21,0.000375237364674829,-0.04463457720498026,False,False
100,17,genuine_increment,True,polynomial_ridge,0.005,0.04644337697886253,0.02972923721513357,True,True
100,17,genuine_increment,True,polynomial_ridge_interactions,0.005,0.04642246079043427,0.03121939852874098,True,True
100,18,null_metric,False,polynomial_ridge,0.595,-0.0018429339941764128,-0.004811881082519426,False,False
100,18,null_metric,False,polynomial_ridge_interactions,0.44,0.0005059617521527941,-0.0015416304016256425,False,False
100,18,nonlinear_proxy,False,polynomial_ridge,0.785,-0.0003301275519501552,-0.0010338072089778497,False,False
100,18,nonlinear_proxy,False,polynomial_ridge_interactions,0.695,8.528215156373541e-05,-0.0006855664716196587,False,False
100,18,heteroskedastic_null,False,polynomial_ridge,0.3,-0.0015387076590325666,-0.0017809031802965248,False,False
100,18,heteroskedastic_null,False,polynomial_ridge_interactions,0.47,-0.0001442867916592351,-0.001237780204804439,False,False
100,18,clustered_null,False,polynomial_ridge,0.155,-0.0010990310867674824,-0.10832932659385348,False,False
100,18,clustered_null,False,polynomial_ridge_interactions,0.06,0.00044552426192840874,-0.08698768392208955,False,False
100,18,genuine_increment,True,polynomial_ridge,0.005,0.04766598973343327,0.03335483475360507,True,True
100,18,genuine_increment,True,polynomial_ridge_interactions,0.005,0.0465154896250206,0.03256864014514537,True,True
100,19,null_metric,False,polynomial_ridge,0.045,0.0006250256538965701,-0.001090060170318511,False,False
100,19,null_metric,False,polynomial_ridge_interactions,0.05,-0.0005195713561612705,-0.00268284641074222,False,False
100,19,nonlinear_proxy,False,polynomial_ridge,0.18,-3.547460693838558e-05,-0.0010198072593233236,False,False
100,19,nonlinear_proxy,False,polynomial_ridge_interactions,0.815,-0.000502489278919281,-0.0008529036304857424,False,False
100,19,heteroskedastic_null,False,polynomial_ridge,0.24,-0.002894003936712153,-0.003263989876453944,False,False
100,19,heteroskedastic_null,False,polynomial_ridge_interactions,0.15,-0.0003334738429629884,-0.0014885115020549606,False,False
100,19,clustered_null,False,polynomial_ridge,0.895,-0.037947446388602674,-0.12111964793223506,False,False
100,19,clustered_null,False,polynomial_ridge_interactions,0.64,-0.006135207460394226,-0.10417382129743619,False,False
100,19,genuine_increment,True,polynomial_ridge,0.005,0.02867610217962726,0.017734310018355768,True,True
100,19,genuine_increment,True,polynomial_ridge_interactions,0.005,0.027277617322012733,0.016316720474496456,True,True
100,20,null_metric,False,polynomial_ridge,0.88,-0.001455015964378848,-0.0044894684922156085,False,False
100,20,null_metric,False,polynomial_ridge_interactions,0.88,-0.0003241695385858799,-0.001674342394331944,False,False
100,20,nonlinear_proxy,False,polynomial_ridge,0.01,0.0006517678853544479,-0.00045150584311169504,False,False
100,20,nonlinear_proxy,False,polynomial_ridge_interactions,0.105,0.0006804209385064802,-0.00017504899694716067,False,False
100,20,heteroskedastic_null,False,polynomial_ridge,0.985,-0.0012532372376672565,-0.003476369837764951,False,False
100,20,heteroskedastic_null,False,polynomial_ridge_interactions,0.97,-0.0010532908564175082,-0.0012190991316074625,False,False
100,20,clustered_null,False,polynomial_ridge,0.365,-0.017560845211792492,-0.07426788487443457,False,False
100,20,clustered_null,False,polynomial_ridge_interactions,0.33,-0.0005754694318220871,-0.03427783161198374,False,False
100,20,genuine_increment,True,polynomial_ridge,0.005,0.059966441213366986,0.044743829604810846,True,True
100,20,genuine_increment,True,polynomial_ridge_interactions,0.005,0.0564755013262738,0.04083711482430203,True,True
100,21,null_metric,False,polynomial_ridge,0.74,0.0027093569275355583,-0.004434169031488339,False,False
100,21,null_metric,False,polynomial_ridge_interactions,0.76,-0.0005990932323966525,-0.0025356180421207738,False,False
100,21,nonlinear_proxy,False,polynomial_ridge,0.075,-0.000488760878312856,-0.00074878846521095,False,False
100,21,nonlinear_proxy,False,polynomial_ridge_interactions,0.09,0.00011828402242398343,-0.00022257855345401848,False,False
100,21,heteroskedastic_null,False,polynomial_ridge,0.32,-0.0010638410521578625,-0.002671357469342878,False,False
100,21,heteroskedastic_null,False,polynomial_ridge_interactions,0.465,-0.0002564610470512218,-0.0013234108319962246,False,False
100,21,clustered_null,False,polynomial_ridge,0.835,-0.008726198511288252,-0.06482850469995755,False,False
100,21,clustered_null,False,polynomial_ridge_interactions,0.205,-0.014143528961638084,-0.06708478766721364,False,False
100,21,genuine_increment,True,polynomial_ridge,0.015,0.04609670671666478,0.02986547530671078,True,True
100,21,genuine_increment,True,polynomial_ridge_interactions,0.065,0.04606971427662181,0.030869118278273124,False,True
100,22,null_metric,False,polynomial_ridge,0.6,-0.0019497771431789858,-0.0032370817987773665,False,False
100,22,null_metric,False,polynomial_ridge_interactions,0.875,-0.0005935577399722048,-0.0014344604524802857,False,False
100,22,nonlinear_proxy,False,polynomial_ridge,0.385,-0.0011086674041580827,-0.0024330953722908294,False,False
100,22,nonlinear_proxy,False,polynomial_ridge_interactions,0.945,-0.001373603890292386,-0.0012571916729906781,False,False
100,22,heteroskedastic_null,False,polynomial_ridge,0.825,-0.0015112691617679488,-0.003060677065190596,False,False
100,22,heteroskedastic_null,False,polynomial_ridge_interactions,0.745,-0.00014699000075818307,-0.0010866265496403589,False,False
100,22,clustered_null,False,polynomial_ridge,0.195,-0.016641486131468222,-0.10097228627136488,False,False
100,22,clustered_null,False,polynomial_ridge_interactions,0.4,-0.031974170738830965,-0.20540824977799355,False,False
100,22,genuine_increment,True,polynomial_ridge,0.005,0.05747437657287437,0.03445124697293566,True,True
100,22,genuine_increment,True,polynomial_ridge_interactions,0.005,0.051493107887745214,0.03499360249111626,True,True
100,23,null_metric,False,polynomial_ridge,0.93,-0.0004910820299863852,-0.00341790644124798,False,False
100,23,null_metric,False,polynomial_ridge_interactions,0.84,-0.0008747227872349175,-0.0019543534008387323,False,False
100,23,nonlinear_proxy,False,polynomial_ridge,0.745,-0.0010164594413261917,-0.003187912464685877,False,False
100,23,nonlinear_proxy,False,polynomial_ridge_interactions,0.825,-0.00035223321013840535,-0.0012763326471090992,False,False
100,23,heteroskedastic_null,False,polynomial_ridge,0.305,-0.0008153964546287907,-0.0021897027846372575,False,False
100,23,heteroskedastic_null,False,polynomial_ridge_interactions,0.75,-0.0002226992638209458,-0.0010221658844705422,False,False
100,23,clustered_null,False,polynomial_ridge,0.525,-0.007277620411807288,-0.07293813128312322,False,False
100,23,clustered_null,False,polynomial_ridge_interactions,0.705,-0.016655260044863042,-0.08193928783341212,False,False
100,23,genuine_increment,True,polynomial_ridge,0.005,0.05039248270715705,0.03503160480728376,True,True
100,23,genuine_increment,True,polynomial_ridge_interactions,0.005,0.048232774739455746,0.03238012256157557,True,True
100,24,null_metric,False,polynomial_ridge,0.055,-0.0016766494247378583,-0.005725653382116051,False,False
100,24,null_metric,False,polynomial_ridge_interactions,0.27,-0.002990708394450557,-0.002898020648741993,False,False
100,24,nonlinear_proxy,False,polynomial_ridge,0.99,-0.0014325707132810568,-0.0023067951519625176,False,False
100,24,nonlinear_proxy,False,polynomial_ridge_interactions,0.99,-1.3771405793037289e-05,-0.0006649723705633517,False,False
100,24,heteroskedastic_null,False,polynomial_ridge,0.12,-0.0009787999813327484,-0.0020163715982499924,False,False
100,24,heteroskedastic_null,False,polynomial_ridge_interactions,0.075,0.0002418750417972678,-0.0006857710839656185,False,False
100,24,clustered_null,False,polynomial_ridge,0.8,-0.009525999090901571,-0.056041680233133266,False,False
100,24,clustered_null,False,polynomial_ridge_interactions,0.655,-0.0033470876464944954,-0.057941806075845405,False,False
100,24,genuine_increment,True,polynomial_ridge,0.005,0.033049019599763724,0.02180750879059911,True,True
100,24,genuine_increment,True,polynomial_ridge_interactions,0.005,0.03339982763066626,0.021162059754861122,True,True
150,0,null_metric,False,polynomial_ridge,0.41,-0.0011061689349072985,-0.002642649146864027,False,False
150,0,null_metric,False,polynomial_ridge_interactions,0.565,-6.229192901975253e-05,-0.0009538588008952235,False,False
150,0,nonlinear_proxy,False,polynomial_ridge,0.295,3.270609116419118e-05,-0.000429147130477961,False,False
150,0,nonlinear_proxy,False,polynomial_ridge_interactions,0.245,-5.325569951716933e-05,-0.00042388564663334126,False,False
150,0,heteroskedastic_null,False,polynomial_ridge,0.93,-0.0006208535761053346,-0.0012644438184062318,False,False
150,0,heteroskedastic_null,False,polynomial_ridge_interactions,0.835,-0.0005797547253888688,-0.001105443032610475,False,False
150,0,clustered_null,False,polynomial_ridge,0.995,-0.005166653463741157,-0.01650830517587639,False,False
150,0,clustered_null,False,polynomial_ridge_interactions,0.625,-0.002432093140107913,-0.007255491922532691,False,False
150,0,genuine_increment,True,polynomial_ridge,0.005,0.0433768423360641,0.03322329509791745,True,True
150,0,genuine_increment,True,polynomial_ridge_interactions,0.005,0.04418948481339753,0.032046812123159345,True,True
150,1,null_metric,False,polynomial_ridge,0.64,-0.001345134979303074,-0.0026000289558977623,False,False
150,1,null_metric,False,polynomial_ridge_interactions,0.44,-9.251684109297734e-05,-0.000738212170618586,False,False
150,1,nonlinear_proxy,False,polynomial_ridge,0.1,2.2461189459537997e-05,-0.0004465585730387428,False,False
150,1,nonlinear_proxy,False,polynomial_ridge_interactions,0.065,8.774157716146761e-05,-0.00016626934503097992,False,False
150,1,heteroskedastic_null,False,polynomial_ridge,0.475,-0.00120823844270974,-0.001301646970103689,False,False
150,1,heteroskedastic_null,False,polynomial_ridge_interactions,0.68,-0.00032895804345408047,-0.0004927387833780975,False,False
150,1,clustered_null,False,polynomial_ridge,0.395,-0.005015152104666635,-0.023120643252468362,False,False
150,1,clustered_null,False,polynomial_ridge_interactions,0.68,-0.008484128472364648,-0.019275256518180035,False,False
150,1,genuine_increment,True,polynomial_ridge,0.005,0.04211828465964236,0.033267701610151655,True,True
150,1,genuine_increment,True,polynomial_ridge_interactions,0.005,0.04533530703950278,0.03270510576810795,True,True
150,2,null_metric,False,polynomial_ridge,0.55,-0.00023702855351951865,-0.0018323911233135517,False,False
150,2,null_metric,False,polynomial_ridge_interactions,0.28,-0.00035508281075753365,-0.00044103899638001776,False,False
150,2,nonlinear_proxy,False,polynomial_ridge,0.58,-0.00018916701216729458,-0.0008411916263564487,False,False
150,2,nonlinear_proxy,False,polynomial_ridge_interactions,0.425,-5.3252311967421674e-05,-0.00048163109479289516,False,False
150,2,heteroskedastic_null,False,polynomial_ridge,0.945,-0.00025642924972820065,-0.001265806398767514,False,False
150,2,heteroskedastic_null,False,polynomial_ridge_interactions,0.815,0.00027266090253558195,-0.00039837669375455113,False,False
150,2,clustered_null,False,polynomial_ridge,0.67,0.002687021633723998,-0.017430323761559903,False,False
150,2,clustered_null,False,polynomial_ridge_interactions,0.965,-0.001681322746327884,-0.013273820044528078,False,False
150,2,genuine_increment,True,polynomial_ridge,0.005,0.04903020071795892,0.03818013762474895,True,True
150,2,genuine_increment,True,polynomial_ridge_interactions,0.005,0.04902021636814077,0.03764254119046481,True,True
150,3,null_metric,False,polynomial_ridge,0.465,-0.0019736500028124174,-0.003200963266654451,False,False
150,3,null_metric,False,polynomial_ridge_interactions,0.395,-0.000518484847197468,-0.0012567455566687416,False,False
150,3,nonlinear_proxy,False,polynomial_ridge,0.88,0.00032382299443063905,-0.000293826784431475,False,False
150,3,nonlinear_proxy,False,polynomial_ridge_interactions,0.92,-0.00013897659079109646,-0.0003587142683777178,False,False
150,3,heteroskedastic_null,False,polynomial_ridge,0.705,-0.0007622975794497784,-0.0012425125866742832,False,False
150,3,heteroskedastic_null,False,polynomial_ridge_interactions,0.59,5.3481599346183115e-05,-0.000557977630459876,False,False
150,3,clustered_null,False,polynomial_ridge,0.63,-0.009192861496638404,-0.012812977890075784,False,False
150,3,clustered_null,False,polynomial_ridge_interactions,0.2,-0.0033037284446279964,-0.009801618288239212,False,False
150,3,genuine_increment,True,polynomial_ridge,0.005,0.040972085898506275,0.02823332729109012,True,True
150,3,genuine_increment,True,polynomial_ridge_interactions,0.005,0.037960449518167835,0.027482533846072316,True,True
150,4,null_metric,False,polynomial_ridge,0.56,-0.0017225236276687504,-0.0030852019941922126,False,False
150,4,null_metric,False,polynomial_ridge_interactions,0.17,-0.0005043269442560269,-0.0017408719142058683,False,False
150,4,nonlinear_proxy,False,polynomial_ridge,0.255,0.0009594805579512689,-0.00015185760450241517,False,False
150,4,nonlinear_proxy,False,polynomial_ridge_interactions,0.155,0.00011400842921551607,-0.0004917944775759142,False,False
150,4,heteroskedastic_null,False,polynomial_ridge,0.875,4.805656202993766e-05,-0.0013213270901996214,False,False
150,4,heteroskedastic_null,False,polynomial_ridge_interactions,0.84,-0.0004610521862503242,-0.0005808504135255489,False,False
150,4,clustered_null,False,polynomial_ridge,0.865,-0.0073166077767489075,-0.020482215621793535,False,False
150,4,clustered_null,False,polynomial_ridge_interactions,0.385,-0.00555309508041359,-0.02108547041119225,False,False
150,4,genuine_increment,True,polynomial_ridge,0.005,0.034192919017860875,0.02280628171487755,True,True
150,4,genuine_increment,True,polynomial_ridge_interactions,0.005,0.03579400942362829,0.023576831095117903,True,True
150,5,null_metric,False,polynomial_ridge,0.78,-0.0013767528128871241,-0.003111320076044333,False,False
150,5,null_metric,False,polynomial_ridge_interactions,0.29,-0.0003768902066366639,-0.0013366765638115877,False,False
150,5,nonlinear_proxy,False,polynomial_ridge,0.155,-0.00029199650410625944,-0.0006133455942071303,False,False
150,5,nonlinear_proxy,False,polynomial_ridge_interactions,0.165,5.0916068540127375e-05,-0.00024386826007506842,False,False
150,5,heteroskedastic_null,False,polynomial_ridge,0.475,2.7054751931035112e-05,-0.0008950986905507846,False,False
150,5,heteroskedastic_null,False,polynomial_ridge_interactions,0.315,-3.553962442063435e-05,-0.0002815734651337748,False,False
150,5,clustered_null,False,polynomial_ridge,0.075,0.0010611486630879453,-0.007873480110992107,False,False
150,5,clustered_null,False,polynomial_ridge_interactions,0.33,-0.0005895343417016558,-0.005385567191149192,False,False
150,5,genuine_increment,True,polynomial_ridge,0.005,0.04121975533523563,0.030665320233980903,True,True
150,5,genuine_increment,True,polynomial_ridge_interactions,0.005,0.04447960810666397,0.031271945969672386,True,True
150,6,null_metric,False,polynomial_ridge,0.89,-0.001105843789309103,-0.0029985275585511046,False,False
150,6,null_metric,False,polynomial_ridge_interactions,0.92,-5.8975051777713366e-05,-0.0014264695341722256,False,False
150,6,nonlinear_proxy,False,polynomial_ridge,0.78,-0.00024674058046581654,-0.0011253676623052677,False,False
150,6,nonlinear_proxy,False,polynomial_ridge_interactions,0.65,-0.0001941369275502633,-0.000583032224080731,False,False
150,6,heteroskedastic_null,False,polynomial_ridge,0.53,-0.00013230272411950648,-0.0006041807936153558,False,False
150,6,heteroskedastic_null,False,polynomial_ridge_interactions,0.56,1.1727744742050586e-06,-0.00038932538749465777,False,False
150,6,clustered_null,False,polynomial_ridge,0.38,-0.007718863542658102,-0.024892360225735197,False,False
150,6,clustered_null,False,polynomial_ridge_interactions,0.785,-0.0023584512949099794,-0.020022588036649802,False,False
150,6,genuine_increment,True,polynomial_ridge,0.005,0.032013870111845324,0.022857919685187918,True,True
150,6,genuine_increment,True,polynomial_ridge_interactions,0.005,0.03056048242338862,0.02312276405752271,True,True
150,7,null_metric,False,polynomial_ridge,0.005,-0.0021501712445228492,-0.002951885843256245,False,False
150,7,null_metric,False,polynomial_ridge_interactions,0.02,-0.0005320294408130595,-0.0016605853142864213,False,False
150,7,nonlinear_proxy,False,polynomial_ridge,0.515,0.00031443265065103556,-0.00048041959378081694,False,False
150,7,nonlinear_proxy,False,polynomial_ridge_interactions,0.13,7.454326180591012e-05,-0.00036073254037633087,False,False
150,7,heteroskedastic_null,False,polynomial_ridge,0.05,-0.00042328428250460425,-0.001388468990899861,False,False
150,7,heteroskedastic_null,False,polynomial_ridge_interactions,0.045,-4.371987374230529e-05,-0.0005626145963537162,False,False
150,7,clustered_null,False,polynomial_ridge,0.465,-0.012318062246128983,-0.024418635103548757,False,False
150,7,clustered_null,False,polynomial_ridge_interactions,0.765,-0.0014532075218896198,-0.008342414855782129,False,False
150,7,genuine_increment,True,polynomial_ridge,0.005,0.04279930513436713,0.0300147262248025,True,True
150,7,genuine_increment,True,polynomial_ridge_interactions,0.005,0.04114638817533677,0.03158765026821132,True,True
150,8,null_metric,False,polynomial_ridge,0.71,-0.0013099702550944843,-0.003033610417574059,False,False
150,8,null_metric,False,polynomial_ridge_interactions,0.58,-0.00031822033874905065,-0.0015942395246857323,False,False
150,8,nonlinear_proxy,False,polynomial_ridge,0.09,-3.873951466264267e-05,-0.0004751226598573437,False,False
150,8,nonlinear_proxy,False,polynomial_ridge_interactions,0.045,9.133999390980273e-05,-0.00027453538027452976,False,False
150,8,heteroskedastic_null,False,polynomial_ridge,0.765,-0.0004512147617302797,-0.0015385338019594504,False,False
150,8,heteroskedastic_null,False,polynomial_ridge_interactions,0.84,-0.0001867323878164736,-0.0008747717684069892,False,False
150,8,clustered_null,False,polynomial_ridge,0.395,-0.01536446224930757,-0.0173156356117172,False,False
150,8,clustered_null,False,polynomial_ridge_interactions,0.715,-0.0035670388050288403,-0.010471010857950849,False,False
150,8,genuine_increment,True,polynomial_ridge,0.005,0.04332885671796632,0.03120247304098445,True,True
150,8,genuine_increment,True,polynomial_ridge_interactions,0.005,0.04256909564136064,0.03110959801120913,True,True
150,9,null_metric,False,polynomial_ridge,0.13,-0.0014958986619454592,-0.0021468406690566596,False,False
150,9,null_metric,False,polynomial_ridge_interactions,0.335,-0.0003497705592278369,-0.0012665990628414885,False,False
150,9,nonlinear_proxy,False,polynomial_ridge,0.605,-0.00019520431886916288,-0.0005772657277366716,False,False
150,9,nonlinear_proxy,False,polynomial_ridge_interactions,0.63,-0.0004072199148066726,-0.0004119278044796617,False,False
150,9,heteroskedastic_null,False,polynomial_ridge,0.21,-0.0006028644527159462,-0.001226593322523601,False,False
150,9,heteroskedastic_null,False,polynomial_ridge_interactions,0.15,-4.202037046175354e-05,-0.00041607955743285164,False,False
150,9,clustered_null,False,polynomial_ridge,0.445,0.0010076457404524543,-0.003917928565576026,False,False
150,9,clustered_null,False,polynomial_ridge_interactions,0.57,-0.0009399889294398585,-0.0035164086483442086,False,False
150,9,genuine_increment,True,polynomial_ridge,0.005,0.04472136707935693,0.031118930092930496,True,True
150,9,genuine_increment,True,polynomial_ridge_interactions,0.005,0.044143923647142085,0.030920693260878106,True,True
150,10,null_metric,False,polynomial_ridge,0.705,-0.0011290985907589784,-0.002485665729457659,False,False
150,10,null_metric,False,polynomial_ridge_interactions,0.49,-0.00033995884206955776,-0.0010982854106158188,False,False
150,10,nonlinear_proxy,False,polynomial_ridge,0.515,-4.80394504604317e-05,-0.0006010080586718835,False,False
150,10,nonlinear_proxy,False,polynomial_ridge_interactions,0.795,-6.092426829233839e-05,-0.000589530195198943,False,False
150,10,heteroskedastic_null,False,polynomial_ridge,0.4,-0.0006956089909584849,-0.0013140711867085737,False,False
150,10,heteroskedastic_null,False,polynomial_ridge_interactions,0.9,-9.798536077914102e-05,-0.0004903956314043445,False,False
150,10,clustered_null,False,polynomial_ridge,0.005,-0.003644796234463319,-0.01112606793517549,False,False
150,10,clustered_null,False,polynomial_ridge_interactions,0.005,0.005816777525116109,-0.005544714321376399,False,False
150,10,genuine_increment,True,polynomial_ridge,0.005,0.04288582766680803,0.03105623250052986,True,True
150,10,genuine_increment,True,polynomial_ridge_interactions,0.005,0.0478556642062524,0.03334789151937575,True,True
150,11,null_metric,False,polynomial_ridge,0.32,-0.0010159698686264505,-0.002880979731402636,False,False
150,11,null_metric,False,polynomial_ridge_interactions,0.285,-0.0002723127953468338,-0.0012637011034818484,False,False
150,11,nonlinear_proxy,False,polynomial_ridge,0.265,0.00047215530157159076,-0.0002091527051519205,False,False
150,11,nonlinear_proxy,False,polynomial_ridge_interactions,0.145,0.0002853032532548665,-0.00012370846112884246,False,False
150,11,heteroskedastic_null,False,polynomial_ridge,0.655,-0.0012626959733120675,-0.0021504020166688673,False,False
150,11,heteroskedastic_null,False,polynomial_ridge_interactions,0.57,-0.00018135996919035717,-0.0009652240465839062,False,False
150,11,clustered_null,False,polynomial_ridge,0.015,0.0014801640719485053,-0.01082500809903281,False,False
150,11,clustered_null,False,polynomial_ridge_interactions,0.01,-0.000314196290943973,-0.012504655471405137,False,False
150,11,genuine_increment,True,polynomial_ridge,0.005,0.0421270213834444,0.031550493013499714,True,True
150,11,genuine_increment,True,polynomial_ridge_interactions,0.005,0.0452081149407977,0.03164948190963468,True,True
150,12,null_metric,False,polynomial_ridge,0.085,-0.001302446962319112,-0.0032467934436722474,False,False
150,12,null_metric,False,polynomial_ridge_interactions,0.09,-0.00033114878218829316,-0.0017135799278916602,False,False
150,12,nonlinear_proxy,False,polynomial_ridge,0.425,0.0002345647692871492,-0.00043389748963172783,False,False
150,12,nonlinear_proxy,False,polynomial_ridge_interactions,0.455,0.0001938274191757572,-0.00017375598095979342,False,False
150,12,heteroskedastic_null,False,polynomial_ridge,0.19,-0.0006371611996879595,-0.0011491201654564962,False,False
150,12,heteroskedastic_null,False,polynomial_ridge_interactions,0.13,-0.0006274141421280122,-0.0007549269915097215,False,False
150,12,clustered_null,False,polynomial_ridge,0.65,-0.003564320225591968,-0.014555192771391591,False,False
150,12,clustered_null,False,polynomial_ridge_interactions,0.245,-0.0021250548678551154,-0.01009943008577931,False,False
150,12,genuine_increment,True,polynomial_ridge,0.005,0.03558478442850742,0.02665461380251286,True,True
150,12,genuine_increment,True,polynomial_ridge_interactions,0.005,0.03734358052364985,0.0277076133054887,True,True
150,13,null_metric,False,polynomial_ridge,0.19,-0.0012633364793497685,-0.003199529135646562,False,False
150,13,null_metric,False,polynomial_ridge_interactions,0.425,-0.0005483720548848242,-0.0012898633252180804,False,False
150,13,nonlinear_proxy,False,polynomial_ridge,0.49,-0.0003831304879550572,-0.0011197095052931677,False,False
150,13,nonlinear_proxy,False,polynomial_ridge_interactions,1.0,-0.00041777330487131024,-0.0008595200636749491,False,False
150,13,heteroskedastic_null,False,polynomial_ridge,0.96,-0.0002448012600662231,-0.0011259487193550264,False,False
150,13,heteroskedastic_null,False,polynomial_ridge_interactions,0.99,1.2198910464758864e-05,-0.0005316090722767668,False,False
150,13,clustered_null,False,polynomial_ridge,0.93,3.639726359611767e-05,-0.013302035293604426,False,False
150,13,clustered_null,False,polynomial_ridge_interactions,0.56,-0.002039899864980259,-0.015184907750149485,False,False
150,13,genuine_increment,True,polynomial_ridge,0.005,0.039833699657779,0.027176203595487485,True,True
150,13,genuine_increment,True,polynomial_ridge_interactions,0.005,0.03825787820266429,0.02741719159877692,True,True
150,14,null_metric,False,polynomial_ridge,0.785,-0.0017047505679684619,-0.0026624880954007396,False,False
150,14,null_metric,False,polynomial_ridge_interactions,0.875,-2.8619329241662272e-05,-0.001333428003955216,False,False
150,14,nonlinear_proxy,False,polynomial_ridge,0.125,-0.0002800556176197925,-0.0008778563172563803,False,False
150,14,nonlinear_proxy,False,polynomial_ridge_interactions,0.245,-0.0001277200128342853,-0.0004969866647014124,False,False
150,14,heteroskedastic_null,False,polynomial_ridge,0.935,2.1998407582046742e-05,-0.0009916048712217663,False,False
150,14,heteroskedastic_null,False,polynomial_ridge_interactions,0.565,0.0005254056686253231,-0.0002673848460893649,False,False
150,14,clustered_null,False,polynomial_ridge,0.04,-0.0019139153900725875,-0.014911849639205988,False,False
150,14,clustered_null,False,polynomial_ridge_interactions,0.05,0.0018863519692891607,-0.01490296141008526,False,False
150,14,genuine_increment,True,polynomial_ridge,0.005,0.03434619660393578,0.02463098088432072,True,True
150,14,genuine_increment,True,polynomial_ridge_interactions,0.005,0.03225889783444391,0.02366212540871641,True,True
150,15,null_metric,False,polynomial_ridge,0.77,-0.000992929766891474,-0.0023591436086618086,False,False
150,15,null_metric,False,polynomial_ridge_interactions,0.81,-0.0006858326476021845,-0.0011849112746782128,False,False
150,15,nonlinear_proxy,False,polynomial_ridge,0.245,0.0001656146082166833,-0.0004133048115939023,False,False
150,15,nonlinear_proxy,False,polynomial_ridge_interactions,0.52,-0.0001635997224932696,-0.00038971150635346984,False,False
150,15,heteroskedastic_null,False,polynomial_ridge,0.52,-0.0001801257687691956,-0.0011110245879144018,False,False
150,15,heteroskedastic_null,False,polynomial_ridge_interactions,0.895,-0.0005038723974451886,-0.0006605518725584967,False,False
150,15,clustered_null,False,polynomial_ridge,0.74,-0.011779740695155486,-0.01927876252617955,False,False
150,15,clustered_null,False,polynomial_ridge_interactions,0.165,3.722060693256077e-05,-0.012963892767493277,False,False
150,15,genuine_increment,True,polynomial_ridge,0.005,0.04137791644508698,0.03064529439963295,True,True
150,15,genuine_increment,True,polynomial_ridge_interactions,0.005,0.04262439140034033,0.031147818190716832,True,True
150,16,null_metric,False,polynomial_ridge,0.45,-0.0010469646276637067,-0.0031824098398708527,False,False
150,16,null_metric,False,polynomial_ridge_interactions,0.675,-0.00034498420821112846,-0.0011343947614937805,False,False
150,16,nonlinear_proxy,False,polynomial_ridge,0.645,0.000434328436758679,-0.0001246867978356558,False,False
150,16,nonlinear_proxy,False,polynomial_ridge_interactions,0.485,0.000916333643805679,-9.051212101438646e-05,False,False
150,16,heteroskedastic_null,False,polynomial_ridge,0.1,-0.0005617671949510739,-0.0007990356806848914,False,False
150,16,heteroskedastic_null,False,polynomial_ridge_interactions,0.225,-9.850767124619172e-05,-0.00041207739912542336,False,False
150,16,clustered_null,False,polynomial_ridge,0.095,-0.0015970982516508823,-0.009693584625124952,False,False
150,16,clustered_null,False,polynomial_ridge_interactions,0.02,0.00021502179627334167,-0.011284530864767129,False,False
150,16,genuine_increment,True,polynomial_ridge,0.005,0.044274636120810604,0.03537907487947616,True,True
150,16,genuine_increment,True,polynomial_ridge_interactions,0.005,0.04513288635953895,0.03530015428784557,True,True
150,17,null_metric,False,polynomial_ridge,0.57,-0.0019195382538457692,-0.0026963295012437977,False,False
150,17,null_metric,False,polynomial_ridge_interactions,0.605,-0.0005937028618447394,-0.001276991314362248,False,False
150,17,nonlinear_proxy,False,polynomial_ridge,0.05,0.00033509006167454104,-0.0004346045898767149,False,False
150,17,nonlinear_proxy,False,polynomial_ridge_interactions,0.29,8.961864335236408e-05,-0.0003237827461389396,False,False
150,17,heteroskedastic_null,False,polynomial_ridge,0.505,-0.0007587345287986009,-0.0017977637352719882,False,False
150,17,heteroskedastic_null,False,polynomial_ridge_interactions,0.965,-0.00010792856948330619,-0.0004464384176240196,False,False
150,17,clustered_null,False,polynomial_ridge,0.93,-0.007411191891087104,-0.011487405845165404,False,False
150,17,clustered_null,False,polynomial_ridge_interactions,0.285,-0.0012529537249973063,-0.006207633529622263,False,False
150,17,genuine_increment,True,polynomial_ridge,0.005,0.031739235455946084,0.020376562019111193,True,True
150,17,genuine_increment,True,polynomial_ridge_interactions,0.005,0.030867212242805867,0.018442970269046417,True,True
150,18,null_metric,False,polynomial_ridge,0.285,-0.0018018033803507347,-0.0034499706711367296,False,False
150,18,null_metric,False,polynomial_ridge_interactions,0.26,-0.0001873804967859223,-0.0008006360648993314,False,False
150,18,nonlinear_proxy,False,polynomial_ridge,0.495,-6.712036556994275e-05,-0.0007268237723476123,False,False
150,18,nonlinear_proxy,False,polynomial_ridge_interactions,0.79,-0.00015385371663361076,-0.000478312875504088,False,False
150,18,heteroskedastic_null,False,polynomial_ridge,0.795,1.608418163806958e-05,-0.000769747461108877,False,False
150,18,heteroskedastic_null,False,polynomial_ridge_interactions,0.93,-9.229386231214467e-05,-0.0004295141988338096,False,False
150,18,clustered_null,False,polynomial_ridge,0.015,-0.003900034655229468,-0.02131992282572028,False,False
150,18,clustered_null,False,polynomial_ridge_interactions,0.01,0.003205169535560031,-0.013557876259926285,False,False
150,18,genuine_increment,True,polynomial_ridge,0.005,0.0473624147347923,0.036488491405820826,True,True
150,18,genuine_increment,True,polynomial_ridge_interactions,0.005,0.049708528637359764,0.037536447760223975,True,True
150,19,null_metric,False,polynomial_ridge,0.93,-0.0029886307463698747,-0.003272030808586711,False,False
150,19,null_metric,False,polynomial_ridge_interactions,0.96,-0.0007362689871317531,-0.00188712068987956,False,False
150,19,nonlinear_proxy,False,polynomial_ridge,0.31,-0.000372993747720882,-0.0006546431840405442,False,False
150,19,nonlinear_proxy,False,polynomial_ridge_interactions,0.315,3.70882418897411e-05,-0.0003504291359053799,False,False
150,19,heteroskedastic_null,False,polynomial_ridge,0.405,-0.000498027270643922,-0.00122570048052585,False,False
150,19,heteroskedastic_null,False,polynomial_ridge_interactions,0.54,-0.00013295015618054393,-0.0004900975814395848,False,False
150,19,clustered_null,False,polynomial_ridge,0.115,0.0038387093194745953,-0.01145679192388382,False,False
150,19,clustered_null,False,polynomial_ridge_interactions,0.005,0.004231204917610962,-0.03405388305172801,False,False
150,19,genuine_increment,True,polynomial_ridge,0.005,0.04853503786567983,0.03781576048974125,True,True
150,19,genuine_increment,True,polynomial_ridge_interactions,0.005,0.0486421393589115,0.038096471037645706,True,True
150,20,null_metric,False,polynomial_ridge,0.055,-0.0007485852667884242,-0.0024048244436093093,False,False
150,20,null_metric,False,polynomial_ridge_interactions,0.05,-0.0005069259342890091,-0.0007574417327751943,False,False
150,20,nonlinear_proxy,False,polynomial_ridge,0.135,-0.00031248768804146686,-0.0005102288908913614,False,False
150,20,nonlinear_proxy,False,polynomial_ridge_interactions,0.215,-0.0001631078942246648,-0.00026270468602285224,False,False
150,20,heteroskedastic_null,False,polynomial_ridge,0.85,-0.0007793024483603349,-0.0016340998978328918,False,False
150,20,heteroskedastic_null,False,polynomial_ridge_interactions,0.85,-0.0008024013010180259,-0.0007309675300962144,False,False
150,20,clustered_null,False,polynomial_ridge,0.035,-0.001795406209176769,-0.01019325120240293,False,False
150,20,clustered_null,False,polynomial_ridge_interactions,0.54,-0.0007250999410385872,-0.010960390578144198,False,False
150,20,genuine_increment,True,polynomial_ridge,0.005,0.038546635757983186,0.030026477922457932,True,True
150,20,genuine_increment,True,polynomial_ridge_interactions,0.005,0.03778198227809078,0.02926913852290518,True,True
150,21,null_metric,False,polynomial_ridge,0.65,-0.0019135836434001421,-0.0036268215146973057,False,False
150,21,null_metric,False,polynomial_ridge_interactions,0.625,-0.0003279401314704826,-0.0009359365760889865,False,False
150,21,nonlinear_proxy,False,polynomial_ridge,0.96,0.0002383714914225522,-0.0003686004459028422,False,False
150,21,nonlinear_proxy,False,polynomial_ridge_interactions,0.19,7.912314268505253e-05,-0.0003822348182307645,False,False
150,21,heteroskedastic_null,False,polynomial_ridge,0.71,-0.0002878321186086056,-0.001170485014552111,False,False
150,21,heteroskedastic_null,False,polynomial_ridge_interactions,0.87,-0.0004968813399368298,-0.0004424510080874666,False,False
150,21,clustered_null,False,polynomial_ridge,0.265,-0.004583893195734438,-0.015935633154950016,False,False
150,21,clustered_null,False,polynomial_ridge_interactions,0.78,-0.0020974276555696253,-0.015829522415038957,False,False
150,21,genuine_increment,True,polynomial_ridge,0.005,0.05881663571628622,0.04094895595315361,True,True
150,21,genuine_increment,True,polynomial_ridge_interactions,0.005,0.05359766467124312,0.041972727436961864,True,True
150,22,null_metric,False,polynomial_ridge,0.935,-0.002511599596207125,-0.0031861634705181397,False,False
150,22,null_metric,False,polynomial_ridge_interactions,0.64,-0.0004929443780123145,-0.0010251118973561087,False,False
150,22,nonlinear_proxy,False,polynomial_ridge,0.975,-0.00015729701976596126,-0.0005701156237053424,False,False
150,22,nonlinear_proxy,False,polynomial_ridge_interactions,0.44,-7.876548378332911e-05,-0.00046005783996430486,False,False
150,22,heteroskedastic_null,False,polynomial_ridge,0.765,-5.696841209250347e-05,-0.0008324607396243448,False,False
150,22,heteroskedastic_null,False,polynomial_ridge_interactions,0.885,-0.00021430975895823066,-0.00039201015951303324,False,False
150,22,clustered_null,False,polynomial_ridge,0.905,-0.0032493702278839943,-0.010306774938588333,False,False
150,22,clustered_null,False,polynomial_ridge_interactions,0.975,-0.0005722288887163897,-0.010106790388990322,False,False
150,22,genuine_increment,True,polynomial_ridge,0.005,0.04152103581520357,0.028545615493622993,True,True
150,22,genuine_increment,True,polynomial_ridge_interactions,0.005,0.041956119494633376,0.02882540384383384,True,True
150,23,null_metric,False,polynomial_ridge,0.595,-0.003081155334144065,-0.00308446183930025,False,False
150,23,null_metric,False,polynomial_ridge_interactions,0.655,-0.00010999352566626666,-0.0011111650364697585,False,False
150,23,nonlinear_proxy,False,polynomial_ridge,0.91,0.0006065125539096846,2.1148726701836122e-05,False,True
150,23,nonlinear_proxy,False,polynomial_ridge_interactions,0.62,9.19280835892395e-05,-0.0001246242754386555,False,False
150,23,heteroskedastic_null,False,polynomial_ridge,0.375,-0.0007592347766659704,-0.00098288621354477,False,False
150,23,heteroskedastic_null,False,polynomial_ridge_interactions,0.435,-0.000283047277883244,-0.0004690570785546868,False,False
150,23,clustered_null,False,polynomial_ridge,0.185,0.0026477928214465457,-0.010517207774088561,False,False
150,23,clustered_null,False,polynomial_ridge_interactions,0.61,0.00044816434071830516,-0.012541305439530848,False,False
150,23,genuine_increment,True,polynomial_ridge,0.005,0.0433278163545805,0.03468638708520412,True,True
150,23,genuine_increment,True,polynomial_ridge_interactions,0.005,0.04513833378583808,0.03440437741421769,True,True
150,24,null_metric,False,polynomial_ridge,0.955,-0.0009466349166552535,-0.0025865338137242948,False,False
150,24,null_metric,False,polynomial_ridge_interactions,0.6,-0.0003754710421360573,-0.0015301469386000232,False,False
150,24,nonlinear_proxy,False,polynomial_ridge,0.13,-0.0003791213860419888,-0.0006582071378006679,False,False
150,24,nonlinear_proxy,False,polynomial_ridge_interactions,0.9,-0.0001262271255556115,-0.0002455226242024918,False,False
150,24,heteroskedastic_null,False,polynomial_ridge,0.395,-0.0004047343823249446,-0.0009148867022358953,False,False
150,24,heteroskedastic_null,False,polynomial_ridge_interactions,0.61,6.74142288581512e-05,-0.00025803812314913936,False,False
150,24,clustered_null,False,polynomial_ridge,0.735,-0.005376135321864369,-0.021703521154596513,False,False
150,24,clustered_null,False,polynomial_ridge_interactions,0.38,0.0016719720288628191,-0.00868876525453157,False,False
150,24,genuine_increment,True,polynomial_ridge,0.005,0.04085953598496688,0.03173239758774998,True,True
150,24,genuine_increment,True,polynomial_ridge_interactions,0.005,0.04102226031329599,0.03228062475950715,True,True
200,0,null_metric,False,polynomial_ridge,0.675,-0.0010322313787172396,-0.001959813620390297,False,False
200,0,null_metric,False,polynomial_ridge_interactions,0.45,-0.00018927905680438117,-0.0006886989919861113,False,False
200,0,nonlinear_proxy,False,polynomial_ridge,0.635,-0.00039915815946884627,-0.0007758045504649015,False,False
200,0,nonlinear_proxy,False,polynomial_ridge_interactions,0.375,-0.00038503281591755617,-0.0005104147569206962,False,False
200,0,heteroskedastic_null,False,polynomial_ridge,0.68,-0.0003999335736090178,-0.0007332001122715662,False,False
200,0,heteroskedastic_null,False,polynomial_ridge_interactions,0.38,9.134338632156916e-05,-0.00045868412277661147,False,False
200,0,clustered_null,False,polynomial_ridge,0.41,-0.001744024196233894,-0.012334301642845248,False,False
200,0,clustered_null,False,polynomial_ridge_interactions,0.825,-0.0005579993198959257,-0.004860689743286407,False,False
200,0,genuine_increment,True,polynomial_ridge,0.005,0.040351626778728215,0.028873590231950796,True,True
200,0,genuine_increment,True,polynomial_ridge_interactions,0.005,0.038244739730000504,0.02924051801073263,True,True
200,1,null_metric,False,polynomial_ridge,0.2,0.0007071093116392813,-0.0007193467611669955,False,False
200,1,null_metric,False,polynomial_ridge_interactions,0.17,0.00014628364605728111,-0.00039398894834086987,False,False
200,1,nonlinear_proxy,False,polynomial_ridge,0.85,-0.0002356308896311202,-0.0004965722590555029,False,False
200,1,nonlinear_proxy,False,polynomial_ridge_interactions,0.94,-7.066997537675309e-05,-0.0001412328233146954,False,False
200,1,heteroskedastic_null,False,polynomial_ridge,0.515,-0.00047577727961508297,-0.0010133874999759735,False,False
200,1,heteroskedastic_null,False,polynomial_ridge_interactions,0.265,-0.00013041490138913925,-0.0003971932287997608,False,False
200,1,clustered_null,False,polynomial_ridge,0.27,-0.0035574830072473036,-0.010288791926391325,False,False
200,1,clustered_null,False,polynomial_ridge_interactions,0.325,-0.0019088867514807026,-0.006042574359128547,False,False
200,1,genuine_increment,True,polynomial_ridge,0.005,0.0468785832996125,0.04030713469039763,True,True
200,1,genuine_increment,True,polynomial_ridge_interactions,0.005,0.04791131894969998,0.040033809316726066,True,True
200,2,null_metric,False,polynomial_ridge,0.35,-0.0011522627823123861,-0.0025648943258166144,False,False
200,2,null_metric,False,polynomial_ridge_interactions,0.34,-0.00037977254710403266,-0.0008002340389891081,False,False
200,2,nonlinear_proxy,False,polynomial_ridge,0.705,-0.0001199957886402897,-0.0007375585917370527,False,False
200,2,nonlinear_proxy,False,polynomial_ridge_interactions,0.39,-0.00020805554422818895,-0.0005868718408671171,False,False
200,2,heteroskedastic_null,False,polynomial_ridge,0.825,-0.00030624579601845267,-0.0008539540055858468,False,False
200,2,heteroskedastic_null,False,polynomial_ridge_interactions,0.835,3.2789924237601464e-05,-0.0002668934885074699,False,False
200,2,clustered_null,False,polynomial_ridge,0.85,-0.007250203638691565,-0.00941163809485316,False,False
200,2,clustered_null,False,polynomial_ridge_interactions,0.735,-0.0007039560279781636,-0.005161343718130715,False,False
200,2,genuine_increment,True,polynomial_ridge,0.005,0.046567030065757145,0.03612174174464605,True,True
200,2,genuine_increment,True,polynomial_ridge_interactions,0.005,0.0469493714796983,0.03641263028395449,True,True
200,3,null_metric,False,polynomial_ridge,0.28,-0.0008011764358685988,-0.0015292918390482201,False,False
200,3,null_metric,False,polynomial_ridge_interactions,0.315,-0.000297250404542055,-0.000667769006076042,False,False
200,3,nonlinear_proxy,False,polynomial_ridge,0.775,-0.00034741804675887406,-0.0008896832794121148,False,False
200,3,nonlinear_proxy,False,polynomial_ridge_interactions,0.575,-0.00028931598175740113,-0.000494307380655212,False,False
200,3,heteroskedastic_null,False,polynomial_ridge,0.115,-2.4034490330461164e-05,-0.0005668320931401949,False,False
200,3,heteroskedastic_null,False,polynomial_ridge_interactions,0.14,4.3253031278243925e-05,-0.0003654646945658387,False,False
200,3,clustered_null,False,polynomial_ridge,0.955,-0.006676419196500406,-0.008806623378459095,False,False
200,3,clustered_null,False,polynomial_ridge_interactions,0.1,-9.558196026707155e-05,-0.0056296619149870395,False,False
200,3,genuine_increment,True,polynomial_ridge,0.005,0.046426791053364926,0.03300295708446306,True,True
200,3,genuine_increment,True,polynomial_ridge_interactions,0.005,0.0439275061678772,0.03237074592061875,True,True
200,4,null_metric,False,polynomial_ridge,0.69,-0.0011864240076379096,-0.0018766416069018305,False,False
200,4,null_metric,False,polynomial_ridge_interactions,0.57,-0.0006242435932953018,-0.0008064054903670551,False,False
200,4,nonlinear_proxy,False,polynomial_ridge,0.72,-0.00026166452298943387,-0.0005452319789685241,False,False
200,4,nonlinear_proxy,False,polynomial_ridge_interactions,0.565,-6.957219086765627e-05,-0.00033531701863203495,False,False
200,4,heteroskedastic_null,False,polynomial_ridge,0.39,-0.0001591988462547253,-0.0005463073117283404,False,False
200,4,heteroskedastic_null,False,polynomial_ridge_interactions,0.86,-0.0001418714646672526,-0.00030564542945544506,False,False
200,4,clustered_null,False,polynomial_ridge,0.87,-0.004262117958890966,-0.012959155536576894,False,False
200,4,clustered_null,False,polynomial_ridge_interactions,0.275,-0.004342291239124191,-0.007950466734074518,False,False
200,4,genuine_increment,True,polynomial_ridge,0.005,0.036566365703766764,0.02709157105968936,True,True
200,4,genuine_increment,True,polynomial_ridge_interactions,0.005,0.03321874677870565,0.02729904926548697,True,True
200,5,null_metric,False,polynomial_ridge,0.885,-0.00034405333454983617,-0.0013295661931980508,False,False
200,5,null_metric,False,polynomial_ridge_interactions,0.705,-0.0006321634949957612,-0.0006283518591360593,False,False
200,5,nonlinear_proxy,False,polynomial_ridge,0.295,-3.823513183319211e-05,-0.00029972673428468817,False,False
200,5,nonlinear_proxy,False,polynomial_ridge_interactions,0.295,0.00021327912651536354,-0.00018204823575352396,False,False
200,5,heteroskedastic_null,False,polynomial_ridge,0.66,-0.00029936601949803743,-0.0008316915810401194,False,False
200,5,heteroskedastic_null,False,polynomial_ridge_interactions,0.74,-0.00017589640712084575,-0.00032839255794601095,False,False
200,5,clustered_null,False,polynomial_ridge,0.06,-0.0016268598949937957,-0.006106263353131129,False,False
200,5,clustered_null,False,polynomial_ridge_interactions,0.005,0.0012416534768862758,-0.003678946313330257,False,False
200,5,genuine_increment,True,polynomial_ridge,0.005,0.04511051459943266,0.03639887799702908,True,True
200,5,genuine_increment,True,polynomial_ridge_interactions,0.005,0.046762233610970566,0.03530681852268345,True,True
200,6,null_metric,False,polynomial_ridge,0.69,-0.0015077906015633774,-0.0015372838634225138,False,False
200,6,null_metric,False,polynomial_ridge_interactions,0.685,-0.0005422292231950301,-0.0009448560272741658,False,False
200,6,nonlinear_proxy,False,polynomial_ridge,0.69,-0.00013175701002537954,-0.0002473603665170273,False,False
200,6,nonlinear_proxy,False,polynomial_ridge_interactions,0.855,-6.209227201714983e-05,-0.00028227220556360045,False,False
200,6,heteroskedastic_null,False,polynomial_ridge,0.75,-0.0009205659181411915,-0.0008902298536745618,False,False
200,6,heteroskedastic_null,False,polynomial_ridge_interactions,0.655,-0.0001131959341933754,-0.00040246345479516153,False,False
200,6,clustered_null,False,polynomial_ridge,0.865,-0.0017163084603352505,-0.0037208953919591497,False,False
200,6,clustered_null,False,polynomial_ridge_interactions,0.29,-0.0020811713541743354,-0.005349001137906516,False,False
200,6,genuine_increment,True,polynomial_ridge,0.005,0.04744785026318117,0.03765469740670007,True,True
200,6,genuine_increment,True,polynomial_ridge_interactions,0.005,0.04695260215935726,0.03390851497578709,True,True
200,7,null_metric,False,polynomial_ridge,0.47,-0.002104591733488311,-0.0025559647081075444,False,False
200,7,null_metric,False,polynomial_ridge_interactions,0.495,7.937363056930574e-05,-0.0006481939510171832,False,False
200,7,nonlinear_proxy,False,polynomial_ridge,0.06,-0.000321689778461115,-0.0002878607050244842,False,False
200,7,nonlinear_proxy,False,polynomial_ridge_interactions,0.025,0.00013152860509154513,-0.00017481174277335807,False,False
200,7,heteroskedastic_null,False,polynomial_ridge,0.735,-0.0007211393046423105,-0.0007485245330957826,False,False
200,7,heteroskedastic_null,False,polynomial_ridge_interactions,0.65,-5.006310146089647e-05,-0.00038816524882898167,False,False
200,7,clustered_null,False,polynomial_ridge,0.19,-0.001167192086857026,-0.008256764392632739,False,False
200,7,clustered_null,False,polynomial_ridge_interactions,0.045,-0.0012244602535976777,-0.009967278425463503,False,False
200,7,genuine_increment,True,polynomial_ridge,0.005,0.04270203454627892,0.03482986938398605,True,True
200,7,genuine_increment,True,polynomial_ridge_interactions,0.005,0.04473029258820428,0.03425363327862632,True,True
200,8,null_metric,False,polynomial_ridge,0.65,-0.0006822782484288102,-0.0016088590587280242,False,False
200,8,null_metric,False,polynomial_ridge_interactions,0.21,-0.0007420416990713899,-0.0010978173150874076,False,False
200,8,nonlinear_proxy,False,polynomial_ridge,0.4,-0.0006795256551380361,-0.0007825427630621384,False,False
200,8,nonlinear_proxy,False,polynomial_ridge_interactions,0.14,0.00010893848447581997,-0.00024961401288427904,False,False
200,8,heteroskedastic_null,False,polynomial_ridge,0.245,-0.00015734905580915524,-0.0009766588032753332,False,False
200,8,heteroskedastic_null,False,polynomial_ridge_interactions,0.21,0.00012268858147368618,-0.0005126061328467591,False,False
200,8,clustered_null,False,polynomial_ridge,1.0,-0.0027585147795979523,-0.005590137979201691,False,False
200,8,clustered_null,False,polynomial_ridge_interactions,0.645,-0.001631610713690515,-0.0027587423399262545,False,False
200,8,genuine_increment,True,polynomial_ridge,0.005,0.039662868397382936,0.030539931116188735,True,True
200,8,genuine_increment,True,polynomial_ridge_interactions,0.005,0.039238487224531715,0.030252135755822595,True,True
200,9,null_metric,False,polynomial_ridge,0.62,-0.0019465439963884112,-0.002619239455208521,False,False
200,9,null_metric,False,polynomial_ridge_interactions,1.0,-0.0005474623582208196,-0.0009932548619584227,False,False
200,9,nonlinear_proxy,False,polynomial_ridge,1.0,-0.00042460710202422546,-0.0006465513589778811,False,False
200,9,nonlinear_proxy,False,polynomial_ridge_interactions,0.74,-0.00014287220389380163,-0.000295011508978327,False,False
200,9,heteroskedastic_null,False,polynomial_ridge,0.955,0.0003934015073617774,-0.0004336132077073258,False,False
200,9,heteroskedastic_null,False,polynomial_ridge_interactions,0.835,-7.53125989580352e-05,-0.0003149244427759536,False,False
200,9,clustered_null,False,polynomial_ridge,0.06,-0.002563124131412648,-0.005779032480585243,False,False
200,9,clustered_null,False,polynomial_ridge_interactions,0.57,-7.109964854077125e-05,-0.00481510367836481,False,False
200,9,genuine_increment,True,polynomial_ridge,0.005,0.040266517774655314,0.032683090313080004,True,True
200,9,genuine_increment,True,polynomial_ridge_interactions,0.005,0.038506930864657785,0.03178296675405479,True,True
200,10,null_metric,False,polynomial_ridge,0.48,-0.00047004526402424224,-0.0015731753550492264,False,False
200,10,null_metric,False,polynomial_ridge_interactions,0.31,0.0001904102249071088,-0.0009402977697047631,False,False
200,10,nonlinear_proxy,False,polynomial_ridge,0.885,-8.874429675739381e-05,-0.0003964688883907837,False,False
200,10,nonlinear_proxy,False,polynomial_ridge_interactions,0.875,-8.548562986719112e-05,-0.0003519291146997082,False,False
200,10,heteroskedastic_null,False,polynomial_ridge,0.87,-0.00042477272638180054,-0.0007924564231349825,False,False
200,10,heteroskedastic_null,False,polynomial_ridge_interactions,0.89,6.359633239415817e-05,-0.00042896914773874926,False,False
200,10,clustered_null,False,polynomial_ridge,0.045,-0.0018917697011567036,-0.008965102541261927,False,False
200,10,clustered_null,False,polynomial_ridge_interactions,0.075,0.0006181938630103294,-0.004506337968508437,False,False
200,10,genuine_increment,True,polynomial_ridge,0.005,0.03354702893412446,0.02553407106969195,True,True
200,10,genuine_increment,True,polynomial_ridge_interactions,0.005,0.03347327282533233,0.024702380291650665,True,True
200,11,null_metric,False,polynomial_ridge,0.12,-0.00034879173939193417,-0.0018006979062715764,False,False
200,11,null_metric,False,polynomial_ridge_interactions,0.275,-0.00036112716472049694,-0.0008408394381580187,False,False
200,11,nonlinear_proxy,False,polynomial_ridge,0.855,-0.00023514690803746064,-0.000684705492366934,False,False
200,11,nonlinear_proxy,False,polynomial_ridge_interactions,0.55,-0.0005783971077084017,-0.0005046924239317448,False,False
200,11,heteroskedastic_null,False,polynomial_ridge,0.655,-0.00042851225104533625,-0.0009660565174660257,False,False
200,11,heteroskedastic_null,False,polynomial_ridge_interactions,0.6,0.00012856797350568015,-0.0003246497693946891,False,False
200,11,clustered_null,False,polynomial_ridge,0.6,-0.005120571991166927,-0.011555776976968498,False,False
200,11,clustered_null,False,polynomial_ridge_interactions,0.33,-0.003394979282672305,-0.005912740774951597,False,False
200,11,genuine_increment,True,polynomial_ridge,0.005,0.04183914082225229,0.030285927647716693,True,True
200,11,genuine_increment,True,polynomial_ridge_interactions,0.005,0.040897654642103334,0.03105760067796895,True,True
200,12,null_metric,False,polynomial_ridge,0.27,-0.0008807960677611054,-0.0017213293925275172,False,False
200,12,null_metric,False,polynomial_ridge_interactions,0.45,-6.768682117448341e-05,-0.0007182643708857204,False,False
200,12,nonlinear_proxy,False,polynomial_ridge,0.985,0.0004108346402844406,-1.0837292532081803e-05,False,False
200,12,nonlinear_proxy,False,polynomial_ridge_interactions,0.81,-1.9270807100922605e-05,-0.00014525418516110676,False,False
200,12,heteroskedastic_null,False,polynomial_ridge,0.52,-0.0004374469594995295,-0.0011434787108693927,False,False
200,12,heteroskedastic_null,False,polynomial_ridge_interactions,0.685,-8.586771855439296e-05,-0.0004559467532678467,False,False
200,12,clustered_null,False,polynomial_ridge,0.58,0.0005171921164308715,-0.007685829651343028,False,False
200,12,clustered_null,False,polynomial_ridge_interactions,0.835,-0.0057449971375950586,-0.006454004584029487,False,False
200,12,genuine_increment,True,polynomial_ridge,0.005,0.04192340855441837,0.03438214287009888,True,True
200,12,genuine_increment,True,polynomial_ridge_interactions,0.005,0.044713548518251524,0.033799033572123854,True,True
200,13,null_metric,False,polynomial_ridge,0.335,-0.00021284803021427365,-0.002444722652409303,False,False
200,13,null_metric,False,polynomial_ridge_interactions,0.165,0.00048372662063531427,-0.0012403028647598683,False,False
200,13,nonlinear_proxy,False,polynomial_ridge,0.38,-0.00012486268206149918,-0.0002726287264386519,False,False
200,13,nonlinear_proxy,False,polynomial_ridge_interactions,0.155,7.578788431881339e-05,-0.00025422271085976034,False,False
200,13,heteroskedastic_null,False,polynomial_ridge,0.025,-0.0004185637040863277,-0.0008866404849900154,False,False
200,13,heteroskedastic_null,False,polynomial_ridge_interactions,0.22,-0.00018428649175408068,-0.0003971294536952112,False,False
200,13,clustered_null,False,polynomial_ridge,0.845,-0.0012012868647618066,-0.011868802639093306,False,False
200,13,clustered_null,False,polynomial_ridge_interactions,0.89,-0.00616276178806776,-0.011842703499083016,False,False
200,13,genuine_increment,True,polynomial_ridge,0.005,0.0446816111897747,0.03742869834043856,True,True
200,13,genuine_increment,True,polynomial_ridge_interactions,0.005,0.046394791020485,0.03660850710744286,True,True
200,14,null_metric,False,polynomial_ridge,0.855,-0.0005135582445829484,-0.001307383830179313,False,False
200,14,null_metric,False,polynomial_ridge_interactions,0.855,-0.00022520235896666269,-0.001068937131311298,False,False
200,14,nonlinear_proxy,False,polynomial_ridge,0.91,-0.0005171417123085251,-0.000861428401045626,False,False
200,14,nonlinear_proxy,False,polynomial_ridge_interactions,0.815,-0.0002422867810803822,-0.00048716254777618256,False,False
200,14,heteroskedastic_null,False,polynomial_ridge,0.19,-0.0002118818015932637,-0.0005883686834472028,False,False
200,14,heteroskedastic_null,False,polynomial_ridge_interactions,0.09,-0.0003568210564537447,-0.0007275304772886244,False,False
200,14,clustered_null,False,polynomial_ridge,0.855,-0.0032751449013911985,-0.009292314739258187,False,False
200,14,clustered_null,False,polynomial_ridge_interactions,0.885,-0.002484813360695247,-0.007346933098041401,False,False
200,14,genuine_increment,True,polynomial_ridge,0.005,0.04160254707914538,0.029702887257010445,True,True
200,14,genuine_increment,True,polynomial_ridge_interactions,0.005,0.04106795213703481,0.029806971436482248,True,True
200,15,null_metric,False,polynomial_ridge,0.25,-0.0012903283589568854,-0.002054525367386134,False,False
200,15,null_metric,False,polynomial_ridge_interactions,0.305,-0.00016110414365131526,-0.000676772184426176,False,False
200,15,nonlinear_proxy,False,polynomial_ridge,0.055,-0.0002073356951863758,-0.0005735526240246054,False,False
200,15,nonlinear_proxy,False,polynomial_ridge_interactions,0.015,-0.0003053341440283283,-0.0004329493222539508,False,False
200,15,heteroskedastic_null,False,polynomial_ridge,0.485,-0.0004983241653981219,-0.0010656490790308816,False,False
200,15,heteroskedastic_null,False,polynomial_ridge_interactions,0.395,6.61688613678782e-05,-0.00032837959501105785,False,False
200,15,clustered_null,False,polynomial_ridge,0.115,-0.004073197398552653,-0.009177725116826702,False,False
200,15,clustered_null,False,polynomial_ridge_interactions,0.39,-0.005109298200909884,-0.006555325766927351,False,False
200,15,genuine_increment,True,polynomial_ridge,0.005,0.04089484894303685,0.03165042500042081,True,True
200,15,genuine_increment,True,polynomial_ridge_interactions,0.005,0.0407967669345417,0.03164475763266512,True,True
200,16,null_metric,False,polynomial_ridge,0.58,-0.0016916713569438795,-0.0023769744470561356,False,False
200,16,null_metric,False,polynomial_ridge_interactions,0.485,-0.0004305759300176383,-0.0010511080299330847,False,False
200,16,nonlinear_proxy,False,polynomial_ridge,0.025,0.00018616344536137933,-0.00025616776042878186,False,False
200,16,nonlinear_proxy,False,polynomial_ridge_interactions,0.04,0.0001315907411792057,-0.0001138768367999204,False,False
200,16,heteroskedastic_null,False,polynomial_ridge,0.43,-0.0005240797258371085,-0.0007849935167084651,False,False
200,16,heteroskedastic_null,False,polynomial_ridge_interactions,0.295,-0.0004851900766651585,-0.0003382772763147329,False,False
200,16,clustered_null,False,polynomial_ridge,0.21,-0.0011050952203766687,-0.006156425798370226,False,False
200,16,clustered_null,False,polynomial_ridge_interactions,0.38,-0.0001237716716048342,-0.0031355865327450353,False,False
200,16,genuine_increment,True,polynomial_ridge,0.005,0.048023055573822734,0.03775409943398357,True,True
200,16,genuine_increment,True,polynomial_ridge_interactions,0.005,0.047600611067754664,0.038308556793591346,True,True
200,17,null_metric,False,polynomial_ridge,0.01,-0.0010906991264444076,-0.002180811403475021,False,False
200,17,null_metric,False,polynomial_ridge_interactions,0.015,3.0202783183566617e-05,-0.0007802008866452084,False,False
200,17,nonlinear_proxy,False,polynomial_ridge,0.025,-0.00029530616029864454,-0.000709319255122219,False,False
200,17,nonlinear_proxy,False,polynomial_ridge_interactions,0.045,0.0003863548038036974,-0.00015993313579022294,False,False
200,17,heteroskedastic_null,False,polynomial_ridge,0.405,-0.00011288900066740593,-0.0007085761434439979,False,False
200,17,heteroskedastic_null,False,polynomial_ridge_interactions,0.43,-4.218637625294508e-05,-0.0003331131488440878,False,False
200,17,clustered_null,False,polynomial_ridge,0.44,-0.0009769056955082796,-0.00745742240670774,False,False
200,17,clustered_null,False,polynomial_ridge_interactions,0.71,-0.0001782752179735267,-0.006785158398962377,False,False
200,17,genuine_increment,True,polynomial_ridge,0.005,0.04841182539367091,0.03835744470186307,True,True
200,17,genuine_increment,True,polynomial_ridge_interactions,0.005,0.04700721445388831,0.037570961021472574,True,True
200,18,null_metric,False,polynomial_ridge,0.67,-7.790307697704002e-05,-0.0017150666134424849,False,False
200,18,null_metric,False,polynomial_ridge_interactions,0.295,-0.00047574517049678994,-0.0013757404750312319,False,False
200,18,nonlinear_proxy,False,polynomial_ridge,0.545,0.0001411131320122232,-0.00026544439286779167,False,False
200,18,nonlinear_proxy,False,polynomial_ridge_interactions,0.885,0.00035683606843693247,-0.00022086436266165725,False,False
200,18,heteroskedastic_null,False,polynomial_ridge,0.765,-0.00011396082045066203,-0.0007193145225289921,False,False
200,18,heteroskedastic_null,False,polynomial_ridge_interactions,0.595,-7.85847777483549e-05,-0.00034222210695444464,False,False
200,18,clustered_null,False,polynomial_ridge,0.23,-0.0014529081014027258,-0.011817365282251161,False,False
200,18,clustered_null,False,polynomial_ridge_interactions,0.31,-0.0012828682267446608,-0.011284492219263448,False,False
200,18,genuine_increment,True,polynomial_ridge,0.005,0.041372737513980296,0.033076609849401195,True,True
200,18,genuine_increment,True,polynomial_ridge_interactions,0.005,0.04286649694239769,0.03187768588497263,True,True
200,19,null_metric,False,polynomial_ridge,0.01,-0.0006687344235782045,-0.002070204922794791,False,False
200,19,null_metric,False,polynomial_ridge_interactions,0.01,-0.00019455773967136034,-0.000984880282861355,False,False
200,19,nonlinear_proxy,False,polynomial_ridge,0.77,-0.00031066209009633985,-0.00039903546360974543,False,False
200,19,nonlinear_proxy,False,polynomial_ridge_interactions,0.79,-4.696865023573211e-05,-0.00020999627427109642,False,False
200,19,heteroskedastic_null,False,polynomial_ridge,0.28,-0.0004605529972109886,-0.0007916006644792848,False,False
200,19,heteroskedastic_null,False,polynomial_ridge_interactions,0.165,-0.00012650784299603202,-0.00045323754019489256,False,False
200,19,clustered_null,False,polynomial_ridge,0.275,-0.0034487860704328806,-0.007489182930192871,False,False
200,19,clustered_null,False,polynomial_ridge_interactions,0.095,-0.0033121637973545885,-0.007655324936654291,False,False
200,19,genuine_increment,True,polynomial_ridge,0.005,0.045287710147025914,0.034669868127877056,True,True
200,19,genuine_increment,True,polynomial_ridge_interactions,0.005,0.04576436031508832,0.031261945168686446,True,True
200,20,null_metric,False,polynomial_ridge,0.895,-0.001462678832756404,-0.002417979178055579,False,False
200,20,null_metric,False,polynomial_ridge_interactions,0.705,-0.0004052554424928967,-0.0009021281412505411,False,False
200,20,nonlinear_proxy,False,polynomial_ridge,0.23,9.999352949971452e-05,-0.000259392481593209,False,False
200,20,nonlinear_proxy,False,polynomial_ridge_interactions,0.325,2.90450922878268e-05,-0.00022104124085276116,False,False
200,20,heteroskedastic_null,False,polynomial_ridge,0.155,-0.0006613034977039391,-0.0010233669677505032,False,False
200,20,heteroskedastic_null,False,polynomial_ridge_interactions,0.085,-8.2620089003815e-05,-0.00046124962077225934,False,False
200,20,clustered_null,False,polynomial_ridge,0.78,-0.006905016251179161,-0.009506279537543124,False,False
200,20,clustered_null,False,polynomial_ridge_interactions,0.735,-0.0009441995710654377,-0.009062617983600302,False,False
200,20,genuine_increment,True,polynomial_ridge,0.005,0.042879567877329626,0.03366389579877949,True,True
200,20,genuine_increment,True,polynomial_ridge_interactions,0.005,0.040805723443580834,0.032671671619692165,True,True
200,21,null_metric,False,polynomial_ridge,0.21,-0.001229921193490812,-0.00200969396475935,False,False
200,21,null_metric,False,polynomial_ridge_interactions,0.07,-0.00023698394774224196,-0.0009731672505113078,False,False
200,21,nonlinear_proxy,False,polynomial_ridge,0.32,-0.0002655676696368186,-0.00034786817421748173,False,False
200,21,nonlinear_proxy,False,polynomial_ridge_interactions,0.55,0.0002341883143933115,-0.0002043883385610988,False,False
200,21,heteroskedastic_null,False,polynomial_ridge,0.825,-0.0002821507195446618,-0.0007781721004858771,False,False
200,21,heteroskedastic_null,False,polynomial_ridge_interactions,0.87,-0.00019204986658703446,-0.0003358842448579127,False,False
200,21,clustered_null,False,polynomial_ridge,0.275,0.0009622586589678427,-0.00791018907771232,False,False
200,21,clustered_null,False,polynomial_ridge_interactions,0.29,-0.0020040168198253126,-0.0059037989439613,False,False
200,21,genuine_increment,True,polynomial_ridge,0.005,0.0424944943008529,0.031221666268616784,True,True
200,21,genuine_increment,True,polynomial_ridge_interactions,0.005,0.0391567066539564,0.03194030865781419,True,True
200,22,null_metric,False,polynomial_ridge,0.15,-0.0013848936166957308,-0.002238027812200115,False,False
200,22,null_metric,False,polynomial_ridge_interactions,0.415,-0.0006195491210925046,-0.0009705140293281043,False,False
200,22,nonlinear_proxy,False,polynomial_ridge,0.04,-5.6941025039483964e-05,-0.0005467155416165674,False,False
200,22,nonlinear_proxy,False,polynomial_ridge_interactions,0.155,-0.00021014621058427184,-0.0003737325336745122,False,False
200,22,heteroskedastic_null,False,polynomial_ridge,0.34,-0.00038573112803806826,-0.0006528668347595922,False,False
200,22,heteroskedastic_null,False,polynomial_ridge_interactions,0.21,-0.00010136706677979501,-0.0004928802428072219,False,False
200,22,clustered_null,False,polynomial_ridge,0.665,-0.0021855832605544787,-0.003930901488953623,False,False
200,22,clustered_null,False,polynomial_ridge_interactions,0.785,-0.0005003903931636439,-0.0033436682746146567,False,False
200,22,genuine_increment,True,polynomial_ridge,0.005,0.04086666935492191,0.0335126024294881,True,True
200,22,genuine_increment,True,polynomial_ridge_interactions,0.005,0.04104622052867922,0.03259114308427431,True,True
200,23,null_metric,False,polynomial_ridge,0.37,-0.0018899248072168674,-0.001956640003994556,False,False
200,23,null_metric,False,polynomial_ridge_interactions,0.29,-0.0007156719141954669,-0.0013392607579001874,False,False
200,23,nonlinear_proxy,False,polynomial_ridge,0.075,-0.0007594116683710961,-0.000505324304464831,False,False
200,23,nonlinear_proxy,False,polynomial_ridge_interactions,0.09,1.1564208174394755e-05,-0.0002826372227452286,False,False
200,23,heteroskedastic_null,False,polynomial_ridge,0.55,-0.0004764328429589437,-0.0007318280777009926,False,False
200,23,heteroskedastic_null,False,polynomial_ridge_interactions,0.59,7.939922909585857e-05,-0.00024600216220307226,False,False
200,23,clustered_null,False,polynomial_ridge,0.525,-0.008855658262378288,-0.025708451525343106,False,False
200,23,clustered_null,False,polynomial_ridge_interactions,0.315,-0.006792401050737758,-0.0077090013409921625,False,False
200,23,genuine_increment,True,polynomial_ridge,0.005,0.04127169786948273,0.030797578521873488,True,True
200,23,genuine_increment,True,polynomial_ridge_interactions,0.005,0.04016705239380689,0.030393308489858554,True,True
200,24,null_metric,False,polynomial_ridge,0.05,-0.0019317080700655895,-0.0019507442503943373,False,False
200,24,null_metric,False,polynomial_ridge_interactions,0.04,-0.00046394293909332585,-0.0007469997020473735,False,False
200,24,nonlinear_proxy,False,polynomial_ridge,0.935,0.00013646012401700817,-0.00046263851180099674,False,False
200,24,nonlinear_proxy,False,polynomial_ridge_interactions,0.605,-1.7712442717120365e-05,-0.0003378054670452541,False,False
200,24,heteroskedastic_null,False,polynomial_ridge,0.165,-0.00047191864360701663,-0.0007562721698780049,False,False
200,24,heteroskedastic_null,False,polynomial_ridge_interactions,0.235,-9.165271772827548e-05,-0.00025494436596876815,False,False
200,24,clustered_null,False,polynomial_ridge,0.64,-0.008037090773889897,-0.008396734850329482,False,False
200,24,clustered_null,False,polynomial_ridge_interactions,0.395,-0.0019587913594421094,-0.006736227195116248,False,False
200,24,genuine_increment,True,polynomial_ridge,0.005,0.0392737648771844,0.029216326539304577,True,True
200,24,genuine_increment,True,polynomial_ridge_interactions,0.005,0.03969690704423526,0.03007035624089373,True,True
300,0,null_metric,False,polynomial_ridge,0.665,-0.0011481474471411873,-0.0015582863282175364,False,False
300,0,null_metric,False,polynomial_ridge_interactions,0.975,-0.00022541779270744688,-0.0005781068791074057,False,False
300,0,nonlinear_proxy,False,polynomial_ridge,0.075,-4.626589830286458e-05,-0.0003442546908718901,False,False
300,0,nonlinear_proxy,False,polynomial_ridge_interactions,0.075,-0.00020888352837772003,-0.00018103285527007253,False,False
300,0,heteroskedastic_null,False,polynomial_ridge,0.52,-6.32796861440351e-05,-0.0002955002017620453,False,False
300,0,heteroskedastic_null,False,polynomial_ridge_interactions,0.585,-2.839351993815225e-05,-0.00035498879423693987,False,False
300,0,clustered_null,False,polynomial_ridge,0.055,0.00037398473842356963,-0.0031575224255969074,False,False
300,0,clustered_null,False,polynomial_ridge_interactions,0.12,-0.000416268225458042,-0.002765505906584621,False,False
300,0,genuine_increment,True,polynomial_ridge,0.005,0.04272732140117151,0.03553226560463698,True,True
300,0,genuine_increment,True,polynomial_ridge_interactions,0.005,0.04274191439786321,0.03488961572708662,True,True
300,1,null_metric,False,polynomial_ridge,0.34,-0.0005327062019856166,-0.0012042421438361638,False,False
300,1,null_metric,False,polynomial_ridge_interactions,0.26,-0.00048818869859685796,-0.00036684550422451596,False,False
300,1,nonlinear_proxy,False,polynomial_ridge,0.585,-0.0002470946256878572,-0.00023459124346285998,False,False
300,1,nonlinear_proxy,False,polynomial_ridge_interactions,0.865,-0.0001317969762777791,-0.00013047263699105327,False,False
300,1,heteroskedastic_null,False,polynomial_ridge,0.25,-0.0005092327226371464,-0.0007278995263943806,False,False
300,1,heteroskedastic_null,False,polynomial_ridge_interactions,0.195,-8.252233027300493e-05,-0.00024977731579051767,False,False
300,1,clustered_null,False,polynomial_ridge,0.045,-0.0008869640279831198,-0.0029676641276354075,False,False
300,1,clustered_null,False,polynomial_ridge_interactions,0.07,0.00035879037577936715,-0.0017560645646113912,False,False
300,1,genuine_increment,True,polynomial_ridge,0.005,0.040898317749934354,0.03346066453190709,True,True
300,1,genuine_increment,True,polynomial_ridge_interactions,0.005,0.040986802395811796,0.033142116770206155,True,True
300,2,null_metric,False,polynomial_ridge,0.155,-0.0005134474851881572,-0.0009128971904272664,False,False
300,2,null_metric,False,polynomial_ridge_interactions,0.21,-2.332907333634296e-05,-0.00028438120014969077,False,False
300,2,nonlinear_proxy,False,polynomial_ridge,0.99,7.797466368487504e-05,-0.00017541612012696132,False,False
300,2,nonlinear_proxy,False,polynomial_ridge_interactions,0.455,-3.656061645348867e-05,-0.00014606476263914802,False,False
300,2,heteroskedastic_null,False,polynomial_ridge,0.11,-0.00022843469652111554,-0.0002287211120659244,False,False
300,2,heteroskedastic_null,False,polynomial_ridge_interactions,0.2,0.00014067691920753057,-9.34780847387138e-05,False,False
300,2,clustered_null,False,polynomial_ridge,0.005,0.0008943095061407641,-0.003035701623747143,False,False
300,2,clustered_null,False,polynomial_ridge_interactions,0.015,0.0020657157781171047,-0.0014854011359744022,False,False
300,2,genuine_increment,True,polynomial_ridge,0.005,0.038609347776058414,0.03090083590018982,True,True
300,2,genuine_increment,True,polynomial_ridge_interactions,0.005,0.03901515784491526,0.030618159505206945,True,True
300,3,null_metric,False,polynomial_ridge,0.57,-0.0006372635301560674,-0.0008285728185070324,False,False
300,3,null_metric,False,polynomial_ridge_interactions,0.765,-0.00014508533561989959,-0.0005816585497170898,False,False
300,3,nonlinear_proxy,False,polynomial_ridge,0.83,-0.00019230883447796977,-0.00033868879362438465,False,False
300,3,nonlinear_proxy,False,polynomial_ridge_interactions,0.78,6.7898314808894494e-06,-0.000149509513111379,False,False
300,3,heteroskedastic_null,False,polynomial_ridge,0.13,-0.00035837803354812556,-0.0005152053029411052,False,False
300,3,heteroskedastic_null,False,polynomial_ridge_interactions,0.235,-0.00023746024868409078,-0.00018113870731246133,False,False
300,3,clustered_null,False,polynomial_ridge,0.285,-0.0009730434703600684,-0.003561329490992338,False,False
300,3,clustered_null,False,polynomial_ridge_interactions,0.135,-0.00025925079318722677,-0.002856359906924901,False,False
300,3,genuine_increment,True,polynomial_ridge,0.005,0.038311971331831327,0.030779045649674406,True,True
300,3,genuine_increment,True,polynomial_ridge_interactions,0.005,0.03787205833169206,0.030346931290350012,True,True
300,4,null_metric,False,polynomial_ridge,0.62,3.533017604886654e-05,-0.0010967794131978245,False,False
300,4,null_metric,False,polynomial_ridge_interactions,0.615,-2.055092391653468e-05,-0.0006246424149255519,False,False
300,4,nonlinear_proxy,False,polynomial_ridge,0.025,0.00028805900822033003,-7.380700852274128e-05,False,False
300,4,nonlinear_proxy,False,polynomial_ridge_interactions,0.015,8.333222001419976e-05,-2.464800161730328e-05,False,False
300,4,heteroskedastic_null,False,polynomial_ridge,0.435,-0.00041672958378511683,-0.0006487883973003497,False,False
300,4,heteroskedastic_null,False,polynomial_ridge_interactions,0.3,-0.00016675499464309344,-0.00025790174926892235,False,False
300,4,clustered_null,False,polynomial_ridge,0.545,-0.0019059510591826062,-0.003999411266609942,False,False
300,4,clustered_null,False,polynomial_ridge_interactions,0.85,-0.0016800918484918825,-0.002322423738996931,False,False
300,4,genuine_increment,True,polynomial_ridge,0.005,0.03955620495207968,0.03108836587544628,True,True
300,4,genuine_increment,True,polynomial_ridge_interactions,0.005,0.03953920457482547,0.031728146374689736,True,True
300,5,null_metric,False,polynomial_ridge,0.285,-4.9694918398235366e-05,-0.001034072038321872,False,False
300,5,null_metric,False,polynomial_ridge_interactions,0.515,-0.00015528525749520378,-0.0005739724540324752,False,False
300,5,nonlinear_proxy,False,polynomial_ridge,0.485,-0.00011156070713282725,-0.0002262355045668962,False,False
300,5,nonlinear_proxy,False,polynomial_ridge_interactions,0.99,-3.197657504940606e-05,-8.55732969708436e-05,False,False
300,5,heteroskedastic_null,False,polynomial_ridge,0.845,-0.00022941435406001638,-0.0004858913266535588,False,False
300,5,heteroskedastic_null,False,polynomial_ridge_interactions,0.845,-0.00010112586948093048,-0.0003512063747414354,False,False
300,5,clustered_null,False,polynomial_ridge,0.84,-0.0009268692296097482,-0.0018138927801555494,False,False
300,5,clustered_null,False,polynomial_ridge_interactions,0.255,0.00019166806180756155,-0.002585262753213194,False,False
300,5,genuine_increment,True,polynomial_ridge,0.005,0.03659748198230037,0.02853875454818027,True,True
300,5,genuine_increment,True,polynomial_ridge_interactions,0.005,0.03639384858817592,0.027555440764471695,True,True
300,6,null_metric,False,polynomial_ridge,0.39,-0.0004892085554253321,-0.0010365136256949856,False,False
300,6,null_metric,False,polynomial_ridge_interactions,0.385,4.494248021665731e-05,-0.0005188635585984133,False,False
300,6,nonlinear_proxy,False,polynomial_ridge,0.705,-0.00015472746320126154,-0.0002497933924009181,False,False
300,6,nonlinear_proxy,False,polynomial_ridge_interactions,0.85,8.273851655627579e-07,-8.837824746985028e-05,False,False
300,6,heteroskedastic_null,False,polynomial_ridge,0.66,-0.00029731660708948865,-0.00042391290793998765,False,False
300,6,heteroskedastic_null,False,polynomial_ridge_interactions,0.79,-8.577281113146193e-05,-0.00018263212238371125,False,False
300,6,clustered_null,False,polynomial_ridge,0.095,0.0012584006751738819,-0.0030813611539140503,False,False
300,6,clustered_null,False,polynomial_ridge_interactions,0.01,0.0007190834176522796,-0.0020553788962828067,False,False
300,6,genuine_increment,True,polynomial_ridge,0.005,0.043287518099952946,0.0357146861906323,True,True
300,6,genuine_increment,True,polynomial_ridge_interactions,0.005,0.04110461550337152,0.035690948697480504,True,True
300,7,null_metric,False,polynomial_ridge,0.81,-0.0005294122387761654,-0.0012621386665616816,False,False
300,7,null_metric,False,polynomial_ridge_interactions,0.825,-7.460799392319459e-05,-0.0003337124317353647,False,False
300,7,nonlinear_proxy,False,polynomial_ridge,1.0,-0.0003156642993359495,-0.00029860622707080176,False,False
300,7,nonlinear_proxy,False,polynomial_ridge_interactions,0.635,-8.757322351826084e-05,-0.00022529544851706954,False,False
300,7,heteroskedastic_null,False,polynomial_ridge,0.41,-3.924525404474643e-05,-0.0003975927136289378,False,False
300,7,heteroskedastic_null,False,polynomial_ridge_interactions,0.24,-8.012074485694819e-05,-0.00018103857444326765,False,False
300,7,clustered_null,False,polynomial_ridge,0.455,-0.0009647919782578944,-0.0022166783025089837,False,False
300,7,clustered_null,False,polynomial_ridge_interactions,0.225,0.0003019957332519377,-0.0017121315995214108,False,False
300,7,genuine_increment,True,polynomial_ridge,0.005,0.04328076397757852,0.03499156525753367,True,True
300,7,genuine_increment,True,polynomial_ridge_interactions,0.005,0.04280970093481702,0.034761996718565016,True,True
300,8,null_metric,False,polynomial_ridge,0.45,-0.0006916295837513103,-0.0012423123022083397,False,False
300,8,null_metric,False,polynomial_ridge_interactions,0.255,2.2407032165747826e-05,-0.0003558393495680523,False,False
300,8,nonlinear_proxy,False,polynomial_ridge,0.375,-5.226524799333693e-05,-0.00021026741437625007,False,False
300,8,nonlinear_proxy,False,polynomial_ridge_interactions,0.205,-2.6751759530636507e-05,-0.00012210525848570277,False,False
300,8,heteroskedastic_null,False,polynomial_ridge,0.145,-7.409939239903796e-05,-0.00020705761585935203,False,False
300,8,heteroskedastic_null,False,polynomial_ridge_interactions,0.21,-0.00016774563521526707,-0.00018590330225175586,False,False
300,8,clustered_null,False,polynomial_ridge,0.515,-0.001636603594896889,-0.0038914139554261577,False,False
300,8,clustered_null,False,polynomial_ridge_interactions,0.8,-0.001191623366406852,-0.003302489959462529,False,False
300,8,genuine_increment,True,polynomial_ridge,0.005,0.03832341857928212,0.03248309406417787,True,True
300,8,genuine_increment,True,polynomial_ridge_interactions,0.005,0.039169490070186594,0.03188940923791876,True,True
300,9,null_metric,False,polynomial_ridge,0.38,-0.0006079969926168181,-0.0011420042367856296,False,False
300,9,null_metric,False,polynomial_ridge_interactions,0.54,-0.00021136262666531652,-0.0004419081642301811,False,False
300,9,nonlinear_proxy,False,polynomial_ridge,0.315,5.628319187000151e-05,-0.000131510282825096,False,False
300,9,nonlinear_proxy,False,polynomial_ridge_interactions,0.4,0.00016316262081014082,-9.810067170353082e-05,False,False
300,9,heteroskedastic_null,False,polynomial_ridge,0.795,-0.00017476656831887354,-0.0004700173156722335,False,False
300,9,heteroskedastic_null,False,polynomial_ridge_interactions,0.675,-0.00012946876662689368,-0.00016888081871875346,False,False
300,9,clustered_null,False,polynomial_ridge,0.425,-0.0048202942357880516,-0.008039109331444501,False,False
300,9,clustered_null,False,polynomial_ridge_interactions,0.155,-0.0007999243033527149,-0.004169546227039602,False,False
300,9,genuine_increment,True,polynomial_ridge,0.005,0.05094189175650997,0.04009570935971059,True,True
300,9,genuine_increment,True,polynomial_ridge_interactions,0.005,0.04969900670032174,0.039504908877034166,True,True
300,10,null_metric,False,polynomial_ridge,0.415,-0.0004774866036863397,-0.0012270364690727144,False,False
300,10,null_metric,False,polynomial_ridge_interactions,0.495,-0.00034324825559836625,-0.0005475953434288599,False,False
300,10,nonlinear_proxy,False,polynomial_ridge,0.39,-0.00017423021525763468,-0.00026607701856448923,False,False
300,10,nonlinear_proxy,False,polynomial_ridge_interactions,0.295,-3.379419649155498e-05,-0.00015801625502309924,False,False
300,10,heteroskedastic_null,False,polynomial_ridge,0.475,-0.0003450484150076139,-0.0004320769364837678,False,False
300,10,heteroskedastic_null,False,polynomial_ridge_interactions,0.255,-0.0001356238957685857,-0.00022571105744471085,False,False
300,10,clustered_null,False,polynomial_ridge,0.205,0.00021381843149709603,-0.0029379541963223802,False,False
300,10,clustered_null,False,polynomial_ridge_interactions,0.935,-0.001493805436136239,-0.003301321644315914,False,False
300,10,genuine_increment,True,polynomial_ridge,0.005,0.04403690968173106,0.03577255918405359,True,True
300,10,genuine_increment,True,polynomial_ridge_interactions,0.005,0.04362122344394251,0.0364910518546943,True,True
300,11,null_metric,False,polynomial_ridge,0.4,-0.0013558106465579658,-0.000951602973419366,False,False
300,11,null_metric,False,polynomial_ridge_interactions,0.34,-8.761230604486386e-05,-0.00038002922884237624,False,False
300,11,nonlinear_proxy,False,polynomial_ridge,0.075,-3.85452924460232e-06,-0.0001967351389326283,False,False
300,11,nonlinear_proxy,False,polynomial_ridge_interactions,0.165,0.00012148101722623313,-0.0001590424055895475,False,False
300,11,heteroskedastic_null,False,polynomial_ridge,0.14,-0.00013582851550764628,-0.0003639545428278459,False,False
300,11,heteroskedastic_null,False,polynomial_ridge_interactions,0.235,-2.2799913023917318e-05,-0.0002023290301541151,False,False
300,11,clustered_null,False,polynomial_ridge,0.08,-0.0035977571821013098,-0.004110188376850431,False,False
300,11,clustered_null,False,polynomial_ridge_interactions,0.315,-0.0010232872908398152,-0.0024643256824356126,False,False
300,11,genuine_increment,True,polynomial_ridge,0.005,0.04143298074993207,0.035260107574035165,True,True
300,11,genuine_increment,True,polynomial_ridge_interactions,0.005,0.042239899860332525,0.03341610806213319,True,True
300,12,null_metric,False,polynomial_ridge,0.535,-0.0007693493507675876,-0.001473611776613305,False,False
300,12,null_metric,False,polynomial_ridge_interactions,0.735,-0.0004932071408402655,-0.000590538205540562,False,False
300,12,nonlinear_proxy,False,polynomial_ridge,0.225,-0.00020381543116279079,-0.0003376521857442052,False,False
300,12,nonlinear_proxy,False,polynomial_ridge_interactions,0.15,-4.9274477296475105e-05,-0.0001768227664845587,False,False
300,12,heteroskedastic_null,False,polynomial_ridge,0.275,-0.00016769459308889345,-0.0005567724683612606,False,False
300,12,heteroskedastic_null,False,polynomial_ridge_interactions,0.175,-1.0007517911525543e-05,-0.00020064465480608185,False,False
300,12,clustered_null,False,polynomial_ridge,0.045,-0.0005557712733450619,-0.0076015646758060005,False,False
300,12,clustered_null,False,polynomial_ridge_interactions,0.015,0.00031524551810550167,-0.0029253774940044964,False,False
300,12,genuine_increment,True,polynomial_ridge,0.005,0.03893941054561098,0.03227359066104091,True,True
300,12,genuine_increment,True,polynomial_ridge_interactions,0.005,0.039180860477381896,0.031702177654615984,True,True
300,13,null_metric,False,polynomial_ridge,0.44,-0.000442984005097638,-0.0009713157617349184,False,False
300,13,null_metric,False,polynomial_ridge_interactions,0.655,-9.956676348845186e-05,-0.00028221954058376113,False,False
300,13,nonlinear_proxy,False,polynomial_ridge,0.2,-3.2315325828738764e-05,-0.00023606753276734005,False,False
300,13,nonlinear_proxy,False,polynomial_ridge_interactions,0.17,8.694098569360983e-05,-0.00012087542166459628,False,False
300,13,heteroskedastic_null,False,polynomial_ridge,0.36,-0.0001137260101439835,-0.0004008196938674149,False,False
300,13,heteroskedastic_null,False,polynomial_ridge_interactions,0.41,4.7637164925810535e-06,-0.0001627869179212403,False,False
300,13,clustered_null,False,polynomial_ridge,0.445,-0.0010894216860832563,-0.004054254804308068,False,False
300,13,clustered_null,False,polynomial_ridge_interactions,0.625,-0.0011730633173065406,-0.002720250855143468,False,False
300,13,genuine_increment,True,polynomial_ridge,0.005,0.040824452007678216,0.03339848803553176,True,True
300,13,genuine_increment,True,polynomial_ridge_interactions,0.005,0.03953464945566297,0.033173673805064106,True,True
300,14,null_metric,False,polynomial_ridge,0.545,-0.000910238474588515,-0.000930435629883017,False,False
300,14,null_metric,False,polynomial_ridge_interactions,0.27,-7.942332808502303e-05,-0.0003462482635350611,False,False
300,14,nonlinear_proxy,False,polynomial_ridge,0.21,-0.00013395500628120977,-0.00032157839848295127,False,False
300,14,nonlinear_proxy,False,polynomial_ridge_interactions,0.565,-6.744383607217453e-05,-0.00019528003703393943,False,False
300,14,heteroskedastic_null,False,polynomial_ridge,0.165,-9.708427185057926e-05,-0.0003500324596660527,False,False
300,14,heteroskedastic_null,False,polynomial_ridge_interactions,0.435,-7.602438368436472e-05,-0.00019956684145660503,False,False
300,14,clustered_null,False,polynomial_ridge,0.11,0.00018600319510686004,-0.002600738135840305,False,False
300,14,clustered_null,False,polynomial_ridge_interactions,0.07,0.0006010484032097918,-0.0011267510933871466,False,False
300,14,genuine_increment,True,polynomial_ridge,0.005,0.04674383092644307,0.03830753986038372,True,True
300,14,genuine_increment,True,polynomial_ridge_interactions,0.005,0.045929866532748734,0.03651804434113159,True,True
300,15,null_metric,False,polynomial_ridge,0.595,-9.624395708825867e-05,-0.0013690953060454833,False,False
300,15,null_metric,False,polynomial_ridge_interactions,0.75,-0.00012916144767522938,-0.0005475897419503662,False,False
300,15,nonlinear_proxy,False,polynomial_ridge,0.81,4.846638029664882e-06,-0.000277366021668746,False,False
300,15,nonlinear_proxy,False,polynomial_ridge_interactions,0.365,-5.110918526025476e-05,-0.00020944862994942622,False,False
300,15,heteroskedastic_null,False,polynomial_ridge,0.455,-0.00026604684304855873,-0.0004101954101479171,False,False
300,15,heteroskedastic_null,False,polynomial_ridge_interactions,0.285,-2.0982608350387545e-05,-0.00014371719004150382,False,False
300,15,clustered_null,False,polynomial_ridge,0.33,-0.0014781606322571382,-0.004390728076993681,False,False
300,15,clustered_null,False,polynomial_ridge_interactions,0.6,-0.0014267392503436137,-0.003491918141441906,False,False
300,15,genuine_increment,True,polynomial_ridge,0.005,0.041992847559193164,0.033225738362772816,True,True
300,15,genuine_increment,True,polynomial_ridge_interactions,0.005,0.04011340917499545,0.032064472640298936,True,True
300,16,null_metric,False,polynomial_ridge,0.115,-6.66948830100253e-05,-0.0008053138255670284,False,False
300,16,null_metric,False,polynomial_ridge_interactions,0.25,0.0003220190444680471,-0.0002746079933437593,False,False
300,16,nonlinear_proxy,False,polynomial_ridge,0.035,-0.00019244323181135878,-0.00040779280612931144,False,False
300,16,nonlinear_proxy,False,polynomial_ridge_interactions,0.08,-0.0001670910957759465,-0.0002597945571523435,False,False
300,16,heteroskedastic_null,False,polynomial_ridge,0.82,0.0005964490212597724,-2.6652915117078433e-05,False,False
300,16,heteroskedastic_null,False,polynomial_ridge_interactions,0.81,0.00012073572919538839,-0.00027081885536539866,False,False
300,16,clustered_null,False,polynomial_ridge,0.31,-0.00047333556034902073,-0.004999898205742832,False,False
300,16,clustered_null,False,polynomial_ridge_interactions,0.345,-0.0001377587812683278,-0.002851971808436973,False,False
300,16,genuine_increment,True,polynomial_ridge,0.005,0.04477106196602937,0.03506980806513653,True,True
300,16,genuine_increment,True,polynomial_ridge_interactions,0.005,0.041733322936119345,0.03548975450030512,True,True
300,17,null_metric,False,polynomial_ridge,0.2,-0.0005919951990416214,-0.0010641790280721734,False,False
300,17,null_metric,False,polynomial_ridge_interactions,0.41,-0.0001009307453285202,-0.0004416627565862412,False,False
300,17,nonlinear_proxy,False,polynomial_ridge,0.8,0.00010937653434380402,-0.0002402817513997563,False,False
300,17,nonlinear_proxy,False,polynomial_ridge_interactions,0.135,-9.152179482850055e-05,-0.00015493318737487904,False,False
300,17,heteroskedastic_null,False,polynomial_ridge,0.515,-0.00014233411286383897,-0.0004128963398746457,False,False
300,17,heteroskedastic_null,False,polynomial_ridge_interactions,0.37,-2.9852906077184986e-05,-0.00019563044369898356,False,False
300,17,clustered_null,False,polynomial_ridge,0.635,-0.002095070113496033,-0.005183632704304159,False,False
300,17,clustered_null,False,polynomial_ridge_interactions,0.975,-0.0022040971673641767,-0.0023366457817945705,False,False
300,17,genuine_increment,True,polynomial_ridge,0.005,0.04826405983359218,0.041120975537413354,True,True
300,17,genuine_increment,True,polynomial_ridge_interactions,0.005,0.04663134822622356,0.040227053911599066,True,True
300,18,null_metric,False,polynomial_ridge,0.365,-0.0011630816420805275,-0.0015290077182277006,False,False
300,18,null_metric,False,polynomial_ridge_interactions,0.35,-0.00021704221228835419,-0.0007542509296365669,False,False
300,18,nonlinear_proxy,False,polynomial_ridge,0.56,0.00024435055700646434,-0.0001492027951745918,False,False
300,18,nonlinear_proxy,False,polynomial_ridge_interactions,0.685,6.2994876547799e-05,-0.0001833222854492883,False,False
300,18,heteroskedastic_null,False,polynomial_ridge,0.16,-0.0003130499774572845,-0.0005335622017297326,False,False
300,18,heteroskedastic_null,False,polynomial_ridge_interactions,0.07,-2.5290165032252482e-05,-0.00023074250148406628,False,False
300,18,clustered_null,False,polynomial_ridge,0.01,0.0010164383994347506,-0.0022876423991149224,False,False
300,18,clustered_null,False,polynomial_ridge_interactions,0.055,-0.0006516701423032352,-0.002783011226094497,False,False
300,18,genuine_increment,True,polynomial_ridge,0.005,0.03597796968532355,0.02959370430115309,True,True
300,18,genuine_increment,True,polynomial_ridge_interactions,0.005,0.03614714190336742,0.029232362900832125,True,True
300,19,null_metric,False,polynomial_ridge,0.24,-0.0004362272887628582,-0.0011684310099672295,False,False
300,19,null_metric,False,polynomial_ridge_interactions,0.145,-0.00036086895333932445,-0.00048517469189962944,False,False
300,19,nonlinear_proxy,False,polynomial_ridge,0.925,-0.00014642260774619126,-0.0002688638299396173,False,False
300,19,nonlinear_proxy,False,polynomial_ridge_interactions,0.435,-0.00012718509619259657,-0.00017217270102854164,False,False
300,19,heteroskedastic_null,False,polynomial_ridge,0.83,-0.0005172340806372088,-0.0004976362024420179,False,False
300,19,heteroskedastic_null,False,polynomial_ridge_interactions,0.94,-4.943779279602788e-05,-0.0001787303039791855,False,False
300,19,clustered_null,False,polynomial_ridge,0.775,-0.0007194061229443636,-0.0011939710410226213,False,False
300,19,clustered_null,False,polynomial_ridge_interactions,0.925,-0.00011485864704235613,-0.0006664697300423385,False,False
300,19,genuine_increment,True,polynomial_ridge,0.005,0.042954962921700895,0.034834249963657644,True,True
300,19,genuine_increment,True,polynomial_ridge_interactions,0.005,0.042784339684538444,0.03391501369785144,True,True
300,20,null_metric,False,polynomial_ridge,0.62,-0.0011616095903615245,-0.0008300316684707049,False,False
300,20,null_metric,False,polynomial_ridge_interactions,0.235,0.0004311795003008566,-0.0005071447539508991,False,False
300,20,nonlinear_proxy,False,polynomial_ridge,0.09,-0.00013890401202043198,-0.0003648502478092992,False,False
300,20,nonlinear_proxy,False,polynomial_ridge_interactions,0.02,-0.00016344491299728411,-0.0002955050709132069,False,False
300,20,heteroskedastic_null,False,polynomial_ridge,0.77,8.705009467882552e-05,-0.0004220183646222148,False,False
300,20,heteroskedastic_null,False,polynomial_ridge_interactions,0.695,0.0001638614849088383,-0.00014124980172847064,False,False
300,20,clustered_null,False,polynomial_ridge,0.615,-0.0010568764247047314,-0.008006866290760957,False,False
300,20,clustered_null,False,polynomial_ridge_interactions,0.81,-0.0011482546094736916,-0.0029321479814390893,False,False
300,20,genuine_increment,True,polynomial_ridge,0.005,0.045120710604719436,0.038190337572004136,True,True
300,20,genuine_increment,True,polynomial_ridge_interactions,0.005,0.04526618805070388,0.03770318352760547,True,True
300,21,null_metric,False,polynomial_ridge,0.22,-0.0004507604914551419,-0.0010723444723597796,False,False
300,21,null_metric,False,polynomial_ridge_interactions,0.265,-0.0002630233141186593,-0.0005681709896045381,False,False
300,21,nonlinear_proxy,False,polynomial_ridge,0.97,0.00025556824289889573,-6.103426731891661e-05,False,False
300,21,nonlinear_proxy,False,polynomial_ridge_interactions,0.715,0.000191956963359741,-5.297209924783829e-05,False,False
300,21,heteroskedastic_null,False,polynomial_ridge,0.18,-0.0005424751699947168,-0.0005634065504171467,False,False
300,21,heteroskedastic_null,False,polynomial_ridge_interactions,0.175,-3.581804610258352e-05,-0.00016987684182142391,False,False
300,21,clustered_null,False,polynomial_ridge,0.04,-0.0008947453997959903,-0.002504889905425081,False,False
300,21,clustered_null,False,polynomial_ridge_interactions,0.01,-9.861175884925619e-05,-0.0014558943940158056,False,False
300,21,genuine_increment,True,polynomial_ridge,0.005,0.046677899886767134,0.036976424400148686,True,True
300,21,genuine_increment,True,polynomial_ridge_interactions,0.005,0.045396506100760035,0.03699787108872706,True,True
300,22,null_metric,False,polynomial_ridge,0.175,0.00012726735314080861,-0.0011026091885542632,False,False
300,22,null_metric,False,polynomial_ridge_interactions,0.215,0.00011528386215541378,-0.0005686895913569326,False,False
300,22,nonlinear_proxy,False,polynomial_ridge,0.905,-5.1131495041800354e-05,-0.0003071393744941874,False,False
300,22,nonlinear_proxy,False,polynomial_ridge_interactions,0.775,5.902718404391695e-05,-5.2838034094152216e-05,False,False
300,22,heteroskedastic_null,False,polynomial_ridge,0.405,-0.0001649250225893668,-0.0004216838344043403,False,False
300,22,heteroskedastic_null,False,polynomial_ridge_interactions,0.3,2.8018620063475705e-06,-0.0001875772223318803,False,False
300,22,clustered_null,False,polynomial_ridge,0.28,-0.0006403065217777219,-0.0032445676661677805,False,False
300,22,clustered_null,False,polynomial_ridge_interactions,0.18,0.001777051405413014,-0.0018952564950648002,False,False
300,22,genuine_increment,True,polynomial_ridge,0.005,0.039147667872615394,0.03366463238893539,True,True
300,22,genuine_increment,True,polynomial_ridge_interactions,0.005,0.03946766029092985,0.03176259871801873,True,True
300,23,null_metric,False,polynomial_ridge,0.92,-0.0007897198929858636,-0.0009321560563263466,False,False
300,23,null_metric,False,polynomial_ridge_interactions,0.98,-0.00011138576555143331,-0.0005058563356736094,False,False
300,23,nonlinear_proxy,False,polynomial_ridge,0.03,-0.00016583397698275316,-0.00026568906482901135,False,False
300,23,nonlinear_proxy,False,polynomial_ridge_interactions,0.03,2.0840741634520557e-05,-0.00014344525112641038,False,False
300,23,heteroskedastic_null,False,polynomial_ridge,0.5,-0.0002344694618573312,-0.0004902723808729764,False,False
300,23,heteroskedastic_null,False,polynomial_ridge_interactions,0.585,-6.467683622296896e-05,-0.0001796464022085359,False,False
300,23,clustered_null,False,polynomial_ridge,0.2,-0.0026775529911477122,-0.006292643259773899,False,False
300,23,clustered_null,False,polynomial_ridge_interactions,0.255,-0.0046796028938664615,-0.004014875125467443,False,False
300,23,genuine_increment,True,polynomial_ridge,0.005,0.04302793158347629,0.03709052898221202,True,True
300,23,genuine_increment,True,polynomial_ridge_interactions,0.005,0.04165935082737793,0.03568583084875421,True,True
300,24,null_metric,False,polynomial_ridge,0.92,-0.00032118265248471875,-0.0012390269226760571,False,False
300,24,null_metric,False,polynomial_ridge_interactions,0.79,0.0002960478403901748,-0.0003129383750795873,False,False
300,24,nonlinear_proxy,False,polynomial_ridge,0.16,6.76812778838444e-05,-0.00020331714806658458,False,False
300,24,nonlinear_proxy,False,polynomial_ridge_interactions,0.775,5.391502486480626e-05,-0.00010536075354119854,False,False
300,24,heteroskedastic_null,False,polynomial_ridge,0.295,-0.00021739457988389187,-0.0006078105616490645,False,False
300,24,heteroskedastic_null,False,polynomial_ridge_interactions,0.31,-0.00015598569934270265,-0.0003382276642225358,False,False
300,24,clustered_null,False,polynomial_ridge,0.515,-0.005156720865241306,-0.0067061012790663194,False,False
300,24,clustered_null,False,polynomial_ridge_interactions,0.685,-0.0034525503954380143,-0.0039824295439325344,False,False
300,24,genuine_increment,True,polynomial_ridge,0.005,0.036776757088555656,0.028436335009440327,True,True
300,24,genuine_increment,True,polynomial_ridge_interactions,0.005,0.03585161795844937,0.027922596033104704,True,True
