sample_size,repetition,scenario,expected_increment,nuisance_model,residual_p,delta_mse,refit_delta_mse_ci_low,joint_supported,predictive_supported
100,0,null_metric,False,polynomial_ridge,0.915,-0.0020414011619314942,-0.0049125875132877556,False,False
100,0,null_metric,False,polynomial_ridge_interactions,0.965,0.00019170706670240678,-0.0022404311158401987,False,False
100,0,nonlinear_proxy,False,polynomial_ridge,0.84,-0.0008466513375480697,-0.0017917778457880555,False,False
100,0,nonlinear_proxy,False,polynomial_ridge_interactions,0.8,-7.383870244744191e-05,-0.001714110298549406,False,False
100,0,heteroskedastic_null,False,polynomial_ridge,0.14,-0.00039888046247550137,-0.005215489688016698,False,False
100,0,heteroskedastic_null,False,polynomial_ridge_interactions,0.2,-0.0031305958949025773,-0.0046195188200793096,False,False
100,0,clustered_null,False,polynomial_ridge,0.365,-0.0011757435468756142,-0.04945628969915957,False,False
100,0,clustered_null,False,polynomial_ridge_interactions,0.1,-0.006016618319385856,-0.056257434124772555,False,False
100,0,genuine_increment,True,polynomial_ridge,0.005,0.04385785942580633,0.027376401817777507,True,True
100,0,genuine_increment,True,polynomial_ridge_interactions,0.005,0.04309458828512594,0.02740812061116951,True,True
100,1,null_metric,False,polynomial_ridge,0.7,-0.003960016795197644,-0.005756398614605196,False,False
100,1,null_metric,False,polynomial_ridge_interactions,0.985,-0.0005292636158725841,-0.0026271925083725745,False,False
100,1,nonlinear_proxy,False,polynomial_ridge,0.235,-0.0015108170054136429,-0.0035025076201062135,False,False
100,1,nonlinear_proxy,False,polynomial_ridge_interactions,0.205,-0.00010208280662001717,-0.0010898696614741802,False,False
100,1,heteroskedastic_null,False,polynomial_ridge,0.84,-0.0020919425908579765,-0.0026486710980657855,False,False
100,1,heteroskedastic_null,False,polynomial_ridge_interactions,0.69,-0.00018595775911521215,-0.001111792400359182,False,False
100,1,clustered_null,False,polynomial_ridge,0.915,-0.0036250929423534365,-0.04087086972836097,False,False
100,1,clustered_null,False,polynomial_ridge_interactions,0.48,-0.007532594001451022,-0.031668090200954534,False,False
100,1,genuine_increment,True,polynomial_ridge,0.005,0.04268146769965527,0.02746624480456762,True,True
100,1,genuine_increment,True,polynomial_ridge_interactions,0.005,0.047425395334578534,0.02886670938766553,True,True
100,2,null_metric,False,polynomial_ridge,0.33,-0.0022835586079392525,-0.0050268161615765125,False,False
100,2,null_metric,False,polynomial_ridge_interactions,0.285,-0.0011332667569457326,-0.0028376435922952033,False,False
100,2,nonlinear_proxy,False,polynomial_ridge,0.24,0.001879792027850543,-0.002378593900867067,False,False
100,2,nonlinear_proxy,False,polynomial_ridge_interactions,0.585,0.0007791220291197311,-0.0015793792075706299,False,False
100,2,heteroskedastic_null,False,polynomial_ridge,0.98,-0.00038801634935878813,-0.0018982985151428063,False,False
100,2,heteroskedastic_null,False,polynomial_ridge_interactions,0.965,-0.0008017563797705126,-0.0010920899478859423,False,False
100,2,clustered_null,False,polynomial_ridge,0.675,-0.031148567094656444,-0.15354302210458146,False,False
100,2,clustered_null,False,polynomial_ridge_interactions,0.9,-0.00019279102374519103,-0.08225335882378086,False,False
100,2,genuine_increment,True,polynomial_ridge,0.005,0.045075242744724076,0.026355170883159106,True,True
100,2,genuine_increment,True,polynomial_ridge_interactions,0.005,0.048610422846998985,0.02867109484871058,True,True
100,3,null_metric,False,polynomial_ridge,0.355,-0.0036509543347041026,-0.005787553121497567,False,False
100,3,null_metric,False,polynomial_ridge_interactions,0.44,4.7865962516911026e-05,-0.0014604326919308741,False,False
100,3,nonlinear_proxy,False,polynomial_ridge,0.495,-3.069656322765655e-05,-0.0010180995585387712,False,False
100,3,nonlinear_proxy,False,polynomial_ridge_interactions,0.44,1.0126808410175665e-05,-0.0006149402166211285,False,False
100,3,heteroskedastic_null,False,polynomial_ridge,0.155,-0.0008407255093631407,-0.001860166118889494,False,False
100,3,heteroskedastic_null,False,polynomial_ridge_interactions,0.09,0.00010638320555730364,-0.0010619586802875162,False,False
100,3,clustered_null,False,polynomial_ridge,0.33,-0.0062925261646053846,-0.0516768727984243,False,False
100,3,clustered_null,False,polynomial_ridge_interactions,0.5,-0.010579702937160006,-0.09486401486624205,False,False
100,3,genuine_increment,True,polynomial_ridge,0.005,0.060544935976459074,0.03442307560703222,True,True
100,3,genuine_increment,True,polynomial_ridge_interactions,0.005,0.054411443805241086,0.03179969549420856,True,True
100,4,null_metric,False,polynomial_ridge,0.365,-0.0035803924959173193,-0.006999397042026533,False,False
100,4,null_metric,False,polynomial_ridge_interactions,0.395,-0.0022015351951655895,-0.0024577744838358423,False,False
100,4,nonlinear_proxy,False,polynomial_ridge,0.6,-5.054995079736835e-05,-0.0008105261903148624,False,False
100,4,nonlinear_proxy,False,polynomial_ridge_interactions,0.555,-0.0003160935171732252,-0.0002804104978186431,False,False
100,4,heteroskedastic_null,False,polynomial_ridge,0.57,-0.00026469483391489135,-0.001630572058212295,False,False
100,4,heteroskedastic_null,False,polynomial_ridge_interactions,0.345,0.0001589663127461059,-0.0004692138906437261,False,False
100,4,clustered_null,False,polynomial_ridge,0.335,-0.01504472638416704,-0.08293487904520501,False,False
100,4,clustered_null,False,polynomial_ridge_interactions,0.545,0.020284127626059648,-0.03776558826681993,False,False
100,4,genuine_increment,True,polynomial_ridge,0.005,0.03104258180306059,0.022860560278744575,True,True
100,4,genuine_increment,True,polynomial_ridge_interactions,0.005,0.034609550084892526,0.020816379535100737,True,True
100,5,null_metric,False,polynomial_ridge,0.185,-0.0031335919437045466,-0.004200393695490258,False,False
100,5,null_metric,False,polynomial_ridge_interactions,0.19,0.0004163422573268405,-0.002035089865640934,False,False
100,5,nonlinear_proxy,False,polynomial_ridge,0.05,-0.0006105675093446925,-0.0012971254533764656,False,False
100,5,nonlinear_proxy,False,polynomial_ridge_interactions,0.04,-0.0004025989761546403,-0.0010118313125227316,False,False
100,5,heteroskedastic_null,False,polynomial_ridge,0.815,-0.0013999094422515838,-0.002558973118242591,False,False
100,5,heteroskedastic_null,False,polynomial_ridge_interactions,0.5,-0.001192001248038579,-0.0016106888057313721,False,False
100,5,clustered_null,False,polynomial_ridge,0.965,-0.004881462152847873,-0.03875919117738594,False,False
100,5,clustered_null,False,polynomial_ridge_interactions,0.15,0.002182686437238745,-0.0752898238289208,False,False
100,5,genuine_increment,True,polynomial_ridge,0.005,0.0423730476377223,0.02541067045195586,True,True
100,5,genuine_increment,True,polynomial_ridge_interactions,0.005,0.04001782668936767,0.02385213938292435,True,True
100,6,null_metric,False,polynomial_ridge,0.295,-0.001249602046722316,-0.004976102947385212,False,False
100,6,null_metric,False,polynomial_ridge_interactions,0.285,-1.3063839467947203e-05,-0.003148883087031414,False,False
100,6,nonlinear_proxy,False,polynomial_ridge,0.975,-0.00027915581982311793,-0.0008057784771515357,False,False
100,6,nonlinear_proxy,False,polynomial_ridge_interactions,0.915,-7.058049416168097e-05,-0.0007189959004914736,False,False
100,6,heteroskedastic_null,False,polynomial_ridge,0.49,-0.0011011868832121524,-0.0018584969425380965,False,False
100,6,heteroskedastic_null,False,polynomial_ridge_interactions,0.275,-9.557336914848506e-05,-0.0007787164483947544,False,False
100,6,clustered_null,False,polynomial_ridge,0.44,-0.011271863159564847,-0.028459674002769466,False,False
100,6,clustered_null,False,polynomial_ridge_interactions,0.505,-0.007303838253551655,-0.04579038817295589,False,False
100,6,genuine_increment,True,polynomial_ridge,0.005,0.04025671763329026,0.023605469975775048,True,True
100,6,genuine_increment,True,polynomial_ridge_interactions,0.005,0.04222248538056049,0.025928914296363518,True,True
100,7,null_metric,False,polynomial_ridge,0.335,-0.0003964307948432673,-0.001780972856685518,False,False
100,7,null_metric,False,polynomial_ridge_interactions,0.445,-0.00021137875773416526,-0.0017230610314429337,False,False
100,7,nonlinear_proxy,False,polynomial_ridge,0.525,-0.0006995564769744379,-0.00364464502479259,False,False
100,7,nonlinear_proxy,False,polynomial_ridge_interactions,0.295,-0.0007410662570643649,-0.001130309639989843,False,False
100,7,heteroskedastic_null,False,polynomial_ridge,0.575,-0.0010515376329893796,-0.0027409813427078265,False,False
100,7,heteroskedastic_null,False,polynomial_ridge_interactions,0.345,-0.00026847644781900597,-0.0015058578921516104,False,False
100,7,clustered_null,False,polynomial_ridge,0.625,-0.006064658081322637,-0.07038190767116911,False,False
100,7,clustered_null,False,polynomial_ridge_interactions,0.465,-0.011743939288851125,-0.07014426047458552,False,False
100,7,genuine_increment,True,polynomial_ridge,0.005,0.04153549543051724,0.02065962074828033,True,True
100,7,genuine_increment,True,polynomial_ridge_interactions,0.005,0.035656951870273915,0.0226371091550074,True,True
100,8,null_metric,False,polynomial_ridge,0.65,-0.0013287054509629817,-0.003267022411983679,False,False
100,8,null_metric,False,polynomial_ridge_interactions,0.915,-0.0006085478245299765,-0.0014187755679787376,False,False
100,8,nonlinear_proxy,False,polynomial_ridge,0.54,0.00030700778878510037,-0.0008279957863544997,False,False
100,8,nonlinear_proxy,False,polynomial_ridge_interactions,0.755,1.435450667279601e-05,-0.00012561056210180974,False,False
100,8,heteroskedastic_null,False,polynomial_ridge,0.285,0.0005095213226916015,-0.0013443477407942186,False,False
100,8,heteroskedastic_null,False,polynomial_ridge_interactions,0.715,-0.000545495728719491,-0.0013109781415079113,False,False
100,8,clustered_null,False,polynomial_ridge,0.825,-0.012272487106797639,-0.07560358886068612,False,False
100,8,clustered_null,False,polynomial_ridge_interactions,0.71,-0.012811428374013556,-0.05418839365606799,False,False
100,8,genuine_increment,True,polynomial_ridge,0.005,0.053422262846101305,0.03638428285403426,True,True
100,8,genuine_increment,True,polynomial_ridge_interactions,0.005,0.04509657993336122,0.03173954045876553,True,True
100,9,null_metric,False,polynomial_ridge,0.73,-0.001433584284921987,-0.005364383153004452,False,False
100,9,null_metric,False,polynomial_ridge_interactions,0.86,-0.00029708657182797235,-0.0012926982574970375,False,False
100,9,nonlinear_proxy,False,polynomial_ridge,0.505,0.00017499433764347518,-0.0017599896648752085,False,False
100,9,nonlinear_proxy,False,polynomial_ridge_interactions,0.88,0.00023440611679634467,-0.0005332957757028266,False,False
100,9,heteroskedastic_null,False,polynomial_ridge,0.61,4.442355744564957e-05,-0.001223421436263504,False,False
100,9,heteroskedastic_null,False,polynomial_ridge_interactions,0.795,-0.0003838007137249525,-0.001193620484607482,False,False
100,9,clustered_null,False,polynomial_ridge,0.36,-0.022079023030407173,-0.07146533031445529,False,False
100,9,clustered_null,False,polynomial_ridge_interactions,0.675,-0.033794379908085564,-0.09277655652432068,False,False
100,9,genuine_increment,True,polynomial_ridge,0.005,0.046125235367277063,0.03222327516589191,True,True
100,9,genuine_increment,True,polynomial_ridge_interactions,0.005,0.0485871715996449,0.03085876784192429,True,True
100,10,null_metric,False,polynomial_ridge,0.54,-0.003093816200045719,-0.0048487538719430125,False,False
100,10,null_metric,False,polynomial_ridge_interactions,0.69,-0.0009972939914099054,-0.0022355916160473,False,False
100,10,nonlinear_proxy,False,polynomial_ridge,0.72,0.0005945813148922887,-0.00022675432585127645,False,False
100,10,nonlinear_proxy,False,polynomial_ridge_interactions,0.85,0.0002948897893700021,-0.0005376038455281202,False,False
100,10,heteroskedastic_null,False,polynomial_ridge,0.83,-0.0011575231833883372,-0.0017800229622559934,False,False
100,10,heteroskedastic_null,False,polynomial_ridge_interactions,0.895,-0.00030855091600866854,-0.0007835576637673541,False,False
100,10,clustered_null,False,polynomial_ridge,0.565,-0.004920682735202707,-0.0504676274697671,False,False
100,10,clustered_null,False,polynomial_ridge_interactions,0.095,-0.0021073377756763573,-0.06499164519237252,False,False
100,10,genuine_increment,True,polynomial_ridge,0.005,0.04604227489391717,0.03113526510188655,True,True
100,10,genuine_increment,True,polynomial_ridge_interactions,0.005,0.04695511772221831,0.030873228590642184,True,True
100,11,null_metric,False,polynomial_ridge,0.44,-0.003421492213166722,-0.003780220452012953,False,False
100,11,null_metric,False,polynomial_ridge_interactions,0.44,-0.001028535467546856,-0.002657393578431795,False,False
100,11,nonlinear_proxy,False,polynomial_ridge,0.41,-0.00035582151623981227,-0.0006200978251250375,False,False
100,11,nonlinear_proxy,False,polynomial_ridge_interactions,0.015,0.00012179458946921361,-0.0006630148298531157,False,False
100,11,heteroskedastic_null,False,polynomial_ridge,0.275,-1.9993718030839047e-05,-0.0010984880408750806,False,False
100,11,heteroskedastic_null,False,polynomial_ridge_interactions,0.28,-0.00034484994163340096,-0.0007174598378904985,False,False
100,11,clustered_null,False,polynomial_ridge,0.135,0.003851917644219424,-0.1091883434045746,False,False
100,11,clustered_null,False,polynomial_ridge_interactions,0.855,-0.015427935670989393,-0.17905627346777384,False,False
100,11,genuine_increment,True,polynomial_ridge,0.005,0.04077366741523315,0.023829406534120263,True,True
100,11,genuine_increment,True,polynomial_ridge_interactions,0.005,0.03878994557491991,0.023053836917469515,True,True
100,12,null_metric,False,polynomial_ridge,0.59,-0.002069138527743094,-0.005177956700535049,False,False
100,12,null_metric,False,polynomial_ridge_interactions,0.94,-0.0009321354911197219,-0.0025694599983238364,False,False
100,12,nonlinear_proxy,False,polynomial_ridge,0.67,-0.000879738891175731,-0.0012085726612340465,False,False
100,12,nonlinear_proxy,False,polynomial_ridge_interactions,1.0,-0.0006760573178826159,-0.0008449392611484655,False,False
100,12,heteroskedastic_null,False,polynomial_ridge,0.42,-0.0012967152836858477,-0.0026814006375680973,False,False
100,12,heteroskedastic_null,False,polynomial_ridge_interactions,0.515,-0.0009835951483882516,-0.002013841562048229,False,False
100,12,clustered_null,False,polynomial_ridge,0.87,-0.009956642876065742,-0.08758401406542,False,False
100,12,clustered_null,False,polynomial_ridge_interactions,0.745,-0.0028790969296195873,-0.047055799199454386,False,False
100,12,genuine_increment,True,polynomial_ridge,0.005,0.05660499923677961,0.03376055570488139,True,True
100,12,genuine_increment,True,polynomial_ridge_interactions,0.005,0.05115059259589012,0.03380822320257291,True,True
100,13,null_metric,False,polynomial_ridge,0.89,-0.0018100086543120092,-0.00388503762217912,False,False
100,13,null_metric,False,polynomial_ridge_interactions,0.88,-0.0002815105424558151,-0.002000834081948147,False,False
100,13,nonlinear_proxy,False,polynomial_ridge,0.11,-0.0005614458588657726,-0.0013147927261310962,False,False
100,13,nonlinear_proxy,False,polynomial_ridge_interactions,0.305,3.4049901143460605e-05,-0.0005189439223752921,False,False
100,13,heteroskedastic_null,False,polynomial_ridge,0.175,-0.0007386712196922156,-0.002070031085598137,False,False
100,13,heteroskedastic_null,False,polynomial_ridge_interactions,0.195,0.00043868452193917586,-0.0005010492628708469,False,False
100,13,clustered_null,False,polynomial_ridge,0.48,-0.009705221716299804,-0.032238388545359785,False,False
100,13,clustered_null,False,polynomial_ridge_interactions,0.07,0.004323502219632024,-0.04479676531467086,False,False
100,13,genuine_increment,True,polynomial_ridge,0.005,0.04741516936071105,0.027181585298890948,True,True
100,13,genuine_increment,True,polynomial_ridge_interactions,0.005,0.04311537158236135,0.027684497906369895,True,True
100,14,null_metric,False,polynomial_ridge,0.14,0.0002720962998919198,-0.0047516235488567725,False,False
100,14,null_metric,False,polynomial_ridge_interactions,0.26,-0.0007290843726345773,-0.0025906593171728938,False,False
100,14,nonlinear_proxy,False,polynomial_ridge,0.27,0.0008921696962941473,-0.0004766821368810022,False,False
100,14,nonlinear_proxy,False,polynomial_ridge_interactions,0.53,-0.0006501502230252653,-0.0009557482657375654,False,False
100,14,heteroskedastic_null,False,polynomial_ridge,0.89,-0.00011036107361538094,-0.0012801323733837538,False,False
100,14,heteroskedastic_null,False,polynomial_ridge_interactions,0.94,-7.67408735464388e-05,-0.0007596936650955065,False,False
100,14,clustered_null,False,polynomial_ridge,0.55,-0.018060139260302324,-0.0800735629222527,False,False
100,14,clustered_null,False,polynomial_ridge_interactions,0.38,-0.0011782163492877196,-0.09825537274995681,False,False
100,14,genuine_increment,True,polynomial_ridge,0.005,0.04550432992193907,0.03366137390146768,True,True
100,14,genuine_increment,True,polynomial_ridge_interactions,0.01,0.04585366442513186,0.030050205502190012,True,True
100,15,null_metric,False,polynomial_ridge,0.18,-0.0008123869848144886,-0.003709532398944788,False,False
100,15,null_metric,False,polynomial_ridge_interactions,0.255,0.0018229241190713154,-0.0006343499290088712,False,False
100,15,nonlinear_proxy,False,polynomial_ridge,0.205,-0.0002969103165801328,-0.001329340078422471,False,False
100,15,nonlinear_proxy,False,polynomial_ridge_interactions,0.435,-0.00015335023420426364,-0.00105934747560967,False,False
100,15,heteroskedastic_null,False,polynomial_ridge,0.105,-0.0012490676381014098,-0.002336565713360943,False,False
100,15,heteroskedastic_null,False,polynomial_ridge_interactions,0.05,0.0001606841706125791,-0.0007923352821155767,False,False
100,15,clustered_null,False,polynomial_ridge,0.8,-0.003405123625583123,-0.07651997827894282,False,False
100,15,clustered_null,False,polynomial_ridge_interactions,0.35,0.0039420387774932696,-0.039305646545008524,False,False
100,15,genuine_increment,True,polynomial_ridge,0.01,0.029504129513408243,0.01579488057212213,True,True
100,15,genuine_increment,True,polynomial_ridge_interactions,0.005,0.03447068299449467,0.01761241663362109,True,True
100,16,null_metric,False,polynomial_ridge,0.785,-0.0024853925828318274,-0.004091834812785978,False,False
100,16,null_metric,False,polynomial_ridge_interactions,0.95,-0.0015706195835475945,-0.0023630694106292482,False,False
100,16,nonlinear_proxy,False,polynomial_ridge,0.54,-1.4129106968088778e-05,-0.00161564642796008,False,False
100,16,nonlinear_proxy,False,polynomial_ridge_interactions,0.56,0.0006847165553835457,-0.0005146996506401961,False,False
100,16,heteroskedastic_null,False,polynomial_ridge,0.1,0.0008123821907762476,-0.0010134977513039287,False,False
100,16,heteroskedastic_null,False,polynomial_ridge_interactions,0.15,-0.0001323451442725599,-0.0009356992549765763,False,False
100,16,clustered_null,False,polynomial_ridge,0.86,-0.0006331217453719833,-0.06478670653177239,False,False
100,16,clustered_null,False,polynomial_ridge_interactions,0.105,-0.007168895966591805,-0.09087171903112451,False,False
100,16,genuine_increment,True,polynomial_ridge,0.005,0.03433332769396055,0.023618966984797058,True,True
100,16,genuine_increment,True,polynomial_ridge_interactions,0.005,0.035860019299181284,0.02152797262548983,True,True
100,17,null_metric,False,polynomial_ridge,0.02,-0.0014345513005326119,-0.0038708099124939244,False,False
100,17,null_metric,False,polynomial_ridge_interactions,0.01,-0.0006022784072774977,-0.00153075074539695,False,False
100,17,nonlinear_proxy,False,polynomial_ridge,0.645,0.0010894831912217837,-0.0007981089155883362,False,False
100,17,nonlinear_proxy,False,polynomial_ridge_interactions,0.475,0.0009394639417195502,8.133275516761167e-05,False,True
100,17,heteroskedastic_null,False,polynomial_ridge,0.33,-0.0011357680245841165,-0.0016421747410402452,False,False
100,17,heteroskedastic_null,False,polynomial_ridge_interactions,0.245,0.00012295636808102792,-0.0011685683921336487,False,False
100,17,clustered_null,False,polynomial_ridge,0.44,-0.0025535227818131116,-0.06493722998253237,False,False
100,17,clustered_null,False,polynomial_ridge_interactions,0.935,0.0002776247408767321,-0.01612579223791466,False,False
100,17,genuine_increment,True,polynomial_ridge,0.005,0.03864301141491144,0.0209637984049984,True,True
100,17,genuine_increment,True,polynomial_ridge_interactions,0.005,0.03703579133446982,0.021750655634367448,True,True
100,18,null_metric,False,polynomial_ridge,0.805,-0.0003614521097241672,-0.0021779216924670253,False,False
100,18,null_metric,False,polynomial_ridge_interactions,0.535,-0.0012197074055593053,-0.0018103031571872269,False,False
100,18,nonlinear_proxy,False,polynomial_ridge,0.545,-0.0006595413947742997,-0.0010263456346180342,False,False
100,18,nonlinear_proxy,False,polynomial_ridge_interactions,0.63,-0.0005959538634962977,-0.0008726726532527527,False,False
100,18,heteroskedastic_null,False,polynomial_ridge,0.035,-0.0015772975654510853,-0.0028477397376645576,False,False
100,18,heteroskedastic_null,False,polynomial_ridge_interactions,0.05,-0.0003683286222043846,-0.0013365244979187782,False,False
100,18,clustered_null,False,polynomial_ridge,0.525,-0.013869484683401948,-0.04575434703641295,False,False
100,18,clustered_null,False,polynomial_ridge_interactions,0.82,-0.0033584903577934255,-0.03410935481986929,False,False
100,18,genuine_increment,True,polynomial_ridge,0.005,0.0425102375798139,0.029021875503100873,True,True
100,18,genuine_increment,True,polynomial_ridge_interactions,0.005,0.04114827112232009,0.02872198618425731,True,True
100,19,null_metric,False,polynomial_ridge,0.135,0.00021261254905887567,-0.004045760292217314,False,False
100,19,null_metric,False,polynomial_ridge_interactions,0.27,-0.0006123098852969036,-0.0018488399117075824,False,False
100,19,nonlinear_proxy,False,polynomial_ridge,0.19,7.994888033354807e-05,-0.001103777068023195,False,False
100,19,nonlinear_proxy,False,polynomial_ridge_interactions,0.635,-6.224994246890186e-05,-0.0004069239097627119,False,False
100,19,heteroskedastic_null,False,polynomial_ridge,0.96,-0.0005312330157309208,-0.0022216846612026853,False,False
100,19,heteroskedastic_null,False,polynomial_ridge_interactions,0.83,-0.0002747462852737692,-0.0010319287406505271,False,False
100,19,clustered_null,False,polynomial_ridge,0.945,-0.026044420086793696,-0.1978288475045646,False,False
100,19,clustered_null,False,polynomial_ridge_interactions,0.32,-0.017476479016926026,-0.09270052682492023,False,False
100,19,genuine_increment,True,polynomial_ridge,0.005,0.03923576902119033,0.027175446916637227,True,True
100,19,genuine_increment,True,polynomial_ridge_interactions,0.005,0.03929488512758786,0.027215431609536312,True,True
100,20,null_metric,False,polynomial_ridge,0.505,-0.001327674659778115,-0.003767998410504541,False,False
100,20,null_metric,False,polynomial_ridge_interactions,0.95,-0.0006487736347711957,-0.001230174240416624,False,False
100,20,nonlinear_proxy,False,polynomial_ridge,0.495,-0.000688051789342229,-0.0028487821768951958,False,False
100,20,nonlinear_proxy,False,polynomial_ridge_interactions,0.775,0.00034338144153012694,-0.0008424272001787742,False,False
100,20,heteroskedastic_null,False,polynomial_ridge,0.845,-0.0012943200222467754,-0.002837563389126614,False,False
100,20,heteroskedastic_null,False,polynomial_ridge_interactions,0.92,-0.0006523195451158589,-0.0017348910716516756,False,False
100,20,clustered_null,False,polynomial_ridge,0.01,-0.0035398464172180545,-0.051644061663976705,False,False
100,20,clustered_null,False,polynomial_ridge_interactions,0.005,0.003000719505739439,-0.028682735124789305,False,False
100,20,genuine_increment,True,polynomial_ridge,0.005,0.03956776193899028,0.02175701921177583,True,True
100,20,genuine_increment,True,polynomial_ridge_interactions,0.005,0.03507870590477774,0.02280640988646366,True,True
100,21,null_metric,False,polynomial_ridge,0.555,-0.0034452382794301246,-0.005852688134223093,False,False
100,21,null_metric,False,polynomial_ridge_interactions,0.58,-0.0013197450084606217,-0.002261980204006804,False,False
100,21,nonlinear_proxy,False,polynomial_ridge,0.73,-0.0009374712989116026,-0.00153046417317323,False,False
100,21,nonlinear_proxy,False,polynomial_ridge_interactions,0.64,-3.890114940062819e-05,-0.0005755250427317511,False,False
100,21,heteroskedastic_null,False,polynomial_ridge,0.63,-0.0011882524757883678,-0.0024713016771580193,False,False
100,21,heteroskedastic_null,False,polynomial_ridge_interactions,0.915,-0.00047217052032721106,-0.0011036520288988986,False,False
100,21,clustered_null,False,polynomial_ridge,0.185,-0.03213252140913007,-0.07451830108250966,False,False
100,21,clustered_null,False,polynomial_ridge_interactions,0.02,0.00043863245211555463,-0.0841108056469035,False,False
100,21,genuine_increment,True,polynomial_ridge,0.005,0.042184487672750466,0.02727590833757985,True,True
100,21,genuine_increment,True,polynomial_ridge_interactions,0.005,0.04345579603356148,0.02683568261880297,True,True
100,22,null_metric,False,polynomial_ridge,0.525,-0.0018857332941061046,-0.0034325088606565286,False,False
100,22,null_metric,False,polynomial_ridge_interactions,0.875,2.2884745921880612e-07,-0.001685763108424517,False,False
100,22,nonlinear_proxy,False,polynomial_ridge,0.605,0.00014531149461145983,-0.0021490306783636852,False,False
100,22,nonlinear_proxy,False,polynomial_ridge_interactions,0.45,-0.0007187642055377988,-0.0010885895631458518,False,False
100,22,heteroskedastic_null,False,polynomial_ridge,0.545,0.0008766462881698162,-0.0007155770569593743,False,False
100,22,heteroskedastic_null,False,polynomial_ridge_interactions,0.45,-9.461994532258475e-05,-0.0008585146073625932,False,False
100,22,clustered_null,False,polynomial_ridge,0.785,-0.011706261002504659,-0.07962727494584405,False,False
100,22,clustered_null,False,polynomial_ridge_interactions,0.195,-0.011107576688157293,-0.036339079103447317,False,False
100,22,genuine_increment,True,polynomial_ridge,0.005,0.04374889414331106,0.03718210390687966,True,True
100,22,genuine_increment,True,polynomial_ridge_interactions,0.005,0.04619291000839812,0.03700219632299966,True,True
100,23,null_metric,False,polynomial_ridge,0.585,-0.004062316262051422,-0.006388787129019174,False,False
100,23,null_metric,False,polynomial_ridge_interactions,0.875,-0.0009989121370933274,-0.0019191750331935833,False,False
100,23,nonlinear_proxy,False,polynomial_ridge,0.345,-0.0008572436088390032,-0.001133566947161205,False,False
100,23,nonlinear_proxy,False,polynomial_ridge_interactions,0.185,-0.00021956938569557202,-0.0015029712739604623,False,False
100,23,heteroskedastic_null,False,polynomial_ridge,0.8,-0.0018164407796079085,-0.0023935841335051477,False,False
100,23,heteroskedastic_null,False,polynomial_ridge_interactions,0.57,-0.00042022654978871726,-0.0013890015415115953,False,False
100,23,clustered_null,False,polynomial_ridge,0.11,-0.013484607219121179,-0.046252795615802526,False,False
100,23,clustered_null,False,polynomial_ridge_interactions,0.135,-0.006452548963229349,-0.019322780494388455,False,False
100,23,genuine_increment,True,polynomial_ridge,0.005,0.047057356920566604,0.03196633441678134,True,True
100,23,genuine_increment,True,polynomial_ridge_interactions,0.005,0.04915640386498142,0.03131197003855601,True,True
100,24,null_metric,False,polynomial_ridge,0.455,0.0032797794277025782,-0.0011619456733667683,False,False
100,24,null_metric,False,polynomial_ridge_interactions,0.925,-0.0002449495268469215,-0.002343187644987041,False,False
100,24,nonlinear_proxy,False,polynomial_ridge,0.035,-0.00034301338309709883,-0.0013187452930706874,False,False
100,24,nonlinear_proxy,False,polynomial_ridge_interactions,0.02,0.0003299960163517159,-0.0003231012515532033,False,False
100,24,heteroskedastic_null,False,polynomial_ridge,0.925,-0.0006190339234873193,-0.00195021590375097,False,False
100,24,heteroskedastic_null,False,polynomial_ridge_interactions,0.555,7.613474764213944e-05,-0.002225707232339294,False,False
100,24,clustered_null,False,polynomial_ridge,0.57,-0.01579155135430215,-0.1663658875375712,False,False
100,24,clustered_null,False,polynomial_ridge_interactions,0.155,-0.005862927170367065,-0.08080768529797713,False,False
100,24,genuine_increment,True,polynomial_ridge,0.005,0.04331453237753242,0.027967418968937622,True,True
100,24,genuine_increment,True,polynomial_ridge_interactions,0.005,0.0430247040015362,0.024748802920305967,True,True
150,0,null_metric,False,polynomial_ridge,0.46,-0.0029911464425620427,-0.004065506150127725,False,False
150,0,null_metric,False,polynomial_ridge_interactions,0.53,-0.0003372886946188154,-0.001372429272543618,False,False
150,0,nonlinear_proxy,False,polynomial_ridge,0.02,-0.00016162886660274142,-0.00029719535119228856,False,False
150,0,nonlinear_proxy,False,polynomial_ridge_interactions,0.085,-1.2676148276366539e-05,-0.00030220835730207474,False,False
150,0,heteroskedastic_null,False,polynomial_ridge,0.66,-0.0008125002623662683,-0.0018442508974241276,False,False
150,0,heteroskedastic_null,False,polynomial_ridge_interactions,0.88,0.00010884871020089976,-0.0005206470693108794,False,False
150,0,clustered_null,False,polynomial_ridge,0.69,-0.006737345996795922,-0.029864493536588474,False,False
150,0,clustered_null,False,polynomial_ridge_interactions,0.655,-0.0025113416488728585,-0.013655134072698734,False,False
150,0,genuine_increment,True,polynomial_ridge,0.005,0.03361000699331172,0.023511165212865524,True,True
150,0,genuine_increment,True,polynomial_ridge_interactions,0.005,0.036874812526779904,0.02508693966203759,True,True
150,1,null_metric,False,polynomial_ridge,0.53,-0.0024556430201371215,-0.002858082230431923,False,False
150,1,null_metric,False,polynomial_ridge_interactions,0.655,-0.0005408131514107427,-0.0009921833721215486,False,False
150,1,nonlinear_proxy,False,polynomial_ridge,0.745,-0.0001966587193105128,-0.0007500661982109315,False,False
150,1,nonlinear_proxy,False,polynomial_ridge_interactions,0.88,-3.717914558048693e-05,-0.0005160255661029292,False,False
150,1,heteroskedastic_null,False,polynomial_ridge,0.94,-0.00028782857339053683,-0.0009400085966866588,False,False
150,1,heteroskedastic_null,False,polynomial_ridge_interactions,0.605,1.7075267380337565e-05,-0.0002657428732585749,False,False
150,1,clustered_null,False,polynomial_ridge,0.16,-0.00016192689820768852,-0.01578791101791537,False,False
150,1,clustered_null,False,polynomial_ridge_interactions,0.8,-0.0014837411233238375,-0.006512858028631737,False,False
150,1,genuine_increment,True,polynomial_ridge,0.005,0.0417113516240155,0.03276004785538228,True,True
150,1,genuine_increment,True,polynomial_ridge_interactions,0.005,0.04166096298960337,0.03209273591885285,True,True
150,2,null_metric,False,polynomial_ridge,0.045,0.0008789111807179124,-0.0015038957270260454,False,False
150,2,null_metric,False,polynomial_ridge_interactions,0.055,-0.0003197104121095695,-0.0008985471728711914,False,False
150,2,nonlinear_proxy,False,polynomial_ridge,0.575,-0.0005441229242066706,-0.0009310919019113987,False,False
150,2,nonlinear_proxy,False,polynomial_ridge_interactions,0.085,0.0004524203325095306,-0.00031566427659967064,False,False
150,2,heteroskedastic_null,False,polynomial_ridge,0.26,0.00020932847590779922,-0.0013454083009764035,False,False
150,2,heteroskedastic_null,False,polynomial_ridge_interactions,0.335,-0.0001909959117014047,-0.0006030954066568328,False,False
150,2,clustered_null,False,polynomial_ridge,0.535,-0.0003187311941260061,-0.015140553698136935,False,False
150,2,clustered_null,False,polynomial_ridge_interactions,0.93,-0.00288425472604582,-0.007298756152424428,False,False
150,2,genuine_increment,True,polynomial_ridge,0.005,0.04328533517380028,0.0337399715127768,True,True
150,2,genuine_increment,True,polynomial_ridge_interactions,0.005,0.045201735712824556,0.03275843751259698,True,True
150,3,null_metric,False,polynomial_ridge,0.605,-0.0010081641516211624,-0.002727336120857454,False,False
150,3,null_metric,False,polynomial_ridge_interactions,0.9,-0.0015247888719721985,-0.0010979890480906774,False,False
150,3,nonlinear_proxy,False,polynomial_ridge,0.62,-0.00022212582233362924,-0.0005660269068439305,False,False
150,3,nonlinear_proxy,False,polynomial_ridge_interactions,0.765,-0.00022101674099654894,-0.000331124516403513,False,False
150,3,heteroskedastic_null,False,polynomial_ridge,0.375,-0.0007901651805050178,-0.001076418989565836,False,False
150,3,heteroskedastic_null,False,polynomial_ridge_interactions,0.38,0.0001817693698140943,-0.000642070312971486,False,False
150,3,clustered_null,False,polynomial_ridge,0.525,-0.0005857127428816108,-0.013186720100034834,False,False
150,3,clustered_null,False,polynomial_ridge_interactions,0.545,6.22935702383337e-05,-0.003375840564139464,False,False
150,3,genuine_increment,True,polynomial_ridge,0.005,0.04876432567339886,0.03230747394889127,True,True
150,3,genuine_increment,True,polynomial_ridge_interactions,0.005,0.04471134262938044,0.03349766556352101,True,True
150,4,null_metric,False,polynomial_ridge,0.875,-0.0008306269583855351,-0.0029100841063034915,False,False
150,4,null_metric,False,polynomial_ridge_interactions,0.44,0.0005444489181421312,-0.0006720207357840243,False,False
150,4,nonlinear_proxy,False,polynomial_ridge,0.02,-0.00043160266208939514,-0.0008576553505807565,False,False
150,4,nonlinear_proxy,False,polynomial_ridge_interactions,0.025,0.00028063456171946183,-0.0001740305031929401,False,False
150,4,heteroskedastic_null,False,polynomial_ridge,0.535,-0.000644359179022308,-0.001099010867998651,False,False
150,4,heteroskedastic_null,False,polynomial_ridge_interactions,0.875,-0.00012738545529560052,-0.0007648364836963739,False,False
150,4,clustered_null,False,polynomial_ridge,0.16,-0.00478353254378973,-0.008194044113286959,False,False
150,4,clustered_null,False,polynomial_ridge_interactions,0.265,-0.00025815049703416595,-0.01278902016727886,False,False
150,4,genuine_increment,True,polynomial_ridge,0.005,0.04568642397389168,0.03345338579583788,True,True
150,4,genuine_increment,True,polynomial_ridge_interactions,0.005,0.045702002269735836,0.033527504160445205,True,True
150,5,null_metric,False,polynomial_ridge,0.025,-0.0015201217608328682,-0.002517238719231795,False,False
150,5,null_metric,False,polynomial_ridge_interactions,0.005,-8.311392272059015e-07,-0.0012996034844933336,False,False
150,5,nonlinear_proxy,False,polynomial_ridge,0.835,-0.0003070975426207245,-0.0007420459089005852,False,False
150,5,nonlinear_proxy,False,polynomial_ridge_interactions,0.965,-4.2716583556923204e-05,-0.00040642691165982526,False,False
150,5,heteroskedastic_null,False,polynomial_ridge,0.24,-0.0009865189723798039,-0.0013196298132009626,False,False
150,5,heteroskedastic_null,False,polynomial_ridge_interactions,0.36,-0.00017499458305899468,-0.0005335930057146903,False,False
150,5,clustered_null,False,polynomial_ridge,0.145,0.005718729941452193,-0.022843004147249976,False,False
150,5,clustered_null,False,polynomial_ridge_interactions,0.13,-0.008002417257287175,-0.02570890656842011,False,False
150,5,genuine_increment,True,polynomial_ridge,0.005,0.041820404861371514,0.03303764822207923,True,True
150,5,genuine_increment,True,polynomial_ridge_interactions,0.005,0.04174027621073793,0.03220973150634627,True,True
150,6,null_metric,False,polynomial_ridge,0.49,-0.0006094399909467758,-0.002356270384237137,False,False
150,6,null_metric,False,polynomial_ridge_interactions,0.715,-0.0002888477115298646,-0.0012891813922219525,False,False
150,6,nonlinear_proxy,False,polynomial_ridge,0.255,-0.00019401572197810454,-0.0006755216606748524,False,False
150,6,nonlinear_proxy,False,polynomial_ridge_interactions,0.84,-0.00020004965403032805,-0.00045921947558602284,False,False
150,6,heteroskedastic_null,False,polynomial_ridge,0.295,-0.001029448896155213,-0.0012927985708610168,False,False
150,6,heteroskedastic_null,False,polynomial_ridge_interactions,0.26,-0.000577354440706699,-0.0006104233920772675,False,False
150,6,clustered_null,False,polynomial_ridge,0.205,-0.0037044273245467572,-0.036540667353647686,False,False
150,6,clustered_null,False,polynomial_ridge_interactions,0.185,-0.005036306672592108,-0.014536720756491121,False,False
150,6,genuine_increment,True,polynomial_ridge,0.005,0.054490869103943795,0.040360004499625214,True,True
150,6,genuine_increment,True,polynomial_ridge_interactions,0.005,0.05270478209218109,0.0396866390013906,True,True
150,7,null_metric,False,polynomial_ridge,0.29,-0.00037063703335158196,-0.0023651330425908308,False,False
150,7,null_metric,False,polynomial_ridge_interactions,0.53,-0.0002982044683037567,-0.0007565916452406058,False,False
150,7,nonlinear_proxy,False,polynomial_ridge,0.01,-5.298900601326956e-06,-0.0008352143860268609,False,False
150,7,nonlinear_proxy,False,polynomial_ridge_interactions,0.02,5.034373227092055e-05,-0.00023430342166513352,False,False
150,7,heteroskedastic_null,False,polynomial_ridge,0.515,-0.0004745574219320748,-0.0014480283315547642,False,False
150,7,heteroskedastic_null,False,polynomial_ridge_interactions,0.305,-0.000494411805000523,-0.0007172013989749893,False,False
150,7,clustered_null,False,polynomial_ridge,0.795,-0.008098423379469175,-0.02029472895731037,False,False
150,7,clustered_null,False,polynomial_ridge_interactions,0.78,0.0002201104424018538,-0.0171632112746222,False,False
150,7,genuine_increment,True,polynomial_ridge,0.005,0.04470969228112443,0.03438246570395235,True,True
150,7,genuine_increment,True,polynomial_ridge_interactions,0.005,0.042624456783600384,0.032381166085234885,True,True
150,8,null_metric,False,polynomial_ridge,0.01,-0.00022972656820694284,-0.001953208045552696,False,False
150,8,null_metric,False,polynomial_ridge_interactions,0.025,0.0006042342288801149,-0.0006107313693919797,False,False
150,8,nonlinear_proxy,False,polynomial_ridge,0.765,-1.6364694981028938e-05,-0.0007529274329401753,False,False
150,8,nonlinear_proxy,False,polynomial_ridge_interactions,0.48,-0.00040014295198363345,-0.0006905460804169788,False,False
150,8,heteroskedastic_null,False,polynomial_ridge,0.295,-0.0003407545231588812,-0.0013635848749149468,False,False
150,8,heteroskedastic_null,False,polynomial_ridge_interactions,0.27,-0.0001454527531973733,-0.0005158798814760341,False,False
150,8,clustered_null,False,polynomial_ridge,0.725,-0.005408940411936916,-0.019698738498613224,False,False
150,8,clustered_null,False,polynomial_ridge_interactions,0.92,-0.005985980399425134,-0.014016075776741483,False,False
150,8,genuine_increment,True,polynomial_ridge,0.005,0.0515380685052159,0.040426434659575176,True,True
150,8,genuine_increment,True,polynomial_ridge_interactions,0.005,0.04947489045760574,0.039561557918430516,True,True
150,9,null_metric,False,polynomial_ridge,0.345,-0.0024182146407546214,-0.003144216088123082,False,False
150,9,null_metric,False,polynomial_ridge_interactions,0.45,-0.0005473005587977794,-0.001248880705260669,False,False
150,9,nonlinear_proxy,False,polynomial_ridge,0.515,-0.0006850959366872774,-0.0009357829665129819,False,False
150,9,nonlinear_proxy,False,polynomial_ridge_interactions,0.69,-0.000267299100366861,-0.0006847874992735432,False,False
150,9,heteroskedastic_null,False,polynomial_ridge,0.65,-0.00042042828690031127,-0.0012070466752944393,False,False
150,9,heteroskedastic_null,False,polynomial_ridge_interactions,0.48,-8.400901453670898e-05,-0.0003979372574190914,False,False
150,9,clustered_null,False,polynomial_ridge,0.63,-0.0068105365381516784,-0.018081063189157427,False,False
150,9,clustered_null,False,polynomial_ridge_interactions,0.355,-0.0009773282813667072,-0.009761264926896778,False,False
150,9,genuine_increment,True,polynomial_ridge,0.005,0.03246523271977722,0.022945371925140203,True,True
150,9,genuine_increment,True,polynomial_ridge_interactions,0.005,0.03255886056713031,0.022086487726726372,True,True
150,10,null_metric,False,polynomial_ridge,0.335,-0.0006995837284661764,-0.00317081755079245,False,False
150,10,null_metric,False,polynomial_ridge_interactions,0.745,-0.0009113323562635958,-0.0013607169870426534,False,False
150,10,nonlinear_proxy,False,polynomial_ridge,0.24,-0.0012839204847005063,-0.0008454110614874913,False,False
150,10,nonlinear_proxy,False,polynomial_ridge_interactions,0.3,-0.00015328648153852507,-0.0005430958557618591,False,False
150,10,heteroskedastic_null,False,polynomial_ridge,0.805,-0.00027518645617632953,-0.0007290972444040033,False,False
150,10,heteroskedastic_null,False,polynomial_ridge_interactions,0.95,-0.00018018079655259586,-0.0005814660406855889,False,False
150,10,clustered_null,False,polynomial_ridge,0.225,-0.0026956100559239714,-0.016103411021021342,False,False
150,10,clustered_null,False,polynomial_ridge_interactions,0.465,-0.003427878736386159,-0.018851228423723883,False,False
150,10,genuine_increment,True,polynomial_ridge,0.005,0.043258692733201,0.032862587709795034,True,True
150,10,genuine_increment,True,polynomial_ridge_interactions,0.005,0.043358362905244884,0.0304172456039324,True,True
150,11,null_metric,False,polynomial_ridge,0.88,-0.0023619602050091205,-0.002440284305900932,False,False
150,11,null_metric,False,polynomial_ridge_interactions,0.825,-0.001146231100636507,-0.0016610455253083369,False,False
150,11,nonlinear_proxy,False,polynomial_ridge,0.685,-0.0005660143724793149,-0.0007056630497458433,False,False
150,11,nonlinear_proxy,False,polynomial_ridge_interactions,0.425,-0.00017723181715090675,-0.0003724633010432363,False,False
150,11,heteroskedastic_null,False,polynomial_ridge,0.745,-0.0003216351748490543,-0.0009383654522515364,False,False
150,11,heteroskedastic_null,False,polynomial_ridge_interactions,0.78,-0.00014614427485841464,-0.0005123119787971014,False,False
150,11,clustered_null,False,polynomial_ridge,0.435,0.0016528276856356758,-0.016228428063424078,False,False
150,11,clustered_null,False,polynomial_ridge_interactions,0.105,-0.006156376984773924,-0.013385966748349494,False,False
150,11,genuine_increment,True,polynomial_ridge,0.005,0.04167786996415459,0.0316537006347206,True,True
150,11,genuine_increment,True,polynomial_ridge_interactions,0.005,0.04169585794713146,0.02997653861629876,True,True
150,12,null_metric,False,polynomial_ridge,0.88,-0.001836152427574185,-0.00205394995515796,False,False
150,12,null_metric,False,polynomial_ridge_interactions,0.95,-0.0006022568762328907,-0.0011019410215138252,False,False
150,12,nonlinear_proxy,False,polynomial_ridge,0.625,0.0002487176695790015,-0.0003737967703337259,False,False
150,12,nonlinear_proxy,False,polynomial_ridge_interactions,0.705,0.00024454850530348377,-0.00019296766214891163,False,False
150,12,heteroskedastic_null,False,polynomial_ridge,0.905,-0.00020363241426973704,-0.0005673093430141697,False,False
150,12,heteroskedastic_null,False,polynomial_ridge_interactions,0.685,-7.25692091767486e-05,-0.00037413275688399195,False,False
150,12,clustered_null,False,polynomial_ridge,0.965,-0.0019078427460715863,-0.02430000727212377,False,False
150,12,clustered_null,False,polynomial_ridge_interactions,0.89,-0.0049803874534481984,-0.011803573703048829,False,False
150,12,genuine_increment,True,polynomial_ridge,0.005,0.037955822259587914,0.030827433430308204,True,True
150,12,genuine_increment,True,polynomial_ridge_interactions,0.005,0.039915345392125566,0.02972416496226925,True,True
150,13,null_metric,False,polynomial_ridge,0.41,-0.0010350229058540827,-0.002625523570483617,False,False
150,13,null_metric,False,polynomial_ridge_interactions,0.53,-0.0007259592562460192,-0.001111724491436764,False,False
150,13,nonlinear_proxy,False,polynomial_ridge,0.21,0.0004220745741178441,-0.0002924360388049651,False,False
150,13,nonlinear_proxy,False,polynomial_ridge_interactions,0.67,0.0002588080259728282,-0.0001654156190784014,False,False
150,13,heteroskedastic_null,False,polynomial_ridge,0.875,-0.000771141161234978,-0.0015269386116178603,False,False
150,13,heteroskedastic_null,False,polynomial_ridge_interactions,0.945,-0.00016610773483010516,-0.0008876709151532322,False,False
150,13,clustered_null,False,polynomial_ridge,0.125,0.001600764416492751,-0.00991549254219211,False,False
150,13,clustered_null,False,polynomial_ridge_interactions,0.07,0.0008091116267062888,-0.013705608472675044,False,False
150,13,genuine_increment,True,polynomial_ridge,0.005,0.04805584533520992,0.037318513871114546,True,True
150,13,genuine_increment,True,polynomial_ridge_interactions,0.005,0.04989876292281685,0.03626090485033042,True,True
150,14,null_metric,False,polynomial_ridge,0.98,-0.0021833202667087964,-0.002882609394251727,False,False
150,14,null_metric,False,polynomial_ridge_interactions,0.865,1.7477378118080367e-06,-0.0006953577164053669,False,False
150,14,nonlinear_proxy,False,polynomial_ridge,0.67,-0.0005793338874176069,-0.0009367161805212215,False,False
150,14,nonlinear_proxy,False,polynomial_ridge_interactions,0.34,-0.00018393124611157212,-0.00032485004353914577,False,False
150,14,heteroskedastic_null,False,polynomial_ridge,0.725,-0.00021309667009462678,-0.0011571121204043727,False,False
150,14,heteroskedastic_null,False,polynomial_ridge_interactions,0.745,-0.00030475037726099795,-0.0006356503599943719,False,False
150,14,clustered_null,False,polynomial_ridge,0.43,-0.0029237607837584965,-0.022394219871964847,False,False
150,14,clustered_null,False,polynomial_ridge_interactions,0.92,-0.000940526249143904,-0.017819971466403663,False,False
150,14,genuine_increment,True,polynomial_ridge,0.005,0.043752882770408355,0.0344713959310889,True,True
150,14,genuine_increment,True,polynomial_ridge_interactions,0.005,0.048238518027768476,0.033362923836736356,True,True
150,15,null_metric,False,polynomial_ridge,0.85,-0.0005966890201427079,-0.0031375575827413777,False,False
150,15,null_metric,False,polynomial_ridge_interactions,0.96,-0.00042111811731745594,-0.001167540207984359,False,False
150,15,nonlinear_proxy,False,polynomial_ridge,0.865,-0.000507191626073965,-0.0006287320211447185,False,False
150,15,nonlinear_proxy,False,polynomial_ridge_interactions,0.99,-0.0003578369704181168,-0.0006625442121452157,False,False
150,15,heteroskedastic_null,False,polynomial_ridge,0.56,-0.00020484898560597063,-0.0009754706431054001,False,False
150,15,heteroskedastic_null,False,polynomial_ridge_interactions,0.825,-0.00025053969964689525,-0.0007143182379001838,False,False
150,15,clustered_null,False,polynomial_ridge,0.285,-0.007045885943178721,-0.012576936289392696,False,False
150,15,clustered_null,False,polynomial_ridge_interactions,0.965,-0.004331955756275357,-0.008498611026337255,False,False
150,15,genuine_increment,True,polynomial_ridge,0.005,0.042695233103549134,0.03240304480835704,True,True
150,15,genuine_increment,True,polynomial_ridge_interactions,0.005,0.04198801166790378,0.030849739189713468,True,True
150,16,null_metric,False,polynomial_ridge,0.4,6.0568089114212964e-05,-0.0023975320678539334,False,False
150,16,null_metric,False,polynomial_ridge_interactions,0.445,-0.00026489687765024125,-0.00123432985455266,False,False
150,16,nonlinear_proxy,False,polynomial_ridge,0.355,4.266884328704961e-05,-0.0004896168143911032,False,False
150,16,nonlinear_proxy,False,polynomial_ridge_interactions,0.305,-7.021484406656824e-05,-0.0003258434202723729,False,False
150,16,heteroskedastic_null,False,polynomial_ridge,0.805,-0.0011269690604171038,-0.001133695234657447,False,False
150,16,heteroskedastic_null,False,polynomial_ridge_interactions,0.99,-0.00018936951685647428,-0.0006112060302238293,False,False
150,16,clustered_null,False,polynomial_ridge,0.715,-0.0017898795455466368,-0.008480539954327102,False,False
150,16,clustered_null,False,polynomial_ridge_interactions,0.365,-0.00262760031256898,-0.010989397804730601,False,False
150,16,genuine_increment,True,polynomial_ridge,0.005,0.04330993223317046,0.03416622115099727,True,True
150,16,genuine_increment,True,polynomial_ridge_interactions,0.005,0.044746821761257355,0.03252006142614884,True,True
150,17,null_metric,False,polynomial_ridge,0.35,-0.0020587429914235775,-0.0021855570080557044,False,False
150,17,null_metric,False,polynomial_ridge_interactions,0.795,-0.0007745987657489933,-0.0009634849146741423,False,False
150,17,nonlinear_proxy,False,polynomial_ridge,0.615,-0.00013437385796043373,-0.0007070412997253684,False,False
150,17,nonlinear_proxy,False,polynomial_ridge_interactions,0.685,-8.626314629147334e-05,-0.0005632886245498243,False,False
150,17,heteroskedastic_null,False,polynomial_ridge,0.195,-0.0006580792174684224,-0.0010064858720154016,False,False
150,17,heteroskedastic_null,False,polynomial_ridge_interactions,0.25,-0.0003029684652148673,-0.0006113303910723837,False,False
150,17,clustered_null,False,polynomial_ridge,0.095,-0.0009110524436106403,-0.013397917949893316,False,False
150,17,clustered_null,False,polynomial_ridge_interactions,0.03,0.0007171526779709385,-0.011027475782678663,False,False
150,17,genuine_increment,True,polynomial_ridge,0.005,0.047280342705658035,0.03973674351448849,True,True
150,17,genuine_increment,True,polynomial_ridge_interactions,0.005,0.048902752601210256,0.038714992541792226,True,True
150,18,null_metric,False,polynomial_ridge,0.7,-1.846393881290917e-05,-0.002646026299410861,False,False
150,18,null_metric,False,polynomial_ridge_interactions,0.605,-9.15484760533325e-05,-0.0011638683018582129,False,False
150,18,nonlinear_proxy,False,polynomial_ridge,0.215,0.0004100493978951344,-0.00022480179070800548,False,False
150,18,nonlinear_proxy,False,polynomial_ridge_interactions,0.17,0.0006294029771374684,-0.00010074664983048437,False,False
150,18,heteroskedastic_null,False,polynomial_ridge,0.3,-0.0010640340500663974,-0.0019425325021678703,False,False
150,18,heteroskedastic_null,False,polynomial_ridge_interactions,0.195,2.6338535591426127e-05,-0.0010038200189320145,False,False
150,18,clustered_null,False,polynomial_ridge,0.765,-0.00048130263977115995,-0.0055025412990257205,False,False
150,18,clustered_null,False,polynomial_ridge_interactions,0.625,-0.00029093599479139073,-0.00516165241451801,False,False
150,18,genuine_increment,True,polynomial_ridge,0.005,0.03802093992805723,0.025631854738438136,True,True
150,18,genuine_increment,True,polynomial_ridge_interactions,0.005,0.0387378258520835,0.026575422147210065,True,True
150,19,null_metric,False,polynomial_ridge,0.985,-0.0025591706838604157,-0.00406990824318284,False,False
150,19,null_metric,False,polynomial_ridge_interactions,0.51,-0.00011175690213149903,-0.0010069988637328268,False,False
150,19,nonlinear_proxy,False,polynomial_ridge,0.055,-6.258088547984875e-05,-0.0008343124020401697,False,False
150,19,nonlinear_proxy,False,polynomial_ridge_interactions,0.17,-0.0004480770901538894,-0.0004347632549135681,False,False
150,19,heteroskedastic_null,False,polynomial_ridge,0.095,-0.0007815893333686201,-0.0012821416258996098,False,False
150,19,heteroskedastic_null,False,polynomial_ridge_interactions,0.155,0.0004215782526777283,-0.0003443322837652754,False,False
150,19,clustered_null,False,polynomial_ridge,0.785,-0.00041844039761207603,-0.011105049875164856,False,False
150,19,clustered_null,False,polynomial_ridge_interactions,0.31,0.0005229565027404619,-0.009311744514096299,False,False
150,19,genuine_increment,True,polynomial_ridge,0.005,0.04449585667371958,0.031884882523401104,True,True
150,19,genuine_increment,True,polynomial_ridge_interactions,0.005,0.04436946013022174,0.03005980650159113,True,True
150,20,null_metric,False,polynomial_ridge,0.605,-0.0035837612244321165,-0.004085338870876721,False,False
150,20,null_metric,False,polynomial_ridge_interactions,0.495,-0.0003163841099368715,-0.0010724080717276336,False,False
150,20,nonlinear_proxy,False,polynomial_ridge,0.105,9.23041469626032e-05,-0.0006836510018378803,False,False
150,20,nonlinear_proxy,False,polynomial_ridge_interactions,0.18,0.00012700005131528573,-0.0007775655036464883,False,False
150,20,heteroskedastic_null,False,polynomial_ridge,0.6,-0.00056495263829957,-0.0012473633931839973,False,False
150,20,heteroskedastic_null,False,polynomial_ridge_interactions,0.63,-0.00010060769985648435,-0.0004241698362883758,False,False
150,20,clustered_null,False,polynomial_ridge,0.25,0.0001307480095731322,-0.005366271965736463,False,False
150,20,clustered_null,False,polynomial_ridge_interactions,0.495,-0.005323963600066737,-0.00977233127448539,False,False
150,20,genuine_increment,True,polynomial_ridge,0.005,0.040432222681336796,0.030554206343761953,True,True
150,20,genuine_increment,True,polynomial_ridge_interactions,0.005,0.043624287015317745,0.030430253575441213,True,True
150,21,null_metric,False,polynomial_ridge,1.0,-0.0008893876527297888,-0.0022346512305854624,False,False
150,21,null_metric,False,polynomial_ridge_interactions,0.82,0.00010937882296977591,-0.0010616444440724722,False,False
150,21,nonlinear_proxy,False,polynomial_ridge,0.045,0.00019882765749035247,-0.0006462071533952918,False,False
150,21,nonlinear_proxy,False,polynomial_ridge_interactions,0.03,-0.00022644237326590634,-0.0008507259596707836,False,False
150,21,heteroskedastic_null,False,polynomial_ridge,0.805,-0.00029441413195288677,-0.0011344247808459595,False,False
150,21,heteroskedastic_null,False,polynomial_ridge_interactions,0.82,-0.0002890613550039188,-0.0004744248490703236,False,False
150,21,clustered_null,False,polynomial_ridge,0.14,-0.003964682732783692,-0.01061189379407076,False,False
150,21,clustered_null,False,polynomial_ridge_interactions,0.91,-0.0028723051302914533,-0.012496700122950637,False,False
150,21,genuine_increment,True,polynomial_ridge,0.005,0.041710706984431876,0.02658251700154804,True,True
150,21,genuine_increment,True,polynomial_ridge_interactions,0.005,0.03962994866594803,0.021575577430588154,True,True
150,22,null_metric,False,polynomial_ridge,0.66,-0.0014697777039807437,-0.002196179897159464,False,False
150,22,null_metric,False,polynomial_ridge_interactions,0.91,-0.0005627656811113824,-0.00096139021807361,False,False
150,22,nonlinear_proxy,False,polynomial_ridge,0.935,-0.0005431290712815708,-0.0009673742654178035,False,False
150,22,nonlinear_proxy,False,polynomial_ridge_interactions,0.935,-7.243045296428333e-05,-0.0003121020101541823,False,False
150,22,heteroskedastic_null,False,polynomial_ridge,0.14,-0.001045482132699534,-0.0011582054361779766,False,False
150,22,heteroskedastic_null,False,polynomial_ridge_interactions,0.435,-6.0310860084294635e-05,-0.0007929991378428551,False,False
150,22,clustered_null,False,polynomial_ridge,0.605,-0.005610217736792985,-0.026012444930957758,False,False
150,22,clustered_null,False,polynomial_ridge_interactions,0.82,-0.004316138345217293,-0.02578821599061073,False,False
150,22,genuine_increment,True,polynomial_ridge,0.005,0.04479786530416904,0.030047559988115435,True,True
150,22,genuine_increment,True,polynomial_ridge_interactions,0.005,0.04216844362724112,0.030881466935947822,True,True
150,23,null_metric,False,polynomial_ridge,0.5,-0.001053401085811187,-0.0020501410167823877,False,False
150,23,null_metric,False,polynomial_ridge_interactions,0.615,-0.0007391252788153287,-0.001088384770004463,False,False
150,23,nonlinear_proxy,False,polynomial_ridge,0.905,-5.5855873250527065e-05,-0.0005267892863526002,False,False
150,23,nonlinear_proxy,False,polynomial_ridge_interactions,0.905,-0.000172116102105397,-0.0004351879053139398,False,False
150,23,heteroskedastic_null,False,polynomial_ridge,0.895,-0.0010905071666357808,-0.001715304267413629,False,False
150,23,heteroskedastic_null,False,polynomial_ridge_interactions,0.73,-0.0004237030584064525,-0.000912581024516171,False,False
150,23,clustered_null,False,polynomial_ridge,0.9,-0.008604051810682668,-0.018688657796450608,False,False
150,23,clustered_null,False,polynomial_ridge_interactions,0.665,-0.0014361296076966373,-0.022029170778898065,False,False
150,23,genuine_increment,True,polynomial_ridge,0.005,0.05319478311591104,0.04238650986945259,True,True
150,23,genuine_increment,True,polynomial_ridge_interactions,0.005,0.05175959708301937,0.039334394601713334,True,True
150,24,null_metric,False,polynomial_ridge,0.575,-0.0026344227700728154,-0.003219575788135319,False,False
150,24,null_metric,False,polynomial_ridge_interactions,0.675,-0.0002568386545359208,-0.0018157370151635121,False,False
150,24,nonlinear_proxy,False,polynomial_ridge,0.83,0.0006474202264139545,-0.00044901289664759226,False,False
150,24,nonlinear_proxy,False,polynomial_ridge_interactions,0.925,-0.0003063606606168445,-0.0005229273217291154,False,False
150,24,heteroskedastic_null,False,polynomial_ridge,0.12,-0.0008542720852281367,-0.0011956717626215479,False,False
150,24,heteroskedastic_null,False,polynomial_ridge_interactions,0.17,-5.713767162949211e-05,-0.00038283715442667037,False,False
150,24,clustered_null,False,polynomial_ridge,0.06,-0.010056333646935464,-0.025755154276543485,False,False
150,24,clustered_null,False,polynomial_ridge_interactions,0.125,-0.0036778722249989557,-0.021696247163239417,False,False
150,24,genuine_increment,True,polynomial_ridge,0.005,0.03747848131231088,0.026795760275858078,True,True
150,24,genuine_increment,True,polynomial_ridge_interactions,0.005,0.03616786917458009,0.025125175063899205,True,True
200,0,null_metric,False,polynomial_ridge,0.225,-0.0005324458549047853,-0.002539586394053784,False,False
200,0,null_metric,False,polynomial_ridge_interactions,0.465,-0.00030662322291118843,-0.0006202955651427264,False,False
200,0,nonlinear_proxy,False,polynomial_ridge,0.575,-2.0827830207658868e-05,-0.00030930536233082166,False,False
200,0,nonlinear_proxy,False,polynomial_ridge_interactions,0.985,-0.00014558743970958816,-0.00031805058559023186,False,False
200,0,heteroskedastic_null,False,polynomial_ridge,0.965,-0.00017264601612888494,-0.0005589076859193398,False,False
200,0,heteroskedastic_null,False,polynomial_ridge_interactions,0.63,-7.216308960373945e-05,-0.0004776748679189239,False,False
200,0,clustered_null,False,polynomial_ridge,0.545,-0.008742421420544794,-0.010591272412827027,False,False
200,0,clustered_null,False,polynomial_ridge_interactions,0.37,-0.003297103885051878,-0.00729039085736808,False,False
200,0,genuine_increment,True,polynomial_ridge,0.005,0.03719694990619308,0.027794931384935623,True,True
200,0,genuine_increment,True,polynomial_ridge_interactions,0.005,0.035949435448623654,0.026404630321762074,True,True
200,1,null_metric,False,polynomial_ridge,0.435,-0.0004665481806620936,-0.001866166212767368,False,False
200,1,null_metric,False,polynomial_ridge_interactions,0.345,-0.00011634716729994402,-0.0008035791334152535,False,False
200,1,nonlinear_proxy,False,polynomial_ridge,0.545,-3.0488612540298388e-05,-0.00037103283873601736,False,False
200,1,nonlinear_proxy,False,polynomial_ridge_interactions,0.58,0.00017041067534463716,-0.00011603545621501291,False,False
200,1,heteroskedastic_null,False,polynomial_ridge,0.385,-0.0003522464331608202,-0.0009472759348374369,False,False
200,1,heteroskedastic_null,False,polynomial_ridge_interactions,0.45,-3.9860812099444184e-05,-0.00042811859954024493,False,False
200,1,clustered_null,False,polynomial_ridge,0.25,-0.0009422215238923011,-0.011237111770280589,False,False
200,1,clustered_null,False,polynomial_ridge_interactions,0.055,0.0020575037460116644,-0.005014433778109629,False,False
200,1,genuine_increment,True,polynomial_ridge,0.005,0.04782289028498718,0.038800978517809635,True,True
200,1,genuine_increment,True,polynomial_ridge_interactions,0.005,0.04807867756685561,0.038621718686646066,True,True
200,2,null_metric,False,polynomial_ridge,0.49,-0.0005097244916287651,-0.0016417111507462776,False,False
200,2,null_metric,False,polynomial_ridge_interactions,0.375,-0.0004813026416842399,-0.0008344522548145279,False,False
200,2,nonlinear_proxy,False,polynomial_ridge,0.1,-4.500724981564355e-05,-0.00043886244559812495,False,False
200,2,nonlinear_proxy,False,polynomial_ridge_interactions,0.085,0.0001027584499775228,-0.0004704647189325225,False,False
200,2,heteroskedastic_null,False,polynomial_ridge,0.025,-7.132126818724244e-05,-0.000668963332804429,False,False
200,2,heteroskedastic_null,False,polynomial_ridge_interactions,0.05,3.0990783797682844e-05,-0.0002347942260616678,False,False
200,2,clustered_null,False,polynomial_ridge,0.88,-0.008416721043920154,-0.009534076452753592,False,False
200,2,clustered_null,False,polynomial_ridge_interactions,0.61,-0.00039217334239224563,-0.005572543751872605,False,False
200,2,genuine_increment,True,polynomial_ridge,0.005,0.03832199301684419,0.02907104796054606,True,True
200,2,genuine_increment,True,polynomial_ridge_interactions,0.005,0.038986085883475095,0.029601140977982058,True,True
200,3,null_metric,False,polynomial_ridge,0.73,-0.0017774915980280429,-0.001380634483079092,False,False
200,3,null_metric,False,polynomial_ridge_interactions,0.42,-0.00017381301994395804,-0.0004715694584175575,False,False
200,3,nonlinear_proxy,False,polynomial_ridge,0.285,5.752500798225993e-05,-0.00015023915043406457,False,False
200,3,nonlinear_proxy,False,polynomial_ridge_interactions,0.17,0.00010773948257786561,-0.00015260628857136915,False,False
200,3,heteroskedastic_null,False,polynomial_ridge,0.855,-0.0003587307361898346,-0.000883685994118181,False,False
200,3,heteroskedastic_null,False,polynomial_ridge_interactions,0.965,-0.0002135977044279841,-0.0003966281645477066,False,False
200,3,clustered_null,False,polynomial_ridge,0.31,-0.0038470106189647663,-0.006945400624116144,False,False
200,3,clustered_null,False,polynomial_ridge_interactions,0.815,-0.0009807453562676281,-0.004632140349644591,False,False
200,3,genuine_increment,True,polynomial_ridge,0.005,0.03900607002530293,0.03174077886301613,True,True
200,3,genuine_increment,True,polynomial_ridge_interactions,0.005,0.040319222670754336,0.030850865195890077,True,True
200,4,null_metric,False,polynomial_ridge,0.745,-0.0011517339279974344,-0.0018047052879213699,False,False
200,4,null_metric,False,polynomial_ridge_interactions,0.655,-0.00031542222126015873,-0.0010114679356513364,False,False
200,4,nonlinear_proxy,False,polynomial_ridge,0.105,-0.00046688811492609505,-0.0006601885699912276,False,False
200,4,nonlinear_proxy,False,polynomial_ridge_interactions,0.16,0.00010113085624021117,-0.00010667921334879134,False,False
200,4,heteroskedastic_null,False,polynomial_ridge,0.675,-0.0005017513849790503,-0.0008031923598725337,False,False
200,4,heteroskedastic_null,False,polynomial_ridge_interactions,0.715,-0.00015348845848306251,-0.0004486727490334191,False,False
200,4,clustered_null,False,polynomial_ridge,0.24,-0.0026283059229875207,-0.005863153738960672,False,False
200,4,clustered_null,False,polynomial_ridge_interactions,0.345,-0.0007340313877302884,-0.004301396314118378,False,False
200,4,genuine_increment,True,polynomial_ridge,0.005,0.04944208384179507,0.040018425269743384,True,True
200,4,genuine_increment,True,polynomial_ridge_interactions,0.005,0.048219167752411154,0.03800898396987896,True,True
200,5,null_metric,False,polynomial_ridge,0.515,5.302015650724551e-05,-0.0010082074976401046,False,False
200,5,null_metric,False,polynomial_ridge_interactions,0.92,-0.00012425981362580718,-0.0006935559404686058,False,False
200,5,nonlinear_proxy,False,polynomial_ridge,0.17,0.0002958643477214088,-0.00036282934030781004,False,False
200,5,nonlinear_proxy,False,polynomial_ridge_interactions,0.135,0.00042643137281152786,-6.538982487551202e-05,False,False
200,5,heteroskedastic_null,False,polynomial_ridge,0.89,0.00014529408106082366,-0.0004204031269528608,False,False
200,5,heteroskedastic_null,False,polynomial_ridge_interactions,0.815,7.726206613110562e-05,-0.00022031367323591095,False,False
200,5,clustered_null,False,polynomial_ridge,0.915,-0.003695668107612453,-0.014497131497370284,False,False
200,5,clustered_null,False,polynomial_ridge_interactions,0.865,-0.006701408087487197,-0.01408224367526744,False,False
200,5,genuine_increment,True,polynomial_ridge,0.005,0.04552316852791327,0.03575050604278156,True,True
200,5,genuine_increment,True,polynomial_ridge_interactions,0.005,0.04651371154378802,0.03450127184466479,True,True
200,6,null_metric,False,polynomial_ridge,0.56,9.97414391803765e-05,-0.001504254738388076,False,False
200,6,null_metric,False,polynomial_ridge_interactions,0.845,0.0003224166158116437,-0.0006668150075928055,False,False
200,6,nonlinear_proxy,False,polynomial_ridge,0.46,-0.00026395121619571336,-0.0005236722613441457,False,False
200,6,nonlinear_proxy,False,polynomial_ridge_interactions,0.59,6.87715824731188e-05,-0.0004255875443624787,False,False
200,6,heteroskedastic_null,False,polynomial_ridge,0.455,-0.00013831850878903013,-0.0010647971809230636,False,False
200,6,heteroskedastic_null,False,polynomial_ridge_interactions,0.305,-0.00015755455244108318,-0.0005783333230814018,False,False
200,6,clustered_null,False,polynomial_ridge,0.48,-0.001778271752746089,-0.006721806232815731,False,False
200,6,clustered_null,False,polynomial_ridge_interactions,0.995,-0.0009556366707646011,-0.004080879115597004,False,False
200,6,genuine_increment,True,polynomial_ridge,0.005,0.042434771751435625,0.03331675144130681,True,True
200,6,genuine_increment,True,polynomial_ridge_interactions,0.005,0.04232678520225502,0.03339716537596311,True,True
200,7,null_metric,False,polynomial_ridge,0.625,0.0002995894323181113,-0.0013968473567840102,False,False
200,7,null_metric,False,polynomial_ridge_interactions,0.7,-0.0004080257572243694,-0.0012033677379303864,False,False
200,7,nonlinear_proxy,False,polynomial_ridge,0.73,-0.0005252561487008259,-0.0006443916238572297,False,False
200,7,nonlinear_proxy,False,polynomial_ridge_interactions,0.705,-0.00018188832457589118,-0.0004644529008484315,False,False
200,7,heteroskedastic_null,False,polynomial_ridge,0.33,0.0002998661042679842,-0.0004633401252575372,False,False
200,7,heteroskedastic_null,False,polynomial_ridge_interactions,0.435,-0.00025696439136387896,-0.0004709122964081279,False,False
200,7,clustered_null,False,polynomial_ridge,0.05,-0.0004823860677069941,-0.008328514143678384,False,False
200,7,clustered_null,False,polynomial_ridge_interactions,0.01,0.0010404696347532903,-0.004298804117464344,False,False
200,7,genuine_increment,True,polynomial_ridge,0.005,0.0422380646967916,0.034668811389045956,True,True
200,7,genuine_increment,True,polynomial_ridge_interactions,0.005,0.0434551826298171,0.03285967352917054,True,True
200,8,null_metric,False,polynomial_ridge,0.005,-0.00034199832479824693,-0.0013997626901619082,False,False
200,8,null_metric,False,polynomial_ridge_interactions,0.015,-0.0003832533239448051,-0.0005731493198044075,False,False
200,8,nonlinear_proxy,False,polynomial_ridge,0.94,-0.0007267927610308516,-0.0008061188098932465,False,False
200,8,nonlinear_proxy,False,polynomial_ridge_interactions,0.96,-0.00028932415497605335,-0.0006763794764894706,False,False
200,8,heteroskedastic_null,False,polynomial_ridge,0.395,-7.196724212704241e-05,-0.000580402661986718,False,False
200,8,heteroskedastic_null,False,polynomial_ridge_interactions,0.25,-0.00010722731487330245,-0.0003142903884832091,False,False
200,8,clustered_null,False,polynomial_ridge,0.47,-0.0010183782664926703,-0.005917171542298255,False,False
200,8,clustered_null,False,polynomial_ridge_interactions,0.175,0.0005841046991707736,-0.0035482608088453793,False,False
200,8,genuine_increment,True,polynomial_ridge,0.005,0.04528626406580108,0.036603271170497,True,True
200,8,genuine_increment,True,polynomial_ridge_interactions,0.005,0.04334687727053717,0.03461658660792359,True,True
200,9,null_metric,False,polynomial_ridge,0.375,0.0003593721997617316,-0.0016685510795865935,False,False
200,9,null_metric,False,polynomial_ridge_interactions,0.63,-0.00037756853118450784,-0.0009375264173972526,False,False
200,9,nonlinear_proxy,False,polynomial_ridge,0.11,2.399130663082328e-05,-0.00041159565409258837,False,False
200,9,nonlinear_proxy,False,polynomial_ridge_interactions,0.265,6.430471922688231e-05,-0.00039471914918619907,False,False
200,9,heteroskedastic_null,False,polynomial_ridge,0.985,-0.0005221261303459315,-0.0007348336880523638,False,False
200,9,heteroskedastic_null,False,polynomial_ridge_interactions,0.935,2.702247562342934e-05,-0.00036595463380533687,False,False
200,9,clustered_null,False,polynomial_ridge,0.045,-0.0013677198448198528,-0.007650416932468348,False,False
200,9,clustered_null,False,polynomial_ridge_interactions,0.39,-0.0033595090132089445,-0.005249928581656843,False,False
200,9,genuine_increment,True,polynomial_ridge,0.005,0.04266651362859013,0.03386599158797305,True,True
200,9,genuine_increment,True,polynomial_ridge_interactions,0.005,0.04206570405459649,0.0332074192486982,True,True
200,10,null_metric,False,polynomial_ridge,0.19,-0.0012400625178053647,-0.002668697905241491,False,False
200,10,null_metric,False,polynomial_ridge_interactions,0.125,-0.00033365223279679945,-0.0010776434649225086,False,False
200,10,nonlinear_proxy,False,polynomial_ridge,0.035,-0.00039626431918876864,-0.0004493974390627375,False,False
200,10,nonlinear_proxy,False,polynomial_ridge_interactions,0.055,-0.00013279899074979985,-0.00021825107828147452,False,False
200,10,heteroskedastic_null,False,polynomial_ridge,0.645,-0.00038642033081528505,-0.0007304094458170029,False,False
200,10,heteroskedastic_null,False,polynomial_ridge_interactions,0.805,-8.764139190053227e-06,-0.0006242794079619203,False,False
200,10,clustered_null,False,polynomial_ridge,0.135,-0.005338083049010102,-0.0077792328450575245,False,False
200,10,clustered_null,False,polynomial_ridge_interactions,0.165,-0.0012189163616045974,-0.00533450465358983,False,False
200,10,genuine_increment,True,polynomial_ridge,0.005,0.038174239218831285,0.03039167005053266,True,True
200,10,genuine_increment,True,polynomial_ridge_interactions,0.005,0.03974248923467209,0.029604634183393982,True,True
200,11,null_metric,False,polynomial_ridge,0.225,-0.0015533498545519595,-0.0019019591132280944,False,False
200,11,null_metric,False,polynomial_ridge_interactions,0.27,-0.0005758270758380798,-0.0009952494241095779,False,False
200,11,nonlinear_proxy,False,polynomial_ridge,0.565,-0.00011505291918363376,-0.00034728772808441616,False,False
200,11,nonlinear_proxy,False,polynomial_ridge_interactions,0.495,0.0003133041899272392,-0.00013946377385376526,False,False
200,11,heteroskedastic_null,False,polynomial_ridge,0.455,-0.0005102072469313542,-0.000908967298743304,False,False
200,11,heteroskedastic_null,False,polynomial_ridge_interactions,0.425,-0.0001220935743479895,-0.0004187690831798192,False,False
200,11,clustered_null,False,polynomial_ridge,0.72,-0.004191396509643779,-0.006994227222612064,False,False
200,11,clustered_null,False,polynomial_ridge_interactions,0.275,-0.0019386833121458665,-0.0034878324019075335,False,False
200,11,genuine_increment,True,polynomial_ridge,0.005,0.038374417596349505,0.02731168141935506,True,True
200,11,genuine_increment,True,polynomial_ridge_interactions,0.005,0.038709713620511746,0.027323273314527847,True,True
200,12,null_metric,False,polynomial_ridge,0.915,-0.0008831736799988152,-0.00220181676660745,False,False
200,12,null_metric,False,polynomial_ridge_interactions,0.975,-0.00040474950871250207,-0.0009910483158137666,False,False
200,12,nonlinear_proxy,False,polynomial_ridge,0.29,-0.0002906574614130568,-0.0005797512342487959,False,False
200,12,nonlinear_proxy,False,polynomial_ridge_interactions,0.9,-0.00016038004974488606,-0.0006103302562091284,False,False
200,12,heteroskedastic_null,False,polynomial_ridge,0.64,0.0003981751212242049,-0.0003808870147661784,False,False
200,12,heteroskedastic_null,False,polynomial_ridge_interactions,0.59,-5.71414514370823e-05,-0.00025775662999846577,False,False
200,12,clustered_null,False,polynomial_ridge,0.085,-0.005527229974042595,-0.007589890776557691,False,False
200,12,clustered_null,False,polynomial_ridge_interactions,0.36,-0.0002129350877685017,-0.00523448219810798,False,False
200,12,genuine_increment,True,polynomial_ridge,0.005,0.046195812544121334,0.03275400378242394,True,True
200,12,genuine_increment,True,polynomial_ridge_interactions,0.005,0.0462565836950443,0.033682881047071414,True,True
200,13,null_metric,False,polynomial_ridge,0.915,-0.0012899192316761857,-0.0019235619138247648,False,False
200,13,null_metric,False,polynomial_ridge_interactions,0.835,-0.0003653825345448537,-0.0008288575425560996,False,False
200,13,nonlinear_proxy,False,polynomial_ridge,0.48,-0.0004932546876503345,-0.0006504725377513051,False,False
200,13,nonlinear_proxy,False,polynomial_ridge_interactions,0.41,-0.000252634281206008,-0.0003868484364858586,False,False
200,13,heteroskedastic_null,False,polynomial_ridge,0.675,-0.00038738702402448845,-0.0012264808016198632,False,False
200,13,heteroskedastic_null,False,polynomial_ridge_interactions,0.465,-0.00015930382485047044,-0.00041982278358156653,False,False
200,13,clustered_null,False,polynomial_ridge,0.255,-0.0016374022531188987,-0.008002464807853564,False,False
200,13,clustered_null,False,polynomial_ridge_interactions,0.28,-0.0021714870020073523,-0.007703705334053705,False,False
200,13,genuine_increment,True,polynomial_ridge,0.005,0.041537405676154715,0.031444940146239636,True,True
200,13,genuine_increment,True,polynomial_ridge_interactions,0.005,0.04124892477185275,0.03205536222763524,True,True
200,14,null_metric,False,polynomial_ridge,0.035,-0.0009920872730725533,-0.002049771309331945,False,False
200,14,null_metric,False,polynomial_ridge_interactions,0.025,-0.00034074043141688395,-0.0006599438070603442,False,False
200,14,nonlinear_proxy,False,polynomial_ridge,0.175,-0.00025850435592955287,-0.00046242451635598256,False,False
200,14,nonlinear_proxy,False,polynomial_ridge_interactions,0.14,-0.00021424253751269225,-0.0002610331932993067,False,False
200,14,heteroskedastic_null,False,polynomial_ridge,0.185,-0.00020171695607384358,-0.00047265892982982586,False,False
200,14,heteroskedastic_null,False,polynomial_ridge_interactions,0.44,-5.909684080337464e-05,-0.00044829512786755224,False,False
200,14,clustered_null,False,polynomial_ridge,0.195,-0.0029717889887567583,-0.004006983088798362,False,False
200,14,clustered_null,False,polynomial_ridge_interactions,0.655,-0.00030345160920637083,-0.0025853815312317113,False,False
200,14,genuine_increment,True,polynomial_ridge,0.005,0.041438451228996184,0.03311541565290031,True,True
200,14,genuine_increment,True,polynomial_ridge_interactions,0.005,0.044122126800829706,0.03288367014713578,True,True
200,15,null_metric,False,polynomial_ridge,0.45,-0.0010746919582014965,-0.001686671986896985,False,False
200,15,null_metric,False,polynomial_ridge_interactions,0.72,-0.000425726339511278,-0.0008963422119200653,False,False
200,15,nonlinear_proxy,False,polynomial_ridge,0.69,-0.00010250188164440035,-0.00045705031629499884,False,False
200,15,nonlinear_proxy,False,polynomial_ridge_interactions,0.595,-0.00015249536028382523,-0.00029716652033697085,False,False
200,15,heteroskedastic_null,False,polynomial_ridge,0.27,-0.0005982758647764246,-0.0007304833745734991,False,False
200,15,heteroskedastic_null,False,polynomial_ridge_interactions,0.42,-0.00010993011542520872,-0.0003384506297387753,False,False
200,15,clustered_null,False,polynomial_ridge,0.605,-0.002714292407702521,-0.007902715404300209,False,False
200,15,clustered_null,False,polynomial_ridge_interactions,0.515,-0.0007802809405863427,-0.004310873774148469,False,False
200,15,genuine_increment,True,polynomial_ridge,0.005,0.03962131349207224,0.03357867197240129,True,True
200,15,genuine_increment,True,polynomial_ridge_interactions,0.005,0.04093565818024473,0.03221692735842561,True,True
200,16,null_metric,False,polynomial_ridge,0.49,-0.00019007509179371634,-0.0009344538457972844,False,False
200,16,null_metric,False,polynomial_ridge_interactions,0.595,-0.00014043173695742553,-0.0004675051719406513,False,False
200,16,nonlinear_proxy,False,polynomial_ridge,0.85,-7.347010832310479e-05,-0.0003464353336098773,False,False
200,16,nonlinear_proxy,False,polynomial_ridge_interactions,0.775,7.135944147394768e-05,-0.00024799544434901455,False,False
200,16,heteroskedastic_null,False,polynomial_ridge,0.31,-0.00021300821380770135,-0.000740369076539141,False,False
200,16,heteroskedastic_null,False,polynomial_ridge_interactions,0.31,-9.015535663904617e-05,-0.0002667472616654857,False,False
200,16,clustered_null,False,polynomial_ridge,0.79,0.0004167558712652522,-0.011555232453324986,False,False
200,16,clustered_null,False,polynomial_ridge_interactions,0.77,-0.0027438449104587107,-0.013301386387557276,False,False
200,16,genuine_increment,True,polynomial_ridge,0.005,0.04228043749397028,0.034976641408733126,True,True
200,16,genuine_increment,True,polynomial_ridge_interactions,0.005,0.044620322845712615,0.03620147416862257,True,True
200,17,null_metric,False,polynomial_ridge,0.275,-0.0009104695482821321,-0.0011431266236655272,False,False
200,17,null_metric,False,polynomial_ridge_interactions,0.43,-0.00028228065941575745,-0.00070455210638971,False,False
200,17,nonlinear_proxy,False,polynomial_ridge,0.805,4.424112817875102e-05,-0.0003296071339314566,False,False
200,17,nonlinear_proxy,False,polynomial_ridge_interactions,0.905,2.1313748794426005e-05,-0.0003449805571899506,False,False
200,17,heteroskedastic_null,False,polynomial_ridge,0.55,-0.0006527936128826687,-0.0011884959926036288,False,False
200,17,heteroskedastic_null,False,polynomial_ridge_interactions,0.53,-0.00023357974587089048,-0.0005274658723100872,False,False
200,17,clustered_null,False,polynomial_ridge,0.275,-0.002381747260044892,-0.009899262830789545,False,False
200,17,clustered_null,False,polynomial_ridge_interactions,0.55,-0.0020142110600368836,-0.0048005716315305995,False,False
200,17,genuine_increment,True,polynomial_ridge,0.005,0.047543444907404336,0.03754422700457272,True,True
200,17,genuine_increment,True,polynomial_ridge_interactions,0.005,0.049841685222439716,0.035657305855935316,True,True
200,18,null_metric,False,polynomial_ridge,0.985,-0.0009162140758254139,-0.0023684900649308463,False,False
200,18,null_metric,False,polynomial_ridge_interactions,0.93,-0.00039033021106971155,-0.0008488305013228248,False,False
200,18,nonlinear_proxy,False,polynomial_ridge,0.965,0.00016693661925526373,-5.6127674279570844e-05,False,False
200,18,nonlinear_proxy,False,polynomial_ridge_interactions,0.675,0.00016717998824081638,-9.143341480632098e-05,False,False
200,18,heteroskedastic_null,False,polynomial_ridge,0.58,2.9272176461031876e-05,-0.0005339854496304762,False,False
200,18,heteroskedastic_null,False,polynomial_ridge_interactions,0.74,-3.4638281979835345e-05,-0.00027652753263865594,False,False
200,18,clustered_null,False,polynomial_ridge,0.79,-0.0018056450994576242,-0.0046963352820552215,False,False
200,18,clustered_null,False,polynomial_ridge_interactions,0.945,-0.001377879601749156,-0.0035535046234478293,False,False
200,18,genuine_increment,True,polynomial_ridge,0.005,0.03607520756449248,0.026581177295423742,True,True
200,18,genuine_increment,True,polynomial_ridge_interactions,0.005,0.03703419098001546,0.027739999601779475,True,True
200,19,null_metric,False,polynomial_ridge,0.685,-0.0004361015869198126,-0.001584009600596386,False,False
200,19,null_metric,False,polynomial_ridge_interactions,0.195,-0.00015948603114406684,-0.000637527986644656,False,False
200,19,nonlinear_proxy,False,polynomial_ridge,0.73,-0.00021771091136198704,-0.0010862467676012882,False,False
200,19,nonlinear_proxy,False,polynomial_ridge_interactions,0.875,-0.0002498454094613783,-0.0005765432549767756,False,False
200,19,heteroskedastic_null,False,polynomial_ridge,0.43,-0.0008090150464532004,-0.00107444165757029,False,False
200,19,heteroskedastic_null,False,polynomial_ridge_interactions,0.79,-5.264747600833633e-05,-0.0003538704595237613,False,False
200,19,clustered_null,False,polynomial_ridge,0.005,0.0036943221413177976,-0.0016435071209383305,False,False
200,19,clustered_null,False,polynomial_ridge_interactions,0.005,0.0032017818346137938,-0.001234574055552504,False,False
200,19,genuine_increment,True,polynomial_ridge,0.005,0.04035650347867861,0.03271008306216692,True,True
200,19,genuine_increment,True,polynomial_ridge_interactions,0.005,0.03998863280848675,0.03058953784409961,True,True
200,20,null_metric,False,polynomial_ridge,0.52,-0.000937953259778735,-0.001979215158258584,False,False
200,20,null_metric,False,polynomial_ridge_interactions,0.995,-0.00019036361360838874,-0.0006812648363684325,False,False
200,20,nonlinear_proxy,False,polynomial_ridge,0.68,-0.00036865139313620784,-0.0003831519032462594,False,False
200,20,nonlinear_proxy,False,polynomial_ridge_interactions,0.85,-9.833321577572014e-05,-0.00027471026058466263,False,False
200,20,heteroskedastic_null,False,polynomial_ridge,0.32,-8.46077914105816e-05,-0.000741167936146865,False,False
200,20,heteroskedastic_null,False,polynomial_ridge_interactions,0.55,2.835672977387002e-05,-0.00028104021625905025,False,False
200,20,clustered_null,False,polynomial_ridge,0.18,-0.009813481712820628,-0.016554360286062938,False,False
200,20,clustered_null,False,polynomial_ridge_interactions,0.165,-0.0004715163179368209,-0.009345901843985918,False,False
200,20,genuine_increment,True,polynomial_ridge,0.005,0.04633297865310218,0.037109473847532964,True,True
200,20,genuine_increment,True,polynomial_ridge_interactions,0.005,0.048234466946009566,0.03612176750400162,True,True
200,21,null_metric,False,polynomial_ridge,0.75,-0.0010350545064311024,-0.0020540234963960027,False,False
200,21,null_metric,False,polynomial_ridge_interactions,0.99,-0.0005992126602941232,-0.0011683893610429405,False,False
200,21,nonlinear_proxy,False,polynomial_ridge,0.56,-0.00013010759801738297,-0.0003196789208805257,False,False
200,21,nonlinear_proxy,False,polynomial_ridge_interactions,0.965,-0.00016790723450503964,-0.0002969699642548209,False,False
200,21,heteroskedastic_null,False,polynomial_ridge,0.925,-0.0004279185661047076,-0.0007370088919335294,False,False
200,21,heteroskedastic_null,False,polynomial_ridge_interactions,0.47,-9.912133757006454e-05,-0.00030749308372234865,False,False
200,21,clustered_null,False,polynomial_ridge,0.89,-0.011343389097299823,-0.010676666346756595,False,False
200,21,clustered_null,False,polynomial_ridge_interactions,0.445,-0.0010891182796025634,-0.007971715309126852,False,False
200,21,genuine_increment,True,polynomial_ridge,0.005,0.0341217896647851,0.027738759255354548,True,True
200,21,genuine_increment,True,polynomial_ridge_interactions,0.005,0.03509676651547255,0.02708092125577746,True,True
200,22,null_metric,False,polynomial_ridge,0.65,0.0002819635710199636,-0.0021455336308964603,False,False
200,22,null_metric,False,polynomial_ridge_interactions,0.86,-0.00022682600036746242,-0.0011787894567396422,False,False
200,22,nonlinear_proxy,False,polynomial_ridge,0.37,-0.00016492016334974328,-0.00043489148643271656,False,False
200,22,nonlinear_proxy,False,polynomial_ridge_interactions,0.665,-9.005413951078574e-06,-0.00022672443113849142,False,False
200,22,heteroskedastic_null,False,polynomial_ridge,0.385,-0.0005178616427034058,-0.0006918003496139841,False,False
200,22,heteroskedastic_null,False,polynomial_ridge_interactions,0.485,-7.623281214173133e-05,-0.0003909261795255854,False,False
200,22,clustered_null,False,polynomial_ridge,0.115,0.001567110604146934,-0.008971520636897108,False,False
200,22,clustered_null,False,polynomial_ridge_interactions,0.155,0.0005633075206034968,-0.005205511377675059,False,False
200,22,genuine_increment,True,polynomial_ridge,0.005,0.039287963756461486,0.03189515840335164,True,True
200,22,genuine_increment,True,polynomial_ridge_interactions,0.005,0.040596756353099006,0.03177232327972622,True,True
200,23,null_metric,False,polynomial_ridge,1.0,-0.001268752153643589,-0.0022024564160108982,False,False
200,23,null_metric,False,polynomial_ridge_interactions,0.665,-0.0002856223591116182,-0.000946823562886092,False,False
200,23,nonlinear_proxy,False,polynomial_ridge,0.695,-0.00026085524332951533,-0.0005190120524261686,False,False
200,23,nonlinear_proxy,False,polynomial_ridge_interactions,0.315,-0.0002562704833783194,-0.00036282348785384865,False,False
200,23,heteroskedastic_null,False,polynomial_ridge,0.435,-0.0003548507971392889,-0.0007955205093128951,False,False
200,23,heteroskedastic_null,False,polynomial_ridge_interactions,0.4,-0.00021444222136628513,-0.00038103823930057333,False,False
200,23,clustered_null,False,polynomial_ridge,0.925,-0.0017065079724076487,-0.004425527370041122,False,False
200,23,clustered_null,False,polynomial_ridge_interactions,0.855,-0.0015195471088088747,-0.00396777306183498,False,False
200,23,genuine_increment,True,polynomial_ridge,0.005,0.04940071912832082,0.03592169377807054,True,True
200,23,genuine_increment,True,polynomial_ridge_interactions,0.005,0.05119078927970066,0.033469019861437466,True,True
200,24,null_metric,False,polynomial_ridge,0.805,-7.856714469827927e-05,-0.0017402307604812953,False,False
200,24,null_metric,False,polynomial_ridge_interactions,0.99,7.836860373789181e-05,-0.0005097894216294863,False,False
200,24,nonlinear_proxy,False,polynomial_ridge,0.985,-3.026628002237696e-05,-0.00034220702691444477,False,False
200,24,nonlinear_proxy,False,polynomial_ridge_interactions,0.52,9.572602093426297e-05,-0.00014332650343310484,False,False
200,24,heteroskedastic_null,False,polynomial_ridge,0.72,-0.00027939678510731456,-0.000932635963637274,False,False
200,24,heteroskedastic_null,False,polynomial_ridge_interactions,0.795,-7.922874229991834e-06,-0.0003596656118841445,False,False
200,24,clustered_null,False,polynomial_ridge,0.455,-0.0034173873158416246,-0.008668957085173004,False,False
200,24,clustered_null,False,polynomial_ridge_interactions,0.685,-0.0027461597821648864,-0.007108579840622025,False,False
200,24,genuine_increment,True,polynomial_ridge,0.005,0.03945577906062127,0.030542137487133064,True,True
200,24,genuine_increment,True,polynomial_ridge_interactions,0.005,0.039576665622496426,0.031062623219289612,True,True
300,0,null_metric,False,polynomial_ridge,0.745,-0.0007793974935987255,-0.0011995235380525813,False,False
300,0,null_metric,False,polynomial_ridge_interactions,0.875,-0.00033148279871047376,-0.0005605059769133376,False,False
300,0,nonlinear_proxy,False,polynomial_ridge,0.545,-0.00014917586539937768,-0.00022909543311132007,False,False
300,0,nonlinear_proxy,False,polynomial_ridge_interactions,0.55,7.65554719678943e-05,-0.0001336942372616104,False,False
300,0,heteroskedastic_null,False,polynomial_ridge,0.555,-0.0002831761609169512,-0.000640220531773122,False,False
300,0,heteroskedastic_null,False,polynomial_ridge_interactions,0.54,-0.0001842517736843942,-0.0003967215062486742,False,False
300,0,clustered_null,False,polynomial_ridge,0.44,-0.00026390599937889045,-0.0061101330146960805,False,False
300,0,clustered_null,False,polynomial_ridge_interactions,0.315,-0.00031613104231532907,-0.0039348207496335665,False,False
300,0,genuine_increment,True,polynomial_ridge,0.005,0.045076626876068185,0.03715859313342447,True,True
300,0,genuine_increment,True,polynomial_ridge_interactions,0.005,0.04584509037471712,0.03645507754993459,True,True
300,1,null_metric,False,polynomial_ridge,0.245,-0.0007532968659451043,-0.0009412130553863197,False,False
300,1,null_metric,False,polynomial_ridge_interactions,0.15,-0.00023898595132886002,-0.0003552618349036538,False,False
300,1,nonlinear_proxy,False,polynomial_ridge,0.36,-0.00028577504520632506,-0.0004166302583796997,False,False
300,1,nonlinear_proxy,False,polynomial_ridge_interactions,0.2,-5.141539908579563e-05,-0.0002700848101191408,False,False
300,1,heteroskedastic_null,False,polynomial_ridge,0.785,-0.0005258008370825889,-0.0004268553250380962,False,False
300,1,heteroskedastic_null,False,polynomial_ridge_interactions,0.87,-3.820762995005063e-05,-0.0001845289761292431,False,False
300,1,clustered_null,False,polynomial_ridge,0.225,-0.0013742267548079827,-0.005922234307013454,False,False
300,1,clustered_null,False,polynomial_ridge_interactions,0.23,-0.0015706670989127647,-0.0028149297413917317,False,False
300,1,genuine_increment,True,polynomial_ridge,0.005,0.04136730621171351,0.035774242257281576,True,True
300,1,genuine_increment,True,polynomial_ridge_interactions,0.005,0.04157912761932703,0.03451694973011058,True,True
300,2,null_metric,False,polynomial_ridge,0.81,-0.0005783811800563025,-0.001142911236885987,False,False
300,2,null_metric,False,polynomial_ridge_interactions,0.45,-0.0001173344860323812,-0.00031271849244153256,False,False
300,2,nonlinear_proxy,False,polynomial_ridge,0.93,0.0003531749448232417,-0.00015139962720522046,False,False
300,2,nonlinear_proxy,False,polynomial_ridge_interactions,0.715,-6.917415807137454e-05,-0.000281798361857533,False,False
300,2,heteroskedastic_null,False,polynomial_ridge,0.755,-9.108880278087955e-05,-0.0005402003530861533,False,False
300,2,heteroskedastic_null,False,polynomial_ridge_interactions,0.875,-0.00012753000825005759,-0.0002809928033225188,False,False
300,2,clustered_null,False,polynomial_ridge,0.23,1.9067429086236376e-05,-0.0021921780984825493,False,False
300,2,clustered_null,False,polynomial_ridge_interactions,0.685,-0.0009449688835478417,-0.0020927513404707136,False,False
300,2,genuine_increment,True,polynomial_ridge,0.005,0.03720807523661608,0.0310836869956775,True,True
300,2,genuine_increment,True,polynomial_ridge_interactions,0.005,0.03776529161298747,0.03196552011762723,True,True
300,3,null_metric,False,polynomial_ridge,0.7,-0.0005560782797736953,-0.0013179264246968281,False,False
300,3,null_metric,False,polynomial_ridge_interactions,0.375,-3.8326796504738886e-05,-0.00046660351614056085,False,False
300,3,nonlinear_proxy,False,polynomial_ridge,0.735,-0.00019890493996307154,-0.00024326211268533692,False,False
300,3,nonlinear_proxy,False,polynomial_ridge_interactions,0.95,-2.9423250328633466e-05,-9.667240360314126e-05,False,False
300,3,heteroskedastic_null,False,polynomial_ridge,0.595,-0.00010340947258102515,-0.0003371526607260154,False,False
300,3,heteroskedastic_null,False,polynomial_ridge_interactions,0.575,-0.00017596814826969023,-0.0004044159831346768,False,False
300,3,clustered_null,False,polynomial_ridge,0.36,-0.0009522742940417956,-0.002867080925238598,False,False
300,3,clustered_null,False,polynomial_ridge_interactions,0.355,0.0005306443137746263,-0.0013537260368351757,False,False
300,3,genuine_increment,True,polynomial_ridge,0.005,0.03659794710376422,0.03002911897380689,True,True
300,3,genuine_increment,True,polynomial_ridge_interactions,0.005,0.03617395458479439,0.030259210057366388,True,True
300,4,null_metric,False,polynomial_ridge,0.86,-0.001005828198549899,-0.0014386887443339144,False,False
300,4,null_metric,False,polynomial_ridge_interactions,0.58,-0.00022835956219830963,-0.0005709286767179728,False,False
300,4,nonlinear_proxy,False,polynomial_ridge,0.715,0.00020523625314665481,-8.43053371756425e-05,False,False
300,4,nonlinear_proxy,False,polynomial_ridge_interactions,0.88,-1.6062747543628408e-06,-0.00020613225072764764,False,False
300,4,heteroskedastic_null,False,polynomial_ridge,0.425,-0.0002577574663230973,-0.00035584129280350217,False,False
300,4,heteroskedastic_null,False,polynomial_ridge_interactions,0.41,-0.00011884249149000155,-0.00020631931233346226,False,False
300,4,clustered_null,False,polynomial_ridge,0.44,-0.0011576467337458003,-0.003536800862636884,False,False
300,4,clustered_null,False,polynomial_ridge_interactions,0.42,-0.00017476892320386628,-0.0015664027264564904,False,False
300,4,genuine_increment,True,polynomial_ridge,0.005,0.03687506412966455,0.03027847940822203,True,True
300,4,genuine_increment,True,polynomial_ridge_interactions,0.005,0.03566126849214787,0.029089763937028636,True,True
300,5,null_metric,False,polynomial_ridge,0.95,-0.0008259592420211716,-0.0013497541823173287,False,False
300,5,null_metric,False,polynomial_ridge_interactions,0.96,-5.691586583067565e-05,-0.00042207534821545425,False,False
300,5,nonlinear_proxy,False,polynomial_ridge,0.215,-0.00012867775436549433,-0.00021419031057221352,False,False
300,5,nonlinear_proxy,False,polynomial_ridge_interactions,0.08,-0.00010075929642616721,-0.00024946242638713577,False,False
300,5,heteroskedastic_null,False,polynomial_ridge,0.71,-0.00011526966842842316,-0.0004527535223888476,False,False
300,5,heteroskedastic_null,False,polynomial_ridge_interactions,0.39,-0.00012126435879986422,-0.0002893723798970716,False,False
300,5,clustered_null,False,polynomial_ridge,0.895,-0.0026999038841921293,-0.004263241961793855,False,False
300,5,clustered_null,False,polynomial_ridge_interactions,0.415,-0.0013085228640412581,-0.0034536913787529787,False,False
300,5,genuine_increment,True,polynomial_ridge,0.005,0.03532206981018305,0.02872317786318442,True,True
300,5,genuine_increment,True,polynomial_ridge_interactions,0.005,0.03441322007270731,0.028141174365069053,True,True
300,6,null_metric,False,polynomial_ridge,0.37,-0.0006898285059227134,-0.001096876315429933,False,False
300,6,null_metric,False,polynomial_ridge_interactions,0.48,-0.0002706708209567234,-0.0006437241074212158,False,False
300,6,nonlinear_proxy,False,polynomial_ridge,0.35,2.120920606328569e-05,-0.0002543369893017872,False,False
300,6,nonlinear_proxy,False,polynomial_ridge_interactions,0.54,-0.00010272922781203158,-0.0001346476905547419,False,False
300,6,heteroskedastic_null,False,polynomial_ridge,0.63,-0.00022056209166165276,-0.00044107524601208557,False,False
300,6,heteroskedastic_null,False,polynomial_ridge_interactions,0.54,-8.510391277384913e-05,-0.0002911575189630944,False,False
300,6,clustered_null,False,polynomial_ridge,0.715,-0.002238028773025768,-0.006874698767734826,False,False
300,6,clustered_null,False,polynomial_ridge_interactions,0.77,-0.0008077788425081729,-0.0032364453290138952,False,False
300,6,genuine_increment,True,polynomial_ridge,0.005,0.04289957525069147,0.0343994637134008,True,True
300,6,genuine_increment,True,polynomial_ridge_interactions,0.005,0.041625067575146314,0.03442012034029326,True,True
300,7,null_metric,False,polynomial_ridge,0.33,-0.0006722830261104984,-0.0013532162374304628,False,False
300,7,null_metric,False,polynomial_ridge_interactions,0.26,-0.0003945366694153678,-0.0004300969459951667,False,False
300,7,nonlinear_proxy,False,polynomial_ridge,0.815,-0.00012782692969643197,-0.00017162785591151664,False,False
300,7,nonlinear_proxy,False,polynomial_ridge_interactions,0.68,-9.232233841930011e-05,-0.000111370667308259,False,False
300,7,heteroskedastic_null,False,polynomial_ridge,0.635,-0.0003859352772463201,-0.0005412566392558689,False,False
300,7,heteroskedastic_null,False,polynomial_ridge_interactions,0.805,-9.167369488284442e-05,-0.000230922916560775,False,False
300,7,clustered_null,False,polynomial_ridge,0.71,-0.0009290899321264846,-0.0027477446839286905,False,False
300,7,clustered_null,False,polynomial_ridge_interactions,0.74,-0.0004866661689215644,-0.00244994102418497,False,False
300,7,genuine_increment,True,polynomial_ridge,0.005,0.045647248562630555,0.03892417386729792,True,True
300,7,genuine_increment,True,polynomial_ridge_interactions,0.005,0.04526366372585852,0.03853294603282456,True,True
300,8,null_metric,False,polynomial_ridge,0.92,-0.0007807391730158091,-0.0009937912717910922,False,False
300,8,null_metric,False,polynomial_ridge_interactions,0.765,-9.917591739150994e-05,-0.0004605253764333995,False,False
300,8,nonlinear_proxy,False,polynomial_ridge,0.715,-3.475043479876736e-05,-0.0002806997697795594,False,False
300,8,nonlinear_proxy,False,polynomial_ridge_interactions,0.955,-0.00021327498623196703,-0.0002227898122596829,False,False
300,8,heteroskedastic_null,False,polynomial_ridge,0.38,-0.0004208793614239644,-0.0005387080960335341,False,False
300,8,heteroskedastic_null,False,polynomial_ridge_interactions,0.205,-7.315734676600037e-05,-0.00048272935565086525,False,False
300,8,clustered_null,False,polynomial_ridge,0.075,-0.002193913033966398,-0.00463726755435851,False,False
300,8,clustered_null,False,polynomial_ridge_interactions,0.625,-0.0014629166776448273,-0.0033264603166500315,False,False
300,8,genuine_increment,True,polynomial_ridge,0.005,0.04988214013288428,0.04155662087446683,True,True
300,8,genuine_increment,True,polynomial_ridge_interactions,0.005,0.04898299386225549,0.04041333457439877,True,True
300,9,null_metric,False,polynomial_ridge,0.745,-0.0007165076669240732,-0.0011144605573447594,False,False
300,9,null_metric,False,polynomial_ridge_interactions,0.92,-0.00019821723011181902,-0.0003759597398144115,False,False
300,9,nonlinear_proxy,False,polynomial_ridge,0.965,-0.00028531013128172897,-0.0004324084335905299,False,False
300,9,nonlinear_proxy,False,polynomial_ridge_interactions,0.485,-0.00010123864927860486,-0.00027507506196150456,False,False
300,9,heteroskedastic_null,False,polynomial_ridge,0.145,-0.00012491216782002483,-0.0002794834282000167,False,False
300,9,heteroskedastic_null,False,polynomial_ridge_interactions,0.055,-9.776932400464705e-05,-0.00027363082000434293,False,False
300,9,clustered_null,False,polynomial_ridge,0.735,6.690362527338699e-05,-0.0020878791340802356,False,False
300,9,clustered_null,False,polynomial_ridge_interactions,0.935,1.3115354798042683e-05,-0.0011787139256072058,False,False
300,9,genuine_increment,True,polynomial_ridge,0.005,0.03698709603392698,0.029069723945318128,True,True
300,9,genuine_increment,True,polynomial_ridge_interactions,0.005,0.03605657525694181,0.029041992571166148,True,True
300,10,null_metric,False,polynomial_ridge,0.275,-0.0004282413284815399,-0.00114729868516483,False,False
300,10,null_metric,False,polynomial_ridge_interactions,0.54,-0.00022556341698681467,-0.00037039561600290107,False,False
300,10,nonlinear_proxy,False,polynomial_ridge,0.83,-5.095951606288399e-05,-0.00021955905354121777,False,False
300,10,nonlinear_proxy,False,polynomial_ridge_interactions,0.985,-3.943113382345355e-06,-0.00021220494011953709,False,False
300,10,heteroskedastic_null,False,polynomial_ridge,0.18,-0.0004428147560569381,-0.00046062419728164564,False,False
300,10,heteroskedastic_null,False,polynomial_ridge_interactions,0.075,-6.396502816982501e-05,-0.0002419848282619906,False,False
300,10,clustered_null,False,polynomial_ridge,0.08,-0.0025966609847836823,-0.0042395537102736715,False,False
300,10,clustered_null,False,polynomial_ridge_interactions,0.305,-0.002753987190441041,-0.0025630127643086055,False,False
300,10,genuine_increment,True,polynomial_ridge,0.005,0.038386078196435997,0.03261261150307064,True,True
300,10,genuine_increment,True,polynomial_ridge_interactions,0.005,0.03879628402361976,0.031596508388693594,True,True
300,11,null_metric,False,polynomial_ridge,0.695,-0.0010769357437333295,-0.001371559040825024,False,False
300,11,null_metric,False,polynomial_ridge_interactions,0.595,-0.00026521428252717846,-0.0005819622851418503,False,False
300,11,nonlinear_proxy,False,polynomial_ridge,0.315,1.852745444495471e-05,-9.888279838168872e-05,False,False
300,11,nonlinear_proxy,False,polynomial_ridge_interactions,0.515,0.00015328911492752586,-0.0001668086441258753,False,False
300,11,heteroskedastic_null,False,polynomial_ridge,0.23,-0.00022247006912117819,-0.0004085971731754419,False,False
300,11,heteroskedastic_null,False,polynomial_ridge_interactions,0.085,6.822889437580956e-06,-0.00013105644995957904,False,False
300,11,clustered_null,False,polynomial_ridge,0.905,-0.0014116966586951926,-0.003135471589935065,False,False
300,11,clustered_null,False,polynomial_ridge_interactions,0.71,-0.0008332880337873702,-0.002330733064926148,False,False
300,11,genuine_increment,True,polynomial_ridge,0.005,0.042142120867765025,0.03477928525887899,True,True
300,11,genuine_increment,True,polynomial_ridge_interactions,0.005,0.04151945543238252,0.03479036384497351,True,True
300,12,null_metric,False,polynomial_ridge,0.88,-0.0009779110507193538,-0.0012091096861855694,False,False
300,12,null_metric,False,polynomial_ridge_interactions,0.68,3.872685016407043e-05,-0.0004475896142235626,False,False
300,12,nonlinear_proxy,False,polynomial_ridge,0.7,-0.00020101561406497305,-0.0003388831870618711,False,False
300,12,nonlinear_proxy,False,polynomial_ridge_interactions,0.69,-0.0001224945223593189,-0.00021412982471703798,False,False
300,12,heteroskedastic_null,False,polynomial_ridge,0.19,-0.00044700210330330184,-0.0006286552790892079,False,False
300,12,heteroskedastic_null,False,polynomial_ridge_interactions,0.27,-0.00011039996187976221,-0.0002364027741375064,False,False
300,12,clustered_null,False,polynomial_ridge,0.29,-0.0010126518189607983,-0.0038225397272026213,False,False
300,12,clustered_null,False,polynomial_ridge_interactions,0.6,-0.001159792268373254,-0.001245561424543625,False,False
300,12,genuine_increment,True,polynomial_ridge,0.005,0.04046375325677292,0.03417061004007869,True,True
300,12,genuine_increment,True,polynomial_ridge_interactions,0.005,0.039752603689073726,0.03325897811097466,True,True
300,13,null_metric,False,polynomial_ridge,0.445,-0.0008258993067251433,-0.0012279238627484624,False,False
300,13,null_metric,False,polynomial_ridge_interactions,0.4,-0.0003361726518829322,-0.0006716868328509529,False,False
300,13,nonlinear_proxy,False,polynomial_ridge,0.45,0.00010483075506837348,-0.00016467019322525235,False,False
300,13,nonlinear_proxy,False,polynomial_ridge_interactions,0.58,-5.2978991675744526e-05,-0.0001713664492721859,False,False
300,13,heteroskedastic_null,False,polynomial_ridge,0.475,-0.0001927110336697145,-0.0004243434917026455,False,False
300,13,heteroskedastic_null,False,polynomial_ridge_interactions,0.355,0.00017490465304955717,-0.00015624832991046508,False,False
300,13,clustered_null,False,polynomial_ridge,0.75,-0.0018288192031348134,-0.004213626665904414,False,False
300,13,clustered_null,False,polynomial_ridge_interactions,0.475,0.0006039646960605757,-0.002342620507126315,False,False
300,13,genuine_increment,True,polynomial_ridge,0.005,0.04451827973529053,0.03676240302157073,True,True
300,13,genuine_increment,True,polynomial_ridge_interactions,0.005,0.042975116243926234,0.03406310282913021,True,True
300,14,null_metric,False,polynomial_ridge,0.44,-0.0006541811882553247,-0.001485055315887908,False,False
300,14,null_metric,False,polynomial_ridge_interactions,0.455,-0.0002811515153521467,-0.0008346264995484805,False,False
300,14,nonlinear_proxy,False,polynomial_ridge,0.24,-4.32201261048289e-05,-0.0002530771215997692,False,False
300,14,nonlinear_proxy,False,polynomial_ridge_interactions,0.08,9.110925754340915e-06,-0.0002509726081918203,False,False
300,14,heteroskedastic_null,False,polynomial_ridge,0.89,-0.00015774123812105963,-0.00036002605169517413,False,False
300,14,heteroskedastic_null,False,polynomial_ridge_interactions,0.725,-4.783288461317984e-05,-0.00012639983390216547,False,False
300,14,clustered_null,False,polynomial_ridge,0.83,-0.0024033619699545383,-0.003770766795585747,False,False
300,14,clustered_null,False,polynomial_ridge_interactions,0.235,-0.0009019450448453075,-0.001983195289591153,False,False
300,14,genuine_increment,True,polynomial_ridge,0.005,0.03576187018565423,0.030685326614741795,True,True
300,14,genuine_increment,True,polynomial_ridge_interactions,0.005,0.036440521905087564,0.0316896419919,True,True
300,15,null_metric,False,polynomial_ridge,0.705,-0.0007874770926923624,-0.001291143820390291,False,False
300,15,null_metric,False,polynomial_ridge_interactions,0.79,-3.280367197398826e-05,-0.0004876705997137841,False,False
300,15,nonlinear_proxy,False,polynomial_ridge,0.935,2.233780596974915e-05,-0.0003195077148913113,False,False
300,15,nonlinear_proxy,False,polynomial_ridge_interactions,0.605,-2.429562246643313e-06,-0.0002029494433841089,False,False
300,15,heteroskedastic_null,False,polynomial_ridge,0.135,-0.0001872978281920873,-0.0005131445808100575,False,False
300,15,heteroskedastic_null,False,polynomial_ridge_interactions,0.085,-4.838903765860304e-05,-0.0002578481557897838,False,False
300,15,clustered_null,False,polynomial_ridge,0.47,-0.0035470032421950452,-0.005608195713704304,False,False
300,15,clustered_null,False,polynomial_ridge_interactions,0.775,-0.0021031624104048997,-0.003769038209494308,False,False
300,15,genuine_increment,True,polynomial_ridge,0.005,0.04675382022669176,0.03706906826853877,True,True
300,15,genuine_increment,True,polynomial_ridge_interactions,0.005,0.04598098028813836,0.03767965284178279,True,True
300,16,null_metric,False,polynomial_ridge,0.705,-0.0002067854425609264,-0.001079714518679195,False,False
300,16,null_metric,False,polynomial_ridge_interactions,0.99,-0.0003619494814229851,-0.0005050353371039782,False,False
300,16,nonlinear_proxy,False,polynomial_ridge,0.475,-5.597133148567326e-05,-0.00016779104611854703,False,False
300,16,nonlinear_proxy,False,polynomial_ridge_interactions,0.81,-1.5031465744712313e-06,-7.971934049201021e-05,False,False
300,16,heteroskedastic_null,False,polynomial_ridge,0.555,-0.0002786750432863163,-0.0005466060376400031,False,False
300,16,heteroskedastic_null,False,polynomial_ridge_interactions,0.585,-7.759820804771611e-05,-0.00022318405294102098,False,False
300,16,clustered_null,False,polynomial_ridge,0.73,-0.0011603130972949564,-0.004326997115755212,False,False
300,16,clustered_null,False,polynomial_ridge_interactions,0.63,-0.000450259289672697,-0.004458377131959978,False,False
300,16,genuine_increment,True,polynomial_ridge,0.005,0.04344204057713895,0.035331026569745266,True,True
300,16,genuine_increment,True,polynomial_ridge_interactions,0.005,0.04314258473503167,0.03390417842030976,True,True
300,17,null_metric,False,polynomial_ridge,0.845,-0.0007073241460981046,-0.0009810395183958826,False,False
300,17,null_metric,False,polynomial_ridge_interactions,0.945,-0.00018277416577786032,-0.0005128633742799637,False,False
300,17,nonlinear_proxy,False,polynomial_ridge,0.08,-0.0003523921785725786,-0.0004120943919866645,False,False
300,17,nonlinear_proxy,False,polynomial_ridge_interactions,0.13,-8.405646585501851e-05,-0.0002742553100510196,False,False
300,17,heteroskedastic_null,False,polynomial_ridge,0.81,-0.00012076877074879665,-0.00048747448727480655,False,False
300,17,heteroskedastic_null,False,polynomial_ridge_interactions,0.965,-3.51381532822043e-05,-0.00013633741542034712,False,False
300,17,clustered_null,False,polynomial_ridge,0.465,-0.0011914472021839068,-0.002872696428242758,False,False
300,17,clustered_null,False,polynomial_ridge_interactions,0.85,-0.00034904610182517025,-0.0020917180480656975,False,False
300,17,genuine_increment,True,polynomial_ridge,0.005,0.04469088592381106,0.03645382390891135,True,True
300,17,genuine_increment,True,polynomial_ridge_interactions,0.005,0.04605961077786996,0.036856589113445436,True,True
300,18,null_metric,False,polynomial_ridge,0.27,-0.00048608062376827993,-0.0009687360925556852,False,False
300,18,null_metric,False,polynomial_ridge_interactions,0.235,-8.939340696317508e-05,-0.00039113791860568084,False,False
300,18,nonlinear_proxy,False,polynomial_ridge,0.485,-0.00017449640433843394,-0.00025865701320121185,False,False
300,18,nonlinear_proxy,False,polynomial_ridge_interactions,0.49,-3.196417007687857e-05,-0.00020519663226688066,False,False
300,18,heteroskedastic_null,False,polynomial_ridge,0.285,-0.00017696415819372195,-0.00045256460089146774,False,False
300,18,heteroskedastic_null,False,polynomial_ridge_interactions,0.13,-4.60109482408079e-05,-0.0002827635554389368,False,False
300,18,clustered_null,False,polynomial_ridge,0.625,-0.0013832298138489255,-0.003796483222826265,False,False
300,18,clustered_null,False,polynomial_ridge_interactions,0.89,-0.001051513041352422,-0.0024861380975067762,False,False
300,18,genuine_increment,True,polynomial_ridge,0.005,0.042173496086961346,0.03501491665145518,True,True
300,18,genuine_increment,True,polynomial_ridge_interactions,0.005,0.04246588542354831,0.035199914540629436,True,True
300,19,null_metric,False,polynomial_ridge,0.095,-0.0008937186053324143,-0.0012154360934844902,False,False
300,19,null_metric,False,polynomial_ridge_interactions,0.105,-5.444343423866016e-06,-0.0003815234054469917,False,False
300,19,nonlinear_proxy,False,polynomial_ridge,0.29,-0.0001487260588967157,-0.00028921935683220166,False,False
300,19,nonlinear_proxy,False,polynomial_ridge_interactions,0.15,-9.727652288377825e-05,-0.0002432743391299916,False,False
300,19,heteroskedastic_null,False,polynomial_ridge,0.76,-0.0003823511200106069,-0.00041371671247605196,False,False
300,19,heteroskedastic_null,False,polynomial_ridge_interactions,0.735,-3.89240765840803e-05,-0.0002361328681768659,False,False
300,19,clustered_null,False,polynomial_ridge,0.04,-0.0018003192640756727,-0.003794749614000786,False,False
300,19,clustered_null,False,polynomial_ridge_interactions,0.345,-0.0016841947377850067,-0.002742703338604458,False,False
300,19,genuine_increment,True,polynomial_ridge,0.005,0.04250326904583711,0.03338656854310532,True,True
300,19,genuine_increment,True,polynomial_ridge_interactions,0.005,0.04319930470785024,0.03379265194889631,True,True
300,20,null_metric,False,polynomial_ridge,0.09,-6.364926400110466e-05,-0.0011178196172212196,False,False
300,20,null_metric,False,polynomial_ridge_interactions,0.08,-0.00020946341224177545,-0.0005687201631876197,False,False
300,20,nonlinear_proxy,False,polynomial_ridge,0.21,-0.00017096444154418404,-0.00029087240763747615,False,False
300,20,nonlinear_proxy,False,polynomial_ridge_interactions,0.085,-6.367152285955812e-05,-0.0001068406476991429,False,False
300,20,heteroskedastic_null,False,polynomial_ridge,0.235,-0.0001688155002575742,-0.0005635905779848708,False,False
300,20,heteroskedastic_null,False,polynomial_ridge_interactions,0.2,-4.998378174538888e-05,-0.0002100632672333214,False,False
300,20,clustered_null,False,polynomial_ridge,0.645,0.0007924615118090061,-0.002235107214109624,False,False
300,20,clustered_null,False,polynomial_ridge_interactions,0.615,-0.0012682631951072484,-0.0038210754821260814,False,False
300,20,genuine_increment,True,polynomial_ridge,0.005,0.04412674211650078,0.03572297802542403,True,True
300,20,genuine_increment,True,polynomial_ridge_interactions,0.005,0.042955248246168254,0.035661227512162455,True,True
300,21,null_metric,False,polynomial_ridge,0.985,-0.0006301272030838599,-0.0013192171710302287,False,False
300,21,null_metric,False,polynomial_ridge_interactions,0.835,-0.0003340980372721798,-0.0004874552799230271,False,False
300,21,nonlinear_proxy,False,polynomial_ridge,0.605,-0.0002286138087481352,-0.00028927814384976746,False,False
300,21,nonlinear_proxy,False,polynomial_ridge_interactions,0.815,-4.447818679000244e-05,-0.00021084704416216452,False,False
300,21,heteroskedastic_null,False,polynomial_ridge,0.89,-0.00036375597030208207,-0.00047242408649610367,False,False
300,21,heteroskedastic_null,False,polynomial_ridge_interactions,0.835,-9.230372812451745e-06,-0.00018091886093905726,False,False
300,21,clustered_null,False,polynomial_ridge,0.915,-0.0005343943968014273,-0.0037268718140473474,False,False
300,21,clustered_null,False,polynomial_ridge_interactions,0.715,-0.0005218681689897805,-0.0033716971518647546,False,False
300,21,genuine_increment,True,polynomial_ridge,0.005,0.04578063195886118,0.0389803714790236,True,True
300,21,genuine_increment,True,polynomial_ridge_interactions,0.005,0.04533529572457799,0.03837963774333006,True,True
300,22,null_metric,False,polynomial_ridge,0.88,-0.0009924566391793024,-0.0009196511529451455,False,False
300,22,null_metric,False,polynomial_ridge_interactions,0.94,-0.00023886626561566218,-0.00044028926437636483,False,False
300,22,nonlinear_proxy,False,polynomial_ridge,0.005,-5.3576193219422724e-05,-0.00019124248782793343,False,False
300,22,nonlinear_proxy,False,polynomial_ridge_interactions,0.015,-1.4851571301490243e-06,-0.00013940243209150776,False,False
300,22,heteroskedastic_null,False,polynomial_ridge,0.68,-0.0004467766135670889,-0.00042998539195756474,False,False
300,22,heteroskedastic_null,False,polynomial_ridge_interactions,0.24,6.835076908831561e-05,-0.0002198902093936009,False,False
300,22,clustered_null,False,polynomial_ridge,0.56,-0.0010607002809438649,-0.0029485908297332405,False,False
300,22,clustered_null,False,polynomial_ridge_interactions,0.235,-0.0005619625509210892,-0.00166707130095868,False,False
300,22,genuine_increment,True,polynomial_ridge,0.005,0.04070234055651611,0.03344229472182526,True,True
300,22,genuine_increment,True,polynomial_ridge_interactions,0.005,0.03980169726766299,0.03335840177998409,True,True
300,23,null_metric,False,polynomial_ridge,0.805,-0.0006333461665773352,-0.0013880280512107983,False,False
300,23,null_metric,False,polynomial_ridge_interactions,0.8,-0.0005706902021705429,-0.0006449494857299665,False,False
300,23,nonlinear_proxy,False,polynomial_ridge,0.705,2.8384682367477848e-05,-0.00028831096615883155,False,False
300,23,nonlinear_proxy,False,polynomial_ridge_interactions,0.775,-5.7884890979222926e-05,-0.000176275247455427,False,False
300,23,heteroskedastic_null,False,polynomial_ridge,0.815,3.871402034969808e-05,-0.0002447952568846381,False,False
300,23,heteroskedastic_null,False,polynomial_ridge_interactions,0.51,-5.184721282384952e-05,-0.00017383209943176142,False,False
300,23,clustered_null,False,polynomial_ridge,0.085,0.00016193767758464553,-0.004831605447663884,False,False
300,23,clustered_null,False,polynomial_ridge_interactions,0.045,-0.0012449930041250681,-0.005285945683603581,False,False
300,23,genuine_increment,True,polynomial_ridge,0.005,0.04170517454105841,0.03518365063997899,True,True
300,23,genuine_increment,True,polynomial_ridge_interactions,0.005,0.041501805300260944,0.034920232208098895,True,True
300,24,null_metric,False,polynomial_ridge,0.215,-0.00034392392947402844,-0.0008277502096625387,False,False
300,24,null_metric,False,polynomial_ridge_interactions,0.295,-0.00012918494757185178,-0.00036683927003107914,False,False
300,24,nonlinear_proxy,False,polynomial_ridge,0.57,-0.00012045322648753659,-0.00029637474936567375,False,False
300,24,nonlinear_proxy,False,polynomial_ridge_interactions,0.82,0.00020008065514043587,-0.00010035901642778625,False,False
300,24,heteroskedastic_null,False,polynomial_ridge,0.925,-0.00017727880687578093,-0.0004239859259734983,False,False
300,24,heteroskedastic_null,False,polynomial_ridge_interactions,0.935,-9.558104494809296e-05,-0.0001949398309595611,False,False
300,24,clustered_null,False,polynomial_ridge,0.41,-0.0021734186515905973,-0.0036982360277004905,False,False
300,24,clustered_null,False,polynomial_ridge_interactions,0.27,-0.0028694584173998457,-0.0019038116901247744,False,False
300,24,genuine_increment,True,polynomial_ridge,0.005,0.039880095661108714,0.032919832292781614,True,True
300,24,genuine_increment,True,polynomial_ridge_interactions,0.005,0.03891193267934227,0.031462143058545534,True,True
