sample_size,repetition,scenario,expected_increment,nuisance_model,residual_p,delta_mse,refit_delta_mse_ci_low,joint_supported,predictive_supported
100,0,null_metric,False,polynomial_ridge,0.62,-0.002318328328969912,-0.0068866353613651204,False,False
100,0,null_metric,False,polynomial_ridge_interactions,0.805,0.00015435017684846397,-0.0015263934433829482,False,False
100,0,nonlinear_proxy,False,polynomial_ridge,0.315,-0.0008159568008949993,-0.0009054088643096256,False,False
100,0,nonlinear_proxy,False,polynomial_ridge_interactions,0.42,-7.126327075698824e-05,-0.0003439874194714271,False,False
100,0,heteroskedastic_null,False,polynomial_ridge,0.45,-0.0011041948759495865,-0.0024209988181779587,False,False
100,0,heteroskedastic_null,False,polynomial_ridge_interactions,0.955,-3.571830213214104e-05,-0.0007951198002520538,False,False
100,0,clustered_null,False,polynomial_ridge,0.485,-0.0008407656190200438,-0.029751176573610073,False,False
100,0,clustered_null,False,polynomial_ridge_interactions,0.88,-0.004807514964335381,-0.026754564591399164,False,False
100,0,genuine_increment,True,polynomial_ridge,0.005,0.04744633614994419,0.03367959932560265,True,True
100,0,genuine_increment,True,polynomial_ridge_interactions,0.005,0.054197165856697316,0.03265217858566191,True,True
100,1,null_metric,False,polynomial_ridge,0.405,-0.0036603309038172327,-0.006328786944662725,False,False
100,1,null_metric,False,polynomial_ridge_interactions,0.325,-8.913306508779792e-05,-0.0019653043813838904,False,False
100,1,nonlinear_proxy,False,polynomial_ridge,0.745,0.00013875583207770183,-0.0012038829789286969,False,False
100,1,nonlinear_proxy,False,polynomial_ridge_interactions,0.61,-7.449559056070185e-06,-0.0007444416387306903,False,False
100,1,heteroskedastic_null,False,polynomial_ridge,0.665,-0.0011050348554812687,-0.002762335676390904,False,False
100,1,heteroskedastic_null,False,polynomial_ridge_interactions,0.415,-6.112004116798526e-05,-0.0015323789158046437,False,False
100,1,clustered_null,False,polynomial_ridge,0.06,-0.005988178945391092,-0.04812933210990108,False,False
100,1,clustered_null,False,polynomial_ridge_interactions,0.015,-0.001604098054393651,-0.014366401816196436,False,False
100,1,genuine_increment,True,polynomial_ridge,0.005,0.04397148215135253,0.029347812804596494,True,True
100,1,genuine_increment,True,polynomial_ridge_interactions,0.005,0.04045543821869929,0.02704731654245924,True,True
100,2,null_metric,False,polynomial_ridge,0.14,-0.0038782902648369227,-0.004345632382762756,False,False
100,2,null_metric,False,polynomial_ridge_interactions,0.355,-0.0009757025722698272,-0.0015194276885323978,False,False
100,2,nonlinear_proxy,False,polynomial_ridge,0.405,-7.925385344050972e-05,-0.0005428694585648622,False,False
100,2,nonlinear_proxy,False,polynomial_ridge_interactions,0.245,-0.00015259099140525235,-0.00046547589469170725,False,False
100,2,heteroskedastic_null,False,polynomial_ridge,0.515,-0.0016639346561733367,-0.0024546680349436813,False,False
100,2,heteroskedastic_null,False,polynomial_ridge_interactions,0.255,-0.00033692568413987156,-0.0013683111373714815,False,False
100,2,clustered_null,False,polynomial_ridge,0.25,-0.010258783681936806,-0.0857848747746939,False,False
100,2,clustered_null,False,polynomial_ridge_interactions,0.065,0.004168834020070615,-0.11313535064538643,False,False
100,2,genuine_increment,True,polynomial_ridge,0.005,0.03832810851488228,0.025513630352459363,True,True
100,2,genuine_increment,True,polynomial_ridge_interactions,0.005,0.033691938964442655,0.024387338203276737,True,True
100,3,null_metric,False,polynomial_ridge,0.505,-0.0034630237509755864,-0.005748973777863891,False,False
100,3,null_metric,False,polynomial_ridge_interactions,0.69,-0.002179960873949123,-0.0026387259306200625,False,False
100,3,nonlinear_proxy,False,polynomial_ridge,0.07,-0.0002028898164717994,-0.0016655731274804644,False,False
100,3,nonlinear_proxy,False,polynomial_ridge_interactions,0.03,-0.00020927418725078927,-0.0007967467798784153,False,False
100,3,heteroskedastic_null,False,polynomial_ridge,0.305,-0.00025886304393903103,-0.001379022864067448,False,False
100,3,heteroskedastic_null,False,polynomial_ridge_interactions,0.52,-0.00017473755418916798,-0.0005247189296132382,False,False
100,3,clustered_null,False,polynomial_ridge,0.75,-0.04720887989771063,-0.08857087164542124,False,False
100,3,clustered_null,False,polynomial_ridge_interactions,0.715,-0.018340304344086178,-0.1553434904450503,False,False
100,3,genuine_increment,True,polynomial_ridge,0.005,0.053884454107716286,0.03646121675182173,True,True
100,3,genuine_increment,True,polynomial_ridge_interactions,0.005,0.05166844511520474,0.03349084453218168,True,True
100,4,null_metric,False,polynomial_ridge,0.7,0.00020763791973373025,-0.0040784366311408405,False,False
100,4,null_metric,False,polynomial_ridge_interactions,0.265,-0.001141331139856868,-0.0029167113125525205,False,False
100,4,nonlinear_proxy,False,polynomial_ridge,0.1,2.6454173360243236e-05,-0.001268631301601282,False,False
100,4,nonlinear_proxy,False,polynomial_ridge_interactions,0.3,-2.0367435580696813e-06,-0.0013455872311600565,False,False
100,4,heteroskedastic_null,False,polynomial_ridge,0.345,0.00011114848778892138,-0.0015206597295985105,False,False
100,4,heteroskedastic_null,False,polynomial_ridge_interactions,0.445,-5.939070678028478e-05,-0.0015694583566674806,False,False
100,4,clustered_null,False,polynomial_ridge,0.005,-0.002327255175934115,-0.04790209367231519,False,False
100,4,clustered_null,False,polynomial_ridge_interactions,0.025,0.000697987473220165,-0.023216744498159005,False,False
100,4,genuine_increment,True,polynomial_ridge,0.005,0.04717722189046862,0.032713862702612305,True,True
100,4,genuine_increment,True,polynomial_ridge_interactions,0.005,0.046952520699958755,0.03425665619405106,True,True
100,5,null_metric,False,polynomial_ridge,0.615,-0.0021540999300140376,-0.004749557440791907,False,False
100,5,null_metric,False,polynomial_ridge_interactions,0.88,-0.0014229343041875474,-0.0018353933245129149,False,False
100,5,nonlinear_proxy,False,polynomial_ridge,0.515,-0.00013149071253820786,-0.0007175898113068533,False,False
100,5,nonlinear_proxy,False,polynomial_ridge_interactions,0.175,0.00020261379661228908,-0.00018941979285175313,False,False
100,5,heteroskedastic_null,False,polynomial_ridge,0.84,-0.0013107829417432354,-0.0027394030977693318,False,False
100,5,heteroskedastic_null,False,polynomial_ridge_interactions,0.8,-0.0004683671093454172,-0.0018300078743762143,False,False
100,5,clustered_null,False,polynomial_ridge,0.12,-0.0035223507728283643,-0.017991207057750477,False,False
100,5,clustered_null,False,polynomial_ridge_interactions,0.065,0.0016341436727720093,-0.015663823325055597,False,False
100,5,genuine_increment,True,polynomial_ridge,0.005,0.04856859482844553,0.02995841879937543,True,True
100,5,genuine_increment,True,polynomial_ridge_interactions,0.005,0.04778755031053337,0.03248400215151182,True,True
100,6,null_metric,False,polynomial_ridge,0.205,-0.003666935163115413,-0.005549663352999524,False,False
100,6,null_metric,False,polynomial_ridge_interactions,0.58,-0.00032484364736142315,-0.001965165394290349,False,False
100,6,nonlinear_proxy,False,polynomial_ridge,0.66,0.00023887574217615337,-0.0023700358514813667,False,False
100,6,nonlinear_proxy,False,polynomial_ridge_interactions,0.78,-7.988929896785013e-05,-0.0006235578376473445,False,False
100,6,heteroskedastic_null,False,polynomial_ridge,0.74,-0.002130638093551039,-0.0027635367926845985,False,False
100,6,heteroskedastic_null,False,polynomial_ridge_interactions,0.89,-0.0003635837788448365,-0.000806921356200249,False,False
100,6,clustered_null,False,polynomial_ridge,0.14,-0.0077968746387791985,-0.09704749240418635,False,False
100,6,clustered_null,False,polynomial_ridge_interactions,0.15,-0.0034139894268383625,-0.18943003385084345,False,False
100,6,genuine_increment,True,polynomial_ridge,0.005,0.0414514271736435,0.0262652651358203,True,True
100,6,genuine_increment,True,polynomial_ridge_interactions,0.005,0.03797960298124996,0.02443012944839417,True,True
100,7,null_metric,False,polynomial_ridge,0.435,-0.0033840352462575427,-0.0059639615270422695,False,False
100,7,null_metric,False,polynomial_ridge_interactions,0.665,-0.0011642550015203527,-0.0018375647599317548,False,False
100,7,nonlinear_proxy,False,polynomial_ridge,0.9,-0.0011898153022336915,-0.000912767261791384,False,False
100,7,nonlinear_proxy,False,polynomial_ridge_interactions,0.64,1.412350224420933e-05,-0.0005694989411787585,False,False
100,7,heteroskedastic_null,False,polynomial_ridge,0.76,-0.0012809125226526143,-0.002362016524976491,False,False
100,7,heteroskedastic_null,False,polynomial_ridge_interactions,0.8,-0.0009122614252493333,-0.0012391365408615414,False,False
100,7,clustered_null,False,polynomial_ridge,0.7,-0.011298097003453599,-0.12475232307911731,False,False
100,7,clustered_null,False,polynomial_ridge_interactions,0.635,-0.005413928190659459,-0.10050504684520302,False,False
100,7,genuine_increment,True,polynomial_ridge,0.005,0.05909780207187779,0.03555434160410132,True,True
100,7,genuine_increment,True,polynomial_ridge_interactions,0.005,0.05601124608736806,0.03804342628649516,True,True
100,8,null_metric,False,polynomial_ridge,0.56,-0.00031830520990279096,-0.002297301440447077,False,False
100,8,null_metric,False,polynomial_ridge_interactions,0.25,0.0005112322566563562,-0.0022767918876717835,False,False
100,8,nonlinear_proxy,False,polynomial_ridge,0.935,-0.00014562835844058458,-0.001595966395537112,False,False
100,8,nonlinear_proxy,False,polynomial_ridge_interactions,0.81,-0.0001611673741931047,-0.0008361544078575565,False,False
100,8,heteroskedastic_null,False,polynomial_ridge,0.015,-0.00011862652878187607,-0.0020160183165037864,False,False
100,8,heteroskedastic_null,False,polynomial_ridge_interactions,0.015,0.0003924532635675975,-0.0009308109397824731,False,False
100,8,clustered_null,False,polynomial_ridge,0.4,-0.016603119481043704,-0.07004837340339282,False,False
100,8,clustered_null,False,polynomial_ridge_interactions,0.09,0.00587013637629771,-0.05659149908253317,False,False
100,8,genuine_increment,True,polynomial_ridge,0.005,0.043711773223379394,0.03135785411387394,True,True
100,8,genuine_increment,True,polynomial_ridge_interactions,0.005,0.042499882250957376,0.028985140688208823,True,True
100,9,null_metric,False,polynomial_ridge,0.225,-0.00029779220097000264,-0.003630405878511262,False,False
100,9,null_metric,False,polynomial_ridge_interactions,0.21,-0.0011725479169799498,-0.002938836915584348,False,False
100,9,nonlinear_proxy,False,polynomial_ridge,0.825,0.00014470061499347042,-0.001053940234107393,False,False
100,9,nonlinear_proxy,False,polynomial_ridge_interactions,0.76,-0.00037630822979822787,-0.0006677460572834786,False,False
100,9,heteroskedastic_null,False,polynomial_ridge,0.48,-0.0008855372045409697,-0.0019508595912260357,False,False
100,9,heteroskedastic_null,False,polynomial_ridge_interactions,0.675,-0.0002780525544335728,-0.001623928139907715,False,False
100,9,clustered_null,False,polynomial_ridge,0.445,-0.002163862779783806,-0.04534398877878234,False,False
100,9,clustered_null,False,polynomial_ridge_interactions,0.215,-0.0028486148869828146,-0.02558660498985058,False,False
100,9,genuine_increment,True,polynomial_ridge,0.005,0.036912284025209297,0.02187943248944442,True,True
100,9,genuine_increment,True,polynomial_ridge_interactions,0.005,0.03880274372925206,0.025916532773191708,True,True
100,10,null_metric,False,polynomial_ridge,0.715,-0.002996521567435205,-0.004823043014894702,False,False
100,10,null_metric,False,polynomial_ridge_interactions,0.44,-5.472107002115617e-05,-0.001041711363926175,False,False
100,10,nonlinear_proxy,False,polynomial_ridge,0.64,-0.00028556139692293564,-0.0009869580700175133,False,False
100,10,nonlinear_proxy,False,polynomial_ridge_interactions,0.725,-5.37159924848072e-05,-0.00083635986760621,False,False
100,10,heteroskedastic_null,False,polynomial_ridge,0.095,0.00040151895113074015,-0.0019860895248537446,False,False
100,10,heteroskedastic_null,False,polynomial_ridge_interactions,0.145,-0.00021424479807866277,-0.0012012707905813117,False,False
100,10,clustered_null,False,polynomial_ridge,0.835,-0.0038667301701483664,-0.11099670419023773,False,False
100,10,clustered_null,False,polynomial_ridge_interactions,0.32,-0.01144049658586125,-0.03525131496641181,False,False
100,10,genuine_increment,True,polynomial_ridge,0.005,0.029706695601942563,0.019250826441267226,True,True
100,10,genuine_increment,True,polynomial_ridge_interactions,0.005,0.033478226677462586,0.021929729212663673,True,True
100,11,null_metric,False,polynomial_ridge,0.19,-0.0010082610688468031,-0.004528364402705059,False,False
100,11,null_metric,False,polynomial_ridge_interactions,0.155,-0.0004996987516593908,-0.0021896480152616745,False,False
100,11,nonlinear_proxy,False,polynomial_ridge,0.78,0.00026349610647324623,-0.0009569494385627771,False,False
100,11,nonlinear_proxy,False,polynomial_ridge_interactions,0.83,-0.00039576104508187715,-0.0008172457865523137,False,False
100,11,heteroskedastic_null,False,polynomial_ridge,0.38,-0.0006094353744874621,-0.0026880619524024744,False,False
100,11,heteroskedastic_null,False,polynomial_ridge_interactions,0.45,-0.00026631418428964444,-0.0019890217079671963,False,False
100,11,clustered_null,False,polynomial_ridge,0.2,-0.014012938765145103,-0.04898419186463387,False,False
100,11,clustered_null,False,polynomial_ridge_interactions,0.095,-0.0004650539809621379,-0.04130095975591044,False,False
100,11,genuine_increment,True,polynomial_ridge,0.005,0.046670131241992895,0.03302303864696197,True,True
100,11,genuine_increment,True,polynomial_ridge_interactions,0.005,0.048237676616901815,0.033580449544021757,True,True
100,12,null_metric,False,polynomial_ridge,0.155,0.0008707047161200417,-0.002350650249437674,False,False
100,12,null_metric,False,polynomial_ridge_interactions,0.655,0.0006054121004647681,-0.0015806688440003576,False,False
100,12,nonlinear_proxy,False,polynomial_ridge,0.17,-0.00011693964631101592,-0.001577084197540475,False,False
100,12,nonlinear_proxy,False,polynomial_ridge_interactions,0.58,4.609487383022432e-05,-0.0008318237436929042,False,False
100,12,heteroskedastic_null,False,polynomial_ridge,0.745,-0.0017528928069778515,-0.0036413767625857662,False,False
100,12,heteroskedastic_null,False,polynomial_ridge_interactions,0.87,-0.00033644806595875196,-0.0011741750160399185,False,False
100,12,clustered_null,False,polynomial_ridge,0.07,-0.0016211127766504983,-0.10222124638953636,False,False
100,12,clustered_null,False,polynomial_ridge_interactions,0.875,-0.007862104628870416,-0.02406572356600566,False,False
100,12,genuine_increment,True,polynomial_ridge,0.005,0.05947729627270457,0.04304549350722585,True,True
100,12,genuine_increment,True,polynomial_ridge_interactions,0.005,0.061287389444824016,0.04142991100492086,True,True
100,13,null_metric,False,polynomial_ridge,0.695,-0.0021719682585541605,-0.005170292257563639,False,False
100,13,null_metric,False,polynomial_ridge_interactions,0.805,-0.0016823744013911013,-0.0021728300467520824,False,False
100,13,nonlinear_proxy,False,polynomial_ridge,0.88,-0.0008104250986474514,-0.008448646366654473,False,False
100,13,nonlinear_proxy,False,polynomial_ridge_interactions,0.465,-0.0001213520306481003,-0.0015761606989043893,False,False
100,13,heteroskedastic_null,False,polynomial_ridge,0.245,-0.0006215339845597814,-0.002320171610333183,False,False
100,13,heteroskedastic_null,False,polynomial_ridge_interactions,0.205,-0.00022891383572999115,-0.0012461009160307191,False,False
100,13,clustered_null,False,polynomial_ridge,0.47,-0.0011425699681367509,-0.03970739838949582,False,False
100,13,clustered_null,False,polynomial_ridge_interactions,0.67,-0.0019829419088253156,-0.04165408698204481,False,False
100,13,genuine_increment,True,polynomial_ridge,0.02,0.03174221000997673,0.023236457553410788,True,True
100,13,genuine_increment,True,polynomial_ridge_interactions,0.01,0.033805249490514125,0.0228284954747787,True,True
100,14,null_metric,False,polynomial_ridge,0.47,-0.002833776287264625,-0.005665213169341536,False,False
100,14,null_metric,False,polynomial_ridge_interactions,0.995,-0.0011971316023461527,-0.00193524753491971,False,False
100,14,nonlinear_proxy,False,polynomial_ridge,0.785,0.000269838210660546,-0.0014627533204774803,False,False
100,14,nonlinear_proxy,False,polynomial_ridge_interactions,0.33,-0.00027171735111236345,-0.0006324185287437693,False,False
100,14,heteroskedastic_null,False,polynomial_ridge,0.08,-0.0009788993576797921,-0.0018368561826530888,False,False
100,14,heteroskedastic_null,False,polynomial_ridge_interactions,0.08,-0.0002676341395680664,-0.0012838297081544966,False,False
100,14,clustered_null,False,polynomial_ridge,0.49,-0.0068569854553874945,-0.07766072296271558,False,False
100,14,clustered_null,False,polynomial_ridge_interactions,0.37,0.0006043631784976716,-0.02388201730545206,False,False
100,14,genuine_increment,True,polynomial_ridge,0.005,0.0416904404810173,0.03243027446597885,True,True
100,14,genuine_increment,True,polynomial_ridge_interactions,0.005,0.04365391242977697,0.03039168971739314,True,True
100,15,null_metric,False,polynomial_ridge,0.975,-0.005271620120993824,-0.00862116508019529,False,False
100,15,null_metric,False,polynomial_ridge_interactions,0.68,-0.0019623041093367183,-0.0037701893564216593,False,False
100,15,nonlinear_proxy,False,polynomial_ridge,0.93,6.025499749229626e-06,-0.0016310704707136426,False,False
100,15,nonlinear_proxy,False,polynomial_ridge_interactions,0.495,-0.0003895034179588596,-0.000960027548274738,False,False
100,15,heteroskedastic_null,False,polynomial_ridge,0.03,-0.0007290110425190021,-0.002219637534239012,False,False
100,15,heteroskedastic_null,False,polynomial_ridge_interactions,0.05,-0.00024172716189382187,-0.0017116720220887091,False,False
100,15,clustered_null,False,polynomial_ridge,0.36,-0.0025383075607145096,-0.10354086686771342,False,False
100,15,clustered_null,False,polynomial_ridge_interactions,0.33,-0.0070996170358278154,-0.0992354117724286,False,False
100,15,genuine_increment,True,polynomial_ridge,0.005,0.046193875868936606,0.03400625326212943,True,True
100,15,genuine_increment,True,polynomial_ridge_interactions,0.005,0.04916732411125763,0.03677223310923719,True,True
100,16,null_metric,False,polynomial_ridge,0.975,-0.0011915280046517866,-0.004068649378863159,False,False
100,16,null_metric,False,polynomial_ridge_interactions,0.705,-0.0013025129151780675,-0.002109403638456583,False,False
100,16,nonlinear_proxy,False,polynomial_ridge,0.51,-0.00043817662473465135,-0.0024831988967288564,False,False
100,16,nonlinear_proxy,False,polynomial_ridge_interactions,0.59,-0.0002659579121646067,-0.0010350030085634514,False,False
100,16,heteroskedastic_null,False,polynomial_ridge,1.0,0.0002801949600229111,-0.000844015842958364,False,False
100,16,heteroskedastic_null,False,polynomial_ridge_interactions,0.855,6.708488760583456e-05,-0.0008206452459252645,False,False
100,16,clustered_null,False,polynomial_ridge,0.005,-0.003645877904209255,-0.05193577370665565,False,False
100,16,clustered_null,False,polynomial_ridge_interactions,0.25,-0.005622627741405487,-0.025305731319583424,False,False
100,16,genuine_increment,True,polynomial_ridge,0.005,0.03855761042266424,0.022347090956496823,True,True
100,16,genuine_increment,True,polynomial_ridge_interactions,0.005,0.04391736470946592,0.02148270637387869,True,True
100,17,null_metric,False,polynomial_ridge,0.555,-0.0034095214903784345,-0.0062232699912004065,False,False
100,17,null_metric,False,polynomial_ridge_interactions,0.895,-0.0005680080023942602,-0.00367637592859128,False,False
100,17,nonlinear_proxy,False,polynomial_ridge,0.8,9.886925839660502e-05,-0.0007107486104686265,False,False
100,17,nonlinear_proxy,False,polynomial_ridge_interactions,0.55,0.0005663267833511685,-0.00020159591867143127,False,False
100,17,heteroskedastic_null,False,polynomial_ridge,0.385,-0.00020008264428675662,-0.001093893156011777,False,False
100,17,heteroskedastic_null,False,polynomial_ridge_interactions,0.55,5.385867151158803e-05,-0.0006101723029760871,False,False
100,17,clustered_null,False,polynomial_ridge,0.79,-0.004455001136668697,-0.08240557895220219,False,False
100,17,clustered_null,False,polynomial_ridge_interactions,0.595,0.001920234426679034,-0.03288475658098558,False,False
100,17,genuine_increment,True,polynomial_ridge,0.005,0.03677831496971076,0.023992374643327742,True,True
100,17,genuine_increment,True,polynomial_ridge_interactions,0.005,0.03734471279523133,0.023381364941881345,True,True
100,18,null_metric,False,polynomial_ridge,0.355,0.00028131565008357104,-0.0029665266145000634,False,False
100,18,null_metric,False,polynomial_ridge_interactions,0.085,1.7417407975561794e-05,-0.0017566967652244854,False,False
100,18,nonlinear_proxy,False,polynomial_ridge,0.27,0.0014538378048326783,-0.00031784577427912473,False,False
100,18,nonlinear_proxy,False,polynomial_ridge_interactions,0.05,-0.0005210983996905508,-0.0008296647070932295,False,False
100,18,heteroskedastic_null,False,polynomial_ridge,0.885,-0.002347199994471215,-0.0030588545143893833,False,False
100,18,heteroskedastic_null,False,polynomial_ridge_interactions,0.52,-0.000147469249206807,-0.00176606733683813,False,False
100,18,clustered_null,False,polynomial_ridge,0.74,-0.014789258028354575,-0.1263701817818739,False,False
100,18,clustered_null,False,polynomial_ridge_interactions,0.945,-0.001506029113323877,-0.07810002534550492,False,False
100,18,genuine_increment,True,polynomial_ridge,0.005,0.03361689526582602,0.023534591383855694,True,True
100,18,genuine_increment,True,polynomial_ridge_interactions,0.005,0.03689118260572538,0.02293876826761276,True,True
100,19,null_metric,False,polynomial_ridge,0.86,-0.00042210455969750316,-0.003589140853970523,False,False
100,19,null_metric,False,polynomial_ridge_interactions,0.55,-0.0009446702907425775,-0.0018003648158633413,False,False
100,19,nonlinear_proxy,False,polynomial_ridge,0.045,0.0015502584924699378,-0.00028114049376723465,False,False
100,19,nonlinear_proxy,False,polynomial_ridge_interactions,0.22,0.0011649403190645835,-0.00029556405882248275,False,False
100,19,heteroskedastic_null,False,polynomial_ridge,0.34,-0.0037874704835914406,-0.0035048705878579223,False,False
100,19,heteroskedastic_null,False,polynomial_ridge_interactions,0.86,-0.0003835070165707187,-0.0011216914459604018,False,False
100,19,clustered_null,False,polynomial_ridge,0.71,-0.0020613006399094365,-0.04731327698059356,False,False
100,19,clustered_null,False,polynomial_ridge_interactions,0.315,-0.0007283227682416717,-0.010502889817450413,False,False
100,19,genuine_increment,True,polynomial_ridge,0.005,0.041073735122528876,0.026026295439207193,True,True
100,19,genuine_increment,True,polynomial_ridge_interactions,0.005,0.04026575801003318,0.024098043041136802,True,True
100,20,null_metric,False,polynomial_ridge,0.98,-0.0014762729060286937,-0.004719947566692528,False,False
100,20,null_metric,False,polynomial_ridge_interactions,0.875,-0.0015906300360671137,-0.0017272722507796518,False,False
100,20,nonlinear_proxy,False,polynomial_ridge,0.37,-0.00044679073783858263,-0.0021093819381451753,False,False
100,20,nonlinear_proxy,False,polynomial_ridge_interactions,0.795,-7.558195119707154e-05,-0.0005377872029737388,False,False
100,20,heteroskedastic_null,False,polynomial_ridge,0.74,-0.0008727048241390766,-0.002662733263039332,False,False
100,20,heteroskedastic_null,False,polynomial_ridge_interactions,0.64,-0.00046515654429461935,-0.0015923269667025269,False,False
100,20,clustered_null,False,polynomial_ridge,0.18,0.003582956202314483,-0.046605980271139366,False,False
100,20,clustered_null,False,polynomial_ridge_interactions,0.41,-0.01183200879366169,-0.05054591683290128,False,False
100,20,genuine_increment,True,polynomial_ridge,0.02,0.032883452474353425,0.024303829950379004,True,True
100,20,genuine_increment,True,polynomial_ridge_interactions,0.015,0.033083274553784014,0.022472390107660934,True,True
100,21,null_metric,False,polynomial_ridge,0.01,0.00027327769053956535,-0.0028383277045878497,False,False
100,21,null_metric,False,polynomial_ridge_interactions,0.045,-0.0005613675245940454,-0.0018971205108464484,False,False
100,21,nonlinear_proxy,False,polynomial_ridge,0.015,0.0009321357353107452,-0.0012476724822435225,False,False
100,21,nonlinear_proxy,False,polynomial_ridge_interactions,0.355,0.0006404686922909051,-3.0111881434244095e-05,False,False
100,21,heteroskedastic_null,False,polynomial_ridge,0.135,-0.0007303568416921948,-0.002526745092043185,False,False
100,21,heteroskedastic_null,False,polynomial_ridge_interactions,0.06,-0.000653322701841633,-0.0017517284491064635,False,False
100,21,clustered_null,False,polynomial_ridge,0.385,0.0008073063211090081,-0.03967237556578213,False,False
100,21,clustered_null,False,polynomial_ridge_interactions,0.945,-0.006376909784724459,-0.03690723405978928,False,False
100,21,genuine_increment,True,polynomial_ridge,0.005,0.038402124203026994,0.028177272152084574,True,True
100,21,genuine_increment,True,polynomial_ridge_interactions,0.005,0.037792498646733744,0.027578338787028988,True,True
100,22,null_metric,False,polynomial_ridge,0.65,-0.0010192007305959913,-0.00311784986975796,False,False
100,22,null_metric,False,polynomial_ridge_interactions,0.69,-0.0014207381052159657,-0.0023819940219584946,False,False
100,22,nonlinear_proxy,False,polynomial_ridge,0.225,0.00046263975584222294,-0.0015172941658274212,False,False
100,22,nonlinear_proxy,False,polynomial_ridge_interactions,0.41,0.0007209906007171057,-0.00034229530168748175,False,False
100,22,heteroskedastic_null,False,polynomial_ridge,0.365,-0.003040033248159487,-0.0045910828825626755,False,False
100,22,heteroskedastic_null,False,polynomial_ridge_interactions,0.975,-0.0005494975432878153,-0.0032356248460533752,False,False
100,22,clustered_null,False,polynomial_ridge,0.005,0.006517595705184252,-0.029145014846380816,False,False
100,22,clustered_null,False,polynomial_ridge_interactions,0.055,-0.008299415056612504,-0.0213840505300562,False,False
100,22,genuine_increment,True,polynomial_ridge,0.005,0.04324132922937388,0.0281455737929201,True,True
100,22,genuine_increment,True,polynomial_ridge_interactions,0.005,0.0448820113273478,0.027958743296470707,True,True
100,23,null_metric,False,polynomial_ridge,0.245,0.0005658648663069386,-0.00376907122245021,False,False
100,23,null_metric,False,polynomial_ridge_interactions,0.39,-0.0013711135631701808,-0.001788125410404733,False,False
100,23,nonlinear_proxy,False,polynomial_ridge,0.615,-0.000906172498478873,-0.002355969900464686,False,False
100,23,nonlinear_proxy,False,polynomial_ridge_interactions,0.815,-0.00045329899722632884,-0.002037068351255081,False,False
100,23,heteroskedastic_null,False,polynomial_ridge,0.77,-0.0009153088913238325,-0.0018995398375018084,False,False
100,23,heteroskedastic_null,False,polynomial_ridge_interactions,1.0,-0.00020624361281531937,-0.00157921160005121,False,False
100,23,clustered_null,False,polynomial_ridge,0.285,-0.018443195584787627,-0.18655210656050086,False,False
100,23,clustered_null,False,polynomial_ridge_interactions,0.15,-0.017685597991184757,-0.0806331008614661,False,False
100,23,genuine_increment,True,polynomial_ridge,0.005,0.04049337793562685,0.026966049194659527,True,True
100,23,genuine_increment,True,polynomial_ridge_interactions,0.005,0.03912856717268906,0.028630522152119784,True,True
100,24,null_metric,False,polynomial_ridge,0.245,-0.002783107123514119,-0.0071601764399705945,False,False
100,24,null_metric,False,polynomial_ridge_interactions,0.775,-0.001786269098157555,-0.0022445097631519297,False,False
100,24,nonlinear_proxy,False,polynomial_ridge,0.335,-0.0011227773731102373,-0.0015542164309434218,False,False
100,24,nonlinear_proxy,False,polynomial_ridge_interactions,0.445,-0.0006940137883900081,-0.0009876890220997005,False,False
100,24,heteroskedastic_null,False,polynomial_ridge,0.81,-3.515514576462979e-05,-0.001392870042998348,False,False
100,24,heteroskedastic_null,False,polynomial_ridge_interactions,0.825,-5.829740939642357e-05,-0.0009489468999036487,False,False
100,24,clustered_null,False,polynomial_ridge,0.01,0.0026917867201943415,-0.05160347477126757,False,False
100,24,clustered_null,False,polynomial_ridge_interactions,0.21,-0.0013746600528359715,-0.05570651242783758,False,False
100,24,genuine_increment,True,polynomial_ridge,0.005,0.04934578857075911,0.033592459576089286,True,True
100,24,genuine_increment,True,polynomial_ridge_interactions,0.01,0.04723261366691289,0.03060708062603152,True,True
150,0,null_metric,False,polynomial_ridge,0.09,-0.0005761514484485045,-0.0026663651620344826,False,False
150,0,null_metric,False,polynomial_ridge_interactions,0.27,-0.0005459695147210265,-0.0012401854819549323,False,False
150,0,nonlinear_proxy,False,polynomial_ridge,0.23,-0.00015763118728079947,-0.000561753287596838,False,False
150,0,nonlinear_proxy,False,polynomial_ridge_interactions,0.41,0.00016082755337736357,-0.00016894085461045832,False,False
150,0,heteroskedastic_null,False,polynomial_ridge,0.805,-0.00031266354634682317,-0.001432559284471794,False,False
150,0,heteroskedastic_null,False,polynomial_ridge_interactions,0.9,-0.0003419104243350072,-0.00098559296982819,False,False
150,0,clustered_null,False,polynomial_ridge,0.265,-0.006759787283144601,-0.06374289014136635,False,False
150,0,clustered_null,False,polynomial_ridge_interactions,0.09,-0.0034033406369838176,-0.039579823515745356,False,False
150,0,genuine_increment,True,polynomial_ridge,0.005,0.04179397967567171,0.0296729944123663,True,True
150,0,genuine_increment,True,polynomial_ridge_interactions,0.005,0.038644686032648735,0.027558045180437304,True,True
150,1,null_metric,False,polynomial_ridge,0.61,-0.0009985193473458845,-0.0020963980207010105,False,False
150,1,null_metric,False,polynomial_ridge_interactions,0.25,-0.0005684611258465547,-0.001598145412131295,False,False
150,1,nonlinear_proxy,False,polynomial_ridge,0.345,6.66257449189649e-05,-0.0004691379195057974,False,False
150,1,nonlinear_proxy,False,polynomial_ridge_interactions,0.505,-5.509233683797035e-05,-0.00037898425183951383,False,False
150,1,heteroskedastic_null,False,polynomial_ridge,0.11,-0.0010099815269164758,-0.0016825672688731376,False,False
150,1,heteroskedastic_null,False,polynomial_ridge_interactions,0.12,-0.0002739858985622741,-0.0007411785535132936,False,False
150,1,clustered_null,False,polynomial_ridge,0.205,-0.0013932303555861496,-0.017297281430280437,False,False
150,1,clustered_null,False,polynomial_ridge_interactions,0.74,-0.0028312324827206373,-0.012560887194944095,False,False
150,1,genuine_increment,True,polynomial_ridge,0.005,0.039903827384115964,0.03066216828488146,True,True
150,1,genuine_increment,True,polynomial_ridge_interactions,0.005,0.040791220560170316,0.029670219811192847,True,True
150,2,null_metric,False,polynomial_ridge,0.82,-0.0011684077600234398,-0.0027388523034395946,False,False
150,2,null_metric,False,polynomial_ridge_interactions,0.455,-9.421871497101997e-05,-0.000870828484304187,False,False
150,2,nonlinear_proxy,False,polynomial_ridge,0.92,-3.131931434056934e-05,-0.0007454171266620561,False,False
150,2,nonlinear_proxy,False,polynomial_ridge_interactions,0.67,0.0005733971276202336,-0.0004089258925394877,False,False
150,2,heteroskedastic_null,False,polynomial_ridge,0.06,-8.748443066474224e-05,-0.0007857576565580671,False,False
150,2,heteroskedastic_null,False,polynomial_ridge_interactions,0.095,-3.12073427657239e-05,-0.0005131661812122158,False,False
150,2,clustered_null,False,polynomial_ridge,0.75,0.00565224685680335,-0.022614531879776693,False,False
150,2,clustered_null,False,polynomial_ridge_interactions,0.55,-0.003655388460748643,-0.04397482228855482,False,False
150,2,genuine_increment,True,polynomial_ridge,0.005,0.0407051472198649,0.02706776639949342,True,True
150,2,genuine_increment,True,polynomial_ridge_interactions,0.005,0.03870568675278338,0.026471123080525395,True,True
150,3,null_metric,False,polynomial_ridge,0.715,-0.0010575423529660434,-0.002486652171192737,False,False
150,3,null_metric,False,polynomial_ridge_interactions,0.275,-0.0004905868497027781,-0.0011011508575596938,False,False
150,3,nonlinear_proxy,False,polynomial_ridge,0.995,-0.00048598408268540894,-0.0011129207634855514,False,False
150,3,nonlinear_proxy,False,polynomial_ridge_interactions,0.8,-0.0004279808210833798,-0.0008895035998755282,False,False
150,3,heteroskedastic_null,False,polynomial_ridge,0.46,-0.00036569602965858157,-0.0010273392623522649,False,False
150,3,heteroskedastic_null,False,polynomial_ridge_interactions,0.565,2.0365684870220918e-05,-0.0006020009509454555,False,False
150,3,clustered_null,False,polynomial_ridge,0.9,-0.00834724262759241,-0.026785712711032836,False,False
150,3,clustered_null,False,polynomial_ridge_interactions,0.635,-0.00166095234810084,-0.014134408031536032,False,False
150,3,genuine_increment,True,polynomial_ridge,0.005,0.043006641269624474,0.032662175975552654,True,True
150,3,genuine_increment,True,polynomial_ridge_interactions,0.005,0.04450708027456268,0.03186736128741101,True,True
150,4,null_metric,False,polynomial_ridge,0.045,-0.0005877676908828539,-0.002241428658496547,False,False
150,4,null_metric,False,polynomial_ridge_interactions,0.08,-0.0001505262215219412,-0.0009508957284228568,False,False
150,4,nonlinear_proxy,False,polynomial_ridge,0.095,-0.0004980987748419317,-0.0008825167756786144,False,False
150,4,nonlinear_proxy,False,polynomial_ridge_interactions,0.035,-5.4568255816608846e-05,-0.00033001904044192143,False,False
150,4,heteroskedastic_null,False,polynomial_ridge,0.39,-0.00030295201782985087,-0.0006949012642311325,False,False
150,4,heteroskedastic_null,False,polynomial_ridge_interactions,0.515,-0.00012190033823999101,-0.000518450176225795,False,False
150,4,clustered_null,False,polynomial_ridge,0.585,-0.003654138133679187,-0.01319944213003321,False,False
150,4,clustered_null,False,polynomial_ridge_interactions,0.935,3.1692807760844155e-05,-0.010872689155423294,False,False
150,4,genuine_increment,True,polynomial_ridge,0.005,0.0349643502164417,0.020984985268015156,True,True
150,4,genuine_increment,True,polynomial_ridge_interactions,0.005,0.035130167220907976,0.020688303283053634,True,True
150,5,null_metric,False,polynomial_ridge,0.66,-0.0003117445000246216,-0.0012223608956935558,False,False
150,5,null_metric,False,polynomial_ridge_interactions,0.84,-0.00013969460726340546,-0.0009030361436153265,False,False
150,5,nonlinear_proxy,False,polynomial_ridge,0.21,0.0004110516873870214,-0.00011263138389936148,False,False
150,5,nonlinear_proxy,False,polynomial_ridge_interactions,0.08,0.00034398697034522356,-0.00025317515347493113,False,False
150,5,heteroskedastic_null,False,polynomial_ridge,0.15,-0.0004758664962458605,-0.0010166174117685626,False,False
150,5,heteroskedastic_null,False,polynomial_ridge_interactions,0.185,0.00013923758575296735,-0.0002948416334533614,False,False
150,5,clustered_null,False,polynomial_ridge,0.54,-0.00624953517661243,-0.01838548387724716,False,False
150,5,clustered_null,False,polynomial_ridge_interactions,0.295,-0.0019612757022842674,-0.01088830332170827,False,False
150,5,genuine_increment,True,polynomial_ridge,0.005,0.046624442101335886,0.03731241265931946,True,True
150,5,genuine_increment,True,polynomial_ridge_interactions,0.005,0.045856027695153685,0.037071275908113085,True,True
150,6,null_metric,False,polynomial_ridge,0.885,-7.34101050767974e-05,-0.0019936430142180332,False,False
150,6,null_metric,False,polynomial_ridge_interactions,0.73,-0.0005004653120645221,-0.0015444020086307192,False,False
150,6,nonlinear_proxy,False,polynomial_ridge,0.635,-0.00031940999188818583,-0.0005971078301454495,False,False
150,6,nonlinear_proxy,False,polynomial_ridge_interactions,0.51,-0.0003858938054890036,-0.0005028882390844848,False,False
150,6,heteroskedastic_null,False,polynomial_ridge,0.365,-0.0002057330270081436,-0.000977084073940618,False,False
150,6,heteroskedastic_null,False,polynomial_ridge_interactions,0.945,0.00011083513685044774,-0.00040499223359423875,False,False
150,6,clustered_null,False,polynomial_ridge,0.37,-0.004800505958416832,-0.010759475204256169,False,False
150,6,clustered_null,False,polynomial_ridge_interactions,0.955,-0.002221898543474911,-0.009374903366523505,False,False
150,6,genuine_increment,True,polynomial_ridge,0.005,0.041484334938840475,0.030649681845320468,True,True
150,6,genuine_increment,True,polynomial_ridge_interactions,0.005,0.04366560020793265,0.03072353715862599,True,True
150,7,null_metric,False,polynomial_ridge,0.695,-0.000979347907918992,-0.002359791890617886,False,False
150,7,null_metric,False,polynomial_ridge_interactions,0.535,-0.0006645697723124018,-0.0012378578522576054,False,False
150,7,nonlinear_proxy,False,polynomial_ridge,0.875,5.7005317205170714e-05,-0.0007063123577931846,False,False
150,7,nonlinear_proxy,False,polynomial_ridge_interactions,0.89,-0.00027341745597300737,-0.0004983171983200748,False,False
150,7,heteroskedastic_null,False,polynomial_ridge,0.805,-0.0005359684592725154,-0.0015450937332587712,False,False
150,7,heteroskedastic_null,False,polynomial_ridge_interactions,0.95,-6.877167641067099e-05,-0.0005479155456299385,False,False
150,7,clustered_null,False,polynomial_ridge,0.385,-0.00391679297039603,-0.015776546904132577,False,False
150,7,clustered_null,False,polynomial_ridge_interactions,0.315,-0.008513361136194105,-0.00930245259694918,False,False
150,7,genuine_increment,True,polynomial_ridge,0.005,0.04164508826652474,0.031175418007598325,True,True
150,7,genuine_increment,True,polynomial_ridge_interactions,0.005,0.04241838337472496,0.03061159108830369,True,True
150,8,null_metric,False,polynomial_ridge,0.57,-7.205951912246308e-05,-0.0017602887737183275,False,False
150,8,null_metric,False,polynomial_ridge_interactions,0.475,-0.0003199678418340582,-0.0008658903362853549,False,False
150,8,nonlinear_proxy,False,polynomial_ridge,0.565,0.0005451403666185441,-0.0001740484953337927,False,False
150,8,nonlinear_proxy,False,polynomial_ridge_interactions,0.845,-0.00010450039134414935,-0.0004849836098320126,False,False
150,8,heteroskedastic_null,False,polynomial_ridge,0.885,-0.001191640487842158,-0.0022337693781151937,False,False
150,8,heteroskedastic_null,False,polynomial_ridge_interactions,0.98,-0.0002259606638600059,-0.0008729789272967303,False,False
150,8,clustered_null,False,polynomial_ridge,0.01,-0.006003426959176376,-0.014873065526860064,False,False
150,8,clustered_null,False,polynomial_ridge_interactions,0.15,-0.00024074136567709195,-0.01792856104177383,False,False
150,8,genuine_increment,True,polynomial_ridge,0.005,0.04707715294241682,0.03850213301609342,True,True
150,8,genuine_increment,True,polynomial_ridge_interactions,0.005,0.0475898721410766,0.037777665844662946,True,True
150,9,null_metric,False,polynomial_ridge,0.805,-0.0021716364393777193,-0.002460504238296556,False,False
150,9,null_metric,False,polynomial_ridge_interactions,0.67,-0.00039298530483378863,-0.0005967158001556356,False,False
150,9,nonlinear_proxy,False,polynomial_ridge,0.67,-0.0009256870656271397,-0.0008613939672178241,False,False
150,9,nonlinear_proxy,False,polynomial_ridge_interactions,0.575,-8.314018144581735e-05,-0.000674394010144289,False,False
150,9,heteroskedastic_null,False,polynomial_ridge,0.33,-0.0006916498133007374,-0.0009493852751007234,False,False
150,9,heteroskedastic_null,False,polynomial_ridge_interactions,0.605,-0.00031521589086197944,-0.0004981261876002746,False,False
150,9,clustered_null,False,polynomial_ridge,0.77,-0.01174766423091474,-0.023350145676566573,False,False
150,9,clustered_null,False,polynomial_ridge_interactions,0.3,-0.0003600592804312158,-0.018236727087832524,False,False
150,9,genuine_increment,True,polynomial_ridge,0.005,0.0357369385632841,0.023558435389224124,True,True
150,9,genuine_increment,True,polynomial_ridge_interactions,0.005,0.03606089700441355,0.02683709400854391,True,True
150,10,null_metric,False,polynomial_ridge,0.265,-0.0010337380551659926,-0.0028673805943432717,False,False
150,10,null_metric,False,polynomial_ridge_interactions,0.205,-0.00041007053185955836,-0.0008032094044492887,False,False
150,10,nonlinear_proxy,False,polynomial_ridge,0.15,-0.00037108021295662735,-0.0014068766615140007,False,False
150,10,nonlinear_proxy,False,polynomial_ridge_interactions,0.305,-0.00010155257683216318,-0.0007491228325658395,False,False
150,10,heteroskedastic_null,False,polynomial_ridge,0.355,0.00033706062989176215,-0.0006186994767902841,False,False
150,10,heteroskedastic_null,False,polynomial_ridge_interactions,0.655,6.672679635859151e-05,-0.00028026113694352425,False,False
150,10,clustered_null,False,polynomial_ridge,0.465,-0.012517076125931167,-0.037059231872642345,False,False
150,10,clustered_null,False,polynomial_ridge_interactions,0.53,-0.005445949061303995,-0.01605387800655257,False,False
150,10,genuine_increment,True,polynomial_ridge,0.005,0.044821898087124695,0.033456076315153724,True,True
150,10,genuine_increment,True,polynomial_ridge_interactions,0.005,0.04541601401231646,0.03412669959932697,True,True
150,11,null_metric,False,polynomial_ridge,0.75,-0.0010516912198268343,-0.0025500322953128044,False,False
150,11,null_metric,False,polynomial_ridge_interactions,1.0,0.0003947818210652161,-0.0006998199280664136,False,False
150,11,nonlinear_proxy,False,polynomial_ridge,0.03,0.0003316749399606238,-3.290758714738894e-05,False,False
150,11,nonlinear_proxy,False,polynomial_ridge_interactions,0.015,0.000652561413307674,0.00017846034188758307,True,True
150,11,heteroskedastic_null,False,polynomial_ridge,0.995,-0.0009584971005907449,-0.0024468936740792728,False,False
150,11,heteroskedastic_null,False,polynomial_ridge_interactions,0.995,-0.00012256117253217624,-0.0009613656599548744,False,False
150,11,clustered_null,False,polynomial_ridge,0.81,-0.001563093750537101,-0.006887194853343655,False,False
150,11,clustered_null,False,polynomial_ridge_interactions,0.805,-0.0001665360330267117,-0.006039489884323841,False,False
150,11,genuine_increment,True,polynomial_ridge,0.005,0.043547574398664315,0.030444827774905404,True,True
150,11,genuine_increment,True,polynomial_ridge_interactions,0.005,0.043565579455860315,0.03431764350659031,True,True
150,12,null_metric,False,polynomial_ridge,0.91,-0.0014734125277320667,-0.0022873089184368665,False,False
150,12,null_metric,False,polynomial_ridge_interactions,0.915,-0.00017741573944467237,-0.0011362837320259983,False,False
150,12,nonlinear_proxy,False,polynomial_ridge,0.765,8.12625561765444e-05,-0.00025531539073179495,False,False
150,12,nonlinear_proxy,False,polynomial_ridge_interactions,0.9,-7.804155168737031e-05,-0.00019319216815764475,False,False
150,12,heteroskedastic_null,False,polynomial_ridge,0.795,-0.0007400915948513661,-0.0018818986932945458,False,False
150,12,heteroskedastic_null,False,polynomial_ridge_interactions,0.735,-0.00015658114530725173,-0.000823670190642182,False,False
150,12,clustered_null,False,polynomial_ridge,0.785,-0.009595517569771915,-0.04089230439077726,False,False
150,12,clustered_null,False,polynomial_ridge_interactions,0.69,-0.009164503978874777,-0.03675299754136432,False,False
150,12,genuine_increment,True,polynomial_ridge,0.005,0.035484576196413126,0.024932269458468798,True,True
150,12,genuine_increment,True,polynomial_ridge_interactions,0.005,0.03601586220834585,0.02548536305419311,True,True
150,13,null_metric,False,polynomial_ridge,0.905,-0.001436619629792215,-0.0017487520112680816,False,False
150,13,null_metric,False,polynomial_ridge_interactions,0.65,-0.00022275418883530712,-0.0010333378435185543,False,False
150,13,nonlinear_proxy,False,polynomial_ridge,0.42,8.957802782352288e-06,-0.000632635944625933,False,False
150,13,nonlinear_proxy,False,polynomial_ridge_interactions,0.48,-0.00014987857692641028,-0.00040971925670108537,False,False
150,13,heteroskedastic_null,False,polynomial_ridge,0.76,-0.00034327160182534393,-0.0015431705119171208,False,False
150,13,heteroskedastic_null,False,polynomial_ridge_interactions,0.965,-0.0003596866881915182,-0.0008614739374675961,False,False
150,13,clustered_null,False,polynomial_ridge,0.485,-0.014750177774667576,-0.021645924645286214,False,False
150,13,clustered_null,False,polynomial_ridge_interactions,0.46,-0.000629942040612369,-0.01494398168057972,False,False
150,13,genuine_increment,True,polynomial_ridge,0.005,0.04848346412432382,0.03966645850540582,True,True
150,13,genuine_increment,True,polynomial_ridge_interactions,0.005,0.04936369414594121,0.03913557726937598,True,True
150,14,null_metric,False,polynomial_ridge,0.4,-0.0018599380932406602,-0.0029234311541920443,False,False
150,14,null_metric,False,polynomial_ridge_interactions,0.45,-0.0006627989834278661,-0.0010411771026079312,False,False
150,14,nonlinear_proxy,False,polynomial_ridge,0.465,-3.2659896825066453e-05,-0.0014396131358059144,False,False
150,14,nonlinear_proxy,False,polynomial_ridge_interactions,0.62,-0.0004999650877339726,-0.000737725977120671,False,False
150,14,heteroskedastic_null,False,polynomial_ridge,0.65,-0.0005801052915751295,-0.0016762248140477784,False,False
150,14,heteroskedastic_null,False,polynomial_ridge_interactions,0.705,-0.00015470432059797555,-0.0006769677612205624,False,False
150,14,clustered_null,False,polynomial_ridge,0.585,-0.0020221248050681755,-0.017650250746232644,False,False
150,14,clustered_null,False,polynomial_ridge_interactions,0.905,-0.0007384938034207082,-0.012096007560419274,False,False
150,14,genuine_increment,True,polynomial_ridge,0.005,0.0428370880703214,0.03472486245497422,True,True
150,14,genuine_increment,True,polynomial_ridge_interactions,0.005,0.046492600490088236,0.033300530674354255,True,True
150,15,null_metric,False,polynomial_ridge,0.385,-0.0014556936276517787,-0.0029297786403920797,False,False
150,15,null_metric,False,polynomial_ridge_interactions,0.76,-0.0005407102774980868,-0.0011650631008022145,False,False
150,15,nonlinear_proxy,False,polynomial_ridge,0.07,-0.0003935369463440204,-0.0006278808970073511,False,False
150,15,nonlinear_proxy,False,polynomial_ridge_interactions,0.03,-6.238762643503981e-05,-0.0003724292827742184,False,False
150,15,heteroskedastic_null,False,polynomial_ridge,0.7,-0.0006707448876823877,-0.0016071773899125619,False,False
150,15,heteroskedastic_null,False,polynomial_ridge_interactions,0.2,-9.749216945514633e-05,-0.0004360523977248976,False,False
150,15,clustered_null,False,polynomial_ridge,0.645,-0.0023666399475365772,-0.011570532361560453,False,False
150,15,clustered_null,False,polynomial_ridge_interactions,0.12,0.00032888909160000077,-0.009705551562979623,False,False
150,15,genuine_increment,True,polynomial_ridge,0.005,0.042646469311214755,0.0333467783855444,True,True
150,15,genuine_increment,True,polynomial_ridge_interactions,0.005,0.04689425621580044,0.03196161923064758,True,True
150,16,null_metric,False,polynomial_ridge,0.565,-0.000877111919122122,-0.003606801259269225,False,False
150,16,null_metric,False,polynomial_ridge_interactions,0.08,-0.0009194331690670042,-0.0020079259193070895,False,False
150,16,nonlinear_proxy,False,polynomial_ridge,0.695,-0.0002809964189340753,-0.0012330655866490785,False,False
150,16,nonlinear_proxy,False,polynomial_ridge_interactions,0.68,-0.0005434471059794013,-0.0004281343570368243,False,False
150,16,heteroskedastic_null,False,polynomial_ridge,0.9,-0.0007955442589749496,-0.0017914776361449647,False,False
150,16,heteroskedastic_null,False,polynomial_ridge_interactions,1.0,-0.0005029793121687273,-0.0009055246060855791,False,False
150,16,clustered_null,False,polynomial_ridge,0.16,-0.002248737421279519,-0.01898174621809497,False,False
150,16,clustered_null,False,polynomial_ridge_interactions,0.065,-0.0037496254201217424,-0.01974526453412911,False,False
150,16,genuine_increment,True,polynomial_ridge,0.005,0.047600709935543314,0.03246011185904777,True,True
150,16,genuine_increment,True,polynomial_ridge_interactions,0.005,0.045716298816778106,0.030008141312724536,True,True
150,17,null_metric,False,polynomial_ridge,0.78,-0.0015885971443146164,-0.002789721247765887,False,False
150,17,null_metric,False,polynomial_ridge_interactions,0.68,-0.0012571628009595721,-0.0017007111326626154,False,False
150,17,nonlinear_proxy,False,polynomial_ridge,0.12,1.1530401872374835e-06,-0.00026256562660470647,False,False
150,17,nonlinear_proxy,False,polynomial_ridge_interactions,0.02,6.545273561750454e-05,-0.00017418563201578653,False,False
150,17,heteroskedastic_null,False,polynomial_ridge,0.655,9.493602925184606e-05,-0.0012348681378403466,False,False
150,17,heteroskedastic_null,False,polynomial_ridge_interactions,0.56,-1.6547346801818602e-05,-0.0003121982903474626,False,False
150,17,clustered_null,False,polynomial_ridge,0.015,-0.0016308472616394822,-0.012365899940442448,False,False
150,17,clustered_null,False,polynomial_ridge_interactions,0.12,-0.00010437309886789613,-0.005153858161076115,False,False
150,17,genuine_increment,True,polynomial_ridge,0.005,0.04612333343495809,0.03555909745995272,True,True
150,17,genuine_increment,True,polynomial_ridge_interactions,0.005,0.04409756368572838,0.03364028527323018,True,True
150,18,null_metric,False,polynomial_ridge,0.67,-0.001543634946877731,-0.0035425228836058736,False,False
150,18,null_metric,False,polynomial_ridge_interactions,0.76,-0.0002989048356457462,-0.0010516671147911393,False,False
150,18,nonlinear_proxy,False,polynomial_ridge,0.365,-2.491028395674652e-05,-0.0010772576772441309,False,False
150,18,nonlinear_proxy,False,polynomial_ridge_interactions,0.78,-0.0009725725844689503,-0.0006585295616583621,False,False
150,18,heteroskedastic_null,False,polynomial_ridge,0.635,-0.00023132013067182593,-0.0011633283734331084,False,False
150,18,heteroskedastic_null,False,polynomial_ridge_interactions,0.765,-0.0003910149474445467,-0.0005030074014066173,False,False
150,18,clustered_null,False,polynomial_ridge,0.135,-0.0006172513598027042,-0.024039202738148215,False,False
150,18,clustered_null,False,polynomial_ridge_interactions,0.2,-0.0004117529557472223,-0.012703633984032871,False,False
150,18,genuine_increment,True,polynomial_ridge,0.005,0.048449225932912454,0.03520894541064264,True,True
150,18,genuine_increment,True,polynomial_ridge_interactions,0.005,0.04679440053552329,0.035864744122075916,True,True
150,19,null_metric,False,polynomial_ridge,0.525,-0.0008380502636936987,-0.0024923886619739634,False,False
150,19,null_metric,False,polynomial_ridge_interactions,0.755,-0.0001514168103052202,-0.001113174455639128,False,False
150,19,nonlinear_proxy,False,polynomial_ridge,0.255,0.00012772811515542916,-0.0009503687109424949,False,False
150,19,nonlinear_proxy,False,polynomial_ridge_interactions,0.215,0.00011371173136135587,-0.000533434268318474,False,False
150,19,heteroskedastic_null,False,polynomial_ridge,1.0,-0.0003208104794165962,-0.0014121238642397012,False,False
150,19,heteroskedastic_null,False,polynomial_ridge_interactions,0.84,-0.00030131410674026464,-0.0008919052996385963,False,False
150,19,clustered_null,False,polynomial_ridge,0.285,-0.002775023688744032,-0.0074016100690458535,False,False
150,19,clustered_null,False,polynomial_ridge_interactions,0.99,-0.0031727145978764706,-0.006998502138221709,False,False
150,19,genuine_increment,True,polynomial_ridge,0.005,0.04502853476883888,0.03361578558587328,True,True
150,19,genuine_increment,True,polynomial_ridge_interactions,0.005,0.04640373603735987,0.03453310052900166,True,True
150,20,null_metric,False,polynomial_ridge,0.04,-0.0026990166147130637,-0.0036081277673633548,False,False
150,20,null_metric,False,polynomial_ridge_interactions,0.045,-0.0004745903287870744,-0.001204080868192926,False,False
150,20,nonlinear_proxy,False,polynomial_ridge,0.355,0.0009681114690067542,-2.58479430703219e-05,False,False
150,20,nonlinear_proxy,False,polynomial_ridge_interactions,0.435,0.0003312950147514853,-0.00035798708031950857,False,False
150,20,heteroskedastic_null,False,polynomial_ridge,0.16,-0.0008748609171651987,-0.0009051974678754589,False,False
150,20,heteroskedastic_null,False,polynomial_ridge_interactions,0.22,-0.0001393292794573623,-0.000542482093834502,False,False
150,20,clustered_null,False,polynomial_ridge,0.905,-0.0061439647282836365,-0.01627726507470523,False,False
150,20,clustered_null,False,polynomial_ridge_interactions,0.945,-0.0019517194482840134,-0.01603947582926162,False,False
150,20,genuine_increment,True,polynomial_ridge,0.005,0.05231377727214043,0.038893411258802926,True,True
150,20,genuine_increment,True,polynomial_ridge_interactions,0.005,0.05036649387069085,0.03818977167059468,True,True
150,21,null_metric,False,polynomial_ridge,0.28,-0.001514404225143054,-0.002782575168662417,False,False
150,21,null_metric,False,polynomial_ridge_interactions,0.345,5.912577565255969e-05,-0.0008651806574706229,False,False
150,21,nonlinear_proxy,False,polynomial_ridge,0.405,-0.00022715547586235098,-0.0006638458450263455,False,False
150,21,nonlinear_proxy,False,polynomial_ridge_interactions,0.665,-3.4158643467570304e-05,-0.00029891721367338416,False,False
150,21,heteroskedastic_null,False,polynomial_ridge,0.88,-0.0002199893869548157,-0.0009084228158995849,False,False
150,21,heteroskedastic_null,False,polynomial_ridge_interactions,0.8,-0.0002873801292667139,-0.00040938076701765044,False,False
150,21,clustered_null,False,polynomial_ridge,0.13,-0.0020800769628688265,-0.01403709103426955,False,False
150,21,clustered_null,False,polynomial_ridge_interactions,0.59,-0.002697477059106189,-0.014679760893629278,False,False
150,21,genuine_increment,True,polynomial_ridge,0.005,0.03433057185788457,0.022598088680322825,True,True
150,21,genuine_increment,True,polynomial_ridge_interactions,0.005,0.03434047504444642,0.023189142380599083,True,True
150,22,null_metric,False,polynomial_ridge,0.265,-0.001835926334669443,-0.002346366706584738,False,False
150,22,null_metric,False,polynomial_ridge_interactions,0.355,-0.0002976083289826133,-0.0011151615137631524,False,False
150,22,nonlinear_proxy,False,polynomial_ridge,0.365,-0.00031841644000423896,-0.0005705006855220224,False,False
150,22,nonlinear_proxy,False,polynomial_ridge_interactions,0.515,-0.00024460446087347376,-0.0005005809678093373,False,False
150,22,heteroskedastic_null,False,polynomial_ridge,0.605,-0.0018472339488873907,-0.0019315884744262805,False,False
150,22,heteroskedastic_null,False,polynomial_ridge_interactions,0.34,-0.0004546601127475812,-0.0005780601014506258,False,False
150,22,clustered_null,False,polynomial_ridge,0.405,-0.0036863655567164234,-0.017073834421350936,False,False
150,22,clustered_null,False,polynomial_ridge_interactions,0.225,-0.002292772251618374,-0.009048926739025255,False,False
150,22,genuine_increment,True,polynomial_ridge,0.005,0.04322999575595964,0.030344357559201913,True,True
150,22,genuine_increment,True,polynomial_ridge_interactions,0.005,0.04057163114577453,0.029790200850868708,True,True
150,23,null_metric,False,polynomial_ridge,0.185,0.0005731190544473463,-0.00233829195773638,False,False
150,23,null_metric,False,polynomial_ridge_interactions,0.295,-0.00026113672791255524,-0.0014801957888665696,False,False
150,23,nonlinear_proxy,False,polynomial_ridge,0.32,-0.00032939769733946345,-0.0008298292308347603,False,False
150,23,nonlinear_proxy,False,polynomial_ridge_interactions,0.375,-0.0002857830910849117,-0.00032496444768824993,False,False
150,23,heteroskedastic_null,False,polynomial_ridge,0.39,-0.0006106963659284325,-0.0010696784566333404,False,False
150,23,heteroskedastic_null,False,polynomial_ridge_interactions,0.435,-0.00032660080877528787,-0.000554933607017515,False,False
150,23,clustered_null,False,polynomial_ridge,0.015,0.00342830689689283,-0.012990227390598585,False,False
150,23,clustered_null,False,polynomial_ridge_interactions,0.025,0.002450972119469645,-0.008658601422648512,False,False
150,23,genuine_increment,True,polynomial_ridge,0.005,0.04446874002733044,0.031111849947931005,True,True
150,23,genuine_increment,True,polynomial_ridge_interactions,0.005,0.042379131666368544,0.03345204919104678,True,True
150,24,null_metric,False,polynomial_ridge,0.665,-0.0023320876425878025,-0.002846114544193096,False,False
150,24,null_metric,False,polynomial_ridge_interactions,0.86,-0.0002895478658397621,-0.0011951272986577787,False,False
150,24,nonlinear_proxy,False,polynomial_ridge,0.005,0.00012818267402100493,-0.000280440343937378,False,False
150,24,nonlinear_proxy,False,polynomial_ridge_interactions,0.005,0.0004935005469158451,-0.00020055744985423153,False,False
150,24,heteroskedastic_null,False,polynomial_ridge,0.165,-0.000550283349501612,-0.001804447799503962,False,False
150,24,heteroskedastic_null,False,polynomial_ridge_interactions,0.18,-0.0002610017472909204,-0.0009950885892513958,False,False
150,24,clustered_null,False,polynomial_ridge,0.635,-0.0027226791621448275,-0.027508556465176158,False,False
150,24,clustered_null,False,polynomial_ridge_interactions,0.84,-0.007478359416291599,-0.012853574038598568,False,False
150,24,genuine_increment,True,polynomial_ridge,0.005,0.04368310431739236,0.032506699725063294,True,True
150,24,genuine_increment,True,polynomial_ridge_interactions,0.005,0.04179018914716527,0.03176082742695819,True,True
200,0,null_metric,False,polynomial_ridge,0.87,-0.0010586954547423394,-0.0020754212746921788,False,False
200,0,null_metric,False,polynomial_ridge_interactions,0.795,-0.0005031785762584229,-0.000988324300600339,False,False
200,0,nonlinear_proxy,False,polynomial_ridge,0.03,0.00022247507307232833,-0.00042507752338060025,False,False
200,0,nonlinear_proxy,False,polynomial_ridge_interactions,0.36,-0.00021828322536017464,-0.0002388152829584044,False,False
200,0,heteroskedastic_null,False,polynomial_ridge,0.785,-0.0007878571717174314,-0.0010023795313364814,False,False
200,0,heteroskedastic_null,False,polynomial_ridge_interactions,0.385,-5.585052169734296e-05,-0.00049778956921252,False,False
200,0,clustered_null,False,polynomial_ridge,0.325,-0.003540109446768386,-0.010454143454231212,False,False
200,0,clustered_null,False,polynomial_ridge_interactions,0.35,-0.0017141609954161724,-0.007027333244550682,False,False
200,0,genuine_increment,True,polynomial_ridge,0.005,0.04705398324908296,0.034593216842189446,True,True
200,0,genuine_increment,True,polynomial_ridge_interactions,0.005,0.048156308961574204,0.03657043797637378,True,True
200,1,null_metric,False,polynomial_ridge,0.485,0.0007804622294458226,-0.00021931235464449204,False,False
200,1,null_metric,False,polynomial_ridge_interactions,0.745,0.00015400357942706167,-0.0004774635696748262,False,False
200,1,nonlinear_proxy,False,polynomial_ridge,0.58,0.00021975408825529452,-0.00022233362527919532,False,False
200,1,nonlinear_proxy,False,polynomial_ridge_interactions,0.38,-0.00014086266614211137,-0.000160108298593807,False,False
200,1,heteroskedastic_null,False,polynomial_ridge,0.88,-0.0005239873236656933,-0.0006732568975505795,False,False
200,1,heteroskedastic_null,False,polynomial_ridge_interactions,0.745,1.913377541352089e-05,-0.0003971869816232266,False,False
200,1,clustered_null,False,polynomial_ridge,0.355,4.287637589747012e-06,-0.00667671086972913,False,False
200,1,clustered_null,False,polynomial_ridge_interactions,0.725,-0.0035991944314519367,-0.008354014338936783,False,False
200,1,genuine_increment,True,polynomial_ridge,0.005,0.049758730531301004,0.035977018177568175,True,True
200,1,genuine_increment,True,polynomial_ridge_interactions,0.005,0.048953301491914764,0.03652560860803703,True,True
200,2,null_metric,False,polynomial_ridge,0.15,-0.001859857368065796,-0.0025163632193193,False,False
200,2,null_metric,False,polynomial_ridge_interactions,0.09,-0.000683585042247279,-0.00102476992276971,False,False
200,2,nonlinear_proxy,False,polynomial_ridge,0.885,-5.5448523459903504e-05,-0.0004124723847514638,False,False
200,2,nonlinear_proxy,False,polynomial_ridge_interactions,0.305,-0.0002800004752839197,-0.00031039751748997656,False,False
200,2,heteroskedastic_null,False,polynomial_ridge,0.58,-0.0001384280329645403,-0.0009425646058104449,False,False
200,2,heteroskedastic_null,False,polynomial_ridge_interactions,0.98,6.576198852495906e-05,-0.0002174909874430462,False,False
200,2,clustered_null,False,polynomial_ridge,0.15,-0.0006495442251969775,-0.006790066639089996,False,False
200,2,clustered_null,False,polynomial_ridge_interactions,0.115,-0.00023711130700070776,-0.004372169746537037,False,False
200,2,genuine_increment,True,polynomial_ridge,0.005,0.03327002633167454,0.026411727870531414,True,True
200,2,genuine_increment,True,polynomial_ridge_interactions,0.005,0.03587435107723107,0.02610809650171128,True,True
200,3,null_metric,False,polynomial_ridge,0.62,-0.000779548425757913,-0.0017719414171435955,False,False
200,3,null_metric,False,polynomial_ridge_interactions,0.86,-0.0011439569987566726,-0.0011363458607298333,False,False
200,3,nonlinear_proxy,False,polynomial_ridge,0.715,0.00039488837760693826,-0.00019273495516410085,False,False
200,3,nonlinear_proxy,False,polynomial_ridge_interactions,0.435,0.0003816534958573769,-0.0001526721642615924,False,False
200,3,heteroskedastic_null,False,polynomial_ridge,0.24,-6.80494706688595e-05,-0.0004838239421252353,False,False
200,3,heteroskedastic_null,False,polynomial_ridge_interactions,0.125,-9.826101907198844e-05,-0.0002603449770518853,False,False
200,3,clustered_null,False,polynomial_ridge,0.755,-0.002423056009731455,-0.012916360592748057,False,False
200,3,clustered_null,False,polynomial_ridge_interactions,0.77,-3.08233903113346e-05,-0.009634102197124012,False,False
200,3,genuine_increment,True,polynomial_ridge,0.005,0.044741577017003625,0.0344494507795087,True,True
200,3,genuine_increment,True,polynomial_ridge_interactions,0.005,0.04400811338978707,0.033514668652720195,True,True
200,4,null_metric,False,polynomial_ridge,0.46,-0.0013873082895710029,-0.0019506662355139714,False,False
200,4,null_metric,False,polynomial_ridge_interactions,0.77,-0.00013908966656946825,-0.00069109911552232,False,False
200,4,nonlinear_proxy,False,polynomial_ridge,0.475,0.0002445691208769682,-0.00013998335656186352,False,False
200,4,nonlinear_proxy,False,polynomial_ridge_interactions,0.925,7.10809123966108e-05,-0.000130189506622393,False,False
200,4,heteroskedastic_null,False,polynomial_ridge,0.115,0.00010689681415170307,-0.0006392341427478796,False,False
200,4,heteroskedastic_null,False,polynomial_ridge_interactions,0.11,-7.233782882868668e-05,-0.0002841932673105757,False,False
200,4,clustered_null,False,polynomial_ridge,0.15,0.000571890179547549,-0.004260730922497851,False,False
200,4,clustered_null,False,polynomial_ridge_interactions,0.725,-0.0004953772581849196,-0.0032472102626147623,False,False
200,4,genuine_increment,True,polynomial_ridge,0.005,0.04310051213756735,0.03448668571796195,True,True
200,4,genuine_increment,True,polynomial_ridge_interactions,0.005,0.04056348369804899,0.0318111589755132,True,True
200,5,null_metric,False,polynomial_ridge,0.575,-0.00187259530038145,-0.002507278422122563,False,False
200,5,null_metric,False,polynomial_ridge_interactions,0.37,-0.0008724813474089779,-0.0010315539056424835,False,False
200,5,nonlinear_proxy,False,polynomial_ridge,0.745,-0.00016073016882409575,-0.00046772335823259866,False,False
200,5,nonlinear_proxy,False,polynomial_ridge_interactions,0.845,2.304455465320255e-05,-0.0002535817361965213,False,False
200,5,heteroskedastic_null,False,polynomial_ridge,0.095,-0.0005640249479349378,-0.0007840716248892214,False,False
200,5,heteroskedastic_null,False,polynomial_ridge_interactions,0.145,-4.359946514442305e-05,-0.00033212193738591975,False,False
200,5,clustered_null,False,polynomial_ridge,0.875,-0.0037266696249006193,-0.006993126337657646,False,False
200,5,clustered_null,False,polynomial_ridge_interactions,0.62,-0.0035112387923866457,-0.004008117936337848,False,False
200,5,genuine_increment,True,polynomial_ridge,0.005,0.04025559278682648,0.032201939864853625,True,True
200,5,genuine_increment,True,polynomial_ridge_interactions,0.005,0.03919519004598155,0.03044613391153254,True,True
200,6,null_metric,False,polynomial_ridge,0.185,-0.0007620103945728471,-0.0016383403257944202,False,False
200,6,null_metric,False,polynomial_ridge_interactions,0.19,-0.000384840976063585,-0.0008348074118604342,False,False
200,6,nonlinear_proxy,False,polynomial_ridge,0.255,-2.240783158358184e-06,-0.0005477517017185299,False,False
200,6,nonlinear_proxy,False,polynomial_ridge_interactions,0.205,8.396208661138466e-05,-0.000466362553193137,False,False
200,6,heteroskedastic_null,False,polynomial_ridge,0.185,-0.000458350678179684,-0.0007968326820621664,False,False
200,6,heteroskedastic_null,False,polynomial_ridge_interactions,0.05,-3.517673542230253e-05,-0.00046250812119306463,False,False
200,6,clustered_null,False,polynomial_ridge,0.28,-0.003150931857791854,-0.005651274545079271,False,False
200,6,clustered_null,False,polynomial_ridge_interactions,0.31,-0.0002002910865951807,-0.004738108294583467,False,False
200,6,genuine_increment,True,polynomial_ridge,0.005,0.052174235888181,0.037929838278006986,True,True
200,6,genuine_increment,True,polynomial_ridge_interactions,0.005,0.05129736360674574,0.03922434204879052,True,True
200,7,null_metric,False,polynomial_ridge,0.275,-0.001520926144807467,-0.00234134697962753,False,False
200,7,null_metric,False,polynomial_ridge_interactions,0.195,-0.0004758923780127135,-0.0008665657705389416,False,False
200,7,nonlinear_proxy,False,polynomial_ridge,0.39,-4.041510588216005e-05,-0.0003202188133286868,False,False
200,7,nonlinear_proxy,False,polynomial_ridge_interactions,0.745,-7.4308686895709075e-06,-0.0002782520274942765,False,False
200,7,heteroskedastic_null,False,polynomial_ridge,0.445,-0.0008147170207158834,-0.0008794659697937122,False,False
200,7,heteroskedastic_null,False,polynomial_ridge_interactions,0.435,-0.00020804943632980744,-0.00037120980366267526,False,False
200,7,clustered_null,False,polynomial_ridge,0.8,-0.0001358684577976374,-0.008934382755027507,False,False
200,7,clustered_null,False,polynomial_ridge_interactions,0.585,-0.0034186035406476994,-0.0076347083843665425,False,False
200,7,genuine_increment,True,polynomial_ridge,0.005,0.03718010084818282,0.02644350177615337,True,True
200,7,genuine_increment,True,polynomial_ridge_interactions,0.005,0.03588598656748601,0.02524230166904949,True,True
200,8,null_metric,False,polynomial_ridge,0.77,-0.000213359970052604,-0.0014335649097935394,False,False
200,8,null_metric,False,polynomial_ridge_interactions,0.92,-0.00034502286251877207,-0.0009216729067512452,False,False
200,8,nonlinear_proxy,False,polynomial_ridge,0.39,-0.0002840211075606832,-0.0004698360322627778,False,False
200,8,nonlinear_proxy,False,polynomial_ridge_interactions,0.215,5.394559926007875e-05,-0.00022507619427814153,False,False
200,8,heteroskedastic_null,False,polynomial_ridge,0.98,0.00011651428554975904,-0.00043153657954498855,False,False
200,8,heteroskedastic_null,False,polynomial_ridge_interactions,0.55,-2.9880754588767697e-05,-0.00023609568753682898,False,False
200,8,clustered_null,False,polynomial_ridge,0.02,-0.002660502485360771,-0.003966203143607714,False,False
200,8,clustered_null,False,polynomial_ridge_interactions,0.005,0.0005452990113693681,-0.002133982039078387,False,False
200,8,genuine_increment,True,polynomial_ridge,0.005,0.038743774849375794,0.030131380185302984,True,True
200,8,genuine_increment,True,polynomial_ridge_interactions,0.005,0.03863614313459061,0.030763699924288627,True,True
200,9,null_metric,False,polynomial_ridge,0.765,-0.0009522241658586408,-0.0023485436844681838,False,False
200,9,null_metric,False,polynomial_ridge_interactions,0.82,-0.00027866333080516295,-0.0009308634483535074,False,False
200,9,nonlinear_proxy,False,polynomial_ridge,0.615,-0.00033326365013451164,-0.0009128783900415913,False,False
200,9,nonlinear_proxy,False,polynomial_ridge_interactions,0.39,-1.701425779604155e-05,-0.0004071150074579144,False,False
200,9,heteroskedastic_null,False,polynomial_ridge,0.34,-7.470471517154534e-05,-0.0006816460745420103,False,False
200,9,heteroskedastic_null,False,polynomial_ridge_interactions,0.32,-3.5515433802698476e-05,-0.00042180142338709635,False,False
200,9,clustered_null,False,polynomial_ridge,0.02,5.180492743564295e-05,-0.003326639221939198,False,False
200,9,clustered_null,False,polynomial_ridge_interactions,0.475,-0.002919768272420067,-0.002832004069039608,False,False
200,9,genuine_increment,True,polynomial_ridge,0.005,0.0413290678532056,0.03063282197892114,True,True
200,9,genuine_increment,True,polynomial_ridge_interactions,0.005,0.04069698480638538,0.031050214560791305,True,True
200,10,null_metric,False,polynomial_ridge,0.22,-0.0002452839260102171,-0.001110616318942259,False,False
200,10,null_metric,False,polynomial_ridge_interactions,0.195,9.403689480370209e-06,-0.000523880994146354,False,False
200,10,nonlinear_proxy,False,polynomial_ridge,0.365,-0.0001728028236642901,-0.00034142341689388583,False,False
200,10,nonlinear_proxy,False,polynomial_ridge_interactions,0.465,-0.00011454441784931012,-0.0002623687675358743,False,False
200,10,heteroskedastic_null,False,polynomial_ridge,0.935,-0.0002412678173182789,-0.0007177527296550552,False,False
200,10,heteroskedastic_null,False,polynomial_ridge_interactions,0.925,-7.472245319058591e-05,-0.0003466618188981945,False,False
200,10,clustered_null,False,polynomial_ridge,0.5,-0.0027375569880227456,-0.007562823709883299,False,False
200,10,clustered_null,False,polynomial_ridge_interactions,0.97,-0.0010973228858197261,-0.004082717331550879,False,False
200,10,genuine_increment,True,polynomial_ridge,0.005,0.04344119778362243,0.035627671194031284,True,True
200,10,genuine_increment,True,polynomial_ridge_interactions,0.005,0.04330576527678145,0.03340823777711332,True,True
200,11,null_metric,False,polynomial_ridge,0.14,-0.0015220053574167107,-0.0023950318273630814,False,False
200,11,null_metric,False,polynomial_ridge_interactions,0.195,-0.00022602594029103723,-0.0009297187285300752,False,False
200,11,nonlinear_proxy,False,polynomial_ridge,0.86,-0.00033043358684568987,-0.0006682003047730658,False,False
200,11,nonlinear_proxy,False,polynomial_ridge_interactions,0.84,-8.032035363643268e-05,-0.0003638592651168501,False,False
200,11,heteroskedastic_null,False,polynomial_ridge,1.0,-0.00047496809722564516,-0.0008926832485249056,False,False
200,11,heteroskedastic_null,False,polynomial_ridge_interactions,0.845,-2.390928841044561e-05,-0.00031830735907326135,False,False
200,11,clustered_null,False,polynomial_ridge,0.37,-0.0010979691079593852,-0.006301085361409816,False,False
200,11,clustered_null,False,polynomial_ridge_interactions,0.845,-0.001031694537345279,-0.006811704368613906,False,False
200,11,genuine_increment,True,polynomial_ridge,0.005,0.03931449185605694,0.031936916385533975,True,True
200,11,genuine_increment,True,polynomial_ridge_interactions,0.005,0.040480091581953,0.031209755299107206,True,True
200,12,null_metric,False,polynomial_ridge,0.67,-0.00015044821512667436,-0.001370413646636527,False,False
200,12,null_metric,False,polynomial_ridge_interactions,0.67,-0.0006550449915467722,-0.0011066185860238872,False,False
200,12,nonlinear_proxy,False,polynomial_ridge,0.925,-4.005316772903115e-05,-0.0004061252880002925,False,False
200,12,nonlinear_proxy,False,polynomial_ridge_interactions,0.595,5.9068101374999335e-05,-0.000183766846045452,False,False
200,12,heteroskedastic_null,False,polynomial_ridge,0.035,-6.83471301076077e-05,-0.0004532230259921662,False,False
200,12,heteroskedastic_null,False,polynomial_ridge_interactions,0.14,0.0003069368435558977,-0.0002516284081754179,False,False
200,12,clustered_null,False,polynomial_ridge,0.75,-0.002201586452550027,-0.006119784463162886,False,False
200,12,clustered_null,False,polynomial_ridge_interactions,0.97,-0.0009428667656113388,-0.004919133187565717,False,False
200,12,genuine_increment,True,polynomial_ridge,0.005,0.05218002771265349,0.04189644731379108,True,True
200,12,genuine_increment,True,polynomial_ridge_interactions,0.005,0.0545682285317472,0.04060001889980315,True,True
200,13,null_metric,False,polynomial_ridge,0.64,-0.001035788220948148,-0.0017909624081395648,False,False
200,13,null_metric,False,polynomial_ridge_interactions,0.795,0.0002113293077972457,-0.0004302306615981178,False,False
200,13,nonlinear_proxy,False,polynomial_ridge,0.91,1.1863099061688517e-05,-0.0002888227436701862,False,False
200,13,nonlinear_proxy,False,polynomial_ridge_interactions,0.905,-8.735405612205448e-05,-0.00028993024858174415,False,False
200,13,heteroskedastic_null,False,polynomial_ridge,0.18,-0.0002910138055025298,-0.0005174117389999059,False,False
200,13,heteroskedastic_null,False,polynomial_ridge_interactions,0.175,-6.0359587634952264e-05,-0.0003139260167547831,False,False
200,13,clustered_null,False,polynomial_ridge,0.52,-0.00048587586776407087,-0.004433416564751472,False,False
200,13,clustered_null,False,polynomial_ridge_interactions,0.425,3.384724821558181e-05,-0.007400984148982794,False,False
200,13,genuine_increment,True,polynomial_ridge,0.005,0.031198993246640522,0.02455283398241952,True,True
200,13,genuine_increment,True,polynomial_ridge_interactions,0.005,0.03328742344016694,0.02342918466550814,True,True
200,14,null_metric,False,polynomial_ridge,0.17,-0.0006582527852385042,-0.0014911640522653434,False,False
200,14,null_metric,False,polynomial_ridge_interactions,0.21,-0.00018254693431338578,-0.0006806232548829281,False,False
200,14,nonlinear_proxy,False,polynomial_ridge,0.2,-0.0004517972575177817,-0.0007132419384949403,False,False
200,14,nonlinear_proxy,False,polynomial_ridge_interactions,0.245,4.194367487406637e-05,-0.0002903628355034014,False,False
200,14,heteroskedastic_null,False,polynomial_ridge,0.585,-0.0004405346661759558,-0.0007075800384409882,False,False
200,14,heteroskedastic_null,False,polynomial_ridge_interactions,0.29,1.4872501434148519e-05,-0.0003444552064501391,False,False
200,14,clustered_null,False,polynomial_ridge,0.03,0.0023859476824995562,-0.010169384208346864,False,False
200,14,clustered_null,False,polynomial_ridge_interactions,0.055,-0.0015235932270043773,-0.013975470645288122,False,False
200,14,genuine_increment,True,polynomial_ridge,0.005,0.045644146202200364,0.03712385408686942,True,True
200,14,genuine_increment,True,polynomial_ridge_interactions,0.005,0.045904663034542936,0.03805487705213013,True,True
200,15,null_metric,False,polynomial_ridge,0.945,-0.0005788410784908632,-0.0013002947424875838,False,False
200,15,null_metric,False,polynomial_ridge_interactions,0.96,-3.638835021355785e-05,-0.0006071741851645431,False,False
200,15,nonlinear_proxy,False,polynomial_ridge,0.21,-0.00012221936414299073,-0.00025813104800930827,False,False
200,15,nonlinear_proxy,False,polynomial_ridge_interactions,0.07,-4.3249849779729635e-05,-0.00021304818477918438,False,False
200,15,heteroskedastic_null,False,polynomial_ridge,0.52,7.72967080615505e-05,-0.00025578246556188833,False,False
200,15,heteroskedastic_null,False,polynomial_ridge_interactions,0.74,-0.00014339574376822165,-0.00042347866183650734,False,False
200,15,clustered_null,False,polynomial_ridge,0.515,-0.002500241734590982,-0.021688198885560377,False,False
200,15,clustered_null,False,polynomial_ridge_interactions,0.49,0.00011241109873712934,-0.008330651119057486,False,False
200,15,genuine_increment,True,polynomial_ridge,0.005,0.04640823726872511,0.03841272696870342,True,True
200,15,genuine_increment,True,polynomial_ridge_interactions,0.005,0.048616659464994216,0.03993565086281648,True,True
200,16,null_metric,False,polynomial_ridge,0.655,-0.000822842173571682,-0.0017100418757825726,False,False
200,16,null_metric,False,polynomial_ridge_interactions,0.28,0.000542018498940134,-0.0008089097480471307,False,False
200,16,nonlinear_proxy,False,polynomial_ridge,0.67,-4.531957551900945e-06,-0.0003496709484212284,False,False
200,16,nonlinear_proxy,False,polynomial_ridge_interactions,0.885,-0.00011206871827479457,-0.00014787799544725076,False,False
200,16,heteroskedastic_null,False,polynomial_ridge,0.63,-0.0007255741249965666,-0.0008301492004139398,False,False
200,16,heteroskedastic_null,False,polynomial_ridge_interactions,0.49,-0.0001640593692820852,-0.0003517576387472131,False,False
200,16,clustered_null,False,polynomial_ridge,0.88,-0.0022792762929618737,-0.006924817045142077,False,False
200,16,clustered_null,False,polynomial_ridge_interactions,0.865,-0.001307595073186285,-0.003855714517547013,False,False
200,16,genuine_increment,True,polynomial_ridge,0.005,0.043878391805651284,0.0337088865172915,True,True
200,16,genuine_increment,True,polynomial_ridge_interactions,0.005,0.0435022705169615,0.03336749819228047,True,True
200,17,null_metric,False,polynomial_ridge,0.23,-0.0019822594151267144,-0.0015910107548414959,False,False
200,17,null_metric,False,polynomial_ridge_interactions,0.165,-6.133220641911519e-05,-0.0007324242621903717,False,False
200,17,nonlinear_proxy,False,polynomial_ridge,0.02,-1.5480142985210485e-05,-0.00017847494550032902,False,False
200,17,nonlinear_proxy,False,polynomial_ridge_interactions,0.02,6.70858262555047e-05,-0.00010128869957311136,False,False
200,17,heteroskedastic_null,False,polynomial_ridge,0.445,-0.00026682283829098166,-0.0007750344612413253,False,False
200,17,heteroskedastic_null,False,polynomial_ridge_interactions,0.495,-7.193929323574128e-05,-0.0004156527955463538,False,False
200,17,clustered_null,False,polynomial_ridge,0.15,-0.0018174668693817925,-0.0060352587310767225,False,False
200,17,clustered_null,False,polynomial_ridge_interactions,0.8,-0.0017374886672643086,-0.00388041473000448,False,False
200,17,genuine_increment,True,polynomial_ridge,0.005,0.04264014467230176,0.03391065241980946,True,True
200,17,genuine_increment,True,polynomial_ridge_interactions,0.005,0.042734855692376145,0.03233861029980358,True,True
200,18,null_metric,False,polynomial_ridge,0.56,-0.001349904869457342,-0.0016342430449827164,False,False
200,18,null_metric,False,polynomial_ridge_interactions,0.215,-0.0007711574017752326,-0.0006781180621072682,False,False
200,18,nonlinear_proxy,False,polynomial_ridge,0.345,-0.00032954594764669776,-0.0004336498657540818,False,False
200,18,nonlinear_proxy,False,polynomial_ridge_interactions,0.53,-9.175504365983075e-05,-0.0003511686469832368,False,False
200,18,heteroskedastic_null,False,polynomial_ridge,0.575,-0.00024029716829066482,-0.0009295443823015795,False,False
200,18,heteroskedastic_null,False,polynomial_ridge_interactions,0.36,-9.068984941898797e-05,-0.00029143178483373867,False,False
200,18,clustered_null,False,polynomial_ridge,0.15,-0.0018433622440781824,-0.008629777009347615,False,False
200,18,clustered_null,False,polynomial_ridge_interactions,0.295,5.695272713523991e-05,-0.007116383806350977,False,False
200,18,genuine_increment,True,polynomial_ridge,0.005,0.045363292604734255,0.03679141851461102,True,True
200,18,genuine_increment,True,polynomial_ridge_interactions,0.005,0.04453437879579818,0.036227040179189006,True,True
200,19,null_metric,False,polynomial_ridge,0.085,-0.0003492709755770901,-0.0012631896414131327,False,False
200,19,null_metric,False,polynomial_ridge_interactions,0.085,-0.00014212703391371442,-0.0005866530725149605,False,False
200,19,nonlinear_proxy,False,polynomial_ridge,1.0,7.843532619519929e-05,-0.0003024605504764185,False,False
200,19,nonlinear_proxy,False,polynomial_ridge_interactions,0.8,7.4274154360813235e-06,-0.000256348544001173,False,False
200,19,heteroskedastic_null,False,polynomial_ridge,0.975,6.782905602639028e-05,-0.0005105531587594245,False,False
200,19,heteroskedastic_null,False,polynomial_ridge_interactions,0.86,-6.887867214276991e-05,-0.00029888967797773005,False,False
200,19,clustered_null,False,polynomial_ridge,0.235,-0.0023777817231982207,-0.006748356305080462,False,False
200,19,clustered_null,False,polynomial_ridge_interactions,0.245,-0.0003566074277724929,-0.003820412727159184,False,False
200,19,genuine_increment,True,polynomial_ridge,0.005,0.04207923586229527,0.03220564409752182,True,True
200,19,genuine_increment,True,polynomial_ridge_interactions,0.005,0.04257130238956008,0.03190299849908895,True,True
200,20,null_metric,False,polynomial_ridge,0.73,-0.0013439259518292258,-0.0014798288501779088,False,False
200,20,null_metric,False,polynomial_ridge_interactions,0.745,-0.00020137358207897652,-0.0008710185697206335,False,False
200,20,nonlinear_proxy,False,polynomial_ridge,0.155,3.748977548042286e-05,-0.00025139499471797525,False,False
200,20,nonlinear_proxy,False,polynomial_ridge_interactions,0.115,4.4666224262107646e-05,-0.0001583073061381524,False,False
200,20,heteroskedastic_null,False,polynomial_ridge,0.91,-0.0005506052393715443,-0.0010462764703845732,False,False
200,20,heteroskedastic_null,False,polynomial_ridge_interactions,0.62,-0.00022896253779891053,-0.0004599209272845711,False,False
200,20,clustered_null,False,polynomial_ridge,0.06,0.0001603117349004944,-0.004646869559729164,False,False
200,20,clustered_null,False,polynomial_ridge_interactions,0.035,0.0022069137317209803,-0.0018134737838862772,False,False
200,20,genuine_increment,True,polynomial_ridge,0.005,0.038504036909597694,0.03156833347652377,True,True
200,20,genuine_increment,True,polynomial_ridge_interactions,0.005,0.03844413654275554,0.030222470542189503,True,True
200,21,null_metric,False,polynomial_ridge,0.96,-0.0006944687477906664,-0.0015429518709513903,False,False
200,21,null_metric,False,polynomial_ridge_interactions,0.77,-0.00016272930329875798,-0.0005594931796222416,False,False
200,21,nonlinear_proxy,False,polynomial_ridge,0.8,0.00011128459624032676,-0.00021482268248018024,False,False
200,21,nonlinear_proxy,False,polynomial_ridge_interactions,0.23,2.7513705700566403e-05,-0.00022907748123972274,False,False
200,21,heteroskedastic_null,False,polynomial_ridge,0.085,-0.00012250902973248191,-0.0008227476467948487,False,False
200,21,heteroskedastic_null,False,polynomial_ridge_interactions,0.155,-0.00027380226619599067,-0.00043533000353698466,False,False
200,21,clustered_null,False,polynomial_ridge,0.29,-0.002485435887368527,-0.009040120001907967,False,False
200,21,clustered_null,False,polynomial_ridge_interactions,0.85,-0.0025261225324248286,-0.006358751806852986,False,False
200,21,genuine_increment,True,polynomial_ridge,0.005,0.038213323997232145,0.028535437605825643,True,True
200,21,genuine_increment,True,polynomial_ridge_interactions,0.005,0.03701583323257563,0.028779058718404332,True,True
200,22,null_metric,False,polynomial_ridge,0.12,-0.0008627232079290656,-0.0014214845702479777,False,False
200,22,null_metric,False,polynomial_ridge_interactions,0.115,-0.0002482368138690197,-0.0007726042600558075,False,False
200,22,nonlinear_proxy,False,polynomial_ridge,0.885,-0.0002699082521047053,-0.0005711262755522188,False,False
200,22,nonlinear_proxy,False,polynomial_ridge_interactions,0.49,-9.575344008701421e-05,-0.00021623555527609033,False,False
200,22,heteroskedastic_null,False,polynomial_ridge,0.84,-0.0005881135413727638,-0.0008678755148397356,False,False
200,22,heteroskedastic_null,False,polynomial_ridge_interactions,0.75,-0.0001296768360016156,-0.00042120356563649824,False,False
200,22,clustered_null,False,polynomial_ridge,0.12,-0.005709783418911901,-0.007569213917668253,False,False
200,22,clustered_null,False,polynomial_ridge_interactions,0.415,-0.0011510091482555725,-0.0054426282161699245,False,False
200,22,genuine_increment,True,polynomial_ridge,0.005,0.04127539366821805,0.031535826512945335,True,True
200,22,genuine_increment,True,polynomial_ridge_interactions,0.005,0.03761753570279723,0.03241749548515947,True,True
200,23,null_metric,False,polynomial_ridge,0.975,7.500562847241252e-05,-0.0016467307545176438,False,False
200,23,null_metric,False,polynomial_ridge_interactions,0.65,-6.363739010949512e-05,-0.0008931136229901696,False,False
200,23,nonlinear_proxy,False,polynomial_ridge,0.005,-9.841122772209082e-05,-0.0005063821323555111,False,False
200,23,nonlinear_proxy,False,polynomial_ridge_interactions,0.065,-0.00011536901438225378,-0.0004034993066885866,False,False
200,23,heteroskedastic_null,False,polynomial_ridge,0.175,-0.00027096484894651926,-0.0007828964222455673,False,False
200,23,heteroskedastic_null,False,polynomial_ridge_interactions,0.24,-7.660548725974773e-05,-0.0002568945047736411,False,False
200,23,clustered_null,False,polynomial_ridge,0.605,-0.0077559470480697695,-0.011441464237759378,False,False
200,23,clustered_null,False,polynomial_ridge_interactions,1.0,-0.0009013426906931549,-0.0069270368102248145,False,False
200,23,genuine_increment,True,polynomial_ridge,0.005,0.05051256144793386,0.03900728454805498,True,True
200,23,genuine_increment,True,polynomial_ridge_interactions,0.005,0.04966439134891648,0.03790493595903251,True,True
200,24,null_metric,False,polynomial_ridge,0.525,-0.0005366868313367058,-0.0014999534709757435,False,False
200,24,null_metric,False,polynomial_ridge_interactions,0.335,0.0001841505392415621,-0.00037793976229765007,False,False
200,24,nonlinear_proxy,False,polynomial_ridge,0.705,-0.0004577439954087173,-0.0005597888073917881,False,False
200,24,nonlinear_proxy,False,polynomial_ridge_interactions,0.94,-0.0001729803826367362,-0.0003447224374380771,False,False
200,24,heteroskedastic_null,False,polynomial_ridge,0.225,-0.0004943474547334618,-0.0008677228194924225,False,False
200,24,heteroskedastic_null,False,polynomial_ridge_interactions,0.335,-0.0002881036537775508,-0.00043465920862600205,False,False
200,24,clustered_null,False,polynomial_ridge,0.785,3.667009208637752e-05,-0.004681352819645605,False,False
200,24,clustered_null,False,polynomial_ridge_interactions,0.845,-0.0004070191417986039,-0.0029063545663839084,False,False
200,24,genuine_increment,True,polynomial_ridge,0.005,0.0412563189787202,0.03575403508300055,True,True
200,24,genuine_increment,True,polynomial_ridge_interactions,0.005,0.04463851725250734,0.035322058533453014,True,True
300,0,null_metric,False,polynomial_ridge,0.645,-0.0005975409302833232,-0.0010574807955345347,False,False
300,0,null_metric,False,polynomial_ridge_interactions,0.675,0.00013961418791882604,-0.0003057278252757983,False,False
300,0,nonlinear_proxy,False,polynomial_ridge,0.38,-0.0002080227186750964,-0.00025407897754569866,False,False
300,0,nonlinear_proxy,False,polynomial_ridge_interactions,0.1,-0.00016986892215999777,-0.0002329505540763669,False,False
300,0,heteroskedastic_null,False,polynomial_ridge,0.025,-0.00018338706630846406,-0.0006387854866621041,False,False
300,0,heteroskedastic_null,False,polynomial_ridge_interactions,0.12,-3.321261082836306e-05,-0.0003098111444207196,False,False
300,0,clustered_null,False,polynomial_ridge,0.325,-0.0018529883136827845,-0.0026627492210415534,False,False
300,0,clustered_null,False,polynomial_ridge_interactions,0.715,-0.0010350440640288124,-0.0027364816516556,False,False
300,0,genuine_increment,True,polynomial_ridge,0.005,0.03799249966407561,0.031665283903013604,True,True
300,0,genuine_increment,True,polynomial_ridge_interactions,0.005,0.03688122458598031,0.031489060087393474,True,True
300,1,null_metric,False,polynomial_ridge,0.445,-0.00042787765666117,-0.0009457626620562713,False,False
300,1,null_metric,False,polynomial_ridge_interactions,0.39,-7.751200528718916e-05,-0.0005122910987748443,False,False
300,1,nonlinear_proxy,False,polynomial_ridge,0.675,-0.00018063404659008318,-0.00030059736004363314,False,False
300,1,nonlinear_proxy,False,polynomial_ridge_interactions,0.35,5.8054947329773746e-05,-0.00010789649204785194,False,False
300,1,heteroskedastic_null,False,polynomial_ridge,0.315,-0.00011517859833036145,-0.0006106582732179832,False,False
300,1,heteroskedastic_null,False,polynomial_ridge_interactions,0.415,-0.00014066244238302057,-0.000198609189074685,False,False
300,1,clustered_null,False,polynomial_ridge,0.425,-0.0005743355463497836,-0.004338222382912165,False,False
300,1,clustered_null,False,polynomial_ridge_interactions,0.675,-0.00035809731513022566,-0.0029343410772354798,False,False
300,1,genuine_increment,True,polynomial_ridge,0.005,0.04147776008754662,0.033573680277636825,True,True
300,1,genuine_increment,True,polynomial_ridge_interactions,0.005,0.04108251275814802,0.031980287906646615,True,True
300,2,null_metric,False,polynomial_ridge,0.27,-0.0012891614277451661,-0.001498199499490806,False,False
300,2,null_metric,False,polynomial_ridge_interactions,0.565,-2.657913639178555e-05,-0.0006327208108291045,False,False
300,2,nonlinear_proxy,False,polynomial_ridge,0.035,-0.0002564116669468153,-0.0004336267629968945,False,False
300,2,nonlinear_proxy,False,polynomial_ridge_interactions,0.235,-4.743036054288743e-05,-0.00024627582253158246,False,False
300,2,heteroskedastic_null,False,polynomial_ridge,0.695,-0.0002485042982392528,-0.0004870728308114003,False,False
300,2,heteroskedastic_null,False,polynomial_ridge_interactions,0.62,-5.862662521527451e-05,-0.00018984892343094846,False,False
300,2,clustered_null,False,polynomial_ridge,0.855,-0.0048515771503837846,-0.005090277823306564,False,False
300,2,clustered_null,False,polynomial_ridge_interactions,0.09,-0.00014768231264107243,-0.003360334460632966,False,False
300,2,genuine_increment,True,polynomial_ridge,0.005,0.03890092136741516,0.03313043323640054,True,True
300,2,genuine_increment,True,polynomial_ridge_interactions,0.005,0.04005381106018205,0.03144731133110852,True,True
300,3,null_metric,False,polynomial_ridge,0.775,-0.0008943023495660458,-0.0011157427137491877,False,False
300,3,null_metric,False,polynomial_ridge_interactions,0.97,-0.0002136662876162168,-0.00038243117942458394,False,False
300,3,nonlinear_proxy,False,polynomial_ridge,0.14,-0.00029134246906833885,-0.00037004394093049646,False,False
300,3,nonlinear_proxy,False,polynomial_ridge_interactions,0.11,8.430831334019402e-05,-0.00021546521179559197,False,False
300,3,heteroskedastic_null,False,polynomial_ridge,0.51,-0.000169854431227464,-0.0005676068472422783,False,False
300,3,heteroskedastic_null,False,polynomial_ridge_interactions,0.99,4.2644766966125694e-05,-0.0001411225060457325,False,False
300,3,clustered_null,False,polynomial_ridge,0.75,-0.004511722521643474,-0.0055789456493083546,False,False
300,3,clustered_null,False,polynomial_ridge_interactions,0.865,-0.0034709760812946105,-0.0033859416113126805,False,False
300,3,genuine_increment,True,polynomial_ridge,0.005,0.03731527511344265,0.03020416942383302,True,True
300,3,genuine_increment,True,polynomial_ridge_interactions,0.005,0.03557397746012847,0.028463454176011975,True,True
300,4,null_metric,False,polynomial_ridge,0.575,-0.00017926771327167468,-0.0005795455739184155,False,False
300,4,null_metric,False,polynomial_ridge_interactions,0.645,-4.7800890549482e-05,-0.0003929851841709011,False,False
300,4,nonlinear_proxy,False,polynomial_ridge,0.69,-0.00041952422240913983,-0.0003977822541268953,False,False
300,4,nonlinear_proxy,False,polynomial_ridge_interactions,0.76,-0.00011044431360511097,-0.00026575181592974797,False,False
300,4,heteroskedastic_null,False,polynomial_ridge,0.025,-0.000195453769379645,-0.0005587531713787812,False,False
300,4,heteroskedastic_null,False,polynomial_ridge_interactions,0.21,-1.0921098499944853e-05,-0.00024485378836234563,False,False
300,4,clustered_null,False,polynomial_ridge,0.94,-0.0024379292943933935,-0.005276738340081014,False,False
300,4,clustered_null,False,polynomial_ridge_interactions,0.805,-0.0025979079553832447,-0.0034742807526342004,False,False
300,4,genuine_increment,True,polynomial_ridge,0.005,0.04186119838175695,0.0352563823665303,True,True
300,4,genuine_increment,True,polynomial_ridge_interactions,0.005,0.044428909428700855,0.03540264615616922,True,True
300,5,null_metric,False,polynomial_ridge,0.275,0.00042455272199894145,-5.180563049399613e-05,False,False
300,5,null_metric,False,polynomial_ridge_interactions,0.395,8.713564616392305e-05,-0.00016554578386963813,False,False
300,5,nonlinear_proxy,False,polynomial_ridge,0.635,0.00010659821995894977,-0.0002939102853169209,False,False
300,5,nonlinear_proxy,False,polynomial_ridge_interactions,0.9,-3.1754913129462825e-06,-0.00019301299924488614,False,False
300,5,heteroskedastic_null,False,polynomial_ridge,0.98,-0.000347157028062494,-0.0004949223345091322,False,False
300,5,heteroskedastic_null,False,polynomial_ridge_interactions,0.845,-2.3538146018957373e-05,-0.00017356758651117417,False,False
300,5,clustered_null,False,polynomial_ridge,0.385,-0.0013728839333277919,-0.0052099298635143645,False,False
300,5,clustered_null,False,polynomial_ridge_interactions,0.46,-0.0015002557970476074,-0.004292157362852911,False,False
300,5,genuine_increment,True,polynomial_ridge,0.005,0.03648389676801236,0.03143137535016224,True,True
300,5,genuine_increment,True,polynomial_ridge_interactions,0.005,0.03676732576557021,0.029326256686008013,True,True
300,6,null_metric,False,polynomial_ridge,0.84,-8.519324164251926e-05,-0.000674608477085862,False,False
300,6,null_metric,False,polynomial_ridge_interactions,0.76,-0.000529172948345643,-0.00042089955186030043,False,False
300,6,nonlinear_proxy,False,polynomial_ridge,0.015,4.3864455095757315e-05,-0.00021670100786491399,False,False
300,6,nonlinear_proxy,False,polynomial_ridge_interactions,0.01,0.00012756013933709967,-0.00011808117029930894,False,False
300,6,heteroskedastic_null,False,polynomial_ridge,0.515,-0.00013232781186180154,-0.0004360786649679607,False,False
300,6,heteroskedastic_null,False,polynomial_ridge_interactions,0.405,-4.9483333872921836e-05,-0.0002414682922369347,False,False
300,6,clustered_null,False,polynomial_ridge,0.08,-0.0006692523784453883,-0.002228790139225182,False,False
300,6,clustered_null,False,polynomial_ridge_interactions,0.095,-0.0001058444608644897,-0.0014506336657180497,False,False
300,6,genuine_increment,True,polynomial_ridge,0.005,0.037614652941882334,0.03085155706271045,True,True
300,6,genuine_increment,True,polynomial_ridge_interactions,0.005,0.036968969097373,0.03079235311654551,True,True
300,7,null_metric,False,polynomial_ridge,0.33,-0.00047606429040114237,-0.0009895870678157382,False,False
300,7,null_metric,False,polynomial_ridge_interactions,0.34,-4.588958455939776e-05,-0.00045755377145291644,False,False
300,7,nonlinear_proxy,False,polynomial_ridge,0.39,-0.00018281628048377133,-0.00042890550917459684,False,False
300,7,nonlinear_proxy,False,polynomial_ridge_interactions,0.285,-5.89921262233303e-05,-0.00038029849849431944,False,False
300,7,heteroskedastic_null,False,polynomial_ridge,0.105,-0.00012377141174049235,-0.0005251192476556027,False,False
300,7,heteroskedastic_null,False,polynomial_ridge_interactions,0.105,-5.908655455048005e-05,-0.00033510242999820327,False,False
300,7,clustered_null,False,polynomial_ridge,0.05,0.0004602382470925044,-0.0018602163688267585,False,False
300,7,clustered_null,False,polynomial_ridge_interactions,0.02,-0.0006660083127482085,-0.004317179476712659,False,False
300,7,genuine_increment,True,polynomial_ridge,0.005,0.05097862370875143,0.04279449324849035,True,True
300,7,genuine_increment,True,polynomial_ridge_interactions,0.005,0.050422336395605005,0.04159501204515063,True,True
300,8,null_metric,False,polynomial_ridge,0.455,-0.00036951871186659616,-0.00126550112532814,False,False
300,8,null_metric,False,polynomial_ridge_interactions,0.585,-4.781067213081511e-05,-0.00044934635351831005,False,False
300,8,nonlinear_proxy,False,polynomial_ridge,0.475,-7.53163044357897e-05,-0.00021029043333894464,False,False
300,8,nonlinear_proxy,False,polynomial_ridge_interactions,0.35,-1.9558520182154544e-05,-0.00018179929636208866,False,False
300,8,heteroskedastic_null,False,polynomial_ridge,0.34,-3.665826829142224e-05,-0.00031709963638762624,False,False
300,8,heteroskedastic_null,False,polynomial_ridge_interactions,0.15,-6.063910135823032e-05,-0.00015225710601642935,False,False
300,8,clustered_null,False,polynomial_ridge,0.025,0.0011289020163116198,-0.002675802013134559,False,False
300,8,clustered_null,False,polynomial_ridge_interactions,0.02,0.000524381129511791,-0.001751307303571097,False,False
300,8,genuine_increment,True,polynomial_ridge,0.005,0.03917448380016921,0.02943802922474812,True,True
300,8,genuine_increment,True,polynomial_ridge_interactions,0.005,0.038309689493222596,0.02941597669908096,True,True
300,9,null_metric,False,polynomial_ridge,0.915,-0.0012425899526236524,-0.0014349847846990922,False,False
300,9,null_metric,False,polynomial_ridge_interactions,0.825,-0.0002968137415527185,-0.0003545548572758449,False,False
300,9,nonlinear_proxy,False,polynomial_ridge,0.225,-2.946784709243963e-05,-0.00028178518723657846,False,False
300,9,nonlinear_proxy,False,polynomial_ridge_interactions,0.22,-0.00014368048653630623,-0.00018951721457862578,False,False
300,9,heteroskedastic_null,False,polynomial_ridge,0.64,-4.231320517272645e-05,-0.000366407961059187,False,False
300,9,heteroskedastic_null,False,polynomial_ridge_interactions,0.46,-0.00018113402751695866,-0.00029444781104697533,False,False
300,9,clustered_null,False,polynomial_ridge,0.035,-0.0017275247890425303,-0.0036478061245558673,False,False
300,9,clustered_null,False,polynomial_ridge_interactions,0.03,-0.0001560927300023121,-0.0018404463170880005,False,False
300,9,genuine_increment,True,polynomial_ridge,0.005,0.03755863725453036,0.030291037264119622,True,True
300,9,genuine_increment,True,polynomial_ridge_interactions,0.005,0.0368218800027293,0.03024975738278155,True,True
300,10,null_metric,False,polynomial_ridge,0.675,-0.0008845848336406018,-0.0011389549287146058,False,False
300,10,null_metric,False,polynomial_ridge_interactions,0.855,-0.00023826206763260388,-0.0004378183645884385,False,False
300,10,nonlinear_proxy,False,polynomial_ridge,0.7,5.0676483836135586e-05,-0.00015919045265263627,False,False
300,10,nonlinear_proxy,False,polynomial_ridge_interactions,0.69,1.0375815714088257e-06,-8.141276134357701e-05,False,False
300,10,heteroskedastic_null,False,polynomial_ridge,0.235,-0.0003613708013398449,-0.0005599698331766087,False,False
300,10,heteroskedastic_null,False,polynomial_ridge_interactions,0.33,-5.260091808912369e-05,-0.00032376008928052934,False,False
300,10,clustered_null,False,polynomial_ridge,0.48,-0.0013781024854112658,-0.004775349028891374,False,False
300,10,clustered_null,False,polynomial_ridge_interactions,0.345,0.00037676257415988207,-0.0022728834785950515,False,False
300,10,genuine_increment,True,polynomial_ridge,0.005,0.040779928005874044,0.036361230390385565,True,True
300,10,genuine_increment,True,polynomial_ridge_interactions,0.005,0.04104154348278079,0.03429301820431972,True,True
300,11,null_metric,False,polynomial_ridge,0.89,-0.0003786398892859921,-0.0010087374050405814,False,False
300,11,null_metric,False,polynomial_ridge_interactions,0.66,-8.227680293293807e-05,-0.000520173798170572,False,False
300,11,nonlinear_proxy,False,polynomial_ridge,0.37,-0.00029803671832571033,-0.0003199843059874176,False,False
300,11,nonlinear_proxy,False,polynomial_ridge_interactions,0.51,3.5996729805334166e-05,-0.00019334873746528142,False,False
300,11,heteroskedastic_null,False,polynomial_ridge,0.44,5.893582608085951e-05,-0.00023770444560242514,False,False
300,11,heteroskedastic_null,False,polynomial_ridge_interactions,0.595,5.233090432692558e-05,-0.00022298225441237895,False,False
300,11,clustered_null,False,polynomial_ridge,0.97,-0.0020145650177846273,-0.004604437282790588,False,False
300,11,clustered_null,False,polynomial_ridge_interactions,0.405,-0.00039584109582148017,-0.0027918966734682793,False,False
300,11,genuine_increment,True,polynomial_ridge,0.005,0.03869271826899398,0.03029718759416839,True,True
300,11,genuine_increment,True,polynomial_ridge_interactions,0.005,0.03768756745024282,0.030483931358252905,True,True
300,12,null_metric,False,polynomial_ridge,0.125,-0.0005347674318824866,-0.0010219543889943027,False,False
300,12,null_metric,False,polynomial_ridge_interactions,0.155,-5.772766578745342e-05,-0.0004216609421973251,False,False
300,12,nonlinear_proxy,False,polynomial_ridge,0.08,-0.0003268759093828051,-0.00028229070935186906,False,False
300,12,nonlinear_proxy,False,polynomial_ridge_interactions,0.025,-0.0001454831812617947,-0.00016639683635320351,False,False
300,12,heteroskedastic_null,False,polynomial_ridge,0.735,-0.00032278616423360527,-0.00042998733129264507,False,False
300,12,heteroskedastic_null,False,polynomial_ridge_interactions,0.775,-8.138160959228393e-05,-0.00019395817555481468,False,False
300,12,clustered_null,False,polynomial_ridge,0.555,-0.0008541726666297621,-0.004415491282005997,False,False
300,12,clustered_null,False,polynomial_ridge_interactions,0.805,-0.0007554977794865352,-0.0022736265651033764,False,False
300,12,genuine_increment,True,polynomial_ridge,0.005,0.038951431169022284,0.031175494521125623,True,True
300,12,genuine_increment,True,polynomial_ridge_interactions,0.005,0.03730733234070552,0.03184801905087301,True,True
300,13,null_metric,False,polynomial_ridge,0.465,-0.001742148880711815,-0.0018410280290953212,False,False
300,13,null_metric,False,polynomial_ridge_interactions,0.56,-0.00022542232479692836,-0.0007091691403519238,False,False
300,13,nonlinear_proxy,False,polynomial_ridge,0.25,-0.0001952269130962728,-0.00032145419713961696,False,False
300,13,nonlinear_proxy,False,polynomial_ridge_interactions,0.465,-0.00016284147356853025,-0.0002985559871089611,False,False
300,13,heteroskedastic_null,False,polynomial_ridge,0.865,-0.0004533784757959434,-0.0007078179956512553,False,False
300,13,heteroskedastic_null,False,polynomial_ridge_interactions,0.97,-0.00013998765263527682,-0.00024377418790086697,False,False
300,13,clustered_null,False,polynomial_ridge,0.41,-0.00026527515654796094,-0.004652687095138482,False,False
300,13,clustered_null,False,polynomial_ridge_interactions,0.19,-0.00039086674006804864,-0.0031366439694040927,False,False
300,13,genuine_increment,True,polynomial_ridge,0.005,0.04330483074734395,0.03564902368446082,True,True
300,13,genuine_increment,True,polynomial_ridge_interactions,0.005,0.043748788320522904,0.03507666166243808,True,True
300,14,null_metric,False,polynomial_ridge,0.55,-0.000382434991217942,-0.0011364410889747102,False,False
300,14,null_metric,False,polynomial_ridge_interactions,0.85,-0.0005249011158789292,-0.0005869066336465492,False,False
300,14,nonlinear_proxy,False,polynomial_ridge,0.665,-0.0002109816756192453,-0.00020585339593500202,False,False
300,14,nonlinear_proxy,False,polynomial_ridge_interactions,0.64,-2.2304141436006036e-05,-0.0001701624159462815,False,False
300,14,heteroskedastic_null,False,polynomial_ridge,0.305,-0.00017489671168254353,-0.0004163018308481948,False,False
300,14,heteroskedastic_null,False,polynomial_ridge_interactions,0.435,-7.875746600612306e-05,-0.0003325742498150802,False,False
300,14,clustered_null,False,polynomial_ridge,0.45,-0.001916744323965356,-0.003587762825826488,False,False
300,14,clustered_null,False,polynomial_ridge_interactions,0.355,-0.0005913737890338479,-0.0026671137745853174,False,False
300,14,genuine_increment,True,polynomial_ridge,0.005,0.04320371354979945,0.03420861024233637,True,True
300,14,genuine_increment,True,polynomial_ridge_interactions,0.005,0.04160400437165075,0.03385204221026286,True,True
300,15,null_metric,False,polynomial_ridge,0.12,-0.0006005620509272752,-0.000593854448238709,False,False
300,15,null_metric,False,polynomial_ridge_interactions,0.385,-0.00028922277069225524,-0.0004453610497101758,False,False
300,15,nonlinear_proxy,False,polynomial_ridge,0.215,-4.530153113936879e-05,-0.00033361301621547267,False,False
300,15,nonlinear_proxy,False,polynomial_ridge_interactions,0.345,-2.7458574446352635e-05,-0.0001704673743323715,False,False
300,15,heteroskedastic_null,False,polynomial_ridge,0.4,-0.000609582184822488,-0.0006407780339126976,False,False
300,15,heteroskedastic_null,False,polynomial_ridge_interactions,0.53,-0.00011936863283121268,-0.00025803396120447307,False,False
300,15,clustered_null,False,polynomial_ridge,0.24,-0.00027890812944109285,-0.002210427845668495,False,False
300,15,clustered_null,False,polynomial_ridge_interactions,0.1,9.891418228503979e-05,-0.0010966094179346317,False,False
300,15,genuine_increment,True,polynomial_ridge,0.005,0.03569906555441497,0.026860807870756488,True,True
300,15,genuine_increment,True,polynomial_ridge_interactions,0.005,0.03487327587607454,0.02658563434433359,True,True
300,16,null_metric,False,polynomial_ridge,0.055,-0.0006269750689481338,-0.001064879633447056,False,False
300,16,null_metric,False,polynomial_ridge_interactions,0.055,-5.071033376155554e-05,-0.00044693672041927306,False,False
300,16,nonlinear_proxy,False,polynomial_ridge,0.89,-7.418481423094626e-05,-0.0002897143052732105,False,False
300,16,nonlinear_proxy,False,polynomial_ridge_interactions,0.795,0.00022875573750356058,-0.00012150984509327187,False,False
300,16,heteroskedastic_null,False,polynomial_ridge,0.43,-0.0003532719970270274,-0.0006002983150897732,False,False
300,16,heteroskedastic_null,False,polynomial_ridge_interactions,0.595,-9.383099468564422e-05,-0.00025424501447003504,False,False
300,16,clustered_null,False,polynomial_ridge,0.57,-0.0030192371388871563,-0.003424902168258664,False,False
300,16,clustered_null,False,polynomial_ridge_interactions,0.425,-0.0006662977440683379,-0.002342606183933185,False,False
300,16,genuine_increment,True,polynomial_ridge,0.005,0.03814635344410802,0.030530435960050385,True,True
300,16,genuine_increment,True,polynomial_ridge_interactions,0.005,0.037158768379733156,0.03123923725126637,True,True
300,17,null_metric,False,polynomial_ridge,0.43,-0.00028064476597681673,-0.001250736407010652,False,False
300,17,null_metric,False,polynomial_ridge_interactions,0.815,-6.0942436913239556e-05,-0.0004881341698326828,False,False
300,17,nonlinear_proxy,False,polynomial_ridge,0.46,-2.5036092526959167e-05,-0.0003080363941116609,False,False
300,17,nonlinear_proxy,False,polynomial_ridge_interactions,0.505,-0.0001367060213770671,-0.00016266652333813761,False,False
300,17,heteroskedastic_null,False,polynomial_ridge,0.345,-0.0003654514690800076,-0.0005023369770145962,False,False
300,17,heteroskedastic_null,False,polynomial_ridge_interactions,0.765,-6.065390908268232e-05,-0.00016738172217783397,False,False
300,17,clustered_null,False,polynomial_ridge,0.66,-0.001115625292751844,-0.0024206047525754336,False,False
300,17,clustered_null,False,polynomial_ridge_interactions,0.85,-0.0018832436933544881,-0.0016134549245820963,False,False
300,17,genuine_increment,True,polynomial_ridge,0.005,0.033297525856402464,0.027248851505724512,True,True
300,17,genuine_increment,True,polynomial_ridge_interactions,0.005,0.03329054128363949,0.02636253084757419,True,True
300,18,null_metric,False,polynomial_ridge,1.0,-0.000700632563565954,-0.001174868978462524,False,False
300,18,null_metric,False,polynomial_ridge_interactions,0.79,-0.00016285547164820655,-0.0004149050594326375,False,False
300,18,nonlinear_proxy,False,polynomial_ridge,0.56,0.00014576710159720004,-0.0002443634001260515,False,False
300,18,nonlinear_proxy,False,polynomial_ridge_interactions,0.415,-0.00012861447118514037,-0.00019470854595531804,False,False
300,18,heteroskedastic_null,False,polynomial_ridge,0.64,-0.0005698876350056989,-0.0006189668607221307,False,False
300,18,heteroskedastic_null,False,polynomial_ridge_interactions,0.725,-0.000236170092639024,-0.00021944006714300852,False,False
300,18,clustered_null,False,polynomial_ridge,0.61,-0.0032259836818348438,-0.006064098707892305,False,False
300,18,clustered_null,False,polynomial_ridge_interactions,0.45,-0.0015721661777167231,-0.005165031088069454,False,False
300,18,genuine_increment,True,polynomial_ridge,0.005,0.04418470854661679,0.03711486006055099,True,True
300,18,genuine_increment,True,polynomial_ridge_interactions,0.005,0.04298588883584755,0.03562076859368091,True,True
300,19,null_metric,False,polynomial_ridge,0.51,-0.0006916491682554954,-0.0010700436640675068,False,False
300,19,null_metric,False,polynomial_ridge_interactions,0.41,-0.000274455655043665,-0.0005203687903845049,False,False
300,19,nonlinear_proxy,False,polynomial_ridge,0.385,1.4438181230765935e-05,-0.0002668700319544616,False,False
300,19,nonlinear_proxy,False,polynomial_ridge_interactions,0.83,-1.8709725248968086e-05,-0.00018664108109779008,False,False
300,19,heteroskedastic_null,False,polynomial_ridge,0.7,-0.00033287358708234717,-0.0005498789828215442,False,False
300,19,heteroskedastic_null,False,polynomial_ridge_interactions,0.705,-1.803556563611912e-05,-0.00021771930740417553,False,False
300,19,clustered_null,False,polynomial_ridge,0.115,-0.0003505512945592634,-0.0034292519887196464,False,False
300,19,clustered_null,False,polynomial_ridge_interactions,0.435,-0.00044044355433914273,-0.002737966010088618,False,False
300,19,genuine_increment,True,polynomial_ridge,0.005,0.04969036068313143,0.04053412406298348,True,True
300,19,genuine_increment,True,polynomial_ridge_interactions,0.005,0.049032575399309976,0.04180054493371891,True,True
300,20,null_metric,False,polynomial_ridge,0.79,-0.00023171858659438993,-0.0010772418805850372,False,False
300,20,null_metric,False,polynomial_ridge_interactions,0.68,-0.00012059706783005761,-0.00042926773172245085,False,False
300,20,nonlinear_proxy,False,polynomial_ridge,0.855,-0.00018836806731862242,-0.0002558025167359051,False,False
300,20,nonlinear_proxy,False,polynomial_ridge_interactions,0.76,-6.895305144338955e-05,-0.00013264876959268637,False,False
300,20,heteroskedastic_null,False,polynomial_ridge,0.695,-0.000139712816111681,-0.0004501492712831325,False,False
300,20,heteroskedastic_null,False,polynomial_ridge_interactions,0.795,-0.00012501118867542203,-0.0001783986450532224,False,False
300,20,clustered_null,False,polynomial_ridge,0.965,-0.0021328231744752735,-0.003438405080398187,False,False
300,20,clustered_null,False,polynomial_ridge_interactions,0.935,-0.0008075904189695574,-0.0025466109757146613,False,False
300,20,genuine_increment,True,polynomial_ridge,0.005,0.04195208557645,0.03446574459429052,True,True
300,20,genuine_increment,True,polynomial_ridge_interactions,0.005,0.04175294578915292,0.03477302024584722,True,True
300,21,null_metric,False,polynomial_ridge,0.585,-0.00021919189278918685,-0.0010049240135445296,False,False
300,21,null_metric,False,polynomial_ridge_interactions,0.825,-0.00025854418958818487,-0.0003983667971746912,False,False
300,21,nonlinear_proxy,False,polynomial_ridge,0.88,-0.0002929553827387722,-0.0005619675562193539,False,False
300,21,nonlinear_proxy,False,polynomial_ridge_interactions,0.835,-6.32424918552716e-05,-0.00021145899365638637,False,False
300,21,heteroskedastic_null,False,polynomial_ridge,0.9,-0.00034569311411922904,-0.0005368296190682026,False,False
300,21,heteroskedastic_null,False,polynomial_ridge_interactions,0.76,-6.552762432230665e-05,-0.0002727379141371238,False,False
300,21,clustered_null,False,polynomial_ridge,0.92,-0.003909612062485926,-0.006642217519130114,False,False
300,21,clustered_null,False,polynomial_ridge_interactions,0.545,-0.0001143891924904536,-0.003008850602402654,False,False
300,21,genuine_increment,True,polynomial_ridge,0.005,0.04305020651301185,0.03635663677469874,True,True
300,21,genuine_increment,True,polynomial_ridge_interactions,0.005,0.042214213035869724,0.03576625530006481,True,True
300,22,null_metric,False,polynomial_ridge,0.43,-0.0007279840708663415,-0.001461758765883247,False,False
300,22,null_metric,False,polynomial_ridge_interactions,0.715,-8.531628250154147e-05,-0.0005033378980536509,False,False
300,22,nonlinear_proxy,False,polynomial_ridge,0.87,-0.00019069587138882248,-0.0002700116216681438,False,False
300,22,nonlinear_proxy,False,polynomial_ridge_interactions,0.605,-9.998209134758768e-07,-0.00013341749724229623,False,False
300,22,heteroskedastic_null,False,polynomial_ridge,0.035,-0.0001579424245492702,-0.0004440676737223014,False,False
300,22,heteroskedastic_null,False,polynomial_ridge_interactions,0.05,2.5075908398284816e-05,-0.0002592137685024861,False,False
300,22,clustered_null,False,polynomial_ridge,0.47,-0.0021763796181556577,-0.0035240768310515432,False,False
300,22,clustered_null,False,polynomial_ridge_interactions,0.425,-0.0002934524257114379,-0.0023099620814923047,False,False
300,22,genuine_increment,True,polynomial_ridge,0.005,0.03655499534580149,0.030969731213819626,True,True
300,22,genuine_increment,True,polynomial_ridge_interactions,0.005,0.0379655025176889,0.031003760222813176,True,True
300,23,null_metric,False,polynomial_ridge,0.675,-0.0008306937545808357,-0.0012099781345540786,False,False
300,23,null_metric,False,polynomial_ridge_interactions,0.42,-0.00020600009092745092,-0.00040555241270612985,False,False
300,23,nonlinear_proxy,False,polynomial_ridge,0.925,-7.774756082315221e-05,-0.00027649101652666103,False,False
300,23,nonlinear_proxy,False,polynomial_ridge_interactions,0.905,-0.00014977288974010652,-0.00029210074978066876,False,False
300,23,heteroskedastic_null,False,polynomial_ridge,0.875,-0.00014407843106139726,-0.00044193477817687017,False,False
300,23,heteroskedastic_null,False,polynomial_ridge_interactions,0.965,-3.0097721441591993e-05,-0.0001538578646910193,False,False
300,23,clustered_null,False,polynomial_ridge,0.055,-0.003058459508381621,-0.0032343819338126584,False,False
300,23,clustered_null,False,polynomial_ridge_interactions,0.105,0.00036800207168807136,-0.0016881202606021809,False,False
300,23,genuine_increment,True,polynomial_ridge,0.005,0.041605232445615974,0.0345282379261939,True,True
300,23,genuine_increment,True,polynomial_ridge_interactions,0.005,0.040718088930907836,0.033553479023505646,True,True
300,24,null_metric,False,polynomial_ridge,0.5,-0.00026237265392312775,-0.001107610590440777,False,False
300,24,null_metric,False,polynomial_ridge_interactions,0.34,-0.0004982786558160104,-0.00039826846946695133,False,False
300,24,nonlinear_proxy,False,polynomial_ridge,0.145,1.2296579988340522e-05,-0.00014943013305827803,False,False
300,24,nonlinear_proxy,False,polynomial_ridge_interactions,0.12,-1.7438070867330062e-05,-3.9731498192453704e-05,False,False
300,24,heteroskedastic_null,False,polynomial_ridge,0.46,-0.00023616869651290132,-0.000475537274651996,False,False
300,24,heteroskedastic_null,False,polynomial_ridge_interactions,0.375,-0.0001073117176797582,-0.0001825706989218377,False,False
300,24,clustered_null,False,polynomial_ridge,0.205,-0.0006222377130804362,-0.003585947955469669,False,False
300,24,clustered_null,False,polynomial_ridge_interactions,0.52,-0.000862099957932818,-0.0032600855085623847,False,False
300,24,genuine_increment,True,polynomial_ridge,0.005,0.05383240967793222,0.04410229190291807,True,True
300,24,genuine_increment,True,polynomial_ridge_interactions,0.005,0.05275153989787017,0.044254899807979274,True,True
